tree
version=v4
num_class=1
num_tree_per_iteration=1
label_index=0
max_feature_idx=36
objective=regression
feature_names=settlement_period hour minute day_of_week month is_weekend is_holiday period_sin period_cos month_sin month_cos lead_hours temperature_2m apparent_temperature relative_humidity_2m wind_speed_10m shortwave_radiation cloud_cover precipitation hdd cdd temp_mean_24h temp_mean_72h temp_delta_6h temp_delta_24h temp_mean_fwd_12h temp_mean_fwd_24h temp_anom_7d temp_anom_seasonal hdd_sum_24h hdd_sum_72h cdd_sum_24h cdd_sum_72h cold_frac_72h hot_frac_72h demand_lag_48 demand_lag_336
feature_infos=[1:50] [0:23] [0:30] [0:6] [1:12] [0:1] [0:1] [-1:1] [-1:1] [-1:1] [-1:1] [0:168] [-6:31.600000000000001] [-9.5250000000000004:33.700000000000003] [19.75:103.25] [0.875:43.625] [-0.5:963.75] [0:100] [0:4.5750000000000002] [0:21.5] [0:16.100000000000001] [-3.1416666666666662:26.550000000000001] [-2.2100694444444446:25.909635416666667] [-14.387500000000003:14.449999999999999] [-10.637500000000001:12.85] [-4.8390624999999998:29.322916666666668] [-3.1416666666666662:26.550000000000001] [-10.398921130952381:13.579203869047621] [-13.456818181818182:13.476149425287357] [0:894.80000000000007] [0:2550.25] [0:530.40000000000009] [0:1498.9875000000002] [0:1] [0:1] [12621:47319] [12621:47319]
tree_sizes=1902 1926 1943 1942 1942 1943 1931 1932 1948 1931 1940 1939 1959 1962 1943 1933 1934 1949 1929 1936 1931 1949 1935 1953 1937 1934 1940 1949 1946 1956 1924 1933 1951 1950 1937 1938 1950 1927 1943 1942 1926 1932 1939 1938 1951 1935 1928 1927 1921 1941 1936 1949 1942 1935 1950 1944 1945 1935 1941 1937 1937 1948 1951 1946 1933 1929 1936 1948 1937 1926 1942 1952 1947 1945 1934 1934 1923 1939 1931 1945 1940 1930 1940 1939 1940 1926 1915 1923 1934 1936 1943 1936 1931 1940 1934 1929 1933 1949 1939 1940 1932 1923 1927 1946 1916 1942 1904 1949 1940 1959 1954 1919 1947 1942 1946 1966 1951 1943 1949 1941 1948 1943 1940 1945 1929 1948 1950 1924 1931 1944 1928 1935 1953 1945 1949 1938 1937 1961 1956 1940 1937 1949 1951 1936 1954 1933 1947 1939 1953 1932 1943 1946 1947 1948 1959 1950 1939 1940 1932 1949 1942 1942 1952 1943 1949 1943 1941 1939 1948 1935 1954 1960 1949 1959 1944 1928 1943 1921 1946 1936 1943 1947 1940 1939 1939 1946 1943 1934 1934 1931 1951 1900 1940 1958 1932 1949 1924 1945 1957 1940 1949 1928 1944 1941 1927 1927 1948 1930 1938 1928 1952 1932 1955 1916 1947 1957 1936 1937 1918 1932 1945 1940 1938 1932 1954 1948 1938 1946 1938 1947 1934 1944 1925 1939 1932 1934 1950 1933 1941 1940 1934 1901 1947 1944 1943 1948 1941 1941 1929 1932 1945 1956 1937 1939 1944 1939 1927 1939 1931 1933 1935 1942 1923 1960 1929 1924 1932 1938 1964 1929 1929 1936 1950 1944 1937 1940 1947 1938 1946 1914 1920 1928 1953 1920 1928 1921 1938 1937 1931 1915 1933 1927 1943 1940 1931 1940 1951 1927 1902 1914 1932 1947 1935 1921 1930 1947 1906 1946 1928 1936 1928 1944 1924 1921 1902 1960 1928 1918 1898 1942 1924 1940 1932 1918 1933 1918 1934 1923 1917 1940 1944 1925 1940 1934 1930 1914 1893 1897 1938 1937 1957 1932 1926 1962 1936 1912 1911 1944 1927 1924 1928 1904 1936 1912 1928 1954 1936 1888 1918 1934 1917 1934 1931 1927 1915 1920 1921 1903 1919 1932 1940 1939 1942 1923 1927 1910 1899 1877 1936 1927 1934 1905 1958 1934 1931 1925 1924 1923 1943 1940 1943 1922 1930 1940 1948 1946 1921 1933 1919 1917 1926 1919 1947 1898 1947 1916 1941 1910 1932 1892 1911 1922 1932 1922 1936 1893 1915 1928 1913 1917 1957 1907 1926 1917 1876 1910 1905 1923 1897 1924 1877 1946 1932 1923 1934 1928 1908 1919 1913 1912 1925 1931 1899 1925 1904 1933 1881 1915 1942 1929

Tree=0
num_leaves=19
num_cat=0
split_feature=36 36 36 36 36 36 10 19 22 16 7 26 16 22 33 22 16 0
split_gain=7.71556e+12 1.26372e+12 7.78831e+11 2.00582e+11 1.69726e+11 1.55909e+11 9.35117e+10 7.45884e+10 4.6698e+10 4.25824e+10 3.63318e+10 3.62014e+10 3.37818e+10 3.13974e+10 3.06892e+10 2.98861e+10 2.82613e+10 2.66051e+10
threshold=28558.500000000004 22676.500000000004 32536.500000000004 25864.500000000004 20281.000000000004 36853.500000000007 0.25000000000000017 8.4687500000000018 3.5196614583333337 394.31250000000006 -0.89495246814786256 4.5654947916666675 309.56250000000006 9.0492187500000032 0.78819444444444453 5.9216579861111116 184.68750000000003 14.500000000000002
decision_type=2 2 2 2 2 2 2 2 2 2 2 2 2 2 2 2 2 2
left_child=1 4 6 11 13 7 12 16 -8 -5 -7 -3 -2 -1 -9 -6 -4 -10
right_child=2 3 5 9 15 10 8 14 17 -11 -12 -13 -14 -15 -16 -17 -18 -19
leaf_value=26050.384440868733 26220.287324399211 26157.988018067314 26315.852962397148 26171.155285000121 26109.472917343053 26439.115225284691 26346.760513101235 26351.496747283472 26175.88593154585 26103.812324618677 26383.72095444021 26101.523879142129 26146.927995583235 25993.362433189468 26420.811652320124 26048.788069434788 26232.999231602393 26266.024307100361
leaf_weight=5618 17145 6522 17492 46741 4648 11800 3678 11486 1883 5539 13264 73230 4103 54478 4767 54080 2479 20847
leaf_count=5618 17145 6522 17492 46741 4648 11800 3678 11486 1883 5539 13264 73230 4103 54478 4767 54080 2479 20847
internal_value=26150.2 26080.2 26311.6 26129.1 26025.8 26365.8 26242 26335.3 26270.8 26164 26409.8 26106.1 26206.1 25998.7 26371.8 26053.6 26305.6 26258.6
internal_weight=359800 250856 108944 132032 118824 61288 47656 36224 26408 52280 25064 79752 21248 60096 16253 58728 19971 22730
internal_count=359800 250856 108944 132032 118824 61288 47656 36224 26408 52280 25064 79752 21248 60096 16253 58728 19971 22730
is_linear=0
shrinkage=1


Tree=1
num_leaves=19
num_cat=0
split_feature=36 36 36 36 36 36 10 29 26 16 29 25 16 16 25 0 0 4
split_gain=7.36525e+12 1.20634e+12 7.44165e+11 1.91783e+11 1.62621e+11 1.28157e+11 1.02441e+11 7.34419e+10 5.05737e+10 4.44606e+10 3.84793e+10 3.61438e+10 3.5568e+10 3.38671e+10 3.13398e+10 3.1259e+10 2.86522e+10 3.55228e+10
threshold=28558.500000000004 22676.500000000004 32952.500000000007 25622.500000000004 19785.500000000004 37273.500000000007 0.25000000000000017 487.23125000000005 2.5639322916666671 394.31250000000006 431.99375000000003 5.2752604166666677 289.81250000000006 164.68750000000003 5.9622395833333339 14.500000000000002 12.500000000000002 1.5000000000000002
decision_type=2 2 2 2 2 2 2 2 2 2 2 2 2 2 2 2 2 2
left_child=1 4 6 11 -1 7 12 13 -8 16 -6 -3 -2 -4 -7 -10 -5 -18
right_child=2 3 5 9 10 14 8 -9 15 -11 -12 -13 -14 -15 -16 -17 17 -19
leaf_value=-153.81531091789356 72.533221466287287 -1.4067205230678976 174.02075517748332 -25.695894800448205 -104.84369343859926 286.63702025443746 217.76688781157912 233.80777140701346 26.771089725251489 -47.196492605921563 -48.082995517790089 -51.060798036545059 1.6424475428599212 89.996014368876288 232.02584307996693 120.33043453078034 102.01456585624997 18.951380211839176
leaf_weight=48672 17607 8770 20209 6976 63155 10523 2684 11859 2039 6263 6997 65302 4737 2892 11709 24685 2904 41817
leaf_count=48672 17607 8770 20209 6976 63155 10523 2684 11859 2039 6263 6997 65302 4737 2892 11709 24685 2904 41817
internal_value=2.84983e-07 -68.4742 157.67 -20.6981 -121.561 214.765 94.5722 187.351 122.736 10.5917 -99.1823 -45.1818 57.5041 163.502 257.875 113.192 17.5926 24.3452
internal_weight=359800 250856 108944 132032 118824 57192 51752 34960 29408 57960 70152 74072 22344 23101 22232 26724 51697 44721
internal_count=359800 250856 108944 132032 118824 57192 51752 34960 29408 57960 70152 74072 22344 23101 22232 26724 51697 44721
is_linear=0
shrinkage=0.0229654


Tree=2
num_leaves=19
num_cat=0
split_feature=35 35 35 35 35 35 3 35 3 3 0 3 3 3 35 3 35 3
split_gain=7.19235e+12 1.1605e+12 9.58683e+11 1.81753e+11 1.57284e+11 1.21144e+11 9.62796e+10 7.85279e+10 6.30502e+10 6.3011e+10 6.53215e+10 6.14606e+10 5.45705e+10 3.78333e+10 2.57977e+10 2.35685e+10 2.27098e+10 2.21508e+10
threshold=28354.500000000004 22890.500000000004 33403.500000000007 37846.000000000007 25373.500000000004 20345.500000000004 1.0000000180025095e-35 30494.500000000004 1.0000000180025095e-35 3.5000000000000004 12.500000000000002 1.5000000000000002 1.0000000180025095e-35 4.5000000000000009 40221.000000000007 3.5000000000000004 26490.500000000004 1.0000000180025095e-35
decision_type=2 2 2 2 2 2 2 2 2 2 2 2 2 2 2 2 2 2
left_child=1 5 6 13 12 9 -2 -8 -6 10 -1 -7 -3 17 -5 -14 -10 -4
right_child=2 4 3 14 8 11 7 -9 16 -11 -12 -13 15 -15 -16 -17 -18 -19
leaf_value=-146.86677372664306 171.95057338140356 10.64536456769112 261.42488621491111 261.44884054302241 74.973518845345026 -57.997572846277528 50.736889926445556 107.12094915515179 -18.590432443459406 -169.4496338590819 -84.113030993482042 -109.53204428552648 -37.583218997099351 152.13533432857622 317.90125066468727 -67.692101661350932 11.654560334521067 199.0111697842658
leaf_weight=22176 6584 8248 3456 11064 6496 16568 26224 25888 22192 24920 14448 46352 27288 8768 6952 27560 31936 22680
leaf_count=22176 6584 8248 3456 11064 6496 16568 26224 25888 22192 24920 14448 46352 27288 8768 6952 27560 31936 22680
internal_value=1.06686e-08 -68.8582 153.11 223.993 -19.0486 -118.37 89.2019 78.7471 7.36786 -141.279 -122.111 -95.9621 -44.4301 193.416 283.233 -52.7123 -0.745618 207.264
internal_weight=359800 248184 111616 52920 123720 124464 58696 52112 60624 61544 36624 62920 63096 34904 18016 54848 54128 26136
internal_count=359800 248184 111616 52920 123720 124464 58696 52112 60624 61544 36624 62920 63096 34904 18016 54848 54128 26136
is_linear=0
shrinkage=0.0229654


Tree=3
num_leaves=19
num_cat=0
split_feature=35 35 35 36 36 35 36 35 36 35 36 3 3 35 36 3 3 3
split_gain=6.86614e+12 1.08651e+12 9.41285e+11 2.06302e+11 1.86659e+11 1.73555e+11 1.28245e+11 6.58364e+10 4.61943e+10 4.12493e+10 3.90057e+10 3.49566e+10 3.37444e+10 3.16161e+10 2.93956e+10 2.72793e+10 2.40612e+10 2.1995e+10
threshold=28274.500000000004 22711.500000000004 33403.500000000007 26594.500000000004 21306.500000000004 37475.500000000007 30145.500000000004 25257.500000000004 31379.500000000004 20152.500000000004 27094.500000000004 1.0000000180025095e-35 3.5000000000000004 39830.500000000007 26944.500000000004 3.5000000000000004 4.5000000000000009 4.5000000000000009
decision_type=2 2 2 2 2 2 2 2 2 2 2 2 2 2 2 2 2 2
left_child=1 4 6 7 9 12 14 15 -5 16 -6 -8 -4 -7 -2 -3 -1 -11
right_child=2 3 5 8 10 13 11 -9 -10 17 -12 -13 -14 -15 -16 -17 -18 -19
leaf_value=-141.94644097918177 25.127234636630394 -40.467462138812571 204.72070811698489 13.859670159526532 -89.189067795503391 247.37296580544972 172.40807452442766 -15.790819708772393 88.985269114012667 -100.19019889122076 -12.705799905897125 108.66288862059329 156.7545564430747 305.21241148114655 71.071048270494913 -73.348900786643654 -177.60392473646934 -140.51091641922849
leaf_weight=25384 11640 27600 19312 33288 45984 12344 5656 35032 4960 14408 3808 22936 12904 8360 19904 25696 16448 14136
leaf_count=25384 11640 27600 19312 33288 45984 12344 5656 35032 4960 14408 3808 22936 12904 8360 19904 25696 16448 14136
internal_value=1.05823e-07 -67.9084 148.21 -20.9529 -117.368 218.849 86.0468 -40.2461 23.602 -141.443 -83.3398 121.273 185.508 270.728 54.1174 -56.3208 -155.967 -120.158
internal_weight=359800 246744 113056 126576 120168 52920 60136 88328 38248 70376 49792 28592 32216 20704 31544 53296 41832 28544
internal_count=359800 246744 113056 126576 120168 52920 60136 88328 38248 70376 49792 28592 32216 20704 31544 53296 41832 28544
is_linear=0
shrinkage=0.0229654


Tree=4
num_leaves=19
num_cat=0
split_feature=35 35 35 35 35 35 3 35 3 0 3 3 3 3 35 3 3 35
split_gain=6.55483e+12 1.0583e+12 8.73384e+11 1.65962e+11 1.36368e+11 1.20106e+11 8.84132e+10 7.37171e+10 6.15204e+10 6.49313e+10 5.69923e+10 5.50499e+10 5.24831e+10 3.50142e+10 2.41107e+10 2.22566e+10 2.10118e+10 2.09406e+10
threshold=28354.500000000004 23008.500000000004 33403.500000000007 37846.000000000007 25661.500000000004 20647.500000000004 1.0000000180025095e-35 30377.500000000004 3.5000000000000004 12.500000000000002 1.0000000180025095e-35 1.5000000000000002 1.0000000180025095e-35 4.5000000000000009 41270.500000000007 3.5000000000000004 1.0000000180025095e-35 35774.500000000007
decision_type=2 2 2 2 2 2 2 2 2 2 2 2 2 2 2 2 2 2
left_child=1 5 6 13 10 8 -2 -8 9 -1 -3 -7 -6 16 -5 -12 -4 -18
right_child=2 4 3 14 12 11 7 -9 -10 -11 15 -13 -14 -15 -16 -17 17 -19
leaf_value=-137.83447544189775 164.46421719077904 15.922673731510114 250.67657807670992 256.05559453350907 77.095418012472948 -50.2904411280049 46.669838313715971 101.34605361596923 -158.52906631588465 -78.264034066062493 -32.745729041160523 -101.01106095508317 2.5205360721045182 144.89154522866355 319.53154066914141 -61.062602199624202 169.6958820713825 214.00432126441999
leaf_weight=24504 6584 8720 3456 13936 5552 15264 24968 27144 28288 15920 29064 43304 48072 8768 4080 29496 12344 10336
leaf_count=24504 6584 8720 3456 13936 5552 15264 24968 27144 28288 15920 29064 43304 48072 8768 4080 29496 12344 10336
internal_value=1.10268e-08 -65.7356 146.167 213.823 -17.0778 -111.956 85.168 75.1495 -132.552 -114.374 -38.8522 -87.7922 10.2417 184.604 270.431 -47.0086 197.927 189.889
internal_weight=359800 248184 111616 52920 120904 127280 58696 52112 68712 40424 67280 58568 53624 34904 18016 58560 26136 22680
internal_count=359800 248184 111616 52920 120904 127280 58696 52112 68712 40424 67280 58568 53624 34904 18016 58560 26136 22680
is_linear=0
shrinkage=0.0229654


Tree=5
num_leaves=19
num_cat=0
split_feature=35 35 35 35 35 3 0 35 3 3 35 3 3 35 10 3 35 8
split_gain=6.25751e+12 9.91146e+11 8.57547e+11 1.5863e+11 1.44881e+11 9.90815e+10 9.0568e+10 8.49807e+10 5.50799e+10 5.17015e+10 4.63003e+10 4.42482e+10 4.07201e+10 3.55008e+10 3.39197e+10 3.0996e+10 2.91786e+10 2.40938e+10
threshold=28274.500000000004 22711.500000000004 33403.500000000007 37475.500000000007 25373.500000000004 4.5000000000000009 12.500000000000002 30749.500000000004 1.0000000180025095e-35 1.0000000180025095e-35 19836.500000000004 1.0000000180025095e-35 1.0000000180025095e-35 19903.500000000004 1.0000000180025095e-35 3.5000000000000004 40221.000000000007 -0.19467261866128607
decision_type=2 2 2 2 2 2 2 2 2 2 2 2 2 2 2 2 2 2
left_child=1 5 7 15 9 6 10 11 -6 17 -1 -2 -9 -7 -8 -4 -5 -3
right_child=2 4 3 16 8 13 14 12 -10 -11 -12 -13 -14 -15 -16 -17 -18 -19
leaf_value=-143.37502172162269 131.90205541232046 69.116734472514494 195.45108390253984 239.12598910578041 70.35786570943128 -168.11274290105189 -76.809801826936422 193.22420725100795 -1.4177077030466363 -50.777425430290009 -97.15370207648337 48.722784314974326 102.91594038899503 -123.82379201885649 0.47116234115560213 149.47975471448592 296.85523677398936 -15.115473386051368
leaf_weight=21320 3800 2512 19312 13752 6312 16088 31336 2968 52872 58640 24640 30016 23352 23472 3312 12904 6952 6240
leaf_count=21320 3800 2512 19312 13752 6312 16088 31336 2968 52872 58640 24640 30016 23352 23472 3312 12904 6952 6240
internal_value=-1.31017e-07 -64.8288 141.488 208.912 -19.9812 -112.068 -97.459 82.155 6.23719 -43.0064 -118.595 58.0699 113.1 -141.835 -69.4225 177.037 258.51 9.06086
internal_weight=359800 246744 113056 52920 126576 120168 80608 60136 59184 67392 45960 33816 26320 39560 34648 32216 20704 8752
internal_count=359800 246744 113056 52920 126576 120168 80608 60136 59184 67392 45960 33816 26320 39560 34648 32216 20704 8752
is_linear=0
shrinkage=0.0229654


Tree=6
num_leaves=19
num_cat=0
split_feature=10 0 0 0 25 16 3 0 3 0 16 0 3 4 25 3 3 25
split_gain=3.28153e+12 2.08937e+12 5.94358e+11 4.45153e+11 3.44291e+11 2.3568e+11 2.14699e+11 2.35134e+11 1.59762e+11 9.91142e+10 8.63024e+10 8.57942e+10 8.10308e+10 7.19516e+10 6.8996e+10 5.48231e+10 4.13241e+10 3.44419e+10
threshold=1.0000000180025095e-35 14.500000000000002 33.500000000000007 44.500000000000007 5.5867187500000011 204.81250000000003 4.5000000000000009 13.500000000000002 4.5000000000000009 45.500000000000007 433.81250000000006 20.500000000000004 4.5000000000000009 1.5000000000000002 6.7328125000000005 4.5000000000000009 4.5000000000000009 8.5502604166666689
decision_type=2 2 2 2 2 2 2 2 2 2 2 2 2 2 2 2 2 2
left_child=2 14 6 4 12 8 7 -1 13 15 -9 -10 -3 -6 -2 -4 -7 -15
right_child=1 3 9 -5 5 16 -8 10 11 -11 -12 -13 -14 17 -16 -17 -18 -19
leaf_value=-122.09356133490208 -21.833725194446917 219.15990219669001 24.444596621821248 3.0010660349665041 216.89618394829984 48.04292227525498 -142.45654654437573 -23.510420230148213 -15.488332457200261 -66.464584306454469 -82.325273851208408 100.20621693884465 139.60958445725072 166.75437594312066 -75.754548965443519 -30.976349254684472 -41.568145116196021 121.01787370359663
leaf_weight=35880 22100 25462 33120 14544 7571 8622 36176 33552 4505 11568 21648 13543 9191 14348 28860 13152 3961 21997
leaf_count=35880 22100 25462 33120 14544 7571 8622 36176 33552 4505 11568 21648 13543 9191 14348 28860 13152 3961 21997
internal_value=3.22208e-07 71.3886 -67.3806 122.355 138.251 110.449 -95.125 -76.3254 128.85 -6.33918 -46.5761 71.3275 198.061 152.49 -52.3705 8.69217 19.8343 139.073
internal_weight=359800 174704 185096 123744 109200 74547 127256 91080 61964 57840 55200 18048 34653 43916 50960 46272 12583 36345
internal_count=359800 174704 185096 123744 109200 74547 127256 91080 61964 57840 55200 18048 34653 43916 50960 46272 12583 36345
is_linear=0
shrinkage=0.0229654


Tree=7
num_leaves=19
num_cat=0
split_feature=35 35 35 36 36 35 36 35 36 35 36 36 3 36 35 3 3 3
split_gain=5.73628e+12 9.31097e+11 7.69078e+11 1.88466e+11 1.60773e+11 1.48977e+11 1.06668e+11 4.61966e+10 4.24495e+10 4.04248e+10 3.66605e+10 3.24729e+10 2.90215e+10 2.61174e+10 2.2019e+10 2.15978e+10 2.08117e+10 2.06527e+10
threshold=28354.500000000004 23117.500000000004 33403.500000000007 21306.500000000004 26879.500000000004 37846.000000000007 30145.500000000004 25310.500000000004 27094.500000000004 20152.500000000004 30991.000000000004 35400.000000000007 1.0000000180025095e-35 25499.500000000004 41270.500000000007 4.5000000000000009 4.5000000000000009 1.0000000180025095e-35
decision_type=2 2 2 2 2 2 2 2 2 2 2 2 2 2 2 2 2 2
left_child=1 3 6 9 7 11 13 -3 -5 -1 -6 15 -8 -2 -7 -4 -11 -10
right_child=2 4 5 8 10 14 12 -9 17 16 -12 -13 -14 -15 -16 -17 -18 -19
leaf_value=-143.1251391201146 6.2996232315617835 -47.195652200060643 170.22767535025471 -78.611183294411006 16.03260513485305 240.1193377948386 158.85733565501113 -12.771460770652702 37.655937150393335 -89.668804356787462 78.570163321988417 196.1240188818995 100.1760295586905 60.119359395648289 300.77936932669513 118.51865599542677 -127.36093049250246 -59.632062005244229
leaf_weight=41832 5896 46720 11912 52760 28624 13936 5528 36720 2552 15472 5976 16360 22688 24584 4080 6632 15432 2096
leaf_count=41832 5896 46720 11912 52760 28624 13936 5528 36720 2552 15472 5976 16360 22688 24584 4080 6632 15432 2096
internal_value=1.02239e-07 -61.4943 136.736 -103.857 -14.7873 200.224 79.4956 -32.0464 -72.7497 -128.41 26.8339 172.541 111.673 49.7086 253.857 151.735 -108.49 -6.21576
internal_weight=359800 248184 111616 130144 118040 52920 58696 83440 57408 72736 34600 34904 28216 30480 18016 18544 30904 4648
internal_count=359800 248184 111616 130144 118040 52920 58696 83440 57408 72736 34600 34904 28216 30480 18016 18544 30904 4648
is_linear=0
shrinkage=0.0229654


Tree=8
num_leaves=19
num_cat=0
split_feature=35 35 35 35 35 3 0 35 3 3 35 3 3 35 10 3 35 8
split_gain=5.47587e+12 8.7213e+11 7.55104e+11 1.42543e+11 1.27576e+11 8.84893e+10 7.94582e+10 7.60226e+10 4.9417e+10 4.57264e+10 4.12695e+10 3.91852e+10 3.63454e+10 3.2033e+10 2.96273e+10 2.83522e+10 2.66678e+10 2.12478e+10
threshold=28274.500000000004 22711.500000000004 33403.500000000007 37475.500000000007 25373.500000000004 4.5000000000000009 12.500000000000002 30494.500000000004 1.0000000180025095e-35 1.0000000180025095e-35 19836.500000000004 1.0000000180025095e-35 1.0000000180025095e-35 19903.500000000004 1.0000000180025095e-35 1.0000000180025095e-35 39830.500000000007 -0.19467261866128607
decision_type=2 2 2 2 2 2 2 2 2 2 2 2 2 2 2 2 2 2
left_child=1 5 7 15 9 6 10 12 -6 17 -1 -9 -2 -7 -8 -4 -5 -3
right_child=2 4 3 16 8 13 14 11 -10 -11 -12 -13 -14 -15 -16 -17 -18 -19
leaf_value=-134.34341569789018 121.04537781831679 65.181413273320658 229.1411504073657 221.19206469509618 66.761915276617117 -158.04940495308691 -71.794491885910986 178.61513908733585 -1.2238787214799689 -47.490536742322426 -90.705396227021964 93.898504191147651 42.745149775359629 -115.97916773810957 0.43127387027562109 158.12707749689457 274.31275136554814 -13.919692556454089
leaf_weight=21320 3528 2512 3304 12344 6312 16088 31336 3240 52872 58640 24640 25888 27480 23472 3312 28912 8360 6240
leaf_count=21320 3528 2512 3304 12344 6312 16088 31336 3240 52872 58640 24640 25888 27480 23472 3312 28912 8360 6240
internal_value=1.44686e-09 -60.6448 132.357 195.626 -18.576 -104.957 -91.1511 76.6802 6.02684 -40.1823 -110.948 103.322 51.6539 -133.088 -64.8904 165.41 242.641 8.78392
internal_weight=359800 246744 113056 52920 126576 120168 80608 60136 59184 67392 45960 29128 31008 39560 34648 32216 20704 8752
internal_count=359800 246744 113056 52920 126576 120168 80608 60136 59184 67392 45960 29128 31008 39560 34648 32216 20704 8752
is_linear=0
shrinkage=0.0229654


Tree=9
num_leaves=19
num_cat=0
split_feature=36 36 36 36 36 36 10 29 0 19 16 21 7 29 16 25 16 25
split_gain=5.19956e+12 7.4272e+11 6.86634e+11 1.14588e+11 1.04742e+11 1.01268e+11 6.65844e+10 5.8866e+10 3.95437e+10 3.11348e+10 3.07316e+10 3.04389e+10 2.73712e+10 2.71599e+10 2.67035e+10 2.59469e+10 2.45016e+10 1.75846e+10
threshold=27900.500000000004 22376.500000000004 32394.000000000004 36686.500000000007 25209.500000000004 19658.000000000004 0.25000000000000017 487.23125000000005 13.500000000000002 6.5062500000000005 410.06250000000006 3.1248697916666672 -0.89495246814786256 431.99375000000003 326.31250000000006 5.2752604166666677 133.56250000000003 4.0117187500000009
decision_type=2 2 2 2 2 2 2 2 2 2 2 2 2 2 2 2 2 2
left_child=1 5 6 7 15 -1 14 16 -8 -5 17 -10 -11 -7 -2 -3 -4 -6
right_child=2 4 3 9 10 13 8 -9 11 12 -12 -13 -14 -15 -16 -17 -18 -19
leaf_value=-131.28627234645182 50.791922984321644 -4.2415470000372997 139.9559281006938 164.35944868081845 48.512172346399566 -91.578894289464642 -6.3184099842520851 191.62195624482302 163.15079607852508 254.4826127433266 -48.616665490534501 88.227606619699998 201.43229080646074 -40.842815660513409 -8.0882667694505841 -47.636481408780213 80.628979464544855 0.96957145435609304
leaf_weight=45896 22717 8218 20079 5638 4506 59768 2104 11740 3236 9300 6290 24604 11438 6136 4947 62798 4493 45892
leaf_count=45896 22717 8218 20079 5638 4506 59768 2104 11740 3236 9300 6290 24604 11438 6136 4947 62798 4493 45892
internal_value=-7.22899e-08 -61.8723 123.185 175.782 -24.0325 -105.095 65.9499 149.319 89.6812 212.213 -0.753376 96.9364 225.223 -86.8551 40.2627 -42.6148 129.108 5.22028
internal_weight=359800 239504 120296 62688 127704 111800 57608 36312 29944 26376 56688 27840 20738 65904 27664 71016 24572 50398
internal_count=359800 239504 120296 62688 127704 111800 57608 36312 29944 26376 56688 27840 20738 65904 27664 71016 24572 50398
is_linear=0
shrinkage=0.0229654


Tree=10
num_leaves=19
num_cat=0
split_feature=35 35 35 36 36 35 36 36 35 35 36 3 3 36 35 3 35 3
split_gain=5.01517e+12 7.55822e+11 7.46897e+11 1.42683e+11 1.40219e+11 1.32146e+11 1.08503e+11 4.20958e+10 3.24891e+10 3.20634e+10 3.00407e+10 2.86217e+10 2.54734e+10 2.53564e+10 2.00493e+10 1.93997e+10 1.8718e+10 1.86421e+10
threshold=28030.500000000004 22711.500000000004 33403.500000000007 25563.500000000004 21306.500000000004 37846.000000000007 30145.500000000004 30610.500000000004 24670.500000000004 19637.500000000004 27094.500000000004 3.5000000000000004 1.0000000180025095e-35 25161.500000000004 41867.500000000007 4.5000000000000009 26149.500000000004 1.0000000180025095e-35
decision_type=2 2 2 2 2 2 2 2 2 2 2 2 2 2 2 2 2 2
left_child=1 4 6 8 9 11 13 16 -3 -1 -6 -4 -8 -2 -7 -11 -5 -12
right_child=2 3 5 7 10 14 12 -9 -10 15 17 -13 -14 -15 -16 -17 -18 -19
leaf_value=-137.43662368127733 0.45347253899258677 -55.254565946448537 178.21316379880665 -11.246387689283498 -76.169481440633191 227.44360272255224 145.90467618318925 66.104019095220323 -24.336766656963039 -90.352423546688499 34.206068588989162 135.80623384841576 92.577858211612721 52.341428350508508 294.7868634754787 -123.91833417524863 18.725723229882966 -68.740184717474392
leaf_weight=33984 5992 36976 20856 24392 45984 15264 5920 6208 34792 18976 2208 14048 23392 29040 2752 17416 20000 1600
leaf_count=33984 5992 36976 20856 24392 45984 15264 5920 6208 34792 18976 2208 14048 23392 29040 2752 17416 20000 1600
internal_value=2.82424e-08 -59.6185 123.308 -19.4434 -100.529 187.218 70.7455 10.0902 -40.2661 -121.396 -71.0362 161.145 103.348 43.4663 237.73 -106.416 2.257 -9.04866
internal_weight=359800 242536 117264 122368 120168 52920 64344 50600 71768 70376 49792 34904 29312 35032 18016 36392 44392 3808
internal_count=359800 242536 117264 122368 120168 52920 64344 50600 71768 70376 49792 34904 29312 35032 18016 36392 44392 3808
is_linear=0
shrinkage=0.0229654


Tree=11
num_leaves=19
num_cat=0
split_feature=35 35 35 36 36 36 35 36 35 35 35 36 36 3 3 3 3 3
split_gain=4.79207e+12 8.96016e+11 5.24804e+11 1.64234e+11 1.62116e+11 1.27419e+11 6.04365e+10 4.29986e+10 4.03662e+10 3.99146e+10 3.88189e+10 3.44198e+10 2.07406e+10 2.00688e+10 1.98443e+10 1.95969e+10 1.94895e+10 1.85805e+10
threshold=28984.500000000004 23175.500000000004 35575.000000000007 26525.500000000004 21587.500000000004 30369.500000000004 39170.500000000007 31254.500000000004 32374.500000000004 25661.500000000004 20152.500000000004 27094.500000000004 26879.500000000004 4.5000000000000009 1.0000000180025095e-35 3.5000000000000004 4.5000000000000009 4.5000000000000009
decision_type=2 2 2 2 2 2 2 2 2 2 2 2 2 2 2 2 2 2
left_child=1 4 5 9 10 12 17 -5 -7 15 13 -6 -2 -1 -10 -3 -12 -4
right_child=2 3 6 7 11 8 -8 -9 14 -11 16 -13 -14 -15 -16 -17 -18 -19
leaf_value=-117.78810311250888 25.538046863799519 -27.320794857724028 196.51026084085763 16.210593816843691 -69.559433644055048 95.702132060848854 250.1817423027224 77.93287566789455 196.28187816812186 -8.2225041946652926 -81.061119916106378 -4.914568301289969 70.090121628927065 -149.87429907331682 133.61800968066805 -56.166044699988966 -115.59887099578411 148.53874916773469
leaf_weight=26696 7752 25304 18104 39032 48848 17480 11096 7024 3088 30840 18080 4768 19064 16720 19472 24400 16464 5568
leaf_count=26696 7752 25304 18104 39032 48848 17480 11096 7024 3088 30840 18080 4768 19064 16720 19472 24400 16464 5568
internal_value=7.42562e-08 -52.583 133.587 -8.96703 -94.5495 95.9521 205.957 25.6239 121.898 -28.7465 -115.69 -63.8107 57.211 -130.145 142.195 -41.4811 -97.5221 185.227
internal_weight=359800 258176 101624 126600 131576 66856 34768 46056 40040 80544 77960 53616 26816 43416 22560 49704 34544 23672
internal_count=359800 258176 101624 126600 131576 66856 34768 46056 40040 80544 77960 53616 26816 43416 22560 49704 34544 23672
is_linear=0
shrinkage=0.0229654


Tree=12
num_leaves=19
num_cat=0
split_feature=10 0 0 1 25 16 5 0 5 5 0 16 1 25 6 25 5 9
split_gain=2.51872e+12 1.59554e+12 4.67093e+11 3.41053e+11 2.76169e+11 1.77452e+11 1.75615e+11 1.84002e+11 1.24286e+11 7.90279e+10 7.65038e+10 7.36482e+10 6.78881e+10 5.68066e+10 5.19289e+10 4.82349e+10 4.30154e+10 3.52833e+10
threshold=1.0000000180025095e-35 14.500000000000002 33.500000000000007 21.500000000000004 5.9622395833333339 210.31250000000003 1.0000000180025095e-35 13.500000000000002 1.0000000180025095e-35 1.0000000180025095e-35 45.500000000000007 446.68750000000006 10.500000000000002 6.7328125000000005 1.0000000180025095e-35 9.6252604166666682 1.0000000180025095e-35 0.93301270189221952
decision_type=2 2 2 2 2 2 2 2 2 2 2 2 2 2 2 2 2 2
left_child=2 13 6 4 9 8 7 -1 15 14 16 -9 -10 -2 17 -6 -4 -3
right_child=1 3 10 -5 5 -7 -8 11 12 -11 -12 -13 -14 -15 -16 -17 -18 -19
leaf_value=-107.11173589992909 -17.8977732626532 206.97917582445376 22.240586758176256 2.6760263435741511 151.05510213486036 12.161609023400581 -126.43432036222261 -19.846027666197536 -9.6829866838227723 116.84645091808794 -57.742792680915777 -74.697374447084286 89.067866486115392 -66.824247941387412 29.023053339405802 100.63203165586367 -26.850672034638727 129.83100900764705
leaf_weight=35880 22100 23389 33120 14560 25624 11661 36176 34608 5383 10542 11568 20592 11549 28860 1011 16416 13152 3609
leaf_count=35880 22100 23389 33120 14560 25624 11661 36176 34608 5383 10542 11568 20592 11549 28860 1011 16416 13152 3609
internal_value=6.13038e-08 62.5433 -59.0318 107.081 121.004 94.0205 -83.6272 -66.6246 110.207 170.443 -4.91875 -40.308 57.6731 -45.6061 190.615 131.366 8.28726 196.666
internal_weight=359800 174704 185096 123744 109184 70633 127256 91080 58972 38551 57840 55200 16932 50960 28009 42040 46272 26998
internal_count=359800 174704 185096 123744 109184 70633 127256 91080 58972 38551 57840 55200 16932 50960 28009 42040 46272 26998
is_linear=0
shrinkage=0.0229654


Tree=13
num_leaves=19
num_cat=0
split_feature=35 35 35 35 35 35 5 0 5 35 5 14 35 35 5 5 5 35
split_gain=4.39266e+12 6.66398e+11 6.56937e+11 1.19288e+11 1.10259e+11 7.11878e+10 6.90191e+10 5.99509e+10 3.34965e+10 2.89012e+10 2.79831e+10 2.31521e+10 2.27518e+10 2.22752e+10 2.17274e+10 1.7766e+10 1.70933e+10 1.60149e+10
threshold=28030.500000000004 22354.500000000004 33403.500000000007 37475.500000000007 24772.500000000004 30494.500000000004 1.0000000180025095e-35 12.500000000000002 1.0000000180025095e-35 19705.500000000004 1.0000000180025095e-35 61.312500000000007 40221.000000000007 19443.500000000004 1.0000000180025095e-35 1.0000000180025095e-35 1.0000000180025095e-35 26978.500000000004
decision_type=2 2 2 2 2 2 2 2 2 2 2 2 2 2 2 2 2 2
left_child=1 6 5 14 10 15 7 9 17 -1 -3 -9 -5 -8 -4 -2 -7 -6
right_child=2 4 3 12 8 16 13 11 -10 -11 -12 -13 -14 -15 -16 -17 -18 -19
leaf_value=-122.16366206602629 53.597597252834952 -33.153681162404794 158.66104090343578 201.23250940251489 0.42730365000854154 103.43253076002675 -147.0608495066262 -86.573494273273866 -27.225287256554573 -84.641614280030623 -67.207111470496685 -45.310022233655573 252.20920453985894 -109.62554237347763 115.25196066329219 16.012374968036973 63.918159280556928 28.870756314612528
leaf_weight=19912 26352 42192 24080 13752 37000 21192 12944 11168 18992 23728 18224 20040 6952 23792 8136 8864 7936 14544
leaf_count=19912 26352 42192 24080 13752 37000 21192 12944 11168 18992 23728 18224 20040 6952 23792 8136 8864 7936 14544
internal_value=1.84608e-07 -55.7958 115.402 175.339 -20.6561 66.1062 -97.0348 -84.3812 -1.1534 -101.762 -43.4256 -60.0764 218.349 -122.816 147.698 44.1373 92.6667 8.4531
internal_weight=359800 242536 117264 52920 130952 64344 111584 74848 70536 43640 60416 31208 20704 36736 32216 35216 29128 51544
internal_count=359800 242536 117264 52920 130952 64344 111584 74848 70536 43640 60416 31208 20704 36736 32216 35216 29128 51544
is_linear=0
shrinkage=0.0229654


Tree=14
num_leaves=19
num_cat=0
split_feature=35 35 35 35 35 35 35 3 1 3 3 3 3 3 14 3 3 3
split_gain=4.19565e+12 8.0241e+11 4.53024e+11 1.18318e+11 9.75851e+10 9.58955e+10 5.40698e+10 4.82051e+10 4.4597e+10 4.44247e+10 4.33424e+10 3.71348e+10 3.4879e+10 3.10425e+10 1.89402e+10 1.75294e+10 1.62179e+10 1.59176e+10
threshold=29074.500000000004 23175.500000000004 35575.000000000007 26093.500000000004 32087.000000000004 21122.500000000004 39170.500000000007 4.5000000000000009 5.5000000000000009 1.0000000180025095e-35 1.0000000180025095e-35 1.0000000180025095e-35 1.5000000000000002 1.0000000180025095e-35 63.812500000000007 3.5000000000000004 3.5000000000000004 3.5000000000000004
decision_type=2 2 2 2 2 2 2 2 2 2 2 2 2 2 2 2 2 2
left_child=1 5 4 10 11 7 16 8 -1 -5 -3 -2 -7 -6 -10 -12 -4 -11
right_child=2 3 6 9 13 12 -8 -9 14 17 15 -13 -14 -15 -16 -17 -18 -19
leaf_value=-108.01858400555928 131.10935768675427 19.26964132509212 188.85376400437366 77.681317820159265 185.1847264604522 -32.129230304428141 235.04993799972556 -129.81377276607333 -90.54657261881988 22.837872429306245 -21.633166013615057 55.788370645840352 -75.275181735636309 112.20172191354499 -45.552405447160076 -45.746976357109375 149.90546686972147 -3.3066208652872979
leaf_weight=33656 3888 9320 14408 5808 3464 13328 11096 26224 8630 26088 31616 30800 38216 27280 11522 31984 9264 23208
leaf_count=33656 3888 9320 14408 5808 3464 13328 11096 26224 8630 26088 31616 30800 38216 27280 11522 31984 9264 23208
internal_value=-2.52554e-08 -48.722 126.23 -7.78998 90.6342 -88.5489 193.219 -104.283 -91.8403 17.6072 -26.9821 64.2307 -64.1187 120.425 -64.8209 -33.7598 173.611 10.5293
internal_weight=359800 259600 100200 128024 65432 131576 34768 80032 53808 55104 72920 34688 51544 30744 20152 63600 23672 49296
internal_count=359800 259600 100200 128024 65432 131576 34768 80032 53808 55104 72920 34688 51544 30744 20152 63600 23672 49296
is_linear=0
shrinkage=0.0229654


Tree=15
num_leaves=19
num_cat=0
split_feature=32 0 16 0 0 29 0 14 4 1 0 29 4 0 16 0 26 1
split_gain=1.86437e+12 1.38235e+12 3.88575e+11 3.89002e+11 3.66262e+11 2.15352e+11 1.12926e+11 9.00478e+10 8.14085e+10 6.73672e+10 6.10346e+10 6.03159e+10 4.37844e+10 4.37193e+10 3.3477e+10 3.18745e+10 2.9995e+10 2.83785e+10
threshold=1.0000000180025095e-35 14.500000000000002 256.43750000000006 43.500000000000007 33.500000000000007 451.31875000000008 13.500000000000002 65.812500000000014 1.5000000000000002 11.500000000000002 45.500000000000007 451.31875000000008 8.5000000000000018 31.500000000000004 121.06250000000001 45.500000000000007 4.958463541666668 19.500000000000004
decision_type=2 2 2 2 2 2 2 2 2 2 2 2 2 2 2 2 2 2
left_child=1 11 3 5 6 8 -2 -8 -3 -10 -6 -1 -9 -7 17 -5 -4 -11
right_child=4 2 16 15 10 13 7 12 9 14 -12 -13 -14 -15 -16 -17 -18 -19
leaf_value=-63.373891777900837 -108.99330958976797 162.08359022615764 92.349869854848066 46.189884171278145 6.1248821175542378 142.98290666305161 -93.382764790173027 -53.753165857365545 51.233001279406061 131.67109187591572 -56.638223554923535 -13.514630641738615 1.3351748674647832 193.36218645267522 63.58449941315407 -12.317338419181118 -19.754334664981567 78.161280097158581
leaf_weight=38328 44027 8292 1360 8184 41226 20780 28178 30266 19926 18994 10192 19210 10165 16142 8123 12280 16915 7212
leaf_count=38328 44027 8292 1360 8184 41226 20780 28178 30266 19926 18994 10192 19210 10165 16142 8123 12280 16915 7212
internal_value=5.63186e-08 47.8583 87.2357 102.267 -57.1035 121.027 -80.2879 -61.8674 95.0649 84.8221 -6.31593 -46.7276 -39.9031 165.008 104.319 11.081 -11.4117 116.945
internal_weight=359800 195746 138208 119933 164054 99469 112636 68609 62547 54255 51418 57538 40431 36922 34329 20464 18275 26206
internal_count=359800 195746 138208 119933 164054 99469 112636 68609 62547 54255 51418 57538 40431 36922 34329 20464 18275 26206
is_linear=0
shrinkage=0.0229654


Tree=16
num_leaves=19
num_cat=0
split_feature=35 36 35 35 35 35 36 3 36 36 3 36 3 35 8 3 3 3
split_gain=3.85032e+12 5.9914e+11 5.76719e+11 1.14911e+11 1.11144e+11 1.01771e+11 8.98101e+10 3.97751e+10 3.54868e+10 2.80902e+10 2.49844e+10 2.49022e+10 2.24461e+10 2.11601e+10 2.01854e+10 1.92663e+10 1.86431e+10 1.77834e+10
threshold=28030.500000000004 22676.500000000004 33580.500000000007 24553.500000000004 21242.000000000004 38086.000000000007 29388.500000000004 1.0000000180025095e-35 27525.500000000004 19178.500000000004 1.0000000180025095e-35 35400.000000000007 3.5000000000000004 31538.000000000004 -0.32075123873380501 4.5000000000000009 1.0000000180025095e-35 4.5000000000000009
decision_type=2 2 2 2 2 2 2 2 2 2 2 2 2 2 2 2 2 2
left_child=1 4 6 8 9 11 15 14 -3 -1 -8 17 -6 -12 -5 -2 -10 -4
right_child=2 3 5 7 12 -7 10 -9 16 -11 13 -13 -14 -15 -16 -17 -18 -19
leaf_value=-126.00932620464113 46.275949413633526 -46.725679183535128 141.93556524098548 102.24425701900405 -44.212742374272374 212.42174991801792 128.76730322588185 -2.8850857807943191 42.208767694178107 -96.032542179595097 61.322885199042396 163.41431091676833 -75.837219629487677 100.36507874076827 25.657772159536762 6.8573819624251318 -30.079036758862841 94.693698332439936
leaf_weight=28616 19952 52928 11472 2736 19408 16576 6320 56688 3816 38896 16656 16864 30344 13064 5392 9728 3712 6632
leaf_count=28616 19952 52928 11472 2736 19408 16576 6320 56688 3816 38896 16656 16864 30344 13064 5392 9728 3712 6632
internal_value=-1.51301e-08 -52.238 108.043 -17.3155 -89.5454 165.552 62.9394 3.92707 -40.09 -108.739 87.3022 143.334 -63.5007 78.4846 51.4379 33.356 6.5642 124.63
internal_weight=359800 242536 117264 125272 117264 51544 65720 64816 60456 67512 36040 34968 49752 29720 8128 29680 7528 18104
internal_count=359800 242536 117264 125272 117264 51544 65720 64816 60456 67512 36040 34968 49752 29720 8128 29680 7528 18104
is_linear=0
shrinkage=0.0229654


Tree=17
num_leaves=19
num_cat=0
split_feature=35 35 35 35 35 35 35 3 3 8 3 3 3 3 14 8 3 35
split_gain=3.67767e+12 7.34316e+11 3.77485e+11 1.00544e+11 9.79141e+10 7.53649e+10 4.86461e+10 4.66009e+10 4.12017e+10 3.92091e+10 3.8178e+10 3.25359e+10 3.01001e+10 2.84391e+10 2.01457e+10 1.80385e+10 1.64365e+10 1.5596e+10
threshold=29259.500000000004 23418.500000000004 35575.000000000007 26348.500000000004 21242.000000000004 32087.000000000004 39170.500000000007 4.5000000000000009 1.0000000180025095e-35 1.0000000180025095e-35 1.0000000180025095e-35 1.5000000000000002 1.0000000180025095e-35 1.0000000180025095e-35 63.562500000000007 -0.19467261866128607 3.5000000000000004 19234.500000000004
decision_type=2 2 2 2 2 2 2 2 2 2 2 2 2 2 2 2 2 2
left_child=1 4 5 8 7 12 -4 9 15 14 -5 -6 -2 -7 -1 -3 -10 -11
right_child=2 3 6 10 11 13 -8 -9 16 17 -12 -13 -14 -15 -16 -17 -18 -19
leaf_value=-84.802174176470913 124.49538430482872 71.620668479359637 162.56286970548561 77.934440815745702 -27.681345966942825 174.45867414667012 220.83856098571454 -121.67176540844619 -16.813149998506141 -116.84763081845897 13.198696090255764 -68.036198705085638 54.133536178703373 104.6031386470755 -37.818767820322627 1.9820940651254646 -40.205516536403188 -86.2835466854647
leaf_weight=8689 3616 2840 23672 5352 14264 3464 11096 27304 31624 15256 46992 40328 28320 27280 10791 6344 31744 20824
leaf_count=8689 3616 2840 23672 5352 14264 3464 11096 27304 31624 15256 46992 40328 28320 27280 10791 6344 31744 20824
internal_value=-1.03062e-07 -44.7481 120.472 -4.44104 -81.3721 86.8082 181.161 -97.1045 -21.943 -85.0314 19.8177 -57.4921 62.1004 112.474 -58.7756 23.5167 -28.5315 -99.2072
internal_weight=359800 262352 97448 124896 137456 62680 34768 82864 72552 55560 52344 54592 31936 30744 19480 9184 63368 36080
internal_count=359800 262352 97448 124896 137456 62680 34768 82864 72552 55560 52344 54592 31936 30744 19480 9184 63368 36080
is_linear=0
shrinkage=0.0229654


Tree=18
num_leaves=19
num_cat=0
split_feature=36 36 36 36 36 36 10 29 26 16 12 29 16 7 16 36 26 29
split_gain=3.52598e+12 5.11665e+11 4.68494e+11 8.26229e+10 7.28086e+10 7.19374e+10 4.42934e+10 4.31172e+10 2.84358e+10 2.66375e+10 2.27769e+10 2.05459e+10 2.04855e+10 1.94178e+10 1.89315e+10 1.83053e+10 1.65574e+10 1.57934e+10
threshold=27900.500000000004 22376.500000000004 32394.000000000004 36853.500000000007 19465.500000000004 24944.500000000004 0.25000000000000017 487.23125000000005 2.5639322916666671 339.81250000000006 8.9562500000000025 431.99375000000003 326.31250000000006 -0.89495246814786256 133.56250000000003 29388.500000000004 2.7273437500000006 528.25625000000014
decision_type=2 2 2 2 2 2 2 2 2 2 2 2 2 2 2 2 2 2
left_child=1 4 6 7 -1 17 12 14 -8 16 13 -6 -2 -5 -4 -10 -7 -3
right_child=2 5 3 10 11 9 8 -9 15 -11 -12 -13 -14 -15 -16 -17 -18 -19
leaf_value=-110.86416294095238 42.435419190278644 -40.089109460698701 115.60110204797623 213.43856786738908 -76.440152311853595 69.184902061963456 146.03500630628133 158.71448265616092 40.027922551920149 -34.724815512482536 135.2496245133141 -32.940214326085069 -9.1359519132454707 167.67019830823767 64.076843740069293 79.895659800494116 1.9312283477992431 2.5454978207530066
leaf_weight=41680 22717 58911 20764 9015 63829 2007 2604 12267 9109 11049 5367 6291 4947 10682 4593 18231 50768 4969
leaf_count=41680 22717 58911 20764 9015 63829 2007 2604 12267 9109 11049 5367 6291 4947 10682 4593 18231 50768 4969
internal_value=-2.77972e-08 -50.951 101.441 144.887 -86.826 -19.5438 54.164 123.368 73.5195 -2.2997 177.19 -72.5374 33.2132 188.618 106.268 66.6127 4.48884 -36.7727
internal_weight=359800 239504 120296 62688 111800 127704 57608 37624 29944 63824 25064 70120 27664 19697 25357 27340 52775 63880
internal_count=359800 239504 120296 62688 111800 127704 57608 37624 29944 63824 25064 70120 27664 19697 25357 27340 52775 63880
is_linear=0
shrinkage=0.0229654


Tree=19
num_leaves=19
num_cat=0
split_feature=35 35 36 35 35 35 36 36 36 36 35 36 36 36 35 6 16 35
split_gain=3.36865e+12 5.42072e+11 4.94154e+11 9.69678e+10 9.60155e+10 9.09614e+10 8.35211e+10 3.13387e+10 2.91669e+10 2.53249e+10 2.46995e+10 2.13141e+10 1.65757e+10 1.61132e+10 1.43448e+10 1.27228e+10 1.12972e+10 1.07113e+10
threshold=27776.500000000004 33403.500000000007 22676.500000000004 21297.500000000004 36866.500000000007 24553.500000000004 28991.500000000004 27525.500000000004 29272.500000000004 19178.500000000004 39830.500000000007 33568.000000000007 24511.500000000004 32394.000000000004 23980.500000000004 1.0000000180025095e-35 347.06250000000006 30377.500000000004
decision_type=2 2 2 2 2 2 2 2 2 2 2 2 2 2 2 2 2 2
left_child=2 6 3 9 13 7 12 15 -7 -1 -6 17 -2 -3 -5 -4 -9 -8
right_child=1 4 5 14 10 8 11 16 -10 -11 -12 -13 -14 -15 -16 -17 -18 -19
leaf_value=-117.86435485049452 -10.350911094799185 94.846577418425127 -41.588951615263376 -67.356248996104625 170.08889093548368 -3.9132465510365821 51.589568569759479 22.385097799975647 43.951700747489824 -89.571683987603649 218.47754385169188 104.1623638260976 34.746251502740805 134.63908369003812 -40.281943619556905 -99.114532070896843 -42.690043256559356 80.3853219554981
leaf_weight=28832 5208 7248 50816 33688 16632 53016 12792 5655 7688 39608 8360 11520 24616 20680 14880 2112 1873 14576
leaf_count=28832 5208 7248 50816 33688 16632 53016 12792 5655 7688 39608 8360 11520 24616 20680 14880 2112 1873 14576
internal_value=3.41385e-08 98.3307 -50.2173 -83.879 153.575 -17.7092 55.7834 -37.6486 2.14872 -101.491 186.275 77.9567 26.8712 124.312 -59.0614 -43.8844 6.19411 66.926
internal_weight=359800 121632 238168 117008 52920 121160 68712 60456 60704 68440 24992 38888 29824 27928 48568 52928 7528 27368
internal_count=359800 121632 238168 117008 52920 121160 68712 60456 60704 68440 24992 38888 29824 27928 48568 52928 7528 27368
is_linear=0
shrinkage=0.0229654


Tree=20
num_leaves=19
num_cat=0
split_feature=36 36 36 36 36 36 10 25 26 16 19 16 25 1 29 16 26 1
split_gain=3.21639e+12 4.66218e+11 4.27604e+11 7.64255e+10 7.27643e+10 6.11102e+10 4.06772e+10 3.85224e+10 2.64781e+10 2.48682e+10 2.30571e+10 1.90159e+10 1.9013e+10 1.84635e+10 1.73268e+10 1.71255e+10 1.54702e+10 1.49149e+10
threshold=27900.500000000004 22204.500000000004 32394.000000000004 36686.500000000007 24944.500000000004 19465.500000000004 0.25000000000000017 4.623697916666667 2.5639322916666671 339.81250000000006 6.5062500000000005 326.31250000000006 4.5252604166666677 5.5000000000000009 431.99375000000003 184.68750000000003 2.7273437500000006 8.5000000000000018
decision_type=2 2 2 2 2 2 2 2 2 2 2 2 2 2 2 2 2 2
left_child=1 5 6 7 12 -1 11 -4 -8 16 -5 -2 -3 -10 -7 -9 -6 -18
right_child=2 4 3 10 9 14 8 15 13 -11 -12 -13 -14 -15 -16 -17 17 -19
leaf_value=-105.94395708299793 40.526494336276386 3.5514411874848131 157.36057293666084 126.96391482023704 66.957876250212095 -74.036145339009465 140.24189691275492 109.47900842642352 -16.524674756493994 -33.467006762495402 179.3402769531483 -9.1606400962263557 -39.940518693090766 68.047505103928941 -32.188621601243277 51.613716725828816 -15.209143192598315 10.979755566633866
leaf_weight=41680 22717 5793 9209 5638 2007 60037 2604 24065 1437 11049 20738 4947 62455 25903 5715 3038 17505 33263
leaf_count=41680 22717 5793 9209 5638 2007 60037 2604 24065 1437 11049 20738 4947 62455 25903 5715 3038 17505 33263
internal_value=-2.03476e-08 -48.6628 96.8854 138.392 -19.7644 -84.1892 51.7185 116.781 70.2671 -2.13727 168.145 31.6412 -36.2489 63.6024 -70.3989 102.993 4.42194 1.94972
internal_weight=359800 239504 120296 62688 132072 107432 57608 36312 29944 63824 26376 27664 68248 27340 65752 27103 52775 50768
internal_count=359800 239504 120296 62688 132072 107432 57608 36312 29944 63824 26376 27664 68248 27340 65752 27103 52775 50768
is_linear=0
shrinkage=0.0229654


Tree=21
num_leaves=19
num_cat=0
split_feature=35 35 35 36 36 36 35 36 36 35 3 3 35 3 3 8 3 35
split_gain=3.08406e+12 6.33196e+11 3.10593e+11 1.41374e+11 9.32349e+10 7.21622e+10 3.60509e+10 3.3369e+10 3.07984e+10 2.94016e+10 2.22309e+10 2.12495e+10 1.99418e+10 1.74856e+10 1.62793e+10 1.49924e+10 1.48068e+10 1.45428e+10
threshold=29383.500000000004 23929.500000000004 35950.500000000007 21306.500000000004 26525.500000000004 31379.500000000004 39170.500000000007 27094.500000000004 31379.500000000004 20152.500000000004 3.5000000000000004 4.5000000000000009 32374.500000000004 4.5000000000000009 1.0000000180025095e-35 1.0000000180025095e-35 4.5000000000000009 21746.500000000004
decision_type=2 2 2 2 2 2 2 2 2 2 2 2 2 2 2 2 2 2
left_child=1 3 5 9 10 11 -4 17 -6 16 -3 -2 -7 -11 -9 -12 -1 -5
right_child=2 4 6 7 8 12 -8 14 -10 13 15 -13 -14 -15 -16 -17 -18 -19
leaf_value=-95.246008955032906 70.174084459104833 -3.1648169725285311 152.11017451045228 -65.008021930773623 16.960522808956146 81.005385476800669 203.31639178634737 34.312690518310703 67.831753746794504 -61.341223225129632 -45.999940832001805 29.262086860183235 117.47161407411588 -93.843747330250253 -36.517148509111003 -15.764887825359743 -123.2179836560901 -43.547710719234992
leaf_weight=25384 18904 31056 20928 31520 40144 12200 11096 3488 7440 17344 16248 10368 22488 17576 3360 18496 16448 35312
leaf_count=25384 18904 31056 20928 31520 40144 12200 11096 3488 7440 17344 16248 10368 22488 17576 3360 18496 16448 35312
internal_value=-8.71166e-08 -40.5559 111.469 -71.4445 0.42555 82.2378 169.853 -48.7218 24.9145 -93.2577 -17.2839 55.6833 104.646 -77.7005 -0.440268 -29.9043 -106.244 -53.669
internal_weight=359800 263816 95984 150432 113384 63960 32024 73680 47584 76752 65800 29272 34688 34920 6848 34744 41832 66832
internal_count=359800 263816 95984 150432 113384 63960 32024 73680 47584 76752 65800 29272 34688 34920 6848 34744 41832 66832
is_linear=0
shrinkage=0.0229654


Tree=22
num_leaves=19
num_cat=0
split_feature=36 36 36 36 36 36 19 29 16 16 19 36 29 33 21 5 0 16
split_gain=2.93502e+12 4.26515e+11 3.90133e+11 7.08985e+10 6.29454e+10 5.88596e+10 3.82444e+10 3.76364e+10 2.7202e+10 2.16057e+10 1.97811e+10 1.83144e+10 1.65552e+10 1.5324e+10 1.48822e+10 1.39721e+10 1.56456e+10 1.36171e+10
threshold=27900.500000000004 22435.500000000004 32394.000000000004 36853.500000000007 19785.500000000004 25109.500000000004 8.3687500000000021 514.9937500000002 299.56250000000006 354.18750000000006 6.5062500000000005 30145.500000000004 434.99375000000003 0.78819444444444453 4.4618489583333343 1.0000000180025095e-35 12.500000000000002 129.18750000000003
decision_type=2 2 2 2 2 2 2 2 2 2 2 2 2 2 2 2 2 2
left_child=1 4 7 6 15 14 17 8 11 -7 -5 -2 -6 -8 -3 16 -1 -4
right_child=2 5 3 10 12 9 13 -9 -10 -11 -12 -13 -14 -15 -16 -17 -18 -19
leaf_value=-96.304700451523544 35.628623735778298 5.0026946254464857 100.67096139726604 122.72705463230766 -67.710749442803646 5.1070565985703054 123.75895278151879 95.135551615145246 -3.4201708105307245 -32.972978142566326 172.68672685131358 65.901018406357707 -27.713432881725044 171.70381273735723 -35.420518232147444 -110.37817744802339 -52.251820229000792 54.49503294704261
leaf_weight=17744 25226 5210 16249 5301 58541 50187 12184 8150 6127 9317 19763 18105 6019 4942 61558 25336 5592 4249
leaf_count=17744 25226 5210 16249 5301 58541 50187 12184 8150 6127 9317 19763 18105 6019 4942 61558 25336 5592 4249
internal_value=-1.14615e-08 -46.4856 92.5507 132.197 -78.849 -17.4643 112.263 49.4082 41.8729 -0.855428 162.12 48.2773 -63.9818 137.594 -32.2662 -98.5693 -85.7483 91.0992
internal_weight=359800 239504 120296 62688 113232 126272 37624 57608 49458 59504 25064 43331 64560 17126 66768 48672 23336 20498
internal_count=359800 239504 120296 62688 113232 126272 37624 57608 49458 59504 25064 43331 64560 17126 66768 48672 23336 20498
is_linear=0
shrinkage=0.0229654


Tree=23
num_leaves=19
num_cat=0
split_feature=35 35 35 35 35 35 3 0 3 3 3 3 35 3 35 35 10 8
split_gain=2.82918e+12 4.55652e+11 4.16479e+11 7.18027e+10 6.49306e+10 6.42456e+10 5.11262e+10 4.20479e+10 3.07421e+10 3.01871e+10 2.77398e+10 2.75608e+10 2.10356e+10 1.98341e+10 1.63887e+10 1.60988e+10 1.57786e+10 1.41049e+10
threshold=27776.500000000004 33901.500000000007 22354.500000000004 38284.500000000007 30749.500000000004 24772.500000000004 4.5000000000000009 13.500000000000002 1.0000000180025095e-35 1.0000000180025095e-35 2.5000000000000004 1.0000000180025095e-35 19443.500000000004 1.0000000180025095e-35 35950.500000000007 19443.500000000004 -0.24999999999999994 -0.32075123873380501
decision_type=2 2 2 2 2 2 2 2 2 2 2 2 2 2 2 2 2 2
left_child=2 4 6 13 9 10 7 12 17 -2 -4 -6 -1 -3 -15 -8 -9 -7
right_child=1 3 5 -5 11 8 15 16 -10 -11 -12 -13 -14 14 -16 -17 -18 -19
leaf_value=-100.47961635563912 90.554915885896278 181.57679570024817 -16.001992692935801 185.73869044096961 139.29901387775237 86.370752334387916 -121.16717953321367 -52.895373260194305 -7.4765684838245878 28.576270773529341 -47.629748652774651 71.375624759005689 -68.68559867889924 102.95478139521182 136.66899870824071 -89.342311376624977 -5.7274247128999747 19.615216427585679
leaf_weight=17936 4656 3040 24832 15272 3568 2504 12944 24208 58656 37736 35584 26936 28280 14992 15432 23792 4424 5008
leaf_count=17936 4656 3040 24832 15272 3568 2504 12944 24208 58656 37736 35584 26936 28280 14992 15432 23792 4424 5008
internal_value=-7.24187e-08 90.1139 -46.021 144.476 53.7694 -17.5082 -78.3668 -67.4762 -1.87463 35.3835 -34.6302 79.3205 -81.0246 125.644 120.056 -100.556 -45.6073 41.8671
internal_weight=359800 121632 238168 48736 72896 126584 111584 74848 66168 42392 60416 30504 46216 33464 30424 36736 28632 7512
internal_count=359800 121632 238168 48736 72896 126584 111584 74848 66168 42392 60416 30504 46216 33464 30424 36736 28632 7512
is_linear=0
shrinkage=0.0229654


Tree=24
num_leaves=19
num_cat=0
split_feature=35 35 35 35 36 36 36 3 3 3 35 3 3 36 3 0 7 36
split_gain=2.70151e+12 4.5433e+11 3.81704e+11 9.25184e+10 7.54002e+10 6.67233e+10 5.86744e+10 2.70033e+10 2.3886e+10 2.27616e+10 2.14048e+10 2.09135e+10 1.83565e+10 1.83547e+10 1.6979e+10 1.54517e+10 1.50295e+10 1.4568e+10
threshold=27635.500000000004 32953.500000000007 22354.500000000004 36866.500000000007 25384.500000000004 20462.500000000004 28730.500000000004 1.0000000180025095e-35 1.0000000180025095e-35 3.5000000000000004 40221.000000000007 1.0000000180025095e-35 3.5000000000000004 23616.500000000004 4.5000000000000009 13.500000000000002 0.44134171618254497 21704.500000000004
decision_type=2 2 2 2 2 2 2 2 2 2 2 2 2 2 2 2 2 2
left_child=2 6 5 11 9 14 12 16 -8 -4 -5 -3 -2 -7 15 -1 -6 -11
right_child=1 3 4 10 7 13 8 -9 -10 17 -12 -13 -14 -15 -16 -17 -18 -19
leaf_value=-90.436771895766 41.014809575091931 161.83046097239961 -19.103111070766666 154.12358313256775 21.646611049526435 -68.099110533338916 104.83311060426878 -4.5279263788609567 56.655541703187033 -63.878922564190745 201.5540229479621 101.96604670651031 4.6381790461349341 -40.130998437461095 -108.44874979514765 -46.504639340706568 86.98312844342297 -34.464516070383013
leaf_weight=24264 13816 3448 35056 18040 7536 38672 6560 39248 31440 13504 6952 28664 15552 18200 25336 5112 2464 25936
leaf_count=24264 13816 3448 35056 18040 7536 38672 6560 39248 31440 13504 6952 28664 15552 18200 25336 5112 2464 25936
internal_value=1.9824e-07 86.5262 -45.7663 134.182 -17.9922 -76.5671 46.1309 4.05586 64.9725 -32.5678 167.317 108.394 21.7513 -59.1488 -94.673 -82.7917 37.7455 -44.5358
internal_weight=359800 124472 235328 57104 123744 111584 67368 49248 38000 74496 24992 32112 29368 56872 54712 29376 10000 39440
internal_count=359800 124472 235328 57104 123744 111584 67368 49248 38000 74496 24992 32112 29368 56872 54712 29376 10000 39440
is_linear=0
shrinkage=0.0229654


Tree=25
num_leaves=19
num_cat=0
split_feature=10 0 0 0 5 12 5 0 0 14 10 0 16 26 10 22 5 10
split_gain=1.43994e+12 8.97857e+11 2.78169e+11 1.94575e+11 1.73665e+11 1.2829e+11 1.15776e+11 1.07577e+11 8.69825e+10 5.36714e+10 4.60167e+10 4.51449e+10 4.09945e+10 3.50886e+10 2.75265e+10 2.71155e+10 2.55791e+10 1.99331e+10
threshold=1.0000000180025095e-35 14.500000000000002 33.500000000000007 43.500000000000007 1.0000000180025095e-35 8.9562500000000025 1.0000000180025095e-35 13.500000000000002 31.500000000000004 65.312500000000014 0.25000000000000017 45.500000000000007 223.81250000000003 6.9141927083333341 0.6830127018922193 2.863932291666667 1.0000000180025095e-35 -0.5
decision_type=2 2 2 2 2 2 2 2 2 2 2 2 2 2 2 2 2 2
left_child=2 13 6 4 5 10 7 -1 14 -9 -3 16 -7 -2 -6 -12 -4 -11
right_child=1 3 11 -5 8 12 -8 9 -10 17 15 -13 -14 -15 -16 -17 -18 -19
leaf_value=-80.766946383360036 -13.14425847201375 83.168014943013034 18.029729754728958 11.315313963532931 -13.633561509010235 86.44556414142059 -98.371913068937928 -56.84497122993811 92.497231877761536 -24.064577173673417 198.94475866102789 -43.453105753661838 16.932750205527402 -51.38693722703286 43.786299212273768 138.00879086174714 -19.826285345693069 13.544654965203977
leaf_weight=35880 23383 7651 33120 18184 9384 23021 36176 22639 12480 21081 4330 11568 5554 27577 8296 34844 13152 11480
leaf_count=35880 23383 7651 33120 18184 9384 23021 36176 22639 12480 21081 4330 11568 5554 27577 8296 34844 13152 11480
internal_value=4.68943e-08 47.2893 -44.6343 80.6994 92.6517 111.282 -63.6147 -49.8094 46.0769 -29.6871 134.683 -2.87476 72.9347 -33.8393 13.3096 144.744 7.26983 -10.8047
internal_weight=359800 174704 185096 123744 105560 75400 127256 91080 30160 55200 46825 57840 28575 50960 17680 39174 46272 32561
internal_count=359800 174704 185096 123744 105560 75400 127256 91080 30160 55200 46825 57840 28575 50960 17680 39174 46272 32561
is_linear=0
shrinkage=0.0229654


Tree=26
num_leaves=19
num_cat=0
split_feature=35 35 35 36 36 36 35 36 3 3 35 35 3 7 35 3 35 3
split_gain=2.47761e+12 5.12934e+11 2.53466e+11 1.1211e+11 7.34282e+10 5.6645e+10 3.04483e+10 2.97969e+10 2.1924e+10 2.18066e+10 2.10324e+10 2.09428e+10 1.70879e+10 1.61757e+10 1.4932e+10 1.43014e+10 1.38583e+10 1.36627e+10
threshold=29383.500000000004 23929.500000000004 35950.500000000007 20822.500000000004 27164.500000000004 30369.500000000004 39170.500000000007 27094.500000000004 3.5000000000000004 1.0000000180025095e-35 19443.500000000004 32374.500000000004 4.5000000000000009 0.25881904510252096 21693.500000000004 1.0000000180025095e-35 25960.500000000004 1.0000000180025095e-35
decision_type=2 2 2 2 2 2 2 2 2 2 2 2 2 2 2 2 2 2
left_child=1 3 5 10 8 12 -4 14 16 13 -1 -7 -2 -6 -5 -9 -3 -13
right_child=2 4 6 7 9 11 -8 15 -10 -11 -12 17 -14 -15 -16 -17 -18 -19
leaf_value=-100.82953283473306 60.296799500840493 -12.088738089500614 136.34627386729724 -60.95192488912415 38.899847185634052 69.030309183506702 183.40570924585077 32.170858711047032 -25.174090938159036 16.885973155272627 -74.939944985746521 146.11515805314289 19.631587219438156 109.24947571330364 -40.604503925972679 -34.216788866606727 16.535668827085054 96.151412493582782
leaf_weight=29200 14232 21544 20928 36728 6280 15808 11096 3488 37616 30344 38200 3328 8832 2376 39456 3360 15224 21760
leaf_count=29200 14232 21544 20928 36728 6280 15808 11096 3488 37616 30344 38200 3328 8832 2376 39456 3360 15224 21760
internal_value=-3.31209e-09 -36.3504 99.9105 -64.1514 0.534523 73.5036 152.652 -46.2893 -12.8475 26.0578 -86.1562 89.7339 44.7247 58.2102 -50.4139 -0.40252 -0.236639 102.779
internal_weight=359800 263816 95984 150432 113384 63960 32024 83032 74384 39000 67400 40896 23064 8656 76184 6848 36768 25088
internal_count=359800 263816 95984 150432 113384 63960 32024 83032 74384 39000 67400 40896 23064 8656 76184 6848 36768 25088
is_linear=0
shrinkage=0.0229654


Tree=27
num_leaves=19
num_cat=0
split_feature=25 1 0 16 0 16 5 5 32 5 1 29 7 5 0 25 7 7
split_gain=1.11867e+12 6.8557e+11 3.09746e+11 2.44293e+11 2.00036e+11 1.80073e+11 1.05663e+11 1.01658e+11 7.24674e+10 6.35308e+10 5.20662e+10 5.18663e+10 4.81936e+10 2.71422e+10 2.61618e+10 2.49773e+10 2.36749e+10 2.22578e+10
threshold=9.6252604166666682 6.5000000000000009 14.500000000000002 343.56250000000006 43.500000000000007 226.81250000000003 1.0000000180025095e-35 1.0000000180025095e-35 4.8375000000000048 1.0000000180025095e-35 9.5000000000000018 451.31875000000008 -0.13052619222005171 1.0000000180025095e-35 44.500000000000007 5.2638020833333341 -0.89495246814786256 -0.60876142900872077
decision_type=2 2 2 2 2 2 2 2 2 2 2 2 2 2 2 2 2 2
left_child=1 15 -2 7 5 6 11 8 14 -5 -8 -3 -9 -7 -4 -1 -13 -10
right_child=2 4 3 9 -6 13 10 12 17 -11 -12 16 -14 -15 -16 -17 -18 -19
leaf_value=-2.7385438972573 -78.732269917732623 102.50537495414353 55.748046372726193 -42.275872065037994 11.036796163403961 35.391672283904676 -7.0765193575391363 -6.4752651215314572 20.510745971887509 -100.26818196052136 81.674706575370038 184.83542989755372 -67.481706850070736 -37.676300111521734 -23.353928937376839 -39.479190045116844 134.45473175805256 -12.613855027559733
leaf_weight=14287 59874 28595 24126 34935 18861 8420 4369 15490 17800 13938 17254 6634 12215 3934 2427 30791 19033 26817
leaf_count=14287 59874 28595 24126 34935 18861 8420 4369 15490 17800 13938 17254 6634 12215 3934 2427 30791 19033 26817
internal_value=-7.95311e-09 47.2994 -34.6684 -16.8118 78.9231 93.4337 106.671 3.94975 18.4786 -58.8146 63.7422 123.778 -33.3727 12.124 48.518 -27.8346 147.476 0.60124
internal_weight=359800 152178 207622 147748 107100 88239 75885 98875 71170 48873 21623 54262 27705 12354 26553 45078 25667 44617
internal_count=359800 152178 207622 147748 107100 88239 75885 98875 71170 48873 21623 54262 27705 12354 26553 45078 25667 44617
is_linear=0
shrinkage=0.0229654


Tree=28
num_leaves=19
num_cat=0
split_feature=35 35 35 36 36 35 36 36 35 36 36 35 35 35 35 36 14 35
split_gain=2.27849e+12 3.94308e+11 3.17069e+11 6.61241e+10 6.13843e+10 5.96199e+10 5.62124e+10 2.40482e+10 1.76219e+10 1.66166e+10 1.42641e+10 1.35878e+10 1.24681e+10 1.20844e+10 1.19664e+10 1.18265e+10 1.16054e+10 8.14215e+09
threshold=27558.500000000004 33901.500000000007 22354.500000000004 29388.500000000004 24453.500000000004 38284.500000000007 20281.000000000004 29694.500000000004 31538.000000000004 23616.500000000004 25161.500000000004 35950.500000000007 25901.500000000004 41867.500000000007 18759.500000000004 20882.500000000004 57.687500000000007 24266.500000000004
decision_type=2 2 2 2 2 2 2 2 2 2 2 2 2 2 2 2 2 2
left_child=2 3 6 10 15 11 14 12 -5 -8 -2 -3 -6 -7 -1 -4 -11 -17
right_child=1 5 4 8 7 13 9 -9 -10 16 -12 -13 -14 -15 -16 17 -18 -19
leaf_value=-102.75701263082659 -2.9830109526893591 98.10513539578362 -53.833331540346414 53.451751708004956 -14.875001020666261 157.93808167844944 -63.263032508512872 36.727095891424611 84.044221639000853 -74.040658088383836 31.71441629748956 127.37288798281963 7.437395953868589 211.08879971533344 -79.694872515762711 -38.243968910984947 -27.906191104301428 -18.859287734888039
leaf_weight=18544 7984 16712 12416 22856 35464 12520 41888 7688 17560 3580 28752 16752 21048 2752 32952 22872 14620 22840
leaf_count=18544 7984 16712 12416 22856 35464 12520 41888 7688 17560 3580 28752 16752 21048 2752 32952 22872 14620 22840
internal_value=1.52298e-08 78.7774 -42.3968 46.4738 -16.8603 129.916 -70.3922 -1.38048 66.7436 -55.3025 24.1735 112.757 -6.56471 167.516 -87.9997 -33.9571 -36.981 -28.5584
internal_weight=359800 125888 233912 77152 122328 48736 111584 64200 40416 60088 36736 33464 56512 15272 51496 58128 18200 45712
internal_count=359800 125888 233912 77152 122328 48736 111584 64200 40416 60088 36736 33464 56512 15272 51496 58128 18200 45712
is_linear=0
shrinkage=0.0229654


Tree=29
num_leaves=19
num_cat=0
split_feature=35 35 35 36 36 35 36 36 5 35 5 5 5 36 6 1 7 35
split_gain=2.17504e+12 3.76405e+11 3.02673e+11 6.31219e+10 5.85973e+10 5.69129e+10 5.36898e+10 2.29563e+10 1.77817e+10 1.68218e+10 1.63916e+10 1.61716e+10 1.54026e+10 1.47076e+10 1.38573e+10 1.32214e+10 1.26857e+10 1.1941e+10
threshold=27558.500000000004 33901.500000000007 22354.500000000004 29388.500000000004 24453.500000000004 38284.500000000007 20462.500000000004 29694.500000000004 1.0000000180025095e-35 31538.000000000004 1.0000000180025095e-35 1.0000000180025095e-35 1.0000000180025095e-35 23667.500000000004 1.0000000180025095e-35 6.5000000000000009 0.13052619222005182 29696.500000000004
decision_type=2 2 2 2 2 2 2 2 2 2 2 2 2 2 2 2 2 2
left_child=2 3 6 8 10 11 12 -6 17 -5 -4 -3 15 -8 -15 -1 -13 -2
right_child=1 5 4 9 7 -7 13 -9 -10 -11 -12 16 -14 14 -16 -17 -18 -19
leaf_value=-80.597897111334419 23.780347088440035 119.42685622257137 -23.523731504046729 52.224210359907161 -6.4139458967164593 163.66872166060097 -61.062006413264477 35.883643195795727 0.51863667896937338 82.114111747721481 -48.583527059400559 97.706388899017568 -98.137883508920638 -29.785970496001088 -102.62447051258704 -39.283712867298107 29.918751832823688 57.944841993143427
leaf_weight=24472 16928 25040 35736 22856 56512 15272 38984 7688 11888 17560 22392 6552 25336 16384 1504 4904 1872 7920
leaf_count=24472 16928 25040 35736 22856 56512 15272 38984 7688 11888 17560 22392 6552 25336 16384 1504 4904 1872 7920
internal_value=-6.03304e-08 76.9683 -41.4232 45.4065 -16.4731 126.932 -68.7757 -1.34878 23.6183 65.2108 -33.1772 110.167 -85.0172 -53.151 -35.9101 -73.7009 82.6425 34.6699
internal_weight=359800 125888 233912 77152 122328 48736 111584 64200 36736 40416 58128 33464 54712 56872 17888 29376 8424 24848
internal_count=359800 125888 233912 77152 122328 48736 111584 64200 36736 40416 58128 33464 54712 56872 17888 29376 8424 24848
is_linear=0
shrinkage=0.0229654


Tree=30
num_leaves=19
num_cat=0
split_feature=36 36 36 36 12 25 36 36 16 36 25 36 16 16 25 21 1 3
split_gain=2.0662e+12 3.02781e+11 2.81219e+11 5.03323e+10 4.48865e+10 3.93113e+10 3.89833e+10 2.76159e+10 1.93529e+10 1.90902e+10 1.56213e+10 1.5523e+10 1.40915e+10 1.28755e+10 1.22711e+10 1.16486e+10 1.16363e+10 1.04772e+10
threshold=27900.500000000004 22096.500000000004 33390.500000000007 24730.000000000004 7.231250000000002 3.5919270833333337 19465.500000000004 30145.500000000004 336.56250000000006 38285.500000000007 3.124739583333334 38074.500000000007 265.31250000000006 131.31250000000003 2.4122395833333337 6.459765625000002 8.5000000000000018 5.5000000000000009
decision_type=2 2 2 2 2 2 2 2 2 2 2 2 2 2 2 2 2 2
left_child=1 6 5 10 11 -2 17 -7 14 13 -3 -4 -9 -6 -5 -8 -16 -1
right_child=2 3 4 8 9 7 15 12 -10 -11 -12 -13 -14 -15 16 -17 -18 -19
leaf_value=-77.586264158468524 98.243518873964746 23.634039229036063 125.33687012581966 57.091028732200847 91.92166087945256 25.323879189216591 -24.380802161981386 61.718772024599936 -28.604628768505364 128.00332713822746 -33.032538060158657 161.93634450975401 8.8047327631090671 41.362373745173116 -13.275582780807001 -59.923319447002036 8.792397832862104 -102.18553471760335
leaf_weight=28168 6934 2675 18307 2130 15499 30860 5312 26488 12442 6877 62813 9175 2950 3206 19605 57568 35279 13512
leaf_count=28168 6934 2675 18307 2130 15499 30860 5312 26488 12442 6877 62813 9175 2950 3206 19605 57568 35279 13512
internal_value=4.86738e-08 -39.003 77.6533 -16.2736 117.177 46.4585 -68.3374 40.5034 -2.65457 95.285 -30.7179 137.556 56.4162 83.2559 3.00844 -56.9207 0.90954 -85.561
internal_weight=359800 239504 120296 134944 53064 67232 104560 60298 69456 25582 65488 27482 29438 18705 57014 62880 54884 41680
internal_count=359800 239504 120296 134944 53064 67232 104560 60298 69456 25582 65488 27482 29438 18705 57014 62880 54884 41680
is_linear=0
shrinkage=0.0229654


Tree=31
num_leaves=19
num_cat=0
split_feature=36 36 36 36 12 22 16 36 16 7 36 36 29 29 6 16 3 15
split_gain=1.97254e+12 2.96475e+11 2.61011e+11 5.64779e+10 4.28485e+10 3.62905e+10 3.12636e+10 2.72302e+10 2.66241e+10 2.19857e+10 2.16829e+10 1.82653e+10 1.41323e+10 1.2031e+10 1.1408e+10 1.14022e+10 1.06868e+10 1.05555e+10
threshold=27994.500000000004 23032.500000000004 33390.500000000007 20281.000000000004 7.231250000000002 3.5196614583333337 425.18750000000006 25864.500000000004 289.81250000000006 -0.89495246814786256 30145.500000000004 37846.000000000007 241.78125000000003 431.99375000000003 1.0000000180025095e-35 131.31250000000003 5.5000000000000009 13.206250000000002
decision_type=2 2 2 2 2 2 2 2 2 2 2 2 2 2 2 2 2 2
left_child=1 3 5 12 9 -2 7 17 10 -4 -7 15 16 -5 -12 -6 -1 -3
right_child=2 6 4 13 11 8 -8 -9 -10 -11 14 -13 -14 -15 -16 -17 -18 -19
leaf_value=-76.331286552611189 103.03764889786842 -7.5468073723208855 163.51433638212794 -50.826766382508126 88.524614065796897 31.110543591577684 -43.161521454271202 8.8414942908912622 -1.2499883517933861 119.90620169699584 63.013893029797863 121.82294537028 -51.978490177169448 -20.212468493794656 -23.224036783591476 39.885087813014934 -100.03525656538358 -26.7959057609329
leaf_weight=37024 5401 35040 9132 59651 14483 25470 13814 38491 6988 18350 27011 8016 9313 7637 834 3083 13759 26303
leaf_count=37024 5401 35040 9132 59651 14483 25470 13814 38491 6988 18350 27011 8016 9313 7637 834 3083 13759 26303
internal_value=4.90922e-08 -37.7458 76.6027 -61.8035 114.486 46.0072 -10.7804 -6.29981 40.8993 134.397 46.4238 93.0967 -77.9844 -47.3521 60.4309 79.9879 -82.7536 -15.8005
internal_weight=359800 241032 118768 127384 53064 65704 113648 99834 60303 27482 53315 25582 60096 67288 27845 17566 50783 61343
internal_count=359800 241032 118768 127384 53064 65704 113648 99834 60303 27482 53315 25582 60096 67288 27845 17566 50783 61343
is_linear=0
shrinkage=0.0229654


Tree=32
num_leaves=19
num_cat=0
split_feature=35 35 35 36 36 36 35 3 3 3 3 3 3 36 8 6 8 35
split_gain=1.91143e+12 3.32417e+11 2.68229e+11 6.15432e+10 4.88548e+10 4.54951e+10 4.43298e+10 2.05917e+10 1.9951e+10 1.88478e+10 1.77267e+10 1.65674e+10 1.58764e+10 1.55912e+10 1.44475e+10 1.39322e+10 2.045e+10 1.28973e+10
threshold=27558.500000000004 34388.000000000007 22354.500000000004 30991.000000000004 25384.500000000004 19719.500000000004 39170.500000000007 1.0000000180025095e-35 3.5000000000000004 3.5000000000000004 1.5000000000000002 1.0000000180025095e-35 3.5000000000000004 26466.500000000004 -0.065263096110025884 1.0000000180025095e-35 -1.0000000180025095e-35 30149.500000000004
decision_type=2 2 2 2 2 2 2 2 2 2 2 2 2 2 2 2 2 2
left_child=2 3 5 8 9 -1 12 -6 17 -4 15 -5 -3 -10 -11 16 -7 -2
right_child=1 6 4 11 7 10 -8 -9 13 14 -12 -13 -14 -15 -16 -17 -18 -19
leaf_value=-83.644782745569131 31.577806537853327 122.10315833601405 -14.785647916348594 100.84862073855562 32.114581276344694 -14.920584518554662 162.37214806600903 -4.9929475068454137 -9.553356953985304 -53.152770252485595 -62.955665377057265 60.740369840755307 89.685497218860249 28.318530149768677 -25.163749663455917 -90.629900314684846 -55.460832995994046 66.61128531756917
leaf_weight=41480 17384 20328 34960 6960 9936 13584 11096 38248 9368 17944 41264 24736 13104 14776 21240 2560 12696 8136
leaf_count=41480 17384 20328 34960 6960 9936 13584 11096 38248 9368 17944 41264 24736 13104 14776 21240 2560 12696 8136
internal_value=4.58368e-08 72.1534 -38.8319 44.5454 -15.3443 -64.5811 122.598 2.65898 28.5889 -27.0441 -53.3012 69.5476 109.397 13.624 -37.9811 -39.4877 -34.5058 42.7468
internal_weight=359800 125888 233912 81360 122328 111584 44528 48184 49664 74144 70104 31696 33432 24144 39184 28840 26280 25520
internal_count=359800 125888 233912 81360 122328 111584 44528 48184 49664 74144 70104 31696 33432 24144 39184 28840 26280 25520
is_linear=0
shrinkage=0.0229654


Tree=33
num_leaves=19
num_cat=0
split_feature=35 35 35 35 35 35 3 3 35 0 3 3 3 3 6 16 8 8
split_gain=1.82707e+12 3.84573e+11 1.91756e+11 7.00087e+10 4.086e+10 3.96213e+10 2.73479e+10 2.73059e+10 2.34207e+10 2.28051e+10 2.18284e+10 2.15505e+10 1.93011e+10 1.7739e+10 1.64611e+10 1.33093e+10 1.08065e+10 1.0493e+10
threshold=29383.500000000004 23929.500000000004 35950.500000000007 21122.500000000004 26490.500000000004 32087.000000000004 2.5000000000000004 3.5000000000000004 39170.500000000007 12.500000000000002 1.0000000180025095e-35 1.5000000000000002 1.0000000180025095e-35 1.0000000180025095e-35 1.0000000180025095e-35 545.81250000000011 -0.065263096110025884 1.0000000180025095e-35
decision_type=2 2 2 2 2 2 2 2 2 2 2 2 2 2 2 2 2 2
left_child=1 3 5 7 10 13 17 9 -4 -1 16 -6 -7 -2 15 -11 -3 -5
right_child=2 4 8 6 11 12 -8 -9 -10 14 -12 -13 -14 -15 -16 -17 -18 -19
leaf_value=-71.524159042451657 92.870410669521988 61.171136689914412 117.37028446665592 -5.1784610615197222 42.748327517187256 129.51040104608705 -50.220970579741561 -85.638160184484207 158.64320597406333 -18.571643439921647 -16.944880195311672 7.6467732608431582 73.922218461402181 37.612816410747058 -104.75243364305506 -64.856047338705253 4.616689920028584 -33.480564067232862
leaf_weight=27936 3456 2696 20928 12376 12088 3704 42384 33880 11096 11912 54400 38944 29784 27016 1784 4520 5256 15640
leaf_count=27936 3456 2696 20928 12376 12088 3704 42384 33880 11096 11912 54400 38944 29784 27016 1784 4520 5256 15640
internal_value=-2.68354e-10 -31.2155 85.7971 -55.2879 0.722491 62.8285 -38.5837 -69.9817 131.671 -58.4883 -11.7497 15.9613 80.0706 43.8799 -38.4965 -31.3032 23.7906 -20.9782
internal_weight=359800 263816 95984 150432 113384 63960 70400 80032 32024 46152 62352 51032 33488 30472 18216 16432 7952 28016
internal_count=359800 263816 95984 150432 113384 63960 70400 80032 32024 46152 62352 51032 33488 30472 18216 16432 7952 28016
is_linear=0
shrinkage=0.0229654


Tree=34
num_leaves=19
num_cat=0
split_feature=35 35 35 36 36 36 35 35 36 36 16 35 16 4 36 35 16 1
split_gain=1.74411e+12 3.67112e+11 1.8305e+11 7.74298e+10 4.91271e+10 3.81237e+10 2.23574e+10 2.0775e+10 1.97828e+10 1.64651e+10 1.37594e+10 1.21336e+10 1.13202e+10 1.13063e+10 1.37466e+10 1.03682e+10 8.68976e+09 7.91858e+09
threshold=29383.500000000004 23929.500000000004 35950.500000000007 21306.500000000004 26730.500000000004 31379.500000000004 39170.500000000007 19443.500000000004 27094.500000000004 32093.500000000004 394.31250000000006 32374.500000000004 545.81250000000011 1.5000000000000002 25499.500000000004 25839.500000000004 347.06250000000006 6.5000000000000009
decision_type=2 2 2 2 2 2 2 2 2 2 2 2 2 2 2 2 2 2
left_child=1 3 5 7 10 13 -4 -1 12 -6 15 -7 17 -2 -15 -3 -10 -5
right_child=2 4 6 8 9 11 -8 -9 16 -11 -12 -13 -14 14 -16 -17 -18 -19
leaf_value=-84.714307328394085 78.043492452347436 -16.327653198630696 114.67482770937076 -46.413332392958125 14.116743600152141 59.232548872810931 154.99989885986906 -60.351789755886585 16.249613533777616 56.011186489666144 -36.566010199034608 87.677396668336968 -69.27973879206084 -13.512858525876231 42.161240070154335 3.0155877236799618 -41.145044534488662 -29.736862378658579
leaf_weight=30904 3984 31268 20928 29248 39120 12200 11096 45848 4906 5664 9891 22488 6720 2608 22680 27441 1942 30864
leaf_count=30904 3984 31268 20928 29248 39120 12200 11096 45848 4906 5664 9891 22488 6720 2608 22680 27441 1942 30864
internal_value=-5.57274e-08 -30.4986 83.8267 -54.0182 0.705899 61.3857 128.647 -70.1613 -37.2019 19.4153 -11.5081 77.6732 -41.0111 42.0846 36.4195 -7.28649 -0.0267337 -37.8509
internal_weight=359800 263816 95984 150432 113384 63960 32024 76752 73680 44784 68600 34688 66832 29272 25288 58709 6848 60112
internal_count=359800 263816 95984 150432 113384 63960 32024 76752 73680 44784 68600 34688 66832 29272 25288 58709 6848 60112
is_linear=0
shrinkage=0.0229654


Tree=35
num_leaves=19
num_cat=0
split_feature=10 7 8 3 7 8 3 13 8 25 25 16 6 16 7 7 3 7
split_gain=9.39965e+11 4.27853e+11 3.02161e+11 1.17465e+11 1.14784e+11 9.27142e+10 6.69332e+10 6.23257e+10 5.65477e+10 4.52325e+10 4.31658e+10 3.07913e+10 2.93077e+10 2.90221e+10 2.86476e+10 2.49829e+10 2.18312e+10 2.01697e+10
threshold=-1.0000000180025095e-35 -0.55438071450436044 -0.32075123873380501 4.5000000000000009 -0.5 -0.19467261866128607 4.5000000000000009 4.3437500000000009 -0.32075123873380501 6.2414062500000016 8.9502604166666693 184.68750000000003 1.0000000180025095e-35 425.18750000000006 -0.89495246814786256 -0.065263096110025953 3.5000000000000004 -0.13052619222005171
decision_type=2 2 2 2 2 2 2 2 2 2 2 2 2 2 2 2 2 2
left_child=4 7 3 10 5 16 8 14 13 -4 12 -9 -3 -6 -2 -10 -1 -11
right_child=1 2 9 -5 6 -7 -8 11 15 17 -12 -13 -14 -15 -16 -17 -18 -19
leaf_value=-27.557412819903554 139.18252505899454 102.87665901737526 5.0860092914180743 1.2762748111599371 -3.0401512444697252 11.321449554593 -75.686927678638952 77.203116300514523 -17.980591390275098 7.3817579205631549 47.00653043202805 11.468956186370393 -54.572621577654161 -45.028998096367658 93.30705961965441 -61.679529398094552 -72.652350004620132 -39.191243243637302
leaf_weight=13248 13448 21658 28199 14560 25468 38560 35080 21182 8280 5697 14100 4569 642 13172 15401 41400 9888 35248
leaf_count=13248 13448 21658 28199 14560 25468 38560 35080 21182 8280 5697 14100 4569 642 13172 15401 41400 9888 35248
internal_value=-5.23368e-08 38.2073 13.9754 56.4058 -36.0622 -10.4855 -48.8497 91.5104 -38.1902 -17.2963 78.4577 65.5399 98.3438 -17.3537 114.692 -54.3964 -46.8304 -32.7112
internal_weight=359800 174704 120104 50960 185096 61696 123400 54600 88320 69144 36400 25751 22300 38640 28849 49680 23136 40945
internal_count=359800 174704 120104 50960 185096 61696 123400 54600 88320 69144 36400 25751 22300 38640 28849 49680 23136 40945
is_linear=0
shrinkage=0.0229654


Tree=36
num_leaves=19
num_cat=0
split_feature=35 35 35 36 36 36 35 3 3 3 3 3 3 35 35 6 0 3
split_gain=1.60067e+12 2.79342e+11 2.26475e+11 5.11378e+10 4.16045e+10 3.91744e+10 3.76173e+10 2.19257e+10 1.72372e+10 1.67132e+10 1.54958e+10 1.40269e+10 1.36859e+10 1.32098e+10 1.29385e+10 1.28604e+10 1.70968e+10 1.21291e+10
threshold=27558.500000000004 34388.000000000007 22354.500000000004 30145.500000000004 23997.500000000004 19719.500000000004 38550.000000000007 1.0000000180025095e-35 3.5000000000000004 1.0000000180025095e-35 1.5000000000000002 3.5000000000000004 1.0000000180025095e-35 31940.500000000004 25901.500000000004 1.0000000180025095e-35 13.500000000000002 3.5000000000000004
decision_type=2 2 2 2 2 2 2 2 2 2 2 2 2 2 2 2 2 2
left_child=2 3 5 8 11 -1 12 -6 -2 -5 15 -4 -3 -11 -9 16 -7 -8
right_child=1 6 4 9 7 10 17 14 -10 13 -12 -13 -14 -15 -16 -17 -18 -19
leaf_value=-76.885627136071079 38.156440274346814 148.14098552116559 -15.935743690208971 90.886470802703855 25.975691946470079 -51.295838848570696 160.23736191576111 -16.807718566182039 9.1914901103534952 38.084797445071139 -57.755251399374941 -40.334622103087895 93.368732788464385 68.325486463583829 5.1147934135886066 -84.949108366063697 -14.098848785414448 115.84944138813103
leaf_weight=41480 21664 2632 21768 7496 11768 11960 8688 36656 21680 15856 41264 28960 28024 14664 23176 2560 14320 5184
leaf_count=41480 21664 2632 21768 7496 11768 11960 8688 36656 21680 15856 41264 28960 28024 14664 23176 2560 14320 5184
internal_value=1.97949e-08 66.0282 -35.5354 40.7199 -13.9532 -59.1957 112.27 -2.67991 23.6686 60.161 -48.7287 -29.8648 98.0713 52.6146 -8.31601 -35.8136 -31.0272 143.649
internal_weight=359800 125888 233912 81360 122328 111584 44528 71600 43344 38016 70104 50728 30656 30520 59832 28840 26280 13872
internal_count=359800 125888 233912 81360 122328 111584 44528 71600 43344 38016 70104 50728 30656 30520 59832 28840 26280 13872
is_linear=0
shrinkage=0.0229654


Tree=37
num_leaves=19
num_cat=0
split_feature=35 35 35 36 36 35 35 36 3 3 35 3 3 7 3 3 3 16
split_gain=1.52946e+12 3.22961e+11 1.62246e+11 6.80781e+10 4.2844e+10 3.29744e+10 2.01274e+10 1.9215e+10 1.75619e+10 1.731e+10 1.61587e+10 1.59289e+10 1.54471e+10 1.30185e+10 1.16688e+10 1.15849e+10 1.15739e+10 1.05862e+10
threshold=29383.500000000004 23929.500000000004 35950.500000000007 20822.500000000004 27164.500000000004 32087.000000000004 39830.500000000007 27094.500000000004 3.5000000000000004 1.0000000180025095e-35 19234.500000000004 1.0000000180025095e-35 1.0000000180025095e-35 0.25881904510252096 3.5000000000000004 1.0000000180025095e-35 4.5000000000000009 545.81250000000011
decision_type=2 2 2 2 2 2 2 2 2 2 2 2 2 2 2 2 2 2
left_child=1 3 5 10 8 12 14 17 -3 -7 -1 13 -2 -6 -4 -9 -12 -5
right_child=2 4 6 7 11 9 -8 15 -10 -11 16 -13 -14 -15 -16 -17 -18 -19
leaf_value=-81.812316755484574 85.801515358220684 1.772631051207284 122.70804658106834 -37.191172859555266 30.36012014765647 119.92130820092731 151.32719900408102 29.464777831570469 -20.546577324043476 67.27833477574805 -46.526103539029172 12.365118588698911 34.236988207212598 93.471769057839651 89.610216536315718 -30.286178409391177 -70.908337047048775 -65.983176604800718
leaf_weight=26328 3456 36768 14488 68717 6280 3704 8360 3488 37616 29784 20456 30344 27016 2376 9176 3360 20616 7467
leaf_count=26328 3456 36768 14488 68717 6280 3704 8360 3488 37616 29784 20456 30344 27016 2376 9176 3360 20616 7467
internal_value=1.4066e-08 -28.5602 78.4989 -50.6201 0.707804 57.3715 120.696 -36.7009 -9.5142 73.101 -67.7676 20.204 40.0852 47.6837 109.874 0.14772 -58.7647 -40.0132
internal_weight=359800 263816 95984 150432 113384 63960 32024 83032 74384 33488 67400 39000 30472 8656 23664 6848 41072 76184
internal_count=359800 263816 95984 150432 113384 63960 32024 83032 74384 33488 67400 39000 30472 8656 23664 6848 41072 76184
is_linear=0
shrinkage=0.0229654


Tree=38
num_leaves=19
num_cat=0
split_feature=35 35 35 36 36 35 36 3 3 3 8 3 35 3 3 36 8 8
split_gain=1.46207e+12 2.5437e+11 2.07652e+11 5.08265e+10 4.6802e+10 3.44408e+10 2.8178e+10 2.2312e+10 1.75739e+10 1.63653e+10 1.48859e+10 1.39106e+10 1.36179e+10 1.34886e+10 1.34752e+10 1.29465e+10 1.16731e+10 1.13428e+10
threshold=27558.500000000004 34388.000000000007 21746.500000000004 23997.500000000004 30991.000000000004 39170.500000000007 19257.500000000004 1.0000000180025095e-35 3.5000000000000004 3.5000000000000004 -0.19467261866128607 3.5000000000000004 24875.500000000004 1.0000000180025095e-35 1.5000000000000002 26466.500000000004 -0.065263096110025884 1.0000000180025095e-35
decision_type=2 2 2 2 2 2 2 2 2 2 2 2 2 2 2 2 2 2
left_child=2 4 6 9 8 11 -1 10 -2 -4 -5 -3 -9 -6 17 -10 -11 -8
right_child=1 5 3 7 13 -7 14 12 15 16 -12 -13 -14 -15 -16 -17 -18 -19
leaf_value=-77.782281823340355 38.327078500322166 107.48975033615737 -17.82640091532274 56.873527239590082 89.000780486336637 142.29013345615857 -24.756973485500509 -21.812859766258974 -10.126037161288872 -54.284121990782729 5.437229846915189 77.145335370701602 0.02144741233446882 52.810611798496581 -60.233603497115382 24.38458306876694 -27.963566902850808 -54.45453239523119
leaf_weight=31408 25520 20328 27392 4720 6960 11096 14184 25360 9368 18216 7992 13104 37112 24736 37176 14776 17352 13000
leaf_count=31408 25520 20328 27392 4720 6960 11096 14184 25360 9368 18216 7992 13104 37112 24736 37176 14776 17352 13000
internal_value=-6.19992e-08 63.1048 -33.9621 -15.946 38.9543 107.232 -59.95 -3.19856 25.0393 -31.1684 24.5357 95.596 -8.84201 60.7575 -51.2478 10.9943 -41.4435 -38.959
internal_weight=359800 125888 233912 138144 81360 44528 95768 75184 49664 62960 12712 33432 62472 31696 64360 24144 35568 27184
internal_count=359800 125888 233912 138144 81360 44528 95768 75184 49664 62960 12712 33432 62472 31696 64360 24144 35568 27184
is_linear=0
shrinkage=0.0229654


Tree=39
num_leaves=19
num_cat=0
split_feature=10 0 0 7 3 3 0 0 13 19 14 0 6 25 3 22 10 3
split_gain=7.90048e+11 4.80403e+11 1.58523e+11 1.44727e+11 9.63489e+10 7.49742e+10 6.30437e+10 5.95951e+10 5.10217e+10 4.08849e+10 3.8376e+10 2.58829e+10 2.58053e+10 2.50671e+10 1.84538e+10 1.84013e+10 1.79674e+10 1.66079e+10
threshold=1.0000000180025095e-35 14.500000000000002 33.500000000000007 -0.79335334029123528 4.5000000000000009 4.5000000000000009 44.500000000000007 13.500000000000002 4.4312500000000012 6.5062500000000005 65.312500000000014 45.500000000000007 1.0000000180025095e-35 7.3403645833333346 3.5000000000000004 5.8491753472222241 0.6830127018922193 3.5000000000000004
decision_type=2 2 2 2 2 2 2 2 2 2 2 2 2 2 2 2 2 2
left_child=2 13 5 9 6 7 8 -1 12 -3 -9 14 16 -2 -4 -6 -5 -11
right_child=1 3 11 4 15 -7 -8 10 -10 17 -12 -13 -14 -15 -16 -17 -18 -19
leaf_value=-59.322071740693744 -8.0693990660426387 67.634947624701937 18.673751488868977 72.106332204552089 32.094613955163666 -75.359919613964706 7.0673522034209144 -44.267945545650214 43.30632958758126 135.42658627453829 -5.3368801255738072 -32.262521004100492 -38.104385513225829 -40.284331313226971 -10.643062786768565 -9.2278392836418899 108.96061541667673 95.420708518928237
leaf_weight=35880 25261 14273 26496 12419 8760 36176 10400 22639 22843 12205 32561 11568 817 25699 19776 16184 15921 9922
leaf_count=35880 25261 14273 26496 12419 8760 36176 10400 22639 22843 12205 32561 11568 817 25699 19776 16184 15921 9922
internal_value=-4.9638e-08 35.0282 -33.0616 59.4669 43.4337 -47.3899 58.6838 -36.2805 69.007 97.9395 -21.3036 -1.53718 89.1422 -24.3153 6.14416 5.28405 92.8105 117.487
internal_weight=359800 174704 185096 123744 87344 127256 62400 91080 52000 36400 55200 57840 29157 50960 46272 24944 28340 22127
internal_count=359800 174704 185096 123744 87344 127256 62400 91080 52000 36400 55200 57840 29157 50960 46272 24944 28340 22127
is_linear=0
shrinkage=0.0229654


Tree=40
num_leaves=19
num_cat=0
split_feature=32 0 26 0 16 0 3 0 3 0 1 16 3 4 26 0 22 0
split_gain=6.51013e+11 4.54299e+11 1.51431e+11 1.34663e+11 9.61142e+10 8.20109e+10 6.38944e+10 5.41145e+10 4.89879e+10 4.07122e+10 3.93584e+10 3.8503e+10 3.6186e+10 3.05311e+10 2.54112e+10 2.20108e+10 1.79202e+10 1.72366e+10
threshold=1.0000000180025095e-35 14.500000000000002 5.7518229166666677 33.500000000000007 256.43750000000006 43.500000000000007 4.5000000000000009 13.500000000000002 4.5000000000000009 43.500000000000007 9.5000000000000018 433.81250000000006 4.5000000000000009 1.5000000000000002 6.0217447916666682 45.500000000000007 2.863932291666667 29.500000000000004
decision_type=2 2 2 2 2 2 2 2 2 2 2 2 2 2 2 2 2 2
left_child=1 14 9 6 5 8 7 -2 13 12 -10 -9 16 -4 -1 -5 -3 -14
right_child=3 2 4 15 -6 -7 -8 11 10 -11 -12 -13 17 -15 -16 -17 -18 -19
leaf_value=-3.9424090242760714 -60.314731845064983 155.10864302725764 113.97286690583879 4.522782507238654 -15.980159364329756 -4.3737551019850995 -74.774288838879414 -5.3105130332287578 -33.331400871820996 32.548765551999978 43.836252929055753 -47.265401548148098 27.784926831081179 61.126594508959698 -36.530337326417687 -33.167961370730325 102.50610135215757 90.130045581344433
leaf_weight=18693 31199 4035 6725 41226 16203 14368 32822 29785 4630 6096 14107 18830 4825 40426 38845 10192 22254 4539
leaf_count=18693 31199 4035 6725 41226 16203 14368 32822 29785 4630 6096 14107 18830 4825 40426 38845 10192 22254 4539
internal_value=3.04082e-08 28.2804 50.8544 -33.7436 35.0395 45.3399 -47.8016 -36.7096 56.1809 87.394 24.7678 -21.5609 96.7716 68.6639 -25.9431 -2.94822 110.58 58.0054
internal_weight=359800 195746 138208 164054 96459 80256 112636 79814 65888 41749 18737 48615 35653 47151 57538 51418 26289 9364
internal_count=359800 195746 138208 164054 96459 80256 112636 79814 65888 41749 18737 48615 35653 47151 57538 51418 26289 9364
is_linear=0
shrinkage=0.0229654


Tree=41
num_leaves=19
num_cat=0
split_feature=36 36 36 19 36 36 16 30 36 36 6 36 15 16 16 30 4 12
split_gain=1.27442e+12 1.98426e+11 1.71954e+11 3.85137e+10 2.98783e+10 2.24254e+10 2.22049e+10 1.67443e+10 1.61014e+10 1.57322e+10 1.42821e+10 1.09921e+10 1.08496e+10 1.07295e+10 1.00134e+10 9.79262e+09 8.68327e+09 8.16074e+09
threshold=27525.500000000004 32394.000000000004 21816.500000000004 8.1562500000000018 24511.500000000004 19036.500000000004 271.43750000000006 1782.0125000000003 37846.000000000007 37273.500000000007 1.0000000180025095e-35 29388.500000000004 13.206250000000002 343.56250000000006 131.31250000000003 1928.5375000000001 1.5000000000000002 2.4062500000000009
decision_type=2 2 2 2 2 2 2 2 2 2 2 2 2 2 2 2 2 2
left_child=2 6 5 8 12 -1 7 11 14 15 13 -2 -4 17 -3 -5 -7 -6
right_child=1 3 4 9 10 16 -8 -9 -10 -11 -12 -13 -14 -15 -16 -17 -18 -19
leaf_value=-70.62434737308088 21.184719595350195 66.665719970652518 -18.226125878553276 86.654804743158152 37.677541859719092 2.9559118660784103 -3.0858405706289247 86.870112046925357 97.577386094042026 125.0118269900191 -67.472526585985761 42.2865779309804 -36.928288661899103 -22.447656522574178 27.810699870459882 140.510523529149 -48.768043462476335 -0.60369501958833205
leaf_weight=33080 24248 18442 38871 17530 3116 1760 9099 3170 7774 12643 1848 28115 28249 11945 4317 1982 62480 51131
leaf_count=33080 24248 18442 38871 17530 3116 1760 9099 3170 7774 12643 1848 28115 28249 11945 4317 1982 62480 51131
internal_value=-7.43824e-11 58.4042 -31.9857 87.5151 -15.226 -55.2618 30.1689 35.6176 69.0425 105.056 -4.50163 32.5148 -26.0974 -2.74356 59.2956 92.1254 -47.3509 1.59522
internal_weight=359800 127320 232480 62688 135160 97320 64632 55533 30533 32155 68040 52363 67120 66192 22759 19512 64240 54247
internal_count=359800 127320 232480 62688 135160 97320 64632 55533 30533 32155 68040 52363 67120 66192 22759 19512 64240 54247
is_linear=0
shrinkage=0.0229654


Tree=42
num_leaves=19
num_cat=0
split_feature=35 35 35 35 3 3 3 35 35 3 0 3 35 16 16 35 35 16
split_gain=1.23644e+12 2.29212e+11 1.6868e+11 5.77323e+10 3.56851e+10 2.6557e+10 2.3215e+10 1.74069e+10 1.72144e+10 1.67009e+10 1.65882e+10 1.59702e+10 1.34706e+10 1.25996e+10 1.19712e+10 9.90495e+09 8.75492e+09 8.17325e+09
threshold=27337.500000000004 32374.500000000004 21693.500000000004 36866.500000000007 3.5000000000000004 1.0000000180025095e-35 4.5000000000000009 24722.500000000004 24670.500000000004 1.0000000180025095e-35 12.500000000000002 3.5000000000000004 30149.500000000004 545.81250000000011 524.56250000000011 18759.500000000004 41867.500000000007 425.18750000000006
decision_type=2 2 2 2 2 2 2 2 2 2 2 2 2 2 2 2 2 2
left_child=2 5 6 9 7 -2 10 -4 17 -3 15 16 -7 -12 -8 -1 -5 -6
right_child=1 3 4 11 8 12 14 -9 -10 -11 13 -13 -14 -15 -16 -17 -18 -19
leaf_value=-75.595472364094064 68.695165150900593 113.50268488014309 -14.954269603090893 123.35610187503369 -34.890130327650468 14.16164573610912 -65.957646605205284 7.2630550649104197 -14.867656645787672 64.845228279755872 -22.999642550794274 91.845700874433348 36.969136160987098 -59.927758699034634 -106.22890502998887 -49.746552460089497 177.13355345825039 -66.460833282904048
leaf_weight=10896 7240 4184 41832 13656 28708 39064 26451 33488 26288 33576 18072 9528 21000 6672 4565 27680 1808 5092
leaf_count=10896 7240 4184 41832 13656 28708 39064 26451 33488 26288 33576 18072 9528 21000 6672 4565 27680 1808 5092
internal_value=-4.25257e-08 56.5831 -32.0312 88.1574 -15.6064 27.1442 -55.607 -5.07623 -28.8058 70.2367 -47.6336 115.233 22.1358 -32.957 -71.8849 -57.0477 129.644 -39.6463
internal_weight=359800 130056 229744 62752 135408 67304 94336 75320 60088 37760 63320 24992 60064 24744 31016 38576 15464 33800
internal_count=359800 130056 229744 62752 135408 67304 94336 75320 60088 37760 63320 24992 60064 24744 31016 38576 15464 33800
is_linear=0
shrinkage=0.0229654


Tree=43
num_leaves=19
num_cat=0
split_feature=10 0 0 7 3 3 0 0 19 19 14 6 25 0 9 3 29 3
split_gain=6.65034e+11 4.03687e+11 1.34318e+11 1.19122e+11 7.50405e+10 6.43678e+10 5.4755e+10 5.0182e+10 4.33416e+10 3.51152e+10 3.38432e+10 2.50468e+10 2.24414e+10 2.21211e+10 1.82915e+10 1.63941e+10 1.57658e+10 1.45474e+10
threshold=1.0000000180025095e-35 15.500000000000002 33.500000000000007 -0.79335334029123528 4.5000000000000009 4.5000000000000009 44.500000000000007 13.500000000000002 6.5062500000000005 6.5062500000000005 65.312500000000014 1.0000000180025095e-35 7.4046875000000005 45.500000000000007 0.93301270189221952 3.5000000000000004 514.9937500000002 3.5000000000000004
decision_type=2 2 2 2 2 2 2 2 2 2 2 2 2 2 2 2 2 2
left_child=2 12 5 9 6 7 8 -1 -5 -3 -9 14 -2 15 -10 -4 -6 -11
right_child=1 3 13 4 16 -7 -8 10 11 17 -12 -13 -14 -15 -16 -17 -18 -19
leaf_value=-54.372438206056394 -4.8480810955746856 62.272969546271341 17.595703821909112 36.322511243288538 -4.0701710432685987 -69.438568406893779 6.4464786491208654 -41.050973951741966 92.682364539372003 125.26362010523769 -4.4913337777899454 -36.890825842995724 -34.29485126219938 -29.720074143560158 45.524848996620122 -10.036597981223238 40.069424381995027 87.821619395015475
leaf_weight=35880 27176 14273 26496 18252 18342 36176 10400 22639 24974 12205 32561 924 27424 11568 5250 19776 5562 9922
leaf_count=35880 27176 14273 26496 18252 18342 36176 10400 22639 24974 12205 32561 924 27424 11568 5250 19776 5562 9922
internal_value=-2.75416e-08 32.1375 -30.3332 55.6752 40.5928 -43.5224 54.3406 -33.2288 64.4236 90.358 -19.4854 80.8902 -19.6383 -1.31518 84.491 5.78605 6.20026 108.474
internal_weight=359800 174704 185096 120104 83704 127256 59800 91080 49400 36400 55200 31148 54600 57840 30224 46272 23904 22127
internal_count=359800 174704 185096 120104 83704 127256 59800 91080 49400 36400 55200 31148 54600 57840 30224 46272 23904 22127
is_linear=0
shrinkage=0.0229654


Tree=44
num_leaves=19
num_cat=0
split_feature=35 35 35 35 36 35 5 1 36 5 5 6 16 5 16 16 5 35
split_gain=1.13406e+12 2.10109e+11 1.5535e+11 4.25681e+10 3.55197e+10 2.58114e+10 2.12945e+10 1.51052e+10 1.49628e+10 1.31304e+10 1.31164e+10 1.29807e+10 1.26599e+10 1.14486e+10 1.13275e+10 1.03176e+10 9.65901e+09 9.35275e+09
threshold=27337.500000000004 34697.500000000007 21693.500000000004 30749.500000000004 23776.500000000004 39170.500000000007 1.0000000180025095e-35 5.5000000000000009 29801.500000000004 1.0000000180025095e-35 1.0000000180025095e-35 1.0000000180025095e-35 545.81250000000011 1.0000000180025095e-35 524.56250000000011 244.31250000000003 1.0000000180025095e-35 18759.500000000004
decision_type=2 2 2 2 2 2 2 2 2 2 2 2 2 2 2 2 2 2
left_child=2 3 6 10 9 16 7 17 -6 -4 15 12 -9 -5 -8 -2 -3 -1
right_child=1 5 4 13 8 -7 14 11 -10 -11 -12 -13 -14 -15 -16 -17 -18 -19
leaf_value=-72.671907713019706 33.663429245074141 92.969878087453523 -19.338632036496584 60.345668185023676 -7.7318388298385177 126.64403814915708 -63.125956867199321 -15.984516890908516 27.45958052865506 -41.307454965467471 0.535898444932008 -87.509885759409073 -54.106716779522259 31.654559456997774 -102.29948967414533 4.7639996191714014 62.701854072313886 -47.553856378172185
leaf_weight=10896 29432 23376 35752 27464 68664 11096 26451 16336 7024 23968 13016 2016 6392 10008 4565 8368 7296 27680
leaf_count=10896 29432 23376 35752 27464 68664 11096 26451 16336 7024 23968 13016 2016 6392 10008 4565 8368 7296 27680
internal_value=-5.36452e-08 54.19 -30.6765 34.1128 -14.914 96.6285 -53.3016 -45.6651 -4.466 -28.1556 20.4192 -31.6599 -26.706 52.6829 -68.8916 27.2658 85.77 -54.6486
internal_weight=359800 130056 229744 88288 135408 41768 94336 63320 75688 59720 50816 24744 22728 37472 31016 37800 30672 38576
internal_count=359800 130056 229744 88288 135408 41768 94336 63320 75688 59720 50816 24744 22728 37472 31016 37800 30672 38576
is_linear=0
shrinkage=0.0229654


Tree=45
num_leaves=19
num_cat=0
split_feature=35 35 35 35 36 36 36 36 35 15 36 36 6 6 10 15 4 26
split_gain=1.08282e+12 2.12615e+11 1.40078e+11 5.15157e+10 3.07395e+10 2.06258e+10 2.00293e+10 1.38161e+10 1.30923e+10 1.09099e+10 9.157e+09 8.1974e+09 1.15806e+10 7.91721e+09 8.98118e+09 7.47389e+09 7.28748e+09 7.20052e+09
threshold=27129.500000000004 32374.500000000004 21693.500000000004 36866.500000000007 23776.500000000004 19178.500000000004 27675.500000000004 29801.500000000004 41867.500000000007 14.606250000000003 32394.000000000004 23667.500000000004 1.0000000180025095e-35 1.0000000180025095e-35 0.6830127018922193 13.918750000000003 1.5000000000000002 5.3605468750000007
decision_type=2 2 2 2 2 2 2 2 2 2 2 2 2 2 2 2 2 2
left_child=2 6 5 10 9 -1 15 -6 17 -4 16 -7 -13 14 -8 -2 -3 -5
right_child=1 3 4 8 7 11 13 -9 -10 -11 -12 12 -14 -15 -16 -17 -18 -19
leaf_value=-67.763223810801307 18.425722032898037 84.511340836104566 -21.196688520648973 115.19460918807249 -8.4736026288074271 -48.952578281433176 29.428198993315373 26.793701070242136 155.32392583591573 -42.71260704834814 73.391008362147929 -21.736281735564454 -92.974790614601091 -23.368195753041775 53.21487909007346 -6.4645028573434775 40.311149351701459 89.05910430808909
leaf_weight=30104 16734 2464 41319 11203 65712 50760 31888 6432 2752 17777 25536 12136 1336 1232 11352 10266 9760 11037
leaf_count=30104 16734 2464 41319 11203 65712 50760 31888 6432 2752 17777 25536 12136 1336 1232 11352 10266 9760 11037
internal_value=1.14636e-08 51.6479 -30.732 82.4947 -15.3887 -52.0775 24.5646 -5.32935 108.071 -27.669 65.5664 -44.726 -28.8009 34.0374 35.673 8.96191 49.2206 102.224
internal_weight=359800 134224 225576 62752 131240 94336 71472 72144 24992 59096 37760 64232 13472 44472 43240 27000 12224 22240
internal_count=359800 134224 225576 62752 131240 94336 71472 72144 24992 59096 37760 64232 13472 44472 43240 27000 12224 22240
is_linear=0
shrinkage=0.0229654


Tree=46
num_leaves=19
num_cat=0
split_feature=36 36 36 19 25 25 36 36 16 36 16 25 16 15 36 8 16 3
split_gain=1.02363e+12 1.59881e+11 1.38312e+11 2.7905e+10 2.57583e+10 2.28793e+10 2.01212e+10 1.9362e+10 1.90413e+10 1.32366e+10 1.25616e+10 1.06025e+10 8.50908e+09 8.11612e+09 8.03466e+09 7.81038e+09 7.57639e+09 7.46773e+09
threshold=27525.500000000004 33390.500000000007 21978.500000000004 8.4687500000000018 3.124739583333334 4.2148437500000009 19036.500000000004 24730.000000000004 289.81250000000006 29801.500000000004 129.18750000000003 2.7429687499999997 468.31250000000006 11.606250000000003 38855.500000000007 -0.55438071450436044 472.68750000000006 5.5000000000000009
decision_type=2 2 2 2 2 2 2 2 2 2 2 2 2 2 2 2 2 2
left_child=2 4 6 10 -2 15 17 16 9 -6 14 -5 -9 -8 -3 -4 -7 -1
right_child=1 3 5 11 8 7 13 12 -10 -11 -12 -13 -14 -15 -16 -17 -18 -19
leaf_value=-55.378554902514644 78.383462811486027 65.272128918235026 111.33796802650184 128.38695451569333 19.999383256006588 -21.5875411413762 -34.290122545988815 -3.3216449670005428 -5.7565828071200755 41.522706628986683 28.97073881309392 92.202711983928893 -33.77904899038414 -50.123602005241096 97.332957307820763 15.414552505772724 -45.526590251201711 -78.188281335642102
leaf_weight=21352 5506 17303 469 5365 28823 55331 36679 51812 8345 31582 4042 20942 5336 31945 5412 9850 7978 11728
leaf_count=21352 5506 17303 469 5365 28823 55331 36679 51812 8345 31582 4042 20942 5336 31945 5412 9850 7978 11728
internal_value=2.89858e-08 52.3431 -28.6662 82.7863 30.5881 -13.045 -48.7529 -15.8564 26.7603 31.2526 66.2731 99.5821 -6.1655 -41.6607 72.9108 19.7743 -24.6043 -63.4654
internal_weight=359800 127320 232480 53064 74256 130776 101704 120457 68750 60405 26757 26307 57148 68624 22715 10319 63309 33080
internal_count=359800 127320 232480 53064 74256 130776 101704 120457 68750 60405 26757 26307 57148 68624 22715 10319 63309 33080
is_linear=0
shrinkage=0.0229654


Tree=47
num_leaves=19
num_cat=0
split_feature=36 36 36 12 26 36 36 36 6 7 25 7 6 25 4 12 3 0
split_gain=9.77154e+11 1.52622e+11 1.32174e+11 2.66645e+10 2.6011e+10 2.30752e+10 1.7557e+10 1.63492e+10 1.40271e+10 1.34729e+10 1.22825e+10 1.1191e+10 9.30792e+09 8.70876e+09 7.64323e+09 7.58055e+09 7.12867e+09 6.8926e+09
threshold=27525.500000000004 33390.500000000007 21816.500000000004 7.231250000000002 2.5639322916666671 24101.500000000004 19036.500000000004 30145.500000000004 1.0000000180025095e-35 -0.89495246814786256 4.2148437500000009 -0.89495246814786256 1.0000000180025095e-35 3.124739583333334 1.5000000000000002 10.306250000000004 5.5000000000000009 33.500000000000007
decision_type=2 2 2 2 2 2 2 2 2 2 2 2 2 2 2 2 2 2
left_child=2 4 6 9 -2 13 16 -6 10 -3 -7 -5 -9 -4 -8 -13 -1 -10
right_child=1 3 5 11 7 8 14 12 17 -11 -12 15 -14 -15 -16 -17 -18 -19
leaf_value=-54.10676340564936 89.341632832017339 119.38553699232408 21.741317740854544 82.075872245949341 16.843821113537924 26.725680004902003 5.7829142955790456 41.216741861127772 -94.965766386597238 85.248321293868372 -6.3946952286074294 60.761264459931034 -33.715277212973625 -26.140464450950983 -42.744656243233621 23.220726566793619 -76.392656432927495 -7.5361245304081326
leaf_weight=21352 3688 9132 2079 10596 39037 6454 1760 30631 1344 18350 69466 11185 900 55081 62480 3801 11728 736
leaf_count=21352 3688 9132 2079 10596 39037 6454 1760 30631 1344 18350 69466 11185 900 55081 62480 3801 11728 736
internal_value=9.37516e-09 51.1411 -28.0079 80.8851 29.8857 -13.3142 -48.4148 26.7784 -5.19111 96.5918 -3.57911 64.0119 39.0779 -24.3989 -41.4151 51.2396 -62.0079 -64.0291
internal_weight=359800 127320 232480 53064 74256 135160 97320 70568 78000 27482 75920 25582 31531 57160 64240 14986 33080 2080
internal_count=359800 127320 232480 53064 74256 135160 97320 70568 78000 27482 75920 25582 31531 57160 64240 14986 33080 2080
is_linear=0
shrinkage=0.0229654


Tree=48
num_leaves=19
num_cat=0
split_feature=36 36 36 12 7 25 36 26 36 28 10 4 7 25 36 26 5 9
split_gain=9.32788e+11 1.45909e+11 1.26197e+11 3.02568e+10 2.06039e+10 2.056e+10 1.93008e+10 1.82728e+10 1.77527e+10 1.25764e+10 1.17333e+10 9.09621e+09 8.91994e+09 7.32463e+09 7.67246e+09 6.90182e+09 6.19358e+09 6.0585e+09
threshold=27525.500000000004 32394.000000000004 22096.500000000004 8.9562500000000025 -0.89495246814786256 3.124739583333334 19036.500000000004 1.9851562500000004 24730.000000000004 1.1107847744360904 -0.24999999999999994 1.5000000000000002 -0.89495246814786256 3.124739583333334 35561.000000000007 3.1248697916666672 1.0000000180025095e-35 -0.5
decision_type=2 2 2 2 2 2 2 2 2 2 2 2 2 2 2 2 2 2
left_child=2 7 6 4 15 -4 16 -2 -7 10 -9 -8 -5 -6 -15 -3 -1 -11
right_child=1 3 5 12 13 8 11 9 -10 17 -12 -13 -14 14 -16 -17 -18 -19
leaf_value=-48.942741342363625 95.523153895453959 145.11919729108084 30.676221079713596 68.309820754994419 100.73415661258285 -22.563394282454961 8.048142252280881 11.152820590397768 -5.0535741169474635 31.18664039220846 38.170111357985448 -40.783028092958112 35.850178873902571 56.340595428869825 81.469399654765709 101.13115287219441 -69.066470495051391 1.7048643877541914
leaf_weight=13944 1921 2238 5672 7897 4746 62813 2072 11705 59435 4826 30749 69408 10274 12068 13664 11801 19136 15431
leaf_count=13944 1921 2238 5672 7897 4746 62813 2072 11705 59435 4826 30749 69408 10274 12068 13664 11801 19136 15431
internal_value=7.74374e-09 49.9666 -27.3647 74.9297 85.1231 -12.0672 -46.0798 25.7543 -14.0504 23.6171 30.7212 -39.3676 49.9569 74.5193 69.6843 108.143 -60.5838 8.72856
internal_weight=359800 127320 232480 62688 44517 127920 104560 64632 122248 62711 42454 71480 18171 30478 25732 14039 33080 20257
internal_count=359800 127320 232480 62688 44517 127920 104560 64632 122248 62711 42454 71480 18171 30478 25732 14039 33080 20257
is_linear=0
shrinkage=0.0229654


Tree=49
num_leaves=19
num_cat=0
split_feature=36 36 36 36 28 25 16 16 25 7 36 15 8 36 8 3 30 25
split_gain=8.91023e+11 1.42712e+11 1.14617e+11 2.68018e+10 2.47567e+10 2.03665e+10 2.02095e+10 1.62466e+10 1.52127e+10 1.49176e+10 1.27352e+10 1.06974e+10 1.00884e+10 9.81082e+09 7.73969e+09 1.09155e+10 9.68023e+09 7.92102e+09
threshold=28145.500000000004 23032.500000000004 33390.500000000007 19465.500000000004 0.77855201863353962 3.124739583333334 394.31250000000006 333.31250000000006 2.7429687499999997 -0.13052619222005171 37273.500000000007 11.606250000000003 0.75023006073889131 38855.500000000007 1.0000000180025095e-35 4.5000000000000009 376.93125000000003 7.0028645833333352
decision_type=2 2 2 2 2 2 2 2 2 2 2 2 2 2 2 2 2 2
left_child=1 3 5 -1 10 -2 8 12 -3 -10 -4 -5 -7 -6 15 16 -11 -16
right_child=2 6 4 11 13 7 -8 -9 9 14 -12 -13 -14 -15 17 -17 -18 -19
leaf_value=-56.83241032476657 76.422151050097213 38.688486832820857 76.963236276846743 -26.506496206758776 46.285672876140808 35.845153638581301 -29.975663896974932 -13.059498328842565 5.6562502829150096 -10.393924520199528 105.22542781577818 -42.74096546899154 9.4689252007046925 85.416886849415462 -8.0096434149685916 -31.107808183819429 21.052886674603567 -33.207042237088778
leaf_weight=41680 4894 4486 20257 44135 13973 44045 16645 4750 41962 11338 14377 41569 9255 4457 12318 6055 9479 14125
leaf_count=41680 4894 4486 20257 44135 13973 44045 16645 4750 41962 11338 14377 41569 9255 4457 12318 6055 9479 14125
internal_value=9.03902e-09 -24.93 52.3907 -41.7269 77.2524 31.4313 -6.54935 27.6383 -2.64078 -4.58672 88.6952 -34.3807 31.2652 55.7489 -12.6485 -3.96858 3.92535 -21.4693
internal_weight=359800 243792 116008 127384 53064 62944 116408 58050 99763 95277 34634 85704 53300 18430 53315 26872 20817 26443
internal_count=359800 243792 116008 127384 53064 62944 116408 58050 99763 95277 34634 85704 53300 18430 53315 26872 20817 26443
is_linear=0
shrinkage=0.0229654


Tree=50
num_leaves=19
num_cat=0
split_feature=35 35 35 35 3 35 3 3 35 3 36 6 16 16 16 3 3 35
split_gain=8.77797e+11 1.7168e+11 1.16662e+11 3.52067e+10 2.85801e+10 2.13811e+10 1.78977e+10 1.76672e+10 1.55069e+10 1.48078e+10 1.15304e+10 1.00966e+10 1.32257e+10 1.09446e+10 9.90821e+09 9.74082e+09 7.80174e+09 7.52393e+09
threshold=27129.500000000004 34697.500000000007 21693.500000000004 30377.500000000004 2.5000000000000004 39170.500000000007 3.5000000000000004 1.0000000180025095e-35 24670.500000000004 1.5000000000000002 29694.500000000004 1.0000000180025095e-35 30.812500000000004 524.56250000000011 535.06250000000011 1.0000000180025095e-35 3.5000000000000004 24939.500000000004
decision_type=2 2 2 2 2 2 2 2 2 2 2 2 2 2 2 2 2 2
left_child=2 3 6 9 10 15 11 -5 -6 -2 17 12 -1 -14 -8 -3 -7 -4
right_child=1 5 4 7 8 16 14 -9 -10 -11 -12 -13 13 -15 -16 -17 -18 -19
leaf_value=-43.876394488127531 38.24485725625717 120.08771095312188 -10.788526259718031 85.826393824248143 -31.388726504145062 127.17061704219002 -54.14972559414543 39.255187646837932 -10.725029857114489 9.2317362043592368 33.034131889600737 -77.340303998667935 -4.0763447180159895 -43.674129569070814 -87.228060762176682 71.525135642931872 87.24967995265682 8.1715334070192771
leaf_weight=34526 12216 2360 31128 4864 44536 7008 35104 36800 33608 38576 4864 3304 10072 5802 5528 28312 4088 17104
leaf_count=34526 12216 2360 31128 4864 44536 7008 35104 36800 33608 38576 4864 3304 10072 5802 5528 28312 4088 17104
internal_value=-2.18901e-08 46.502 -27.67 29.0449 -13.6678 85.1445 -47.1499 44.6921 -22.5017 16.2097 -0.666365 -38.449 -35.8994 -18.5495 -58.65 75.2617 112.463 -4.06492
internal_weight=359800 134224 225576 92456 131240 41768 94336 41664 78144 50792 53096 53704 50400 15874 40632 30672 11096 48232
internal_count=359800 134224 225576 92456 131240 41768 94336 41664 78144 50792 53096 53704 50400 15874 40632 30672 11096 48232
is_linear=0
shrinkage=0.0229654


Tree=51
num_leaves=19
num_cat=0
split_feature=35 35 35 35 5 5 16 35 5 1 6 7 8 35 16 16 5 1
split_gain=8.37942e+11 1.6447e+11 1.11365e+11 4.20766e+10 2.42988e+10 1.6737e+10 1.55198e+10 1.53643e+10 1.31944e+10 1.21659e+10 1.16139e+10 1.15111e+10 1.14935e+10 1.14039e+10 1.08963e+10 1.02331e+10 9.55315e+09 8.56563e+09
threshold=27129.500000000004 32374.500000000004 21693.500000000004 36866.500000000007 1.0000000180025095e-35 1.0000000180025095e-35 247.31250000000003 24553.500000000004 1.0000000180025095e-35 5.5000000000000009 1.0000000180025095e-35 0.55438071450436044 -0.065263096110025884 41867.500000000007 545.81250000000011 524.56250000000011 1.0000000180025095e-35 11.500000000000002
decision_type=2 2 2 2 2 2 2 2 2 2 2 2 2 2 2 2 2 2
left_child=2 6 5 16 7 9 8 -4 -2 -1 14 -10 -6 -5 -11 -7 -3 -18
right_child=1 3 4 13 12 15 -8 -9 11 10 -12 -13 -14 -15 -16 -17 17 -19
leaf_value=-47.359123693977828 33.278663244153513 64.160760600416097 -15.706249893163823 90.22261403874532 -43.996335063814307 -54.408410878426004 -1.7303024712117643 3.0236110188240324 19.044744847194629 -12.095388577530693 -79.555889781376663 -27.861421774627015 -18.38326394161496 139.78020455138764 -47.462738264861471 -91.641600274075557 0.6311657620073633 50.128926322015836
leaf_weight=38576 42559 27840 49696 22240 15496 26451 12412 43160 12998 16336 2016 3503 22888 2752 6392 4565 2448 7472
leaf_count=38576 42559 27840 49696 22240 15496 26451 12412 43160 12998 16336 2016 3503 22888 2752 6392 4565 2448 7472
internal_value=4.26345e-08 45.4341 -27.0345 72.5645 -13.3539 -46.0671 21.6137 -7.0005 26.5197 -39.2969 -26.728 9.08703 -28.7235 95.6797 -22.0421 -59.8885 57.2655 37.9142
internal_weight=359800 134224 225576 62752 131240 94336 71472 92856 59060 63320 24744 16501 38384 24992 22728 31016 37760 9920
internal_count=359800 134224 225576 62752 131240 94336 71472 92856 59060 63320 24744 16501 38384 24992 22728 31016 37760 9920
is_linear=0
shrinkage=0.0229654


Tree=52
num_leaves=19
num_cat=0
split_feature=35 35 35 35 3 3 3 35 35 3 3 0 36 28 36 3 35 36
split_gain=8.0113e+11 1.76643e+11 9.04284e+10 3.34166e+10 2.27846e+10 2.21899e+10 1.86203e+10 1.61647e+10 1.36467e+10 1.36281e+10 1.33768e+10 9.08196e+09 8.80428e+09 8.66074e+09 7.7376e+09 7.45502e+09 6.40559e+09 5.74584e+09
threshold=29383.500000000004 23755.500000000004 36288.500000000007 20407.500000000004 3.5000000000000004 1.0000000180025095e-35 2.5000000000000004 32087.000000000004 26149.500000000004 3.5000000000000004 2.5000000000000004 12.500000000000002 27164.500000000004 0.053349358974359447 26594.500000000004 1.0000000180025095e-35 18411.500000000004 25499.500000000004
decision_type=2 2 2 2 2 2 2 2 2 2 2 2 2 2 2 2 2 2
left_child=1 3 5 10 8 -2 12 17 -3 13 11 -1 -5 -4 -6 -10 -12 -7
right_child=2 4 9 6 14 7 -8 -9 15 -11 16 -13 -14 -15 -16 -17 -18 -19
leaf_value=-50.197227166476708 79.504963374330487 -1.2771594458887956 113.87453984731407 -18.657518747934805 -16.867178986604902 -7.7787618797952511 -36.708321296664231 48.353691838360106 42.428704463608739 70.588400120842948 -77.567882927024655 -25.552139432173007 19.35003202246584 79.783494923912883 3.4039621853645619 14.301843414972099 -54.364258084393697 27.793286386165267
leaf_weight=18832 7432 33840 12223 28944 36872 2656 50512 32392 6072 11128 8816 13568 3616 5793 13592 27384 21768 24360
leaf_count=18832 7432 33840 12223 28944 36872 2656 50512 32392 6072 11128 8816 13568 3616 5793 13592 27384 21768 24360
internal_value=6.46919e-09 -20.6702 56.8128 -37.5439 0.258065 42.0936 -27.9789 37.4134 9.00573 90.5703 -50.1595 -39.8767 -14.4365 102.913 -11.4073 19.4066 -61.0528 24.2961
internal_weight=359800 263816 95984 146056 117760 66840 83072 59408 67296 29144 62984 32400 32560 18016 50464 33456 30584 27016
internal_count=359800 263816 95984 146056 117760 66840 83072 59408 67296 29144 62984 32400 32560 18016 50464 33456 30584 27016
is_linear=0
shrinkage=0.0229654


Tree=53
num_leaves=19
num_cat=0
split_feature=35 35 35 35 36 35 35 36 15 36 15 36 25 6 36 29 15 15
split_gain=7.64756e+11 1.68705e+11 8.63454e+10 3.40208e+10 1.86299e+10 1.54446e+10 1.33097e+10 1.08678e+10 1.0567e+10 1.01317e+10 8.21277e+09 8.03406e+09 6.85959e+09 6.51525e+09 6.78698e+09 6.17299e+09 6.16093e+09 5.21924e+09
threshold=29383.500000000004 23929.500000000004 35950.500000000007 20521.500000000004 26466.500000000004 32087.000000000004 41270.500000000007 27094.500000000004 13.206250000000002 19465.500000000004 14.756250000000003 32093.500000000004 2.8908854166666669 1.0000000180025095e-35 23776.500000000004 405.45625000000013 14.093750000000004 15.168750000000003
decision_type=2 2 2 2 2 2 2 2 2 2 2 2 2 2 2 2 2 2
left_child=1 3 5 9 8 16 12 10 -3 -1 -5 17 -4 14 -11 -13 -2 -6
right_child=2 4 6 7 11 -7 -8 -9 -10 13 -12 15 -14 -15 -16 -17 -18 -19
leaf_value=-58.648325311578084 37.258572352535907 0.74225467925655531 105.62811223771963 -23.898332017126183 14.440594410030865 50.860409768109896 125.03776164149892 4.1099201679748703 -18.06232142391621 -43.169505139674548 -40.115294998519786 20.137675230414267 75.453949831665369 -78.828898034593948 -17.772859644141018 70.6781057802975 16.408396956795475 -2.1665248603272875
leaf_weight=29072 17328 37802 4797 55441 27082 33488 4080 5704 27030 27640 23431 3727 23147 2200 6944 1937 13144 15806
leaf_count=29072 17328 37802 4797 55441 27082 33488 4080 5704 27030 27640 23431 3727 23147 2200 6944 1937 13144 15806
internal_value=4.29169e-09 -20.1955 55.5081 -36.1393 0.958044 40.0954 86.2911 -26.5022 -7.09782 -48.516 -28.716 11.7151 80.6338 -40.5079 -38.0702 37.4217 28.2649 8.32018
internal_weight=359800 263816 95984 150432 113384 63960 32024 84576 64832 65856 78872 48552 27944 36784 34584 5664 30472 42888
internal_count=359800 263816 95984 150432 113384 63960 32024 84576 64832 65856 78872 48552 27944 36784 34584 5664 30472 42888
is_linear=0
shrinkage=0.0229654


Tree=54
num_leaves=19
num_cat=0
split_feature=35 35 35 35 5 35 5 35 1 8 5 5 16 16 1 5 7 16
split_gain=7.31595e+11 1.43218e+11 9.73705e+10 2.936e+10 2.22038e+10 1.84439e+10 1.52545e+10 1.32784e+10 1.09038e+10 1.08965e+10 1.02974e+10 1.01207e+10 9.63876e+09 9.61938e+09 8.11419e+09 7.87441e+09 7.99131e+09 7.85524e+09
threshold=27129.500000000004 34697.500000000007 21693.500000000004 30377.500000000004 1.0000000180025095e-35 39170.500000000007 1.0000000180025095e-35 24722.500000000004 5.5000000000000009 -0.065263096110025884 1.0000000180025095e-35 1.0000000180025095e-35 529.81250000000011 545.81250000000011 11.500000000000002 1.0000000180025095e-35 0.13052619222005182 244.31250000000003
decision_type=2 2 2 2 2 2 2 2 2 2 2 2 2 2 2 2 2 2
left_child=2 3 6 10 7 15 8 -4 -1 -6 17 -5 -8 -10 -13 -3 -17 -2
right_child=1 5 4 11 9 -7 12 -9 13 -11 -12 14 -14 -15 -16 16 -18 -19
leaf_value=-44.226583866532984 26.562403182747587 75.06934010750318 -13.964713382070308 47.674062799350267 -42.031558189783389 103.12009807765993 -51.015469293077366 3.5683999788805192 -15.994550598970978 -17.092599365610919 -2.9236491907554703 -7.9663229022281055 -87.54945537081791 -48.261032647140155 34.810961374812031 60.641616244280428 2.9644485500430964 1.7629562271578625
leaf_weight=38576 29116 23376 52768 30432 15496 11096 26570 40088 18072 22888 12912 3320 4446 6672 7912 5664 1632 8764
leaf_count=38576 29116 23376 52768 30432 15496 11096 26570 40088 18072 22888 12912 3320 4446 6672 7912 5664 1632 8764
internal_value=-3.03767e-08 42.4532 -25.2608 26.5087 -12.4686 77.7474 -43.0574 -6.39528 -36.5941 -27.1607 14.7876 40.7976 -56.2524 -24.6949 22.1667 68.5685 47.7401 20.8247
internal_weight=359800 134224 225576 92456 131240 41768 94336 92856 63320 38384 50792 41664 31016 24744 11232 30672 7296 37880
internal_count=359800 134224 225576 92456 131240 41768 94336 92856 63320 38384 50792 41664 31016 24744 11232 30672 7296 37880
is_linear=0
shrinkage=0.0229654


Tree=55
num_leaves=19
num_cat=0
split_feature=36 36 36 36 26 16 28 16 26 7 6 28 15 6 6 21 6 28
split_gain=6.83025e+11 1.26522e+11 7.2245e+10 2.3942e+10 2.0855e+10 1.84201e+10 1.8268e+10 1.69841e+10 1.3211e+10 1.32738e+10 1.29383e+10 1.08787e+10 9.25013e+09 8.68657e+09 8.66667e+09 8.3041e+09 8.16766e+09 7.6423e+09
threshold=28730.500000000004 23325.500000000004 34693.000000000007 20281.000000000004 2.7273437500000006 347.06250000000006 0.079999999999999197 289.81250000000006 2.4003906250000004 -0.13052619222005171 1.0000000180025095e-35 1.3472474747474752 11.531250000000004 1.0000000180025095e-35 1.0000000180025095e-35 10.412109375000002 1.0000000180025095e-35 1.1107847744360904
decision_type=2 2 2 2 2 2 2 2 2 2 2 2 2 2 2 2 2 2
left_child=1 3 4 15 -2 8 14 10 -3 -10 11 -6 -5 17 -4 -1 -7 -11
right_child=2 5 6 12 7 16 -8 -9 9 13 -12 -13 -14 -15 -16 -17 -18 -19
leaf_value=-26.51431341045317 82.047245250314816 47.742101538378094 87.161297970488761 -18.8570493704262 42.416235965564624 -20.299419265671673 54.916077642599952 -8.5817961291031537 8.7365950493485158 -0.71368693354105506 -33.779950244685416 19.494260805196188 -35.047236078992277 -69.509174537552667 -35.064492183640397 -50.165230018375503 -100.61573990515383 -19.648277205342492
leaf_weight=9255 4372 3076 23519 36839 37813 19879 17995 5445 43525 33766 1448 15354 37617 1201 310 50841 691 16854
leaf_count=9255 4372 3076 23519 36839 37813 19879 17995 5445 43525 33766 1448 15354 37617 1201 310 50841 691 16854
internal_value=-1.12873e-08 -20.4839 48.8778 -35.74 33.621 -3.23277 72.3817 30.0959 0.898011 -0.613247 33.952 35.7966 -27.0367 -8.46628 85.5712 -46.5229 -22.9975 -7.01799
internal_weight=359800 253544 106256 134552 64432 118992 41824 60060 98422 95346 54615 53167 74456 51821 23829 60096 20570 50620
internal_count=359800 253544 106256 134552 64432 118992 41824 60060 98422 95346 54615 53167 74456 51821 23829 60096 20570 50620
is_linear=0
shrinkage=0.0229654


Tree=56
num_leaves=19
num_cat=0
split_feature=35 35 35 3 3 35 35 3 16 8 14 35 3 16 3 35 35 3
split_gain=6.70188e+11 1.31625e+11 8.96474e+10 2.84814e+10 2.43723e+10 2.15589e+10 1.72553e+10 1.47633e+10 1.24384e+10 1.16402e+10 1.07315e+10 9.50015e+09 8.93412e+09 8.54909e+09 7.10093e+09 7.02654e+09 6.86324e+09 6.03689e+09
threshold=27129.500000000004 34697.500000000007 21693.500000000004 1.0000000180025095e-35 2.5000000000000004 30377.500000000004 39170.500000000007 3.5000000000000004 437.81250000000006 1.0000000180025095e-35 56.562500000000007 24875.500000000004 1.0000000180025095e-35 563.06250000000011 3.5000000000000004 24772.500000000004 18411.500000000004 4.5000000000000009
decision_type=2 2 2 2 2 2 2 2 2 2 2 2 2 2 2 2 2 2
left_child=2 3 7 -2 15 17 12 9 11 10 -1 -6 -3 -9 -8 -4 -11 -5
right_child=1 6 4 5 8 -7 14 13 -10 16 -12 -13 -14 -15 -16 -17 -18 -19
leaf_value=-46.110224246265183 61.337847430245212 108.5196234070451 -6.8131427330058481 15.52129669587111 -23.661715664461376 33.89296501309682 113.04122917406549 -47.875696092876808 -43.746943195158472 -61.006182340949373 -8.7580216452753863 -6.2000993120232097 62.011398950553591 -80.727420084141571 74.95548403119092 10.194595061879379 -36.049397761525675 -3.0457155320915597
leaf_weight=5676 10304 2360 31504 32440 40159 36800 7008 35904 10171 7456 14220 27814 28312 4728 4088 21592 26352 12912
leaf_count=5676 10304 2360 31504 32440 40159 36800 7008 35904 10171 7456 14220 27814 28312 4728 4088 21592 26352 12912
internal_value=-1.17542e-08 40.6325 -24.1775 25.3469 -11.903 20.8327 74.4681 -41.2537 -20.0608 -33.3513 -19.414 -16.5166 65.5899 -51.6984 99.0096 0.103218 -41.5534 10.2352
internal_weight=359800 134224 225576 92456 131240 82152 41768 94336 78144 53704 19896 67973 30672 40632 11096 53096 33808 45352
internal_count=359800 134224 225576 92456 131240 82152 41768 94336 78144 53704 19896 67973 30672 40632 11096 53096 33808 45352
is_linear=0
shrinkage=0.0229654


Tree=57
num_leaves=19
num_cat=0
split_feature=10 1 1 3 1 12 3 8 6 16 1 25 16 1 16 1 25 6
split_gain=3.67108e+11 2.19011e+11 7.853e+10 6.23834e+10 5.18141e+10 4.28052e+10 4.24488e+10 3.06637e+10 2.67811e+10 2.46268e+10 2.2719e+10 1.96807e+10 1.95462e+10 1.6649e+10 1.58533e+10 1.56185e+10 1.49988e+10 1.14555e+10
threshold=-1.0000000180025095e-35 6.5000000000000009 16.500000000000004 4.5000000000000009 20.500000000000004 8.9562500000000025 4.5000000000000009 -0.19467261866128607 1.0000000180025095e-35 472.68750000000006 10.500000000000002 3.124739583333334 292.93750000000006 20.500000000000004 268.31250000000006 21.500000000000004 7.3403645833333346 1.0000000180025095e-35
decision_type=2 2 2 2 2 2 2 2 2 2 2 2 2 2 2 2 2 2
left_child=2 16 6 4 5 8 7 9 11 17 -5 -3 13 -12 -7 -4 -2 -1
right_child=1 3 15 10 -6 14 -8 -9 -10 -11 12 -13 -14 -15 -16 -17 -18 -19
leaf_value=-0.2505024244812265 -3.6352779473708949 109.13835656236029 8.5877997474418333 -18.591595902657918 12.705046962603467 43.438551869124055 -52.869623305368272 -40.585172035963154 -28.919998816885848 -34.67265397595871 41.574381695491326 68.62370579721123 -40.242482009771898 -1.7864595952794753 -6.3221947016010285 -18.755989101146799 -28.55828091154196 -60.970229961587329
leaf_weight=36841 25261 7668 38560 8320 15600 23800 37272 35880 1329 19404 18565 36068 2235 6240 3935 15424 25683 1715
leaf_count=36841 25261 7668 38560 8320 15600 23800 37272 35880 1329 19404 18565 36068 2235 6240 3935 15424 25683 1715
internal_value=-7.00046e-09 23.8774 -22.5368 40.3747 50.6868 58.8258 -32.1354 -23.9 72.6408 -13.5711 14.5944 75.7269 24.8054 30.6664 36.3786 0.775289 -16.2 -2.95136
internal_weight=359800 174704 185096 123760 88400 72800 131112 93840 45065 57960 35360 43736 27040 24805 27735 53984 50944 38556
internal_count=359800 174704 185096 123760 88400 72800 131112 93840 45065 57960 35360 43736 27040 24805 27735 53984 50944 38556
is_linear=0
shrinkage=0.0229654


Tree=58
num_leaves=19
num_cat=0
split_feature=36 36 36 28 16 28 7 12 10 21 7 22 7 16 5 8 10 3
split_gain=5.99451e+11 9.52002e+10 8.26214e+10 1.95472e+10 1.78713e+10 1.66975e+10 1.49821e+10 1.40596e+10 1.31905e+10 1.19189e+10 9.63578e+09 8.38687e+09 8.31029e+09 1.08278e+10 8.17771e+09 1.0815e+10 1.06795e+10 7.79638e+09
threshold=27525.500000000004 33390.500000000007 21587.500000000004 0.77855201863353962 455.06250000000006 0.34999999999999881 -0.13052619222005171 2.7312500000000006 -0.24999999999999994 11.145442708333336 -0.89495246814786256 3.0213107638888892 0.75023006073889154 491.06250000000006 1.0000000180025095e-35 1.0000000180025095e-35 -0.5 4.5000000000000009
decision_type=2 2 2 2 2 2 2 2 2 2 2 2 2 2 2 2 2 2
left_child=2 5 9 10 6 8 -4 -8 -2 -1 -3 -10 13 -11 15 16 -9 -15
right_child=1 3 4 -5 -6 -7 7 14 11 12 -12 -13 -14 17 -16 -17 -18 -19
leaf_value=-23.999788706613295 9.2937662472346769 89.479169075021986 2.6804284372957103 44.43967467048779 -33.614189932990001 9.9063770695359477 16.655047877424728 -13.338080885541826 71.974502365320717 -30.307643754883472 64.406920682892888 35.067043717957915 -53.449056889402826 -37.027558848704992 -30.898624842873094 -21.588921983606301 17.877884893624138 -75.250128442717724
leaf_weight=21578 10260 12858 44772 18430 16174 29637 7220 14860 3631 31523 21776 30728 27196 5513 16981 31453 9460 5750
leaf_count=21578 10260 12858 44772 18430 16174 29637 7220 14860 3631 31523 21776 30728 27196 5513 16981 31453 9460 5750
internal_value=5.77068e-09 40.0558 -21.9369 63.5473 -10.9014 23.2685 -7.95655 -13.9115 32.144 -38.9218 73.7151 38.9674 -43.5228 -37.2133 -16.9448 -12.6964 -1.19569 -56.541
internal_weight=359800 127320 232480 53064 140920 74256 124746 79974 44619 91560 34634 34359 69982 42786 72754 55773 24320 11263
internal_count=359800 127320 232480 53064 140920 74256 124746 79974 44619 91560 34634 34359 69982 42786 72754 55773 24320 11263
is_linear=0
shrinkage=0.0229654


Tree=59
num_leaves=19
num_cat=0
split_feature=29 0 1 16 16 1 3 3 6 0 3 7 4 4 1 29 29 15
split_gain=2.97746e+11 1.48033e+11 9.48621e+10 9.64486e+10 5.01536e+10 5.06284e+10 4.08999e+10 3.63883e+10 2.66919e+10 2.49283e+10 2.36652e+10 2.19406e+10 2.17819e+10 2.08071e+10 2.06619e+10 1.14443e+10 9.63499e+09 9.41124e+09
threshold=314.39375000000007 15.500000000000002 6.5000000000000009 364.81250000000006 271.43750000000006 20.500000000000004 4.5000000000000009 4.5000000000000009 1.0000000180025095e-35 44.500000000000007 4.5000000000000009 -0.13052619222005171 8.5000000000000018 1.5000000000000002 10.500000000000002 144.19375000000005 396.75625000000008 12.156250000000004
decision_type=2 2 2 2 2 2 2 2 2 2 2 2 2 2 2 2 2 2
left_child=2 17 -1 6 5 7 9 8 13 12 -5 -8 15 -3 -9 -4 -15 -2
right_child=1 4 3 10 -6 -7 11 14 -10 -11 -12 -13 -14 16 -16 -17 -18 -19
leaf_value=-39.203526832442385 1.5393305402989608 97.102402881379547 -0.34460374686310458 -24.39351041076138 -5.8736873698268752 13.658436709475119 -2.1513898321355303 -6.4942981542266489 -27.532808611271715 -15.508946086140044 -61.116855748896782 -41.329943462058417 35.715554022194368 44.341561294640222 46.689382249912725 23.143633783230193 71.51824729128802 -20.328468752462875
leaf_weight=66007 22329 13124 27467 31795 9680 16651 18939 5302 1443 13613 13055 12524 24894 10211 14094 18183 21093 19396
leaf_count=66007 22329 13124 27467 31795 9680 16651 18939 5302 1443 13613 13055 12524 24894 10211 14094 18183 21093 19396
internal_value=8.76638e-09 27.2287 -16.029 -6.49653 43.5613 49.4028 4.5924 58.522 69.6725 12.9441 -35.083 -17.7466 18.4347 72.8297 32.1513 9.01107 62.6535 -8.62599
internal_weight=359800 133323 226477 160470 91598 81918 115620 65267 45871 84157 44850 31463 70544 44428 19396 45650 31304 41725
internal_count=359800 133323 226477 160470 91598 81918 115620 65267 45871 84157 44850 31463 70544 44428 19396 45650 31304 41725
is_linear=0
shrinkage=0.0229654


Tree=60
num_leaves=19
num_cat=0
split_feature=36 36 36 36 26 16 12 36 16 6 28 22 4 6 25 25 6 3
split_gain=5.48771e+11 1.13669e+11 4.80167e+10 1.93875e+10 1.87124e+10 1.81636e+10 1.3652e+10 1.32031e+10 1.28891e+10 1.21605e+10 9.68464e+09 7.90727e+09 7.79834e+09 7.75696e+09 7.58883e+09 7.5166e+09 7.42469e+09 6.11607e+09
threshold=29272.500000000004 23325.500000000004 35400.000000000007 20281.000000000004 2.7273437500000006 336.56250000000006 9.6312500000000032 26730.500000000004 265.31250000000006 1.0000000180025095e-35 1.3162221431958276 1.5197048611111112 1.5000000000000002 1.0000000180025095e-35 2.7429687499999997 11.475000000000003 1.0000000180025095e-35 5.5000000000000009
decision_type=2 2 2 2 2 2 2 2 2 2 2 2 2 2 2 2 2 2
left_child=1 3 4 15 -2 7 11 14 9 10 -6 -4 -5 -7 -3 -1 -13 -17
right_child=2 5 6 12 8 13 -8 -9 -10 -11 -12 16 -14 -15 -16 17 -18 -19
leaf_value=-25.685185153894036 80.309946598397957 31.245662092194188 135.16675462296638 12.357599730649238 42.280431972443978 -17.948929716923274 36.905345094526268 12.832844563105228 -3.6080826038790645 -35.606063551331189 20.20900993660787 72.938094972272211 -25.731594687472562 -93.107858029328199 -5.757786236545134 -40.87515911683537 -33.485793780822682 -59.375885871878744
leaf_weight=12226 4296 3066 1072 2952 35981 21903 6377 38996 5270 1288 14797 28401 71504 749 62702 34969 350 12901
leaf_count=12226 4296 3066 1072 2952 35981 21903 6377 38996 5270 1288 14797 28401 71504 749 62702 34969 350 12901
internal_value=-1.54502e-08 -17.3323 46.4112 -32.0533 34.0807 -1.78682 67.4044 2.24509 30.6169 34.0811 35.8487 73.9259 -24.2215 -20.4341 -4.03274 -41.7565 71.6425 -45.8611
internal_weight=359800 261968 97832 134552 61632 127416 36200 104764 57336 52066 50778 29823 74456 22652 65768 60096 28751 47870
internal_count=359800 261968 97832 134552 61632 127416 36200 104764 57336 52066 50778 29823 74456 22652 65768 60096 28751 47870
is_linear=0
shrinkage=0.0229654


Tree=61
num_leaves=19
num_cat=0
split_feature=10 1 1 7 3 3 8 8 19 14 19 6 8 3 7 25 16 16
split_gain=3.09128e+11 1.84368e+11 6.69245e+10 5.97776e+10 3.78376e+10 3.67076e+10 2.75259e+10 2.60491e+10 2.26742e+10 2.22223e+10 1.98313e+10 1.51835e+10 1.44167e+10 2.50572e+10 1.35966e+10 1.20799e+10 1.06464e+10 1.03354e+10
threshold=-1.0000000180025095e-35 7.5000000000000009 16.500000000000004 -0.79335334029123528 4.5000000000000009 4.5000000000000009 0.82968937203783688 -0.19467261866128607 6.5062500000000005 68.312500000000014 9.4312500000000021 1.0000000180025095e-35 1.0000000180025095e-35 4.5000000000000009 -0.44134171618254464 5.2638020833333341 121.06250000000001 292.93750000000006
decision_type=2 2 2 2 2 2 2 2 2 2 2 2 2 2 2 2 2 2
left_child=2 12 5 10 6 7 8 9 -5 -1 16 -10 13 -2 -4 -14 -3 -6
right_child=1 3 14 4 17 -7 -8 -9 11 -11 -12 -13 15 -15 -16 -17 -18 -19
leaf_value=-26.646520758429332 27.374159071592359 58.392891536719524 8.1293219245049464 25.128408258896158 7.7559856644505007 -48.822814222634712 8.1071838853536491 -37.26192874398825 61.998735693687919 1.7941091099527655 89.213416489713325 -38.814363098927579 1.0532718478025114 -39.407349018000268 -17.383283884531547 -25.686416330374666 17.635511188592755 -43.126057418938217
leaf_weight=28852 10400 21666 38560 16812 20534 37272 13000 35880 26576 29108 10729 812 12471 4144 15424 31209 4005 2346
leaf_count=28852 10400 21666 38560 16812 20534 37272 13000 35880 26576 29108 10729 812 12471 4144 15424 31209 4005 2346
internal_value=1.85281e-08 21.9109 -20.6807 38.5907 27.4988 -29.5416 37.4828 -21.8834 46.1226 -12.3634 62.9929 59.0098 -11.4579 8.3462 0.840006 -18.052 52.0342 2.5388
internal_weight=359800 174704 185096 116480 80080 131112 57200 93840 44200 57960 36400 27388 58224 14544 53984 43680 25671 22880
internal_count=359800 174704 185096 116480 80080 131112 57200 93840 44200 57960 36400 27388 58224 14544 53984 43680 25671 22880
is_linear=0
shrinkage=0.0229654


Tree=62
num_leaves=19
num_cat=0
split_feature=35 35 35 35 3 3 3 3 3 16 6 0 35 35 35 3 35 16
split_gain=5.21637e+11 1.05736e+11 7.02554e+10 2.70066e+10 2.14693e+10 1.22392e+10 1.21291e+10 1.17699e+10 1.15988e+10 1.06894e+10 9.29841e+09 1.15212e+10 8.75355e+09 8.66076e+09 7.55063e+09 7.51823e+09 6.39516e+09 6.15253e+09
threshold=27052.500000000004 35575.000000000007 21420.500000000004 31263.500000000004 2.5000000000000004 3.5000000000000004 1.0000000180025095e-35 1.0000000180025095e-35 2.5000000000000004 437.81250000000006 1.0000000180025095e-35 13.500000000000002 39506.500000000007 18759.500000000004 24875.500000000004 1.0000000180025095e-35 24772.500000000004 210.31250000000003
decision_type=2 2 2 2 2 2 2 2 2 2 2 2 2 2 2 2 2 2
left_child=2 3 8 6 16 12 -2 -5 10 14 11 -1 -3 -10 -6 -13 -4 -8
right_child=1 5 4 7 9 -7 17 -9 13 -11 -12 15 -14 -15 -16 -17 -18 -19
leaf_value=-35.6741900284214 43.636833373121604 71.497617072486051 -6.3368360314649692 74.045303290313839 -21.382812426663516 52.820266017848986 15.155483375703051 34.130319732274536 -62.862934579113869 -39.899987394523279 -67.541204848767549 1.9406409547201624 103.92088501019551 -39.818745239236826 -5.9227429559715379 -32.737673361870378 9.7356790498294465 -2.4846945127729123
leaf_weight=23872 6608 15248 34368 4392 43679 13352 41469 34520 11512 10921 3040 9712 6168 34024 26936 4992 21056 13931
leaf_count=23872 6608 15248 34368 4392 43679 13352 41469 34520 11512 10921 3040 9712 6168 34024 26936 4992 21056 13931
internal_value=2.5073e-08 35.5377 -21.5162 23.6386 -11.2591 70.077 14.2275 38.6355 -37.6353 -18.7557 -28.8716 -25.8242 80.8358 -45.6446 -15.4856 -9.83263 -0.230765 10.7196
internal_weight=359800 135688 224112 100920 136960 34768 62008 38912 87152 81536 41616 38576 21416 45536 70615 14704 55424 55400
internal_count=359800 135688 224112 100920 136960 34768 62008 38912 87152 81536 41616 38576 21416 45536 70615 14704 55424 55400
is_linear=0
shrinkage=0.0229654


Tree=63
num_leaves=19
num_cat=0
split_feature=35 35 35 35 3 3 3 3 3 16 35 3 8 35 8 15 14 7
split_gain=4.9798e+11 9.95004e+10 6.83346e+10 2.518e+10 2.05942e+10 1.16835e+10 1.16805e+10 1.12355e+10 1.10721e+10 1.00021e+10 8.43508e+09 8.33375e+09 1.49777e+10 8.26753e+09 7.76076e+09 7.65623e+09 7.61448e+09 6.99541e+09
threshold=27129.500000000004 35575.000000000007 21420.500000000004 31263.500000000004 3.5000000000000004 3.5000000000000004 1.0000000180025095e-35 1.0000000180025095e-35 2.5000000000000004 386.68750000000006 38550.000000000007 1.0000000180025095e-35 0.13052619222005152 18759.500000000004 1.0000000180025095e-35 14.031250000000004 56.562500000000007 0.55438071450436044
decision_type=2 2 2 2 2 2 2 2 2 2 2 2 2 2 2 2 2 2
left_child=2 3 8 6 11 10 -2 -5 14 17 -3 12 -4 -10 16 -8 -1 -6
right_child=1 5 4 7 9 -7 15 -9 13 -11 -12 -13 -14 -15 -16 -17 -18 -19
leaf_value=-41.751631573847696 43.166706665930199 67.071640753202772 36.551267369430732 72.344822453411055 -10.185506966551477 51.607226976004213 18.056889074317862 33.346503004034417 -61.419261823894367 -41.97660174799924 96.424331412888378 -6.9292928245122729 -7.0113948449200469 -38.904291460486021 -36.300159098161295 0.58995782695409482 -6.6575205843602596 -27.659581544914001
leaf_weight=4453 6496 12728 7168 4392 32505 13352 30892 34520 11512 9807 8688 59784 9928 34024 24984 23156 12179 19232
leaf_count=4453 6496 12728 7168 4392 32505 13352 30892 34520 11512 9807 8688 59784 9928 34024 24984 23156 12179 19232
internal_value=-8.40528e-09 35.0252 -20.841 23.3344 -10.8114 68.4676 14.0705 37.7482 -36.771 -20.7119 78.9794 -2.88593 11.2535 -44.5963 -28.2085 10.5735 -16.0535 -16.6811
internal_weight=359800 134224 225576 99456 138424 34768 60544 38912 87152 61544 21416 76880 17096 45536 41616 54048 16632 51737
internal_count=359800 134224 225576 99456 138424 34768 60544 38912 87152 61544 21416 76880 17096 45536 41616 54048 16632 51737
is_linear=0
shrinkage=0.0229654


Tree=64
num_leaves=19
num_cat=0
split_feature=35 35 35 3 3 35 35 35 3 3 35 8 36 3 3 3 3 3
split_gain=4.7546e+11 9.64133e+10 6.40744e+10 2.16181e+10 1.90616e+10 1.70027e+10 1.28179e+10 1.15137e+10 1.05033e+10 9.98855e+09 8.7307e+09 8.56295e+09 7.54332e+09 6.3221e+09 5.87743e+09 5.85298e+09 7.54041e+09 7.20042e+09
threshold=27052.500000000004 35051.500000000007 21693.500000000004 1.0000000180025095e-35 2.5000000000000004 31538.000000000004 41270.500000000007 18599.500000000004 1.5000000000000002 3.5000000000000004 24670.500000000004 -1.0000000180025095e-35 29694.500000000004 5.5000000000000009 1.5000000000000002 3.5000000000000004 5.5000000000000009 4.5000000000000009
decision_type=2 2 2 2 2 2 2 2 2 2 2 2 2 2 2 2 2 2
left_child=2 3 7 -2 12 15 9 14 11 -3 -6 -9 -4 -11 -1 -5 17 -17
right_child=1 6 4 5 10 -7 -8 8 -10 13 -12 -13 -14 -15 -16 16 -18 -19
leaf_value=-37.905494896748429 52.481711389168609 69.699965305900463 -2.1574116928763605 17.660373138152114 -23.948895815419803 32.416155792223364 102.93834300840783 1.515043900379468 -36.006620465529274 37.40582806804013 -8.3190082910649306 -28.452015739155247 28.089621647308729 79.283680492442798 -60.070669827185583 8.7029147351387479 23.079506604573002 -18.705883936035736
leaf_weight=13624 10664 21360 47776 30216 44536 28256 4080 8352 47968 11248 32680 12640 4784 2288 11752 10768 7280 9528
leaf_count=13624 10664 21360 47776 30216 44536 28256 4080 8352 47968 11248 32680 12640 4784 2288 11752 10768 7280 9528
internal_value=1.45278e-08 33.9283 -20.5418 21.6389 -10.0723 17.8166 64.4222 -34.9445 -30.0775 59.919 -17.3339 -16.5291 0.595667 44.4845 -48.1705 10.6784 3.02807 -4.1642
internal_weight=359800 135688 224112 96712 129776 86048 38976 94336 68960 34896 77216 20992 52560 13536 25376 57792 27576 20296
internal_count=359800 135688 224112 96712 129776 86048 38976 94336 68960 34896 77216 20992 52560 13536 25376 57792 27576 20296
is_linear=0
shrinkage=0.0229654


Tree=65
num_leaves=19
num_cat=0
split_feature=35 35 35 35 3 3 3 15 3 15 3 1 28 36 35 36 3 3
split_gain=4.54528e+11 1.03344e+11 5.48373e+10 2.21436e+10 1.5639e+10 1.54443e+10 1.49864e+10 1.09702e+10 9.95339e+09 8.75247e+09 7.29755e+09 7.00624e+09 6.60321e+09 6.54915e+09 6.16417e+09 5.72922e+09 5.45573e+09 1.14165e+10
threshold=29383.500000000004 23815.500000000004 36288.500000000007 19637.500000000004 1.5000000000000002 1.0000000180025095e-35 2.5000000000000004 13.781250000000004 3.5000000000000004 15.106250000000003 1.5000000000000002 5.5000000000000009 0.053349358974359447 27094.500000000004 25839.500000000004 24051.500000000004 4.5000000000000009 5.5000000000000009
decision_type=2 2 2 2 2 2 2 2 2 2 2 2 2 2 2 2 2 2
left_child=1 3 5 10 -3 -2 13 16 12 14 11 -1 -4 -5 -6 -9 -7 -18
right_child=2 4 8 6 9 7 -8 15 -10 -11 -12 -13 -14 -15 -16 -17 17 -19
leaf_value=-44.175365041093194 62.542158295306173 15.114940352499721 89.200650985567535 -14.721819574115457 -7.5605851143066793 42.591633597191986 -29.572858240861539 -59.7568451674993 52.004388052521797 -14.764076947568737 -50.056102701172328 -17.493124636588114 59.433286138370768 15.529982126063864 7.4325434245197588 17.895602806656356 1.950644540104931 50.641958020235357
leaf_weight=11024 7432 29360 12223 36616 25963 22593 61136 511 11128 28284 24768 9808 5793 4208 32649 25892 6018 4394
leaf_count=11024 7432 29360 12223 36616 25963 22593 61136 511 11128 28284 24768 9808 5793 4208 32649 25892 6018 4394
internal_value=1.48253e-08 -15.5694 42.7932 -28.3276 0.624115 31.331 -22.3781 27.4264 69.0812 -4.27197 -41.6305 -31.613 79.629 -11.6036 0.791129 16.3927 36.2531 22.499
internal_weight=359800 263816 95984 147560 116256 66840 101960 59408 29144 86896 45600 20832 18016 40824 58612 26403 33005 10412
internal_count=359800 263816 95984 147560 116256 66840 101960 59408 29144 86896 45600 20832 18016 40824 58612 26403 33005 10412
is_linear=0
shrinkage=0.0229654


Tree=66
num_leaves=19
num_cat=0
split_feature=35 35 35 35 16 35 35 35 35 16 16 36 36 26 4 6 36 6
split_gain=4.34422e+11 8.81427e+10 5.86779e+10 1.59044e+10 1.46514e+10 1.43867e+10 9.43689e+09 9.23657e+09 7.45827e+09 6.14357e+09 5.39445e+09 5.28116e+09 5.16014e+09 5.07228e+09 4.70587e+09 5.13673e+09 4.61202e+09 4.54572e+09
threshold=27052.500000000004 34061.000000000007 21420.500000000004 37475.500000000007 210.31250000000003 24553.500000000004 18599.500000000004 30377.500000000004 42681.500000000007 350.81250000000006 375.68750000000006 23997.500000000004 29801.500000000004 1.2430989583333336 1.5000000000000002 1.0000000180025095e-35 30729.500000000004 1.0000000180025095e-35
decision_type=2 2 2 2 2 2 2 2 2 2 2 2 2 2 2 2 2 2
left_child=2 4 6 9 7 12 17 -2 13 -3 16 -8 -4 -5 -9 -16 -7 -1
right_child=1 3 5 8 -6 10 11 14 -10 -11 -12 -13 -14 -15 15 -17 -18 -19
leaf_value=-43.683357929496474 16.024839009023264 47.047602135165924 -17.635817889026427 111.80512040583001 -0.046844496297461707 -0.19968503560070508 -32.007738177116778 54.137232489640198 123.99030905958602 -67.790950559577595 -18.257791550935622 -11.376827831761723 17.303213107439461 65.850601938714547 30.36123105721526 -46.791225066005595 32.449527249799416 -84.344820749274234
leaf_weight=23832 39127 26416 76856 1363 17343 46743 54336 4611 1400 248 8666 7440 2296 17941 26776 463 2399 1544
leaf_count=23832 39127 26416 76856 1363 17343 46743 54336 4611 1400 248 8666 7440 2296 17941 26776 463 2399 1544
internal_value=1.12769e-08 32.4311 -19.6353 57.7056 18.8757 -10.2614 -34.3665 23.4994 72.8073 45.9795 -1.55185 -29.5231 -16.6223 69.0953 32.6818 29.0498 1.39417 -46.1574
internal_weight=359800 135688 224112 47368 88320 136960 87152 70977 20704 26664 57808 61776 79152 19304 31850 27239 49142 25376
internal_count=359800 135688 224112 47368 88320 136960 87152 70977 20704 26664 57808 61776 79152 19304 31850 27239 49142 25376
is_linear=0
shrinkage=0.0229654


Tree=67
num_leaves=19
num_cat=0
split_feature=36 36 36 19 25 16 7 28 25 7 16 5 5 8 10 10 8 7
split_gain=4.03118e+11 6.49779e+10 5.62575e+10 1.77572e+10 1.49029e+10 1.15489e+10 1.40851e+10 1.10113e+10 9.95942e+09 9.28635e+09 8.76649e+09 7.59289e+09 7.1697e+09 9.44308e+09 8.79638e+09 7.10046e+09 6.75037e+09 6.70341e+09
threshold=27525.500000000004 32394.000000000004 21587.500000000004 8.3687500000000021 4.2148437500000009 472.68750000000006 -0.13052619222005171 0.34999999999999881 11.475000000000003 -0.89495246814786256 121.06250000000001 1.0000000180025095e-35 1.0000000180025095e-35 -1.0000000180025095e-35 -0.5 -0.24999999999999994 -0.19467261866128607 -0.89495246814786256
decision_type=2 2 2 2 2 2 2 2 2 2 2 2 2 2 2 2 2 2
left_child=2 7 8 10 -4 6 -6 15 -1 -5 17 16 13 14 -8 -2 -10 -3
right_child=1 3 4 9 5 -7 12 -9 11 -11 -12 -13 -14 -15 -16 -17 -18 -19
leaf_value=-19.115159600156375 7.833675092123034 56.615924746957781 17.043652089035692 81.048800703834075 1.5073418120768658 -30.328900577381262 -11.310754521876728 5.2120061232469048 -14.719955466313614 53.617971670387618 11.831463089248993 -45.108453584347039 -28.157135408943414 -19.683340119759631 16.79954179386031 30.359582660462578 -35.910373303990653 33.12281520489757
leaf_weight=23501 9964 11175 10797 9354 44591 14534 15218 26207 11249 21401 5749 29949 16630 29591 9559 28461 26861 15009
leaf_count=23501 9964 11175 10797 9354 44591 14534 15218 26207 11249 21401 5749 29949 16630 29591 9559 28461 26861 15009
internal_value=4.56822e-09 32.8476 -17.9893 49.5063 -8.88312 -11.0344 -8.60834 16.69 -32.0047 61.9609 37.5111 -36.4555 -14.9616 -10.9254 -0.465764 24.5184 -29.6556 43.1494
internal_weight=359800 127320 232480 62688 140920 130123 115589 64632 91560 30755 31933 68059 70998 54368 24777 38425 38110 26184
internal_count=359800 127320 232480 62688 140920 130123 115589 64632 91560 30755 31933 68059 70998 54368 24777 38425 38110 26184
is_linear=0
shrinkage=0.0229654


Tree=68
num_leaves=19
num_cat=0
split_feature=36 36 36 28 36 25 25 36 25 12 7 10 23 3 3 27 3 1
split_gain=3.85004e+11 8.05017e+10 3.53967e+10 1.83188e+10 1.45363e+10 1.3148e+10 1.03888e+10 1.02624e+10 8.36949e+09 7.46448e+09 5.86225e+09 5.5987e+09 5.13999e+09 4.67008e+09 4.54231e+09 4.53639e+09 4.48154e+09 5.24604e+09
threshold=29272.500000000004 23384.500000000004 36686.500000000007 0.10527046783625772 19465.500000000004 2.2028645833333331 2.7429687499999997 26879.500000000004 2.8908854166666669 10.681250000000002 -0.94490267940017747 0.25000000000000017 4.5875000000000021 5.5000000000000009 4.5000000000000009 2.982961309523811 4.5000000000000009 6.5000000000000009
decision_type=2 2 2 2 2 2 2 2 2 2 2 2 2 2 2 2 2 2
left_child=1 4 3 6 13 -3 -2 12 -6 10 -4 -8 14 -1 -7 -5 17 -10
right_child=2 5 9 15 8 7 11 -9 16 -11 -12 -13 -14 -15 -16 -17 -18 -19
leaf_value=-32.738868502246611 69.260098767953153 41.410545360657089 80.976739529419476 23.110467199498171 24.187089434124836 -2.0198436960624275 21.464520135181811 6.844420088385756 -24.811597663119088 22.186723321134053 57.150486207589275 41.469193280313519 -26.064114038601421 -49.162240001770115 -14.720629694814013 4.1375734537236788 -30.099619367334938 -11.254323393371676
leaf_weight=28168 5642 3692 8329 19603 2044 54085 10330 40683 36957 2311 15736 25825 7019 13512 20473 10056 29936 25399
leaf_count=28168 5642 3692 8329 19603 2044 54085 10330 40683 36957 2311 15736 25825 7019 13512 20473 10056 29936 25399
internal_value=9.0618e-09 -14.5175 38.8741 30.4814 -26.7682 -1.28798 40.2765 -2.57739 -21.7778 61.6109 65.3969 35.7536 -7.2761 -38.0631 -5.50737 16.6776 -22.7958 -19.2894
internal_weight=359800 261968 97832 71456 136016 125952 41797 122260 94336 26376 24065 36155 81577 41680 74558 29659 92292 62356
internal_count=359800 261968 97832 71456 136016 125952 41797 122260 94336 26376 24065 36155 81577 41680 74558 29659 92292 62356
is_linear=0
shrinkage=0.0229654


Tree=69
num_leaves=19
num_cat=0
split_feature=10 1 1 1 3 3 8 14 4 6 12 1 10 7 12 10 3 10
split_gain=2.19926e+11 1.29595e+11 6.03446e+10 3.82663e+10 3.33091e+10 2.88809e+10 2.29252e+10 2.55298e+10 2.15684e+10 1.32789e+10 1.33911e+10 1.2753e+10 1.45794e+10 1.21081e+10 1.15343e+10 1.08572e+10 9.78701e+09 9.5457e+09
threshold=0.25000000000000017 7.5000000000000009 15.500000000000002 20.500000000000004 4.5000000000000009 4.5000000000000009 -0.19467261866128607 67.562500000000014 1.5000000000000002 1.0000000180025095e-35 7.4562500000000016 21.500000000000004 -0.24999999999999994 -0.7502300607388912 2.4062500000000009 -0.5 3.5000000000000004 -0.24999999999999994
decision_type=2 2 2 2 2 2 2 2 2 2 2 2 2 2 2 2 2 2
left_child=2 14 4 5 6 8 7 -1 -3 10 -10 12 16 -7 -2 -9 -4 -6
right_child=1 3 11 -5 17 13 -8 15 9 -11 -12 -13 -14 -15 -16 -17 -18 -19
leaf_value=-24.151944714984257 18.935571556840138 78.631114583393526 10.923733581821139 7.5874122283918135 -46.626309709055775 42.892003974574386 -28.774503226661999 -6.5019565038146707 63.963203366039039 -45.139498483276782 36.612038534609354 -13.828908171033955 27.849447219645509 7.6020842583786754 -13.464390234235939 18.74143209367255 -11.883470274449383 -22.27241576089158
leaf_weight=26175 6789 14144 23136 17376 30728 8888 42536 18658 15755 832 23557 18400 14688 12120 39579 17335 17376 11728
leaf_count=26175 6789 14144 23136 17376 30728 8888 42536 18658 15755 832 23557 18400 14688 12120 39579 17335 17376 11728
internal_value=-7.27856e-09 22.6241 -14.2492 38.3073 -22.7406 45.3965 -15.7832 -6.89435 54.2443 45.652 47.5735 2.72887 8.24813 22.5324 -8.72053 5.6558 1.1415 -39.8988
internal_weight=359800 139040 220760 92672 147160 75296 104704 62168 54288 40144 39312 73600 55200 21008 46368 35993 40512 42456
internal_count=359800 139040 220760 92672 147160 75296 104704 62168 54288 40144 39312 73600 55200 21008 46368 35993 40512 42456
is_linear=0
shrinkage=0.0229654


Tree=70
num_leaves=19
num_cat=0
split_feature=35 35 35 35 3 35 3 3 16 3 6 8 3 3 3 8 16 6
split_gain=3.66751e+11 7.4951e+10 5.06495e+10 1.90248e+10 1.67269e+10 9.96412e+09 9.51398e+09 9.33097e+09 8.9506e+09 8.82116e+09 8.88614e+09 9.99549e+09 8.37547e+09 7.57661e+09 6.87097e+09 1.3722e+10 6.62334e+09 6.58756e+09
threshold=27052.500000000004 35575.000000000007 21297.500000000004 31263.500000000004 3.5000000000000004 41867.500000000007 1.5000000000000002 1.0000000180025095e-35 437.81250000000006 2.5000000000000004 1.0000000180025095e-35 1.0000000180025095e-35 3.5000000000000004 1.0000000180025095e-35 1.0000000180025095e-35 0.13052619222005152 563.06250000000011 1.0000000180025095e-35
decision_type=2 2 2 2 2 2 2 2 2 2 2 2 2 2 2 2 2 2
left_child=2 3 9 6 14 12 -2 -5 -6 10 11 13 -3 -1 15 17 -11 -4
right_child=1 5 4 7 8 -7 -8 -9 -10 16 -12 -13 -14 -15 -16 -17 -18 -19
leaf_value=5.2657328026211099 27.828291464048316 64.617464784150044 41.103055613013808 63.895381404039625 -15.197725847395583 100.81172560027171 6.8067993066719303 28.355758485729265 -41.908498902843988 -36.033192406285309 -62.462499182415897 -30.760246226325869 40.507602934340838 -29.989024749022725 -6.106265485017758 -7.0484463668755835 -64.065331149559157 -37.412393341053175
leaf_weight=9704 14968 19608 6624 4392 54803 2752 47040 34520 7525 38779 2992 22976 12408 4808 60216 10048 5021 616
leaf_count=9704 14968 19608 6624 4392 54803 2752 47040 34520 7525 38779 2992 22976 12408 4808 60216 10048 5021 616
internal_value=-1.23872e-09 29.7983 -18.0413 19.78 -9.56533 58.878 11.8811 32.3671 -18.4226 -32.104 -24.3756 -21.3358 55.2735 -6.41459 -2.44242 10.3192 -39.2466 34.4227
internal_weight=359800 135688 224112 100920 139832 34768 62008 38912 62328 84280 40480 37488 32016 14512 77504 17288 43800 7240
internal_count=359800 135688 224112 100920 139832 34768 62008 38912 62328 84280 40480 37488 32016 14512 77504 17288 43800 7240
is_linear=0
shrinkage=0.0229654


Tree=71
num_leaves=19
num_cat=0
split_feature=35 35 35 35 5 15 35 15 8 5 5 5 5 25 16 35 25 16
split_gain=3.50363e+11 8.08708e+10 4.15405e+10 2.05862e+10 1.33969e+10 1.08856e+10 8.43099e+09 7.76092e+09 7.3478e+09 6.91793e+09 6.40584e+09 5.97715e+09 5.90901e+09 5.88658e+09 5.33406e+09 5.24941e+09 5.0325e+09 5.01182e+09
threshold=26490.500000000004 32374.500000000004 21297.500000000004 37282.500000000007 1.0000000180025095e-35 13.968750000000004 18411.500000000004 15.231250000000003 0.065263096110025676 1.0000000180025095e-35 1.0000000180025095e-35 1.0000000180025095e-35 1.0000000180025095e-35 4.3210937500000011 207.56250000000003 24320.500000000004 7.9539062500000011 410.06250000000006
decision_type=2 2 2 2 2 2 2 2 2 2 2 2 2 2 2 2 2 2
left_child=2 5 6 11 7 10 -1 15 -6 13 16 17 -8 -5 -7 -4 -2 -3
right_child=1 3 4 9 8 14 12 -9 -10 -11 -12 -13 -14 -15 -16 -17 -18 -19
leaf_value=-43.375120939308495 36.851608000260597 43.234652766622268 -6.820929286908048 86.035932168385912 -32.999736180565861 8.4139385244461451 -21.892078529458878 -16.080067804243367 -12.853730974728823 37.482002819982021 5.782377267413259 22.389839791194312 -36.913317435106606 59.576911671903794 -11.444633793864609 6.6838425157197694 18.545446412989143 -76.990261655092453
leaf_weight=22576 12016 29912 37492 7726 17400 26517 40832 26943 21160 4000 12736 10520 20872 10410 9759 25509 23236 184
leaf_count=22576 12016 29912 37492 7726 17400 26517 40832 26943 21160 4000 12736 10520 20872 10410 9759 25509 23236 184
internal_value=9.99619e-09 27.264 -18.8372 47.0016 -10.6196 12.5653 -31.3667 -5.76445 -21.9445 64.8192 19.7419 37.291 -26.9732 70.8485 3.07157 -1.35287 24.7853 42.4996
internal_weight=359800 147016 212784 62752 128504 84264 84280 89944 38560 22136 47988 40616 61704 18136 36276 63001 35252 30096
internal_count=359800 147016 212784 62752 128504 84264 84280 89944 38560 22136 47988 40616 61704 18136 36276 63001 35252 30096
is_linear=0
shrinkage=0.0229654


Tree=72
num_leaves=19
num_cat=0
split_feature=35 35 35 35 3 3 3 15 8 3 15 3 6 15 28 3 6 8
split_gain=3.35305e+11 8.47843e+10 3.56853e+10 1.9633e+10 1.3874e+10 1.38673e+10 1.23515e+10 9.27473e+09 8.70365e+09 8.49304e+09 8.27907e+09 6.97878e+09 8.59703e+09 6.61514e+09 5.72976e+09 5.49371e+09 7.48694e+09 9.25887e+09
threshold=29923.000000000004 24207.500000000004 36288.500000000007 19234.500000000004 1.5000000000000002 1.5000000000000002 1.0000000180025095e-35 13.781250000000004 0.13052619222005152 3.5000000000000004 13.068750000000003 1.0000000180025095e-35 1.0000000180025095e-35 15.168750000000003 0.053349358974359447 1.5000000000000002 1.0000000180025095e-35 -0.19467261866128607
decision_type=2 2 2 2 2 2 2 2 2 2 2 2 2 2 2 2 2 2
left_child=1 3 6 15 8 -3 -2 -8 11 14 -7 12 -5 -6 -4 16 17 -1
right_child=2 5 9 4 13 10 7 -9 -10 -11 -12 -13 -14 -15 -16 -17 -18 -19
leaf_value=-3.6209390340883294 58.317599772521923 16.448521206508094 78.164058860889909 29.251773674561758 -20.117620621013824 4.5997649864479717 33.407776903408141 14.131393989174564 -17.527273803194817 43.730176386995367 -9.7628192590787961 -10.16970890349654 -42.343119092076357 -34.393549864849192 50.435278690233879 -46.868902159130535 -73.124217949842574 -38.935758291384268
leaf_weight=6744 6536 28104 12223 7224 63822 44966 29720 23632 17896 11128 39994 7472 1008 23394 5793 18976 1832 9336
leaf_count=6744 6536 28104 12223 7224 63822 44966 29720 23632 17896 11128 39994 7472 1008 23394 5793 18976 1832 9336
internal_value=9.58234e-09 -12.7127 38.6625 -23.5938 -19.1164 2.46452 28.5198 24.8694 -6.57807 59.5045 -2.16127 5.89944 20.4851 -23.9469 69.2479 -38.2583 -29.1362 -24.1246
internal_weight=359800 270768 89032 157704 120816 113064 59888 53352 33600 29144 84960 15704 8232 87216 18016 36888 17912 16080
internal_count=359800 270768 89032 157704 120816 113064 59888 53352 33600 29144 84960 15704 8232 87216 18016 36888 17912 16080
is_linear=0
shrinkage=0.0229654


Tree=73
num_leaves=19
num_cat=0
split_feature=35 35 35 35 3 3 3 3 3 6 8 16 15 3 16 36 15 15
split_gain=3.20636e+11 7.38141e+10 3.81558e+10 1.99073e+10 1.44251e+10 1.19127e+10 9.0393e+09 8.34486e+09 8.02315e+09 8.08769e+09 9.1012e+09 7.93435e+09 7.2308e+09 7.06968e+09 6.24339e+09 5.78874e+09 5.69028e+09 4.52751e+09
threshold=26490.500000000004 32087.000000000004 21297.500000000004 37282.500000000007 2.5000000000000004 1.5000000000000002 1.0000000180025095e-35 3.5000000000000004 2.5000000000000004 1.0000000180025095e-35 -1.0000000180025095e-35 437.81250000000006 13.968750000000004 1.0000000180025095e-35 563.06250000000011 29589.500000000004 12.843750000000004 14.681250000000004
decision_type=2 2 2 2 2 2 2 2 2 2 2 2 2 2 2 2 2 2
left_child=2 5 8 6 15 -2 -3 -5 9 10 13 17 -7 -1 -10 -4 -8 -6
right_child=1 3 4 7 11 12 16 -9 14 -11 -12 -13 -14 -15 -16 -17 -18 -19
leaf_value=5.7628291869151518 26.934257186508013 65.597357910271697 -3.1170582874671346 73.099075017320132 -9.3425393896738242 13.282570303342165 40.769740363418634 44.11462249280391 -33.720590503130403 -58.993584021902542 -28.751021439826822 -34.869096516828932 -2.6289932303043169 -28.292095804290845 -60.936834913755881 24.83059145080221 23.15577368571812 -22.224955489442923
leaf_weight=9704 19912 4608 47912 13624 44368 35339 18529 8512 38779 2992 22976 10674 26253 4808 5021 4256 20239 21294
leaf_count=9704 19912 4608 47912 13624 44368 35339 18529 8512 38779 2992 22976 10674 26253 4808 5021 4256 20239 21294
internal_value=2.11596e-08 26.0818 -18.0203 44.2324 -10.1446 11.4925 35.1887 61.9536 -30.0286 -22.6581 -19.758 -16.5055 6.50042 -5.51998 -36.8405 -0.837017 31.5743 -13.5203
internal_weight=359800 147016 212784 65512 128504 81504 43376 22136 84280 40480 37488 76336 61592 14512 43800 52168 38768 65662
internal_count=359800 147016 212784 65512 128504 81504 43376 22136 84280 40480 37488 76336 61592 14512 43800 52168 38768 65662
is_linear=0
shrinkage=0.0229654


Tree=74
num_leaves=19
num_cat=0
split_feature=35 35 35 35 3 3 3 3 3 8 35 4 35 3 30 25 23 0
split_gain=3.06515e+11 6.77743e+10 4.03275e+10 1.49258e+10 1.35438e+10 1.2614e+10 1.15952e+10 1.08652e+10 8.60232e+09 8.44539e+09 7.91433e+09 6.87659e+09 6.82242e+09 6.7778e+09 6.36026e+09 5.13055e+09 5.06767e+09 5.6591e+09
threshold=29074.500000000004 23418.500000000004 36288.500000000007 19234.500000000004 3.5000000000000004 3.5000000000000004 1.5000000000000002 5.5000000000000009 4.5000000000000009 1.0000000180025095e-35 41867.500000000007 1.5000000000000002 25717.500000000004 1.0000000180025095e-35 371.05625000000003 5.667447916666668 6.5000000000000036 14.500000000000002
decision_type=2 2 2 2 2 2 2 2 2 2 2 2 2 2 2 2 2 2
left_child=1 3 4 16 11 12 9 8 -6 14 13 -2 -3 -4 -5 -15 17 -1
right_child=2 5 10 6 7 -7 -8 -9 -10 -11 -12 -13 -14 15 -16 -17 -18 -19
leaf_value=-40.9782050850038 57.104398860825171 -1.886224457960366 97.982801630462149 -7.7567472434202385 18.822925244984305 -9.1944416697079365 -24.492816903775601 35.161750050618785 -10.336197600074021 -17.85417261968497 93.928717010563417 29.602286006037989 12.529605078256534 59.500979850280842 26.094996980662934 38.488044206715472 -66.698821836699267 -21.199097956957228
leaf_weight=22624 5536 32872 1656 6418 10688 52688 72552 8352 10656 16216 2752 35824 36584 13542 5382 11194 2753 11511
leaf_count=22624 5536 32872 1656 6418 10688 52688 72552 8352 10656 16216 2752 35824 36584 13542 5382 11194 2753 11511
internal_value=-1.7023e-09 -13.1689 34.1184 -24.2303 24.7876 -0.720933 -19.6471 12.9549 4.26522 -7.09819 56.8676 33.2834 5.70691 53.0031 7.68309 49.9918 -36.7256 -34.3083
internal_weight=359800 259600 100200 137456 71056 122144 100568 29696 21344 28016 29144 41360 69456 26392 11800 24736 36888 34135
internal_count=359800 259600 100200 137456 71056 122144 100568 29696 21344 28016 29144 41360 69456 26392 11800 24736 36888 34135
is_linear=0
shrinkage=0.0229654


Tree=75
num_leaves=19
num_cat=0
split_feature=35 35 35 35 3 3 3 6 3 3 3 3 3 6 0 25 3 3
split_gain=2.93248e+11 7.67698e+10 2.89858e+10 1.92767e+10 1.21069e+10 1.20532e+10 1.11262e+10 7.7919e+09 7.69612e+09 6.37848e+09 8.22704e+09 6.80749e+09 5.68654e+09 7.24765e+09 7.02402e+09 5.62704e+09 5.52995e+09 9.65112e+09
threshold=30149.500000000004 24553.500000000004 36288.500000000007 19903.500000000004 3.5000000000000004 1.5000000000000002 1.0000000180025095e-35 1.0000000180025095e-35 3.5000000000000004 3.5000000000000004 5.5000000000000009 4.5000000000000009 2.5000000000000004 1.0000000180025095e-35 13.500000000000002 6.7328125000000005 4.5000000000000009 5.5000000000000009
decision_type=2 2 2 2 2 2 2 2 2 2 2 2 2 2 2 2 2 2
left_child=1 3 6 12 -5 -3 -2 9 -4 -8 11 -11 13 14 -1 -7 -17 -18
right_child=2 5 8 4 -6 15 7 -9 -10 10 -12 -13 -14 -15 -16 16 17 -19
leaf_value=-31.82853410083715 56.355525730043851 16.943344483837635 64.836617260819835 -9.2615728672490416 -24.214591122684141 10.675454514414112 32.801340472707381 -43.880256095650104 40.545524429961986 22.843456086273402 37.990738204420261 -6.3228350547869088 -41.262761093464071 -65.088385063377316 -6.7813274601094493 0.60600785325700768 -26.881735173541578 5.2696819402015764
leaf_weight=15680 6240 26512 18016 61728 53144 17373 26424 880 11128 8208 6656 8688 23992 2288 9472 42915 12199 8257
leaf_count=15680 6240 26512 18016 61728 53144 17373 26424 880 11128 8208 6656 8688 23992 2288 9472 42915 12199 8257
internal_value=1.0721e-08 -11.641 36.9261 -21.4112 -16.1794 3.50801 27.4138 23.8627 55.5616 25.0555 16.3652 7.84602 -33.0962 -25.9558 -22.396 -0.903436 -4.07776 -13.9039
internal_weight=359800 273560 86240 166304 114872 107256 57096 50856 29144 49976 23552 16896 51432 27440 25152 80744 63371 20456
internal_count=359800 273560 86240 166304 114872 107256 57096 50856 29144 49976 23552 16896 51432 27440 25152 80744 63371 20456
is_linear=0
shrinkage=0.0229654


Tree=76
num_leaves=19
num_cat=0
split_feature=36 36 36 26 16 15 16 10 6 15 8 3 3 19 6 6 0 26
split_gain=2.71886e+11 5.75686e+10 2.55246e+10 1.4308e+10 1.24877e+10 1.2457e+10 1.16312e+10 1.02975e+10 1.00595e+10 9.25369e+09 7.62041e+09 7.4904e+09 6.63186e+09 6.53603e+09 6.53792e+09 6.15538e+09 5.99297e+09 5.96176e+09
threshold=29272.500000000004 23384.500000000004 36686.500000000007 2.7273437500000006 336.56250000000006 13.206250000000002 204.81250000000003 -0.5 1.0000000180025095e-35 13.206250000000002 0.75023006073889131 4.5000000000000009 1.0000000180025095e-35 4.4812500000000011 1.0000000180025095e-35 1.0000000180025095e-35 18.500000000000004 1.6664062500000003
decision_type=2 2 2 2 2 2 2 2 2 2 2 2 2 2 2 2 2 2
left_child=1 5 3 -2 9 7 8 11 10 17 12 -1 -5 -4 -15 -6 -11 -3
right_child=2 4 13 6 15 -7 -8 -9 -10 16 -12 -13 -14 14 -16 -17 -18 -19
leaf_value=-17.199462870626061 62.620692402754251 50.157865944902291 10.494949498523392 51.740418387255758 -14.339495932733428 -31.819008115845403 -1.6674479835548099 -7.954689039752199 -36.618978556758805 -17.292343806977815 5.9843163768092484 -35.411388483904567 27.725259593845784 56.468379381767186 -49.671005410163538 -81.307178722300193 0.41076523439809021 7.1703248520885463
leaf_weight=31934 5097 1755 1862 7095 21593 49015 8944 36071 1302 14929 7252 18996 41766 24204 310 749 31085 55841
leaf_count=31934 5097 1755 1862 7095 21593 49015 8944 36071 1302 14929 7252 18996 41766 24204 310 749 31085 55841
internal_value=2.69719e-09 -12.1998 32.6678 25.541 -1.01225 -22.5596 22.6929 -17.343 26.4877 2.34568 27.952 -23.9922 31.2124 51.9754 55.1262 -16.5845 -5.33292 8.48019
internal_weight=359800 261968 97832 71456 125952 136016 66359 87001 57415 103610 56113 50930 48861 26376 24514 22342 46014 57596
internal_count=359800 261968 97832 71456 125952 136016 66359 87001 57415 103610 56113 50930 48861 26376 24514 22342 46014 57596
is_linear=0
shrinkage=0.0229654


Tree=77
num_leaves=19
num_cat=0
split_feature=35 35 35 35 3 3 3 3 16 16 3 3 1 3 35 8 15 15
split_gain=2.69661e+11 6.19872e+10 3.25819e+10 1.59501e+10 1.25581e+10 1.07913e+10 7.97782e+09 7.87811e+09 7.53665e+09 7.3266e+09 7.25747e+09 6.82628e+09 6.63466e+09 7.72092e+09 6.54905e+09 6.13306e+09 5.14187e+09 5.11168e+09
threshold=26490.500000000004 32374.500000000004 21297.500000000004 37475.500000000007 2.5000000000000004 3.5000000000000004 5.5000000000000009 1.0000000180025095e-35 589.18750000000011 437.81250000000006 3.5000000000000004 4.5000000000000009 6.5000000000000009 1.5000000000000002 18599.500000000004 -0.065263096110025884 12.843750000000004 13.918750000000003
decision_type=2 2 2 2 2 2 2 2 2 2 2 2 2 2 2 2 2 2
left_child=2 5 8 7 -4 17 11 -3 12 -6 -5 -7 14 -14 -1 -13 -9 -2
right_child=1 3 4 10 9 6 -8 16 -10 -11 -12 15 13 -15 -16 -17 -18 -19
leaf_value=-43.120681550220574 24.688736389981276 61.918328883557933 -0.56375766418872431 68.34015600673375 -12.314496263364015 5.92996490161718 19.562364719758786 38.556809489464875 -49.483948716697533 -32.829396696067676 40.325213045711095 -33.970750811018156 -0.90534350308155376 -27.438578576311379 -25.02487173545563 -1.5086372214626638 21.548781583460716 9.6746007448322082
leaf_weight=14464 27241 4464 52168 12840 65662 13976 9448 17899 7570 10674 7864 6064 10710 12576 38960 6216 19685 21319
leaf_count=14464 27241 4464 52168 12840 65662 13976 9448 17899 7570 10674 7864 6064 10710 12576 38960 6216 19685 21319
internal_value=-4.26171e-09 23.9188 -16.5259 41.1991 -9.24816 11.0501 1.46555 33.0746 -27.6225 -15.1831 57.6992 -5.04643 -25.4651 -15.2351 -29.9241 -17.5388 29.6487 18.0972
internal_weight=359800 147016 212784 62752 128504 84264 35704 42048 84280 76336 20704 26256 76710 23286 53424 12280 37584 48560
internal_count=359800 147016 212784 62752 128504 84264 35704 42048 84280 76336 20704 26256 76710 23286 53424 12280 37584 48560
is_linear=0
shrinkage=0.0229654


Tree=78
num_leaves=19
num_cat=0
split_feature=35 35 35 3 3 3 35 3 25 3 35 8 7 8 3 6 1 3
split_gain=2.57763e+11 5.05619e+10 3.85599e+10 1.47927e+10 1.0585e+10 9.97232e+09 9.41931e+09 8.849e+09 8.73836e+09 8.69582e+09 8.41789e+09 7.78491e+09 6.70493e+09 5.55825e+09 5.2235e+09 5.1996e+09 4.78173e+09 4.63382e+09
threshold=27264.500000000004 35575.000000000007 22132.500000000004 3.5000000000000004 3.5000000000000004 5.5000000000000009 18599.500000000004 4.5000000000000009 2.8908854166666669 1.5000000000000002 31263.500000000004 1.0000000180025095e-35 -0.82968937203783699 -0.19467261866128607 4.5000000000000009 1.0000000180025095e-35 9.5000000000000018 1.0000000180025095e-35
decision_type=2 2 2 2 2 2 2 2 2 2 2 2 2 2 2 2 2 2
left_child=2 3 6 10 17 7 -1 -5 -3 11 -2 -8 -10 -9 -14 -12 -7 -4
right_child=1 8 4 5 -6 16 9 13 12 -11 15 -13 14 -15 -16 -17 -18 -19
leaf_value=-37.101268044239717 17.32577567562652 72.483525474534176 11.274772150989657 11.687427644059724 -13.556355154179908 -7.2525321965950393 6.3861332663595132 -26.7308865903276 54.545926042697111 -25.994153537749796 37.027001546635013 -20.217647058740411 39.113597699536484 1.9998185109910234 3.2748673657056275 -38.747436618283622 32.512918927612908 -3.1470363503662711
leaf_weight=25376 33264 6911 15080 15416 54176 1944 9704 7656 14374 56352 22432 14424 10807 6624 2676 488 8880 53216
leaf_count=25376 33264 6911 15080 15416 54176 1944 9704 7656 14374 56352 22432 14424 10807 6624 2676 488 8880 53216
internal_value=9.73833e-09 25.6163 -14.75 17.0767 -5.97588 6.50011 -24.9013 -0.378215 49.3684 -21.0546 24.7046 -9.51792 43.6338 -13.4037 32.0006 35.4137 25.371 0.0373503
internal_weight=359800 131472 228328 96704 122472 40520 105856 29696 34768 80480 56184 24128 27857 14280 13483 22920 10824 68296
internal_count=359800 131472 228328 96704 122472 40520 105856 29696 34768 80480 56184 24128 27857 14280 13483 22920 10824 68296
is_linear=0
shrinkage=0.0229654


Tree=79
num_leaves=19
num_cat=0
split_feature=36 36 36 25 12 26 6 6 36 25 6 7 7 7 14 12 36 8
split_gain=2.38343e+11 3.9061e+10 3.39337e+10 1.16833e+10 1.14573e+10 1.03246e+10 9.22975e+09 8.77759e+09 7.65835e+09 7.23658e+09 6.39845e+09 6.11735e+09 5.53341e+09 5.51243e+09 6.72834e+09 5.5083e+09 4.61325e+09 4.5089e+09
threshold=27525.500000000004 33390.500000000007 21431.500000000004 4.5252604166666677 6.3312500000000016 1.9851562500000004 1.0000000180025095e-35 1.0000000180025095e-35 24051.500000000004 11.475000000000003 1.0000000180025095e-35 -0.89495246814786256 -0.94490267940017747 0.65793410509763428 59.812500000000007 10.306250000000004 30610.500000000004 -0.65793410509763406
decision_type=2 2 2 2 2 2 2 2 2 2 2 2 2 2 2 2 2 2
left_child=2 5 9 17 10 -2 8 16 -5 -1 12 -6 -3 14 -11 -13 -7 -4
right_child=1 4 3 6 11 7 -8 -9 -10 13 -12 15 -14 -15 -16 -17 -18 -19
leaf_value=-13.744462636569516 60.815510838599366 75.191394784251543 90.304994604552704 -14.120008597702997 43.63121487577051 9.7077488912744005 -48.548321187642237 -34.736625993168481 -2.9297436810010868 -37.708011294826392 -54.616096973273109 29.258272444542818 47.932233073592556 -36.138616045516663 -15.971117312292549 -1.7841387967135369 21.905845942011364 11.822757495750626
leaf_weight=21966 2455 5135 399 59820 12563 43684 3043 1982 70000 10924 288 14575 16702 30372 24034 3801 26135 11922
leaf_count=21966 2455 5135 399 59820 12563 43684 3043 1982 70000 10924 288 14575 16702 30372 24034 3801 26135 11922
internal_value=5.7707e-10 25.2574 -13.8325 -7.02895 40.3049 14.5044 -9.01284 12.9209 -8.08613 -25.1476 52.924 31.2808 54.3423 -28.9817 -22.7637 22.8373 14.2738 14.3643
internal_weight=359800 127320 232480 145184 53064 74256 132863 71801 129820 87296 22125 30939 21837 65330 34958 18376 69819 12321
internal_count=359800 127320 232480 145184 53064 74256 132863 71801 129820 87296 22125 30939 21837 65330 34958 18376 69819 12321
is_linear=0
shrinkage=0.0229654


Tree=80
num_leaves=19
num_cat=0
split_feature=26 0 0 3 6 3 0 10 0 4 7 1 10 26 15 4 3 6
split_gain=1.42595e+11 6.20644e+10 4.02614e+10 2.96738e+10 2.79206e+10 2.56686e+10 2.17178e+10 2.08158e+10 1.75419e+10 1.78301e+10 1.62016e+10 1.2327e+10 1.32935e+10 8.91542e+09 7.77089e+09 7.61181e+09 7.3947e+09 7.03534e+09
threshold=8.9501302083333361 13.500000000000002 32.500000000000007 4.5000000000000009 1.0000000180025095e-35 4.5000000000000009 13.500000000000002 -0.24999999999999994 42.500000000000007 1.5000000000000002 -0.32075123873380551 21.500000000000004 -0.24999999999999994 3.1248697916666672 17.393750000000008 8.5000000000000018 5.5000000000000009 1.0000000180025095e-35
decision_type=2 2 2 2 2 2 2 2 2 2 2 2 2 2 2 2 2 2
left_child=1 -1 5 4 8 6 -2 17 9 13 16 12 -4 -3 -11 -7 -5 -8
right_child=2 3 11 10 -6 15 7 -9 -10 14 -12 -13 -14 -15 -16 -17 -18 -19
leaf_value=-6.8285058159664693 -24.431034646677784 99.744787220600514 -0.136459902682181 8.608995885225708 -38.018275272494094 -38.651650636433821 -11.028226393066179 14.588837032538125 13.392917220957475 43.223971542258624 -10.604723806956301 -13.473784530849047 23.243737587823272 56.829124916859655 20.821328458254111 -16.363615594746793 40.457286706702895 -59.030654989378725
leaf_weight=36168 43935 3333 37125 7752 2552 31922 40488 22075 11350 29528 12750 18901 19596 10910 11288 10821 7629 1677
leaf_count=36168 43935 3333 37125 7752 2552 31922 40488 22075 11350 29528 12750 18901 19596 10910 11288 10821 7629 1677
internal_value=-1.0657e-09 18.8503 -11.0885 28.416 36.5249 -17.9418 -11.9883 -3.47847 39.3894 44.7484 8.53775 2.58854 7.94094 66.8718 37.0283 -33.0091 24.4058 -12.9374
internal_weight=359800 133260 226540 97092 68961 150918 108175 64240 66409 55059 28131 75622 56721 14243 40816 42743 15381 42165
internal_count=359800 133260 226540 97092 68961 150918 108175 64240 66409 55059 28131 75622 56721 14243 40816 42743 15381 42165
is_linear=0
shrinkage=0.0229654


Tree=81
num_leaves=19
num_cat=0
split_feature=35 35 35 25 3 3 3 16 15 35 16 3 1 3 10 35 16 8
split_gain=2.27185e+11 5.37556e+10 2.67263e+10 1.47413e+10 1.12688e+10 1.0869e+10 9.96145e+09 7.01068e+09 6.97534e+09 6.847e+09 6.82758e+09 6.48725e+09 5.84254e+09 6.34881e+09 5.5445e+09 5.51875e+09 4.96215e+09 4.91937e+09
threshold=26348.500000000004 32087.000000000004 21122.500000000004 2.8908854166666669 2.5000000000000004 3.5000000000000004 1.5000000000000002 468.31250000000006 13.643750000000002 37475.500000000007 589.18750000000011 5.5000000000000009 6.5000000000000009 1.5000000000000002 -0.24999999999999994 18599.500000000004 238.56250000000003 0.13052619222005152
decision_type=2 2 2 2 2 2 2 2 2 2 2 2 2 2 2 2 2 2
left_child=2 6 10 -3 17 9 -2 -6 -8 16 12 -7 15 -14 -15 -1 -5 -4
right_child=1 3 4 5 7 11 8 -9 -10 -11 -12 -13 13 14 -16 -17 -18 -19
leaf_value=-39.992589392389462 23.406375657644116 64.133060541328049 6.2440001526220774 36.807343719739691 -12.029042550290235 13.75668679102778 11.841730478992973 -33.391703601933273 -3.4307609405603552 57.181764736160808 -47.091045507453146 44.357369157942891 -0.5534887428383477 -31.763036720029636 14.310723660348712 -23.232551674577721 -10.266518230525534 -7.7791893016549896
leaf_weight=14464 20496 9218 26248 23329 68002 17358 35221 9198 28563 9735 7259 4628 10190 9985 1598 36536 1244 26528
leaf_count=14464 20496 9218 26248 23329 68002 17358 35221 9198 28563 9735 7259 4628 10190 9985 1598 36536 1244 26528
internal_value=1.00212e-08 21.6076 -15.412 37.2119 -8.98327 32.8036 9.47819 -14.5743 5.00258 40.8818 -25.8526 20.1981 -23.7341 -13.7751 -25.4067 -27.9858 34.4242 -0.804794
internal_weight=359800 149792 210008 65512 129976 56294 84280 77200 63784 34308 80032 21986 72773 21773 11583 51000 24573 52776
internal_count=359800 149792 210008 65512 129976 56294 84280 77200 63784 34308 80032 21986 72773 21773 11583 51000 24573 52776
is_linear=0
shrinkage=0.0229654


Tree=82
num_leaves=19
num_cat=0
split_feature=35 35 35 35 16 15 15 35 15 16 36 23 1 16 6 26 15 7
split_gain=2.17239e+11 5.82775e+10 2.19539e+10 1.37164e+10 1.06485e+10 7.62139e+09 7.12748e+09 6.89094e+09 6.4224e+09 5.41366e+09 4.78409e+09 4.67697e+09 4.62415e+09 6.19518e+09 4.53756e+09 4.32125e+09 4.20283e+09 4.02281e+09
threshold=30149.500000000004 24207.500000000004 36288.500000000007 19234.500000000004 292.93750000000006 15.231250000000003 14.031250000000004 41867.500000000007 13.518750000000002 241.31250000000003 23720.500000000004 6.5000000000000036 6.5000000000000009 425.18750000000006 1.0000000180025095e-35 1.0000000180025095e-35 20.406250000000004 -0.82968937203783699
decision_type=2 2 2 2 2 2 2 2 2 2 2 2 2 2 2 2 2 2
left_child=1 3 6 11 8 -5 -2 15 -3 -8 -7 12 -1 14 -14 -4 -6 -17
right_child=2 4 7 5 16 10 9 -9 -10 -11 -12 -13 13 -15 -16 17 -18 -19
leaf_value=-35.068763977797623 30.618445828333659 11.046333393952462 103.57835536087318 -11.835939098694126 -7.3631582842777883 -31.426754130048273 17.295022363565028 82.582535509316486 -1.1835612544554877 -23.532074872886799 -13.217987752711782 -60.156401576849106 6.3980951573398288 -34.024216561912446 -62.191709245832691 51.891235424698174 -34.32750749781588 33.737758967165476
leaf_weight=22624 32279 53153 635 87947 19636 20902 22966 2752 39458 1851 11967 2753 5187 5760 564 13050 3609 12707
leaf_count=22624 32279 53153 635 87947 19636 20902 22966 2752 39458 1851 11967 2753 5187 5760 564 13050 3609 12707
internal_value=3.52587e-09 -10.0194 31.7822 -19.1046 2.34752 -15.3622 23.5038 48.0005 5.83564 14.2499 -24.7973 -31.3618 -29.0395 -17.1895 -0.3285 44.3945 -11.5496 42.9354
internal_weight=359800 273560 86240 157704 115856 120816 57096 29144 92611 24817 32869 36888 34135 11511 5751 26392 23245 25757
internal_count=359800 273560 86240 157704 115856 120816 57096 29144 92611 24817 32869 36888 34135 11511 5751 26392 23245 25757
is_linear=0
shrinkage=0.0229654


Tree=83
num_leaves=19
num_cat=0
split_feature=36 36 36 25 12 6 26 6 6 7 36 5 0 10 8 27 10 5
split_gain=2.00552e+11 3.30741e+10 2.8548e+10 1.07783e+10 1.02279e+10 9.10552e+09 8.91607e+09 7.94501e+09 7.58615e+09 7.62104e+09 7.18974e+09 6.57624e+09 5.3676e+09 5.04988e+09 4.8317e+09 4.29354e+09 4.05079e+09 4.05185e+09
threshold=27525.500000000004 33390.500000000007 21431.500000000004 2.7429687499999997 9.6312500000000032 1.0000000180025095e-35 1.9851562500000004 1.0000000180025095e-35 1.0000000180025095e-35 -0.94490267940017747 24393.500000000004 1.0000000180025095e-35 13.500000000000002 -0.24999999999999994 0.65793410509763406 3.0366443452380971 -0.5 1.0000000180025095e-35
decision_type=2 2 2 2 2 2 2 2 2 2 2 2 2 2 2 2 2 2
left_child=2 6 11 -4 8 10 -2 15 9 -3 -5 12 -1 14 -13 16 -8 -18
right_child=1 4 3 5 -6 -7 7 -9 -10 -11 -12 13 -14 -15 -16 -17 17 -19
leaf_value=-21.974141303320948 56.310199270653229 60.248919865418301 26.888433931549162 -11.802714454615355 17.126335912569555 -44.865034066548816 -1.2029172557427619 -33.538545687386978 -43.640232249251596 37.56429691854072 -1.270145164632392 -39.403557016922875 -4.5731836243214685 -16.030041956430431 -15.540570140679627 1.0374003733034256 21.932907453592332 7.2709023696521617
leaf_weight=35344 2455 10412 4941 70600 10849 3379 6556 1982 537 31266 66264 23640 12712 10080 5520 12744 36915 13604
leaf_count=35344 2455 10412 4941 70600 10849 3379 6556 1982 537 31266 66264 23640 12712 10080 5520 12744 36915 13604
internal_value=-1.4207e-09 23.1687 -12.6886 -6.44823 37.015 -7.62274 13.2739 11.8024 42.1263 43.2314 -6.70327 -23.067 -17.3712 -30.0425 -34.8863 13.0896 15.7806 17.9847
internal_weight=359800 127320 232480 145184 53064 140243 74256 71801 42215 41678 136864 87296 48056 39240 29160 69819 57075 50519
internal_count=359800 127320 232480 145184 53064 140243 74256 71801 42215 41678 136864 87296 48056 39240 29160 69819 57075 50519
is_linear=0
shrinkage=0.0229654


Tree=84
num_leaves=19
num_cat=0
split_feature=35 35 35 3 25 3 3 15 3 3 3 7 3 35 3 6 8 8
split_gain=1.99626e+11 4.9016e+10 2.24575e+10 1.14565e+10 1.14189e+10 1.09709e+10 8.92063e+09 8.32968e+09 7.75147e+09 6.50465e+09 5.8398e+09 5.49254e+09 5.45989e+09 5.42499e+09 5.38516e+09 6.62351e+09 6.44376e+09 5.2788e+09
threshold=26149.500000000004 32953.500000000007 20647.500000000004 3.5000000000000004 2.7429687499999997 1.5000000000000002 3.5000000000000004 15.231250000000003 5.5000000000000009 4.5000000000000009 1.0000000180025095e-35 0.25881904510252096 5.5000000000000009 38550.000000000007 2.5000000000000004 1.0000000180025095e-35 -1.0000000180025095e-35 -0.065263096110025884
decision_type=2 2 2 2 2 2 2 2 2 2 2 2 2 2 2 2 2 2
left_child=2 3 14 10 -3 -4 13 -7 9 -5 11 -2 -8 -6 15 16 -1 -11
right_child=1 4 5 8 6 7 12 -9 -10 17 -12 -13 -14 -15 -16 -17 -18 -19
leaf_value=-3.3629166234229646 23.944471764169382 62.136693925135141 1.4276210113840344 4.7451251891344279 35.260860640281493 -9.1254313228604005 14.321923976438411 -23.706263872815107 17.159602704663893 -30.892756048538907 13.019923706051483 66.184806003450504 45.075657283707137 59.084442320616695 -31.985300638492284 -53.804724714835345 -24.493743116166481 -2.9317845657434485
leaf_weight=12512 8480 7982 36192 15704 23393 72022 15515 28978 10912 7008 45440 2008 3788 6426 34088 2680 19432 7240
leaf_count=12512 8480 7982 36192 15704 23393 72022 15515 28978 10912 7008 45440 2008 3788 6426 34088 2680 19432 7240
internal_value=4.83476e-09 19.7866 -14.7888 9.83154 36.6605 -9.42127 32.5208 -13.3088 0.588305 -5.44889 16.5851 32.0317 20.357 40.3948 -25.5057 -19.1265 -16.2171 -16.6846
internal_weight=359800 153896 205904 96792 57104 137192 49122 101000 40864 29952 55928 10488 19303 29819 68712 34624 31944 14248
internal_count=359800 153896 205904 96792 57104 137192 49122 101000 40864 29952 55928 10488 19303 29819 68712 34624 31944 14248
is_linear=0
shrinkage=0.0229654


Tree=85
num_leaves=19
num_cat=0
split_feature=36 36 26 15 15 10 6 6 10 26 29 5 6 4 36 8 15 26
split_gain=1.8367e+11 3.96643e+10 1.9272e+10 1.18001e+10 1.10496e+10 8.76697e+09 7.65275e+09 7.64306e+09 6.98726e+09 6.80776e+09 6.74732e+09 5.49721e+09 5.41277e+09 5.23059e+09 5.15834e+09 4.97221e+09 4.88801e+09 4.30121e+09
threshold=29388.500000000004 23384.500000000004 6.0217447916666682 11.531250000000004 15.731250000000003 0.6830127018922193 1.0000000180025095e-35 1.0000000180025095e-35 -0.5 1.6664062500000003 746.06875000000002 1.0000000180025095e-35 1.0000000180025095e-35 1.5000000000000002 36853.500000000007 0.65793410509763406 18.906250000000004 2.5639322916666671
decision_type=2 2 2 2 2 2 2 2 2 2 2 2 2 2 2 2 2 2
left_child=1 3 7 8 6 -4 9 10 11 -3 14 -1 15 -5 -2 -7 -15 -10
right_child=2 4 5 13 -6 12 -8 -9 17 -11 -12 -13 -14 16 -16 -17 -18 -19
leaf_value=-11.76410626874844 33.32551143679116 46.433489548792586 12.096641294490357 5.3579425238665648 -11.285869117357992 35.154443946107826 -37.603862294225713 -39.27616709272813 35.829174721011462 3.7191330992663549 90.635264934189465 -29.114429608842446 -45.059637974845998 -23.509367140424906 52.264470393074106 2.0225671826596137 -38.899786670401191 -5.4610769833248645
leaf_weight=26216 22010 2014 36332 2756 37016 21283 2315 622 1397 85991 1439 15224 498 48391 11573 2691 14042 27990
leaf_count=26216 22010 2014 36332 2756 37016 21283 2315 622 1397 85991 1439 15224 498 48391 11573 2691 14042 27990
internal_value=-2.19808e-09 -9.92981 27.1134 -18.5534 -0.718427 19.2535 3.61245 40.5214 -12.0639 4.69665 41.9386 -18.1382 29.8788 -25.6041 39.852 31.4355 -26.9709 -3.49822
internal_weight=359800 263352 96448 136016 127336 60804 90320 35644 70827 88005 35022 41440 24472 65189 33583 23974 62433 29387
internal_count=359800 263352 96448 136016 127336 60804 90320 35644 70827 88005 35022 41440 24472 65189 33583 23974 62433 29387
is_linear=0
shrinkage=0.0229654


Tree=86
num_leaves=19
num_cat=0
split_feature=35 35 35 4 15 15 7 27 36 16 36 0 14 10 16 21 15 16
split_gain=1.83698e+11 4.73695e+10 1.93321e+10 1.25664e+10 9.58754e+09 9.37374e+09 7.35643e+09 7.229e+09 7.32275e+09 5.86364e+09 5.1202e+09 4.91952e+09 5.11549e+09 4.8409e+09 4.45286e+09 4.42098e+09 4.37388e+09 4.05248e+09
threshold=25901.500000000004 32087.000000000004 20521.500000000004 1.5000000000000002 15.231250000000003 17.206250000000008 -0.89495246814786256 3.2751302083333349 35561.000000000007 624.93750000000011 33088.500000000007 14.500000000000002 68.312500000000014 -0.5 496.06250000000006 3.1248697916666672 11.831250000000002 210.31250000000003
decision_type=2 2 2 2 2 2 2 2 2 2 2 2 2 2 2 2 2 2
left_child=2 5 9 6 -4 13 -3 8 -5 11 14 16 -13 -2 -6 -8 -1 -7
right_child=1 3 4 7 10 17 15 -9 -10 -11 -12 12 -14 -15 -16 -17 -18 -19
leaf_value=-21.243796989763663 1.6375619289436572 72.533165506741824 -5.7056230654303191 22.38404639249411 -17.325235187801123 1.4534353441039263 62.247287189943613 4.8556247207365724 42.414759144813537 -48.669572764437042 44.143593505047043 -24.06793684147771 0.054060590867502492 15.535460700696806 -40.890146603252511 32.752581592903333 -36.381423677935537 -19.632231600585911
leaf_weight=25504 17581 5144 95063 23333 33850 16369 3619 6698 16385 5030 662 10163 8527 53268 4833 10333 16632 6806
leaf_count=25504 17581 5144 95063 23333 33850 16369 3619 6698 16385 5030 662 10163 8527 53268 4833 10333 16632 6806
internal_value=-3.37111e-09 18.3852 -14.6462 33.377 -9.6516 7.93954 49.0582 26.9255 30.6474 -24.8398 -19.1856 -22.8692 -13.0627 12.0867 -20.2694 40.4032 -27.2189 -4.73897
internal_weight=359800 159536 200264 65512 134408 94024 19096 46416 39718 65856 39345 60826 18690 70849 38683 13952 42136 23175
internal_count=359800 159536 200264 65512 134408 94024 19096 46416 39718 65856 39345 60826 18690 70849 38683 13952 42136 23175
is_linear=0
shrinkage=0.0229654


Tree=87
num_leaves=19
num_cat=0
split_feature=35 35 35 25 3 3 3 3 3 3 35 14 0 3 6 10 3 7
split_gain=1.75358e+11 4.52188e+10 1.84611e+10 1.23196e+10 1.00543e+10 9.66148e+09 9.5956e+09 6.3894e+09 6.24673e+09 5.84217e+09 5.49294e+09 5.22011e+09 5.07439e+09 5.88189e+09 7.28865e+09 6.37089e+09 4.95444e+09 5.21337e+09
threshold=25901.500000000004 32087.000000000004 20647.500000000004 2.8908854166666669 1.5000000000000002 3.5000000000000004 3.5000000000000004 5.5000000000000009 4.5000000000000009 5.5000000000000009 37475.500000000007 52.312500000000007 14.500000000000002 1.5000000000000002 1.0000000180025095e-35 -0.24999999999999994 1.0000000180025095e-35 0.44134171618254497
decision_type=2 2 2 2 2 2 2 2 2 2 2 2 2 2 2 2 2 2
left_child=2 6 11 -3 -4 10 16 8 -8 -7 -5 -1 -13 14 -14 -15 17 -2
right_child=1 3 4 5 -6 9 7 -9 -10 -11 -12 12 13 15 -16 -17 -18 -19
leaf_value=-44.533096731365276 22.214314813083067 57.22114982170244 1.3123960618292765 30.412883830192499 -13.079385766371114 10.583047994894708 3.7374955890818606 14.487057293443938 -17.444742054423582 39.622467442924773 50.796308744812471 -26.283488207368311 8.6381495099012433 -31.650951236011711 -53.762540225561068 25.334025949583992 10.746353556987431 71.296164181761128
leaf_weight=5941 8776 9218 34816 24573 96736 17358 15560 10664 13904 4628 9735 43949 8113 8405 1124 1180 43808 1312
leaf_count=5941 8776 9218 34816 24573 96736 17358 15560 10664 13904 4628 9735 43949 8113 8405 1124 1180 43808 1312
internal_value=-2.09706e-09 17.963 -14.3098 32.6104 -9.27052 28.5805 7.7572 -0.745272 -6.25836 16.6958 36.1967 -23.9577 -22.0104 -12.0327 1.04495 -24.6356 14.0877 28.5977
internal_weight=359800 159536 200264 65512 131552 56294 94024 40128 29464 21986 34308 68712 62771 18822 9237 9585 53896 10088
internal_count=359800 159536 200264 65512 131552 56294 94024 40128 29464 21986 34308 68712 62771 18822 9237 9585 53896 10088
is_linear=0
shrinkage=0.0229654


Tree=88
num_leaves=19
num_cat=0
split_feature=25 0 0 16 3 6 0 3 4 0 0 16 3 15 4 25 15 14
split_gain=1.11043e+11 4.26721e+10 3.00341e+10 4.09802e+10 2.15367e+10 1.99352e+10 1.99075e+10 1.43696e+10 1.29205e+10 1.02518e+10 1.01247e+10 9.14854e+09 9.11906e+09 9.02438e+09 8.24861e+09 7.13703e+09 6.92513e+09 6.82098e+09
threshold=8.9502604166666693 13.500000000000002 15.500000000000002 386.68750000000006 4.5000000000000009 1.0000000180025095e-35 41.500000000000007 3.5000000000000004 1.5000000000000002 43.500000000000007 20.500000000000004 306.06250000000006 4.5000000000000009 11.706250000000002 8.5000000000000018 2.7429687499999997 18.256250000000005 81.187500000000014
decision_type=2 2 2 2 2 2 2 2 2 2 2 2 2 2 2 2 2 2
left_child=1 -1 13 7 5 6 8 9 15 17 -6 -12 -5 -2 -9 -3 -10 -4
right_child=2 4 3 12 10 -7 -8 14 16 -11 11 -13 -14 -15 -16 -17 -18 -19
leaf_value=-4.4335126028509135 -15.664036335804289 92.906134262511742 8.3577015957642882 -16.628159121942737 -23.171336753073348 -31.690968424445636 11.546819239031345 -13.416261397419319 39.138091829290659 -9.3421906208323495 18.039286554848438 -33.626847932339921 -40.105956329688119 -32.475562135780123 7.2386629951485277 51.561918560588794 15.358024943120778 25.597213644372452
leaf_weight=37250 42658 2760 35158 30393 4713 2549 16153 31273 28669 11811 21554 1973 12239 27825 15131 10894 8337 18460
leaf_count=37250 42658 2760 35158 30393 4713 2549 16153 31273 28669 11811 21554 1973 12239 27825 15131 10894 8337 18460
internal_value=4.39997e-09 16.4779 -9.87819 -4.2097 24.4588 31.3423 33.7471 3.09377 40.8256 10.0265 7.55193 13.7065 -23.3683 -22.3008 -6.68129 59.9192 33.7807 14.293
internal_weight=359800 134852 224948 154465 97602 69362 66813 111833 50660 65429 28240 23527 42632 70483 46404 13654 37006 53618
internal_count=359800 134852 224948 154465 97602 69362 66813 111833 50660 65429 28240 23527 42632 70483 46404 13654 37006 53618
is_linear=0
shrinkage=0.0229654


Tree=89
num_leaves=19
num_cat=0
split_feature=36 36 36 15 28 28 25 6 6 15 6 26 29 7 36 36 10 10
split_gain=1.54567e+11 2.99822e+10 1.94261e+10 1.23478e+10 1.07819e+10 8.05235e+09 7.08259e+09 6.88524e+09 6.06676e+09 5.79749e+09 5.78072e+09 5.57766e+09 5.40251e+09 4.86283e+09 4.53429e+09 4.118e+09 3.98585e+09 3.93258e+09
threshold=26944.500000000004 32394.000000000004 20882.500000000004 16.831250000000008 0.10527046783625772 0.61666666666666814 2.7429687499999997 1.0000000180025095e-35 1.0000000180025095e-35 11.781250000000004 1.0000000180025095e-35 1.2430989583333336 746.06875000000002 -0.94490267940017747 38855.500000000007 24051.500000000004 -0.24999999999999994 -0.5
decision_type=2 2 2 2 2 2 2 2 2 2 2 2 2 2 2 2 2 2
left_child=2 5 9 6 7 10 -4 12 15 16 11 -2 13 -3 -6 -8 -1 -13
right_child=1 4 3 -5 14 -7 8 -9 -10 -11 -12 17 -14 -15 -16 -17 -18 -19
leaf_value=-19.897623118047463 60.488279431437903 53.01290230226676 24.349512486198797 -19.716798967559143 14.636699823159601 -0.31427314853832011 -7.9853811540408568 -42.619790719805998 -39.244235610022109 -28.902858753241585 -29.469394143856064 -0.34757129357998023 88.720332128637608 33.377501154418781 38.116856542313421 1.0309028815394905 -3.4682778931612095 18.134255984229519
leaf_weight=32325 1476 8965 4602 31884 20751 28583 58801 539 2622 31767 1485 7261 1165 25784 5484 48963 10260 37083
leaf_count=32325 1476 8965 4602 31884 20751 28583 58801 539 2622 31767 1485 7261 1165 25784 5484 48963 10260 37083
internal_value=-3.75167e-09 19.0184 -11.9133 -7.07122 30.7716 9.30957 -3.56484 38.8515 -4.72859 -21.478 15.1246 16.5698 40.0742 38.4433 19.5448 -3.8888 -15.9393 15.108
internal_weight=359800 138576 221224 146872 62688 75888 114988 36453 110386 74352 47305 45820 35914 34749 26235 107764 42585 44344
internal_count=359800 138576 221224 146872 62688 75888 114988 36453 110386 74352 47305 45820 35914 34749 26235 107764 42585 44344
is_linear=0
shrinkage=0.0229654


Tree=90
num_leaves=19
num_cat=0
split_feature=35 35 35 16 5 5 7 7 5 19 15 35 15 16 16 7 16 0
split_gain=1.54492e+11 3.96395e+10 1.66462e+10 1.0298e+10 9.27114e+09 8.56759e+09 8.77359e+09 8.44698e+09 7.54278e+09 5.8631e+09 5.81301e+09 5.43041e+09 5.33958e+09 5.32262e+09 4.82015e+09 6.16959e+09 4.65355e+09 4.20423e+09
threshold=25901.500000000004 34061.000000000007 20407.500000000004 247.31250000000003 1.0000000180025095e-35 1.0000000180025095e-35 0.55438071450436044 -0.89495246814786256 1.0000000180025095e-35 10.743750000000002 12.731250000000003 42681.500000000007 11.331250000000002 624.93750000000011 394.31250000000006 0.55438071450436044 413.93750000000006 14.500000000000002
decision_type=2 2 2 2 2 2 2 2 2 2 2 2 2 2 2 2 2 2
left_child=2 3 13 5 10 12 -7 11 9 16 -4 -3 -2 17 15 -6 -9 -1
right_child=1 7 4 -5 14 6 -8 8 -10 -11 -12 -13 -14 -15 -16 -17 -18 -19
leaf_value=-25.3737572532578 25.136694612903277 43.465404877169036 0.19966531001365956 -5.6348714543234051 -6.7984020813152242 8.2930899614853022 -24.624525875903306 25.108366537241615 3.9512078470960783 48.111136948127019 -11.250612753683438 95.646393689466507 11.801497455416591 -46.225092198599405 -36.313300853960193 -26.054717094996974 -124.15986466879193 -11.969265942875836
leaf_weight=40312 25913 17288 52154 19742 21642 20386 5402 14443 6056 8350 42390 1120 40725 4887 6334 14760 111 17785
leaf_count=40312 25913 17288 52154 19742 21642 20386 5402 14443 6056 8350 42390 1120 40725 4887 6334 14760 111 17785
internal_value=3.66203e-09 16.8605 -13.4315 9.42141 -8.94673 12.6374 1.3976 34.4762 26.7443 32.771 -4.93421 46.6403 16.9871 -23.2066 -17.8235 -14.6063 23.9699 -21.2703
internal_weight=359800 159536 200264 112168 137280 92426 25788 47368 28960 22904 94544 18408 66638 62984 42736 36402 14554 58097
internal_count=359800 159536 200264 112168 137280 92426 25788 47368 28960 22904 94544 18408 66638 62984 42736 36402 14554 58097
is_linear=0
shrinkage=0.0229654


Tree=91
num_leaves=19
num_cat=0
split_feature=36 36 36 15 28 28 6 15 6 26 28 29 4 15 7 16 16 21
split_gain=1.41407e+11 2.74067e+10 1.77544e+10 1.08123e+10 1.00876e+10 7.63566e+09 6.52246e+09 6.37178e+09 5.71751e+09 5.35998e+09 5.14345e+09 5.0789e+09 4.605e+09 5.09276e+09 4.46083e+09 4.33936e+09 4.24262e+09 4.12661e+09
threshold=26944.500000000004 32394.000000000004 21431.500000000004 13.206250000000002 0.13218984962406125 0.97227153000458089 1.0000000180025095e-35 13.256250000000003 1.0000000180025095e-35 1.2430989583333336 -2.0396385017421594 746.06875000000002 1.5000000000000002 20.681250000000006 -0.94490267940017747 309.56250000000006 84.062500000000014 11.077734375
decision_type=2 2 2 2 2 2 2 2 2 2 2 2 2 2 2 2 2 2
left_child=2 5 7 10 6 8 11 17 9 -2 -4 14 -5 -14 -3 -11 -6 -1
right_child=1 4 3 12 16 -7 -8 -9 -10 15 -12 -13 13 -15 -16 -17 -18 -19
leaf_value=-3.6324213712124567 58.516035063915659 50.732610261196257 11.240785794909323 10.223039985169812 24.248158631599939 -1.3757923307943138 -41.953533875491978 -28.299852316600315 -29.213498207593151 16.536623568103252 -3.5086603845733535 85.55340943171268 -11.866834184009623 -29.508654440294006 31.971918615380648 -5.7247401247553471 3.5528166069667244 -18.344730993844767
leaf_weight=12898 1478 9007 15695 3965 18820 25355 541 28782 1560 42311 60677 1165 42780 10811 25923 5184 7232 45616
leaf_count=12898 1478 9007 15695 3965 18820 25355 541 28782 1560 42311 60677 1165 42780 10811 25923 5184 7232 45616
internal_value=-3.03112e-09 18.1908 -11.3948 -6.14224 29.4279 8.90832 37.1965 -19.4532 14.0684 15.4471 -0.477542 38.3828 -13.6588 -15.4257 36.8095 14.1068 18.5032 -15.1018
internal_weight=359800 138576 221224 133928 62688 75888 36636 87296 50533 48973 76372 36095 57556 53591 34930 47495 26052 58514
internal_count=359800 138576 221224 133928 62688 75888 36636 87296 50533 48973 76372 36095 57556 53591 34930 47495 26052 58514
is_linear=0
shrinkage=0.0229654


Tree=92
num_leaves=19
num_cat=0
split_feature=35 35 4 35 3 15 15 8 3 8 3 26 3 6 3 1 16 3
split_gain=1.41927e+11 3.97126e+10 1.51532e+10 1.12282e+10 9.46196e+09 9.00261e+09 8.29182e+09 8.03384e+09 7.47865e+09 6.60088e+09 6.19553e+09 6.09181e+09 5.90612e+09 7.73544e+09 5.51102e+09 5.45732e+09 5.36431e+09 4.75431e+09
threshold=30149.500000000004 24553.500000000004 1.5000000000000002 18599.500000000004 1.5000000000000002 14.031250000000004 18.056250000000002 0.13052619222005152 1.0000000180025095e-35 1.0000000180025095e-35 4.5000000000000009 2.4003906250000004 1.0000000180025095e-35 1.0000000180025095e-35 4.5000000000000009 12.500000000000002 500.56250000000006 5.5000000000000009
decision_type=2 2 2 2 2 2 2 2 2 2 2 2 2 2 2 2 2 2
left_child=1 3 10 -1 7 14 8 12 9 -3 11 -2 13 -5 -4 -16 -6 -12
right_child=2 6 5 4 16 -7 -8 -9 -10 -11 17 -13 -14 -15 15 -17 -18 -19
leaf_value=-29.188114754141143 81.432561374387731 48.989494306264909 32.652935776440735 27.353759448370472 -14.392054165629567 10.166729849524938 -10.213774385792016 -12.729325578759697 3.5545438332072381 9.8027344056771817 3.4893340795132231 43.392230720029374 -6.0453846646059244 -34.621098136214023 -11.990797697512191 24.769437130773667 -30.687412520211531 45.923317619894597
leaf_weight=25376 2675 3724 27839 8800 88650 27438 20819 21520 76918 5795 3216 13061 8640 1208 3205 6350 12110 2456
leaf_count=25376 2675 3724 27839 8800 88650 27438 20819 21520 76918 5795 3216 13061 8640 1208 3205 6350 12110 2456
internal_value=2.70932e-09 -8.09849 25.689 -15.1255 -12.5934 20.1573 2.79715 -3.1686 5.93093 25.1333 42.4415 49.8588 7.86458 19.8732 27.4878 12.4391 -16.3505 21.8634
internal_weight=359800 273560 86240 166304 140928 64832 107256 40168 86437 9519 21408 15736 18648 10008 37394 9555 100760 5672
internal_count=359800 273560 86240 166304 140928 64832 107256 40168 86437 9519 21408 15736 18648 10008 37394 9555 100760 5672
is_linear=0
shrinkage=0.0229654


Tree=93
num_leaves=19
num_cat=0
split_feature=35 35 35 3 3 3 3 35 3 3 16 6 1 15 4 16 3 35
split_gain=1.35785e+11 3.50094e+10 1.4988e+10 1.17405e+10 9.53466e+09 7.90484e+09 7.16034e+09 6.77579e+09 6.35285e+09 6.28908e+09 6.07133e+09 5.21837e+09 4.81752e+09 4.75136e+09 4.5851e+09 4.3645e+09 8.03158e+09 4.30405e+09
threshold=25901.500000000004 34697.500000000007 19903.500000000004 3.5000000000000004 3.5000000000000004 5.5000000000000009 4.5000000000000009 41867.500000000007 1.0000000180025095e-35 1.0000000180025095e-35 468.31250000000006 1.0000000180025095e-35 9.5000000000000018 12.843750000000004 1.5000000000000002 0.18750000000000003 1.0000000180025095e-35 15369.500000000002
decision_type=2 2 2 2 2 2 2 2 2 2 2 2 2 2 2 2 2 2
left_child=2 3 17 9 15 6 -5 8 -3 -2 -6 14 -7 -10 -11 -4 -17 -1
right_child=1 7 4 5 10 12 -8 -9 13 11 -12 -13 -14 -15 -16 16 -18 -19
leaf_value=-62.763398444036106 30.002583987834427 65.054317353633252 -8.7677977568003875 5.0995718823277327 -12.734950141744616 -9.1741270498528777 -15.264210735985394 68.699403324891705 37.228447296623777 35.861099002300676 -34.01726269924179 -39.342608130703013 23.554153305246356 20.602582817279103 11.212565736757647 19.609532117462777 -4.1717104656520752 -22.161758686918557
leaf_weight=1416 12968 2752 41591 19136 59823 3080 17376 2752 18015 4328 8017 1016 10320 18249 49544 10057 29344 50016
leaf_count=1416 12968 2752 41591 19136 59823 3080 17376 2752 18015 4328 8017 1016 10320 18249 49544 10057 29344 50016
internal_value=1.2263e-09 15.8067 -12.5921 9.39984 -8.89877 0.945204 -4.59152 33.8713 31.4147 15.6187 -15.25 12.2203 16.0315 28.8619 13.1928 -3.57891 1.89839 -23.2796
internal_weight=359800 159536 200264 117768 148832 49912 36512 41768 39016 67856 67840 54888 13400 36264 53872 80992 39401 51432
internal_count=359800 159536 200264 117768 148832 49912 36512 41768 39016 67856 67840 54888 13400 36264 53872 80992 39401 51432
is_linear=0
shrinkage=0.0229654


Tree=94
num_leaves=19
num_cat=0
split_feature=35 35 35 35 15 15 15 16 35 36 16 25 26 6 36 26 6 16
split_gain=1.30191e+11 3.62602e+10 1.41788e+10 9.74303e+09 8.7773e+09 6.23271e+09 6.1076e+09 4.98082e+09 4.88689e+09 4.43065e+09 4.0083e+09 3.7901e+09 3.29229e+09 3.28675e+09 3.02435e+09 3.01995e+09 2.55223e+09 2.45136e+09
threshold=30149.500000000004 24207.500000000004 36866.500000000007 18411.500000000004 14.306250000000004 11.431250000000002 13.781250000000004 167.06250000000003 42681.500000000007 23776.500000000004 333.31250000000006 4.9882812500000009 8.6826822916666675 1.0000000180025095e-35 32952.500000000007 1.2430989583333336 1.0000000180025095e-35 271.43750000000006
decision_type=2 2 2 2 2 2 2 2 2 2 2 2 2 2 2 2 2 2
left_child=1 3 6 13 12 -5 15 16 11 -7 -6 -4 -3 -1 -11 -2 -8 -14
right_child=2 4 8 5 10 9 7 -9 -10 14 -12 -13 17 -15 -16 -17 -18 -19
leaf_value=-26.634999641555744 61.097636847767333 13.97405883161516 46.290989907579501 -7.5306037098914977 -2.5599113052062163 -21.273062123215563 15.77654491418626 -13.480222500969202 80.869267917968116 -9.9034947056180762 -19.916282765776383 27.866337184479246 6.6635355669016985 -62.9674813758296 53.077677624007244 23.907962279516767 -33.371005483741662 -5.3024808066725733
leaf_weight=21176 1194 24022 11321 65849 36714 47939 23174 3877 1400 20930 8676 12271 34172 1400 410 32432 571 12272
leaf_count=21176 1194 24022 11321 65849 36714 47939 23174 3877 1400 20930 8676 12271 34172 1400 410 32432 571 12272
internal_value=3.53964e-09 -7.75642 24.604 -14.9228 1.99852 -12.5896 18.6557 10.6541 39.1815 -17.3982 -5.87747 36.7077 7.07177 -28.8881 -8.69345 25.2285 14.5947 3.50173
internal_weight=359800 273560 86240 157704 115856 135128 61248 27622 24992 69279 45390 23592 70466 22576 21340 33626 23745 46444
internal_count=359800 273560 86240 157704 115856 135128 61248 27622 24992 69279 45390 23592 70466 22576 21340 33626 23745 46444
is_linear=0
shrinkage=0.0229654


Tree=95
num_leaves=19
num_cat=0
split_feature=36 36 12 15 6 7 16 15 10 7 5 16 0 4 25 25 6 0
split_gain=1.18837e+11 2.63015e+10 1.38441e+10 1.02651e+10 9.07521e+09 8.23501e+09 7.81013e+09 7.73206e+09 6.62176e+09 6.50495e+09 5.76145e+09 4.79038e+09 7.3228e+09 4.46771e+09 4.4218e+09 4.39149e+09 4.21559e+09 4.10984e+09
threshold=29388.500000000004 23997.500000000004 7.5312500000000018 13.206250000000002 1.0000000180025095e-35 -0.82968937203783699 135.56250000000003 16.206250000000008 -0.5 -0.89495246814786256 1.0000000180025095e-35 500.56250000000006 17.500000000000004 1.5000000000000002 2.2028645833333331 1.712760416666667 1.0000000180025095e-35 32.500000000000007
decision_type=2 2 2 2 2 2 2 2 2 2 2 2 2 2 2 2 2 2
left_child=1 3 5 8 7 -2 9 14 10 -4 -1 12 13 -5 -3 -10 -7 -6
right_child=2 4 6 11 17 16 -8 -9 15 -11 -12 -13 -14 -15 -16 -17 -18 -19
leaf_value=-9.2956999684082557 45.800735112609047 31.893131882778956 32.019122256014377 2.8199496921231577 -64.35477746340257 25.728061530812493 -2.4552950663037376 -8.5676681977740721 37.64242730790032 12.066118054449962 -24.825348123754981 -37.538403336435628 -8.8912508968756949 -30.155675458360395 4.1499608164218884 -4.1017131792816492 -35.635222539002982 -9.7290071101429074
leaf_weight=34901 13867 3155 12843 2383 1592 30798 12147 29194 1375 26191 19718 8858 20651 23900 76443 39846 602 1336
leaf_count=34901 13867 3155 12843 2383 1592 30798 12147 29194 1375 26191 19718 8858 20651 23900 76443 39846 602 1336
internal_value=-2.98495e-09 -7.98726 21.8093 -14.2169 0.467983 31.061 13.6266 1.54178 -9.65791 18.6311 -14.9021 -22.0485 -19.125 -27.1659 5.24961 -2.70926 24.5516 -39.4299
internal_weight=359800 263352 96448 151632 111720 45267 51181 108792 95840 39034 54619 55792 46934 26283 79598 41221 31400 2928
internal_count=359800 263352 96448 151632 111720 45267 51181 108792 95840 39034 54619 55792 46934 26283 79598 41221 31400 2928
is_linear=0
shrinkage=0.0229654


Tree=96
num_leaves=19
num_cat=0
split_feature=26 1 7 3 3 1 16 6 1 14 16 16 8 1 15 4 7 4
split_gain=7.99063e+10 3.30055e+10 2.49943e+10 1.65428e+10 1.53565e+10 1.28112e+10 1.43831e+10 1.24769e+10 1.14303e+10 1.05073e+10 9.48964e+09 8.63956e+09 8.42417e+09 6.01264e+09 5.90604e+09 5.8043e+09 5.20744e+09 5.14593e+09
threshold=8.9501302083333361 7.5000000000000009 -0.79335334029123528 4.5000000000000009 3.5000000000000004 6.5000000000000009 394.31250000000006 1.0000000180025095e-35 20.500000000000004 68.062500000000014 144.06250000000003 289.81250000000006 0.65793410509763406 22.500000000000004 11.331250000000002 8.5000000000000018 -0.7502300607388912 1.5000000000000002
decision_type=2 2 2 2 2 2 2 2 2 2 2 2 2 2 2 2 2 2
left_child=1 -1 9 5 7 14 13 8 10 -2 17 16 15 -7 -4 -5 -6 -3
right_child=2 4 3 12 11 6 -8 -9 -10 -11 -12 -13 -14 -15 -16 -17 -18 -19
leaf_value=-2.0344394584290142 -1.9561915682403115 59.355145514340819 -10.587991302208682 -35.637242321547689 27.011560734267928 5.9697767020590762 -18.712620417970438 -31.712551022971066 9.4363298073330348 20.330286665560035 19.700621661023757 -20.143292026694983 -10.305548025563148 -16.969202827868152 -27.093685923481281 -13.664390202003606 8.5481708697169676 38.4036239714925
leaf_weight=44486 29212 9111 27967 24940 12527 53533 20917 1634 8964 18052 10638 4087 17286 6791 19340 8502 22576 19237
leaf_count=44486 29212 9111 27967 24940 12527 53533 20917 1634 8964 18052 10638 4087 17286 6791 19340 8502 22576 19237
internal_value=1.00289e-08 14.111 -8.30064 -12.2174 22.2017 -7.83502 -2.30265 30.6934 32.82 6.5559 38.1965 11.4578 -23.3226 3.38741 -17.3358 -30.0511 15.1371 45.1374
internal_weight=359800 133260 226540 179276 88774 128548 81241 49584 47950 47264 38986 39190 50728 60324 47307 33442 35103 28348
internal_count=359800 133260 226540 179276 88774 128548 81241 49584 47950 47264 38986 39190 50728 60324 47307 33442 35103 28348
is_linear=0
shrinkage=0.0229654


Tree=97
num_leaves=19
num_cat=0
split_feature=35 35 35 3 3 3 3 10 6 7 7 16 7 3 28 14 0 36
split_gain=1.14532e+11 2.97285e+10 1.28197e+10 1.16723e+10 8.59265e+09 7.91709e+09 7.32026e+09 6.28012e+09 7.62293e+09 5.71398e+09 4.84255e+09 4.67795e+09 5.38428e+09 4.58528e+09 4.45099e+09 4.3737e+09 4.82442e+09 4.35647e+09
threshold=25839.500000000004 35575.000000000007 19903.500000000004 3.5000000000000004 1.5000000000000002 5.5000000000000009 4.5000000000000009 0.25000000000000017 1.0000000180025095e-35 -0.82968937203783699 -0.13052619222005171 500.56250000000006 0.65793410509763428 4.5000000000000009 1.0000000180025095e-35 52.312500000000007 14.500000000000002 29589.500000000004
decision_type=2 2 2 2 2 2 2 2 2 2 2 2 2 2 2 2 2 2
left_child=2 3 15 7 17 6 -5 -2 14 -3 -7 12 -6 -11 -9 -1 -17 -4
right_child=1 9 4 5 11 10 -8 8 -10 13 -12 -13 -14 -15 -16 16 -18 -19
leaf_value=-42.157131999929454 8.4800227447741392 42.253406471767647 -1.416624630360777 5.2601670078470191 -5.7811778628355093 25.59379221181365 -14.613550543891551 30.935009714864037 -33.444704368521862 29.580551844965182 -2.6646584210632893 -25.396719687041013 -17.057463338035891 -0.42136829372817242 14.352275550854248 -24.196429478633693 -8.0600246198707151 25.766363283989854
leaf_weight=4904 36592 17880 36392 20400 60784 9224 18768 20300 1264 13536 4896 11544 35304 3352 14732 32567 13961 3400
leaf_count=4904 36592 17880 36392 20400 60784 9224 18768 20300 1264 13536 4896 11544 35304 3352 14732 32567 13961 3400
internal_value=1.13358e-09 14.4025 -11.6567 9.22138 -8.21255 1.05223 -4.26266 15.1938 21.9623 33.2053 15.7954 -11.5837 -9.92423 23.6256 23.9615 -21.5288 -19.3546 0.906007
internal_weight=359800 160944 198856 126176 147424 53288 39168 72888 36296 34768 14120 107632 96088 16888 35032 51432 46528 39792
internal_count=359800 160944 198856 126176 147424 53288 39168 72888 36296 34768 14120 107632 96088 16888 35032 51432 46528 39792
is_linear=0
shrinkage=0.0229654


Tree=98
num_leaves=19
num_cat=0
split_feature=35 35 35 35 15 5 15 16 7 8 31 16 5 35 15 7 14 6
split_gain=1.09729e+11 3.07286e+10 1.202e+10 9.2049e+09 7.60187e+09 7.31579e+09 5.82e+09 4.96135e+09 6.22004e+09 4.9314e+09 8.94571e+09 4.69947e+09 4.58592e+09 4.54235e+09 4.141e+09 3.89386e+09 3.79784e+09 5.84776e+09
threshold=30149.500000000004 24553.500000000004 36866.500000000007 18599.500000000004 17.106250000000006 1.0000000180025095e-35 13.256250000000003 459.68750000000006 0.44134171618254497 -1.0000000180025095e-35 0.28750000000000059 241.31250000000003 1.0000000180025095e-35 42681.500000000007 11.831250000000002 0.55438071450436044 66.562500000000014 1.0000000180025095e-35
decision_type=2 2 2 2 2 2 2 2 2 2 2 2 2 2 2 2 2 2
left_child=1 3 6 -1 12 9 -2 8 -7 10 16 -8 -3 -4 -11 -14 -5 -18
right_child=2 4 13 5 -6 7 11 -9 -10 14 -12 -13 15 -15 -16 -17 17 -19
leaf_value=-26.034812500188202 23.96088548894754 9.132160488808406 33.624912250213015 -1.6304696648836505 -8.4860099655996475 -5.7326273410225177 12.307050181728878 -38.13844099291321 -24.012164302820803 -6.2710371507778744 -8.6383123768406218 -23.516615337160733 2.4410638323528571 76.201268807752029 -18.708662265667098 -20.063491907517829 31.469757292252606 -36.969011609516855
leaf_weight=25376 31633 60203 23592 4447 25493 18104 27538 5950 21450 32773 25689 2077 16145 1400 24803 5415 6985 727
leaf_count=25376 31633 60203 23592 4447 25493 18104 27538 5950 21450 32773 25689 2077 16145 1400 24803 5415 6985 727
internal_value=-2.50737e-09 -7.12086 22.5879 -13.3021 2.46342 -11.0095 17.1111 -18.5867 -15.6456 -7.39617 -0.957 9.79462 5.87736 36.01 -11.629 -3.21117 15.2717 25.0181
internal_weight=359800 273560 86240 166304 107256 140928 61248 45504 39554 95424 37848 29615 81763 24992 57576 21560 12159 7712
internal_count=359800 273560 86240 166304 107256 140928 61248 45504 39554 95424 37848 29615 81763 24992 57576 21560 12159 7712
is_linear=0
shrinkage=0.0229654


Tree=99
num_leaves=19
num_cat=0
split_feature=35 35 35 10 15 16 15 6 7 35 16 28 24 21 36 28 15 16
split_gain=1.04887e+11 1.98349e+10 1.93676e+10 9.05334e+09 8.55119e+09 6.13273e+09 5.95864e+09 5.75082e+09 5.59466e+09 4.61847e+09 4.3279e+09 3.60126e+09 3.58527e+09 3.35383e+09 3.31408e+09 3.19139e+09 2.96527e+09 2.70233e+09
threshold=27702.500000000004 36288.500000000007 22132.500000000004 0.6830127018922193 15.168750000000003 582.06250000000011 17.306250000000002 1.0000000180025095e-35 0.75023006073889154 42681.500000000007 472.68750000000006 0.053349358974359447 1.8750000000000009 11.145442708333336 33088.500000000007 -4.683692002442001 12.331250000000004 11.562500000000002
decision_type=2 2 2 2 2 2 2 2 2 2 2 2 2 2 2 2 2 2
left_child=2 3 5 6 15 8 -2 12 -1 11 14 -3 -5 -10 17 -4 -15 -6
right_child=1 9 4 7 10 -7 -8 -9 13 -11 -12 -13 -14 16 -16 -17 -18 -19
leaf_value=-9.448890542084813 11.086543354195342 37.225987283038577 20.866108378872308 26.969856976795651 -17.434116431710926 -33.722921033200613 -5.2720211263868686 -28.098267564381779 -11.697445812114388 74.451275206068814 -32.427829113458635 19.311376573337199 5.8372526234307456 -20.241103265426233 30.85334639635056 0.0014525400863919663 -36.219959105957493 -4.6386227468703636
leaf_weight=52586 45070 19186 4049 26704 15453 9622 15882 1176 14830 1400 4705 8558 5032 19986 1067 85727 8832 19935
leaf_count=52586 45070 19186 4049 26704 15453 9622 15882 1176 14830 1400 4705 8558 5032 19986 1067 85727 8832 19935
internal_value=2.32815e-10 17.2037 -8.93691 12.065 -3.03142 -16.2416 6.82406 21.7712 -14.4937 33.7536 -11.699 31.7 23.6191 -20.5715 -9.02372 0.942472 -25.1382 -10.2261
internal_weight=359800 123008 236792 93864 130936 105856 60952 32912 96234 29144 41160 27744 31736 43648 36455 89776 28818 35388
internal_count=359800 123008 236792 93864 130936 105856 60952 32912 96234 29144 41160 27744 31736 43648 36455 89776 28818 35388
is_linear=0
shrinkage=0.0229654


Tree=100
num_leaves=19
num_cat=0
split_feature=35 35 3 35 35 3 15 3 3 0 3 15 30 3 15 0 6 3
split_gain=1.00381e+11 2.81721e+10 1.14969e+10 8.59026e+09 8.53711e+09 7.95892e+09 7.16938e+09 6.93851e+09 6.86872e+09 5.2729e+09 5.0236e+09 4.69144e+09 4.58821e+09 4.53963e+09 4.53363e+09 4.33905e+09 4.2381e+09 3.62118e+09
threshold=30149.500000000004 24553.500000000004 3.5000000000000004 37475.500000000007 18411.500000000004 1.5000000000000002 13.068750000000003 5.5000000000000009 4.5000000000000009 12.500000000000002 1.0000000180025095e-35 13.781250000000004 371.05625000000003 1.0000000180025095e-35 18.056250000000002 26.500000000000004 1.0000000180025095e-35 3.5000000000000004
decision_type=2 2 2 2 2 2 2 2 2 2 2 2 2 2 2 2 2 2
left_child=1 4 3 10 -1 9 13 8 11 -6 -2 -4 -11 -3 -7 -10 -12 -8
right_child=2 6 7 -5 5 14 17 -9 15 12 16 -13 -14 -15 -16 -17 -18 -19
leaf_value=-25.858187054115572 40.764651237739088 26.854377490353283 30.495806094455432 44.784914009592313 -11.681451896925653 -12.096411278959501 1.3616114251028029 30.091557924426915 -23.280434361005295 -4.402318176547463 20.440280917156318 3.7767031790230585 15.865669605321894 5.8055855599313038 -25.752384405780113 4.1364378742142573 -37.857398592710176 -10.945489872683904
leaf_weight=22576 6952 6069 6888 12840 17608 87373 30244 8080 4888 12825 30872 6976 10895 49318 15027 8072 672 21625
leaf_count=22576 6952 6069 6888 12840 17608 87373 30244 8080 4888 12825 30872 6976 10895 49318 15027 8072 672 21625
internal_value=2.20523e-09 -6.8108 21.6044 28.5185 -12.7294 -10.6672 2.36615 11.4352 5.81554 -2.16053 23.093 17.0515 4.90711 8.112 -14.1004 -6.20412 19.1983 -3.76941
internal_weight=359800 273560 86240 51336 166304 143728 107256 34904 26824 41328 38496 13864 23720 55387 102400 12960 31544 51869
internal_count=359800 273560 86240 51336 166304 143728 107256 34904 26824 41328 38496 13864 23720 55387 102400 12960 31544 51869
is_linear=0
shrinkage=0.0229654


Tree=101
num_leaves=19
num_cat=0
split_feature=25 0 0 16 3 0 3 7 25 0 3 3 16 1 16 3 14 3
split_gain=6.98064e+10 2.44784e+10 1.9129e+10 2.77634e+10 1.57347e+10 1.35154e+10 1.0691e+10 9.31826e+09 8.90458e+09 7.81373e+09 7.41582e+09 6.72395e+09 5.5289e+09 5.21728e+09 5.1884e+09 5.13548e+09 5.11526e+09 4.5685e+09
threshold=8.9502604166666693 13.500000000000002 15.500000000000002 394.31250000000006 4.5000000000000009 41.500000000000007 3.5000000000000004 -0.13052619222005171 3.124739583333334 43.500000000000007 5.5000000000000009 3.5000000000000004 125.18750000000001 9.5000000000000018 171.81250000000003 5.5000000000000009 80.187500000000014 4.5000000000000009
decision_type=2 2 2 2 2 2 2 2 2 2 2 2 2 2 2 2 2 2
left_child=1 -1 -2 6 5 8 9 10 -3 16 14 -5 -10 17 -6 -15 -4 -8
right_child=2 4 3 11 7 -7 13 -9 12 -11 -12 -13 -14 15 -16 -17 -18 -19
leaf_value=-2.7732763816455575 -17.746188297529145 53.664571536882029 6.7810728108056653 -11.200840789323156 7.4807305559554269 7.1152568492536146 1.4988920320619146 -14.173698361637754 31.744577904415408 -8.4005095212986713 28.458984863125938 -29.857067610480815 13.586771072569476 -7.8617367188950888 -37.016810347465103 10.341806187675493 21.357803826233493 -30.714608934169334
leaf_weight=37250 70483 7637 34094 23149 7923 16876 3468 9296 32730 11811 9347 18199 12119 24125 1674 12362 20231 7026
leaf_count=37250 70483 7637 34094 23149 7923 16876 3468 9296 32730 11811 9347 18199 12119 24125 1674 12362 20231 7026
internal_value=2.26921e-09 13.0648 -7.83211 -3.30828 19.1095 24.9931 2.57825 4.65833 30.7414 8.52887 13.8994 -19.4122 26.838 -5.79855 -0.280954 -1.69427 12.2095 -20.0689
internal_weight=359800 134852 224948 154465 97602 69362 113117 28240 52486 66136 18944 41348 44849 46981 9597 36487 54325 10494
internal_count=359800 134852 224948 154465 97602 69362 113117 28240 52486 66136 18944 41348 44849 46981 9597 36487 54325 10494
is_linear=0
shrinkage=0.0229654


Tree=102
num_leaves=19
num_cat=0
split_feature=35 35 35 4 15 15 27 7 36 6 5 5 36 14 23 7 5 7
split_gain=9.22777e+10 2.47483e+10 1.03208e+10 9.86448e+09 7.71001e+09 7.18163e+09 5.91087e+09 5.44843e+09 4.87543e+09 5.00614e+09 4.24709e+09 4.13861e+09 4.76254e+09 3.97175e+09 3.95296e+09 3.94762e+09 3.4929e+09 4.23322e+09
threshold=25717.500000000004 31538.000000000004 19443.500000000004 1.5000000000000002 15.231250000000003 13.068750000000003 3.5907738095238106 -0.89495246814786256 35561.000000000007 1.0000000180025095e-35 1.0000000180025095e-35 1.0000000180025095e-35 30369.500000000004 57.687500000000007 6.5000000000000036 -0.13052619222005171 1.0000000180025095e-35 -0.5
decision_type=2 2 2 2 2 2 2 2 2 2 2 2 2 2 2 2 2 2
left_child=2 5 14 7 10 -2 8 -3 16 -10 -4 12 -9 -6 -1 -15 -5 -18
right_child=1 3 4 6 13 -7 -8 11 9 -11 -12 -13 -14 15 -16 -17 17 -19
leaf_value=-18.877461848065927 11.192065533263722 56.972058628933709 -1.6645649504634081 20.063524453958198 -32.819300696426794 -1.5790765647646858 -3.390563178025451 72.081433257949385 31.26855744986554 -101.54616691315384 -11.375966587522159 7.9529204835944149 30.071126825036259 -2.6244817026485521 -46.613618172847033 -18.459750206902584 15.935584227380176 -16.595997545958294
leaf_weight=38372 47286 5176 76326 19065 6376 45634 6206 1680 17099 151 34480 3544 9312 12418 2916 25056 5110 3593
leaf_count=38372 47286 5176 76326 19065 6376 45634 6206 1680 17099 151 34480 3544 9312 12418 2916 25056 5110 3593
internal_value=-8.9943e-10 12.7182 -10.6355 22.9332 -7.91219 4.92002 17.6206 36.7386 20.5171 30.1059 -4.68651 29.5339 36.4919 -16.0633 -20.8364 -13.2123 14.5604 2.50505
internal_weight=359800 163856 195944 70936 154656 92920 51224 19712 45018 17250 110806 14536 10992 43850 41288 37474 27768 8703
internal_count=359800 163856 195944 70936 154656 92920 51224 19712 45018 17250 110806 14536 10992 43850 41288 37474 27768 8703
is_linear=0
shrinkage=0.0229654


Tree=103
num_leaves=19
num_cat=0
split_feature=35 35 35 16 3 15 3 8 6 3 16 35 0 8 4 14 15 15
split_gain=8.81004e+10 2.08363e+10 1.2356e+10 9.77357e+09 8.83456e+09 7.25889e+09 5.7184e+09 7.87499e+09 5.30389e+09 5.09413e+09 5.0551e+09 4.71156e+09 4.0738e+09 4.04138e+09 4.9081e+09 4.01413e+09 3.97957e+09 3.93705e+09
threshold=26490.500000000004 35950.500000000007 21297.500000000004 247.31250000000003 2.5000000000000004 15.231250000000003 1.0000000180025095e-35 1.0000000180025095e-35 1.0000000180025095e-35 1.0000000180025095e-35 589.18750000000011 42681.500000000007 15.500000000000002 0.60876142900872032 1.5000000000000002 68.312500000000014 11.331250000000002 12.331250000000004
decision_type=2 2 2 2 2 2 2 2 2 2 2 2 2 2 2 2 2 2
left_child=2 3 10 4 13 6 7 -4 17 -3 12 -11 16 14 -2 -14 -1 -6
right_child=1 9 5 -5 8 -7 -8 -9 -10 11 -12 -13 15 -15 -16 -17 -18 -19
leaf_value=-12.450950299392861 50.987434312457637 65.543551066686277 41.845174199517523 -7.0144393383231964 13.704368420856744 -13.284212232806478 -3.4922436835369632 0.06383740566630236 -41.575643938556766 25.690905472801827 -34.183596674961109 69.075568540103561 -15.579967323023803 8.3130157627734427 21.245186811463601 4.0324609810919947 -24.955027419273321 1.5376657307652786
leaf_weight=30950 3297 2000 3640 16912 25986 38665 79330 6869 1204 28640 7570 1384 11485 11088 26024 10569 23706 30481
leaf_count=30950 3297 2000 3640 16912 25986 38665 79330 6869 1204 28640 7570 1384 11485 11088 26024 10569 23706 30481
internal_value=-2.25142e-09 13.6716 -9.44595 9.10908 11.8893 -4.96419 -1.38342 14.5356 6.11979 30.0548 -16.2794 27.6908 -14.5125 20.1234 24.5896 -6.18105 -17.8744 7.13676
internal_weight=359800 147016 212784 114992 98080 128504 89839 10509 57671 32024 84280 30024 76710 40409 29321 22054 54656 56467
internal_count=359800 147016 212784 114992 98080 128504 89839 10509 57671 32024 84280 30024 76710 40409 29321 22054 54656 56467
is_linear=0
shrinkage=0.0229654


Tree=104
num_leaves=19
num_cat=0
split_feature=36 36 3 4 15 8 8 0 16 27 15 23 9 10 0 0 25 13
split_gain=8.02202e+10 1.60134e+10 1.25576e+10 1.02622e+10 8.6625e+09 8.35152e+09 7.27924e+09 7.1797e+09 7.0286e+09 6.15065e+09 5.53671e+09 5.09696e+09 4.77321e+09 4.51688e+09 4.02977e+09 4.01997e+09 4.57833e+09 3.87398e+09
threshold=26879.500000000004 33893.500000000007 4.5000000000000009 1.5000000000000002 17.306250000000002 0.44134171618254503 -0.19467261866128607 12.500000000000002 343.56250000000006 2.4156063988095249 13.206250000000002 5.3000000000000043 -0.93301270189221908 -0.5 44.500000000000007 32.500000000000007 11.916406250000001 21.681250000000006
decision_type=2 2 2 2 2 2 2 2 2 2 2 2 2 2 2 2 2 2
left_child=2 8 3 6 7 12 -1 -5 10 -3 -2 13 -4 17 -15 16 -14 -9
right_child=1 9 5 4 -6 -7 -8 11 -10 -11 -12 -13 15 14 -16 -17 -18 -19
leaf_value=82.865780235022442 15.567588704549584 28.630220575152293 2.234132286527946 -10.178047161419684 -19.164943493823383 -6.5504876600632951 13.115960748696089 -2.9374144153409705 -13.035336567326361 9.219979971205154 3.722251453770602 -14.347999002835945 -17.765171541008481 20.772055217411733 -1.4196152202025984 -7.6304729965218856 -34.357688677296061 23.53787629291395
leaf_weight=896 43083 37706 3832 49479 22489 28728 6616 33801 7738 11158 40259 9279 14975 12487 6595 6320 21169 3190
leaf_count=896 43083 37706 3832 49479 22489 28728 6616 33801 7738 11158 40259 9279 14975 12487 6595 6320 21169 3190
internal_value=5.68767e-11 13.5918 -8.65154 -4.70128 -6.13107 -16.2774 21.4354 -3.57846 7.90168 24.1979 9.84561 1.41819 -22.3133 4.02719 13.1023 -24.5284 -27.4832 -0.65426
internal_weight=359800 139944 219856 144832 137320 75024 7512 114831 91080 48864 83342 65352 46296 56073 19082 42464 36144 36991
internal_count=359800 139944 219856 144832 137320 75024 7512 114831 91080 48864 83342 65352 46296 56073 19082 42464 36144 36991
is_linear=0
shrinkage=0.0229654


Tree=105
num_leaves=19
num_cat=0
split_feature=36 36 28 3 26 26 36 26 0 14 0 7 9 1 0 21 3 28
split_gain=7.66199e+10 1.73146e+10 1.13843e+10 8.11259e+09 5.71799e+09 5.59234e+09 5.32771e+09 5.07754e+09 4.92226e+09 4.89045e+09 5.30513e+09 4.77286e+09 3.86196e+09 4.17151e+09 5.67836e+09 4.32017e+09 3.54614e+09 3.52679e+09
threshold=29388.500000000004 23997.500000000004 0.026724137931034567 4.5000000000000009 2.7273437500000006 1.2430989583333336 34693.000000000007 1.6664062500000003 14.500000000000002 66.562500000000014 46.500000000000007 -0.89495246814786256 -0.93301270189221908 2.5000000000000004 32.500000000000007 10.006901041666667 1.0000000180025095e-35 0.61666666666666814
decision_type=2 2 2 2 2 2 2 2 2 2 2 2 2 2 2 2 2 2
left_child=1 3 5 4 -1 -2 -7 -3 -6 -10 -11 -4 -5 -14 15 -15 -13 -9
right_child=2 7 11 12 8 6 -8 17 9 10 -12 16 13 14 -16 -17 -18 -19
leaf_value=31.027245705446663 57.127070291962724 37.549765665454011 20.77012642295805 1.575786925381194 -12.471543814636824 16.362437340565151 31.138921846905102 3.2755313557290533 -9.8225888362892295 14.872463106677467 -12.748587179350537 20.485220551660511 -5.7507030239133039 -14.733383885881052 -6.9467168379050426 -32.481066630784639 -0.24645034287712261 -5.0741637242207132
leaf_weight=2008 2614 1912 11763 4752 55339 29955 22562 64111 18754 12789 5142 5303 8952 10286 9232 24378 24251 45697
leaf_count=2008 2614 1912 11763 4752 55339 29955 22562 64111 18754 12789 5142 5303 8952 10286 9232 24378 24251 45697
internal_value=6.03416e-09 -6.41346 17.512 -11.468 -7.31051 24.3424 22.7106 0.44682 -8.14706 -1.62361 6.95169 8.39789 -18.2551 -20.0383 -22.952 -27.2147 3.47352 -0.199225
internal_weight=359800 263352 96448 151632 94032 55131 52517 111720 92024 36685 17931 41317 57600 52848 43896 34664 29554 109808
internal_count=359800 263352 96448 151632 94032 55131 52517 111720 92024 36685 17931 41317 57600 52848 43896 34664 29554 109808
is_linear=0
shrinkage=0.0229654


Tree=106
num_leaves=19
num_cat=0
split_feature=35 35 16 7 4 36 15 3 15 15 7 8 3 3 36 3 7 15
split_gain=7.79322e+10 2.09856e+10 9.42878e+09 9.37933e+09 8.9547e+09 6.98804e+09 6.68545e+09 5.67661e+09 5.6709e+09 5.64727e+09 4.98275e+09 4.2354e+09 3.8981e+09 3.80449e+09 4.60801e+09 3.64488e+09 3.89319e+09 3.41328e+09
threshold=25717.500000000004 31538.000000000004 524.56250000000011 0.65793410509763428 1.5000000000000002 28814.000000000004 18.056250000000002 1.0000000180025095e-35 14.418750000000003 11.056250000000004 -0.89495246814786256 -0.44134171618254459 4.5000000000000009 4.5000000000000009 30369.500000000004 4.5000000000000009 -0.5 16.831250000000008
decision_type=2 2 2 2 2 2 2 2 2 2 2 2 2 2 2 2 2 2
left_child=2 6 3 17 10 9 7 11 15 -5 -3 -2 -4 14 -12 -6 -17 -1
right_child=1 4 12 5 8 -7 -8 -9 -10 -11 13 -13 -14 -15 -16 16 -18 -19
leaf_value=-1.2220015596017539 47.433454372987612 53.59720180721984 -17.994098016770554 -9.5011519732414591 26.683651250010819 27.414047298273609 -7.6474344280462727 5.4734769306950097 6.5660525132739211 -22.348805425801462 69.036391867653833 12.448140602538 -40.0204644085673 6.6662774380417389 27.713268451542746 20.809009060159827 -13.368237301421608 -11.233219740064655
leaf_weight=78003 3038 5176 13843 39040 23421 2064 18990 66321 20208 33552 1680 4571 6107 3544 9312 4832 2763 23335
leaf_count=78003 3038 5176 13843 39040 23421 2064 18990 66321 20208 33552 1680 4571 6107 3544 9312 4832 2763 23335
internal_value=-9.49183e-10 11.6879 -9.77388 -8.07776 21.0943 -14.2546 4.50694 7.62897 16.0327 -15.4393 34.2477 26.4165 -24.7367 27.3578 34.029 22.2005 8.3756 -3.52727
internal_weight=359800 163856 195944 175994 70936 74656 92920 73930 51224 72592 19712 7609 19950 14536 10992 31016 7595 101338
internal_count=359800 163856 195944 175994 70936 74656 92920 73930 51224 72592 19712 7609 19950 14536 10992 31016 7595 101338
is_linear=0
shrinkage=0.0229654


Tree=107
num_leaves=19
num_cat=0
split_feature=35 35 4 16 5 7 6 7 5 6 16 7 7 27 5 19 36 16
split_gain=7.44398e+10 2.0909e+10 1.07921e+10 7.28771e+09 6.18929e+09 6.37008e+09 6.05816e+09 6.22726e+09 6.19297e+09 5.99458e+09 5.66649e+09 5.76294e+09 5.20731e+09 4.56506e+09 4.13816e+09 4.02504e+09 3.91177e+09 3.23227e+09
threshold=29923.000000000004 23008.500000000004 1.5000000000000002 309.56250000000006 1.0000000180025095e-35 0.65793410509763428 1.0000000180025095e-35 -0.82968937203783699 1.0000000180025095e-35 1.0000000180025095e-35 582.06250000000011 0.75023006073889154 -0.89495246814786256 1.6379650297619037 1.0000000180025095e-35 8.2687500000000025 30991.000000000004 72.312500000000014
decision_type=2 2 2 2 2 2 2 2 2 2 2 2 2 2 2 2 2 2
left_child=1 10 12 4 9 -6 7 17 13 -3 11 -1 -2 -9 16 -13 -14 -4
right_child=2 3 6 -5 5 -7 -8 8 -10 -11 -12 15 14 -15 -16 -17 -18 -19
leaf_value=-6.8816708617157714 52.357849444289741 7.120106623240134 28.019555981684324 -10.364211667280703 0.18276284838297738 -22.72796316722193 -54.112896927110832 19.116756645472353 -7.5205336355890635 -29.247992040856534 -28.53694184122709 -20.819720898742695 57.721596111198487 -0.54005538536379316 6.8124752317376975 -5.2832908221228134 26.028924640320344 9.6993091867577093
leaf_weight=66869 5200 78959 19124 28549 24900 8615 688 22615 9448 2465 10979 37988 2624 8601 4360 11444 9456 6916
leaf_count=66869 5200 78959 19124 28549 24900 8615 688 22615 9448 2465 10979 37988 2624 8601 4360 11444 9456 6916
internal_value=2.15271e-09 -5.98992 18.2168 0.0206408 2.60007 -5.70642 13.6859 14.3852 8.77008 6.01911 -12.7659 -11.277 32.3269 13.7007 25.9911 -17.2229 32.9132 23.1539
internal_weight=359800 270768 89032 143488 114939 33515 67392 66704 40664 81424 127280 116301 21640 31216 16440 49432 12080 26040
internal_count=359800 270768 89032 143488 114939 33515 67392 66704 40664 81424 127280 116301 21640 31216 16440 49432 12080 26040
is_linear=0
shrinkage=0.0229654


Tree=108
num_leaves=19
num_cat=0
split_feature=35 35 3 16 0 3 6 19 6 10 0 10 19 3 35 35 3 26
split_gain=7.13144e+10 1.92665e+10 9.64703e+09 8.69525e+09 8.17118e+09 6.56276e+09 6.81608e+09 6.37918e+09 5.32223e+09 5.52042e+09 5.12686e+09 5.10207e+09 5.10155e+09 4.73223e+09 4.25373e+09 3.8988e+09 3.70756e+09 3.31104e+09
threshold=25717.500000000004 35950.500000000007 2.5000000000000004 524.56250000000011 15.500000000000002 1.5000000000000002 1.0000000180025095e-35 8.3187500000000032 1.0000000180025095e-35 0.6830127018922193 42.500000000000007 0.25000000000000017 4.1812500000000012 1.0000000180025095e-35 42681.500000000007 18844.500000000004 4.5000000000000009 2.4003906250000004
decision_type=2 2 2 2 2 2 2 2 2 2 2 2 2 2 2 2 2 2
left_child=3 2 11 4 7 6 10 15 9 -4 12 -2 -6 -3 -15 -1 -5 -11
right_child=1 13 8 16 5 -7 -8 -9 -10 17 -12 -13 -14 14 -16 -17 -18 -19
leaf_value=-25.507497819509123 7.4416935599406937 61.363369650828652 -1.0755562317526917 -17.142950168305191 10.962890910506189 -6.942720602456129 -30.432016750636468 -2.7798507189426731 -41.898899609605891 38.819684377232704 -6.1808129134137584 21.51032314700009 41.624994578587255 22.979701944481981 64.20265240172678 -12.799723767180973 -38.624244890667029 9.5418739364846594
leaf_weight=16716 26328 2000 53680 13843 13722 51866 2326 27513 1424 2268 6792 28112 3616 28640 1384 53443 6107 20020
leaf_count=16716 26328 2000 53680 13843 13722 51866 2326 27513 1424 2268 6792 28112 3616 28640 1384 53443 6107 20020
internal_value=-2.45389e-09 11.1806 7.2994 -9.34969 -7.72088 -2.19488 7.11309 -12.1521 2.08899 2.91354 10.7322 14.7065 17.3578 27.1584 24.8799 -15.8275 -23.7187 12.5211
internal_weight=359800 163856 131832 195944 175994 78322 26456 97672 77392 75968 24130 54440 17338 32024 30024 70159 19950 22288
internal_count=359800 163856 131832 195944 175994 78322 26456 97672 77392 75968 24130 54440 17338 32024 30024 70159 19950 22288
is_linear=0
shrinkage=0.0229654


Tree=109
num_leaves=19
num_cat=0
split_feature=25 1 7 5 26 1 16 1 16 14 6 6 5 15 16 7 7 5
split_gain=5.29055e+10 1.75466e+10 1.57985e+10 1.35925e+10 9.97208e+09 9.65531e+09 9.34668e+09 8.51556e+09 9.61537e+09 7.42757e+09 6.80628e+09 6.25047e+09 5.37618e+09 4.61729e+09 4.29074e+09 8.67432e+09 4.21024e+09 4.20256e+09
threshold=8.9502604166666693 7.5000000000000009 -0.79335334029123528 1.0000000180025095e-35 1.9851562500000004 5.5000000000000009 468.31250000000006 20.500000000000004 144.06250000000003 67.312500000000014 1.0000000180025095e-35 1.0000000180025095e-35 1.0000000180025095e-35 13.643750000000002 394.31250000000006 0.55438071450436044 0.32075123873380545 1.0000000180025095e-35
decision_type=2 2 2 2 2 2 2 2 2 2 2 2 2 2 2 2 2 2
left_child=1 -1 9 5 -3 13 11 8 10 -2 12 -7 -6 -4 15 -5 -14 -10
right_child=2 4 3 14 7 6 -8 -9 17 -11 -12 -13 16 -15 -16 -17 -18 -19
leaf_value=-0.47511937261791581 -2.1052813997441175 47.240181596573485 -10.541876073702362 -6.6298537617442799 30.516579461139347 2.877513527823802 -17.630310673679084 1.8104032559632728 11.445511484983692 17.168471742612329 -27.411007130299748 -36.290207749149651 19.703873867897546 -28.150841279736216 -34.539266217766446 -27.471532569816105 -12.170725685283797 -14.174779779132749
leaf_weight=44274 26731 5464 28959 21473 34029 71942 16032 19277 11069 17416 1316 2215 11886 10776 8733 20671 2678 4859
leaf_count=44274 26731 5464 28959 21473 34029 71942 16032 19277 11069 17416 1316 2215 11886 10776 8733 20671 2678 4859
internal_value=-3.62453e-09 11.3738 -6.81838 -9.82579 17.1655 -5.88539 -1.7299 15.2348 19.1655 5.49822 24.1236 1.70761 25.5192 -15.3174 -19.8883 -16.8524 13.8428 3.62978
internal_weight=359800 134852 224948 180801 90578 129924 90189 85114 65837 44147 49909 74157 48593 39735 50877 42144 14564 15928
internal_count=359800 134852 224948 180801 90578 129924 90189 85114 65837 44147 49909 74157 48593 39735 50877 42144 14564 15928
is_linear=0
shrinkage=0.0229654


Tree=110
num_leaves=19
num_cat=0
split_feature=35 35 3 35 3 16 8 3 6 6 3 3 8 0 0 3 16 26
split_gain=6.52137e+10 1.75963e+10 9.45835e+09 8.14618e+09 7.24676e+09 6.48103e+09 6.22941e+09 6.26015e+09 7.30818e+09 5.94599e+09 5.11781e+09 8.86604e+09 4.40634e+09 4.28097e+09 4.26511e+09 4.2127e+09 4.07007e+09 4.0329e+09
threshold=25717.500000000004 36288.500000000007 1.0000000180025095e-35 18599.500000000004 1.5000000000000002 247.31250000000003 0.13052619222005152 1.0000000180025095e-35 1.0000000180025095e-35 1.0000000180025095e-35 4.5000000000000009 5.5000000000000009 0.60876142900872032 21.500000000000004 21.500000000000004 1.0000000180025095e-35 524.56250000000011 5.6782552083333346
decision_type=2 2 2 2 2 2 2 2 2 2 2 2 2 2 2 2 2 2
left_child=3 2 12 -1 6 9 7 8 -5 10 17 -12 13 -2 -13 -3 -6 -4
right_child=1 15 5 4 16 -7 -8 -9 -10 -11 11 14 -14 -15 -16 -17 -18 -19
leaf_value=-21.080936702212966 65.285401127698336 61.650268749278673 22.771882031254229 27.71883049837761 -8.7459245702489596 -6.7874107391788785 -7.2932421740591078 -3.0649718376716772 -30.685506953363863 -34.908016622362318 -10.588635586767843 -7.5327399471990599 1.8752409064790463 25.651493248804599 21.223724773141889 24.679804625627344 -22.996908991260376 8.9045714233791315
leaf_weight=25376 1696 1728 13990 10120 110642 20207 25800 11048 1272 1716 17110 3650 3416 9424 10679 27416 11686 52824
leaf_count=25376 1696 1728 13990 10120 110642 20207 25800 11048 1272 1716 17110 3650 3416 9424 10679 27416 11686 52824
internal_value=-4.81256e-09 10.6917 7.19127 -8.94084 -7.13471 5.07489 0.403299 9.25226 21.1976 7.47265 8.21284 0.571968 24.6883 31.6964 13.8986 26.8718 -10.1073 11.8082
internal_weight=359800 163856 134712 195944 170568 120176 48240 22440 11392 99969 98253 31439 14536 11120 14329 29144 122328 66814
internal_count=359800 163856 134712 195944 170568 120176 48240 22440 11392 99969 98253 31439 14536 11120 14329 29144 122328 66814
is_linear=0
shrinkage=0.0229654


Tree=111
num_leaves=19
num_cat=0
split_feature=25 7 7 3 8 3 0 14 8 14 25 4 3 3 8 4 1 12
split_gain=4.88319e+10 1.61395e+10 1.47442e+10 1.2733e+10 9.75591e+09 1.01682e+10 8.95355e+09 8.96797e+09 7.01849e+09 6.8987e+09 6.1848e+09 5.74511e+09 5.23246e+09 5.02688e+09 4.60256e+09 3.91394e+09 3.97002e+09 3.54768e+09
threshold=8.9502604166666693 -0.82968937203783699 -0.79335334029123528 4.5000000000000009 -0.5 4.5000000000000009 13.500000000000002 69.062500000000014 -0.44134171618254459 67.312500000000014 2.2028645833333331 1.5000000000000002 5.5000000000000009 1.0000000180025095e-35 0.65793410509763406 8.5000000000000018 8.5000000000000018 1.2812500000000002
decision_type=2 2 2 2 2 2 2 2 2 2 2 2 2 2 2 2 2 2
left_child=1 11 9 6 5 17 -4 -8 13 -2 -6 -1 -7 -9 15 -5 -17 -3
right_child=2 4 3 14 10 12 7 8 -10 -11 -12 -13 -14 -15 -16 16 -18 -19
leaf_value=45.823918317515897 -1.9799175267187974 65.906037991406777 -14.156012042669499 -28.110938314174668 23.670108841420976 -18.223233489649036 -11.314562913181614 28.065023236029703 -6.3289019213292601 16.594991206313928 -0.12206125009021383 20.887551025926626 14.3159891942908 6.1291737615601587 -8.7248206747749606 -26.722095194790576 4.3102433523840284 22.662312734446775
leaf_weight=6334 26731 1043 43390 26728 6323 5383 30815 6873 21066 17416 64998 21123 5053 27780 15428 4132 4589 24595
leaf_count=6334 26731 1043 43390 26728 6323 5383 30815 6873 21066 17416 64998 21123 5053 27780 15428 4132 4589 24595
internal_value=8.30911e-10 10.9272 -6.55063 -9.45595 6.90996 16.6425 -5.64217 -1.37314 4.12489 5.34789 1.98725 26.6401 -2.46809 10.4799 -19.1952 -23.752 -10.3928 24.4215
internal_weight=359800 134852 224948 180801 107395 36074 129924 86534 55719 44147 71321 27457 10436 34653 50877 35449 8721 25638
internal_count=359800 134852 224948 180801 107395 36074 129924 86534 55719 44147 71321 27457 10436 34653 50877 35449 8721 25638
is_linear=0
shrinkage=0.0229654


Tree=112
num_leaves=19
num_cat=0
split_feature=36 26 15 7 16 16 1 3 3 14 7 3 1 1 29 7 3 26
split_gain=5.61467e+10 1.36054e+10 1.10439e+10 8.21467e+09 8.93468e+09 6.79996e+09 6.53787e+09 6.30661e+09 5.95272e+09 5.51944e+09 5.48724e+09 4.93525e+09 4.52952e+09 4.46391e+09 4.74411e+09 4.05088e+09 3.93787e+09 3.46892e+09
threshold=26879.500000000004 6.0217447916666682 18.056250000000002 0.65793410509763428 468.31250000000006 241.31250000000003 20.500000000000004 4.5000000000000009 1.0000000180025095e-35 57.312500000000007 -0.82968937203783699 3.5000000000000004 8.5000000000000018 5.5000000000000009 211.91875000000002 -0.13052619222005171 1.0000000180025095e-35 0.78072916666666681
decision_type=2 2 2 2 2 2 2 2 2 2 2 2 2 2 2 2 2 2
left_child=2 10 3 4 15 6 8 13 -3 -4 17 -6 -10 -5 -15 -1 -12 -2
right_child=1 5 9 7 11 -7 -8 -9 12 -11 16 -13 -14 14 -16 -17 -18 -19
leaf_value=7.7651361311383091 83.199094843249043 26.885503611465111 -42.557862553344101 -11.27080576426521 -4.416928231633328 -7.6589386252719578 -6.7500639964127496 -21.055055034638507 -4.584326228580367 -15.693700501022104 38.286009229050961 -26.00165621240809 11.887184879045142 -3.5777774533821365 26.103675978027916 -2.0242007527428973 13.879322972277901 32.151217192630774
leaf_weight=36468 749 11578 4718 32546 12159 14913 11635 23258 10778 27808 4004 10336 48102 11422 3780 57361 26977 11208
leaf_count=36468 749 11578 4718 32546 12159 14913 11635 23258 10778 27808 4004 10336 48102 11422 3780 57361 26977 11208
internal_value=-4.71386e-09 11.371 -7.23792 -5.09316 -1.33584 6.60694 9.19848 -11.2485 11.8321 -19.5904 22.1339 -14.3347 8.87207 -6.47175 3.80256 1.78057 17.0337 35.3489
internal_weight=359800 139944 219856 187330 116324 97006 82093 71006 70458 32526 42938 22495 58880 47748 15202 93829 30981 11957
internal_count=359800 139944 219856 187330 116324 97006 82093 71006 70458 32526 42938 22495 58880 47748 15202 93829 30981 11957
is_linear=0
shrinkage=0.0229654


Tree=113
num_leaves=19
num_cat=0
split_feature=35 35 4 15 15 3 6 8 3 3 16 25 1 1 16 3 3 35
split_gain=5.77751e+10 1.68806e+10 9.02822e+09 8.17693e+09 7.01172e+09 5.42857e+09 6.9704e+09 8.49424e+09 7.34306e+09 4.92457e+09 4.56456e+09 4.06469e+09 3.45166e+09 3.58187e+09 3.43943e+09 3.3807e+09 3.70644e+09 3.35135e+09
threshold=30149.500000000004 23418.500000000004 1.5000000000000002 18.056250000000002 14.231250000000003 3.5000000000000004 1.0000000180025095e-35 1.0000000180025095e-35 1.0000000180025095e-35 1.5000000000000002 491.06250000000006 1.0000000180025095e-35 10.500000000000002 3.5000000000000004 354.18750000000006 4.5000000000000009 5.5000000000000009 17704.500000000004
decision_type=2 2 2 2 2 2 2 2 2 2 2 2 2 2 2 2 2 2
left_child=1 5 11 9 -4 6 7 8 17 -3 12 -2 13 -7 -6 -13 -17 -1
right_child=2 3 4 -5 14 10 -8 -9 -10 -11 -12 15 -14 -15 -16 16 -18 -19
leaf_value=1.1329470150396288 64.495009436087429 11.770156152436112 18.404036374941462 -11.083373179405392 4.3234286052964999 -9.2610860962233463 -36.193516916314209 -11.385991144822874 -5.4810349551775142 0.51159267138083042 -30.840152915048261 32.149099980670194 -2.8693493594567538 -23.276984770056735 -50.367695503252364 -6.2687943243739133 32.805254805324743 26.754794454070961
leaf_weight=4040 1603 27191 38312 25763 25899 18080 4032 44808 16040 83150 9251 14587 12590 20543 621 2964 2254 8072
leaf_count=4040 1603 27191 38312 25763 25899 18080 4032 44808 16040 83150 9251 14587 12590 20543 621 2964 2254 8072
internal_value=-4.27057e-10 -5.16704 16.3903 0.56604 12.1204 -10.8437 -6.79927 -5.17486 4.71107 3.28601 -15.9938 29.3211 -13.3119 -16.7159 3.04277 26.4742 10.6099 18.2085
internal_weight=359800 273560 86240 136104 64832 137456 76992 72960 28152 110341 60464 21408 51213 38623 26520 19805 5218 12112
internal_count=359800 273560 86240 136104 64832 137456 76992 72960 28152 110341 60464 21408 51213 38623 26520 19805 5218 12112
is_linear=0
shrinkage=0.0229654


Tree=114
num_leaves=19
num_cat=0
split_feature=35 10 7 3 35 3 3 6 3 29 28 1 7 26 3 28 7 16
split_gain=5.53113e+10 1.52281e+10 9.07944e+09 8.6142e+09 7.42865e+09 6.33926e+09 5.91262e+09 6.25707e+09 5.2346e+09 4.4996e+09 4.38359e+09 4.26447e+09 4.11292e+09 3.99656e+09 3.94288e+09 3.82042e+09 3.52195e+09 5.69177e+09
threshold=25717.500000000004 0.6830127018922193 -0.82968937203783699 3.5000000000000004 18411.500000000004 1.5000000000000002 4.5000000000000009 1.0000000180025095e-35 5.5000000000000009 396.75625000000008 1.0000000180025095e-35 5.5000000000000009 0.55438071450436044 10.18815104166667 4.5000000000000009 -4.1839932712215315 0.75023006073889154 468.31250000000006
decision_type=2 2 2 2 2 2 2 2 2 2 2 2 2 2 2 2 2 2
left_child=4 3 -3 9 -1 11 7 10 14 -2 -4 -6 -8 -13 -5 -7 17 -17
right_child=1 2 6 8 5 15 12 -9 -10 -11 -12 13 -14 -15 -16 16 -18 -19
leaf_value=-20.625599228951977 6.2545228519748326 34.132794278671049 26.871144376166715 -0.48448750680600272 -8.2545494919053528 9.76734176320495 8.0098229765512166 -36.483012538453572 12.321126315512593 20.511162389978743 8.8589922179254152 20.028831126805589 -22.092742912612621 0.84250574610819717 -16.483402579522409 -4.531509073309393 -16.072593700673771 -19.758214645504008
leaf_weight=22576 45747 15456 21008 17624 18848 5256 9720 1040 8552 15677 10784 7633 3176 22919 15072 65145 37408 16159
leaf_count=22576 45747 15456 21008 17624 18848 5256 9720 1040 8552 15677 10784 7633 3176 22919 15072 65145 37408 16159
internal_value=2.88771e-09 9.84658 18.9159 4.44204 -8.23409 -6.62047 13.7725 18.948 -3.67548 9.89319 20.7613 0.336188 0.596226 5.63595 -7.85957 -9.39262 -10.2409 -7.55778
internal_weight=359800 163856 61184 102672 195944 173368 45728 32832 41248 61424 31792 49400 12896 30552 32696 123968 118712 81304
internal_count=359800 163856 61184 102672 195944 173368 45728 32832 41248 61424 31792 49400 12896 30552 32696 123968 118712 81304
is_linear=0
shrinkage=0.0229654


Tree=115
num_leaves=19
num_cat=0
split_feature=36 26 26 6 36 6 8 14 6 8 25 26 14 8 28 27 30 28
split_gain=4.89949e+10 1.23336e+10 8.61997e+09 6.20588e+09 5.84228e+09 6.12586e+09 5.75465e+09 6.30357e+09 5.06321e+09 4.83383e+09 4.48536e+09 3.50909e+09 3.50938e+09 3.39703e+09 3.3228e+09 3.4432e+09 3.25077e+09 3.23396e+09
threshold=26879.500000000004 6.0217447916666682 2.7273437500000006 1.0000000180025095e-35 20882.500000000004 1.0000000180025095e-35 0.75023006073889131 75.937500000000014 1.0000000180025095e-35 -0.32075123873380501 1.0000000180025095e-35 21.246223958333335 57.312500000000007 -0.19467261866128607 1.3780550373134333 -1.0000000180025095e-35 280.56875000000008 1.4716750841750843
decision_type=2 2 2 2 2 2 2 2 2 2 2 2 2 2 2 2 2 2
left_child=2 8 -1 6 -4 11 7 9 10 -3 -2 12 13 -6 15 16 -14 -9
right_child=1 3 4 -5 5 -7 -8 17 -10 -11 -12 -13 14 -15 -16 -17 -18 -19
leaf_value=23.531687599950029 56.162024602667564 -10.068897806751515 -12.688150759052379 -32.027512554634271 -22.923653393153863 -35.386900674585881 -7.503180720510616 18.846869113175782 -35.026921285251824 8.1645468040038391 20.338334130260439 17.462749922230433 -12.526179984565031 -2.0730648367010378 -9.1454865155678213 6.1631483506005011 -0.34698767884227832 6.6628362704163528
leaf_weight=4845 1932 12210 73656 2202 10008 3352 12566 31238 838 20616 40168 3916 16305 7006 34628 26436 39704 18174
leaf_count=4845 1932 12210 73656 2202 10008 3352 12566 31238 838 20616 40168 3916 16305 7006 34628 26436 39704 18174
internal_value=-1.90065e-09 10.6221 -6.76125 6.0862 -7.44386 -4.71121 6.97147 9.1832 20.8697 1.38241 21.9823 -3.96612 -4.59195 -14.3378 -3.1756 -0.668169 -3.89252 14.3655
internal_weight=359800 139944 219856 97006 215011 141355 94804 82238 42938 32826 42100 138003 134087 17014 117073 82445 56009 49412
internal_count=359800 139944 219856 97006 215011 141355 94804 82238 42938 32826 42100 138003 134087 17014 117073 82445 56009 49412
is_linear=0
shrinkage=0.0229654


Tree=116
num_leaves=19
num_cat=0
split_feature=36 15 16 0 3 31 16 7 28 0 26 7 6 4 11 3 3 16
split_gain=4.69144e+10 1.19879e+10 9.11613e+09 7.76118e+09 7.78435e+09 7.60066e+09 6.53552e+09 9.66195e+09 6.27626e+09 5.47042e+09 4.90719e+09 4.88056e+09 4.10788e+09 4.08569e+09 3.99683e+09 3.69486e+09 3.29068e+09 4.11115e+09
threshold=29388.500000000004 13.206250000000002 150.81250000000003 40.500000000000007 1.0000000180025095e-35 1.0000000180025095e-35 486.56250000000006 -0.13052619222005171 0.91730769230769227 31.500000000000004 0.78072916666666681 -0.13052619222005171 1.0000000180025095e-35 1.5000000000000002 132.00000000000003 4.5000000000000009 4.5000000000000009 24.312500000000004
decision_type=2 2 2 2 2 2 2 2 2 2 2 2 2 2 2 2 2 2
left_child=1 5 3 4 -2 10 7 -3 12 15 -1 -12 -6 -9 -8 -7 17 -15
right_child=2 6 -4 -5 8 9 14 13 -10 -11 11 -13 -14 16 -16 -17 -18 -19
leaf_value=41.997059322940942 38.937482327307087 0.088461065671667241 -2.042086502311828 2.4396144795527852 23.213211874386023 -5.7114709126262335 -34.895395733472732 2.6051823262712954 5.4013293690757829 3.4768697374093094 14.680014052136119 0.26522025003712874 -36.443624750198815 -18.455204827184637 -8.2635308146497 -18.238874446041709 -25.812995374754944 -1.0419795840717696
leaf_weight=1792 10082 38188 16147 15793 36798 41626 8877 6225 17009 24362 15996 54922 619 23139 4468 17696 15712 10349
leaf_count=1792 10082 38188 16147 15793 36798 41626 8877 6225 17009 24362 15996 54922 619 23139 4468 17696 15712 10349
internal_value=1.177e-09 -5.01851 13.7031 16.8691 20.4018 -0.966473 -10.9434 -8.80003 16.9682 -5.68564 4.46495 3.51657 22.2263 -14.9242 -25.9789 -9.44845 -17.1421 -13.0739
internal_weight=359800 263352 96448 80301 64508 156394 106958 93613 54426 83684 72710 70918 37417 55425 13345 59322 49200 33488
internal_count=359800 263352 96448 80301 64508 156394 106958 93613 54426 83684 72710 70918 37417 55425 13345 59322 49200 33488
is_linear=0
shrinkage=0.0229654


Tree=117
num_leaves=19
num_cat=0
split_feature=25 7 7 3 3 6 0 0 16 0 4 4 6 3 15 7 16 0
split_gain=3.95477e+10 1.31959e+10 1.23847e+10 1.08452e+10 8.36463e+09 9.97305e+09 9.61035e+09 7.31005e+09 7.71386e+09 6.75457e+09 4.88232e+09 4.82818e+09 4.81824e+09 5.82476e+09 4.52799e+09 4.42934e+09 4.29856e+09 3.63832e+09
threshold=8.9502604166666693 -0.82968937203783699 -0.79335334029123528 4.5000000000000009 4.5000000000000009 1.0000000180025095e-35 12.500000000000002 13.500000000000002 425.18750000000006 41.500000000000007 8.5000000000000018 1.5000000000000002 1.0000000180025095e-35 1.0000000180025095e-35 11.706250000000002 0.65793410509763428 315.81250000000006 41.500000000000007
decision_type=2 2 2 2 2 2 2 2 2 2 2 2 2 2 2 2 2 2
left_child=1 11 10 7 5 6 -3 14 12 -8 -2 -1 13 17 -4 16 -6 -9
right_child=2 4 3 -5 15 -7 9 8 -10 -11 -12 -13 -14 -15 -16 -17 -18 -19
leaf_value=41.628029260675596 0.44460574409286358 -0.12227621377251563 -6.7118895649586543 -17.546118183810542 4.7272030637427447 -31.934130474032212 23.547640679853128 26.426507358792129 -14.001106554478127 5.471923435537688 17.786193807286882 18.76806868735234 -32.853505874472297 0.30393747882350292 -21.874914732514245 -16.667840681905382 -36.725513521000522 -1.0305263341611623
leaf_weight=6334 32525 23609 26166 50877 20111 2838 33548 8316 19247 16153 11622 21123 1975 53328 17224 9724 1412 3668
leaf_count=6334 32525 23609 26166 50877 20111 2838 33548 8316 19247 16153 11622 21123 1975 53328 17224 9724 1412 3668
internal_value=2.06343e-09 9.83369 -5.89511 -8.55783 6.20124 10.3069 11.9421 -5.0381 -1.18074 17.673 5.0099 24.0416 2.48645 3.55511 -12.731 -3.80407 2.00773 18.0226
internal_weight=359800 134852 224948 180801 107395 76148 73310 129924 86534 49701 44147 27457 67287 65312 43390 31247 21523 11984
internal_count=359800 134852 224948 180801 107395 76148 73310 129924 86534 49701 44147 27457 67287 65312 43390 31247 21523 11984
is_linear=0
shrinkage=0.0229654


Tree=118
num_leaves=19
num_cat=0
split_feature=35 35 25 15 16 35 16 7 15 5 7 28 5 7 16 17 11 15
split_gain=4.66842e+10 1.37842e+10 7.93596e+09 7.92755e+09 5.48615e+09 4.60698e+09 4.28995e+09 4.2677e+09 4.03834e+09 3.98143e+09 4.73689e+09 3.23529e+09 2.82316e+09 3.05999e+09 2.82234e+09 3.51926e+09 2.7382e+09 2.68922e+09
threshold=30149.500000000004 23008.500000000004 3.124739583333334 12.731250000000003 144.06250000000003 17055.000000000004 350.81250000000006 -0.94490267940017747 11.218750000000004 1.0000000180025095e-35 0.65793410509763428 0.15745370370370274 1.0000000180025095e-35 0.55438071450436044 8.3125000000000018 86.937500000000014 108.00000000000001 14.031250000000004
decision_type=2 2 2 2 2 2 2 2 2 2 2 2 2 2 2 2 2 2
left_child=1 5 -2 12 7 -1 14 -4 -7 11 -11 -9 -3 -14 -5 -16 -8 -6
right_child=2 3 4 6 17 8 16 9 -10 10 -12 -13 13 -15 15 -17 -18 -19
leaf_value=-26.500013185773938 32.224166993630298 8.2677568752281374 25.654803198817863 -8.260812160144674 6.6586818861157289 -4.601395351482223 -26.741763320895402 21.024517933610841 -13.076848015228281 5.6880865685138469 -36.017036090372265 7.2693678329828471 4.3723035405550048 -14.636367129322105 -3.1543451784421168 12.959395011151019 -5.6903472192994631 -15.952554621678289
leaf_weight=8504 11808 53151 14284 26079 6727 57104 7113 20985 61672 10229 1671 15815 13795 6605 23189 10334 6014 4721
leaf_count=8504 11808 53151 14284 26079 6727 57104 7113 20985 61672 10229 1671 15815 13795 6605 23189 10334 6014 4721
internal_value=-4.17185e-09 -4.64469 14.7333 0.163993 11.9585 -10.1712 -5.21241 14.6167 -9.0021 11.3791 -0.168154 15.1132 5.48031 -1.78222 -2.59484 1.81297 -17.0973 -2.66589
internal_weight=359800 273560 86240 146280 74432 127280 72729 62984 118776 48700 11900 36800 73551 20400 59602 33523 13127 11448
internal_count=359800 273560 86240 146280 74432 127280 72729 62984 118776 48700 11900 36800 73551 20400 59602 33523 13127 11448
is_linear=0
shrinkage=0.0229654


Tree=119
num_leaves=19
num_cat=0
split_feature=35 35 15 15 35 3 14 23 3 3 3 28 28 3 4 23 35 15
split_gain=4.47299e+10 1.25953e+10 8.77864e+09 6.74124e+09 6.29553e+09 5.9178e+09 4.87174e+09 4.70464e+09 3.90673e+09 3.68792e+09 3.57655e+09 3.56688e+09 3.55606e+09 3.14201e+09 3.03378e+09 2.62019e+09 2.6099e+09 2.42334e+09
threshold=25717.500000000004 36288.500000000007 12.281250000000004 16.831250000000008 19637.500000000004 3.5000000000000004 56.187500000000007 -1.0000000180025095e-35 1.5000000000000002 1.0000000180025095e-35 5.5000000000000009 -5.2542892156862733 0.053349358974359447 1.5000000000000002 1.5000000000000002 6.7000000000000028 42681.500000000007 20.406250000000004
decision_type=2 2 2 2 2 2 2 2 2 2 2 2 2 2 2 2 2 2
left_child=3 2 11 4 15 14 -5 -8 -6 -3 17 -2 16 -13 -4 -1 -11 -7
right_child=1 9 5 6 8 10 7 -9 -10 12 -12 13 -14 -15 -16 -17 -18 -19
leaf_value=-11.841691633267118 35.816348275179173 55.084110932850805 22.551809382132554 -36.846025211265058 4.2369385973544844 -7.6360528786663009 -22.82098968332981 -5.5387861000754066 -5.1828761505643701 23.597686051502819 5.9871148076900296 20.586677359354326 7.6947263630424247 8.0208214388531704 3.8340907692988324 -36.547815974802461 57.607142525273595 -25.395153706713735
leaf_weight=35541 3245 1728 5186 5104 31661 17442 14312 19802 87106 18065 8130 13850 8077 43321 38259 2418 1274 5279
leaf_count=35541 3245 1728 5186 5104 31661 17442 14312 19802 87106 18065 8130 13850 8077 43321 38259 2418 1274 5279
internal_value=2.30352e-09 8.85477 5.89322 -7.4047 -5.27387 0.606605 -15.9201 -12.7893 -2.67173 22.5439 -7.08482 12.3944 20.4929 11.065 6.06841 -13.4155 25.8381 -11.7622
internal_weight=359800 163856 134712 195944 156726 74296 39218 34114 118767 29144 30851 60416 27416 57171 43445 37959 19339 22721
internal_count=359800 163856 134712 195944 156726 74296 39218 34114 118767 29144 30851 60416 27416 57171 43445 37959 19339 22721
is_linear=0
shrinkage=0.0229654


Tree=120
num_leaves=19
num_cat=0
split_feature=10 1 16 1 3 3 15 0 8 6 21 16 15 22 15 15 4 24
split_gain=3.27397e+10 2.1157e+10 1.14624e+10 1.3121e+10 9.61157e+09 8.58769e+09 6.16177e+09 5.72735e+09 5.61741e+09 5.60323e+09 5.23694e+09 4.09997e+09 3.69532e+09 3.12031e+09 3.08257e+09 2.96592e+09 2.89824e+09 2.59646e+09
threshold=-0.24999999999999994 7.5000000000000009 292.93750000000006 20.500000000000004 3.5000000000000004 1.0000000180025095e-35 11.531250000000004 14.500000000000002 0.065263096110025676 1.0000000180025095e-35 3.8550781250000008 524.56250000000011 13.781250000000004 8.6077690972222243 11.331250000000002 20.681250000000006 1.5000000000000002 0.82499999999999962
decision_type=2 2 2 2 2 2 2 2 2 2 2 2 2 2 2 2 2 2
left_child=4 6 3 5 7 -3 -2 -1 13 11 -7 -9 -12 -6 -5 -13 -14 -8
right_child=1 2 -4 14 8 10 17 9 -10 -11 12 15 16 -15 -16 -17 -18 -19
leaf_value=-11.708529306874315 2.8997683361446582 34.203741198209833 -9.7659359884491845 8.075116409725597 9.2197354503849898 27.876291121865666 -5.9829802222560877 5.079899736256789 -7.3001679150553676 -29.841210972290636 17.469288293877028 -6.1925656728411793 20.852488169019644 -21.904870182825572 -8.2849441083501407 -44.664671317779153 3.514455498296003 -18.93979706938066
leaf_weight=26992 31886 14017 12052 10743 1787 13359 20447 51325 33312 2992 34092 10054 6246 34413 13977 1181 27354 13571
leaf_count=26992 31886 14017 12052 10743 1787 13359 20447 51325 33312 2992 34092 10054 6246 34413 13977 1181 27354 13571
internal_value=6.19892e-10 6.27136 11.5824 13.7303 -7.65244 17.6061 -4.35336 -2.8052 -14.1058 0.860873 14.7357 2.32923 12.1424 -20.3684 -1.17507 -10.2367 6.73747 -11.1519
internal_weight=359800 197744 131840 119788 162056 95068 65904 92544 69512 65552 81051 62560 67692 36200 24720 11235 33600 34018
internal_count=359800 197744 131840 119788 162056 95068 65904 92544 69512 65552 81051 62560 67692 36200 24720 11235 33600 34018
is_linear=0
shrinkage=0.0229654


Tree=121
num_leaves=19
num_cat=0
split_feature=35 35 4 16 27 6 14 7 6 36 7 28 12 11 16 17 24 13
split_gain=4.09592e+10 1.22031e+10 7.41819e+09 5.60568e+09 4.57922e+09 4.33236e+09 4.30506e+09 4.53898e+09 4.11353e+09 4.05637e+09 3.87707e+09 3.1463e+09 2.99485e+09 2.98682e+09 2.85276e+09 5.54918e+09 2.89734e+09 2.82725e+09
threshold=30149.500000000004 23008.500000000004 1.5000000000000002 306.06250000000006 3.5907738095238106 1.0000000180025095e-35 52.312500000000007 0.75023006073889154 1.0000000180025095e-35 35561.000000000007 -0.94490267940017747 -5.2542892156862733 7.231250000000002 132.00000000000003 7.5625000000000009 85.937500000000014 3.4750000000000036 20.031250000000004
decision_type=2 2 2 2 2 2 2 2 2 2 2 2 2 2 2 2 2 2
left_child=1 6 10 8 5 9 -1 -8 11 -4 -2 -3 -9 17 16 -16 -13 -5
right_child=2 3 4 13 -6 -7 7 12 -10 -11 -12 14 -14 -15 15 -17 -18 -19
leaf_value=-23.932172264105265 46.832765372069353 23.79429789794662 8.6577310612890503 -17.569553879299722 -6.3157999410288896 -50.113033763415103 -4.4491841906158731 -3.3028426444819341 -26.759202598833433 21.904318210279065 21.039693167421046 0.2500222655303046 -16.704481902234257 2.114369361290442 1.2816517183502765 17.234202390699302 -19.159006091584363 5.474333169034316
leaf_weight=10106 3720 3734 38358 16839 8019 582 67745 11444 2493 17873 17688 51804 37985 9106 38051 16482 4401 3370
leaf_count=10106 3720 3734 38358 16839 8019 582 67745 11444 2493 17873 17688 51804 37985 9106 38051 16482 4401 3370
internal_value=-1.51718e-09 -4.35058 13.8004 0.17392 9.92993 12.223 -9.55049 -8.3101 2.4246 12.8682 25.5217 3.06017 -13.6017 -8.80613 2.36103 6.10313 -1.26976 -13.7268
internal_weight=359800 273560 86240 146280 64832 56813 127280 117174 116965 56231 21408 114472 49429 29315 110738 54533 56205 20209
internal_count=359800 273560 86240 146280 64832 56813 127280 117174 116965 56231 21408 114472 49429 29315 110738 54533 56205 20209
is_linear=0
shrinkage=0.0229654


Tree=122
num_leaves=19
num_cat=0
split_feature=36 26 5 6 13 8 0 8 16 6 16 8 6 5 9 0 26 26
split_gain=3.58424e+10 9.92636e+09 8.72083e+09 6.73853e+09 6.12115e+09 6.60993e+09 5.9535e+09 5.77138e+09 5.44013e+09 5.29375e+09 5.09219e+09 6.94443e+09 4.39712e+09 4.13181e+09 3.89958e+09 3.76635e+09 4.65529e+09 3.37795e+09
threshold=26879.500000000004 6.0217447916666682 1.0000000180025095e-35 1.0000000180025095e-35 -0.56874999999999976 -0.19467261866128607 12.500000000000002 0.44134171618254503 482.06250000000006 1.0000000180025095e-35 244.31250000000003 0.60876142900872032 1.0000000180025095e-35 1.0000000180025095e-35 -0.93301270189221908 46.500000000000007 8.1608072916666696 1.2430989583333336
decision_type=2 2 2 2 2 2 2 2 2 2 2 2 2 2 2 2 2 2
left_child=2 12 3 4 5 -1 -6 14 15 10 11 -3 13 17 -4 16 -8 -2
right_child=1 9 7 -5 6 -7 8 -9 -10 -11 -12 -13 -14 -15 -16 -17 -18 -19
leaf_value=90.952621819101822 48.171248481747 11.597522312762839 5.031987308876757 -28.622612240054707 -8.6440017283282486 11.928620353973859 34.241936358185022 -4.0519872572223319 -9.940948421748578 -30.18553736664887 -6.8205250537237436 -4.8254483860289303 -33.811755255380866 6.6477940589992697 -19.157787997658769 -9.7718535636467454 5.1361824589452931 21.141967414016566
leaf_weight=603 2661 63262 3832 5024 53550 7522 3080 28728 17601 2202 14251 17291 838 10268 42464 8334 49118 29171
leaf_count=603 2661 63262 3832 5024 53550 7522 3080 28728 17601 2202 14251 17291 838 10268 42464 8334 49118 29171
internal_value=2.16038e-09 9.0852 -5.78296 -2.49102 -1.55198 17.7934 -2.74562 -12.138 1.29695 5.01596 5.83358 8.07227 18.2785 19.3153 -17.1556 4.56462 6.8536 23.4015
internal_weight=359800 139944 219856 144832 139808 8125 131683 75024 78133 97006 94804 80553 42938 42100 46296 60532 52198 31832
internal_count=359800 139944 219856 144832 139808 8125 131683 75024 78133 97006 94804 80553 42938 42100 46296 60532 52198 31832
is_linear=0
shrinkage=0.0229654


Tree=123
num_leaves=19
num_cat=0
split_feature=35 4 15 15 35 3 7 6 7 3 3 3 3 3 8 28 12 6
split_gain=3.76496e+10 1.14367e+10 1.09067e+10 6.45137e+09 5.28064e+09 5.02314e+09 5.02125e+09 4.04208e+09 3.97207e+09 4.10202e+09 4.0675e+09 3.41946e+09 3.3538e+09 3.31096e+09 6.66637e+09 3.21648e+09 3.08207e+09 2.99037e+09
threshold=25373.500000000004 1.5000000000000002 17.106250000000006 17.306250000000002 19637.500000000004 1.0000000180025095e-35 -0.82968937203783699 1.0000000180025095e-35 -0.82968937203783699 4.5000000000000009 5.5000000000000009 4.5000000000000009 3.5000000000000004 1.0000000180025095e-35 0.13052619222005152 -4.5435527146464638 13.793750000000003 1.0000000180025095e-35
decision_type=2 2 2 2 2 2 2 2 2 2 2 2 2 2 2 2 2 2
left_child=3 6 5 4 -1 -3 -2 8 16 -10 -11 15 -4 14 17 -8 -7 -6
right_child=1 2 12 -5 13 7 11 -9 9 10 -12 -13 -14 -15 -16 -17 -18 -19
leaf_value=-12.456065509939174 38.282545753927259 24.02931334489292 -0.036148184238070986 -16.225061782464973 31.22745736128288 20.908878937161685 48.358761951876588 -39.398135516824475 8.0284274297252036 -12.412249926518781 9.8769138214171868 1.1882691561937311 -14.459753033969006 -4.1581385000984676 -5.6724946178554552 17.351365991664899 5.3898786003402144 -18.132207961615414
leaf_weight=38781 6696 10182 20265 33668 5539 17127 2011 977 49654 12229 6675 6248 14648 100234 8605 14389 11139 733
leaf_count=38781 6696 10182 20265 33668 5539 17127 2011 977 49654 12229 6675 6248 14648 100234 8605 14389 11139 733
internal_value=3.37955e-09 7.75223 5.07056 -7.11903 -5.12684 8.67823 20.8112 7.08004 7.54902 4.56231 -4.54195 15.6456 -6.08768 -2.65761 7.45219 21.1536 14.7932 25.4589
internal_weight=359800 172240 142896 187560 153892 107983 29344 97801 96824 68558 18904 22648 34913 115111 14877 16400 28266 6272
internal_count=359800 172240 142896 187560 153892 107983 29344 97801 96824 68558 18904 22648 34913 115111 14877 16400 28266 6272
is_linear=0
shrinkage=0.0229654


Tree=124
num_leaves=19
num_cat=0
split_feature=35 35 3 15 3 25 3 35 3 8 6 3 15 3 8 16 6 16
split_gain=3.61055e+10 1.07517e+10 7.2411e+09 7.02435e+09 6.01477e+09 5.03937e+09 4.26035e+09 4.12741e+09 4.56314e+09 6.75442e+09 4.25432e+09 4.06716e+09 3.55438e+09 3.41104e+09 4.83271e+09 3.35658e+09 3.32474e+09 3.041e+09
threshold=30149.500000000004 23008.500000000004 3.5000000000000004 15.106250000000003 5.5000000000000009 1.9783854166666668 4.5000000000000009 17055.000000000004 1.5000000000000002 0.13052619222005152 1.0000000180025095e-35 1.0000000180025095e-35 12.881250000000003 1.0000000180025095e-35 0.13052619222005152 125.18750000000001 1.0000000180025095e-35 425.18750000000006
decision_type=2 2 2 2 2 2 2 2 2 2 2 2 2 2 2 2 2 2
left_child=1 7 5 13 6 -2 12 -1 9 10 11 -9 -4 14 -3 16 -7 -5
right_child=2 3 4 17 -6 15 -8 8 -10 -11 -12 -13 -14 -15 -16 -17 -18 -19
leaf_value=-24.421159167042912 45.093949718902294 35.27959657567326 21.741628506612141 -4.8037689242196278 22.256606399662516 20.384829229194953 -9.811970977788766 21.925746982698467 -10.949266932597528 -10.139757625047766 -27.723797276161342 -2.0663877919305182 -1.7106018002681616 2.2173827978433476 3.6703457640920818 4.0828713631269489 -30.775432375473098 -22.319418912717133
leaf_weight=8504 3488 4169 6038 43012 8080 37908 12960 9792 80728 20744 1496 6016 7826 86575 6573 9258 682 5951
leaf_count=8504 3488 4169 6038 43012 8080 37908 12960 9792 80728 20744 1496 6016 7826 86575 6573 9258 682 5951
internal_value=1.53513e-10 -4.08468 12.9569 0.162245 4.88652 18.4441 -0.345749 -8.96557 -7.859 -1.30226 9.29211 12.7951 8.50323 3.73188 15.938 16.5014 19.4807 -6.93263
internal_weight=359800 273560 86240 146280 34904 51336 26824 127280 118776 38048 17304 15808 13864 97317 10742 47848 38590 48963
internal_count=359800 273560 86240 146280 34904 51336 26824 127280 118776 38048 17304 15808 13864 97317 10742 47848 38590 48963
is_linear=0
shrinkage=0.0229654


Tree=125
num_leaves=19
num_cat=0
split_feature=36 16 7 16 26 0 6 14 6 0 25 11 12 7 26 27 14 4
split_gain=3.13377e+10 8.7452e+09 1.27377e+10 7.55934e+09 7.04046e+09 6.48067e+09 6.08494e+09 5.33968e+09 5.20527e+09 5.12467e+09 4.27472e+09 4.25184e+09 3.92117e+09 3.76476e+09 3.60595e+09 3.11577e+09 2.96235e+09 2.56255e+09
threshold=29388.500000000004 519.68750000000011 -0.13052619222005171 150.81250000000003 2.7273437500000006 40.500000000000007 1.0000000180025095e-35 68.062500000000014 1.0000000180025095e-35 39.500000000000007 1.0000000180025095e-35 132.00000000000003 8.9562500000000025 0.82968937203783699 20.899348958333338 3.2125930059523831 78.937500000000014 1.5000000000000002
decision_type=2 2 2 2 2 2 2 2 2 2 2 2 2 2 2 2 2 2
left_child=1 2 7 5 -4 6 10 14 12 16 -2 -3 -6 -14 -1 -12 -9 -11
right_child=3 11 4 -5 8 -7 -8 9 -10 17 15 -13 13 -15 -16 -17 -18 -19
leaf_value=-2.3387868435978203 64.947367999220532 -24.955759590277417 19.047895431432519 -3.1383431869284677 -2.0317431018754646 0.89703744821237585 -34.721477230496141 14.89838089614471 -34.088392198443145 34.055937442327355 19.589406943420734 -3.7855664404385969 -6.2852943909586481 -15.902109954572735 27.741586876481712 4.8590074420564555 37.008763756925688 1.5283780146982671
leaf_weight=39180 1018 14858 5522 16147 59070 15793 1164 10986 3744 1371 53504 7544 63103 32541 2221 8822 4507 18705
leaf_count=39180 1018 14858 5522 16147 59070 15793 1164 10986 3744 1371 53504 7544 63103 32541 2221 8822 4507 18705
internal_value=-4.14574e-09 -4.10162 -2.82556 11.1995 -6.44317 14.0826 17.3107 4.88153 -7.33149 11.4074 18.2668 -17.8266 -6.68399 -9.55723 -0.725094 17.5044 21.3304 3.7497
internal_weight=359800 263352 240950 96448 163980 80301 64508 76970 158458 35569 63344 22402 154714 95644 41401 62326 15493 20076
internal_count=359800 263352 240950 96448 163980 80301 64508 76970 158458 35569 63344 22402 154714 95644 41401 62326 15493 20076
is_linear=0
shrinkage=0.0229654


Tree=126
num_leaves=19
num_cat=0
split_feature=35 10 7 15 15 28 35 6 7 28 16 23 15 16 12 6 28 13
split_gain=3.30412e+10 1.13238e+10 6.98934e+09 6.14501e+09 6.09309e+09 5.11136e+09 4.79056e+09 3.5908e+09 3.06365e+09 2.77123e+09 2.76653e+09 3.74217e+09 2.72258e+09 2.66351e+09 2.65338e+09 2.41005e+09 2.35147e+09 2.34966e+09
threshold=25373.500000000004 0.6830127018922193 -0.89495246814786256 17.306250000000002 17.756250000000005 0.43068181818181822 19234.500000000004 1.0000000180025095e-35 -0.79335334029123528 -5.2542892156862733 500.56250000000006 -1.0000000180025095e-35 20.356250000000006 268.31250000000006 4.606250000000002 1.0000000180025095e-35 -4.1839932712215315 -1.3562499999999995
decision_type=2 2 2 2 2 2 2 2 2 2 2 2 2 2 2 2 2 2
left_child=3 4 17 6 8 7 15 9 -2 -4 11 -5 -7 -10 -6 -1 -8 -3
right_child=1 2 5 10 14 12 16 -9 13 -11 -12 -13 -14 -15 -16 -17 -18 -19
leaf_value=-11.230105687735282 11.414964998065463 56.797323290800584 33.417902699722887 -22.349905459564162 24.752058863283274 4.9850756751840457 12.010193363832766 -29.92615338413988 4.6289150198482121 14.622669567315064 -31.144264395947634 -5.5609251995011748 -19.435215828397414 -9.203615896280807 -9.1477968237924969 -39.817603320533202 -3.3617653305500772 26.83595433125253
leaf_weight=29791 31333 1591 4805 12279 1286 12004 5495 873 45428 29778 5096 16293 3012 8757 22940 1641 116965 10433
leaf_count=29791 31333 1591 4805 12279 1286 12004 5495 873 45428 29778 5096 16293 3012 8757 22940 1641 116965 10433
internal_value=1.13498e-09 7.26231 15.0654 -6.66912 2.81867 11.3168 -4.7248 16.0729 5.69882 17.2341 -15.5563 -12.7761 0.0867061 2.3934 -7.34828 -12.7226 -2.672 30.8004
internal_weight=359800 172240 62496 187560 109744 50472 153892 35456 85518 34583 33668 28572 15016 54185 24226 31432 122460 12024
internal_count=359800 172240 62496 187560 109744 50472 153892 35456 85518 34583 33668 28572 15016 54185 24226 31432 122460 12024
is_linear=0
shrinkage=0.0229654


Tree=127
num_leaves=19
num_cat=0
split_feature=35 35 3 3 15 15 4 35 3 3 8 3 15 29 28 36 7 16
split_gain=3.16806e+10 9.49857e+09 6.91698e+09 5.6906e+09 5.2772e+09 5.13549e+09 5.05731e+09 4.07021e+09 4.06304e+09 3.89269e+09 4.13637e+09 3.62094e+09 3.32387e+09 2.89414e+09 2.88543e+09 2.88167e+09 2.71337e+09 2.55159e+09
threshold=30149.500000000004 24553.500000000004 3.5000000000000004 5.5000000000000009 18.056250000000002 20.406250000000004 1.5000000000000002 18313.500000000004 4.5000000000000009 1.5000000000000002 0.13052619222005152 1.5000000000000002 12.881250000000003 135.06875000000005 1.4090744400527007 32663.500000000004 0.55438071450436044 153.06250000000003
decision_type=2 2 2 2 2 2 2 2 2 2 2 2 2 2 2 2 2 2
left_child=1 4 6 8 7 11 15 -1 12 10 13 -3 -4 -9 -8 -2 17 -10
right_child=2 5 3 -5 -6 -7 14 9 16 -11 -12 -13 -14 -15 -16 -17 -18 -19
leaf_value=-15.575568813655403 49.818229105159404 11.155704842932426 20.603546408277367 21.144828001918025 -17.091044675714706 -12.586497330320304 17.387027263805464 1.7739567544023662 -0.66052494891127844 -6.629538862348233 -4.6294597296139628 0.74162666062014193 -2.0754455403838894 21.565070425817016 3.5406166098633944 23.996034959305096 -33.477469931998293 -31.89460006629815
leaf_weight=18593 3024 23328 6038 8080 24559 12105 27974 8164 9160 87979 19553 71823 7826 7456 11082 9256 2176 1624
leaf_count=18593 3024 23328 6038 8080 24559 12105 27974 8164 9160 87979 19553 71823 7826 7456 11082 9256 2176 1624
internal_value=1.86921e-09 -3.82621 12.137 4.24931 -7.26287 1.50245 17.5 -5.56002 -0.84001 -4.04791 2.40957 3.29483 7.80163 11.221 13.4582 30.3549 -10.0844 -5.36417
internal_weight=359800 273560 86240 34904 166304 107256 51336 141745 26824 123152 35173 95151 13864 15620 39056 12280 12960 10784
internal_count=359800 273560 86240 34904 166304 107256 51336 141745 26824 123152 35173 95151 13864 15620 39056 12280 12960 10784
is_linear=0
shrinkage=0.0229654


Tree=128
num_leaves=19
num_cat=0
split_feature=35 3 3 35 7 16 3 15 33 3 16 15 16 16 33 14 7 16
split_gain=3.02483e+10 9.08916e+09 6.80188e+09 6.46782e+09 5.72421e+09 1.02376e+10 5.60409e+09 5.45615e+09 4.55691e+09 4.06332e+09 3.26072e+09 3.23361e+09 3.10538e+09 4.54665e+09 3.49929e+09 2.74972e+09 2.69888e+09 2.72137e+09
threshold=29923.000000000004 4.5000000000000009 3.5000000000000004 20705.500000000004 0.65793410509763428 343.56250000000006 5.5000000000000009 11.668750000000003 0.76041666666666674 4.5000000000000009 121.06250000000001 12.881250000000003 486.56250000000006 0.18750000000000003 0.21180555555555561 74.312500000000014 0.55438071450436044 153.06250000000003
decision_type=2 2 2 2 2 2 2 2 2 2 2 2 2 2 2 2 2 2
left_child=1 3 8 -1 5 -3 9 -5 10 11 -2 -4 13 -9 15 -15 17 -11
right_child=2 4 6 7 -6 -7 -8 12 -10 16 -12 -13 -14 14 -16 -17 -18 -19
leaf_value=-8.4187896678264362 17.29034717626763 0.14343690403725817 19.817339540430357 6.3825123824098915 -19.222178321103669 -21.832723362300474 20.271043427282585 -8.1642808939607558 33.48608350718996 -0.69094280402508101 2.1690651272417889 -2.1959640891139061 -16.453389918030972 -3.0306507105979432 29.3101674287199 9.2817425060896479 -33.04146025565494 -32.324367651464428
leaf_weight=47472 35935 39389 6252 63486 25704 15611 8472 28986 7465 9387 9512 8052 7760 23684 2627 16049 2264 1693
leaf_count=47472 35935 39389 6252 63486 25704 15611 8472 28986 7465 9387 9512 8052 7760 23684 2627 16049 2264 1693
internal_value=9.45953e-10 -3.81829 11.6123 -1.07649 -10.2754 -6.0942 3.92955 1.36792 16.8569 -1.07786 14.1255 7.42562 -2.65651 -1.15588 3.63982 1.94259 -10.1931 -5.52446
internal_weight=359800 270768 89032 190064 80704 55000 36120 142592 52912 27648 45447 14304 79106 71346 42360 39733 13344 11080
internal_count=359800 270768 89032 190064 80704 55000 36120 142592 52912 27648 45447 14304 79106 71346 42360 39733 13344 11080
is_linear=0
shrinkage=0.0229654


Tree=129
num_leaves=19
num_cat=0
split_feature=35 15 3 4 15 35 14 23 3 35 3 8 29 0 3 8 3 3
split_gain=2.89922e+10 1.01066e+10 7.12216e+09 5.41292e+09 5.22731e+09 4.85978e+09 4.31616e+09 4.24997e+09 3.86203e+09 3.68541e+09 3.51871e+09 3.18278e+09 3.13142e+09 3.05261e+09 2.65937e+09 2.63479e+09 3.07133e+09 2.35637e+09
threshold=24875.500000000004 11.668750000000003 3.5000000000000004 2.5000000000000004 16.206250000000008 34388.000000000007 56.187500000000007 -1.0000000180025095e-35 5.5000000000000009 19637.500000000004 4.5000000000000009 0.60876142900872032 281.99375000000003 21.500000000000004 1.5000000000000002 0.13052619222005152 1.0000000180025095e-35 2.5000000000000004
decision_type=2 2 2 2 2 2 2 2 2 2 2 2 2 2 2 2 2 2
left_child=4 5 3 11 9 17 -6 -8 10 -1 -4 12 -3 -10 15 16 -11 -2
right_child=1 2 8 -5 6 -7 7 -9 13 14 -12 -13 -14 -15 -16 -17 -18 -19
leaf_value=-10.796949201310898 15.11021402721906 -14.170321424875878 -2.3402584743089156 2.1506868890622499 -33.825133719367301 22.987228445446881 -20.415599892657585 -3.9478561267957999 -16.996555709730409 24.737419149743403 -17.305681632727893 -0.052557185260667327 24.229186540711304 12.638463311237782 -4.5580095676787158 -2.5464628187852374 1.2373871648203605 5.6318833441652858
leaf_weight=36801 23232 1212 18351 43627 5107 18549 14712 18863 2312 5417 15108 4775 14764 8852 72798 14729 6397 34194
leaf_count=36801 23232 1212 18351 43627 5107 18549 14712 18863 2312 5417 15108 4775 14764 8852 72798 14729 6397 34194
internal_value=1.0417e-09 6.33763 1.85596 6.74333 -6.70565 12.7675 -14.1556 -11.1637 -5.19509 -4.58889 -9.09771 16.3989 21.3161 6.50122 -2.28911 3.93367 12.0127 9.46639
internal_weight=359800 184976 109001 64378 174824 75975 38682 33575 44623 136142 33459 20751 15976 11164 99341 26543 11814 57426
internal_count=359800 184976 109001 64378 174824 75975 38682 33575 44623 136142 33459 20751 15976 11164 99341 26543 11814 57426
is_linear=0
shrinkage=0.0229654


Tree=130
num_leaves=19
num_cat=0
split_feature=35 3 1 26 3 7 16 16 3 25 15 15 3 1 17 1 3 15
split_gain=2.78076e+10 8.62406e+09 6.08905e+09 7.33945e+09 6.06769e+09 5.47966e+09 9.24451e+09 5.41125e+09 5.08129e+09 4.38201e+09 4.1826e+09 3.88624e+09 3.64673e+09 3.5963e+09 3.27934e+09 3.07429e+09 3.05921e+09 2.98207e+09
threshold=30149.500000000004 4.5000000000000009 5.5000000000000009 8.1608072916666696 3.5000000000000004 0.75023006073889154 333.31250000000006 468.31250000000006 5.5000000000000009 1.9783854166666668 11.056250000000004 20.681250000000006 4.5000000000000009 22.500000000000004 96.312500000000014 20.500000000000004 1.0000000180025095e-35 15.731250000000003
decision_type=2 2 2 2 2 2 2 2 2 2 2 2 2 2 2 2 2 2
left_child=1 2 10 15 9 6 -3 13 12 -2 -1 -9 17 14 -5 -4 -11 -6
right_child=4 5 3 7 8 -7 -8 11 -10 16 -12 -13 -14 -15 -16 -17 -18 -19
leaf_value=-1.0904300284344861 41.244890126248904 -0.623554493743535 22.592398277726623 1.9365765420789813 16.024199971247953 -19.596689788813052 -20.920137809829669 -7.4551807934606753 19.948722353506739 28.13799442686917 -12.8196527617594 -40.410076597043179 -9.5838281699414996 -13.034467681178699 16.279384704619485 2.9255792964401262 12.09476175061913 -5.7338686241947299
leaf_weight=33554 3488 43016 11607 71605 8344 22136 16328 18953 8080 7419 30710 2096 12960 7467 9526 6562 40429 5520
leaf_count=33554 3488 43016 11607 71605 8344 22136 16328 18953 8080 7419 30710 2096 12960 7467 9526 6562 40429 5520
internal_value=1.24017e-09 -3.5847 -0.928947 1.97039 11.371 -9.84535 -6.20799 -0.269774 3.98333 16.3939 -6.6955 -10.7367 -0.825807 2.21695 3.62064 15.4894 14.5823 7.36115
internal_weight=359800 273560 192080 127816 86240 81480 59344 109647 34904 51336 64264 21049 26824 88598 81131 18169 47848 13864
internal_count=359800 273560 192080 127816 86240 81480 59344 109647 34904 51336 64264 21049 26824 88598 81131 18169 47848 13864
is_linear=0
shrinkage=0.0229654


Tree=131
num_leaves=19
num_cat=0
split_feature=35 15 35 25 3 3 3 0 0 16 28 26 6 3 0 16 16 13
split_gain=2.6545e+10 8.24292e+09 8.36126e+09 5.91667e+09 4.9358e+09 5.3489e+09 4.80279e+09 6.19527e+09 5.00336e+09 3.76577e+09 3.33969e+09 3.64408e+09 3.07269e+09 3.61603e+09 4.3611e+09 2.90931e+09 2.86803e+09 3.65696e+09
threshold=30149.500000000004 18.056250000000002 20943.500000000004 3.124739583333334 3.5000000000000004 5.5000000000000009 1.0000000180025095e-35 11.500000000000002 28.500000000000004 500.56250000000006 -4.683692002442001 20.159505208333339 1.0000000180025095e-35 1.0000000180025095e-35 11.500000000000002 123.06250000000001 8.3125000000000018 3.443750000000001
decision_type=2 2 2 2 2 2 2 2 2 2 2 2 2 2 2 2 2 2
left_child=1 2 12 -2 15 -6 7 -4 -9 16 -8 -12 13 14 -1 -5 17 -3
right_child=3 9 6 4 5 -7 10 8 -10 -11 11 -13 -14 -15 -16 -17 -18 -19
leaf_value=-13.126942157049134 26.212368875408941 -4.6561285599752109 -16.1300668297309 16.47728065316613 -3.9209655426596188 19.007368400388962 16.236157554188711 36.407916200502761 8.7354604282758004 -30.761724682936997 -2.0191531440051014 13.843653631308063 -32.687351586014778 -10.603126851391576 12.438363268957783 1.8115550441944723 -4.6978448770077392 -26.031920177511758
leaf_weight=5803 11808 7257 3368 35709 22789 7019 6136 5262 9985 5235 129163 8118 2681 48724 8942 8915 22796 10090
leaf_count=5803 11808 7257 3368 35709 22789 7019 6136 5262 9985 5235 129163 8118 2681 48724 8942 8915 22796 10090
internal_value=-2.36341e-09 -3.50238 -1.72463 11.1098 8.71393 1.47805 1.08425 12.0589 18.2857 -12.4417 -0.340211 -1.08112 -8.60489 -7.58762 2.37695 13.5474 -10.0527 -17.0895
internal_weight=359800 273560 228182 86240 74432 29808 162032 18615 15247 45378 143417 137281 66150 63469 14745 44624 40143 17347
internal_count=359800 273560 228182 86240 74432 29808 162032 18615 15247 45378 143417 137281 66150 63469 14745 44624 40143 17347
is_linear=0
shrinkage=0.0229654


Tree=132
num_leaves=19
num_cat=0
split_feature=26 6 5 0 4 16 5 26 26 1 0 0 15 4 15 1 0 16
split_gain=2.44805e+10 9.66245e+09 9.21485e+09 9.96145e+09 7.73626e+09 7.03678e+09 7.01535e+09 6.03015e+09 5.3027e+09 5.19535e+09 4.66808e+09 3.76224e+09 3.66853e+09 3.58782e+09 4.73017e+09 3.56766e+09 3.08844e+09 2.96416e+09
threshold=8.9501302083333361 1.0000000180025095e-35 1.0000000180025095e-35 12.500000000000002 8.5000000000000018 0.43750000000000006 1.0000000180025095e-35 21.246223958333335 1.2430989583333336 11.500000000000002 41.500000000000007 32.500000000000007 11.531250000000004 1.5000000000000002 20.681250000000006 3.5000000000000004 14.500000000000002 545.81250000000011
decision_type=2 2 2 2 2 2 2 2 2 2 2 2 2 2 2 2 2 2
left_child=1 2 3 -1 6 12 7 13 -5 -4 -10 15 -6 -2 16 -8 -15 -18
right_child=4 -3 9 8 5 -7 11 -9 10 -11 -12 -13 -14 14 -16 -17 17 -19
leaf_value=-0.31537940763223671 30.090629616887643 -29.678285874219117 -9.064520144106929 46.215427562311028 3.1442731450991475 10.694140173380074 -5.7985229264545497 17.784904820615399 18.80358458319796 7.7965568075615401 3.2521686913817436 -5.3682038324161612 -13.025758373183434 -10.449655266991476 -21.88119648417323 -23.521234538437099 0.0223075369404191 -13.50613506019687
leaf_weight=22851 1487 3530 19158 3168 14257 28778 7991 6269 52530 19396 12627 15750 15385 31428 8903 23931 62466 9895
leaf_count=22851 1487 3530 19158 3168 14257 28778 7991 6269 52530 19396 12627 15750 15385 31428 8903 23931 62466 9895
internal_value=-2.35313e-09 7.81045 8.83053 12.8106 -4.59442 2.60497 -7.09614 -4.14479 17.2006 -0.581939 15.7898 -14.553 -5.24841 -5.34884 -5.81647 -19.0847 -4.43844 -1.82764
internal_weight=359800 133260 129730 91176 226540 58420 168120 120448 68325 38554 65157 47672 29642 114179 112692 31922 103789 72361
internal_count=359800 133260 129730 91176 226540 58420 168120 120448 68325 38554 65157 47672 29642 114179 112692 31922 103789 72361
is_linear=0
shrinkage=0.0229654


Tree=133
num_leaves=19
num_cat=0
split_feature=35 10 7 3 28 6 3 8 3 3 6 3 8 4 3 8 28 32
split_gain=2.44258e+10 9.82969e+09 6.45594e+09 5.9612e+09 5.09734e+09 4.7474e+09 5.7103e+09 6.30289e+09 7.12165e+09 4.53235e+09 3.72863e+09 3.57819e+09 3.40755e+09 3.34402e+09 3.17586e+09 2.98432e+09 2.93325e+09 3.16052e+09
threshold=24875.500000000004 0.6830127018922193 -0.94490267940017747 3.5000000000000004 0.34999999999999881 1.0000000180025095e-35 3.5000000000000004 1.0000000180025095e-35 1.0000000180025095e-35 5.5000000000000009 1.0000000180025095e-35 4.5000000000000009 -0.19467261866128607 1.5000000000000002 4.5000000000000009 0.44134171618254503 -1.2630747885835099 25.231250000000014
decision_type=2 2 2 2 2 2 2 2 2 2 2 2 2 2 2 2 2 2
left_child=5 3 -3 16 10 6 7 8 -1 11 14 -5 -13 -10 -4 -8 17 -2
right_child=1 2 4 9 -6 -7 15 -9 13 -11 -12 12 -14 -15 -16 -17 -18 -19
leaf_value=18.660686807306853 18.081746554626115 31.564776683169516 20.250872809536382 -1.3981113379380297 -0.18792980986394964 -27.58321912662317 -13.791599315207012 -6.718322469834999 97.861583692402633 8.9248199988011745 -28.624822609203488 -26.378084027520394 -6.1878967551538153 -2.5949686838440122 5.6079743059232046 -4.4601878408096942 3.3248561516630262 -6.2380773831459138
leaf_weight=13760 15975 8600 26775 20456 17260 5288 46448 54600 176 10768 1015 8176 9568 24960 11030 29592 51931 3422
leaf_count=13760 15975 8600 26775 20456 17260 5288 46448 54600 176 10768 1015 8176 9568 24960 11030 29592 51931 3422
internal_value=7.89175e-11 5.81716 13.037 1.93524 10.1957 -6.15496 -5.48659 -1.68559 5.37907 -4.23481 14.8124 -7.94431 -15.491 -1.89158 15.9787 -10.1602 6.1711 13.7913
internal_weight=359800 184976 64680 120296 56080 174824 169536 93496 38896 48968 38820 38200 17744 25136 37805 76040 71328 19397
internal_count=359800 184976 64680 120296 56080 174824 169536 93496 38896 48968 38820 38200 17744 25136 37805 76040 71328 19397
is_linear=0
shrinkage=0.0229654


Tree=134
num_leaves=19
num_cat=0
split_feature=25 7 7 5 6 5 8 6 8 14 15 14 36 4 13 4 7 16
split_gain=2.2857e+10 8.5404e+09 7.8932e+09 7.35351e+09 5.85069e+09 6.61009e+09 9.29127e+09 5.1755e+09 4.84612e+09 1.0008e+10 4.78222e+09 3.96496e+09 3.69403e+09 6.23436e+09 3.21793e+09 3.12504e+09 3.06488e+09 3.33e+09
threshold=8.9502604166666693 -0.79335334029123528 -0.82968937203783699 1.0000000180025095e-35 1.0000000180025095e-35 1.0000000180025095e-35 1.0000000180025095e-35 1.0000000180025095e-35 -0.32075123873380501 69.062500000000014 13.581250000000004 74.062500000000014 27900.500000000004 1.5000000000000002 19.231250000000006 1.5000000000000002 0.65793410509763428 315.81250000000006
decision_type=2 2 2 2 2 2 2 2 2 2 2 2 2 2 2 2 2 2
left_child=2 11 15 7 5 6 12 8 9 -3 14 -2 13 -4 -10 -1 17 -7
right_child=1 3 4 -5 -6 16 -8 -9 10 -11 -12 -13 -14 -15 -16 -17 -18 -19
leaf_value=32.613038522880501 0.48994796070887892 -10.176325601152628 81.904597008322725 -14.094100733086259 -27.86881087683037 3.9331020216126356 2.2705044306034519 -30.758161698116886 -4.7629644774020097 9.0712547916491335 -16.674448193270486 16.172267319736612 15.56304411871125 21.39947957231368 20.888525597607099 14.221769010773505 -13.995450389243642 -32.551806422712801
leaf_weight=6334 32650 23105 1239 50877 2838 20111 42051 3649 43215 37166 20046 11497 26755 3265 2743 21123 9724 1412
leaf_count=6334 32650 23105 1239 50877 2838 20111 42051 3649 43215 37166 20046 11497 26755 3265 2743 21123 9724 1412
internal_value=-2.97812e-09 -4.48168 7.47593 -6.69285 4.66658 5.54969 9.31954 -3.79459 -3.01542 1.69266 -7.31456 4.57402 18.8022 38.0438 -3.23196 18.4644 -3.29492 1.53954
internal_weight=359800 224948 134852 180801 107395 104557 73310 129924 126275 60271 66004 44147 31259 4504 45958 27457 31247 21523
internal_count=359800 224948 134852 180801 107395 104557 73310 129924 126275 60271 66004 44147 31259 4504 45958 27457 31247 21523
is_linear=0
shrinkage=0.0229654


Tree=135
num_leaves=19
num_cat=0
split_feature=35 15 3 26 15 26 7 3 14 7 35 3 7 3 14 7 15 3
split_gain=2.22398e+10 9.35588e+09 5.89641e+09 4.72953e+09 4.7127e+09 4.21729e+09 3.46574e+09 3.33952e+09 3.33416e+09 7.21229e+09 2.96475e+09 2.94632e+09 3.02817e+09 2.90095e+09 2.74307e+09 2.65757e+09 2.55052e+09 2.51479e+09
threshold=24875.500000000004 11.831250000000002 3.5000000000000004 0.78072916666666681 11.268750000000002 8.9501302083333361 -0.82968937203783699 5.5000000000000009 56.187500000000007 -0.13052619222005171 18096.500000000004 4.5000000000000009 0.55438071450436044 4.5000000000000009 67.312500000000014 0.32075123873380545 19.018750000000008 1.5000000000000002
decision_type=2 2 2 2 2 2 2 2 2 2 2 2 2 2 2 2 2 2
left_child=4 3 5 -2 10 -3 -5 13 16 14 -1 -8 -13 -4 -10 -9 -6 -12
right_child=1 2 7 6 8 -7 11 15 9 -11 17 12 -14 -15 -16 -17 -18 -19
leaf_value=-14.924298083071008 41.076886678986625 11.601530295707695 -2.8323214617992507 19.066834425819088 -15.012916908666096 -0.27659742607164589 10.890759409093359 10.981635791332145 -3.7603437334900502 -11.669417861157761 6.4425736727459713 5.9058412499907122 -16.081139935872553 -16.562354414465595 13.116884696968903 -18.250896205642963 -40.310444588802149 -3.0275014087145258
leaf_weight=8204 2767 31342 18026 18742 9745 31719 41137 8955 10884 60605 20572 10747 4770 14763 9523 2008 2680 52611
leaf_count=8204 2767 31342 18026 18742 9745 31719 41137 8955 10884 60605 20572 10747 4770 14763 9523 2008 2680 52611
internal_value=9.01974e-10 5.55075 1.13253 11.5884 -5.87308 5.62696 10.5062 -5.34542 -9.39214 -7.69319 -1.833 7.67424 -0.853062 -9.01417 4.11548 5.62736 -20.4694 -0.36543
internal_weight=359800 184976 106813 78163 174824 63061 75396 43752 93437 81012 81387 56654 15517 32789 20407 10963 12425 73183
internal_count=359800 184976 106813 78163 174824 63061 75396 43752 93437 81012 81387 56654 15517 32789 20407 10963 12425 73183
is_linear=0
shrinkage=0.0229654


Tree=136
num_leaves=19
num_cat=0
split_feature=26 6 3 15 4 26 3 13 13 3 36 14 4 13 28 23 6 36
split_gain=2.11895e+10 8.64122e+09 7.86367e+09 7.14795e+09 7.33908e+09 5.62299e+09 5.41767e+09 4.6147e+09 3.31349e+09 3.26757e+09 4.22771e+09 3.16494e+09 3.07066e+09 2.89065e+09 2.75156e+09 2.63577e+09 2.54254e+09 2.37331e+09
threshold=8.9501302083333361 1.0000000180025095e-35 4.5000000000000009 17.656250000000004 8.5000000000000018 2.7273437500000006 3.5000000000000004 -2.6937499999999992 20.781250000000004 5.5000000000000009 31661.500000000004 59.812500000000007 1.5000000000000002 18.406250000000004 0.026724137931034567 4.1750000000000043 1.0000000180025095e-35 25384.500000000004
decision_type=2 2 2 2 2 2 2 2 2 2 2 2 2 2 2 2 2 2
left_child=1 2 5 4 6 12 8 -5 -2 -4 -11 -9 -1 17 -7 -8 -10 -6
right_child=3 -3 9 7 13 14 15 11 16 10 -12 -13 -14 -15 -16 -17 -18 -19
leaf_value=41.061422132528477 -2.6930649290875479 -28.18581594074168 -7.0286538893259571 22.066182751376012 -0.36614496156847737 12.849244810894293 -8.2603280059573496 -28.469961626739483 15.665397422504359 0.18978510235527418 25.486164838865587 -11.627410945739994 15.832276456539152 43.710806073450648 3.8400496566810984 -21.718146337807873 -53.181955892087466 10.0372413791279
leaf_weight=4909 72556 3530 19629 1871 24371 54337 50136 7295 7497 14320 4605 30430 5282 1017 26648 9063 294 22010
leaf_count=4909 72556 3530 19629 1871 24371 54337 50136 7295 7497 14320 4605 30430 5282 1017 26648 9063 294 22010
internal_value=1.53072e-10 7.26652 8.23119 -4.27446 -2.39703 11.9079 -5.04895 -13.1383 -1.16482 -0.463867 6.34513 -14.8843 27.9851 5.41057 9.88478 -10.3206 13.0674 4.57076
internal_weight=359800 133260 129730 226540 186944 91176 139546 39596 80347 38554 18925 37725 10191 47398 80985 59199 7791 46381
internal_count=359800 133260 129730 226540 186944 91176 139546 39596 80347 38554 18925 37725 10191 47398 80985 59199 7791 46381
is_linear=0
shrinkage=0.0229654


Tree=137
num_leaves=19
num_cat=0
split_feature=35 15 35 14 15 16 23 5 31 7 6 28 16 4 30 8 22 35
split_gain=2.06997e+10 7.49033e+09 7.03599e+09 5.17165e+09 5.16354e+09 4.55344e+09 3.60709e+09 3.38677e+09 3.50564e+09 3.39532e+09 3.27047e+09 3.49798e+09 3.24387e+09 3.14515e+09 3.01493e+09 4.25227e+09 3.26875e+09 2.74564e+09
threshold=30377.500000000004 18.056250000000002 20943.500000000004 57.312500000000007 10.943750000000003 129.18750000000003 -1.0000000180025095e-35 1.0000000180025095e-35 276.95625000000007 0.55438071450436044 1.0000000180025095e-35 1.0000000180025095e-35 336.56250000000006 1.5000000000000002 376.93125000000003 1.0000000180025095e-35 8.6250434027777789 15369.500000000002
decision_type=2 2 2 2 2 2 2 2 2 2 2 2 2 2 2 2 2 2
left_child=1 2 17 -3 -2 13 -5 8 10 12 11 14 -9 -6 -4 16 -16 -1
right_child=4 3 7 6 5 -7 -8 9 -10 -11 -12 -13 -14 -15 15 -17 -18 -19
leaf_value=-41.750321655091291 17.576863281048656 -31.350345597974396 -1.4838720212461689 -17.233145541210618 18.748072825342629 -9.1328825954688604 -3.0570126800729378 3.7860311823551265 24.368873537148644 -13.216680225991805 -20.001590597762718 -0.76998218987298439 -14.257969216359438 4.9824825792988072 33.732322789159902 4.677130625677286 11.859419136086355 -7.017901893014721
leaf_weight=1223 30372 6009 14566 15369 12057 9050 24649 25948 4023 14541 3292 56253 6589 31953 5832 23717 9430 64927
leaf_count=1223 30372 6009 14566 15369 12057 9050 24649 25948 4023 14541 3292 56253 6589 31953 5832 23717 9430 64927
internal_value=-2.41817e-09 -3.02655 -1.3365 -11.4844 10.0254 5.70294 -8.50139 1.21116 3.30238 -3.99103 2.55297 3.22921 0.131978 8.75371 7.43066 10.7619 20.2176 -7.66004
internal_weight=359800 276368 230341 46027 83432 53060 40018 164191 117113 47078 113090 109798 32537 44010 53545 38979 15262 66150
internal_count=359800 276368 230341 46027 83432 53060 40018 164191 117113 47078 113090 109798 32537 44010 53545 38979 15262 66150
is_linear=0
shrinkage=0.0229654


Tree=138
num_leaves=19
num_cat=0
split_feature=25 7 7 3 6 3 8 6 8 14 3 13 14 3 4 8 17 7
split_gain=1.97904e+10 7.93869e+09 7.17813e+09 6.57659e+09 5.19177e+09 5.63345e+09 8.45954e+09 4.79093e+09 4.47029e+09 9.2349e+09 6.12656e+09 4.33485e+09 3.55959e+09 3.29834e+09 2.81501e+09 2.78174e+09 2.88987e+09 3.17927e+09
threshold=8.9502604166666693 -0.79335334029123528 -0.82968937203783699 4.5000000000000009 1.0000000180025095e-35 4.5000000000000009 -1.0000000180025095e-35 1.0000000180025095e-35 -0.32075123873380501 72.312500000000014 1.0000000180025095e-35 18.868750000000006 67.312500000000014 1.0000000180025095e-35 1.5000000000000002 0.60876142900872032 74.437500000000014 0.65793410509763428
decision_type=2 2 2 2 2 2 2 2 2 2 2 2 2 2 2 2 2 2
left_child=2 12 14 7 5 6 13 8 9 -3 -11 -10 -2 -4 -1 16 -5 -18
right_child=1 3 4 15 -6 -7 -8 -9 11 10 -12 -13 -14 -15 -16 -17 17 -19
leaf_value=30.863784596795625 -0.70304023101208446 -8.0216709857016895 32.422875440168617 -22.9412854938907 -26.371266255395554 -3.055917809554443 1.8632962304841219 -29.503661050529168 -8.3531416197453474 31.048044288313026 5.2904777679987234 17.581096687300228 12.639636474466895 13.873781790864028 13.408608962057595 -5.6213778480540322 0.12734071046731099 -21.165884558482841
leaf_weight=6334 26731 27749 6343 19235 2838 31247 42051 3649 62409 5964 26558 3595 17416 24916 21123 16706 8199 6737
leaf_count=6334 26731 27749 6343 19235 2838 31247 42051 3649 62409 5964 26558 3595 17416 24916 21123 16706 8199 6737
internal_value=-1.27667e-09 -4.17022 6.95638 -6.30207 4.2773 5.1092 8.58943 -3.56119 -2.81153 1.7103 10.014 -6.9406 4.56065 17.6377 17.4353 -13.3014 -17.0562 -9.47714
internal_weight=359800 224948 134852 180801 107395 104557 73310 129924 126275 60271 32522 66004 44147 31259 27457 50877 34171 14936
internal_count=359800 224948 134852 180801 107395 104557 73310 129924 126275 60271 32522 66004 44147 31259 27457 50877 34171 14936
is_linear=0
shrinkage=0.0229654


Tree=139
num_leaves=19
num_cat=0
split_feature=35 10 7 28 6 5 8 31 5 8 6 28 26 10 14 0 1 14
split_gain=1.89233e+10 8.27276e+09 5.65663e+09 4.51112e+09 3.9872e+09 4.17578e+09 4.24697e+09 5.7861e+09 3.96571e+09 3.30784e+09 3.15809e+09 3.0737e+09 3.02638e+09 2.85428e+09 2.58377e+09 3.19628e+09 2.50231e+09 3.48639e+09
threshold=24875.500000000004 0.6830127018922193 -0.94490267940017747 0.43068181818181822 1.0000000180025095e-35 1.0000000180025095e-35 0.13052619222005152 1.0000000180025095e-35 1.0000000180025095e-35 -0.19467261866128607 1.0000000180025095e-35 -1.1085582386363624 20.899348958333338 -0.5 61.562500000000007 13.500000000000002 15.500000000000002 60.187500000000007
decision_type=2 2 2 2 2 2 2 2 2 2 2 2 2 2 2 2 2 2
left_child=4 8 -3 10 5 6 7 14 11 -10 -4 13 -13 -2 -1 -16 17 -7
right_child=1 2 3 -5 -6 16 -8 -9 9 -11 -12 12 -14 -15 15 -17 -18 -19
leaf_value=-2.4290066691796941 -3.635455569852458 29.086534896303071 14.407249232607215 -0.88154947367912873 -25.055291280262509 -28.301207370933078 -6.3323108129469059 -2.48507145745406 -14.854220741958063 0.9281485900382126 -26.420757231154013 0.23959157403394138 27.542497594246509 14.380240943270495 3.7980725713155921 28.483839297121406 -0.28561990303130846 -9.8058347005449757
leaf_weight=3738 5953 8600 38268 16786 5288 6257 62144 36082 12376 16136 1026 62615 2217 20999 4362 7562 11248 38143
leaf_count=3738 5953 8600 38268 16786 5288 6257 62144 36082 12376 16136 1026 62615 2217 20999 4362 7562 11248 38143
internal_value=-8.88288e-10 5.12017 11.7436 9.08401 -5.4175 -4.80498 -2.28557 2.57452 1.55893 -5.92239 13.3412 3.88295 1.17324 10.401 14.2308 19.4534 -9.96114 -12.4123
internal_weight=359800 184976 64680 56080 174824 169536 113888 51744 120296 28512 39294 91784 64832 26952 15662 11924 55648 44400
internal_count=359800 184976 64680 56080 174824 169536 113888 51744 120296 28512 39294 91784 64832 26952 15662 11924 55648 44400
is_linear=0
shrinkage=0.0229654


Tree=140
num_leaves=19
num_cat=0
split_feature=25 7 26 15 6 7 14 0 14 16 14 4 14 0 15 21 15 15
split_gain=1.83148e+10 7.42598e+09 6.6712e+09 6.56429e+09 5.79656e+09 5.64824e+09 3.55232e+09 5.1997e+09 3.38148e+09 3.3686e+09 3.69262e+09 3.31705e+09 3.22413e+09 4.379e+09 2.7816e+09 2.55094e+09 2.08546e+09 2.02157e+09
threshold=8.9502604166666693 -0.79335334029123528 1.9851562500000004 11.331250000000002 1.0000000180025095e-35 -0.82968937203783699 54.812500000000007 16.500000000000004 74.062500000000014 0.56250000000000011 74.562500000000014 8.5000000000000018 74.687500000000014 42.500000000000007 19.593750000000004 19.611848958333336 19.018750000000008 9.6562500000000036
decision_type=2 2 2 2 2 2 2 2 2 2 2 2 2 2 2 2 2 2
left_child=2 8 -1 11 5 -4 16 -8 14 17 -11 15 -9 -14 -2 -3 -5 -7
right_child=1 3 4 6 -6 9 7 12 -10 10 -12 -13 13 -15 -16 -17 -18 -19
leaf_value=26.726316459482621 3.375040055939297 -5.7777126171073991 15.89153579204913 -20.117347994037079 -24.258341229354404 6.2584577884941588 -16.312026557725662 -10.297912419053324 15.143395571822268 -2.258826491410538 14.343699985967781 6.8211970398030406 6.014028053038305 -14.340106465977556 -15.893879364257744 7.2306913580285981 -52.891418903689569 -2.3626722742123349
leaf_weight=8231 28051 55716 25241 5663 3385 21806 32300 28128 11497 9962 24299 19771 21126 7573 4599 9274 1250 41928
leaf_count=8231 28051 55716 25241 5663 3385 21806 32300 28128 11497 9962 24299 19771 21126 7573 4599 9274 1250 41928
internal_value=-8.39574e-10 -4.01174 6.69203 -6.07361 5.3897 6.20406 -10.1845 -8.95445 4.43249 3.70881 9.51622 -1.41565 -4.77247 0.643044 0.660867 -3.92143 -26.0435 0.586968
internal_weight=359800 224948 134852 180801 126621 123236 96040 89127 44147 97995 34261 84761 56827 28699 32650 64990 6913 63734
internal_count=359800 224948 134852 180801 126621 123236 96040 89127 44147 97995 34261 84761 56827 28699 32650 64990 6913 63734
is_linear=0
shrinkage=0.0229654


Tree=141
num_leaves=19
num_cat=0
split_feature=35 15 4 28 15 15 14 16 35 3 17 3 35 14 22 16 22 13
split_gain=1.72816e+10 8.37671e+09 5.33453e+09 4.50499e+09 4.2858e+09 3.80738e+09 3.63524e+09 3.20487e+09 3.01144e+09 2.87628e+09 2.87002e+09 2.77851e+09 2.50382e+09 2.37388e+09 2.26672e+09 2.20079e+09 2.30496e+09 1.93799e+09
threshold=24875.500000000004 12.331250000000004 1.5000000000000002 -5.0299502899751438 16.118750000000006 20.356250000000006 52.812500000000007 25.687500000000004 18096.500000000004 1.0000000180025095e-35 86.187500000000014 1.5000000000000002 34061.000000000007 60.187500000000007 7.8970052083333337 1.0000000180025095e-35 12.253776041666669 3.443750000000001
decision_type=2 2 2 2 2 2 2 2 2 2 2 2 2 2 2 2 2 2
left_child=4 3 14 -2 8 9 -6 17 -1 -4 -9 15 -5 -7 -3 -10 -17 -8
right_child=1 2 5 12 6 13 7 10 11 -11 -12 -13 -14 -15 -16 16 -18 -19
leaf_value=-13.082447623147477 29.091732623548189 5.7097434382224925 14.668679616609944 6.406369386823207 -34.594453608824139 -34.996492960527618 -5.9511747151429617 -8.5634519551756068 -1.506557154691416 -0.99325031541383146 11.905239439124221 -4.2489688125070835 15.978779183295082 -8.2902385391814519 23.269936473661105 23.795240382176651 4.0967744382558289 -21.796522855553665
leaf_weight=14615 6179 10270 6919 59488 3385 1962 6133 12772 19913 58239 5038 86247 19019 16672 6228 4549 10064 12108
leaf_count=14615 6179 10270 6919 59488 3385 1962 6133 12772 19913 58239 5038 86247 19019 16672 6228 4549 10064 12108
internal_value=-1.14767e-09 4.89303 0.402163 10.2114 -5.17717 -1.94805 -11.8396 -9.70305 -3.23652 0.669859 -2.77338 -2.04505 8.72537 -11.1022 12.3387 3.46042 10.2289 -16.469
internal_weight=359800 184976 100290 84686 174824 83792 39436 36051 135388 65158 17810 120773 78507 18634 16498 34526 14613 18241
internal_count=359800 184976 100290 84686 174824 83792 39436 36051 135388 65158 17810 120773 78507 18634 16498 34526 14613 18241
is_linear=0
shrinkage=0.0229654


Tree=142
num_leaves=19
num_cat=0
split_feature=25 6 7 15 7 28 14 7 28 17 10 15 14 1 14 15 0 21
split_gain=1.70506e+10 7.3872e+09 7.12382e+09 6.86068e+09 6.34699e+09 5.77317e+09 3.37252e+09 4.48343e+09 3.16791e+09 2.94542e+09 2.88475e+09 2.80456e+09 2.79928e+09 2.54868e+09 2.48409e+09 2.24071e+09 2.0857e+09 2.04018e+09
threshold=9.9877604166666689 1.0000000180025095e-35 -0.89495246814786256 20.681250000000006 -0.79335334029123528 0.026724137931034567 52.812500000000007 0.82968937203783699 -5.5024404761904746 82.187500000000014 0.6830127018922193 14.306250000000004 60.187500000000007 5.5000000000000009 67.312500000000014 9.8562500000000028 16.500000000000004 19.611848958333336
decision_type=2 2 2 2 2 2 2 2 2 2 2 2 2 2 2 2 2 2
left_child=1 2 10 4 14 8 -6 9 -4 17 -1 -7 -5 -10 -2 -9 -14 -8
right_child=3 -3 5 12 6 11 7 15 13 -11 -12 -13 16 -15 -16 -17 -18 -19
leaf_value=11.02187323543934 1.2228059277890431 -23.175887149299509 21.920219278237951 -39.907960293382203 -18.929889361918924 2.8885109860560765 -5.909370818263449 -5.559807815508524 0.15336146816400595 3.8799670428067934 26.943877726857192 -9.1782988833128236 -31.871255794089738 8.883045742171312 14.275221058089661 -16.679272027921858 -9.6506675205942418 6.6431247159115792
leaf_weight=14194 22490 4582 7390 2788 8980 21177 62346 19117 25331 31954 10398 19524 2857 58085 11686 19115 10117 7669
leaf_count=14194 22490 4582 7390 2788 8980 21177 62346 19117 25331 31954 10398 19524 2857 58085 11686 19115 10117 7669
internal_value=2.5278e-10 5.56528 6.40892 -4.49096 -3.24111 4.28737 -5.2862 -4.41231 7.50883 -1.89763 17.754 -2.89986 -19.0303 6.2321 5.68589 -11.1192 -14.5439 -4.53445
internal_weight=359800 160681 156099 199119 183357 131507 149181 140201 90806 101969 24592 40701 15762 83416 34176 38232 12974 70015
internal_count=359800 160681 156099 199119 183357 131507 149181 140201 90806 101969 24592 40701 15762 83416 34176 38232 12974 70015
is_linear=0
shrinkage=0.0229654


Tree=143
num_leaves=19
num_cat=0
split_feature=35 15 35 3 15 3 8 16 16 23 30 28 13 35 16 10 28 0
split_gain=1.59081e+10 6.69088e+09 5.59315e+09 4.8197e+09 5.21153e+09 3.72014e+09 6.91884e+09 3.43567e+09 2.95466e+09 2.72501e+09 2.58229e+09 2.55656e+09 2.78488e+09 2.55161e+09 2.28318e+09 2.15276e+09 2.85678e+09 2.00312e+09
threshold=30149.500000000004 18.056250000000002 20943.500000000004 1.0000000180025095e-35 10.943750000000003 1.0000000180025095e-35 0.13052619222005152 129.18750000000003 500.56250000000006 -1.0000000180025095e-35 273.96875000000006 -4.683692002442001 20.531250000000004 41270.500000000007 265.31250000000006 -0.5 1.4716750841750843 37.500000000000007
decision_type=2 2 2 2 2 2 2 2 2 2 2 2 2 2 2 2 2 2
left_child=1 2 10 -2 -5 6 14 13 9 -3 -1 -7 15 -6 -4 -13 -17 -8
right_child=3 8 5 4 7 11 17 -9 -10 -11 -12 12 -14 -15 -16 16 -18 -19
leaf_value=-10.880393340827361 25.616560641776157 -16.082993139906872 35.257767692947645 14.618192553859579 3.7985465540462493 14.437226654233729 -15.831078768235674 -10.645483883132142 -26.992745422205147 -3.8330350423385622 -1.7680312300088896 -5.2608966521643934 11.106455390957956 29.47950988201184 8.299227020128976 3.5362211296189261 -6.4603887683856698 5.5529710430568606
leaf_weight=36071 7968 15782 5523 28879 38409 6136 3368 8829 5235 24361 30079 51225 9764 2155 2367 55606 20686 7357
leaf_count=36071 7968 15782 5523 28879 38409 6136 3368 8829 5235 24361 30079 51225 9764 2155 2367 55606 20686 7357
internal_value=3.17094e-09 -2.71132 -1.10966 8.60053 6.86831 1.18769 10.8465 2.33713 -10.7652 -8.64904 -6.73692 -0.0659871 -0.714232 5.16287 27.1702 -1.61934 0.825716 -1.16232
internal_weight=359800 273560 228182 86240 78272 162032 18615 49393 45378 40143 66150 143417 137281 40564 7890 127517 76292 10725
internal_count=359800 273560 228182 86240 78272 162032 18615 49393 45378 40143 66150 143417 137281 40564 7890 127517 76292 10725
is_linear=0
shrinkage=0.0229654


Tree=144
num_leaves=19
num_cat=0
split_feature=26 7 6 3 8 3 7 3 3 16 21 8 26 6 16 8 3 4
split_gain=1.57368e+10 7.05729e+09 6.99549e+09 6.75051e+09 7.47213e+09 5.16944e+09 4.61673e+09 4.5943e+09 4.38528e+09 4.20489e+09 3.6224e+09 3.25134e+09 3.15925e+09 3.14434e+09 2.76966e+09 5.2196e+09 4.50901e+09 2.46975e+09
threshold=8.9501302083333361 -0.79335334029123528 1.0000000180025095e-35 4.5000000000000009 0.25881904510252057 4.5000000000000009 0.25881904510252096 5.5000000000000009 1.0000000180025095e-35 171.81250000000003 22.154166666666672 0.60876142900872032 2.8817708333333338 1.0000000180025095e-35 551.31250000000011 -0.32075123873380501 1.0000000180025095e-35 8.5000000000000018
decision_type=2 2 2 2 2 2 2 2 2 2 2 2 2 2 2 2 2 2
left_child=2 -2 3 4 8 10 7 9 -1 -5 13 17 -10 14 15 16 -3 -7
right_child=1 5 -4 6 -6 11 -8 -9 12 -11 -12 -13 -14 -15 -16 -17 -18 -19
leaf_value=29.084196942673913 4.2106931385065387 19.078817116936779 -25.636032593061838 2.166397366777951 2.7486271990449844 -20.123083457973749 -10.39168682514984 16.207833469991627 28.895738713661945 -33.62613283632539 22.074016416233121 -4.3412273977923013 10.308121697045982 -25.200325607956568 -15.600726584012451 -6.3659756881982403 0.30350999113310922 -5.4958358304395052
leaf_weight=10890 47264 8229 3530 9300 37938 23933 15940 11187 5550 2127 2897 18630 36798 3552 8921 67512 37437 8165
leaf_count=10890 47264 8229 3530 9300 37938 23933 15940 11187 5550 2127 2897 18630 36798 3552 8921 67512 37437 8165
internal_value=1.66407e-09 -3.68366 6.26217 7.13013 10.5367 -5.76492 -0.926019 5.74608 16.0866 -4.49596 -3.31514 -11.9728 12.7442 -3.90051 -3.28088 -2.30979 3.68681 -16.4022
internal_weight=359800 226540 133260 129730 91176 179276 38554 22614 53238 11427 128548 50728 42348 125651 122099 113178 45666 32098
internal_count=359800 226540 133260 129730 91176 179276 38554 22614 53238 11427 128548 50728 42348 125651 122099 113178 45666 32098
is_linear=0
shrinkage=0.0229654


Tree=145
num_leaves=19
num_cat=0
split_feature=26 15 4 26 1 3 3 1 4 3 8 3 13 14 1 14 8 17
split_gain=1.50223e+10 6.11158e+09 5.92734e+09 5.85203e+09 5.2491e+09 4.51924e+09 4.29631e+09 4.09853e+09 3.88695e+09 3.54309e+09 3.40144e+09 3.34233e+09 2.90252e+09 2.8876e+09 2.87189e+09 4.09866e+09 2.83244e+09 2.3358e+09
threshold=8.9501302083333361 17.306250000000002 8.5000000000000018 1.9851562500000004 7.5000000000000009 3.5000000000000004 3.5000000000000004 7.5000000000000009 1.5000000000000002 5.5000000000000009 0.65793410509763406 5.5000000000000009 20.781250000000004 68.062500000000014 7.5000000000000009 60.187500000000007 0.065263096110025676 72.687500000000014
decision_type=2 2 2 2 2 2 2 2 2 2 2 2 2 2 2 2 2 2
left_child=3 2 5 -1 -5 12 10 -4 -3 13 -6 -9 -2 -8 -10 -16 17 -7
right_child=1 8 7 4 6 16 9 11 14 -11 -12 -13 -14 -15 15 -17 -18 -19
leaf_value=24.875066381654168 -2.0488288930989857 22.45123105061953 -3.8749840624852383 -1.7660039176271349 16.171741880330892 -19.407504320459591 -19.765893350886547 7.3153270426604191 -25.708383662154983 12.451170964451029 1.043235678179407 29.610132552046409 12.779452973968116 0.97358885797692796 -24.064539762838322 -5.4163298290336162 -4.0075426665137241 -6.0353967718526764
leaf_weight=8231 71258 1717 16517 41719 36154 17497 4279 25863 7461 12348 10008 4110 7716 20521 8220 25498 29319 11364
leaf_count=8231 71258 1717 16517 41719 36154 17497 4279 25863 7461 12348 10008 4110 7716 20521 8220 25498 29319 11364
internal_value=2.14082e-10 -3.59907 -1.77602 6.11836 4.88355 -4.17812 8.21344 5.31062 -11.4038 2.3998 12.8919 10.3725 -0.600061 -2.60481 -12.8154 -9.96252 -9.035 -14.1422
internal_weight=359800 226540 183644 133260 125029 137154 83310 46490 42896 37148 46162 29973 78974 24800 41179 33718 58180 28861
internal_count=359800 226540 183644 133260 125029 137154 83310 46490 42896 37148 46162 29973 78974 24800 41179 33718 58180 28861
is_linear=0
shrinkage=0.0229654


Tree=146
num_leaves=19
num_cat=0
split_feature=26 26 4 3 16 3 8 3 13 30 28 8 31 3 16 17 35 35
split_gain=1.43403e+10 5.60043e+09 5.56368e+09 5.77408e+09 5.36743e+09 4.46786e+09 5.33238e+09 3.9356e+09 3.54642e+09 3.72574e+09 4.70171e+09 3.24216e+09 2.97356e+09 2.81721e+09 3.95301e+09 2.81222e+09 2.79898e+09 2.73101e+09
threshold=8.9501302083333361 0.78072916666666681 8.5000000000000018 3.5000000000000004 0.43750000000000006 4.5000000000000009 0.25881904510252057 1.0000000180025095e-35 17.306250000000006 301.58125000000013 1.0000000180025095e-35 -0.19467261866128607 94.631250000000009 5.5000000000000009 169.31250000000003 74.937500000000014 39830.500000000007 34227.000000000007
decision_type=2 2 2 2 2 2 2 2 2 2 2 2 2 2 2 2 2 2
left_child=1 -1 3 8 -4 6 7 -3 9 -2 -11 15 -6 14 -7 -5 -9 -15
right_child=2 5 4 11 12 13 -8 16 -10 10 -12 -13 -14 17 -16 -17 -18 -19
leaf_value=32.77899962478871 -10.046123164469073 24.750972315990314 -4.2699279894134996 -21.535066345573259 8.1185544568357226 -3.5532423662962551 1.3299634837027006 7.2552729254622905 6.48055389950704 9.0004851927681084 -6.3938565676365338 -6.2670758464931584 45.15131298448344 1.2874342591422252 -33.998386706499474 -7.3930199070616123 25.760568330455087 26.613787841507886
leaf_weight=3989 33106 11081 29642 19336 27585 16471 38193 37541 20606 18343 24359 40340 1193 15895 2605 12030 4870 2615
leaf_count=3989 33106 11081 29642 19336 27585 16471 38193 37541 20606 18343 24359 40340 1193 15895 2605 12030 4870 2615
internal_value=-9.29211e-10 5.97785 -3.51641 -5.63796 2.58895 5.15083 7.88444 12.5643 -1.96756 -4.26392 0.218911 -10.5731 9.65376 -1.51738 -7.7108 -16.1111 9.38021 4.86541
internal_weight=359800 133260 226540 168120 58420 129271 91685 53492 96414 75808 42702 71706 28778 37586 19076 31366 42411 18510
internal_count=359800 133260 226540 168120 58420 129271 91685 53492 96414 75808 42702 71706 28778 37586 19076 31366 42411 18510
is_linear=0
shrinkage=0.0229654


Tree=147
num_leaves=19
num_cat=0
split_feature=35 15 3 13 15 28 7 14 7 3 17 35 8 3 7 3 7 7
split_gain=1.36451e+10 7.54074e+09 4.69154e+09 4.10301e+09 3.92916e+09 3.80834e+09 3.176e+09 2.73884e+09 6.47458e+09 2.61047e+09 2.49036e+09 2.47569e+09 2.3799e+09 2.27337e+09 2.55855e+09 2.25501e+09 2.18216e+09 2.05977e+09
threshold=24875.500000000004 12.331250000000004 3.5000000000000004 3.443750000000001 11.268750000000002 -5.5024404761904746 -0.7502300607388912 55.812500000000007 -0.13052619222005171 5.5000000000000009 98.687500000000014 17399.500000000004 0.60876142900872032 4.5000000000000009 0.65793410509763428 4.5000000000000009 -0.13052619222005171 -0.79335334029123528
decision_type=2 2 2 2 2 2 2 2 2 2 2 2 2 2 2 2 2 2
left_child=4 5 3 12 11 -2 -7 -6 10 15 -9 -1 -3 -8 -15 -4 -11 -5
right_child=1 2 9 17 7 6 13 8 -10 16 -12 -13 -14 14 -16 -17 -18 -19
leaf_value=-16.664526480484948 28.7231665061909 16.396103572869137 -3.6260162901691011 5.9884787483100332 -18.047552012116089 14.988636225295407 7.9462216029120958 2.4405436232154898 -10.092449666132662 10.960216145878025 31.978099450343066 0.10705006982682827 -1.4857999526684751 3.0774591238942275 -18.579204510116615 -16.123301090649868 -12.185143857330701 -4.9360607345782253
leaf_weight=4942 5055 16590 17007 15615 12018 24789 39888 19133 60652 7273 1634 76445 5142 11066 3888 13789 3049 21825
leaf_count=4942 5055 16590 17007 15615 12018 24789 39888 19133 60652 7273 1634 76445 5142 11066 3888 13789 3049 21825
internal_value=-8.31988e-10 4.34785 0.0869602 4.22754 -4.60033 9.39384 8.16681 -7.81356 -6.30295 -5.87165 4.76463 -0.911357 12.1651 5.0833 -2.55322 -9.22171 4.12334 -0.379792
internal_weight=359800 184976 100290 59172 174824 84686 79631 93437 81419 41118 20767 81387 21732 54842 14954 30796 10322 37440
internal_count=359800 184976 100290 59172 174824 84686 79631 93437 81419 41118 20767 81387 21732 54842 14954 30796 10322 37440
is_linear=0
shrinkage=0.0229654


Tree=148
num_leaves=19
num_cat=0
split_feature=26 6 7 7 3 8 3 3 31 14 8 14 8 7 3 14 36 22
split_gain=1.33918e+10 6.6806e+09 6.40391e+09 5.99999e+09 5.53846e+09 6.10147e+09 4.66803e+09 4.1756e+09 3.3755e+09 3.23887e+09 4.29584e+09 4.86499e+09 2.98317e+09 2.85966e+09 2.78272e+09 2.76817e+09 2.41533e+09 2.41739e+09
threshold=8.9501302083333361 1.0000000180025095e-35 -0.79335334029123528 -0.89495246814786256 4.5000000000000009 1.0000000180025095e-35 4.5000000000000009 1.0000000180025095e-35 308.81875000000002 53.812500000000007 -0.32075123873380501 74.312500000000014 0.60876142900872032 0.55438071450436044 1.0000000180025095e-35 61.312500000000007 27994.500000000004 7.3148003472222225
decision_type=2 2 2 2 2 2 2 2 2 2 2 2 2 2 2 2 2 2
left_child=1 3 15 -1 5 7 8 -5 9 -4 11 -11 -8 -6 -13 -2 17 -9
right_child=2 -3 6 4 13 -7 12 16 -10 10 -12 14 -14 -15 -16 -17 -18 -19
leaf_value=18.600803521051173 -1.8557858345763225 -25.395241904213471 -18.459944463669586 29.451091820142295 1.7934489437426322 1.6389637667537911 -15.522681962865896 43.516509308569645 20.287232450634612 -5.3990606236891487 -6.4855522682476288 24.122713220229762 -3.9697642191849924 -12.294674078748843 5.3954601066060066 9.2893739715025667 7.5398672660432018 12.44233237666511
leaf_weight=18857 21914 3530 7329 7819 20938 39875 32098 2128 3187 22955 67982 5172 18630 11928 21923 25350 24706 3479
leaf_count=18857 21914 3530 7329 7819 20938 39875 32098 2128 3187 22955 67982 5172 18630 11928 21923 25350 24706 3479
internal_value=1.6197e-09 5.77677 -3.39813 6.62497 4.58815 7.91982 -5.3807 14.4878 -3.05276 -3.64612 -2.72629 2.37986 -11.2798 -3.31953 8.97019 4.12191 10.6281 24.2358
internal_weight=359800 133260 226540 129730 110873 78007 179276 38132 128548 125361 118032 50050 50728 32866 27095 47264 30313 5607
internal_count=359800 133260 226540 129730 110873 78007 179276 38132 128548 125361 118032 50050 50728 32866 27095 47264 30313 5607
is_linear=0
shrinkage=0.0229654


Tree=149
num_leaves=19
num_cat=0
split_feature=26 6 7 7 14 7 26 8 14 35 8 14 4 8 26 14 35 26
split_gain=1.27837e+10 6.37728e+09 6.11315e+09 5.74959e+09 3.77531e+09 4.04819e+09 3.16867e+09 2.91471e+09 4.12675e+09 2.82725e+09 2.65813e+09 2.64375e+09 2.47698e+09 2.56485e+09 2.43914e+09 2.42501e+09 2.3945e+09 2.37025e+09
threshold=8.9501302083333361 1.0000000180025095e-35 -0.79335334029123528 -0.82968937203783699 54.812500000000007 0.82968937203783699 1.9851562500000004 -0.5 68.062500000000014 28882.500000000004 0.65793410509763406 61.062500000000007 8.5000000000000018 -1.0000000180025095e-35 21.610286458333338 72.062500000000014 26555.000000000004 1.6664062500000003
decision_type=2 2 2 2 2 2 2 2 2 2 2 2 2 2 2 2 2 2
left_child=1 3 11 17 10 12 -5 8 -8 -10 -4 -2 14 15 -6 -14 -17 -1
right_child=2 -3 4 6 5 -7 7 -9 9 -11 -12 -13 13 -15 -16 16 -18 -19
leaf_value=47.642171323303778 -1.884370952868218 -24.812029780625046 -22.530823422330609 19.608448422313053 -4.9699412537953478 -10.465458986938131 -8.3244868961698284 0.0083763400055808651 25.494947369303219 8.1766629040972401 4.1583621206070713 9.0176062804159471 -7.4005024523258474 -3.4137925844477235 16.325021885860792 26.856275055521039 6.7266107908046662 14.896579609141765
leaf_weight=1228 21635 3530 10177 6562 86501 42421 6652 60809 6190 25260 2440 25629 3730 17046 2933 4674 9354 23029
leaf_count=1228 21635 3530 10177 6562 86501 42421 6652 60809 6190 25260 2440 25629 3730 17046 2933 4674 9354 23029
internal_value=-7.15366e-10 5.6441 -3.32009 6.47283 -5.25713 -4.34016 4.15426 3.12899 8.10933 11.5853 -17.3694 4.02725 -2.24868 2.94942 -4.27157 9.0575 13.4336 16.5543
internal_weight=359800 133260 226540 129730 179276 166659 105473 98911 38102 31450 12617 47264 124238 34804 89434 17758 14028 24257
internal_count=359800 133260 226540 129730 179276 166659 105473 98911 38102 31450 12617 47264 124238 34804 89434 17758 14028 24257
is_linear=0
shrinkage=0.0229654


Tree=150
num_leaves=19
num_cat=0
split_feature=25 15 6 7 4 5 8 5 31 1 8 36 4 7 6 31 35 16
split_gain=1.25527e+10 6.28509e+09 6.17697e+09 5.64872e+09 5.55156e+09 5.13829e+09 7.078e+09 4.48022e+09 4.61019e+09 3.86148e+09 3.0692e+09 2.774e+09 7.45786e+09 2.73487e+09 2.63279e+09 2.61384e+09 2.45071e+09 2.36415e+09
threshold=9.9877604166666689 20.681250000000006 1.0000000180025095e-35 -0.89495246814786256 8.5000000000000018 1.0000000180025095e-35 1.0000000180025095e-35 1.0000000180025095e-35 276.95625000000007 7.5000000000000009 0.065263096110025676 27994.500000000004 1.5000000000000002 0.55438071450436044 1.0000000180025095e-35 95.793750000000031 42681.500000000007 292.93750000000006
decision_type=2 2 2 2 2 2 2 2 2 2 2 2 2 2 2 2 2 2
left_child=2 4 3 16 7 6 11 8 14 -6 -9 12 -5 17 -2 -11 -1 -7
right_child=1 -3 -4 5 9 13 -8 10 -10 15 -12 -13 -14 -15 -16 -17 -18 -19
leaf_value=14.069850381209307 -2.8218623396819682 -17.769417727720519 -21.5064832446586 75.571189061130184 -4.9108391477681046 3.340650938697225 1.1010831078807977 -17.191399075634383 17.660548731964269 7.7890955134905919 -4.3815011152374188 11.159452158998015 15.353233234662696 -11.753042876244489 -24.344945186949129 41.221859809349262 48.931192307892637 -20.318746247279112
leaf_weight=23478 89783 15762 4582 1351 15499 23118 52871 21930 5744 28080 17930 32821 5503 13378 3101 1290 1114 2465
leaf_count=23478 89783 15762 4582 1351 15499 23118 52871 21930 5744 28080 17930 32821 5503 13378 3101 1290 1114 2465
internal_value=1.37982e-09 -3.85335 4.77515 5.54659 -2.65708 3.65742 6.60283 -4.93165 -2.3057 4.36339 -11.4292 13.9345 27.2229 -3.33895 -3.54043 9.25754 15.649 1.061
internal_weight=359800 199119 160681 156099 183357 131507 92546 138488 98628 44869 39860 39675 6854 38961 92884 29370 24592 25583
internal_count=359800 199119 160681 156099 183357 131507 92546 138488 98628 44869 39860 39675 6854 38961 92884 29370 24592 25583
is_linear=0
shrinkage=0.0229654


Tree=151
num_leaves=19
num_cat=0
split_feature=25 15 28 4 26 26 3 7 3 8 1 3 3 14 0 0 15 14
split_gain=1.19828e+10 6.00515e+09 5.5191e+09 4.95592e+09 4.65476e+09 4.26547e+09 3.98816e+09 3.80853e+09 3.95788e+09 4.64554e+09 3.40752e+09 3.15314e+09 2.8184e+09 2.69658e+09 2.79282e+09 2.60258e+09 2.46305e+09 2.42944e+09
threshold=9.9877604166666689 19.018750000000008 0.58981812169312164 8.5000000000000018 21.610286458333338 0.78072916666666681 3.5000000000000004 -0.13052619222005171 4.5000000000000009 1.0000000180025095e-35 7.5000000000000009 5.5000000000000009 1.0000000180025095e-35 60.187500000000007 16.500000000000004 14.500000000000002 17.756250000000005 59.437500000000007
decision_type=2 2 2 2 2 2 2 2 2 2 2 2 2 2 2 2 2 2
left_child=2 3 5 4 6 -1 15 17 9 12 -5 -12 -9 -3 -15 -2 -4 -7
right_child=1 13 16 10 -6 7 -8 8 -10 -11 11 -13 -14 14 -16 -17 -18 -19
leaf_value=30.525837052829129 -8.5068927903572114 -30.17309281874989 1.0591360054617529 -4.3363531376724982 13.863510639457743 -1.8924236620497039 -10.180503886016266 33.382255885261507 -6.395567726281838 -0.09846202453331318 6.1879952277719372 28.674110168258292 10.639746568294363 -26.955713820773347 -6.1172242930842202 1.024881320165721 -11.263523943255294 12.606469343738473
leaf_weight=3979 21819 4656 28512 14916 6916 6989 54209 3613 18694 24964 24012 3811 14049 4358 15303 49119 12222 47659
leaf_count=3979 21819 4656 28512 14916 6916 6989 54209 3613 18694 24964 24012 3811 14049 4358 15303 49119 12222 47659
internal_value=-9.3914e-11 -3.76486 4.66548 -2.27734 -4.47715 7.14581 -5.49071 6.34362 2.41473 6.27856 4.52004 9.26799 15.292 -14.4578 -10.7362 -1.90689 -2.63821 10.7522
internal_weight=359800 199119 160681 174802 132063 119947 125147 115968 61320 42626 42739 27823 17662 24317 19661 70938 40734 54648
internal_count=359800 199119 160681 174802 132063 119947 125147 115968 61320 42626 42739 27823 17662 24317 19661 70938 40734 54648
is_linear=0
shrinkage=0.0229654


Tree=152
num_leaves=19
num_cat=0
split_feature=7 3 6 13 14 7 16 0 16 3 16 4 3 0 3 13 0 1
split_gain=1.08649e+10 7.88596e+09 8.01143e+09 7.23473e+09 5.55014e+09 4.36437e+09 7.1205e+09 3.85067e+09 3.27691e+09 5.22503e+09 3.62096e+09 2.40792e+09 2.12132e+09 2.10995e+09 2.84021e+09 1.99899e+09 1.98409e+09 1.9818e+09
threshold=-0.79335334029123528 4.5000000000000009 1.0000000180025095e-35 3.693750000000001 67.312500000000014 0.65793410509763428 343.56250000000006 11.500000000000002 1.0625000000000002 1.0000000180025095e-35 309.56250000000006 1.5000000000000002 1.0000000180025095e-35 41.500000000000007 1.0000000180025095e-35 19.056250000000006 16.500000000000004 4.5000000000000009
decision_type=2 2 2 2 2 2 2 2 2 2 2 2 2 2 2 2 2 2
left_child=4 2 3 7 -1 6 -3 12 15 -10 16 -6 -2 14 -9 -5 -11 -7
right_child=1 5 -4 8 11 17 -8 13 9 10 -12 -13 -14 -15 -16 -17 -18 -19
leaf_value=0.92138817875238299 -16.044650688926488 0.15642108399246737 -24.95536444667863 -6.3065459165929401 25.515414851397662 -7.715375518449779 -20.185891900427055 30.281505490426291 14.039236866385176 -6.1386934296024327 -8.3325305186585314 10.898415100015908 3.2989729635750513 3.3748008173084867 11.848981043440929 18.947284231654514 5.9171325447379832 -20.329794581733747
leaf_weight=34005 3707 41800 6384 59952 7215 10664 11592 5457 14265 9522 24177 33740 15460 10580 22955 1700 29521 17104
leaf_count=34005 3707 41800 6384 59952 7215 10664 11592 5457 14265 9522 24177 33740 15460 10580 22955 1700 29521 17104
internal_value=5.73634e-10 -2.04725 0.364866 1.18417 7.77932 -8.10071 -4.26012 7.9862 -1.65907 1.48469 -1.34813 13.4735 -0.442187 12.1293 15.3893 -5.61019 2.9769 -15.4854
internal_weight=359800 284840 203680 197296 74960 81160 53392 58159 139137 77485 63220 40955 19167 38992 28412 61652 39043 27768
internal_count=359800 284840 203680 197296 74960 81160 53392 58159 139137 77485 63220 40955 19167 38992 28412 61652 39043 27768
is_linear=0
shrinkage=0.0229654


Tree=153
num_leaves=19
num_cat=0
split_feature=25 15 4 1 16 0 25 35 35 18 6 15 10 35 4 14 21 21
split_gain=1.11121e+10 5.7265e+09 6.30027e+09 5.0606e+09 5.69247e+09 3.92863e+09 3.87319e+09 3.29739e+09 2.61236e+09 2.54494e+09 2.54458e+09 2.16527e+09 2.15746e+09 2.08985e+09 1.95735e+09 1.89814e+09 1.89457e+09 1.8563e+09
threshold=6.5236979166666673 11.218750000000004 1.5000000000000002 7.5000000000000009 364.81250000000006 43.500000000000007 1.0000000180025095e-35 19903.500000000004 23358.500000000004 0.014375000000000002 1.0000000180025095e-35 21.881250000000005 -0.24999999999999994 36866.500000000007 8.5000000000000018 84.187500000000014 7.8773437500000005 19.956380208333339
decision_type=2 2 2 2 2 2 2 2 2 2 2 2 2 2 2 2 2 2
left_child=6 7 16 -4 5 8 -1 -2 12 -6 13 -11 -5 -8 17 -10 -3 -9
right_child=1 2 3 4 9 -7 10 14 15 11 -12 -13 -14 -15 -16 -17 -18 -19
leaf_value=33.246895157368535 -5.6109246188439572 -4.1020075571612695 -12.875807247269144 6.1676873102080236 -19.359539129093537 -11.282218689710538 5.3082552840532742 0.3725206397552277 -2.3217478152768494 -2.7255936276655111 -20.220485887343667 -23.840205466972296 29.908395768828427 14.772513173875769 9.268190456194322 7.1683557397745234 17.401864998952057 12.861987115720567
leaf_weight=3018 24295 2917 41226 7563 13501 14542 56236 56355 45482 15389 1806 3073 2754 15752 25781 14711 8336 7063
leaf_count=3018 24295 2917 41226 7563 13501 14542 56236 56355 45482 15389 1806 3073 2754 15752 25781 14711 8336 7063
internal_value=-1.48824e-09 -2.10268 -4.77596 -5.95669 -3.51899 -0.413819 7.74661 1.88965 1.82768 -11.7817 6.70371 -6.24012 12.505 7.37917 3.93256 -0.00239318 11.8276 1.7635
internal_weight=359800 282988 169494 158241 117015 85052 76812 113494 70510 31963 73794 18462 10317 71988 89199 60193 11253 63418
internal_count=359800 282988 169494 158241 117015 85052 76812 113494 70510 31963 73794 18462 10317 71988 89199 60193 11253 63418
is_linear=0
shrinkage=0.0229654


Tree=154
num_leaves=19
num_cat=0
split_feature=25 15 6 7 4 28 3 8 3 31 1 3 3 8 15 6 3 1
split_gain=1.06863e+10 5.74299e+09 5.58963e+09 5.07351e+09 4.86717e+09 4.70627e+09 4.35824e+09 4.57799e+09 3.98746e+09 4.20144e+09 3.31837e+09 3.26239e+09 3.19654e+09 2.81965e+09 2.54234e+09 2.41636e+09 2.34641e+09 3.32959e+09
threshold=9.9877604166666689 20.681250000000006 1.0000000180025095e-35 -0.89495246814786256 8.5000000000000018 0.026724137931034567 4.5000000000000009 -1.0000000180025095e-35 4.5000000000000009 276.95625000000007 7.5000000000000009 1.0000000180025095e-35 5.5000000000000009 0.065263096110025676 14.756250000000003 1.0000000180025095e-35 1.0000000180025095e-35 5.5000000000000009
decision_type=2 2 2 2 2 2 2 2 2 2 2 2 2 2 2 2 2 2
left_child=2 4 3 -1 8 6 7 11 9 15 -6 -5 -12 -10 -7 16 17 -2
right_child=1 -3 -4 5 10 14 -8 -9 13 -11 12 -13 -14 -15 -16 -17 -18 -19
leaf_value=14.713997885990029 -12.9304954060215 -16.857756585421932 -20.595054019006234 32.441115021279892 -4.4356559372569357 2.0949014104148542 -1.2726119821139821 4.0623650493406531 -16.194401743271161 16.996343713973726 5.6399234162346019 12.669966164974213 27.465375018019714 -3.9163133797936927 -9.433177696278582 -23.174052625497225 -4.2370405774508564 11.820294886681749
leaf_weight=24592 3821 15762 4582 5473 15499 22219 28024 34822 21930 5744 25254 22487 4116 17930 18482 3101 74486 11476
leaf_count=24592 3821 15762 4582 5473 15499 22219 28024 34822 21930 5744 25254 22487 4116 17930 18482 3101 74486 11476
internal_value=-1.31494e-09 -3.55535 4.40586 5.13972 -2.41183 3.34932 6.25791 9.61931 -4.54159 -2.06426 4.16167 16.54 8.69861 -10.6714 -3.13991 -3.24298 -2.55458 5.63786
internal_weight=359800 199119 160681 156099 183357 131507 90806 62782 138488 98628 44869 27960 29370 39860 40701 92884 89783 15297
internal_count=359800 199119 160681 156099 183357 131507 90806 62782 138488 98628 44869 27960 29370 39860 40701 92884 89783 15297
is_linear=0
shrinkage=0.0229654


Tree=155
num_leaves=19
num_cat=0
split_feature=26 15 6 3 8 4 3 21 24 14 27 8 3 8 36 29 3 8
split_gain=1.00276e+10 5.42818e+09 5.3204e+09 4.89912e+09 5.34158e+09 3.57455e+09 3.5549e+09 3.25447e+09 2.77521e+09 3.12724e+09 4.88647e+09 3.12522e+09 2.77206e+09 3.87448e+09 2.77361e+09 2.52232e+09 2.50802e+09 2.04368e+09
threshold=8.9501302083333361 13.068750000000003 1.0000000180025095e-35 4.5000000000000009 0.25881904510252057 8.5000000000000018 1.0000000180025095e-35 19.611848958333336 2.5250000000000021 59.812500000000007 -0.66928943452381018 -0.19467261866128607 5.5000000000000009 -0.19467261866128607 31661.500000000004 554.90625000000011 3.5000000000000004 0.38268343236508956
decision_type=2 2 2 2 2 2 2 2 2 2 2 2 2 2 2 2 2 2
left_child=2 5 3 4 6 7 -1 16 9 11 -11 -3 13 -5 -14 -8 -2 -12
right_child=1 8 -4 12 -6 -7 15 -9 -10 10 17 -13 14 -15 -16 -17 -18 -19
leaf_value=25.052715109318566 -0.2793598347536132 -22.671402868605977 -22.819439284133168 -18.751548987526316 2.0729961495881892 6.8002846936183969 7.3195176376425399 8.5578610438823901 -15.86930282522675 -11.748428687659485 4.8282711581383371 -3.1041795455212355 0.17850125210411011 1.8223172152619478 20.667874859394903 20.738128270999518 -8.2798101209290262 -6.4241934519173611
leaf_weight=10890 48245 9669 3530 8564 37938 31967 32813 13196 15758 21983 29912 7760 14320 11065 4605 9535 36151 11899
leaf_count=10890 48245 9669 3530 8564 37938 31967 32813 13196 15758 21983 29912 7760 14320 11065 4605 9535 36151 11899
internal_value=1.88335e-10 -2.94049 4.99878 5.75572 8.65779 0.135175 13.3502 -2.04803 -7.04933 -5.33817 -2.98279 -13.9594 -1.10735 -7.15392 5.16416 10.3408 -3.70635 1.62593
internal_weight=359800 226540 133260 129730 91176 129559 53238 97592 96981 81223 63794 17429 38554 19629 18925 42348 84396 41811
internal_count=359800 226540 133260 129730 91176 129559 53238 97592 96981 81223 63794 17429 38554 19629 18925 42348 84396 41811
is_linear=0
shrinkage=0.0229654


Tree=156
num_leaves=19
num_cat=0
split_feature=7 3 26 14 7 14 23 14 0 3 35 3 14 1 0 36 19 24
split_gain=9.92878e+09 7.08437e+09 5.94803e+09 4.8845e+09 4.10547e+09 5.1299e+09 2.84668e+09 2.67897e+09 3.2897e+09 3.2465e+09 2.26275e+09 2.07886e+09 1.86869e+09 1.8616e+09 1.85385e+09 1.84854e+09 1.82606e+09 1.69971e+09
threshold=-0.79335334029123528 4.5000000000000009 6.4535156250000005 67.312500000000014 0.65793410509763428 68.062500000000014 -0.11250000000000047 48.687500000000007 12.500000000000002 1.0000000180025095e-35 42681.500000000007 5.5000000000000009 87.187500000000014 4.5000000000000009 34.500000000000007 19968.500000000004 14.656250000000002 3.3499999999999996
decision_type=2 2 2 2 2 2 2 2 2 2 2 2 2 2 2 2 2 2
left_child=3 2 16 14 5 6 -3 -4 -9 12 -5 -8 15 -6 -1 -10 -2 -11
right_child=1 4 7 10 13 -7 11 8 9 17 -12 -13 -14 -15 -16 -17 -18 -19
leaf_value=-6.4564166358020136 6.5607867324251243 0.57178695997626416 -20.06582400804383 11.852335646534732 -7.3262216110046916 0.50481976431222908 -31.578095626181568 -5.9599160956250596 35.073759819685826 -0.099584840879385114 44.24249761023006 -11.467564349101497 22.025689596030535 -19.552123064535031 4.8576065715166861 3.662628886895515 23.211097371351975 -13.651621028524719
leaf_weight=11585 37557 4277 4063 39784 10664 38271 5438 51310 1051 79584 1171 5406 4571 17104 22420 16516 3828 5200
leaf_count=11585 37557 4277 4063 39784 10664 38271 5438 51310 1051 79584 1171 5406 4571 17104 22420 16516 3828 5200
internal_value=-6.15689e-11 -1.95707 0.329168 7.43665 -7.69463 -3.96969 -15.2946 -1.65261 -1.17981 1.11408 12.7784 -21.5525 8.94543 -14.8569 1.00309 5.5419 8.1009 -0.930763
internal_weight=359800 284840 203680 74960 81160 53392 15121 162295 158232 106922 40955 10844 22138 27768 34005 17567 41385 84784
internal_count=359800 284840 203680 74960 81160 53392 15121 162295 158232 106922 40955 10844 22138 27768 34005 17567 41385 84784
is_linear=0
shrinkage=0.0229654


Tree=157
num_leaves=19
num_cat=0
split_feature=25 3 0 17 0 16 0 3 26 3 0 3 0 9 23 20 9 14
split_gain=9.54366e+09 6.17033e+09 5.16642e+09 5.05461e+09 3.93524e+09 3.73879e+09 4.14744e+09 7.49695e+09 3.61554e+09 2.93146e+09 2.44368e+09 2.4038e+09 1.99542e+09 1.96758e+09 1.95887e+09 2.24922e+09 2.03589e+09 1.87849e+09
threshold=6.5236979166666673 3.5000000000000004 13.500000000000002 78.062500000000014 42.500000000000007 425.18750000000006 21.500000000000004 5.5000000000000009 0.78072916666666681 1.0000000180025095e-35 6.5000000000000009 4.5000000000000009 17.500000000000004 -0.93301270189221908 5.8250000000000028 6.0875000000000012 0.68301270189221941 68.062500000000014
decision_type=2 2 2 2 2 2 2 2 2 2 2 2 2 2 2 2 2 2
left_child=8 2 -2 14 9 6 10 -8 -1 17 -3 -12 -10 -9 15 -4 -16 -5
right_child=1 5 3 4 -6 -7 7 13 12 -11 11 -13 -14 -15 16 -17 -18 -19
leaf_value=28.467764770178601 -5.7265727814811704 -0.68451953523566222 -0.55148532488951663 4.7289089486898384 -6.8507059388190381 -15.922140864017868 -5.8780841657794065 35.519106473353759 0.6284606085868526 8.0910629808267664 -3.6245143735856682 -15.770657481088918 8.6968879006775968 10.168099800193081 -3.68002550203517 16.173333422531027 -31.122545117785595 27.003316282195101
leaf_weight=3989 44242 14506 57435 2607 7058 16850 33239 1806 24224 31639 12869 25866 48599 15243 4410 4579 2107 8532
leaf_count=3989 44242 14506 57435 2607 7058 16850 33239 1806 24224 31639 12869 25866 48599 15243 4410 4579 2107 8532
internal_value=1.18474e-10 -1.94864 0.969106 3.47175 9.03687 -5.88996 -4.25716 0.472443 7.17911 11.6582 -8.72443 -11.7353 6.01299 12.8535 -0.575228 0.683445 -12.5524 21.7902
internal_weight=359800 282988 162609 118367 49836 120379 103529 50288 76812 42778 53241 38735 72823 17049 68531 62014 6517 11139
internal_count=359800 282988 162609 118367 49836 120379 103529 50288 76812 42778 53241 38735 72823 17049 68531 62014 6517 11139
is_linear=0
shrinkage=0.0229654


Tree=158
num_leaves=19
num_cat=0
split_feature=7 3 13 16 7 16 1 21 16 16 26 4 18 21 19 26 36 1
split_gain=9.241e+09 6.56953e+09 5.51116e+09 4.1227e+09 3.74341e+09 6.04208e+09 2.84624e+09 2.72877e+09 2.73606e+09 4.18556e+09 2.38912e+09 2.23156e+09 2.10236e+09 2.02456e+09 1.99369e+09 1.79696e+09 2.06778e+09 1.75807e+09
threshold=-0.79335334029123528 4.5000000000000009 3.693750000000001 129.18750000000003 0.65793410509763428 306.06250000000006 5.5000000000000009 22.154166666666672 551.31250000000011 2.5625000000000004 1.6664062500000003 8.5000000000000018 0.011250000000000001 17.852604166666669 14.656250000000002 8.2282552083333353 26525.500000000004 4.5000000000000009
decision_type=2 2 2 2 2 2 2 2 2 2 2 2 2 2 2 2 2 2
left_child=3 2 6 10 5 -3 -2 8 9 -4 -1 15 -10 -13 -8 16 -11 -6
right_child=1 4 7 -5 17 -7 14 -9 12 11 -12 13 -14 -15 -16 -17 -18 -19
leaf_value=41.863782067769364 -0.4656654140572552 0.56080697748860142 -5.9129945427893178 1.3946237014785452 -6.9340958239530668 -17.368286460853081 8.6364982557139847 19.924027792640437 -23.506031450706782 45.344886819863781 11.13462433451021 8.6708737764328419 -1.8319961990095086 91.258299141173183 31.522853221790754 -1.6902246381269586 6.2072018675541232 -18.815165290181486
leaf_weight=1382 21938 40238 64064 34838 10664 13154 36302 2897 5602 847 38740 17055 4079 158 2125 44147 4466 17104
leaf_count=1382 21938 40238 64064 34838 10664 13154 36302 2897 5602 847 38740 17055 4079 158 2125 44147 4466 17104
internal_value=-1.17602e-09 -1.88807 0.313528 7.17445 -7.41321 -3.85632 6.13422 -2.13818 -2.59335 -1.72101 12.1931 2.30694 -14.3739 9.42895 9.90211 -0.171651 12.4465 -14.2524
internal_weight=359800 284840 203680 74960 81160 53392 60365 143315 140418 130737 40122 66673 9681 17213 38427 49460 5313 27768
internal_count=359800 284840 203680 74960 81160 53392 60365 143315 140418 130737 40122 66673 9681 17213 38427 49460 5313 27768
is_linear=0
shrinkage=0.0229654


Tree=159
num_leaves=19
num_cat=0
split_feature=25 28 3 25 7 3 8 7 14 8 0 3 14 0 36 36 14 22
split_gain=8.89169e+09 4.73844e+09 4.17454e+09 3.54404e+09 2.91975e+09 3.14767e+09 4.2683e+09 2.69122e+09 3.09998e+09 3.89011e+09 2.68186e+09 2.3469e+09 2.24073e+09 2.72569e+09 2.39324e+09 2.21348e+09 2.11767e+09 2.00229e+09
threshold=9.9877604166666689 0.91730769230769227 2.5000000000000004 1.0000000180025095e-35 -0.13052619222005171 4.5000000000000009 1.0000000180025095e-35 0.65793410509763428 71.312500000000014 -0.44134171618254459 14.500000000000002 1.0000000180025095e-35 76.437500000000014 43.500000000000007 20281.000000000004 39175.500000000007 59.437500000000007 9.0002170138888911
decision_type=2 2 2 2 2 2 2 2 2 2 2 2 2 2 2 2 2 2
left_child=1 3 10 -1 16 6 11 8 9 -4 -2 -6 17 14 -14 -3 -5 -12
right_child=2 15 7 4 5 -7 -8 -9 -10 -11 12 -13 13 -15 -16 -17 -18 -19
leaf_value=30.705714327729467 -5.8080242289495763 -5.2132533163849599 -14.822905064962272 -2.3127880317356313 29.961306632232045 -5.4884406371510668 -0.48311208908106923 -11.667327262454245 1.0749049116856266 -1.2562008638995945 -23.160009611252168 9.7687410033911899 67.005945752189575 -8.6227515696070753 11.360037614449681 15.137591044374918 10.945753729057229 1.0189454099255597
leaf_weight=3015 24480 32112 21972 7273 3798 19732 26280 32800 36650 22626 1901 15125 417 3850 18146 3090 50256 36277
leaf_count=3015 24480 32112 21972 7273 3798 19732 26280 32800 36650 22626 1901 15125 417 3850 18146 3090 50256 36277
internal_value=2.58083e-10 4.01893 -3.24311 6.10778 5.50219 2.16449 5.50514 -6.11501 -3.87353 -7.94008 0.60702 13.8216 3.19883 8.9628 12.6101 -3.42687 9.26957 -0.184999
internal_weight=359800 160681 199119 125479 122464 64935 45203 114048 81248 44598 85071 18923 60591 22413 18563 35202 57529 38178
internal_count=359800 160681 199119 125479 122464 64935 45203 114048 81248 44598 85071 18923 60591 22413 18563 35202 57529 38178
is_linear=0
shrinkage=0.0229654


Tree=160
num_leaves=19
num_cat=0
split_feature=7 5 6 8 16 4 7 16 4 13 25 1 16 8 18 0 13 6
split_gain=8.62035e+09 6.08309e+09 7.13717e+09 5.88543e+09 8.81472e+09 3.86141e+09 3.49073e+09 5.77226e+09 3.17052e+09 2.45683e+09 2.55343e+09 2.13555e+09 2.08614e+09 2.04887e+09 1.98796e+09 1.77473e+09 1.50271e+09 1.44117e+09
threshold=-0.79335334029123528 1.0000000180025095e-35 1.0000000180025095e-35 1.0000000180025095e-35 274.56250000000006 1.5000000000000002 0.55438071450436044 343.56250000000006 1.5000000000000002 19.231250000000006 4.9028645833333346 4.5000000000000009 187.06250000000003 0.38268343236508956 0.014375000000000002 16.500000000000004 -1.3562499999999995 1.0000000180025095e-35
decision_type=2 2 2 2 2 2 2 2 2 2 2 2 2 2 2 2 2 2
left_child=5 2 3 4 8 -1 7 -3 16 10 -5 -8 17 -4 -6 -10 -2 -7
right_child=1 6 13 9 14 12 11 -9 15 -11 -12 -13 -14 -15 -16 -17 -18 -19
leaf_value=22.631585320947838 37.241773728738892 1.0281843366557859 -34.698976304492248 5.4762527340223999 -9.8876450022280657 9.326871443541414 -5.7683125909183977 -17.634369054128477 2.1321165310123313 17.485564637704186 -5.1041229234247112 -17.873391066937305 0.51370121373720246 -8.3479911056915252 1.1783021803888529 10.863301968923038 16.741666554584231 -21.501270623206782
leaf_weight=7440 2543 37745 3696 14113 17199 37937 12800 11375 18661 3023 81512 19240 28766 2688 17050 35897 7298 817
leaf_count=7440 2543 37745 3696 14113 17199 37937 12800 11375 18661 3023 81512 19240 28766 2688 17050 35897 7298 817
internal_value=2.7856e-09 -1.82356 0.29496 1.06826 5.03473 6.92934 -7.14022 -3.29361 10.0411 -2.8982 -3.5426 -13.0374 5.19911 -23.6038 -4.37874 7.87689 22.0391 8.67696
internal_weight=359800 284840 203680 197296 98648 74960 81160 49120 64399 98648 95625 32040 67520 6384 34249 54558 9841 38754
internal_count=359800 284840 203680 197296 98648 74960 81160 49120 64399 98648 95625 32040 67520 6384 34249 54558 9841 38754
is_linear=0
shrinkage=0.0229654


Tree=161
num_leaves=19
num_cat=0
split_feature=7 3 26 14 7 14 35 26 30 28 23 28 1 3 27 28 3 3
split_gain=8.22895e+09 5.8069e+09 4.8815e+09 4.19789e+09 3.33224e+09 4.68906e+09 2.56108e+09 2.58502e+09 2.53573e+09 4.94774e+09 2.38689e+09 2.11274e+09 2.03859e+09 1.93046e+09 1.92611e+09 1.81061e+09 1.80183e+09 4.43616e+09
threshold=-0.79335334029123528 4.5000000000000009 6.4535156250000005 73.812500000000014 0.55438071450436044 68.062500000000014 17055.000000000004 21.610286458333338 376.93125000000003 0.026724137931034567 0.19999999999999887 -5.2542892156862733 4.5000000000000009 5.5000000000000009 3.7276599702380939 1.9338974252491676 3.5000000000000004 5.5000000000000009
decision_type=2 2 2 2 2 2 2 2 2 2 2 2 2 2 2 2 2 2
left_child=3 2 11 16 5 10 -4 8 -8 -10 -3 -2 -6 -12 -11 -7 -1 -18
right_child=1 4 6 -5 12 15 7 -9 9 14 13 -13 -14 -15 -16 -17 17 -19
leaf_value=6.3117040529961335 21.517416070242234 0.51590221668184078 -16.398323099655247 13.240548615932537 -5.6358409377496592 4.0904098693963267 -4.8945900744551167 17.073639083712905 6.7467202274071312 -1.9587660719370292 -29.617724132642163 5.4311247125294999 -17.462921338225566 -9.9913326825346758 -14.316680881612513 -9.0902241531632892 -10.651433991311906 12.943709291170503
leaf_weight=24694 4882 4255 5871 31008 12800 27417 64391 4088 42418 37438 5313 36503 19240 5260 8089 6875 13062 6196
leaf_count=24694 4882 4255 5871 31008 12800 27417 64391 4088 42418 37438 5313 36503 19240 5260 8089 6875 13062 6196
internal_value=1.09425e-09 -1.78168 0.288186 6.7702 -6.97625 -3.21797 -1.50715 -0.948244 -1.43187 1.10344 -14.0085 7.32875 -12.738 -19.8537 -4.15446 1.4479 2.20539 -3.06002
internal_weight=359800 284840 203680 74960 81160 49120 162295 156424 152336 87945 14828 41385 32040 10573 45527 34292 43952 19258
internal_count=359800 284840 203680 74960 81160 49120 162295 156424 152336 87945 14828 41385 32040 10573 45527 34292 43952 19258
is_linear=0
shrinkage=0.0229654


Tree=162
num_leaves=19
num_cat=0
split_feature=25 6 28 3 6 3 0 4 0 3 33 4 31 25 29 3 1 16
split_gain=7.88728e+09 4.96327e+09 4.23892e+09 3.83225e+09 3.73725e+09 3.6266e+09 3.20905e+09 3.65283e+09 2.66971e+09 3.06269e+09 2.34425e+09 2.57021e+09 2.46271e+09 2.91171e+09 2.18826e+09 1.93764e+09 4.27773e+09 3.03675e+09
threshold=9.9877604166666689 1.0000000180025095e-35 0.026724137931034567 2.5000000000000004 1.0000000180025095e-35 4.5000000000000009 11.500000000000002 1.5000000000000002 14.500000000000002 1.0000000180025095e-35 0.30208333333333343 8.5000000000000018 192.50625000000005 15.560677083333335 20.768750000000001 5.5000000000000009 10.500000000000002 169.31250000000003
decision_type=2 2 2 2 2 2 2 2 2 2 2 2 2 2 2 2 2 2
left_child=1 2 5 4 8 6 -1 -8 -2 -10 11 12 13 -5 -13 17 -17 -7
right_child=3 -3 -4 10 -6 15 7 -9 9 -11 -12 14 -14 -15 -16 16 -18 -19
leaf_value=1.3539910030505216 -4.9394349812920124 -19.773410575808501 -1.1016157706692269 -4.8427624753906633 -23.961426762842773 -0.95846793354438486 22.843768284991334 9.2230793104302826 12.233452398488916 0.76049422264952937 -26.748593937933034 20.955985319393715 2.6546791936255887 -14.055503877829686 -1.1696644466836676 -6.4851177654743113 17.250822189991943 -29.817861976335525
leaf_weight=17772 23608 4582 49201 42874 3138 14502 13738 42539 17556 40769 2751 2628 11585 31304 22906 7393 8737 2217
leaf_count=17772 23608 4582 49201 42874 3138 14502 13738 42539 17556 40769 2751 2628 11585 31304 22906 7393 8737 2217
internal_value=2.46682e-10 3.78513 4.47665 -3.05445 0.634458 7.04411 9.86146 12.5481 1.57647 4.21389 -5.80609 -5.28844 -7.1927 -8.73065 1.10754 0.693173 6.37173 -4.78533
internal_weight=359800 160681 156099 199119 85071 106898 74049 56277 81933 58325 114048 111297 85763 74178 25534 32849 16130 16719
internal_count=359800 160681 156099 199119 85071 106898 74049 56277 81933 58325 114048 111297 85763 74178 25534 32849 16130 16719
is_linear=0
shrinkage=0.0229654


Tree=163
num_leaves=19
num_cat=0
split_feature=7 3 13 14 8 7 16 14 8 14 13 3 36 3 36 19 3 3
split_gain=7.75138e+09 5.39094e+09 4.41483e+09 3.99383e+09 3.73387e+09 3.15115e+09 5.10986e+09 2.52336e+09 3.36911e+09 5.30901e+09 2.89076e+09 2.66074e+09 2.2832e+09 2.16658e+09 2.09102e+09 1.95961e+09 2.00965e+09 5.01371e+09
threshold=-0.79335334029123528 4.5000000000000009 3.693750000000001 59.437500000000007 -1.0000000180025095e-35 0.65793410509763428 292.93750000000006 48.062500000000007 -0.44134171618254459 74.312500000000014 18.868750000000006 1.0000000180025095e-35 22917.500000000004 1.0000000180025095e-35 27900.500000000004 12.381250000000001 5.5000000000000009 3.5000000000000004
decision_type=2 2 2 2 2 2 2 2 2 2 2 2 2 2 2 2 2 2
left_child=3 2 4 -1 13 6 -3 -4 9 12 -10 -11 -9 -2 -15 16 17 -5
right_child=1 5 7 15 -6 -7 -8 8 10 11 -12 -13 -14 14 -16 -17 -18 -19
leaf_value=-1.5551716134013096 24.77328747225048 0.6971723875568776 -20.542603917837191 12.514102225857146 0.24715633858482311 -13.009118690365405 -15.581038774287565 4.0800050534033954 -5.5261209411459431 23.033967322915114 15.607493433109509 6.0388335346904674 -8.9062580965282425 24.434903479529229 5.4005943581479787 28.94855216898938 20.274923024045226 -4.3407325073527012
leaf_weight=22377 5389 39721 3741 29008 32848 27768 13671 11329 75167 6085 3576 24104 19313 3644 18484 2737 7132 13706
leaf_count=22377 5389 39721 3741 29008 32848 27768 13671 11329 75167 6085 3576 24104 19313 3644 18484 2737 7132 13706
internal_value=9.37971e-11 -1.72921 0.265148 6.57081 5.47482 -6.73427 -3.47086 -1.92919 -1.43029 2.62921 -4.56637 9.46443 -4.10496 11.7153 8.53513 10.0289 8.99 7.10575
internal_weight=359800 284840 203680 74960 60365 81160 53392 143315 139574 60831 78743 30189 30642 27517 22128 52583 49846 42714
internal_count=359800 284840 203680 74960 60365 81160 53392 143315 139574 60831 78743 30189 30642 27517 22128 52583 49846 42714
is_linear=0
shrinkage=0.0229654


Tree=164
num_leaves=19
num_cat=0
split_feature=15 35 6 13 15 14 17 16 28 5 35 16 23 17 13 30 8 17
split_gain=8.61545e+09 4.79485e+09 4.68526e+09 4.73534e+09 5.65716e+09 3.73283e+09 2.87541e+09 6.01528e+09 2.29746e+09 2.28072e+09 2.13624e+09 2.06265e+09 1.6725e+09 1.7696e+09 1.59233e+09 1.75922e+09 1.5674e+09 1.37586e+09
threshold=11.218750000000004 25096.500000000004 1.0000000180025095e-35 0.53125000000000033 20.406250000000004 57.687500000000007 82.187500000000014 5.0625000000000009 -5.5024404761904746 1.0000000180025095e-35 17399.500000000004 1.0000000180025095e-35 5.3000000000000043 25.687500000000004 22.431250000000006 90.068750000000009 0.13052619222005152 89.187500000000014
decision_type=2 2 2 2 2 2 2 2 2 2 2 2 2 2 2 2 2 2
left_child=1 10 3 9 6 -6 12 -8 -3 16 -1 -7 14 -14 15 -5 -2 -10
right_child=2 8 -4 4 5 11 7 -9 17 -11 -12 -13 13 -15 -16 -17 -18 -19
leaf_value=-14.254319922801677 17.003735074535108 24.457476926048699 -24.945736814878853 -10.041240729214966 -35.497154896282495 -18.690483756124411 -5.8719692221207858 8.7985497547538305 5.400315806619691 -4.6938823756489381 1.3994576618773666 -5.2065584329583103 -35.292776382120699 -8.6315653221720297 16.379382681818157 -2.2200579160855196 3.8229319268650093 12.841506514240228
leaf_weight=4886 10057 4557 5016 20276 3438 9322 27703 31503 44845 6833 77978 16706 1765 5127 2035 60206 9031 18516
leaf_count=4886 10057 4557 5016 20276 3438 9322 27703 31503 44845 6833 77978 16706 1765 5127 2035 60206 9031 18516
internal_value=-3.83727e-10 4.18408 -3.01832 -2.47917 -3.81407 -13.0066 -1.99146 1.93409 8.70761 6.6918 0.476447 -10.0359 -4.59093 -15.4593 -3.68318 -4.19046 10.7676 7.57486
internal_weight=359800 150782 209018 204002 178081 29466 148615 59206 67918 25921 82864 26028 89409 6892 82517 80482 19088 63361
internal_count=359800 150782 209018 204002 178081 29466 148615 59206 67918 25921 82864 26028 89409 6892 82517 80482 19088 63361
is_linear=0
shrinkage=0.0229654


Tree=165
num_leaves=19
num_cat=0
split_feature=15 7 4 15 32 7 29 16 8 35 6 3 28 22 3 3 16 0
split_gain=8.28627e+09 6.21152e+09 5.02122e+09 3.80841e+09 3.7263e+09 3.26546e+09 2.40795e+09 2.34576e+09 2.89617e+09 2.50369e+09 2.1634e+09 2.32377e+09 2.05054e+09 1.9876e+09 1.86879e+09 3.13487e+09 1.615e+09 1.58138e+09
threshold=13.068750000000003 -0.70710678118654735 1.5000000000000002 20.106250000000006 5.2812500000000107 0.75023006073889154 1.0000000180025095e-35 410.06250000000006 0.65793410509763406 34388.000000000007 1.0000000180025095e-35 1.0000000180025095e-35 -5.2542892156862733 7.8246961805555566 5.5000000000000009 3.5000000000000004 464.18750000000006 16.500000000000004
decision_type=2 2 2 2 2 2 2 2 2 2 2 2 2 2 2 2 2 2
left_child=1 14 13 5 12 7 -6 8 10 -9 11 -4 -3 -2 15 -1 17 -5
right_child=2 4 3 16 6 -7 -8 9 -10 -11 -12 -13 -14 -15 -16 -17 -18 -19
leaf_value=14.102312167172613 0.87082062778915637 16.985437281197939 17.104703486242418 -19.729478533549631 6.6754885454534278 -11.944510593472955 -4.6023246198688401 -8.6897083642009907 -5.7987891391488207 -122.83991305190693 -27.878685007303517 2.3939446450456603 3.3292092124577324 15.987020590609104 23.470175622480003 -0.54125668340175837 -25.544515806717691 -7.3021957236011339
leaf_weight=23022 10812 6253 6615 7018 11955 18694 60593 15630 26051 102 1114 39365 79873 7969 5625 11593 4085 23431
leaf_count=23022 10812 6253 6615 7018 11955 18694 60593 15630 26051 102 1114 39365 79873 7969 5625 11593 4085 23431
internal_value=1.17475e-09 3.13436 -3.87522 -5.35016 1.09067 -3.21998 -2.74388 -1.3849 0.345398 -9.42981 3.74418 4.51034 4.32069 7.2848 11.1931 9.198 -11.9855 -10.1665
internal_weight=359800 198914 160886 142105 158674 107571 72548 88877 73145 15732 47094 45980 86126 18781 40240 34615 34534 30449
internal_count=359800 198914 160886 142105 158674 107571 72548 88877 73145 15732 47094 45980 86126 18781 40240 34615 34534 30449
is_linear=0
shrinkage=0.0229654


Tree=166
num_leaves=19
num_cat=0
split_feature=15 7 14 1 1 7 1 31 35 15 3 0 3 16 3 16 31 35
split_gain=7.94363e+09 5.04988e+09 6.59257e+09 5.4237e+09 4.74197e+09 4.61229e+09 3.4423e+09 3.08508e+09 2.78798e+09 2.70739e+09 2.47656e+09 2.39604e+09 2.2593e+09 2.08365e+09 1.75344e+09 1.81779e+09 1.68174e+09 1.64198e+09
threshold=11.218750000000004 0.65793410509763428 68.062500000000014 20.500000000000004 16.500000000000004 -0.70710678118654735 10.500000000000002 1.0000000180025095e-35 23475.500000000004 20.681250000000006 4.5000000000000009 12.500000000000002 1.0000000180025095e-35 280.43750000000006 4.5000000000000009 1.0000000180025095e-35 195.21875000000003 24617.500000000004
decision_type=2 2 2 2 2 2 2 2 2 2 2 2 2 2 2 2 2 2
left_child=5 2 4 6 9 -1 -4 14 13 -2 11 -3 17 -8 15 -7 -9 -13
right_child=1 10 3 -5 -6 7 8 16 -10 -11 -12 12 -14 -15 -16 -17 -18 -19
leaf_value=12.454330864334015 -9.7836650135894114 -12.30067617156889 -1.1883636768863419 -8.4315964347715102 0.56396256972204972 4.1136352908361671 41.652555844351944 -3.9217629817219892 6.5544982036203026 -26.533365620810127 -18.288545076622015 9.7684004672768889 -4.3437026199098856 12.670089916853849 -0.42330987143097881 13.151954790945585 6.8216625243028366 53.163092256958343
leaf_weight=27861 26796 17033 31993 20092 23280 30263 2115 44061 49610 6283 12683 2731 12419 3430 20119 19170 9308 553
leaf_count=27861 26796 17033 31993 20092 23280 30263 2115 44061 49610 6283 12683 2731 12419 3430 20119 19170 9308 553
internal_value=-1.48835e-09 -2.89825 -1.01741 2.32465 -7.3767 4.01763 4.8045 2.10539 8.2807 -12.9651 -9.67302 -6.33508 0.135786 23.7247 5.2924 7.61867 -2.04802 17.0757
internal_weight=359800 209018 163599 107240 56359 150782 87148 122921 55155 33079 45419 32736 15703 5545 69552 49433 53369 3284
internal_count=359800 209018 163599 107240 56359 150782 87148 122921 55155 33079 45419 32736 15703 5545 69552 49433 53369 3284
is_linear=0
shrinkage=0.0229654


Tree=167
num_leaves=19
num_cat=0
split_feature=15 35 4 15 14 28 35 30 8 25 3 3 3 8 8 18 28 14
split_gain=7.65041e+09 5.14384e+09 4.75883e+09 3.5946e+09 3.32833e+09 2.80675e+09 1.99023e+09 1.93017e+09 1.83481e+09 1.68748e+09 1.65635e+09 1.84958e+09 4.35085e+09 1.79944e+09 1.74096e+09 1.58468e+09 1.54352e+09 1.71481e+09
threshold=13.068750000000003 24442.500000000004 1.5000000000000002 20.106250000000006 57.687500000000007 -5.0299502899751438 18096.500000000004 1102.9375000000002 0.25881904510252057 8.0242187500000028 1.0000000180025095e-35 5.5000000000000009 4.5000000000000009 0.60876142900872032 -0.19467261866128607 0.41875000000000012 7.6875113378684805 53.812500000000007
decision_type=2 2 2 2 2 2 2 2 2 2 2 2 2 2 2 2 2 2
left_child=1 6 7 9 -5 -3 -1 -2 15 -4 13 12 -12 -7 -14 -6 17 -11
right_child=2 5 3 4 8 10 -8 -9 -10 16 11 -13 14 -15 -16 -17 -18 -19
leaf_value=-9.9438693200509061 15.556787046481208 20.971325950107829 1.9951929438604916 -31.771698725902411 -8.2711091127882348 21.762005206915426 0.43597721199528983 0.70032951620749784 -17.256464588519719 -14.703047104183936 6.2082750158820144 13.935691623386118 -15.458192284087271 -0.21646504148572074 0.036883812193485535 7.9408040843714591 25.673431992424106 -3.8840793653885384
leaf_weight=10964 8142 6748 26075 3837 16937 6305 87445 10639 9845 8656 59347 9945 7469 2854 7837 3915 872 71968
leaf_count=10964 8142 6748 26075 3837 16937 6305 87445 10639 9845 8656 59347 9945 7469 2854 7837 3915 872 71968
internal_value=3.95918e-10 3.01171 -3.72357 -5.15946 -11.6059 6.66605 -0.720468 7.14095 -9.08523 -3.08993 5.63645 4.63208 3.39269 14.9134 -7.52438 -5.22729 -4.71694 -5.04563
internal_weight=359800 198914 160886 142105 34534 100505 98409 18781 30697 107571 93757 84598 74653 9159 15306 20852 81496 80624
internal_count=359800 198914 160886 142105 34534 100505 98409 18781 30697 107571 93757 84598 74653 9159 15306 20852 81496 80624
is_linear=0
shrinkage=0.0229654


Tree=168
num_leaves=19
num_cat=0
split_feature=15 7 16 8 7 17 11 15 25 11 17 6 5 8 22 36 6 1
split_gain=7.31815e+09 4.84611e+09 5.80356e+09 7.26305e+09 4.31017e+09 4.07066e+09 3.19551e+09 3.27273e+09 2.55006e+09 2.68023e+09 2.23724e+09 2.14035e+09 2.45777e+09 2.23009e+09 1.96312e+09 1.73315e+09 1.55585e+09 1.49089e+09
threshold=11.218750000000004 0.75023006073889154 283.56250000000006 0.55438071450436011 -0.70710678118654735 78.687500000000014 132.00000000000003 20.681250000000006 11.413281250000002 108.00000000000001 27.812500000000004 1.0000000180025095e-35 1.0000000180025095e-35 0.13052619222005152 6.4778645833333339 26879.500000000004 1.0000000180025095e-35 22.500000000000004
decision_type=2 2 2 2 2 2 2 2 2 2 2 2 2 2 2 2 2 2
left_child=4 2 3 5 -1 -2 7 10 9 -6 14 12 13 -3 -4 -7 -17 -5
right_child=1 11 6 17 8 15 -8 -9 -10 -11 -12 -13 -14 -15 -16 16 -18 -19
leaf_value=12.011920339651533 -0.10466940244260402 0.3616868515448291 -127.78903665562456 -3.2342830149248512 9.3184919337130871 20.253592451448476 1.3991936944053163 -27.492934376642761 -1.234701615151407 -0.57988682483727982 -5.8937855556993322 -44.14211829520778 -18.651233789435679 -13.063399678076511 -22.538680419046582 9.413495612170296 -24.555293927100173 -14.043161457158805
leaf_weight=27861 29587 14758 96 48605 36280 8615 12961 5945 62688 23953 22387 955 10625 11699 3539 30706 728 7812
leaf_count=27861 29587 14758 96 48605 36280 8615 12961 5945 62688 23953 22387 955 10625 11699 3539 30706 728 7812
internal_value=-1.13254e-10 -2.78181 -1.13248 1.3935 3.85622 6.35537 -8.21953 -12.1194 2.00766 5.38218 -8.60719 -10.1958 -9.32151 -5.57474 -25.3183 11.1278 8.62679 -4.73098
internal_weight=359800 209018 170981 126053 150782 69636 44928 31967 122921 60233 26022 38037 37082 26457 3635 40049 31434 56417
internal_count=359800 209018 170981 126053 150782 69636 44928 31967 122921 60233 26022 38037 37082 26457 3635 40049 31434 56417
is_linear=0
shrinkage=0.0229654


Tree=169
num_leaves=19
num_cat=0
split_feature=15 7 4 28 0 16 11 0 17 35 6 24 26 35 17 8 26 16
split_gain=7.08772e+09 5.88221e+09 4.43176e+09 3.54522e+09 3.06428e+09 3.79331e+09 3.0758e+09 2.66145e+09 2.7529e+09 2.94053e+09 2.16931e+09 2.16874e+09 2.0688e+09 1.98346e+09 1.96445e+09 2.906e+09 2.07007e+09 1.83198e+09
threshold=14.031250000000004 -0.70710678118654735 1.5000000000000002 -1.7538252508361214 16.500000000000004 347.06250000000006 108.00000000000001 42.500000000000007 84.937500000000014 27702.500000000004 1.0000000180025095e-35 1.0000000180025095e-35 0.78072916666666681 30377.500000000004 82.812500000000014 -0.5 20.607161458333337 617.56250000000011
decision_type=2 2 2 2 2 2 2 2 2 2 2 2 2 2 2 2 2 2
left_child=1 12 11 -3 -4 7 13 8 -6 -10 14 -2 -1 17 16 -16 -5 -7
right_child=2 3 4 10 5 6 -8 -9 9 -11 -12 -13 -14 -15 15 -17 -18 -19
leaf_value=43.864666675029561 13.193979961298362 6.3051558189565338 -12.310833422053562 -3.7787175669692639 -3.0653052292552019 -13.816373266113439 -1.9969315477556429 -10.161028059044591 18.173655824773324 1.2587409902635578 -21.84343934013992 -4.8908812738927478 9.0654721007605801 -80.496925609150821 11.682934679183326 -1.1239679048262645 9.3721373420181457 -37.745895682173739
leaf_weight=919 10697 43299 27787 82054 31908 11619 10425 13128 8411 15245 2647 5196 46019 267 14261 27105 6839 1974
leaf_count=919 10697 43299 27787 82054 31908 11619 10425 13128 8411 15245 2647 5196 46019 267 14261 27105 6839 1974
internal_value=3.29792e-09 2.52244 -4.11882 0.597995 -5.61913 -3.61925 -11.4208 -0.861143 1.33612 7.27292 -1.26132 7.28138 9.74681 -18.5091 -0.843072 3.29123 -2.76695 -17.2915
internal_weight=359800 223143 136657 176205 120764 92977 24285 68692 55564 23656 132906 15893 46938 13860 130259 41366 88893 13593
internal_count=359800 223143 136657 176205 120764 92977 24285 68692 55564 23656 132906 15893 46938 13860 130259 41366 88893 13593
is_linear=0
shrinkage=0.0229654


Tree=170
num_leaves=19
num_cat=0
split_feature=15 7 14 7 0 31 3 6 23 1 14 35 29 15 26 3 3 23
split_gain=6.78974e+09 5.1221e+09 3.92342e+09 6.05811e+09 3.26984e+09 3.25529e+09 2.96467e+09 3.29651e+09 3.25125e+09 2.33773e+09 2.78308e+09 2.64775e+09 2.31919e+09 1.93977e+09 1.89169e+09 1.75522e+09 2.69902e+09 1.74e+09
threshold=13.068750000000003 -0.70710678118654735 59.812500000000007 -0.13052619222005171 34.500000000000007 1.0000000180025095e-35 4.5000000000000009 1.0000000180025095e-35 -1.0000000180025095e-35 19.500000000000004 74.562500000000014 28609.000000000004 1.0000000180025095e-35 6.918750000000002 0.78072916666666681 5.5000000000000009 3.5000000000000004 1.0000000180025095e-35
decision_type=2 2 2 2 2 2 2 2 2 2 2 2 2 2 2 2 2 2
left_child=1 14 4 9 -2 13 7 8 -5 10 -4 -12 -7 -3 -1 16 -16 -10
right_child=2 5 3 6 -6 12 -8 -9 17 -11 11 -13 -14 -15 15 -17 -18 -19
leaf_value=44.133412167883264 -19.320621867518053 9.9185961082176455 -0.03151325642910098 -8.5834589896994959 -1.9960671312978226 6.4415789472949614 -14.26049922819621 -34.671226647677024 16.836045634207903 -4.1609029095663193 25.753938402170395 7.1639599491827353 -4.6794568575099476 1.9825635552721672 12.083721372092159 21.421352352578822 -1.6376465187183498 0.47498630205662123
leaf_weight=846 13865 21329 23648 24750 9812 11955 19634 1759 4100 17658 5087 19648 57255 68135 22469 5530 11395 20925
leaf_count=846 13865 21329 23648 24750 9812 11955 19634 1759 4100 17658 5087 19648 57255 68135 22469 5530 11395 20925
internal_value=1.50141e-09 2.83724 -3.50787 -2.0181 -12.1411 0.981399 -6.66663 -3.77344 -2.68154 2.99131 5.60161 10.9872 -2.75846 3.87458 10.1552 9.4255 7.46658 3.15552
internal_weight=359800 198914 160886 137209 23677 158674 71168 51534 49775 66041 48383 24735 69210 89464 40240 39394 33864 25025
internal_count=359800 198914 160886 137209 23677 158674 71168 51534 49775 66041 48383 24735 69210 89464 40240 39394 33864 25025
is_linear=0
shrinkage=0.0229654


Tree=171
num_leaves=19
num_cat=0
split_feature=15 7 14 7 28 3 6 13 16 15 6 3 16 7 3 3 28 30
split_gain=6.54491e+09 5.64968e+09 4.00613e+09 4.52797e+09 3.38275e+09 2.59271e+09 2.69423e+09 2.66121e+09 2.31718e+09 2.21797e+09 2.20362e+09 2.26718e+09 2.26134e+09 3.01313e+09 2.19223e+09 3.40855e+09 1.95205e+09 1.89321e+09
threshold=14.681250000000004 -0.70710678118654735 60.187500000000007 -0.13052619222005171 -1.8237962249614783 4.5000000000000009 1.0000000180025095e-35 3.3562500000000006 0.81250000000000011 20.106250000000006 1.0000000180025095e-35 2.5000000000000004 386.68750000000006 0.55438071450436044 5.5000000000000009 3.5000000000000004 0.64387840670859575 280.56875000000008
decision_type=2 2 2 2 2 2 2 2 2 2 2 2 2 2 2 2 2 2
left_child=1 14 9 16 17 6 7 -5 -9 -2 11 -6 13 -13 15 -1 -4 -3
right_child=2 4 3 5 10 -7 -8 8 -10 -11 -12 12 -14 -15 -16 -17 -18 -19
leaf_value=11.611006865593639 -9.2193343100509786 -10.531526099882276 5.7788186844207434 4.950021514959781 2.3892468790650545 -15.713391728771365 -36.706509285258029 -15.012810607047992 -0.45313744067653305 -27.04759710325051 -21.399311727998896 2.7956969591330978 -14.035959473519947 -6.7763727407936738 20.974875177058543 -1.9424317237945103 -3.3566464757604475 7.3047552927413957
leaf_weight=29413 12884 3401 31656 13673 60781 14249 1301 11697 11368 5152 2834 34080 9476 35319 6955 14666 20213 40682
leaf_count=29413 12884 3401 31656 13673 60781 14249 1301 11697 11368 5152 2834 34080 9476 35319 6955 14666 20213 40682
internal_value=-9.52695e-10 2.22121 -4.31919 -2.58882 0.369118 -7.3579 -4.22802 -3.07786 -7.83681 -14.312 -1.35088 -0.944043 -3.51267 -2.07578 8.99218 7.1015 2.21879 5.92869
internal_weight=359800 237607 122193 104157 186573 52288 38039 36738 23065 18036 142490 139656 78875 69399 51034 44079 51869 44083
internal_count=359800 237607 122193 104157 186573 52288 38039 36738 23065 18036 142490 139656 78875 69399 51034 44079 51869 44083
is_linear=0
shrinkage=0.0229654


Tree=172
num_leaves=19
num_cat=0
split_feature=15 7 14 0 0 32 11 0 17 6 15 29 28 13 28 17 33 11
split_gain=6.37817e+09 4.54234e+09 5.58959e+09 4.68985e+09 4.34981e+09 3.47413e+09 2.96421e+09 2.85631e+09 2.42695e+09 2.41025e+09 2.18703e+09 2.04357e+09 1.95339e+09 1.74917e+09 1.5844e+09 1.4674e+09 1.3855e+09 1.33757e+09
threshold=10.943750000000003 0.65793410509763428 68.062500000000014 42.500000000000007 34.500000000000007 1.2625000000000004 108.00000000000001 22.500000000000004 26.312500000000004 1.0000000180025095e-35 20.531250000000004 1.0000000180025095e-35 1.3780550373134333 3.6062500000000011 -5.0299502899751438 71.312500000000014 0.14236111111111113 108.00000000000001
decision_type=2 2 2 2 2 2 2 2 2 2 2 2 2 2 2 2 2 2
left_child=5 2 4 7 8 6 14 -4 -2 13 16 -7 15 -3 -1 -9 -10 -12
right_child=1 9 3 -5 -6 11 -8 12 10 -11 17 -13 -14 -15 -16 -17 -18 -19
leaf_value=23.423935738054222 -26.661111723126691 -2.2800786865961609 -0.75351474776954164 -7.5046664975843429 0.98191690034601531 8.968378823865093 1.5095475958096112 4.1170117264556634 -8.2475535420210591 -41.257583205481524 -30.791392034408464 -1.8990512047151094 0.94356801501776166 -11.47280663715113 9.2962069804163345 13.45704942536139 8.9663946948041797 -7.1176594475374895
leaf_weight=4650 4926 17699 33232 20846 24159 10929 30632 13144 21006 1175 3518 55320 16011 28488 42018 27293 2794 1960
leaf_count=4650 4926 17699 33232 20846 24159 10929 30632 13144 21006 1175 3518 55320 16011 28488 42018 27293 2794 1960
internal_value=6.92033e-10 -2.49122 -0.728642 2.30735 -6.4781 3.75293 7.06041 4.58813 -11.7473 -8.77645 -9.23802 -0.106267 7.73286 -7.95013 10.7039 10.4211 -6.22672 -22.3211
internal_weight=359800 216251 168889 110526 58363 143549 77300 89680 34204 47362 29278 66249 56448 46187 46668 40437 23800 5478
internal_count=359800 216251 168889 110526 58363 143549 77300 89680 34204 47362 29278 66249 56448 46187 46668 40437 23800 5478
is_linear=0
shrinkage=0.0229654


Tree=173
num_leaves=19
num_cat=0
split_feature=7 6 3 26 14 7 16 26 8 14 3 3 16 1 8 8 17 17
split_gain=6.15673e+09 4.96922e+09 5.91222e+09 4.2744e+09 3.18597e+09 2.94864e+09 4.64614e+09 2.59548e+09 2.84305e+09 6.67369e+09 5.61755e+09 2.23721e+09 2.30151e+09 2.09983e+09 2.04374e+09 1.94443e+09 1.93677e+09 1.73584e+09
threshold=-0.89495246814786256 1.0000000180025095e-35 4.5000000000000009 6.0217447916666682 74.937500000000014 0.55438071450436044 343.56250000000006 21.246223958333335 1.0000000180025095e-35 66.562500000000014 1.0000000180025095e-35 5.5000000000000009 1.0000000180025095e-35 8.5000000000000018 0.38268343236508956 0.25881904510252057 32.312500000000007 76.812500000000014
decision_type=2 2 2 2 2 2 2 2 2 2 2 2 2 2 2 2 2 2
left_child=4 2 3 -2 -1 6 11 8 9 16 17 13 -13 -4 -3 -7 -5 -11
right_child=1 14 5 7 -6 15 -8 -9 -10 10 -12 12 -14 -15 -16 -17 -18 -19
leaf_value=2.8473510632107666 8.1684763826306295 -31.594198031161362 10.094868818614172 -21.561285230032752 14.510463413193831 -15.989217568885875 -15.058956787565963 15.8822399906618 -3.6568978855183287 11.418653454069709 2.8165336100086975 -0.96919728258886007 14.049022355662963 -7.8540946410009003 -6.3870417059685458 -4.4409118848633335 -4.9491686398384376 29.089059718682364
leaf_weight=32573 38722 3864 4288 4695 19899 19224 12324 5095 86695 5690 48434 11341 10242 17333 3024 12816 17492 6049
leaf_count=32573 38722 3864 4288 4695 19899 19224 12324 5095 86695 5690 48434 11341 10242 17333 3024 12816 17492 6049
internal_value=-1.11859e-09 -1.24131 -0.799148 1.26711 7.27036 -5.82208 -2.62095 -0.267402 -0.754121 2.30144 6.27105 0.927002 6.15755 -4.29435 -20.5276 -11.3699 -8.46447 20.5241
internal_weight=359800 307328 300440 212872 52472 87568 55528 174150 169055 82360 60173 43204 21583 21621 6888 32040 22187 11739
internal_count=359800 307328 300440 212872 52472 87568 55528 174150 169055 82360 60173 43204 21583 21621 6888 32040 22187 11739
is_linear=0
shrinkage=0.0229654


Tree=174
num_leaves=19
num_cat=0
split_feature=15 7 4 31 14 0 6 3 8 15 3 3 29 26 0 35 3 7
split_gain=6.12188e+09 5.16749e+09 4.15868e+09 3.09732e+09 2.81233e+09 3.49429e+09 2.41047e+09 2.71186e+09 2.21011e+09 2.14244e+09 2.07306e+09 3.2336e+09 2.06407e+09 1.92792e+09 1.88581e+09 1.99022e+09 1.75985e+09 2.36137e+09
threshold=14.681250000000004 -0.70710678118654735 1.5000000000000002 1.0000000180025095e-35 54.312500000000007 16.500000000000004 1.0000000180025095e-35 3.5000000000000004 -0.19467261866128607 6.918750000000002 5.5000000000000009 3.5000000000000004 1.0000000180025095e-35 8.0907552083333361 42.500000000000007 23358.500000000004 5.5000000000000009 -0.13052619222005171
decision_type=2 2 2 2 2 2 2 2 2 2 2 2 2 2 2 2 2 2
left_child=1 10 13 9 8 -6 7 14 -4 -3 11 -1 -5 -2 15 -7 -9 -18
right_child=2 3 4 12 5 6 -8 16 -10 -11 -12 -13 -14 -15 -16 -17 17 -19
leaf_value=11.177484412627859 -1.8898030000087604 9.4624853081321554 -27.187884875532909 5.1093138024562306 -12.198214588396343 16.425119951174594 -31.997334957501732 -10.507221108817015 -4.7760752786566796 1.3183709423016399 20.276278482834844 -2.0235482143916177 -4.6780861448071898 14.696254679135151 -9.4693405829992923 1.9181833896032336 7.6583271846399734 -15.892834078105643
leaf_weight=29413 6756 21329 5473 13689 24055 6043 1397 20745 4029 84641 6955 14666 66914 8161 6026 28560 7794 3154
leaf_count=29413 6756 21329 5473 13689 24055 6043 1397 20745 4029 84641 6955 14666 66914 8161 6026 28560 7794 3154
internal_value=2.10459e-10 2.14822 -4.17727 0.376933 -5.75713 -4.59795 -2.11793 -1.54077 -17.6849 2.95757 8.62381 6.78523 -3.01587 7.18433 2.38692 4.45165 -6.57588 0.873493
internal_weight=359800 237607 122193 186573 107276 97774 73719 72322 9502 105970 51034 44079 80603 14917 40629 34603 31693 10948
internal_count=359800 237607 122193 186573 107276 97774 73719 72322 9502 105970 51034 44079 80603 14917 40629 34603 31693 10948
is_linear=0
shrinkage=0.0229654


Tree=175
num_leaves=19
num_cat=0
split_feature=15 4 15 35 1 23 1 18 35 30 16 35 30 25 29 35 33 0
split_gain=5.93403e+09 4.1112e+09 4.19871e+09 3.2559e+09 3.19056e+09 2.64508e+09 2.20187e+09 2.10029e+09 1.86258e+09 1.78747e+09 1.70855e+09 2.07932e+09 1.4431e+09 1.49993e+09 1.1814e+09 1.14521e+09 1.11676e+09 1.11607e+09
threshold=10.831250000000002 1.5000000000000002 20.106250000000006 25096.500000000004 7.5000000000000009 4.5875000000000021 21.500000000000004 0.014375000000000002 17399.500000000004 1827.9687500000002 229.81250000000003 23238.500000000004 1092.6062500000003 3.5919270833333337 1.5750000000000031 34388.000000000007 0.78819444444444453 22.500000000000004
decision_type=2 2 2 2 2 2 2 2 2 2 2 2 2 2 2 2 2 2
left_child=3 12 4 8 -3 6 10 15 -1 -5 11 -6 -2 -14 -4 -7 -13 -12
right_child=1 2 14 9 5 7 -8 -9 -10 -11 17 16 13 -15 -16 -17 -18 -19
leaf_value=-13.749597111027677 14.53165074220262 -7.0791308626791896 -32.846787206014021 6.3383535802126607 22.331155223999737 -15.815418945096622 -7.3216090989859461 1.4734977883067875 1.410738337094408 19.906496179635209 -10.229895813624401 3.1902962024097734 15.952208117880643 -1.7011039361816389 -9.8828234756727404 -84.023749488300282 18.70188770136717 0.52971844753634556
leaf_weight=4540 8332 44947 1225 57663 3440 7881 13397 5517 72982 5620 6325 51932 3324 10741 33309 132 2569 25924
leaf_count=4540 8332 44947 1225 57663 3440 7881 13397 5517 72982 5620 6325 51932 3324 10741 33309 132 2569 25924
internal_value=-2.30837e-10 -2.36489 -3.42694 3.67812 -1.87769 0.118517 1.36584 -9.43113 0.522888 7.54331 2.65629 5.01446 6.95769 2.47093 -10.6974 -16.939 3.92146 -1.58057
internal_weight=359800 218995 196598 140805 162064 117117 103587 13530 77522 63283 90190 57941 22397 14065 34534 8013 54501 32249
internal_count=359800 218995 196598 140805 162064 117117 103587 13530 77522 63283 90190 57941 22397 14065 34534 8013 54501 32249
is_linear=0
shrinkage=0.0229654


Tree=176
num_leaves=19
num_cat=0
split_feature=6 3 1 3 16 7 3 4 7 1 4 26 1 17 3 3 8 8
split_gain=5.6866e+09 6.21245e+09 5.86218e+09 5.57477e+09 3.59696e+09 4.93969e+09 4.05315e+09 3.38351e+09 3.34177e+09 3.17573e+09 2.73734e+09 2.32867e+09 2.23213e+09 2.22529e+09 2.13542e+09 1.89042e+09 1.85404e+09 1.80547e+09
threshold=1.0000000180025095e-35 3.5000000000000004 5.5000000000000009 1.0000000180025095e-35 390.43750000000006 0.55438071450436044 5.5000000000000009 2.5000000000000004 -0.13052619222005171 19.500000000000004 1.5000000000000002 10.067578125000002 18.500000000000004 84.687500000000014 4.5000000000000009 1.0000000180025095e-35 0.25881904510252057 -0.065263096110025884
decision_type=2 2 2 2 2 2 2 2 2 2 2 2 2 2 2 2 2 2
left_child=1 2 15 9 5 6 -3 11 12 10 -4 -5 -8 -12 -7 -1 -16 -2
right_child=17 4 3 7 -6 14 8 -9 -10 -11 13 -13 -14 -15 16 -17 -18 -19
leaf_value=-11.785143910653797 -30.397127683173135 -1.9326145098366407 39.077537580472921 12.888452184434136 -12.140232823184082 -0.63679318114650652 21.997366251411986 0.9995490903994434 -1.8631225848284714 0.46430433306378344 9.8038689893375359 -19.331774514714972 5.9320694060452981 24.457409006115373 -15.544128489794648 -1.2357832360549599 -4.2552840136143564 -8.645036287163018
leaf_weight=11712 3864 56468 2688 20633 19963 15551 9833 92448 10180 7808 16456 1255 8508 8184 19121 38112 12816 4200
leaf_count=11712 3864 56468 2688 20633 19963 15551 9833 92448 10180 7808 16456 1255 8508 8184 19121 38112 12816 4200
internal_value=-1.8597e-09 0.437156 3.10646 5.38047 -3.05261 -1.6832 1.63165 2.92185 8.68846 13.3811 17.0716 11.041 14.545 14.6709 -7.61577 -3.71559 -11.014 -19.0679
internal_weight=359800 351736 199296 149472 152440 132477 84989 114336 28521 35136 27328 21888 18341 24640 47488 49824 31937 8064
internal_count=359800 351736 199296 149472 152440 132477 84989 114336 28521 35136 27328 21888 18341 24640 47488 49824 31937 8064
is_linear=0
shrinkage=0.0229654


Tree=177
num_leaves=19
num_cat=0
split_feature=7 16 8 17 17 3 26 25 3 10 6 35 12 10 36 21 22 18
split_gain=5.51894e+09 4.48933e+09 6.30953e+09 6.18129e+09 3.21039e+09 3.20454e+09 2.76348e+09 2.90348e+09 2.74911e+09 2.60627e+09 2.22536e+09 1.93903e+09 1.75966e+09 1.72778e+09 1.6161e+09 1.56101e+09 1.52208e+09 1.50804e+09
threshold=-0.89495246814786256 336.56250000000006 -0.5 76.812500000000014 27.062500000000004 1.0000000180025095e-35 20.159505208333339 8.9502604166666693 4.5000000000000009 0.6830127018922193 1.0000000180025095e-35 23703.500000000004 1.2812500000000002 -0.24999999999999994 34693.000000000007 4.6644531250000014 6.8898003472222236 0.014375000000000002
decision_type=2 2 2 2 2 2 2 2 2 2 2 2 2 2 2 2 2 2
left_child=9 2 3 8 -3 10 7 -4 12 -1 14 13 -2 -7 -5 -13 -9 -6
right_child=1 4 6 5 17 11 -8 16 -10 -11 -12 15 -14 -15 -16 -17 -18 -19
leaf_value=4.0904917625877264 34.005488141529199 -22.59071192531696 0.60170428062107939 38.923944673065961 -10.349911037945633 13.577376996468884 11.609123450377746 -20.96735776332703 -12.819467120212018 16.262776831690438 -24.538240878894477 18.04152966829443 0.83665457996884862 44.39759610136646 13.988145432806766 4.4227368149433302 -4.8314088667487356 -1.0817947234091265
leaf_weight=40432 877 6709 74630 3773 17110 3358 7237 3179 9085 12040 425 5290 22124 1343 2153 27591 102264 20180
leaf_count=40432 877 6709 74630 3773 17110 3358 7237 3179 9085 12040 425 5290 22124 1343 2153 27591 102264 20180
internal_value=-9.23038e-10 -1.17526 -0.0406788 5.53943 -7.96561 11.1359 -2.30534 -2.86456 -2.12342 6.88349 26.2239 8.58619 2.10134 22.3822 29.8644 6.61377 -5.31789 -5.33434
internal_weight=359800 307328 263329 76019 43999 43933 187310 180073 32086 52472 6351 37582 23001 4701 5926 32881 105443 37290
internal_count=359800 307328 263329 76019 43999 43933 187310 180073 32086 52472 6351 37582 23001 4701 5926 32881 105443 37290
is_linear=0
shrinkage=0.0229654


Tree=178
num_leaves=19
num_cat=0
split_feature=15 31 14 28 13 21 0 0 0 1 14 28 1 14 35 6 5 27
split_gain=5.80993e+09 4.44999e+09 3.64666e+09 2.93463e+09 2.73152e+09 2.65518e+09 2.54926e+09 2.45725e+09 1.97768e+09 1.9466e+09 1.74152e+09 1.61188e+09 1.59455e+09 2.46431e+09 1.91818e+09 1.5266e+09 1.48706e+09 1.45992e+09
threshold=15.731250000000003 0.22500000000000234 52.812500000000007 -4.683692002442001 0.73125000000000029 19.769921875000005 16.500000000000004 17.500000000000004 45.500000000000007 16.500000000000004 76.062500000000014 -0.54285714285714171 21.500000000000004 75.187500000000014 26978.500000000004 1.0000000180025095e-35 1.0000000180025095e-35 -1.8294828869047624
decision_type=2 2 2 2 2 2 2 2 2 2 2 2 2 2 2 2 2 2
left_child=1 3 9 -1 15 17 -6 -5 10 -2 11 -9 13 -8 -15 16 -4 -3
right_child=2 5 4 7 6 -7 12 8 -10 -11 -12 -13 -14 14 -16 -17 -18 -19
leaf_value=14.910310375362826 -32.762951225958183 -7.4726958015562648 9.9928775594274359 -0.44297016795102329 -13.192468737906275 7.4056501295185795 -6.5218592763402237 7.6106753334030737 -4.0590840201957477 -6.3803639166223398 10.032070873568181 -3.0709873459980863 -15.324128638972725 13.828225697928323 -0.52273067065949963 -29.680502777402264 -5.3479826306492066 -1.237472969477925
leaf_weight=12810 3575 28478 12538 53214 17226 14563 30005 16801 9395 2511 44120 13388 5220 6611 19116 660 4539 65030
leaf_count=12810 3575 28478 12538 53214 17226 14563 30005 16801 9395 2511 44120 13388 5220 6611 19116 660 4539 65030
internal_value=1.92405e-09 1.83565 -4.63946 4.39905 -3.54565 -1.71583 -5.39164 3.41562 5.86869 -21.8779 7.12387 2.87365 -3.18701 -2.05021 3.165 4.5908 5.91534 -3.13642
internal_weight=359800 257799 102001 149728 95915 108071 78178 136918 83704 6086 74309 30189 60952 55732 25727 17737 17077 93508
internal_count=359800 257799 102001 149728 95915 108071 78178 136918 83704 6086 74309 30189 60952 55732 25727 17737 17077 93508
is_linear=0
shrinkage=0.0229654


Tree=179
num_leaves=19
num_cat=0
split_feature=7 3 26 14 8 17 1 26 14 8 14 36 36 3 3 36 14 7
split_gain=5.23018e+09 4.36603e+09 3.30181e+09 2.75128e+09 2.7057e+09 2.83923e+09 4.73416e+09 2.04667e+09 2.38488e+09 2.80365e+09 4.35925e+09 2.53e+09 1.91547e+09 1.90752e+09 1.5412e+09 1.85525e+09 1.73854e+09 1.69214e+09
threshold=-0.89495246814786256 4.5000000000000009 6.4535156250000005 74.562500000000014 0.44134171618254503 87.187500000000014 9.5000000000000018 21.610286458333338 48.687500000000007 -0.44134171618254459 74.062500000000014 23720.500000000004 23088.500000000004 5.5000000000000009 5.5000000000000009 20158.000000000004 67.312500000000014 0.13052619222005182
decision_type=2 2 2 2 2 2 2 2 2 2 2 2 2 2 2 2 2 2
left_child=3 2 -2 -1 5 14 -7 8 -4 10 12 -12 -10 -8 15 -3 -17 -16
right_child=1 4 7 -5 -6 6 13 -9 9 -11 11 -13 -14 -15 17 16 -18 -19
leaf_value=2.5376912550016555 6.1533070236572174 -7.5853007790929539 -17.123841446267669 13.343288928004572 -0.68338890008125763 -12.95418174644143 -0.24603156099902987 14.268555032831074 4.0063076402262698 -3.2454766478072434 25.360143635701977 6.1638554593657142 -7.6843613761039373 22.243330991988518 1.6913022954293291 -40.176419651287041 -18.240539944254923 -13.262420019355513
leaf_weight=32255 44716 6510 4848 20217 36304 8502 3754 4605 11756 98600 4096 31228 19911 4231 6377 2433 8790 10667
leaf_count=32255 44716 6510 4848 20217 36304 8502 3754 4605 11756 98600 4096 31228 19911 4231 6377 2433 8790 10667
internal_value=-3.82376e-10 -1.1441 0.583784 6.70099 -5.48039 -8.87752 -1.02799 -0.838982 -1.24716 -0.782344 2.84299 8.38976 -3.34434 11.6704 -12.5988 -17.3385 -22.996 -7.6675
internal_weight=359800 307328 219760 52472 87568 51264 16487 175044 170439 165591 66991 35324 31667 7985 34777 17733 11223 17044
internal_count=359800 307328 219760 52472 87568 51264 16487 175044 170439 165591 66991 35324 31667 7985 34777 17733 11223 17044
is_linear=0
shrinkage=0.0229654


Tree=180
num_leaves=19
num_cat=0
split_feature=15 4 15 6 28 1 17 1 14 35 17 26 25 30 26 0 25 28
split_gain=5.66625e+09 3.47664e+09 3.70905e+09 3.10926e+09 3.05531e+09 2.59243e+09 2.58511e+09 2.59281e+09 2.54569e+09 2.3475e+09 1.55804e+09 1.66014e+09 1.54336e+09 1.53263e+09 1.49078e+09 1.43219e+09 1.3988e+09 1.29291e+09
threshold=11.531250000000004 1.5000000000000002 20.106250000000006 1.0000000180025095e-35 -1.7538252508361214 7.5000000000000009 82.812500000000014 19.500000000000004 54.312500000000007 18096.500000000004 85.937500000000014 20.607161458333337 1.0000000180025095e-35 1102.9375000000002 2.5639322916666671 17.500000000000004 5.9622395833333339 7.6875113378684805
decision_type=2 2 2 2 2 2 2 2 2 2 2 2 2 2 2 2 2 2
left_child=4 13 3 5 12 -3 16 -8 -4 -6 11 -11 -1 -2 -15 -12 -7 -18
right_child=1 2 8 -5 9 6 7 -9 -10 10 15 -13 -14 14 -16 -17 17 -19
leaf_value=26.118865256875345 13.885265457186719 -6.6137225292831152 -32.944662085556068 -23.667344659293509 -11.063595546523956 6.3930905170266081 8.7058646477625583 -6.0484313660971933 -8.6531061735348622 -0.40815703623109384 1.106550546240971 11.567956468913874 7.497963312769671 19.85948252875669 -2.0234046259745089 11.296854760424868 -4.0093610168868796 20.095949370669768
leaf_weight=2500 8340 37874 2449 3410 7513 8616 27866 8110 32085 74948 13176 6646 38495 1931 10968 16239 57436 1198
leaf_count=2500 8340 37874 2449 3410 7513 8616 27866 8110 32085 74948 13176 6646 38495 1931 10968 16239 57436 1198
internal_value=6.66937e-10 -2.57201 -3.61413 -1.99829 3.22931 -1.47461 0.410953 5.37983 -10.3758 1.36008 2.2009 0.567322 8.63352 6.21305 1.2525 6.73226 -2.24719 -3.51685
internal_weight=359800 200283 179044 144510 159517 141100 103226 35976 34534 118522 111009 81594 40995 21239 12899 29415 67250 58634
internal_count=359800 200283 179044 144510 159517 141100 103226 35976 34534 118522 111009 81594 40995 21239 12899 29415 67250 58634
is_linear=0
shrinkage=0.0229654


Tree=181
num_leaves=19
num_cat=0
split_feature=15 7 14 8 8 17 7 6 28 17 35 16 33 15 6 16 35 11
split_gain=5.41657e+09 3.79009e+09 4.60572e+09 5.16208e+09 3.87901e+09 3.11858e+09 2.80189e+09 2.17784e+09 1.96323e+09 1.95984e+09 1.84359e+09 2.17911e+09 2.03134e+09 1.74168e+09 1.63652e+09 1.83477e+09 1.55084e+09 1.47573e+09
threshold=10.831250000000002 0.65793410509763428 64.562500000000014 0.55438071450436011 -0.19467261866128607 78.937500000000014 -0.70710678118654735 1.0000000180025095e-35 -1.2947295321637429 27.812500000000004 28882.500000000004 121.06250000000001 0.40625000000000006 20.531250000000004 1.0000000180025095e-35 218.43750000000003 17399.500000000004 132.00000000000003
decision_type=2 2 2 2 2 2 2 2 2 2 2 2 2 2 2 2 2 2
left_child=6 2 4 5 9 -4 -1 -3 17 -2 12 -12 14 -11 15 -7 -10 -8
right_child=1 7 3 -5 -6 10 8 -9 16 13 11 -13 -14 -15 -16 -17 -18 -19
leaf_value=10.407871151740872 -26.368266025157894 -7.1700764492851521 0.33670901711729317 -4.1442500464080672 0.8293672161417498 24.948349558723059 8.9939440236650334 -38.564934782273816 -14.854891602517487 -6.7321859732277538 9.0957382650699454 -8.5526862434918645 73.580715077700532 -23.430227682009843 -25.914660662440145 8.2342156602267078 0.64226052367354891 -1.6568278441138686
leaf_weight=25470 4457 46974 34076 48657 20328 6819 27765 1195 3568 18527 21650 4448 319 4007 498 7040 74889 9113
leaf_count=25470 4457 46974 34076 48657 20328 6819 27765 1195 3568 18527 21650 4448 319 4007 498 7040 74889 9113
internal_value=1.61475e-10 -2.25942 -0.655113 1.67898 -6.74731 5.46443 3.5141 -7.94894 1.99171 -12.4536 9.74981 6.08784 16.2618 -9.70143 14.9882 16.458 -0.0625056 6.36201
internal_weight=359800 218995 170826 123507 47319 74850 140805 48169 115335 26991 40774 26098 14676 22534 14357 13859 78457 36878
internal_count=359800 218995 170826 123507 47319 74850 140805 48169 115335 26991 40774 26098 14676 22534 14357 13859 78457 36878
is_linear=0
shrinkage=0.0229654


Tree=182
num_leaves=19
num_cat=0
split_feature=6 3 0 3 16 4 0 14 0 3 0 3 0 12 3 4 8 30
split_gain=5.20056e+09 5.69269e+09 5.15738e+09 5.22281e+09 3.15509e+09 2.90826e+09 2.89538e+09 2.52074e+09 2.3345e+09 6.44611e+09 2.57043e+09 2.75076e+09 2.20578e+09 2.19349e+09 1.76967e+09 1.71537e+09 1.70748e+09 1.67107e+09
threshold=1.0000000180025095e-35 3.5000000000000004 12.500000000000002 1.0000000180025095e-35 375.68750000000006 2.5000000000000004 41.500000000000007 65.062500000000014 21.500000000000004 5.5000000000000009 6.5000000000000009 4.5000000000000009 38.500000000000007 10.306250000000004 1.0000000180025095e-35 1.5000000000000002 -0.065263096110025884 616.34375000000011
decision_type=2 2 2 2 2 2 2 2 2 2 2 2 2 2 2 2 2 2
left_child=1 2 14 6 8 13 7 -4 10 -10 -3 -12 -11 17 -1 -9 -2 -5
right_child=16 4 3 5 -6 -7 -8 15 9 12 11 -13 -14 -15 -16 -17 -18 -19
leaf_value=-11.2331442585498 -29.252321502175509 2.4256795523415087 4.2740407741491619 81.146544135700651 -11.123684610179888 0.94426001824869232 -0.56825859944355273 36.983942302715583 -3.6588918269830977 18.472667244654573 0.42774529650261361 -11.509080132509576 3.972674207563673 -19.051164836319781 -1.0262655052610554 17.539718817595855 -8.0987425516213953 11.438753211368244
leaf_weight=11712 3864 19064 7126 183 21286 92448 6832 2750 43703 11578 15146 31065 10598 1269 38112 18428 4200 20436
leaf_count=11712 3864 19064 7126 183 21286 92448 6832 2750 43703 11578 15146 31065 10598 1269 38112 18428 4200 20436
internal_value=-1.04984e-09 0.418057 2.97326 5.1062 -2.92254 2.72645 12.8501 16.0891 -1.59151 1.45835 -4.66959 -7.5967 11.5431 10.2538 -3.42557 20.0646 -18.2348 12.0574
internal_weight=359800 351736 199296 149472 152440 114336 35136 28304 131154 65879 65275 46211 22176 21888 49824 21178 8064 20619
internal_count=359800 351736 199296 149472 152440 114336 35136 28304 131154 65879 65275 46211 22176 21888 49824 21178 8064 20619
is_linear=0
shrinkage=0.0229654


Tree=183
num_leaves=19
num_cat=0
split_feature=15 7 4 11 28 3 3 14 0 24 16 7 18 4 32 0 14 13
split_gain=5.36065e+09 4.40485e+09 3.90456e+09 2.87565e+09 2.69598e+09 2.14186e+09 3.33637e+09 1.98445e+09 1.91873e+09 1.79174e+09 1.74544e+09 2.41892e+09 2.02965e+09 1.76994e+09 1.6416e+09 1.54413e+09 2.67094e+09 1.53975e+09
threshold=16.118750000000006 -0.70710678118654735 1.5000000000000002 84.000000000000014 -1.2947295321637429 5.5000000000000009 3.5000000000000004 56.187500000000007 18.500000000000004 1.0000000180025095e-35 394.31250000000006 0.75023006073889154 0.014375000000000002 5.5000000000000009 44.443750000000016 40.500000000000007 73.812500000000014 18.868750000000006
decision_type=2 2 2 2 2 2 2 2 2 2 2 2 2 2 2 2 2 2
left_child=1 5 9 7 14 6 -1 -4 -9 -2 11 17 13 -12 -3 16 -10 -6
right_child=2 4 3 -5 10 -7 -8 8 15 -11 12 -13 -14 -15 -16 -17 -18 -19
leaf_value=9.6012170008585827 12.33178166171216 5.6770209958212252 -24.464691900022196 -2.3383325213688937 0.94580359387220359 18.202433079212355 -2.8621419500397827 -17.669654153603936 -10.793474448457411 -6.4269018329394898 -24.307911932264449 -4.8099853094791989 1.9856072770407034 -5.9680104272794559 -5.4269226285879553 -16.706490593638932 5.9916093355226456 14.342678473009441
leaf_weight=34157 9372 52052 5002 42124 75791 8065 16949 9731 10444 3764 5072 46993 6343 6129 8117 5291 9592 4812
leaf_count=34157 9372 52052 5002 42124 75791 8065 16949 9731 10444 3764 5072 46993 6343 6129 8117 5291 9592 4812
internal_value=-1.46621e-09 1.68286 -4.66935 -6.52761 0.0917726 7.20354 5.46782 -10.9327 -9.00202 6.95665 -1.60265 -0.668793 -8.39449 -14.2726 4.17906 -5.6718 -2.75781 1.7456
internal_weight=359800 264480 95320 82184 205309 59171 51106 40060 35058 13136 145140 127596 17544 11201 60169 25327 20036 80603
internal_count=359800 264480 95320 82184 205309 59171 51106 40060 35058 13136 145140 127596 17544 11201 60169 25327 20036 80603
is_linear=0
shrinkage=0.0229654


Tree=184
num_leaves=19
num_cat=0
split_feature=15 7 23 4 15 14 3 0 6 7 3 3 28 14 1 28 24 0
split_gain=5.14107e+09 3.54637e+09 4.1432e+09 3.0645e+09 2.84089e+09 2.30373e+09 2.08144e+09 2.27596e+09 2.22885e+09 2.02487e+09 1.88449e+09 2.60989e+09 1.70808e+09 1.7056e+09 1.69802e+09 1.59661e+09 1.53155e+09 1.52619e+09
threshold=13.068750000000003 -0.13052619222005171 5.3000000000000043 1.5000000000000002 20.106250000000006 54.312500000000007 4.5000000000000009 9.5000000000000018 1.0000000180025095e-35 0.65793410509763428 5.5000000000000009 4.5000000000000009 -4.683692002442001 62.312500000000007 20.500000000000004 7.6875113378684805 0.17499999999999991 34.500000000000007
decision_type=2 2 2 2 2 2 2 2 2 2 2 2 2 2 2 2 2 2
left_child=1 2 10 16 9 -6 8 -8 12 13 11 -1 -3 15 -15 17 -2 -5
right_child=3 6 -4 4 5 -7 7 -9 -10 -11 -12 -13 -14 14 -16 -17 -18 -19
leaf_value=8.9576565642188868 9.9319886904025054 15.650731151870744 -8.5085150135819951 -12.708961500620386 -31.40510077637353 -8.2968096879254976 3.0245921920193766 -9.0542814971098302 -19.106195400191414 -8.5162726835520726 17.788106825384332 -3.8396542529561923 1.7811286002709088 2.9902097813609325 -6.7982741538515539 25.937644333826178 -4.4159108895938868 -0.47776954870410016
leaf_weight=48202 13197 4977 8771 12204 2449 32085 12960 22530 2571 22357 9435 10180 79288 51162 11436 789 5584 9623
leaf_count=48202 13197 4977 8771 12204 2449 32085 12960 22530 2571 22357 9435 10180 79288 51162 11436 789 5584 9623
internal_value=-1.06442e-09 2.46886 6.34423 -3.05242 -4.20468 -9.93555 0.0425056 -4.6434 1.95764 -2.36487 8.26519 6.7262 2.60032 -0.750967 1.20196 -6.15639 5.66605 -7.31652
internal_weight=359800 198914 76588 160886 142105 34534 122326 35490 86836 107571 67817 58382 84265 85214 62598 22616 18781 21827
internal_count=359800 198914 76588 160886 142105 34534 122326 35490 86836 107571 67817 58382 84265 85214 62598 22616 18781 21827
is_linear=0
shrinkage=0.0229654


Tree=185
num_leaves=19
num_cat=0
split_feature=15 6 5 13 0 7 17 0 11 25 14 13 14 8 0 16 13 8
split_gain=4.97372e+09 3.62704e+09 3.64572e+09 3.64851e+09 3.03974e+09 2.56334e+09 2.49939e+09 3.10306e+09 2.46215e+09 2.89348e+09 2.12193e+09 2.02729e+09 2.19172e+09 1.59983e+09 1.48662e+09 1.35679e+09 1.5181e+09 1.26817e+09
threshold=10.481250000000003 1.0000000180025095e-35 1.0000000180025095e-35 0.53125000000000033 13.500000000000002 0.44134171618254497 82.812500000000014 40.500000000000007 108.00000000000001 10.92057291666667 64.562500000000014 23.881250000000005 51.312500000000007 -0.19467261866128607 34.500000000000007 641.31250000000011 19.231250000000006 0.13052619222005152
decision_type=2 2 2 2 2 2 2 2 2 2 2 2 2 2 2 2 2 2
left_child=8 2 3 17 -5 10 11 -8 9 -1 13 12 14 -4 -6 16 -11 -2
right_child=1 -3 5 4 6 -7 7 -9 -10 15 -12 -13 -14 -15 -16 -17 -18 -19
leaf_value=10.665462003319307 14.783805670064242 -20.643455639831362 -17.008335303008501 -7.6900944064529728 -24.603453138695826 -13.252050694680539 8.1971269093724715 -7.5073878286323579 -0.41443914785919767 1.1173887830216906 0.21969008029063902 22.380591416763416 -1.2485235550995164 -1.6876301230494162 -3.4586240269150124 -17.773127725311046 14.317555770253071 3.3508140520476299
leaf_weight=37933 10691 5402 8345 28918 3783 19144 33563 8271 50628 35925 30557 1744 58467 6315 3269 1762 5269 9814
leaf_count=37933 10691 5402 8345 28918 3783 19144 33563 8271 50628 35925 30557 1744 58467 6315 3269 1762 5269 9814
internal_value=-8.65715e-10 -2.04946 -1.59879 0.272749 -1.07019 -6.20836 0.684526 5.09219 3.55738 6.04332 -3.2262 -2.0568 -2.70728 -10.4087 -14.8016 1.96166 2.80578 9.3118
internal_weight=359800 228283 222881 158520 138015 64361 109097 41834 131517 80889 45217 67263 65519 14660 7052 42956 41194 20505
internal_count=359800 228283 222881 158520 138015 64361 109097 41834 131517 80889 45217 67263 65519 14660 7052 42956 41194 20505
is_linear=0
shrinkage=0.0229654


Tree=186
num_leaves=19
num_cat=0
split_feature=15 7 23 4 8 14 11 3 18 6 3 0 3 0 26 22 0 6
split_gain=4.89446e+09 4.4025e+09 4.15573e+09 3.34076e+09 2.89788e+09 4.68468e+09 2.85864e+09 2.30147e+09 2.27128e+09 2.1732e+09 2.36942e+09 2.41182e+09 2.40605e+09 1.88474e+09 1.77137e+09 1.56327e+09 1.56183e+09 1.55156e+09
threshold=18.256250000000005 0.75023006073889154 4.5875000000000021 1.5000000000000002 0.55438071450436011 77.312500000000014 84.000000000000014 1.0000000180025095e-35 0.014375000000000002 1.0000000180025095e-35 4.5000000000000009 11.500000000000002 1.0000000180025095e-35 24.500000000000004 19.946614583333339 2.863932291666667 46.500000000000007 1.0000000180025095e-35
decision_type=2 2 2 2 2 2 2 2 2 2 2 2 2 2 2 2 2 2
left_child=1 2 4 -2 5 13 -5 -7 17 10 11 -3 -13 -1 16 -9 -6 -4
right_child=3 9 8 6 14 7 -8 15 -10 -11 -12 12 -14 -15 -16 -17 -18 -19
leaf_value=-4.6076280344489788 6.7276317987986314 -5.8708518496335165 -10.332313680864862 -13.57722093314529 1.4005454002490048 24.095100129428435 -2.8891625086666259 25.900839525664857 3.8659117805303826 -29.915639981093786 -9.5897150531498099 18.535605949797294 0.98204168926506097 4.557072962778002 15.175776760520522 8.4805043019553032 -7.3612597155723476 -61.116900407992944
leaf_weight=15985 9441 22986 15315 25774 74298 6810 27049 2921 7680 1628 20858 5049 22343 45584 4336 38878 12541 324
leaf_count=15985 9441 22986 15315 25774 74298 6810 27049 2921 7680 1628 20858 5049 22343 45584 4336 38878 12541 324
internal_value=1.68146e-09 1.22531 2.81618 -5.85527 3.8791 6.38536 -8.1042 11.7149 -6.36181 -3.68007 -3.08049 -0.385473 4.21758 2.17767 0.850478 9.69787 0.135195 -11.3844
internal_weight=359800 297536 224672 62264 201353 110178 52823 48609 23319 72864 71236 50378 27392 61569 91175 41799 86839 15639
internal_count=359800 297536 224672 62264 201353 110178 52823 48609 23319 72864 71236 50378 27392 61569 91175 41799 86839 15639
is_linear=0
shrinkage=0.0229654


Tree=187
num_leaves=19
num_cat=0
split_feature=6 3 7 8 3 14 36 7 14 3 8 14 8 36 22 36 4 14
split_gain=4.65912e+09 5.09694e+09 3.75689e+09 3.68831e+09 6.22512e+09 2.73714e+09 2.4735e+09 2.13985e+09 4.16645e+09 3.31078e+09 2.24485e+09 2.08326e+09 1.73514e+09 1.71983e+09 1.78934e+09 2.70285e+09 1.69399e+09 1.63562e+09
threshold=1.0000000180025095e-35 3.5000000000000004 -0.82968937203783699 -0.19467261866128607 1.0000000180025095e-35 74.687500000000014 21757.500000000004 0.65793410509763428 69.062500000000014 5.5000000000000009 -0.065263096110025884 63.562500000000007 -0.65793410509763406 20158.000000000004 12.253776041666669 31796.500000000004 1.5000000000000002 53.312500000000007
decision_type=2 2 2 2 2 2 2 2 2 2 2 2 2 2 2 2 2 2
left_child=1 2 -1 4 11 6 -6 8 9 10 -3 -4 -11 -13 15 16 -15 -8
right_child=-2 7 3 -5 5 -7 17 -9 -10 12 -12 13 -14 14 -16 -17 -18 -19
leaf_value=9.3772198720106577 -17.259513119118683 -16.814438148286872 -0.006038864392029419 -1.9100852230813432 10.532150870169652 5.6082155983854305 -25.778040406060878 -7.2296782508363826 2.3073929143024778 -8.0127368032186315 -3.4706083529182012 54.025580635322385 8.8775840682514726 83.612381856410224 6.4548889687373432 13.391359232401406 33.459378136101421 -5.6545160588284702
leaf_weight=37368 8064 16552 3124 87192 4602 33394 2441 41288 69921 5205 11114 772 8360 392 4265 5232 3783 16731
leaf_count=37368 8064 16552 3124 87192 4602 33394 2441 41288 69921 5205 11114 772 8360 392 4265 5232 3783 16731
internal_value=1.09813e-09 0.395697 2.8135 1.29879 5.04249 1.36824 -4.5874 -2.76527 -1.10695 -6.89711 -11.4539 16.9988 2.39663 20.6767 18.7936 24.3878 38.1684 -8.21667
internal_weight=359800 351736 199296 161928 74736 57168 23774 152440 111152 41231 27666 17568 13565 14444 13672 9407 4175 19172
internal_count=359800 351736 199296 161928 74736 57168 23774 152440 111152 41231 27666 17568 13565 14444 13672 9407 4175 19172
is_linear=0
shrinkage=0.0229654


Tree=188
num_leaves=19
num_cat=0
split_feature=6 3 26 3 1 1 26 17 8 3 9 16 8 29 1 8 3 8
split_gain=4.44758e+09 4.93066e+09 4.10472e+09 3.642e+09 7.77117e+09 4.669e+09 2.79925e+09 2.58775e+09 4.77248e+09 4.04139e+09 2.28452e+09 1.76452e+09 1.59956e+09 1.61865e+09 1.63443e+09 1.569e+09 1.52086e+09 1.50781e+09
threshold=1.0000000180025095e-35 4.5000000000000009 6.0217447916666682 5.5000000000000009 10.500000000000002 4.5000000000000009 21.246223958333335 75.062500000000014 0.13052619222005152 1.0000000180025095e-35 -0.93301270189221908 589.18750000000011 -0.065263096110025884 36.23125000000001 9.5000000000000018 0.25881904510252057 1.0000000180025095e-35 -0.19467261866128607
decision_type=2 2 2 2 2 2 2 2 2 2 2 2 2 2 2 2 2 2
left_child=1 2 15 5 -5 -3 7 -4 9 -9 -6 -12 13 -2 -15 16 -1 -7
right_child=12 3 6 4 10 17 -8 8 -10 -11 11 -13 -14 14 -16 -17 -18 -19
leaf_value=23.801126296633054 -66.576199079041203 5.3205053964331173 -2.1646784478484853 -9.2487906775977429 33.22851483771462 -15.688862627782145 16.244718907352397 20.865047421565993 -2.8849792200175819 4.5709476000529126 8.734977516243454 -13.306147419570886 -7.0525992967358784 -44.113490465505741 -10.386923911755101 3.2942078514446433 9.4157195840640142 -6.8028276094797171
leaf_weight=4709 489 10720 106329 23400 1872 22512 5961 9934 39722 41847 23708 2084 4200 1149 2226 18800 21914 18224
leaf_count=4709 489 10720 106329 23400 1872 22512 5961 9934 39722 41847 23708 2084 4200 1149 2226 18800 21914 18224
internal_value=-3.91694e-10 0.386609 2.13056 -3.85277 0.492341 -8.16477 0.7391 0.27189 3.10325 7.69691 8.73202 6.95405 -16.8631 -27.5268 -21.8689 8.37344 11.9602 -11.7135
internal_weight=359800 351736 249216 102520 51064 51456 203793 197832 91503 51781 27664 25792 8064 3864 3375 45423 26623 40736
internal_count=359800 351736 249216 102520 51064 51456 203793 197832 91503 51781 27664 25792 8064 3864 3375 45423 26623 40736
is_linear=0
shrinkage=0.0229654


Tree=189
num_leaves=19
num_cat=0
split_feature=15 31 4 14 25 31 4 13 1 1 17 1 6 24 19 35 32 29
split_gain=4.7672e+09 3.54735e+09 3.22527e+09 2.42773e+09 2.30662e+09 2.30539e+09 2.21219e+09 1.95684e+09 1.93126e+09 1.7359e+09 1.87134e+09 1.70906e+09 1.69206e+09 1.68328e+09 1.41429e+09 1.47726e+09 2.14271e+09 1.46501e+09
threshold=15.731250000000003 0.22500000000000234 1.5000000000000002 48.687500000000007 1.0000000180025095e-35 209.90000000000001 8.5000000000000018 18.106250000000006 7.5000000000000009 7.5000000000000009 84.937500000000014 19.500000000000004 1.0000000180025095e-35 1.0000000180025095e-35 10.881250000000003 19773.500000000004 394.90625000000011 431.99375000000003
decision_type=2 2 2 2 2 2 2 2 2 2 2 2 2 2 2 2 2 2
left_child=1 4 13 -4 -1 6 -3 -8 -5 -6 -11 -12 14 -2 15 16 17 -10
right_child=2 5 3 8 9 -7 7 -9 12 10 11 -13 -14 -15 -16 -17 -18 -19
leaf_value=23.981650541283464 11.459479935663737 -4.3642018198242996 -25.468162970140007 -11.487384674524053 0.29220276562915604 7.0639348698035711 2.9554794145232441 35.192543988627826 15.429463588506859 2.8523128371422555 12.432380979765126 0.83939775178506271 -29.137055445093122 -6.211565527318335 15.240841446351773 -4.2846633017784486 -23.186067621155882 115.48167789582608
leaf_weight=2972 9562 78665 3192 19160 54416 14350 13987 1069 3360 56381 27040 8919 1301 4046 2241 58220 840 79
leaf_count=2972 9562 78665 3192 19160 54416 14350 13987 1069 3360 56381 27040 8919 1301 4046 2241 58220 840 79
internal_value=-7.81382e-10 1.66279 -4.20256 -5.80486 3.95149 -1.50811 -2.82061 5.24436 -5.06818 3.54585 5.46323 9.55694 -3.20583 6.20543 -2.68472 -3.32747 9.69613 17.7278
internal_weight=359800 257799 102001 88393 149728 108071 93721 15056 85201 146756 92340 35959 66041 13608 64740 62499 4279 3439
internal_count=359800 257799 102001 88393 149728 108071 93721 15056 85201 146756 92340 35959 66041 13608 64740 62499 4279 3439
is_linear=0
shrinkage=0.0229654


Tree=190
num_leaves=19
num_cat=0
split_feature=28 6 3 0 3 16 7 3 7 0 22 1 7 0 5 3 8 35
split_gain=4.40413e+09 3.94806e+09 4.22561e+09 3.99684e+09 4.47988e+09 2.52729e+09 3.37886e+09 3.63305e+09 2.70515e+09 2.38285e+09 1.80845e+09 1.7889e+09 1.74389e+09 1.70966e+09 1.6453e+09 1.57773e+09 1.49298e+09 1.48884e+09
threshold=-4.2968679950186788 1.0000000180025095e-35 3.5000000000000004 12.500000000000002 1.0000000180025095e-35 425.18750000000006 0.55438071450436044 5.5000000000000009 -0.13052619222005171 23.500000000000004 16.609244791666672 18.500000000000004 -0.79335334029123528 19.500000000000004 1.0000000180025095e-35 4.5000000000000009 -0.065263096110025884 36866.500000000007
decision_type=2 2 2 2 2 2 2 2 2 2 2 2 2 2 2 2 2 2
left_child=-1 2 3 -2 9 6 7 13 11 10 -5 -9 -6 -4 -15 -8 -3 -11
right_child=1 16 5 4 12 -7 15 8 -10 17 -12 -13 -14 14 -16 -17 -18 -19
leaf_value=10.888811562343189 -3.7488330164608139 -27.708838198119722 7.0938932710376577 25.033893645376505 6.3908459373781108 -11.582523541451538 -0.94276031323182607 19.26760822582655 -2.2141840064789409 5.922196010178526 0.37986854150287674 4.7585449667283797 -0.13257184911523476 -0.0031725860069362088 -8.5751426891950704 -10.157556320857422 -7.2861264746514998 32.926149567333184
leaf_weight=18579 47184 3598 7945 8413 29910 16680 14501 9874 9978 22476 1929 8207 77915 22921 24361 30226 3972 1131
leaf_count=18579 47184 3598 7945 8413 29910 16680 14501 9874 9978 22476 1929 8207 77915 22921 24361 30226 3972 1131
internal_value=1.22282e-09 -0.59288 -0.220789 2.0408 3.96766 -3.17425 -2.07866 0.655546 7.38475 11.243 20.4354 12.6819 1.67698 -2.76334 -4.41969 -7.17002 -16.993 7.21594
internal_weight=359800 341221 333651 188958 141774 144693 128013 83286 28059 33949 10342 18081 107825 55227 47282 44727 7570 23607
internal_count=359800 341221 333651 188958 141774 144693 128013 83286 28059 33949 10342 18081 107825 55227 47282 44727 7570 23607
is_linear=0
shrinkage=0.0229654


Tree=191
num_leaves=19
num_cat=0
split_feature=15 3 1 13 15 22 35 4 3 26 36 35 28 14 22 1 10 29
split_gain=4.66476e+09 2.98304e+09 3.05617e+09 2.71046e+09 2.1812e+09 2.0649e+09 1.86508e+09 1.70624e+09 3.09902e+09 1.60571e+09 1.56976e+09 1.39341e+09 1.44506e+09 1.3922e+09 1.65812e+09 1.35108e+09 1.33835e+09 1.57422e+09
threshold=10.481250000000003 3.5000000000000004 5.5000000000000009 3.443750000000001 20.406250000000004 2.863932291666667 17399.500000000004 11.500000000000002 1.5000000000000002 4.6667968750000011 20407.500000000004 25042.500000000004 0.21249999999999905 47.312500000000007 9.6250434027777789 22.500000000000004 -0.5 20.768750000000001
decision_type=2 2 2 2 2 2 2 2 2 2 2 2 2 2 2 2 2 2
left_child=5 2 -2 7 16 -1 -7 -4 -9 -10 11 12 -5 14 -12 -15 -3 -18
right_child=1 4 3 10 -6 6 -8 8 9 -11 13 -13 -14 15 -16 -17 17 -19
leaf_value=16.753791184002122 -6.6611529183274936 -7.2652520211217739 10.281280074178568 35.306383742857555 -12.54198247968653 -12.18777644175762 3.344478150559822 17.753836945523453 -57.541008340823723 -3.1734433136036619 -53.471312821895147 -36.646541772037068 4.6104190800329459 0.65975319803983212 -8.4376612646151905 -14.340719772876195 20.371065205851277 -1.9234556509407603
leaf_weight=5874 26647 30329 23800 1523 16851 4219 121424 1075 722 475 492 256 1725 67366 3490 3323 1730 48479
leaf_count=5874 26647 30329 23800 1523 16851 4219 121424 1075 722 475 492 256 1725 67366 3490 3323 1730 48479
internal_value=1.92875e-09 -1.98478 0.279666 2.05384 -5.02827 3.44512 2.82292 8.46609 -10.5487 -35.9666 -0.0847013 14.9381 19.0039 -0.789659 -14.0018 -0.0454 -3.45617 -1.15528
internal_weight=359800 228283 130894 104247 97389 131517 125643 26072 2272 1197 78175 3504 3248 74671 3982 70689 80538 50209
internal_count=359800 228283 130894 104247 97389 131517 125643 26072 2272 1197 78175 3504 3248 74671 3982 70689 80538 50209
is_linear=0
shrinkage=0.0229654


Tree=192
num_leaves=19
num_cat=0
split_feature=7 6 3 8 3 16 8 17 1 26 35 17 3 3 17 8 3 7
split_gain=4.03225e+09 3.29024e+09 3.96654e+09 2.71387e+09 5.74948e+09 3.29977e+09 2.08766e+09 2.38337e+09 3.90463e+09 1.97136e+09 1.97108e+09 1.82951e+09 1.75915e+09 3.80469e+09 1.71507e+09 1.59757e+09 1.57037e+09 1.454e+09
threshold=-0.89495246814786256 1.0000000180025095e-35 4.5000000000000009 1.0000000180025095e-35 1.0000000180025095e-35 274.56250000000006 0.44134171618254503 87.187500000000014 9.5000000000000018 20.899348958333338 42681.500000000007 76.812500000000014 5.5000000000000009 3.5000000000000004 17.062500000000004 0.25881904510252057 5.5000000000000009 -0.32075123873380551
decision_type=2 2 2 2 2 2 2 2 2 2 2 2 2 2 2 2 2 2
left_child=10 2 3 4 11 -6 7 -4 -9 17 12 -2 13 -1 -7 -3 -10 -5
right_child=1 15 6 9 5 14 -8 8 16 -11 -12 -13 -14 -15 -16 -17 -18 -19
leaf_value=8.2554855781832241 8.3873364380929107 -26.976414559367988 -11.152501669143373 2.2487621210380562 4.5113852652342317 -24.191350355726726 -0.54533298115296713 -11.382242139277309 0.16894304029926865 16.838030865097529 36.02295944815814 22.484333360692961 15.552898174547034 -6.0857974759087732 -3.4045028364834793 -4.7968039313850044 20.574320442979243 -3.7044292328349977
leaf_weight=29280 10452 3696 34777 30294 53972 2262 36304 8502 3754 3012 1120 9068 7440 14632 28086 3192 4231 75726
leaf_count=29280 10452 3696 34777 30294 53972 2262 36304 8502 3754 3012 1120 9068 7440 14632 28086 3192 4231 75726
internal_value=5.8707e-10 -1.00457 -0.644775 1.04767 3.70475 1.10471 -4.759 -7.74302 -0.551202 -1.48288 5.88376 14.9361 5.22641 3.4768 -4.95386 -16.6981 10.9811 -2.00337
internal_weight=359800 307328 300440 212872 103840 84320 87568 51264 16487 109032 52472 19520 51352 43912 30348 6888 7985 106020
internal_count=359800 307328 300440 212872 103840 84320 87568 51264 16487 109032 52472 19520 51352 43912 30348 6888 7985 106020
is_linear=0
shrinkage=0.0229654


Tree=193
num_leaves=19
num_cat=0
split_feature=15 28 14 7 15 7 3 6 6 3 0 3 28 16 7 28 35 14
split_gain=4.51132e+09 2.94192e+09 2.57554e+09 3.37398e+09 2.02636e+09 1.91996e+09 1.86588e+09 2.06135e+09 1.82605e+09 1.80098e+09 1.63897e+09 2.11002e+09 1.52949e+09 1.50182e+09 2.17795e+09 1.4901e+09 1.42971e+09 1.52993e+09
threshold=13.068750000000003 -1.3591309523809521 56.187500000000007 -0.13052619222005171 21.081250000000008 -0.13052619222005171 4.5000000000000009 1.0000000180025095e-35 1.0000000180025095e-35 2.5000000000000004 12.500000000000002 1.0000000180025095e-35 0.61666666666666814 386.68750000000006 0.55438071450436044 7.6875113378684805 19577.500000000004 75.687500000000014
decision_type=2 2 2 2 2 2 2 2 2 2 2 2 2 2 2 2 2 2
left_child=1 5 4 12 15 -1 7 10 9 -3 -5 -12 16 14 -11 -2 -4 -18
right_child=2 8 3 6 -6 -7 -8 -9 -10 13 11 -13 -14 -15 -16 -17 17 -19
leaf_value=12.151440450100907 -9.8898673901742473 3.8659452260415468 22.636467775668134 -7.1882316139896121 -31.268502334272998 3.4938487723669271 -11.391042238377304 -27.412617317996148 -17.856763357834559 3.4022416507692483 13.470438806321795 -1.857197161692534 -2.6071248392183315 -9.2856095702292283 -5.0174257439682419 24.479080995966516 -0.70973989263918424 8.0263315983066725
leaf_weight=21255 13430 60232 2125 20837 2338 37074 19858 1779 2797 38650 5930 23541 27823 11006 27900 700 22840 19685
leaf_count=21255 13430 60232 2125 20837 2338 37074 19858 1779 2797 38650 5930 23541 27823 11006 27900 700 22840 19685
internal_value=8.54253e-10 2.31271 -2.85936 -1.87816 -11.4641 6.64866 -5.40124 -3.11765 0.51372 0.886628 -2.25852 1.22695 1.61926 -1.42719 -0.127566 -8.18723 4.25286 3.33422
internal_weight=359800 198914 160886 144418 16468 58329 71945 52087 140585 137788 50308 29471 72473 77556 66550 14130 44650 42525
internal_count=359800 198914 160886 144418 16468 58329 71945 52087 140585 137788 50308 29471 72473 77556 66550 14130 44650 42525
is_linear=0
shrinkage=0.0229654


Tree=194
num_leaves=19
num_cat=0
split_feature=15 28 4 17 0 0 26 25 24 3 22 24 3 30 24 3 0 3
split_gain=4.37769e+09 3.41256e+09 2.96775e+09 2.84568e+09 4.03642e+09 2.70549e+09 1.88157e+09 2.03886e+09 1.75006e+09 1.6815e+09 1.20653e+09 1.19963e+09 1.17943e+09 1.14963e+09 1.3249e+09 1.09298e+09 1.28401e+09 1.61134e+09
threshold=18.256250000000005 -4.683692002442001 1.5000000000000002 85.437500000000014 17.500000000000004 40.500000000000007 21.610286458333338 11.229427083333334 1.0000000180025095e-35 1.0000000180025095e-35 3.0213107638888892 4.2750000000000039 2.5000000000000004 53.162500000000023 1.7250000000000012 4.5000000000000009 23.500000000000004 5.5000000000000009
decision_type=2 2 2 2 2 2 2 2 2 2 2 2 2 2 2 2 2 2
left_child=1 -1 8 6 -5 9 7 -3 -2 -6 -11 -12 -9 -4 15 -15 -17 -18
right_child=2 3 13 4 5 -7 -8 12 -10 10 11 -13 -14 14 -16 16 17 -19
leaf_value=12.291192001982987 12.178680039316648 1.3381944025657719 -19.31186381483873 -2.095297063185273 21.623115029992846 -0.98369173954457989 11.23194763060947 -0.68939132190770769 -10.371048451376296 29.561747123731077 8.5983376207358315 -21.557559028469417 -5.5984866681701506 -1.7204416728404788 -12.879614605341226 -21.680650016709166 -16.298155748560895 5.6608416303580329
leaf_weight=13847 6989 82491 4116 34898 6438 13568 6469 45346 2452 1421 32429 711 59918 24831 13215 3597 3373 3691
leaf_count=13847 6989 82491 4116 34898 6438 13568 6469 45346 2452 1421 32429 711 59918 24831 13215 3597 3373 3691
internal_value=1.79409e-09 1.15882 -5.53755 0.615441 4.00443 7.90548 -0.945624 -1.3652 6.3221 10.8472 8.83989 7.95136 -3.48373 -7.65721 -6.67233 -4.36113 -10.5117 -4.82439
internal_weight=359800 297536 62264 283689 89465 54567 194224 187755 9441 40999 34561 33140 105264 52823 48707 35492 10661 7064
internal_count=359800 297536 62264 283689 89465 54567 194224 187755 9441 40999 34561 33140 105264 52823 48707 35492 10661 7064
is_linear=0
shrinkage=0.0229654


Tree=195
num_leaves=19
num_cat=0
split_feature=15 7 16 8 35 16 18 15 32 3 35 6 3 8 3 29 1 35
split_gain=4.2965e+09 3.15745e+09 3.41127e+09 4.06011e+09 2.69123e+09 2.54551e+09 1.89395e+09 1.81968e+09 1.80505e+09 1.70461e+09 1.6466e+09 1.5081e+09 1.39105e+09 1.70179e+09 1.71666e+09 1.38537e+09 1.37096e+09 1.31371e+09
threshold=10.031250000000004 0.75023006073889154 280.43750000000006 0.55438071450436011 23358.500000000004 135.56250000000003 0.014375000000000002 21.881250000000005 1.2625000000000004 1.0000000180025095e-35 34061.000000000007 1.0000000180025095e-35 4.5000000000000009 0.13052619222005152 1.0000000180025095e-35 559.65625000000011 22.500000000000004 28197.500000000004
decision_type=2 2 2 2 2 2 2 2 2 2 2 2 2 2 2 2 2 2
left_child=8 2 3 4 -2 9 10 -8 -1 -6 -4 12 13 14 -3 -11 -5 -7
right_child=1 11 6 16 5 17 7 -9 -10 15 -12 -13 -14 -15 -16 -17 -18 -19
leaf_value=6.1405518404670056 19.521058650711623 15.270603155886898 -9.8972798431154061 -1.5028826192839075 17.136671923279554 3.1089241498696754 0.75933768548373715 -14.954998265658647 0.47370527095217763 3.3244734323800427 -61.204308133189564 -33.95087717508688 -12.869990447220367 -9.902370572945701 -2.7554728116192058 16.439570584722947 -10.987178156598338 -7.8592512549112925
leaf_weight=65057 6119 3482 21672 57372 7006 11035 24393 4623 54463 35954 335 1086 13027 14018 13946 4817 9348 12047
leaf_count=65057 6119 3482 21672 57372 7006 11035 24393 4623 54463 35954 335 1086 13027 14018 13946 4817 9348 12047
internal_value=-8.12226e-10 -1.76996 -0.496558 1.31471 4.90858 3.64673 -5.59771 -1.74436 3.55828 6.67219 -10.6783 -7.21252 -6.55958 -3.9454 0.846019 4.87399 -2.83171 -2.61561
internal_weight=359800 240280 194721 143698 76978 70859 51023 29016 119520 47777 22007 45559 44473 31446 17428 40771 66720 23082
internal_count=359800 240280 194721 143698 76978 70859 51023 29016 119520 47777 22007 45559 44473 31446 17428 40771 66720 23082
is_linear=0
shrinkage=0.0229654


Tree=196
num_leaves=19
num_cat=0
split_feature=15 7 23 4 0 28 18 15 22 4 30 3 4 22 26 3 26 21
split_gain=4.15784e+09 3.35611e+09 3.53184e+09 2.98681e+09 2.38844e+09 1.71554e+09 1.66757e+09 1.54793e+09 1.47565e+09 1.44864e+09 1.43906e+09 1.29331e+09 1.28656e+09 1.60246e+09 1.38224e+09 1.34366e+09 1.11079e+09 1.1033e+09
threshold=16.118750000000006 0.65793410509763428 4.5000000000000036 1.5000000000000002 46.500000000000007 -1.2947295321637429 0.014375000000000002 8.2437500000000021 7.8246961805555566 5.5000000000000009 280.56875000000008 4.5000000000000009 8.5000000000000018 7.0073784722222232 20.899348958333338 5.5000000000000009 15.595703125000002 17.852604166666669
decision_type=2 2 2 2 2 2 2 2 2 2 2 2 2 2 2 2 2 2
left_child=1 2 4 8 5 10 9 -3 -2 16 -1 -5 14 -14 -7 17 -4 -15
right_child=3 7 6 11 -6 12 -8 -9 -10 -11 -12 -13 13 15 -16 -17 -18 -19
leaf_value=-2.9585247011660418 -3.2443394632123823 1.7658200541982771 -12.579791167318549 -3.9141294007186267 -5.4981376638354647 1.2421443718455742 3.8433073488626182 -4.8941063606038648 12.426445902221779 -2.5616772513643262 10.174555009099356 -10.289292924189203 -8.5742568239217576 6.777688103057538 15.467986051383708 23.427876375339455 -34.918434204510916 43.150902582122015
leaf_weight=4920 5340 28968 6114 58678 12059 72722 6894 50482 7796 7365 41669 23506 2866 21519 3790 3210 1453 449
leaf_count=4920 5340 28968 6114 58678 12059 72722 6894 50482 7796 7365 41669 23506 2866 21519 3790 3210 1453 449
internal_value=2.14096e-09 1.48208 3.17729 -4.11227 4.3376 5.12234 -5.49896 -2.46585 6.05601 -9.81222 8.78764 -5.73753 3.48912 7.69696 1.94682 9.5491 -16.8692 7.52111
internal_weight=359800 264480 185030 95320 163204 151145 21826 79450 13136 14932 46589 82184 104556 28044 76512 25178 7567 21968
internal_count=359800 264480 185030 95320 163204 151145 21826 79450 13136 14932 46589 82184 104556 28044 76512 25178 7567 21968
is_linear=0
shrinkage=0.0229654


Tree=197
num_leaves=19
num_cat=0
split_feature=15 6 10 14 7 26 21 30 21 9 24 18 15 31 11 7 9 35
split_gain=4.01755e+09 3.75159e+09 3.92434e+09 2.54763e+09 2.42872e+09 2.11351e+09 2.23869e+09 2.02191e+09 2.09222e+09 1.86447e+09 1.77862e+09 1.77439e+09 1.67824e+09 1.54623e+09 1.4049e+09 1.36675e+09 1.36291e+09 1.84217e+09
threshold=20.406250000000004 1.0000000180025095e-35 0.6830127018922193 57.687500000000007 -0.94490267940017747 22.151953125000009 7.8048177083333341 1034.3187500000004 3.1248697916666672 -0.93301270189221908 1.6374999999999997 0.33812500000000006 9.6062500000000028 105.45625000000001 108.00000000000001 0.82968937203783699 0.25000000000000011 16852.500000000004
decision_type=2 2 2 2 2 2 2 2 2 2 2 2 2 2 2 2 2 2
left_child=1 2 5 -2 -4 6 -1 -6 -9 13 11 14 -11 -8 -5 -14 -3 -18
right_child=3 16 4 10 7 -7 9 8 -10 12 -12 -13 15 -15 -16 -17 17 -19
leaf_value=4.2789380665208903 -25.566400465910434 -30.193043998188752 18.784489916313071 -11.965878392612851 11.134164661804965 14.136527628101003 3.2074814491202708 10.75577161201498 -0.8633301680749923 0.93226742412498209 -13.446599714909436 6.4713467021358175 -2.7864462355135191 27.311929528960579 2.531061964033702 -9.5985061325866372 -59.205292675030407 -5.0582814057555998
leaf_weight=42951 3582 2261 7073 9458 17746 5338 19737 10801 33600 57752 9755 8681 100408 1511 5621 18377 356 4792
leaf_count=42951 3582 2261 7073 9458 17746 5338 19737 10801 33600 57752 9755 8681 100408 1511 5621 18377 356 4792
internal_value=2.34966e-09 0.822796 1.20238 -7.15742 6.03315 -0.15651 -0.473439 4.58191 1.96314 -1.50547 -5.18991 -1.80002 -2.27903 4.92161 -6.56185 -3.84033 -15.3304 -8.80271
internal_weight=359800 322703 315294 37097 69220 246074 240736 62147 44401 197785 33515 23760 176537 21248 15079 118785 7409 5148
internal_count=359800 322703 315294 37097 69220 246074 240736 62147 44401 197785 33515 23760 176537 21248 15079 118785 7409 5148
is_linear=0
shrinkage=0.0229654


Tree=198
num_leaves=19
num_cat=0
split_feature=7 3 6 8 14 3 17 8 3 1 14 14 14 26 8 7 30 3
split_gain=3.6438e+09 2.94618e+09 3.51241e+09 2.53127e+09 5.24855e+09 3.71306e+09 1.92269e+09 1.92019e+09 2.29663e+09 4.33293e+09 2.96635e+09 2.0469e+09 1.85704e+09 1.80131e+09 1.51624e+09 1.29031e+09 1.26238e+09 1.24192e+09
threshold=-0.89495246814786256 4.5000000000000009 1.0000000180025095e-35 1.0000000180025095e-35 74.062500000000014 1.0000000180025095e-35 25.687500000000004 0.44134171618254503 5.5000000000000009 10.500000000000002 68.562500000000014 66.312500000000014 61.312500000000007 19.762369791666668 0.25881904510252057 -0.32075123873380551 301.58125000000013 1.0000000180025095e-35
decision_type=2 2 2 2 2 2 2 2 2 2 2 2 2 2 2 2 2 2
left_child=12 2 3 4 6 -6 -2 8 11 -10 -11 -3 -1 15 16 -5 -4 -17
right_child=1 7 14 13 5 -7 -8 -9 9 10 -12 -13 -14 -15 -16 17 -18 -19
leaf_value=-0.26336053719578378 -15.342484889681646 -24.560110067128868 -49.293839848220884 1.9323223418831332 19.313337853990038 5.0471295314141056 -0.82527703718565637 -0.47591142670213121 -10.505193595028956 -3.2594954206928435 20.976794585655366 -8.8208078115115764 8.780310680392418 11.931635054764845 -4.0816383810283163 -9.883180863558259 -18.057754700276899 -2.2941663829652623
leaf_weight=18492 5553 5559 903 29757 11895 50352 36040 36304 14880 5407 5249 20169 33980 5054 3192 14022 2793 60199
leaf_count=18492 5553 5559 903 29757 11895 50352 36040 36304 14880 5407 5249 20169 33980 5054 3192 14022 2793 60199
internal_value=-1.51652e-09 -0.954957 0.464431 0.986694 3.55283 7.77331 -2.76344 -4.51704 -7.37888 -2.49977 8.67897 -12.2216 5.59317 -1.45724 -15.676 -2.10803 -25.6893 -3.7279
internal_weight=359800 307328 219760 212872 103840 62247 41593 87568 51264 25536 10656 25728 52472 109032 6888 103978 3696 74221
internal_count=359800 307328 219760 212872 103840 62247 41593 87568 51264 25536 10656 25728 52472 109032 6888 103978 3696 74221
is_linear=0
shrinkage=0.0229654


Tree=199
num_leaves=19
num_cat=0
split_feature=15 24 30 13 9 7 3 35 17 16 25 35 3 7 3 16 10 30
split_gain=3.91283e+09 2.69654e+09 3.14353e+09 2.31956e+09 2.58146e+09 2.08012e+09 1.80708e+09 1.74696e+09 1.28816e+09 1.72291e+09 1.16938e+09 1.08447e+09 1.05046e+09 3.07558e+09 1.36821e+09 1.13717e+09 1.56593e+09 1.46663e+09
threshold=11.531250000000004 2.325000000000002 294.7312500000001 12.893750000000002 -0.93301270189221908 -0.89495246814786256 3.5000000000000004 18096.500000000004 89.937500000000014 12.562500000000002 1.9783854166666668 40221.000000000007 5.5000000000000009 -0.13052619222005171 4.5000000000000009 148.56250000000003 1.0000000180025095e-35 985.48125000000016
decision_type=2 2 2 2 2 2 2 2 2 2 2 2 2 2 2 2 2 2
left_child=5 2 3 -2 -5 -1 11 -7 10 -10 -9 -4 14 -14 -8 -16 17 -17
right_child=1 -3 6 4 -6 7 12 8 9 -11 -12 -13 13 -15 15 16 -18 -19
leaf_value=10.272713832415622 -12.906623097281848 -8.5581174789967491 3.0561105481722479 13.84557413372843 -4.7046415223375471 -8.326939217232443 -0.10569088935059995 11.770981395933639 2.4166209270688053 13.894717002609145 0.65703726148843922 20.486182558964103 11.517636446431476 -7.8917965668716787 -5.4952527701684035 -14.633720082609168 -36.035885622722709 35.680701587760787
leaf_weight=17016 16128 29428 64768 4488 33412 8487 17038 5258 18740 10914 99102 1939 9141 8140 11128 2558 1768 347
leaf_count=17016 16128 29428 64768 4488 33412 8487 17038 5258 18740 10914 99102 1939 9141 8140 11128 2558 1768 347
internal_value=-8.50197e-10 -2.13732 -1.03141 -5.6121 -2.50798 2.68354 1.08698 1.77732 2.41721 6.64107 1.21699 3.56276 -2.20814 2.37506 -4.61997 -9.48766 -18.9949 -8.6237
internal_weight=359800 200283 170855 54028 37900 159517 116827 142501 134014 29654 104360 66707 50120 17281 32839 15801 4673 2905
internal_count=359800 200283 170855 54028 37900 159517 116827 142501 134014 29654 104360 66707 50120 17281 32839 15801 4673 2905
is_linear=0
shrinkage=0.0229654


Tree=200
num_leaves=19
num_cat=0
split_feature=28 6 3 3 7 8 8 3 17 4 9 13 17 35 7 31 19 7
split_gain=3.59664e+09 3.21805e+09 3.33992e+09 3.18669e+09 6.57057e+09 3.56313e+09 2.41287e+09 5.12623e+09 2.56361e+09 2.2063e+09 2.13988e+09 1.94102e+09 1.82905e+09 1.45913e+09 1.43448e+09 1.40644e+09 1.35087e+09 1.32061e+09
threshold=-4.2968679950186788 1.0000000180025095e-35 4.5000000000000009 5.5000000000000009 -0.13052619222005171 -0.065263096110025884 0.25881904510252057 1.0000000180025095e-35 76.062500000000014 5.5000000000000009 -0.93301270189221908 20.281250000000004 76.812500000000014 22652.500000000004 0.82968937203783699 321.2937500000001 5.4562500000000007 0.65793410509763428
decision_type=2 2 2 2 2 2 2 2 2 2 2 2 2 2 2 2 2 2
left_child=-1 2 6 5 10 9 7 12 15 -4 13 17 -2 -5 -10 16 -9 -8
right_child=1 -3 3 4 -6 -7 11 8 14 -11 -12 -13 -14 -15 -16 -17 -18 -19
leaf_value=9.8400876455078805 6.6816212356212903 -15.342241111431186 -21.69294017989677 67.073377745724429 -7.4202699232445442 -1.9517989409862062 -0.48093142794072352 -5.2919893744714894 6.83200492017688 -7.6221309763973029 7.6072843961670573 16.064356233586871 18.795362845432752 19.538001173989933 -2.2995227143400356 19.008705600491716 2.1618506780382298 -6.692177717866044
leaf_weight=18579 14084 7570 11247 520 26196 25500 70756 38162 40543 12310 20953 3220 12328 987 11689 1605 19313 24238
leaf_count=18579 14084 7570 11247 520 26196 25500 70756 38162 40543 12310 20953 3220 12328 987 11689 1605 19313 24238
internal_value=-2.96656e-09 -0.535779 -0.199844 -3.77026 0.394118 -7.9006 1.27883 3.24004 1.08181 -14.3401 9.50835 -1.47134 12.3358 35.9404 4.78846 -2.19519 -2.78732 -2.06575
internal_weight=359800 341221 333651 97713 48656 49057 235938 137724 111312 23557 22460 98214 26412 1507 52232 59080 57475 94994
internal_count=359800 341221 333651 97713 48656 49057 235938 137724 111312 23557 22460 98214 26412 1507 52232 59080 57475 94994
is_linear=0
shrinkage=0.0229654


Tree=201
num_leaves=19
num_cat=0
split_feature=28 6 5 1 17 1 7 16 26 14 35 30 8 30 30 36 10 16
split_gain=3.43334e+09 3.07194e+09 3.18828e+09 2.50908e+09 2.65036e+09 3.16402e+09 2.37479e+09 2.58918e+09 1.84021e+09 2.16233e+09 1.63278e+09 1.70662e+09 1.62858e+09 1.50242e+09 1.32983e+09 1.37538e+09 2.15581e+09 1.42364e+09
threshold=-4.2968679950186788 1.0000000180025095e-35 1.0000000180025095e-35 5.5000000000000009 76.062500000000014 19.500000000000004 0.44134171618254497 425.18750000000006 20.899348958333338 48.687500000000007 20093.500000000004 1233.7562500000001 0.13052619222005152 106.47500000000002 24.324999999999999 26661.500000000004 -0.5 167.06250000000003
decision_type=2 2 2 2 2 2 2 2 2 2 2 2 2 2 2 2 2 2
left_child=-1 2 3 -2 8 14 7 10 9 -5 11 -4 -8 -11 -6 16 -16 -17
right_child=1 -3 6 4 5 -7 12 -9 -10 13 -12 -13 -14 -15 15 17 -18 -19
leaf_value=9.6141060003077268 -2.8621063190335194 -14.989900261595587 15.038849411747657 -13.185254440027048 -6.2675949416620735 -3.3515325817600177 -13.26239177949447 -11.280547884105681 14.308069769463645 -5.326671114755519 0.089260992667002506 125.35113252161244 -3.2404920185252988 1.9738331332413799 7.5276213580207552 8.4257717319578234 23.64997421354596 -2.6009153655236719
leaf_weight=18579 58778 7570 2765 6734 3279 16290 18182 10818 4548 19180 49726 76 16146 66121 10828 35359 7339 7482
leaf_count=18579 58778 7570 2765 6734 3279 16290 18182 10818 4548 19180 49726 76 16146 66121 10828 35359 7339 7482
internal_value=-2.20459e-09 -0.523474 -0.195255 1.24946 2.6136 5.68891 -3.68368 -1.04891 0.0479367 -0.656742 1.0567 17.9898 -8.54864 0.332309 7.97971 8.74546 14.0406 6.50001
internal_weight=359800 341221 333651 235938 177160 80577 97713 63385 96583 92035 52567 2841 34328 85301 64287 61008 18167 42841
internal_count=359800 341221 333651 235938 177160 80577 97713 63385 96583 92035 52567 2841 34328 85301 64287 61008 18167 42841
is_linear=0
shrinkage=0.0229654


Tree=202
num_leaves=19
num_cat=0
split_feature=15 7 23 4 1 18 14 25 24 15 4 15 7 5 35 18 29 32
split_gain=3.83602e+09 3.17362e+09 3.10535e+09 2.5577e+09 2.39736e+09 1.97915e+09 1.92675e+09 1.59126e+09 1.58675e+09 1.42779e+09 1.35854e+09 1.31836e+09 1.09e+09 1.12947e+09 1.06559e+09 9.56337e+08 9.36297e+08 9.31231e+08
threshold=18.256250000000005 0.75023006073889154 4.5875000000000021 1.5000000000000002 22.500000000000004 0.014375000000000002 52.812500000000007 1.0000000180025095e-35 1.0000000180025095e-35 8.2437500000000021 5.5000000000000009 9.8062500000000021 -0.13052619222005171 1.0000000180025095e-35 26218.500000000004 0.72875000000000012 73.606250000000031 29.787500000000016
decision_type=2 2 2 2 2 2 2 2 2 2 2 2 2 2 2 2 2 2
left_child=1 2 4 8 7 10 -5 -1 -2 -3 16 -9 14 -14 17 -13 -4 -8
right_child=3 9 5 6 -6 -7 12 11 -10 -11 -12 15 13 -15 -16 -17 -18 -19
leaf_value=22.902947601309801 11.402875869763719 1.3861849219629219 -34.094036593232303 -24.134332246638447 -6.1142403602980613 4.0490408855504718 10.001927332394001 6.5062927437507172 -10.068983297240402 -5.3940515989924114 -3.3270276483837704 2.0974032243172593 -6.6178595247062439 -18.349403291543858 -6.6449178171764327 15.533745906883571 -13.24843494540637 -3.4168955497170894
leaf_weight=2324 6989 24867 1375 3303 13180 7680 4880 62267 2452 47997 7715 120722 15324 6032 17100 2860 6549 6184
leaf_count=2324 6989 24867 1375 3303 13180 7680 4880 62267 2452 47997 7715 120722 15324 6032 17100 2860 6549 6184
internal_value=7.94271e-10 1.08476 2.43547 -5.18365 3.35429 -5.49829 -7.15143 4.01749 5.82624 -3.08009 -10.1868 3.78133 -6.01867 -9.93143 -3.05172 2.40835 -16.8656 2.50175
internal_weight=359800 297536 224672 62264 201353 23319 52823 188173 9441 72864 15639 185849 49520 21356 28164 123582 7924 11064
internal_count=359800 297536 224672 62264 201353 23319 52823 188173 9441 72864 15639 185849 49520 21356 28164 123582 7924 11064
is_linear=0
shrinkage=0.0229654


Tree=203
num_leaves=19
num_cat=0
split_feature=15 7 14 23 8 26 21 15 3 3 3 6 23 7 35 0 21 25
split_gain=3.69959e+09 2.62527e+09 2.31023e+09 2.74202e+09 1.79638e+09 1.67393e+09 1.63759e+09 1.63143e+09 1.60979e+09 1.54846e+09 2.26207e+09 1.45075e+09 1.31651e+09 1.19339e+09 1.11612e+09 1.28117e+09 1.33554e+09 1.07699e+09
threshold=14.956250000000004 -0.70710678118654735 60.187500000000007 -0.11250000000000047 -0.19467261866128607 13.668359375000003 19.611848958333336 6.918750000000002 3.5000000000000004 5.5000000000000009 3.5000000000000004 1.0000000180025095e-35 1.0000000180025095e-35 -0.65793410509763395 23703.500000000004 15.500000000000002 12.84049479166667 1.9783854166666668
decision_type=2 2 2 2 2 2 2 2 2 2 2 2 2 2 2 2 2 2
left_child=1 9 4 13 -2 7 -7 -3 11 10 17 12 -5 -4 15 -14 -17 -1
right_child=2 5 3 8 -6 6 -8 -9 -10 -11 -12 -13 14 -15 -16 16 -18 -19
leaf_value=26.402077703282291 -17.196879109377157 7.4396936959178488 -0.22696079504345273 14.878501311762234 -1.9426028883346351 -4.0838602826221004 5.2225999114503976 0.68548717441740681 -3.322490523519289 16.07348530722448 -2.667270354114236 -22.095023567723839 -4.9122721475148445 -9.1717513566750473 0.33362893236175034 35.724851822740469 9.5279961165477278 7.1736708576018202
leaf_weight=1623 10317 23389 10836 6000 6726 57691 12056 97428 25385 7165 15131 1065 1922 28708 20632 1449 3519 28758
leaf_count=1623 10317 23389 10836 6000 6726 57691 12056 97428 25385 7165 15131 1065 1922 28708 20632 1449 3519 28758
internal_value=-4.19315e-11 1.61204 -3.36408 -2.02608 -11.1768 0.357645 -2.47521 1.99304 1.06941 6.14991 4.58764 4.29283 5.13118 -6.72067 3.00619 11.0091 17.1687 8.20088
internal_weight=359800 243241 116559 99516 17043 190564 69747 120817 59972 52677 45512 34587 33522 39544 27522 6890 4968 30381
internal_count=359800 243241 116559 99516 17043 190564 69747 120817 59972 52677 45512 34587 33522 39544 27522 6890 4968 30381
is_linear=0
shrinkage=0.0229654


Tree=204
num_leaves=19
num_cat=0
split_feature=28 6 5 0 0 16 13 18 30 16 0 0 16 36 13 36 10 16
split_gain=3.16957e+09 2.9072e+09 2.99723e+09 2.36894e+09 2.1544e+09 2.54288e+09 1.95943e+09 2.31297e+09 1.75723e+09 1.56479e+09 1.41062e+09 2.51688e+09 1.76632e+09 1.29485e+09 1.25439e+09 1.22328e+09 3.19417e+09 1.76656e+09
threshold=-4.2968679950186788 1.0000000180025095e-35 1.0000000180025095e-35 11.500000000000002 46.500000000000007 277.43750000000006 22.031250000000004 0.014375000000000002 86.781250000000014 514.43750000000011 23.500000000000004 9.5000000000000018 425.18750000000006 28384.500000000004 -0.44374999999999981 27994.500000000004 -0.5 5.0625000000000009
decision_type=2 2 2 2 2 2 2 2 2 2 2 2 2 2 2 2 2 2
left_child=-1 2 3 -2 5 14 7 9 -9 -7 11 -4 -12 -11 -5 16 -16 -18
right_child=1 -3 10 4 -6 6 -8 8 -10 13 12 -13 -14 -15 15 -17 17 -19
leaf_value=9.2374090226559247 -3.0118594069273086 -14.576131422629642 0.20378938042389538 12.782520294327369 -7.977019328247752 -4.1732346671836824 11.508621363266732 -9.10497236160864 5.8863751380263629 -14.8708230525632 1.0863606158912142 -10.739285875193481 -9.9448994280081902 -52.502199026831583 1.863507091266329 2.178241373871693 8.1988044437685321 22.172533087485235
leaf_weight=18579 53901 7570 18206 9524 9849 12984 5398 5561 15956 6332 41795 28340 9372 522 26979 69322 11408 8202
leaf_count=18579 53901 7570 18206 9524 9849 12984 5398 5561 15956 6332 41795 28340 9372 522 26979 69322 11408 8202
internal_value=-1.11266e-09 -0.502964 -0.183666 1.2171 2.46929 3.06681 -1.5045 -3.20308 2.01191 -8.85944 -3.56596 -6.45901 -0.934179 -17.7368 4.77066 4.11235 6.9902 14.0434
internal_weight=359800 341221 333651 235938 182037 172188 46753 41355 21517 19838 97713 46546 51167 6854 125435 115911 46589 19610
internal_count=359800 341221 333651 235938 182037 172188 46753 41355 21517 19838 97713 46546 51167 6854 125435 115911 46589 19610
is_linear=0
shrinkage=0.0229654


Tree=205
num_leaves=19
num_cat=0
split_feature=7 28 22 4 27 22 3 8 6 3 36 4 4 6 3 3 6 36
split_gain=3.11628e+09 2.54136e+09 4.10028e+09 1.75537e+09 2.73145e+09 2.10812e+09 1.67454e+09 1.98776e+09 3.03689e+09 2.07057e+09 1.72998e+09 3.36737e+09 1.53315e+09 1.46004e+09 1.42322e+09 2.87306e+09 1.4273e+09 1.32954e+09
threshold=-0.89495246814786256 0.026724137931034567 13.667578125 5.5000000000000009 3.7276599702380939 7.9598958333333343 4.5000000000000009 1.0000000180025095e-35 1.0000000180025095e-35 1.0000000180025095e-35 28814.000000000004 1.5000000000000002 1.5000000000000002 1.0000000180025095e-35 5.5000000000000009 3.5000000000000004 1.0000000180025095e-35 33568.000000000007
decision_type=2 2 2 2 2 2 2 2 2 2 2 2 2 2 2 2 2 2
left_child=12 2 6 4 -3 -5 7 8 9 -2 11 -11 17 -7 15 16 -14 -1
right_child=1 3 -4 5 -6 13 -8 -9 -10 10 -12 -13 14 -15 -16 -17 -18 -19
leaf_value=44.898063051963199 20.367539165310177 -3.4412163152524502 -6.01873447217117 -12.513319598446785 -14.947590273215287 0.67934267493852341 -1.0052386282531682 1.3701310904465003 -21.051842385222784 49.239815066395458 2.732635487695696 9.7659834670216323 7.4783008905378088 -31.355376624905578 13.610803433036651 -6.4125376841232713 -23.96834482816325 12.172453716103186
leaf_weight=768 7635 53133 33236 7370 13683 74491 37412 44054 1782 1251 19703 12820 26208 758 6776 13496 784 4440
leaf_count=768 7635 53133 33236 7370 13683 74491 37412 44054 1782 1251 19703 12820 26208 758 6776 13496 784 4440
internal_value=1.58931e-09 -0.88313 1.14853 -3.02978 -5.79756 -0.791411 3.05946 4.80247 8.30339 9.56667 7.12501 13.2755 5.17249 0.35665 3.8694 2.2391 6.56491 16.9984
internal_weight=359800 307328 157893 149435 66816 82619 124657 87245 43191 41409 33774 14071 52472 75249 47264 40488 26992 5208
internal_count=359800 307328 157893 149435 66816 82619 124657 87245 43191 41409 33774 14071 52472 75249 47264 40488 26992 5208
is_linear=0
shrinkage=0.0229654


Tree=206
num_leaves=19
num_cat=0
split_feature=15 7 16 1 14 36 3 36 26 24 6 6 3 10 22 3 1 3
split_gain=3.62628e+09 3.00287e+09 3.04907e+09 2.74206e+09 2.25275e+09 2.11571e+09 1.79501e+09 2.36848e+09 1.97495e+09 1.59445e+09 1.57798e+09 1.52443e+09 1.50496e+09 1.61226e+09 1.50117e+09 1.46993e+09 1.60741e+09 2.10461e+09
threshold=20.406250000000004 0.75023006073889154 268.31250000000006 22.500000000000004 57.312500000000007 28814.000000000004 3.5000000000000004 21368.500000000004 8.1608072916666696 1.6374999999999997 1.0000000180025095e-35 1.0000000180025095e-35 5.5000000000000009 -0.24999999999999994 2.863932291666667 4.5000000000000009 5.5000000000000009 1.0000000180025095e-35
decision_type=2 2 2 2 2 2 2 2 2 2 2 2 2 2 2 2 2 2
left_child=1 2 3 14 -2 6 7 -4 -9 -6 -10 15 -8 -14 -1 16 -3 -18
right_child=4 11 5 -5 9 -7 12 8 10 -11 -12 -13 13 -15 -16 -17 17 -19
leaf_value=14.109955086148162 -24.490521020540019 -4.2603473219512944 16.373879618461157 -6.2609824296860621 -1.7918699472892725 -15.303855422582467 -9.3044128437639344 29.581649702186485 -0.40857892196010454 -12.804044746220278 -30.659106129175274 -24.458842754522493 -1.8910311474845378 25.180510136667209 3.8479523532720918 -7.6969141375692862 17.931778069768622 0.51247360288694721
leaf_weight=7886 3444 29164 5550 13967 23881 6012 17382 1121 22943 9772 947 1735 7343 1378 161188 21889 4492 19706
leaf_count=7886 3444 29164 5550 13967 23881 6012 17382 1121 22943 9772 947 1735 7343 1378 161188 21889 4492 19706
internal_value=-2.69449e-09 0.781704 2.02173 3.51871 -6.79996 -2.35011 -0.975726 2.80187 -0.209795 -4.98953 -1.60771 -3.17609 -5.39848 2.38653 4.3266 -2.68539 -0.629669 3.74611
internal_weight=359800 322703 245717 183041 37097 62676 56664 30561 25011 33653 23890 76986 26103 8721 169074 75251 53362 24198
internal_count=359800 322703 245717 183041 37097 62676 56664 30561 25011 33653 23890 76986 26103 8721 169074 75251 53362 24198
is_linear=0
shrinkage=0.0229654


Tree=207
num_leaves=19
num_cat=0
split_feature=15 26 7 17 1 35 7 14 1 35 16 15 14 23 33 16 3 0
split_gain=3.50749e+09 2.3192e+09 2.10782e+09 2.58196e+09 2.41778e+09 1.6464e+09 1.58378e+09 1.45147e+09 1.4941e+09 2.8747e+09 1.57699e+09 1.40211e+09 1.67773e+09 1.35135e+09 1.29604e+09 1.18323e+09 1.08167e+09 1.21024e+09
threshold=10.481250000000003 3.7464843750000001 0.65793410509763428 78.937500000000014 19.500000000000004 17399.500000000004 -0.13052619222005171 68.062500000000014 8.5000000000000018 28274.500000000004 121.06250000000001 18.668750000000006 52.812500000000007 5.0750000000000028 0.21180555555555561 223.81250000000003 4.5000000000000009 9.5000000000000018
decision_type=2 2 2 2 2 2 2 2 2 2 2 2 2 2 2 2 2 2
left_child=5 -2 3 11 7 -1 -7 -5 -9 14 -11 13 -13 -3 15 -10 -8 -18
right_child=1 2 -4 4 -6 6 16 8 9 10 -12 12 -14 -15 -16 -17 17 -19
leaf_value=-11.12686602184127 8.1927024303882909 -0.90260035836270702 -6.511138763489666 -2.4923335330301932 -6.0426296254719123 6.9545475371190495 3.2610165419525892 -2.1848310007305147 22.916018226712922 6.4997117795027046 -8.6186656938529396 -26.381966127729754 -6.3735099930977066 -10.923169706109414 50.088570948961532 7.8694546575750817 4.190310877084336 -6.4607475579117137
leaf_weight=4219 11802 63957 47929 13120 15129 44413 58761 9070 5858 20855 4408 2487 19863 7984 615 5206 8938 15186
leaf_count=4219 11802 63957 47929 13120 15129 44413 58761 9070 5858 20855 4408 2487 19863 7984 615 5206 8938 15186
internal_value=-1.02546e-09 -1.72106 -2.26153 -1.05313 2.14972 2.98736 3.45514 4.24575 6.16706 8.21762 3.86179 -3.5756 -8.59995 -2.01468 17.6398 15.8361 1.58003 -2.5145
internal_weight=359800 228283 216481 168552 74261 131517 127298 59132 46012 36942 25263 94291 22350 71941 11679 11064 82885 24124
internal_count=359800 228283 216481 168552 74261 131517 127298 59132 46012 36942 25263 94291 22350 71941 11679 11064 82885 24124
is_linear=0
shrinkage=0.0229654


Tree=208
num_leaves=19
num_cat=0
split_feature=28 14 0 3 14 0 8 0 36 36 0 3 3 8 3 0 9 36
split_gain=2.87751e+09 2.33215e+09 2.2211e+09 3.13586e+09 2.26129e+09 2.85506e+09 2.08686e+09 1.91512e+09 3.08951e+09 1.81546e+09 1.65936e+09 2.3515e+09 2.98644e+09 1.504e+09 1.44791e+09 1.3486e+09 1.26563e+09 1.26202e+09
threshold=-4.2968679950186788 48.687500000000007 16.500000000000004 1.0000000180025095e-35 76.687500000000014 40.500000000000007 -0.19467261866128607 21.500000000000004 27819.500000000004 20158.000000000004 24.500000000000004 5.5000000000000009 4.5000000000000009 0.82968937203783688 1.0000000180025095e-35 20.500000000000004 -0.93301270189221908 24882.500000000004
decision_type=2 2 2 2 2 2 2 2 2 2 2 2 2 2 2 2 2 2
left_child=-1 6 13 9 10 7 17 -6 -9 -4 -5 12 -12 -3 -15 -11 -13 -2
right_child=1 2 3 4 5 -7 -8 8 -10 15 11 16 -14 14 -16 -17 -18 -19
leaf_value=8.8015426270635473 -13.315037532865878 -4.2259480726438898 35.801175349786213 -8.0076346553851305 0.010357183024729259 -3.4117602929724811 0.47471319787545163 23.745797712168628 5.9060024797748234 19.416322913930209 0.061517111188424241 35.193424659494788 -12.033853023022676 -10.672849739337108 4.014905394834547 5.0148520545772284 6.3420487541723727 -37.721516855623797
leaf_weight=18579 6485 84709 1192 20663 20133 26068 6003 6100 31864 3947 51569 859 13607 4143 24313 26151 12065 1350
leaf_count=18579 6485 84709 1192 20663 20133 26068 6003 6100 31864 3947 51569 859 13607 4143 24313 26151 12065 1350
internal_value=6.5075e-10 -0.479232 -0.0888913 1.28597 0.136791 2.90274 -9.714 5.73604 8.77247 8.0043 -2.22033 -0.689171 -2.46367 -2.69146 1.87647 6.90344 8.25967 -17.5204
internal_weight=359800 341221 327383 214218 182928 84165 13838 58097 37964 31290 98763 78100 65176 113165 28456 30098 12924 7835
internal_count=359800 341221 327383 214218 182928 84165 13838 58097 37964 31290 98763 78100 65176 113165 28456 30098 12924 7835
is_linear=0
shrinkage=0.0229654


Tree=209
num_leaves=19
num_cat=0
split_feature=15 11 7 23 1 14 23 17 8 4 17 6 28 15 11 4 27 15
split_gain=3.4087e+09 2.5724e+09 2.47458e+09 2.68984e+09 1.92044e+09 1.89046e+09 2.73914e+09 1.75851e+09 1.62707e+09 1.58073e+09 1.55587e+09 1.33676e+09 1.21293e+09 1.1868e+09 1.12046e+09 1.04285e+09 1.02276e+09 9.98596e+08
threshold=16.118750000000006 60.000000000000007 0.65793410509763428 4.5000000000000036 22.500000000000004 72.812500000000014 -0.03749999999999875 97.562500000000014 0.32075123873380501 1.5000000000000002 27.812500000000004 1.0000000180025095e-35 -5.2542892156862733 6.918750000000002 108.00000000000001 5.5000000000000009 6.5483072916666663 20.106250000000006
decision_type=2 2 2 2 2 2 2 2 2 2 2 2 2 2 2 2 2 2
left_child=2 5 3 4 7 17 -7 12 14 -3 15 13 -1 -4 -9 -5 -8 -2
right_child=1 9 11 10 -6 6 16 8 -10 -11 -12 -13 -14 -15 -16 -17 -18 -19
leaf_value=14.329381290204987 -10.501263525471492 8.8261827081497213 3.623155139618139 -25.887677444046258 -5.0043149234853219 -14.063748886838331 3.779641577782455 22.138190823900302 3.3174640888545666 -2.3002878387323786 -1.6156322981286049 -22.19366368063158 3.148484283386404 -3.1466805692788054 5.6958935452554522 -3.630259811868858 -33.159217449390866 -23.549245102998398
leaf_weight=5331 7772 7708 17676 2683 12072 9159 11823 7241 7852 53310 17249 1700 127577 60074 3131 1894 409 5139
leaf_count=5331 7772 7708 17676 2683 12072 9159 11823 7241 7852 53310 17249 1700 127577 60074 3131 1894 409 5139
internal_value=1.1136e-09 -3.72342 1.34194 2.79758 3.81018 -8.75519 -4.56665 4.51426 11.2042 -0.894754 -4.77414 -2.04808 3.59696 -1.6076 17.1747 -16.6774 2.54452 -15.6948
internal_weight=359800 95320 264480 185030 163204 34302 21391 151132 18224 61018 21826 79450 132908 77750 10372 4577 12232 12911
internal_count=359800 95320 264480 185030 163204 34302 21391 151132 18224 61018 21826 79450 132908 77750 10372 4577 12232 12911
is_linear=0
shrinkage=0.0229654


Tree=210
num_leaves=19
num_cat=0
split_feature=15 24 30 28 13 9 28 7 4 31 13 25 18 5 26 5 9 4
split_gain=3.30161e+09 2.15982e+09 2.37408e+09 2.07062e+09 1.89388e+09 2.0835e+09 1.68266e+09 1.38684e+09 1.2299e+09 1.75865e+09 1.28218e+09 1.14561e+09 1.09912e+09 9.21926e+08 9.12232e+08 8.57059e+08 1.40174e+09 1.23724e+09
threshold=13.018750000000004 2.325000000000002 294.7312500000001 -1.2947295321637429 12.818750000000003 -0.93301270189221908 0.026724137931034567 -0.13052619222005171 8.5000000000000018 192.50625000000005 18.556250000000002 12.163802083333335 0.32562500000000011 1.0000000180025095e-35 14.343489583333335 1.0000000180025095e-35 0.93301270189221952 11.500000000000002
decision_type=2 2 2 2 2 2 2 2 2 2 2 2 2 2 2 2 2 2
left_child=3 2 4 7 -2 -6 12 -1 9 11 -10 -5 15 -9 -14 17 -17 -4
right_child=1 -3 6 8 5 -7 -8 13 10 -11 -12 -13 14 -15 -16 16 -18 -19
leaf_value=10.211225053899756 -13.299187523323075 -8.5965294659005345 4.8419308184619956 0.90033287506288795 14.008654599509686 -4.8815815431835059 -3.1703910854956847 5.2396371764098975 3.7855678805977457 6.809789964246189 36.116507934859861 -4.2203821065848679 8.4821596377394197 -2.625777445094275 59.20097470430364 -0.82140963201485417 -25.012730020461447 -11.551242260042343
leaf_weight=21652 12552 25268 30258 42604 3491 26119 36162 26685 30400 14198 661 50184 11972 11141 190 12214 1409 2640
leaf_count=21652 12552 25268 30258 42604 3491 26119 36162 26685 30400 14198 661 50184 11972 11141 190 12214 1409 2640
internal_value=-1.15539e-09 -2.42712 -1.28931 1.99398 -5.82347 -2.65443 0.726292 5.57617 0.450584 -0.717407 4.47359 -1.86918 3.12753 2.92301 9.27451 1.52052 -3.32347 3.52641
internal_weight=359800 162275 137007 197525 42162 29610 94845 59478 138047 106986 31061 92788 58683 37826 12162 46521 13623 32898
internal_count=359800 162275 137007 197525 42162 29610 94845 59478 138047 106986 31061 92788 58683 37826 12162 46521 13623 32898
is_linear=0
shrinkage=0.0229654


Tree=211
num_leaves=19
num_cat=0
split_feature=15 35 28 3 0 14 0 3 28 15 33 29 28 17 17 35 11 11
split_gain=3.22591e+09 2.40312e+09 2.17282e+09 2.17371e+09 2.06728e+09 2.03064e+09 1.63985e+09 1.75968e+09 1.6218e+09 1.39813e+09 1.29609e+09 1.18566e+09 1.17945e+09 1.08343e+09 1.04815e+09 1.21397e+09 1.02702e+09 1.02314e+09
threshold=20.406250000000004 17230.500000000004 -4.683692002442001 1.5000000000000002 13.500000000000002 57.687500000000007 45.500000000000007 1.0000000180025095e-35 0.8608330369843521 9.3062500000000039 0.086805555555555566 96.068750000000037 7.181021750805586 78.312500000000014 9.0625000000000018 34388.000000000007 108.00000000000001 108.00000000000001
decision_type=2 2 2 2 2 2 2 2 2 2 2 2 2 2 2 2 2 2
left_child=1 10 -3 4 -4 -2 7 13 11 17 -1 -7 -11 -6 15 -9 -10 -5
right_child=5 2 3 9 6 8 -8 14 16 12 -12 -13 -14 -15 -16 -17 -18 -19
leaf_value=-9.0680617271865778 -22.848920602174157 9.8959293287782284 -2.1590617223003545 4.5394573803982325 7.1953522864286255 -11.633235586904778 -5.5365119523171922 -7.1717614756581929 -15.609414559803778 -2.0283207792689519 -55.002461479947556 2.5217948035234055 15.341620092627847 16.571513382292608 4.115288067126321 -72.512471137358119 -2.9783053900907195 -1.2904593286501012
leaf_weight=9051 3582 14083 22403 39946 13998 3911 5879 698 8502 147264 336 15450 2091 12134 28280 191 5652 26349
leaf_count=9051 3582 14083 22403 39946 13998 3911 5879 698 8502 147264 336 15450 2091 12134 28280 191 5652 26349
internal_value=8.59005e-10 0.737289 1.08032 0.665424 3.80945 -6.4136 5.99501 7.22092 -4.65703 -0.553158 -10.7122 -0.337578 -1.78514 11.549 3.34343 -21.2101 -10.5655 2.22235
internal_weight=359800 322703 313316 299233 83583 37097 61180 55301 33515 215650 9387 19361 149355 26132 29169 889 14154 66295
internal_count=359800 322703 313316 299233 83583 37097 61180 55301 33515 215650 9387 19361 149355 26132 29169 889 14154 66295
is_linear=0
shrinkage=0.0229654


Tree=212
num_leaves=19
num_cat=0
split_feature=7 6 5 13 21 14 8 17 35 21 14 35 14 8 17 1 14 8
split_gain=2.83706e+09 2.39041e+09 2.73495e+09 2.14008e+09 1.78611e+09 1.58931e+09 1.91117e+09 3.10825e+09 1.78654e+09 1.79858e+09 1.53707e+09 1.68604e+09 1.51542e+09 1.42459e+09 2.11866e+09 2.87729e+09 1.6803e+09 1.36224e+09
threshold=-0.94490267940017747 1.0000000180025095e-35 1.0000000180025095e-35 -0.44374999999999981 22.154166666666672 47.312500000000007 -0.19467261866128607 88.187500000000014 28274.500000000004 13.113671875000003 79.187500000000014 23876.500000000004 74.687500000000014 0.32075123873380501 79.937500000000014 9.5000000000000018 68.562500000000014 0.13052619222005152
decision_type=2 2 2 2 2 2 2 2 2 2 2 2 2 2 2 2 2 2
left_child=12 2 3 -2 5 -5 7 10 9 -9 11 -7 -1 14 -4 -16 -17 -3
right_child=1 17 13 4 -6 6 -8 8 -10 -11 -12 -13 -14 -15 15 16 -18 -19
leaf_value=2.34852255870199 8.0958909511510981 -23.500481652586942 -10.148977060062883 -13.015133800019314 17.146454453753499 2.7426342043976786 -1.8023040537395956 23.743870655649541 3.864682112626618 6.5065005672103435 4.9066391339645765 -6.7155741992000078 11.851995122465725 -0.51688658488901462 -9.8240345081243099 -6.030793983801864 13.20778089641678 -3.5497179429728627
leaf_weight=23157 20248 3696 30370 4835 3253 17147 104455 6594 15886 6189 20998 23651 14323 40576 9676 3464 7754 3528
leaf_count=23157 20248 3696 30370 4835 3253 17147 104455 6594 15886 6189 20998 23651 14323 40576 9676 3464 7754 3528
internal_value=2.32335e-09 -0.695399 -0.395942 0.976336 0.266232 -0.00866148 0.313965 2.7575 9.0073 15.3982 -0.141959 -2.74038 5.98028 -3.73184 -6.27652 -0.647789 7.26711 -13.7571
internal_weight=359800 322320 315096 223256 203008 199755 194920 90465 28669 12783 61796 40798 37480 91840 51264 20894 11218 7224
internal_count=359800 322320 315096 223256 203008 199755 194920 90465 28669 12783 61796 40798 37480 91840 51264 20894 11218 7224
is_linear=0
shrinkage=0.0229654


Tree=213
num_leaves=19
num_cat=0
split_feature=15 24 22 27 14 9 8 6 28 31 15 17 32 36 8 16 31 7
split_gain=3.11509e+09 2.24187e+09 2.43701e+09 2.00808e+09 2.08157e+09 1.52933e+09 1.52097e+09 1.42604e+09 1.50348e+09 1.36416e+09 1.11682e+09 1.10415e+09 1.05305e+09 9.99975e+08 9.8818e+08 9.61095e+08 9.3964e+08 9.36905e+08
threshold=10.031250000000004 2.325000000000002 13.667578125 -1.5241071428571424 63.062500000000007 -0.93301270189221908 -0.065263096110025884 1.0000000180025095e-35 0.026724137931034567 3.587499999999991 17.206250000000008 60.812500000000007 532.2437500000002 38074.500000000007 -0.5 6.9375000000000009 190.04375000000005 0.25881904510252096
decision_type=2 2 2 2 2 2 2 2 2 2 2 2 2 2 2 2 2 2
left_child=9 2 7 10 6 15 -5 8 -2 -1 -4 14 -3 17 -10 -6 -11 -9
right_child=1 12 3 4 5 -7 -8 13 11 16 -12 -13 -14 -15 -16 -17 -18 -19
leaf_value=4.9699212690234633 3.4552338815030521 -7.8619366596392162 -7.5195275782883817 -12.168732692001065 0.4706960667857305 -0.16030557825716432 0.42342122647407865 -2.1643214866589195 -15.334536919498326 -1.7517549417272507 -21.210550357512783 0.49807103942134251 12.366838435530299 -103.83047421676569 -2.4832114497107018 19.95760657132762 6.3468098831744992 -25.17748460246866
leaf_weight=73538 83184 32183 17802 12147 2055 20658 8670 2463 4954 36450 3816 36865 1417 62 8693 3809 9532 1502
leaf_count=73538 83184 32183 17802 12147 2055 20658 8670 2463 4954 36450 3816 36865 1417 62 8693 3809 9532 1502
internal_value=1.95151e-10 -1.50709 -0.612674 -4.13693 -1.48859 2.77785 -6.92427 1.1519 1.55747 3.02982 -9.93626 -1.5678 -7.00884 -12.3131 -7.14837 13.1285 -0.0729345 -10.882
internal_weight=359800 240280 206680 68957 47339 26522 20817 137723 133696 119520 21618 50512 33600 4027 13647 5864 45982 3965
internal_count=359800 240280 206680 68957 47339 26522 20817 137723 133696 119520 21618 50512 33600 4027 13647 5864 45982 3965
is_linear=0
shrinkage=0.0229654


Tree=214
num_leaves=19
num_cat=0
split_feature=15 6 10 30 28 3 11 4 28 30 26 23 3 11 9 9 17 4
split_gain=3.04226e+09 2.66842e+09 2.77618e+09 2.23212e+09 2.16342e+09 2.02185e+09 1.71076e+09 1.49789e+09 1.48659e+09 2.00537e+09 1.8357e+09 1.43571e+09 1.59098e+09 1.43019e+09 1.31361e+09 1.26388e+09 1.48089e+09 1.23181e+09
threshold=20.406250000000004 1.0000000180025095e-35 0.6830127018922193 1017.3437500000001 -5.0299502899751438 2.5000000000000004 36.000000000000007 1.5000000000000002 -0.39930340557275507 258.41875000000005 20.159505208333339 -1.1124999999999989 1.0000000180025095e-35 108.00000000000001 -0.93301270189221908 0.93301270189221952 6.0625000000000009 7.5000000000000009
decision_type=2 2 2 2 2 2 2 2 2 2 2 2 2 2 2 2 2 2
left_child=1 2 5 -4 -5 11 -2 -8 9 -7 14 -1 -13 -9 -10 -14 -17 -3
right_child=6 17 3 4 -6 8 7 13 10 -11 -12 12 15 -15 -16 16 -18 -19
leaf_value=-0.86823262240446952 -16.641024578070351 -6.7013588281290071 11.765207831442813 14.097893091272478 0.57446334771882468 -7.4148666870283373 8.3996055125498206 -11.038799076764795 5.7789089173327248 3.4742368209929926 6.5045911756319592 10.123483061767304 3.5037596371153428 -0.20489647034171665 -5.6163140403449461 -77.397929609596289 -6.7224530588250131 -27.036961228141081
leaf_weight=43698 6797 5148 19160 7305 42755 11352 4459 13855 5749 41634 8375 18888 37553 11986 74169 162 4494 2261
leaf_count=43698 6797 5148 19160 7305 42755 11352 4459 13855 5749 41634 8375 18888 37553 11986 74169 162 4494 2261
internal_value=2.98722e-09 0.715995 1.03612 5.09922 2.54787 -0.106817 -6.22836 -3.89256 -1.89968 1.1413 -3.72462 2.31022 4.58353 -6.01364 -4.79658 2.10447 -9.18152 -12.9072
internal_weight=359800 322703 315294 69220 50060 246074 37097 30300 141279 52986 88293 104795 61097 25841 79918 42209 4656 7409
internal_count=359800 322703 315294 69220 50060 246074 37097 30300 141279 52986 88293 104795 61097 25841 79918 42209 4656 7409
is_linear=0
shrinkage=0.0229654


Tree=215
num_leaves=19
num_cat=0
split_feature=6 5 13 13 14 1 22 1 36 14 1 22 13 28 24 28 1 1
split_gain=2.53076e+09 2.79429e+09 2.62094e+09 2.11149e+09 2.15687e+09 1.87479e+09 2.18185e+09 2.21654e+09 2.39311e+09 1.90688e+09 1.93902e+09 1.88065e+09 1.60448e+09 1.38899e+09 1.3198e+09 1.31659e+09 1.49898e+09 1.51594e+09
threshold=1.0000000180025095e-35 1.0000000180025095e-35 -0.44374999999999981 22.031250000000004 48.687500000000007 5.5000000000000009 16.346354166666675 20.500000000000004 26466.500000000004 76.062500000000014 16.500000000000004 8.5501302083333357 15.843750000000004 0.45591248794599709 2.575000000000002 1.6657072368421064 11.500000000000002 3.5000000000000004
decision_type=2 2 2 2 2 2 2 2 2 2 2 2 2 2 2 2 2 2
left_child=1 2 -1 4 -4 -6 7 8 11 10 13 -7 -8 -10 -13 16 17 -3
right_child=-2 15 3 -5 5 6 12 -9 9 -11 -12 14 -14 -15 -16 -17 -18 -19
leaf_value=9.1591084594936198 -12.72044258206664 2.0633168587420139 -11.641745950765671 13.052392934610339 -2.7464595579186732 28.295749375125904 -10.997373896925604 -3.228775456167257 -2.4741862763452511 5.3870669423140312 4.5695509931631815 9.8552202022633502 0.61445272637056836 -16.619692638388337 -8.0863132054964559 -7.2205136979650204 1.9683403042910124 -7.6899263727415157
leaf_weight=22075 8064 12459 7493 7264 55189 2738 10160 22136 10628 48146 12957 26070 16417 5585 2358 27293 36938 25830
leaf_count=22075 8064 12459 7493 7264 55189 2738 10160 22136 10628 48146 12957 26070 16417 5585 2358 27293 36938 25830
internal_value=1.62684e-10 0.291633 1.60449 0.870284 0.467828 0.895059 2.17355 3.39399 4.74538 2.57976 -2.05379 10.1178 -3.82458 -7.34698 8.36703 -2.89979 -1.3322 -4.51628
internal_weight=359800 351736 249216 227141 219877 212384 157195 130618 108482 77316 29170 31166 26577 16213 28428 102520 75227 38289
internal_count=359800 351736 249216 227141 219877 212384 157195 130618 108482 77316 29170 31166 26577 16213 28428 102520 75227 38289
is_linear=0
shrinkage=0.0229654


Tree=216
num_leaves=19
num_cat=0
split_feature=7 24 30 13 4 26 27 4 13 14 11 17 13 6 17 7 35 30
split_gain=2.65802e+09 2.05009e+09 2.20652e+09 2.22692e+09 1.69995e+09 1.59122e+09 1.54656e+09 1.40669e+09 1.26024e+09 1.22625e+09 1.20554e+09 1.16904e+09 9.61297e+08 9.33456e+08 1.10189e+09 1.23395e+09 1.10311e+09 1.14972e+09
threshold=-0.94490267940017747 3.3499999999999996 376.93125000000003 12.981250000000003 8.5000000000000018 21.610286458333338 3.9588541666666663 1.5000000000000002 18.868750000000006 56.187500000000007 84.000000000000014 27.062500000000004 -3.8437499999999996 1.0000000180025095e-35 78.937500000000014 0.75023006073889154 19577.500000000004 1175.4750000000001
decision_type=2 2 2 2 2 2 2 2 2 2 2 2 2 2 2 2 2 2
left_child=7 2 3 -2 5 9 12 -1 -6 -5 -3 -8 -4 14 -14 16 17 -16
right_child=1 10 6 4 8 -7 11 -9 -10 -11 -12 -13 13 -15 15 -17 -18 -19
leaf_value=19.191545345626189 -7.0730517891955316 -14.388268839125605 13.824751474249046 -9.6239519086202936 7.2548340603297934 10.409101656734542 -26.755728102415958 4.3116358201517624 43.315617236217378 -1.0717514813792586 -2.8920990451701072 -4.2387016872913748 0.077418283186089856 -8.5208839966578758 20.214936517183425 -0.93123883650735573 4.9697285946092169 104.70784972740141
leaf_weight=3720 40472 8488 3438 10881 7232 5355 1397 33760 550 47197 11105 9389 89651 4712 1275 21794 59293 91
leaf_count=3720 40472 8488 3438 10881 7232 5355 1397 33760 550 47197 11105 9389 89651 4712 1275 21794 59293 91
internal_value=1.87134e-09 -0.673099 -0.207147 -2.77141 -0.326762 -1.56954 1.29199 5.78851 9.80346 -2.67402 -7.87242 -7.1551 1.79745 1.56359 1.83969 3.7558 5.4398 25.8437
internal_weight=359800 322320 302727 111687 71215 63433 191040 37480 7782 58078 19593 10786 180254 176816 172104 82453 60659 1366
internal_count=359800 322320 302727 111687 71215 63433 191040 37480 7782 58078 19593 10786 180254 176816 172104 82453 60659 1366
is_linear=0
shrinkage=0.0229654


Tree=217
num_leaves=19
num_cat=0
split_feature=7 16 7 1 18 17 16 35 35 3 3 3 0 3 35 17 35 35
split_gain=2.55619e+09 2.16205e+09 2.56719e+09 2.28551e+09 2.26649e+09 1.56704e+09 3.24389e+09 1.76965e+09 1.48887e+09 1.53257e+09 3.02323e+09 1.45481e+09 1.79218e+09 2.34686e+09 1.87239e+09 1.31399e+09 1.29749e+09 1.19355e+09
threshold=-0.89495246814786256 336.56250000000006 0.65793410509763428 22.500000000000004 0.014375000000000002 87.437500000000014 7.5625000000000009 26282.500000000004 42681.500000000007 5.5000000000000009 3.5000000000000004 4.5000000000000009 11.500000000000002 1.0000000180025095e-35 24722.500000000004 18.062500000000004 26833.500000000004 34388.000000000007
decision_type=2 2 2 2 2 2 2 2 2 2 2 2 2 2 2 2 2 2
left_child=8 2 3 5 15 -2 -7 -8 9 10 -1 12 -4 14 -14 17 -6 -3
right_child=1 4 11 -5 16 6 7 -9 -10 -11 -12 -13 13 -15 -16 -17 -18 -19
leaf_value=6.7400501674812947 0.85652700443335994 -21.712677617221665 -5.1767522823011936 -6.8311774378404637 1.8689400338478681 -0.14774423315731891 20.395893164491408 7.5206552124119064 30.879018069231282 13.751890642155077 -6.0438776462671671 -7.4286851955320756 9.2336816267435378 -0.66047575990701923 43.115037960898206 -8.45176848645057 -14.972445024406179 -94.176829848573618
leaf_weight=29280 98364 2926 32160 14992 19075 25417 7921 19468 1120 7440 14632 27692 6477 29846 992 19111 2762 125
leaf_count=29280 98364 2926 32160 14992 19075 25417 7921 19468 1120 7440 14632 27692 6477 29846 992 19111 2762 125
internal_value=1.01839e-09 -0.79984 -0.0124719 1.72152 -5.51215 2.56972 5.76095 11.2442 4.68466 4.11335 2.48029 -2.97771 -1.2036 2.22066 13.7337 -10.6861 -0.261202 -24.6815
internal_weight=359800 307328 263329 166162 43999 151170 52806 27389 52472 51352 43912 97167 69475 37315 7469 22162 21837 3051
internal_count=359800 307328 263329 166162 43999 151170 52806 27389 52472 51352 43912 97167 69475 37315 7469 22162 21837 3051
is_linear=0
shrinkage=0.0229654


Tree=218
num_leaves=19
num_cat=0
split_feature=6 3 0 3 0 4 4 36 0 36 35 28 26 26 19 36 3 31
split_gain=2.37137e+09 2.63329e+09 2.59221e+09 3.17942e+09 2.4818e+09 1.77895e+09 1.52462e+09 2.61623e+09 2.91948e+09 1.49015e+09 1.47056e+09 1.44167e+09 1.55547e+09 1.46824e+09 1.40563e+09 1.33449e+09 1.3107e+09 1.29539e+09
threshold=1.0000000180025095e-35 3.5000000000000004 13.500000000000002 1.0000000180025095e-35 21.500000000000004 1.5000000000000002 2.5000000000000004 27675.500000000004 45.500000000000007 21757.500000000004 37073.500000000007 0.83259648265754749 14.273177083333335 20.159505208333339 5.1250000000000018 24453.500000000004 1.0000000180025095e-35 1.0000000180025095e-35
decision_type=2 2 2 2 2 2 2 2 2 2 2 2 2 2 2 2 2 2
left_child=1 2 16 4 5 15 7 8 -5 17 -6 12 -3 -13 -9 -4 -1 -8
right_child=-2 11 3 6 10 -7 9 14 -10 -11 -12 13 -14 -15 -16 -17 -18 -19
leaf_value=-8.7330573552477606 -12.313361719448061 1.1428810393808506 143.08209288011628 63.097661707349822 5.1979880883903444 17.495516755154156 26.983850950940592 -19.401537566270488 6.5377162093117915 -0.44956492841525447 31.387147196132101 -6.1701427983491719 -6.3027023377880118 5.891625940943289 6.3025626329643609 43.982009828741901 -0.29355111203117157 4.7149577554995421
leaf_weight=12688 8064 77660 80 896 25168 7040 1853 1196 1040 82656 1184 50549 18282 5949 18148 688 41288 5371
leaf_count=12688 8064 77660 80 896 25168 7040 1853 1196 1040 82656 1184 50549 18282 5949 18148 688 41288 5371
internal_value=4.39062e-10 0.2823 2.02016 3.6164 9.74414 21.1161 1.73331 7.26078 32.7142 0.424631 6.37467 -1.98973 -0.275894 -4.90009 4.71333 54.3049 -2.2774 10.4271
internal_weight=359800 351736 199296 145320 34160 7808 111160 21280 1936 89880 26352 152440 95942 56498 19344 768 53976 7224
internal_count=359800 351736 199296 145320 34160 7808 111160 21280 1936 89880 26352 152440 95942 56498 19344 768 53976 7224
is_linear=0
shrinkage=0.0229654


Tree=219
num_leaves=19
num_cat=0
split_feature=15 7 17 13 8 23 28 15 13 3 17 29 36 15 22 3 10 3
split_gain=2.98724e+09 2.12119e+09 2.12103e+09 1.82853e+09 1.74533e+09 1.64261e+09 1.34906e+09 1.30354e+09 1.29784e+09 1.11282e+09 1.06502e+09 1.02888e+09 9.88848e+08 8.67808e+08 8.51999e+08 9.0627e+08 8.24167e+08 9.29798e+08
threshold=16.118750000000006 0.82968937203783699 85.687500000000014 0.73125000000000029 0.32075123873380501 5.1750000000000043 -4.683692002442001 21.393750000000008 21.356250000000006 1.0000000180025095e-35 27.812500000000004 1.5750000000000031 20158.000000000004 8.2437500000000021 3.0213107638888892 5.5000000000000009 0.93301270189221952 3.5000000000000004
decision_type=2 2 2 2 2 2 2 2 2 2 2 2 2 2 2 2 2 2
left_child=1 2 5 16 9 6 -1 -5 -8 12 -7 -9 -4 -3 -11 -16 17 -2
right_child=3 13 4 7 -6 10 8 11 -10 14 -12 -13 -14 -15 15 -17 -18 -19
leaf_value=10.845627977076514 9.5038439091410698 1.0023259018955364 56.548759885534778 -3.0845641176970204 1.5122680997237103 -16.965215559708565 0.53531021616202978 -36.372470524275073 11.460009870199755 24.446731780932019 -2.7721256175552429 -8.7288251788332172 16.546830158192506 -4.9481070943229639 4.8534444785194166 16.100926018618257 -13.21885938949435 -1.9281524064304629
leaf_weight=7882 9272 20554 350 55750 26289 3815 120829 734 6021 1509 10362 21810 4738 34832 22769 4530 1451 6303
leaf_count=7882 9272 20554 350 55750 26289 3815 120829 734 6021 1509 10362 21810 4738 34832 22769 4530 1451 6303
internal_value=-1.79462e-09 1.25624 2.31476 -3.48564 5.95302 0.844273 1.62669 -4.96893 1.05386 9.39717 -6.59146 -9.62886 19.2985 -2.73987 7.64841 6.71985 3.33525 4.87746
internal_weight=359800 264480 209094 95320 60185 148909 134732 78294 126850 33896 14177 22544 5088 55386 28808 27299 17026 15575
internal_count=359800 264480 209094 95320 60185 148909 134732 78294 126850 33896 14177 22544 5088 55386 28808 27299 17026 15575
is_linear=0
shrinkage=0.0229654


Tree=220
num_leaves=19
num_cat=0
split_feature=15 11 24 30 26 13 9 11 16 18 15 11 13 6 26 23 26 28
split_gain=2.89922e+09 2.19516e+09 2.04043e+09 2.51042e+09 2.02064e+09 1.77056e+09 2.02349e+09 1.59426e+09 1.29989e+09 1.26517e+09 1.12816e+09 1.14069e+09 1.10847e+09 9.06614e+08 8.77931e+08 8.55521e+08 9.29687e+08 8.43295e+08
threshold=11.531250000000004 108.00000000000001 1.6374999999999997 294.7312500000001 8.6042968750000011 12.818750000000003 -0.93301270189221908 108.00000000000001 641.31250000000011 0.32562500000000011 20.406250000000004 108.00000000000001 19.231250000000006 1.0000000180025095e-35 13.943880208333335 -1.0000000180025095e-35 13.943880208333335 2.4639444444444436
decision_type=2 2 2 2 2 2 2 2 2 2 2 2 2 2 2 2 2 2
left_child=1 4 3 5 -1 -2 -7 -4 12 10 13 -12 14 -5 17 -11 -17 -6
right_child=2 -3 7 9 8 6 -8 -9 -10 15 11 -13 -14 -15 -16 16 -18 -19
leaf_value=9.33549223443325 -11.351548914580883 -1.130613695531183 -9.7712079924006439 1.7629159765065059 5.7585937592331486 13.334620765673501 -3.984941943831009 -0.81582925420650387 -15.496284185551998 0.089139389713104936 -11.154350030119589 3.1194275217632126 11.770446534193562 -13.085688080825767 -1.3028277093522971 9.3775766969836294 45.570932130085104 -4.8876114581577434
leaf_weight=30497 15329 60630 26441 73107 28644 4022 30822 17373 2115 6311 8243 4601 6538 2235 26546 11412 387 4547
leaf_count=30497 15329 60630 26441 73107 28644 4022 30822 17373 2115 6311 8243 4601 6538 2235 26546 11412 387 4547
internal_value=4.86607e-10 2.30995 -1.83978 -0.613172 4.41944 -4.84723 -1.98577 -6.22025 2.22724 1.38535 0.249951 -6.04117 2.79284 1.32244 1.81027 6.91416 10.5647 4.30012
internal_weight=359800 159517 200283 156469 98887 50173 34844 43814 68390 106296 88186 12844 66275 75342 59737 18110 11799 33191
internal_count=359800 159517 200283 156469 98887 50173 34844 43814 68390 106296 88186 12844 66275 75342 59737 18110 11799 33191
is_linear=0
shrinkage=0.0229654


Tree=221
num_leaves=19
num_cat=0
split_feature=15 11 24 22 27 14 11 26 8 3 3 1 8 6 8 36 16 4
split_gain=2.79639e+09 2.24232e+09 1.93283e+09 2.01352e+09 1.78744e+09 1.92438e+09 1.7097e+09 1.53039e+09 1.41196e+09 1.24801e+09 2.2072e+09 2.85194e+09 1.7131e+09 1.40163e+09 1.42208e+09 1.49628e+09 2.28059e+09 1.90648e+09
threshold=9.8562500000000028 108.00000000000001 2.325000000000002 13.667578125 -1.5241071428571424 63.062500000000007 84.000000000000014 10.838932291666667 -0.065263096110025884 4.5000000000000009 5.5000000000000009 10.500000000000002 -0.19467261866128607 1.0000000180025095e-35 0.25881904510252057 26466.500000000004 123.06250000000001 1.5000000000000002
decision_type=2 2 2 2 2 2 2 2 2 2 2 2 2 2 2 2 2 2
left_child=1 7 3 9 -5 8 -4 -1 -6 13 12 -12 -11 14 15 17 -17 -2
right_child=2 -3 6 4 5 -7 -8 -9 -10 10 11 -13 -14 -15 -16 16 -18 -19
leaf_value=9.1992101150700964 42.828295908820067 -1.0727116787282729 -12.025320038041935 -9.1220230121587136 -11.452839877766355 2.8059816880767352 -1.708055222132099 2.3970351905577467 0.57933975695280904 -15.310540600687695 -7.4342561209556894 9.9298354968509717 -1.6560242926509408 -10.779657363384411 -0.57497668934164325 6.9917651829978551 -3.8820790108910703 9.254761786113038
leaf_weight=32186 951 44566 15702 22228 12343 27064 18395 38087 8819 8973 8434 12212 10536 4086 37037 27722 16069 14390
leaf_count=32186 951 44566 15702 22228 12343 27064 18395 38087 8819 8973 8434 12212 10536 4086 37037 27722 16069 14390
internal_value=2.23886e-09 2.95697 -1.38624 -0.565928 -3.73402 -1.25061 -6.45926 5.51252 -6.43858 1.02373 -2.39738 2.83651 -7.9363 2.39399 2.95371 5.16388 3.00163 11.336
internal_weight=359800 114839 244961 210864 70454 48226 34097 70273 21162 140410 40155 20646 19509 100255 96169 59132 43791 15341
internal_count=359800 114839 244961 210864 70454 48226 34097 70273 21162 140410 40155 20646 19509 100255 96169 59132 43791 15341
is_linear=0
shrinkage=0.0229654


Tree=222
num_leaves=19
num_cat=0
split_feature=15 11 13 28 30 4 17 16 28 4 22 21 13 0 17 5 16 11
split_gain=2.74305e+09 2.02499e+09 2.08719e+09 1.81984e+09 2.41911e+09 1.72178e+09 1.66555e+09 2.18905e+09 1.47085e+09 1.34924e+09 1.94159e+09 1.63263e+09 1.44572e+09 1.28056e+09 1.15684e+09 1.0659e+09 9.76521e+08 9.51521e+08
threshold=18.256250000000005 108.00000000000001 -0.44374999999999981 -1.2947295321637429 280.56875000000008 11.500000000000002 96.687500000000014 8.3125000000000018 -3.0116843971631195 8.5000000000000018 7.0073784722222232 19.769921875000005 18.256250000000005 16.500000000000004 63.312500000000007 1.0000000180025095e-35 632.81250000000011 1.0000000180025095e-35
decision_type=2 2 2 2 2 2 2 2 2 2 2 2 2 2 2 2 2 2
left_child=3 2 -2 4 -1 13 16 -8 -7 11 -11 14 -12 -6 -5 -15 17 -4
right_child=1 -3 6 9 5 8 7 -9 -10 10 12 -13 -14 15 -16 -17 -18 -19
leaf_value=-7.0929193570019109 4.799827940481288 1.1443134814999463 -23.670789453506526 -4.25312122652364 2.0689056318362642 -19.914136437657241 -13.947369393021237 9.5333860106161072 2.6811875212950471 -9.9984719957641186 4.021647651555865 5.7966551760191338 30.485540512551808 10.936327355921376 -0.16315450910636889 3.0617818600061204 -39.398375068732626 -10.185664232654654
leaf_weight=9575 6165 22386 3169 65198 24822 2516 3776 4701 3836 5317 43035 15821 1117 30633 82789 12877 702 21365
leaf_count=9575 6165 22386 3169 65198 24822 2516 3776 4701 3836 5317 43035 15821 1117 30633 82789 12877 702 21365
internal_value=2.65393e-09 -4.38341 -7.48646 0.917295 3.77479 5.1681 -9.73322 -0.925896 -6.26872 -0.211609 3.11229 -1.21541 4.69116 6.23125 -1.96505 8.60582 -12.6917 -11.9275
internal_weight=359800 62264 39878 297536 84259 74684 33713 8477 6352 213277 49469 163808 44152 68332 147987 43510 25236 24534
internal_count=359800 62264 39878 297536 84259 74684 33713 8477 6352 213277 49469 163808 44152 68332 147987 43510 25236 24534
is_linear=0
shrinkage=0.0229654


Tree=223
num_leaves=19
num_cat=0
split_feature=7 16 8 36 4 35 14 13 36 14 7 14 24 30 35 3 3 36
split_gain=2.39017e+09 1.95855e+09 3.19195e+09 3.08511e+09 2.10614e+09 1.78511e+09 1.84908e+09 1.69435e+09 1.6725e+09 1.66946e+09 1.82345e+09 1.53909e+09 1.50168e+09 1.97758e+09 1.36115e+09 1.4566e+09 2.7992e+09 1.16453e+09
threshold=-0.89495246814786256 289.81250000000006 -0.70710678118654757 27994.500000000004 1.5000000000000002 26833.500000000004 57.687500000000007 17.831250000000008 19968.500000000004 73.812500000000014 0.25881904510252096 79.312500000000014 3.4750000000000036 382.94375000000008 42681.500000000007 5.5000000000000009 3.5000000000000004 21368.500000000004
decision_type=2 2 2 2 2 2 2 2 2 2 2 2 2 2 2 2 2 2
left_child=14 2 3 4 -2 6 17 12 -7 -6 -11 -5 13 -4 15 16 -1 -3
right_child=1 5 7 11 9 8 -8 -9 -10 10 -12 -13 -14 -15 -16 -17 -18 -19
leaf_value=6.4905368202116387 55.734616537544355 -3.4885885582787988 -4.5059423176686986 -4.9060862625129236 0.60452396028534594 -97.078156605257888 0.41907327873317018 7.8729764682937189 -13.953168969537783 31.129499997888779 10.025164747305102 5.3881847847931121 -9.7209641222516829 0.5130019118354594 29.575621286148433 13.380314898633387 -5.8105962350847431 -15.85528882635615
leaf_weight=29280 624 8491 61880 12070 4212 130 28135 10388 7089 3491 5660 20964 11434 125140 1120 7440 14632 7620
leaf_count=29280 624 8491 61880 12070 4212 130 28135 10388 7089 3491 5660 20964 11434 125140 1120 7440 14632 7620
internal_value=-1.30752e-09 -0.773429 0.0487993 5.45462 14.4949 -4.86122 -3.13358 -1.16833 -15.4501 12.5692 18.0762 1.62685 -1.64159 -1.14763 4.52997 3.98372 2.39165 -9.33765
internal_weight=359800 307328 255863 47021 13987 51465 44246 208842 7219 13363 9151 33034 198454 187020 52472 51352 43912 16111
internal_count=359800 307328 255863 47021 13987 51465 44246 208842 7219 13363 9151 33034 198454 187020 52472 51352 43912 16111
is_linear=0
shrinkage=0.0229654


Tree=224
num_leaves=19
num_cat=0
split_feature=6 3 3 1 0 13 13 36 8 35 32 24 8 3 36 9 4 17
split_gain=2.18409e+09 2.46962e+09 2.57686e+09 5.11988e+09 4.06292e+09 2.13552e+09 1.98539e+09 1.87101e+09 1.9799e+09 1.77814e+09 1.76874e+09 2.52183e+09 1.73683e+09 1.97808e+09 1.73519e+09 1.63818e+09 1.53375e+09 1.47023e+09
threshold=1.0000000180025095e-35 4.5000000000000009 5.5000000000000009 10.500000000000002 11.500000000000002 -0.44374999999999981 22.031250000000004 19843.500000000004 -0.19467261866128607 19705.500000000004 173.11875000000003 1.9750000000000025 0.13052619222005152 1.0000000180025095e-35 34533.000000000007 -0.93301270189221908 1.5000000000000002 54.812500000000007
decision_type=2 2 2 2 2 2 2 2 2 2 2 2 2 2 2 2 2 2
left_child=1 5 4 -4 -3 16 10 -6 9 -9 11 12 13 14 -7 -5 -1 -15
right_child=-2 2 3 15 7 6 -8 8 -10 -11 -12 -13 -14 17 -16 -17 -18 -19
leaf_value=15.520318412960705 -11.817141048532259 5.4788858060413412 -6.9811952839693676 28.357254586767684 1.1450367599663529 17.47860637203674 12.655179439998989 -71.218444342668306 -6.3268117076027268 -16.564900154532147 -3.4470597489061685 -4.5225940244052261 -0.012982323834457075 -2.5626397787355488 -0.38123866806588763 6.1079446518915628 3.2320661979504273 5.4014880270363594
leaf_weight=9148 8064 11792 23400 1872 6744 10739 7264 320 15960 16640 47970 29892 63369 16458 3915 25792 12927 47534
leaf_count=9148 8064 11792 23400 1872 6744 10739 7264 320 15960 16640 47970 29892 63369 16458 3915 25792 12927 47534
internal_value=2.70473e-09 0.270923 -2.72938 0.925523 -6.35643 1.50516 0.842421 -9.87504 -12.1326 -17.5961 0.452167 1.54023 2.81636 5.09611 12.7071 7.61354 8.32438 3.35321
internal_weight=359800 351736 102520 51064 51456 249216 227141 39664 32920 16960 219877 171907 142015 78646 14654 27664 22075 63992
internal_count=359800 351736 102520 51064 51456 249216 227141 39664 32920 16960 219877 171907 142015 78646 14654 27664 22075 63992
is_linear=0
shrinkage=0.0229654


Tree=225
num_leaves=19
num_cat=0
split_feature=15 11 7 17 14 16 11 8 25 3 6 16 35 35 15 24 21 25
split_gain=2.65419e+09 2.15434e+09 1.77666e+09 1.86466e+09 1.58817e+09 3.31342e+09 1.47172e+09 1.44561e+09 1.26256e+09 9.93306e+08 1.01833e+09 9.79385e+08 1.07845e+09 9.65396e+08 9.63079e+08 9.38576e+08 9.35717e+08 9.72066e+08
threshold=14.756250000000003 60.000000000000007 0.82968937203783699 85.437500000000014 74.937500000000014 6.9375000000000009 84.000000000000014 0.55438071450436011 -1.0000000180025095e-35 3.5000000000000004 1.0000000180025095e-35 280.43750000000006 23703.500000000004 15369.500000000002 19.981250000000006 4.731250000000002 19.466145833333339 10.798177083333336
decision_type=2 2 2 2 2 2 2 2 2 2 2 2 2 2 2 2 2 2
left_child=2 4 3 8 14 -6 7 11 -1 10 -3 12 -5 -10 -2 -14 17 -15
right_child=1 9 -4 6 5 -7 -8 -9 13 -11 -12 -13 15 16 -16 -17 -18 -19
leaf_value=17.289942368994158 -8.2819772020214355 2.4658012473308872 -2.370537002954697 34.034841435529209 -11.584062984047986 5.1818842774374021 1.8194776841077001 3.2348891617946811 -26.504969630734696 -3.4349217441249134 -17.589573599809277 1.4687094489992321 14.563510291676463 2.4008812448066865 -19.356012616700198 -39.431480861979459 7.1447412028621438 -1.7482826780046032
leaf_weight=2461 12948 42130 51604 1562 12159 12721 23874 11785 685 33410 1379 2936 13212 56966 6090 172 11305 62401
leaf_count=2461 12948 42130 51604 1562 12159 12721 23874 11785 685 33410 1379 2936 13212 56966 6090 172 11305 62401
internal_value=1.14493e-09 -2.7738 1.40263 2.44187 -6.83194 -3.01173 6.06389 9.47951 0.992691 -0.456747 1.83015 13.595 15.9771 0.687359 -11.8244 13.8696 0.829905 0.23184
internal_weight=359800 120837 238963 187359 43918 24880 53541 29667 133818 76919 43509 17882 14946 131357 19038 13384 130672 119367
internal_count=359800 120837 238963 187359 43918 24880 53541 29667 133818 76919 43509 17882 14946 131357 19038 13384 130672 119367
is_linear=0
shrinkage=0.0229654


Tree=226
num_leaves=19
num_cat=0
split_feature=15 7 16 8 35 18 35 16 35 35 6 35 26 24 26 3 0 26
split_gain=2.57771e+09 1.98477e+09 1.98316e+09 2.582e+09 2.68534e+09 1.54438e+09 1.71092e+09 1.43842e+09 1.49934e+09 1.27855e+09 1.2694e+09 1.26001e+09 1.17805e+09 1.07128e+09 1.04424e+09 1.04263e+09 1.03491e+09 1.10084e+09
threshold=9.6062500000000028 0.65793410509763428 244.31250000000003 0.55438071450436011 23703.500000000004 0.014375000000000002 23238.500000000004 94.437500000000014 28197.500000000004 17055.000000000004 1.0000000180025095e-35 34061.000000000007 3.6252604166666669 -1.8374999999999979 19.067317708333338 1.0000000180025095e-35 34.500000000000007 6.1602864583333341
decision_type=2 2 2 2 2 2 2 2 2 2 2 2 2 2 2 2 2 2
left_child=9 2 3 4 -2 11 -7 15 -9 -1 -3 16 -13 -8 -5 -6 17 -4
right_child=1 10 5 14 7 6 13 8 -10 -11 -12 12 -14 -15 -16 -17 -18 -19
leaf_value=-13.255118273048696 21.641573521794314 -4.4932637831070501 16.652231413073284 -2.5645459506943671 15.787394393140438 5.4209930311134524 -16.714700561995457 6.9881274862519618 -4.2466112320685561 3.3484310088861253 -27.184588628156696 -4.7576157841673883 -75.385648974814586 -2.4455933596469821 10.107637582380383 4.7235205436805092 2.061522588433498 -10.628302572393727
leaf_weight=2504 4499 56284 813 62418 5266 14782 3391 9316 19130 105695 1331 225 279 15275 3629 30573 5096 19294
leaf_count=2504 4499 56284 813 62418 5266 14782 3391 9316 19130 105695 1331 225 279 15275 3629 30573 5096 19294
internal_value=-3.63619e-10 -1.27472 -0.163105 1.37494 4.48909 -3.66875 -0.415656 3.28867 -0.56726 2.96418 -5.01747 -7.90142 -43.8553 -5.03782 -1.86826 6.34919 -7.18243 -9.52525
internal_weight=359800 251601 193986 134831 68784 59155 33448 64285 28446 108199 57615 25707 504 18666 66047 35839 25203 20107
internal_count=359800 251601 193986 134831 68784 59155 33448 64285 28446 108199 57615 25707 504 18666 66047 35839 25203 20107
is_linear=0
shrinkage=0.0229654


Tree=227
num_leaves=19
num_cat=0
split_feature=15 7 14 15 7 17 23 28 27 23 17 11 13 30 14 11 24 11
split_gain=2.53056e+09 2.09251e+09 1.719e+09 1.70361e+09 1.57479e+09 1.54966e+09 1.58734e+09 1.33092e+09 1.36371e+09 1.23891e+09 1.43461e+09 1.15771e+09 9.15192e+08 8.94445e+08 8.78156e+08 1.1739e+09 8.96318e+08 8.67112e+08
threshold=20.406250000000004 -0.89495246814786256 57.312500000000007 6.8437500000000018 0.82968937203783699 82.187500000000014 -0.11250000000000047 0.8608330369843521 -0.20442708333333345 5.3000000000000043 17.062500000000004 108.00000000000001 21.356250000000006 2041.9937500000003 68.062500000000014 84.000000000000014 -0.10000000000000096 108.00000000000001
decision_type=2 2 2 2 2 2 2 2 2 2 2 2 2 2 2 2 2 2
left_child=1 13 -2 11 5 9 -7 8 -4 12 -11 -3 -5 -1 -8 16 -16 -9
right_child=2 3 7 4 -6 6 14 17 -10 10 -12 -13 -14 -15 15 -17 -18 -19
leaf_value=4.85544611133093 -21.133829974332517 7.5279844852728317 -7.593032070300489 -1.025890875803797 -4.4185019611446554 -1.1786113223826229 -1.0899741808525929 -14.072455152829543 4.797358815118133 -28.014642057583764 -5.2078202270497727 -0.74770417932974564 11.342632255368699 32.831319146599817 19.305616243209538 3.3169204049288656 7.8568243793251815 -2.4763375559308516
leaf_weight=44620 3444 23754 7852 104930 50384 29170 7709 8530 11615 1698 10149 14272 3253 611 5730 16691 9732 5656
leaf_count=44620 3444 23754 7852 104930 50384 29170 7709 8530 11615 1698 10149 14272 3253 611 5730 16691 9732 5656
internal_value=-1.61225e-09 0.65301 -5.68047 -0.093637 -0.810747 0.1507 2.89234 -4.09899 -0.200296 -1.42608 -8.47666 4.42194 -0.653977 5.23336 5.87135 7.5404 12.0996 -9.44905
internal_weight=359800 322703 37097 277472 239446 189062 69032 33653 19467 120030 11847 38026 108183 45231 39862 32153 15462 14186
internal_count=359800 322703 37097 277472 239446 189062 69032 33653 19467 120030 11847 38026 108183 45231 39862 32153 15462 14186
is_linear=0
shrinkage=0.0229654


Tree=228
num_leaves=19
num_cat=0
split_feature=6 3 3 0 0 26 26 36 8 14 30 24 8 17 36 0 4 28
split_gain=2.03619e+09 2.33773e+09 2.461e+09 4.76287e+09 3.91263e+09 1.80853e+09 1.84403e+09 1.80136e+09 1.88661e+09 2.1085e+09 1.41408e+09 2.1064e+09 1.47727e+09 1.98814e+09 1.58247e+09 1.60716e+09 1.49944e+09 1.31279e+09
threshold=1.0000000180025095e-35 4.5000000000000009 5.5000000000000009 23.500000000000004 11.500000000000002 6.0217447916666682 21.246223958333335 19843.500000000004 -0.19467261866128607 68.062500000000014 90.068750000000009 2.5250000000000021 0.25881904510252057 51.062500000000007 24882.500000000004 14.500000000000002 2.5000000000000004 1.7625000000000004
decision_type=2 2 2 2 2 2 2 2 2 2 2 2 2 2 2 2 2 2
left_child=1 5 4 -4 -3 -1 10 -6 9 -9 17 12 13 -12 15 -15 -17 -7
right_child=-2 2 3 -5 7 6 -8 8 -10 -11 11 -13 -14 14 -16 16 -18 -19
leaf_value=5.606278701588348 -11.410015283568789 5.4122750984579024 -6.3946554606786412 7.6447896364126926 1.1580432901691045 -6.9518236372303646 13.123779316555661 -31.658209133140044 -6.2027798447961739 -12.667272514262399 -2.2101636984899118 -5.5991698738570612 -0.66635353556692156 1.9299126819668091 3.770033164025822 94.347411081458787 15.646723933232698 1.7451506424649257
leaf_weight=45423 8064 11792 24480 26584 6744 24787 5961 4051 15960 12909 19508 21266 56824 5902 42435 129 12467 14514
leaf_count=45423 8064 11792 24480 26584 6744 24787 5961 4051 15960 12909 19508 21266 56824 5902 42435 129 12467 14514
internal_value=4.61688e-10 0.261589 -2.65749 0.914302 -6.20208 1.46241 0.538795 -9.655 -11.8702 -17.2034 0.159589 1.12633 2.16828 4.17069 6.21355 11.8191 16.4527 -3.74
internal_weight=359800 351736 102520 51064 51456 249216 203793 39664 32920 16960 197832 158531 137265 80441 60933 18498 12596 39301
internal_count=359800 351736 102520 51064 51456 249216 203793 39664 32920 16960 197832 158531 137265 80441 60933 18498 12596 39301
is_linear=0
shrinkage=0.0229654


Tree=229
num_leaves=19
num_cat=0
split_feature=6 3 3 1 0 0 3 3 26 0 21 16 9 22 0 8 29 0
split_gain=1.94374e+09 2.23159e+09 2.34927e+09 4.62701e+09 3.73498e+09 1.75339e+09 3.47207e+09 1.84203e+09 1.78156e+09 1.71083e+09 1.58425e+09 1.57758e+09 1.5506e+09 1.51365e+09 1.30435e+09 1.23021e+09 1.35158e+09 1.32541e+09
threshold=1.0000000180025095e-35 4.5000000000000009 5.5000000000000009 10.500000000000002 11.500000000000002 11.500000000000002 1.0000000180025095e-35 1.0000000180025095e-35 3.7464843750000001 23.500000000000004 22.154166666666672 563.06250000000011 -0.93301270189221908 16.609244791666672 4.5000000000000009 -0.065263096110025884 27.531250000000011 20.500000000000004
decision_type=2 2 2 2 2 2 2 2 2 2 2 2 2 2 2 2 2 2
left_child=1 5 4 -4 -3 7 9 -1 -8 13 11 -10 -5 -7 -9 16 -2 -18
right_child=15 2 3 12 -6 6 8 14 10 -11 -12 -13 -14 -15 -16 -17 17 -19
leaf_value=-10.676109354734921 -59.922376186798139 5.2879799902186422 -6.6232133425092616 27.432860844025736 -9.4332647574792077 19.974440799248327 9.2866704080295914 4.9753472053254413 0.58467885341295722 5.4328961168124383 18.41853220043301 -9.3023209603577666 5.7864683261214322 -1.5317262662609046 -3.0310698182092959 -2.544345220212501 -35.722560193863913 -5.6513268421610912
leaf_weight=10736 410 11792 23400 1872 39664 9608 12562 16864 131839 24400 2492 9099 25792 2104 29512 4200 1168 2286
leaf_count=10736 410 11792 23400 1872 39664 9608 12562 16864 131839 24400 2492 9099 25792 2104 29512 4200 1168 2286
internal_value=-1.60682e-09 0.255582 -2.59646 0.893305 -6.05965 1.42883 2.47915 -2.10407 0.993639 8.89606 0.267313 -0.0536289 7.25126 16.111 -0.119645 -11.148 -20.4998 -15.8202
internal_weight=359800 351736 102520 51064 51456 249216 192104 57112 155992 36112 143430 140938 27664 11712 46376 8064 3864 3454
internal_count=359800 351736 102520 51064 51456 249216 192104 57112 155992 36112 143430 140938 27664 11712 46376 8064 3864 3454
is_linear=0
shrinkage=0.0229654


Tree=230
num_leaves=19
num_cat=0
split_feature=15 11 28 30 4 22 6 26 3 8 4 26 4 3 0 4 29 23
split_gain=2.46377e+09 2.15874e+09 1.59249e+09 1.59719e+09 1.17154e+09 1.61231e+09 1.65192e+09 1.33593e+09 1.11175e+09 1.41576e+09 1.08174e+09 1.11366e+09 1.07531e+09 9.89262e+08 1.23661e+09 8.78473e+08 1.1017e+09 1.08432e+09
threshold=15.731250000000003 60.000000000000007 -1.2947295321637429 245.06875000000005 8.5000000000000018 7.0073784722222232 1.0000000180025095e-35 20.607161458333337 2.5000000000000004 -0.19467261866128607 11.500000000000002 4.6667968750000011 1.5000000000000002 3.5000000000000004 12.500000000000002 10.500000000000002 20.768750000000001 0.025000000000003911
decision_type=2 2 2 2 2 2 2 2 2 2 2 2 2 2 2 2 2 2
left_child=2 -2 3 -1 7 -6 15 8 -4 -10 13 -12 -3 14 -5 16 17 -7
right_child=1 12 4 10 5 6 -8 -9 9 -11 11 -13 -14 -15 -16 -17 -18 -19
leaf_value=-6.4591260288734222 -7.4628321691822794 7.4115225305167618 0.76801984122126554 1.6837283279559707 -10.18705948644925 5.1061589869658475 -29.908390440990164 6.9729982259347167 -7.4918549294332726 -0.9100606608192906 -13.050769420714161 7.5980551723503851 -1.6074329080519381 2.6976289560449356 11.260379898439437 10.127316345422839 0.93551277050923698 33.440516442403514
leaf_weight=6964 36858 7940 57996 9949 4160 1896 707 10349 28432 43774 3329 2350 57203 27393 24933 13812 20614 1141
leaf_count=6964 36858 7940 57996 9949 4160 1896 707 10349 28432 43774 3329 2350 57203 27393 24933 13812 20614 1141
internal_value=-1.87472e-09 -3.02122 1.19538 4.01547 0.0401183 3.38948 4.86913 -0.968615 -1.59985 -3.50172 5.08891 -4.50618 -0.508151 5.96391 8.52894 5.52545 2.838 15.7514
internal_weight=359800 102001 257799 74918 182881 42330 38170 140551 130202 72206 67954 5679 65143 62275 34882 37463 23651 3037
internal_count=359800 102001 257799 74918 182881 42330 38170 140551 130202 72206 67954 5679 65143 62275 34882 37463 23651 3037
is_linear=0
shrinkage=0.0229654


Tree=231
num_leaves=19
num_cat=0
split_feature=15 11 16 11 26 16 16 17 14 15 35 29 17 15 26 1 18 15
split_gain=2.37486e+09 1.59362e+09 1.5775e+09 1.57275e+09 2.01933e+09 1.47435e+09 1.24297e+09 2.55693e+09 1.15802e+09 1.05575e+09 1.02632e+09 9.20927e+08 9.93708e+08 9.05163e+08 8.80724e+08 8.77534e+08 8.55095e+08 7.52112e+08
threshold=13.068750000000003 60.000000000000007 433.81250000000006 108.00000000000001 8.6251302083333368 624.93750000000011 1.0625000000000002 95.812500000000014 75.937500000000014 17.106250000000006 30377.500000000004 1.0000000180025095e-35 71.312500000000014 18.781250000000004 3.8569010416666676 7.5000000000000009 0.3937500000000001 22.243750000000006
decision_type=2 2 2 2 2 2 2 2 2 2 2 2 2 2 2 2 2 2
left_child=3 2 6 4 -1 11 9 8 13 -2 -4 -6 -13 -8 -3 -14 17 -16
right_child=1 14 10 -5 5 -7 7 -9 -10 -11 -12 12 15 -15 16 -17 -18 -19
leaf_value=7.6677150597279429 -3.9722641758105244 8.8083190314158113 -15.775815392201327 -0.93516412019199346 8.8231508010510726 -14.599429450055256 -4.9328570128893618 9.8920445440567839 1.2866444801927728 -14.628139814324427 -110.50517089111131 -1.4758567841078898 -0.51128189100558519 -17.006107320895577 -0.94794016000419179 6.9416855618990381 4.1563799230699212 -7.6748765028199823
leaf_weight=38131 11900 5262 5411 75417 8986 2965 10026 8301 9807 8341 61 38997 14147 4864 71693 20271 15233 9987
leaf_count=38131 11900 5262 5411 75417 8986 2965 10026 8301 9807 8341 61 38997 14147 4864 71693 20271 15233 9987
internal_value=-1.88675e-09 -2.07461 -5.08984 1.67799 3.27379 1.31112 -3.88298 -1.13469 -4.84093 -8.36338 -16.8318 1.88363 1.03423 -8.87673 -0.342023 3.87826 -0.838851 -1.77044
internal_weight=359800 160886 58711 198914 123497 85366 53239 32998 24697 20241 5472 82401 73415 14890 102175 34418 96913 81680
internal_count=359800 160886 58711 198914 123497 85366 53239 32998 24697 20241 5472 82401 73415 14890 102175 34418 96913 81680
is_linear=0
shrinkage=0.0229654


Tree=232
num_leaves=19
num_cat=0
split_feature=15 11 7 14 1 1 36 1 14 14 26 15 36 22 1 6 12 15
split_gain=2.29904e+09 1.95923e+09 1.79156e+09 1.81183e+09 2.67189e+09 1.83944e+09 3.12898e+09 1.83011e+09 1.37609e+09 1.28888e+09 1.28507e+09 1.27645e+09 1.24339e+09 1.57118e+09 1.31644e+09 1.0546e+09 1.0445e+09 9.68331e+08
threshold=9.6062500000000028 108.00000000000001 0.75023006073889154 74.687500000000014 19.500000000000004 9.5000000000000018 27819.500000000004 16.500000000000004 52.812500000000007 83.062500000000014 10.838932291666667 16.031250000000004 26315.500000000004 8.0812065972222253 10.500000000000002 1.0000000180025095e-35 5.2562500000000023 22.856250000000006
decision_type=2 2 2 2 2 2 2 2 2 2 2 2 2 2 2 2 2 2
left_child=1 10 3 7 5 -5 9 8 11 -7 -1 -2 13 14 -10 -16 -8 -15
right_child=2 -3 -4 4 -6 6 16 -9 12 -11 -12 -13 -14 17 15 -17 -18 -19
leaf_value=8.7453640922073799 -7.0129287879290976 -1.0709006144359769 -5.1766934285783677 -0.10842092427150872 -4.6802848031417401 13.960948701109075 13.51085083687494 1.2956974470049423 -2.6420474546597266 33.863132827726119 2.317987326373983 -24.308800582834312 -8.9107319680630628 -1.1867997866040352 37.134396190054105 -56.392242601599015 2.348709667847146 -16.592429273002541
leaf_weight=30315 6750 42126 48359 34275 25155 6718 5153 39940 995 2305 35758 3376 15201 28590 1248 67 31142 2327
leaf_count=30315 6750 42126 48359 34275 25155 6718 5153 39940 995 2305 35758 3376 15201 28590 1248 67 31142 2327
internal_value=-2.49249e-10 2.79937 -1.20385 -0.258558 1.84405 3.90603 6.94225 -2.49467 -5.0801 19.0451 5.26694 -12.7794 -3.47024 -0.981268 17.2886 32.3692 3.93346 -2.34632
internal_weight=359800 108199 251601 203242 104748 79593 45318 98494 58554 9023 66073 10126 48428 33227 2310 1315 36295 30917
internal_count=359800 108199 251601 203242 104748 79593 45318 98494 58554 9023 66073 10126 48428 33227 2310 1315 36295 30917
is_linear=0
shrinkage=0.0229654


Tree=233
num_leaves=19
num_cat=0
split_feature=7 35 3 21 30 27 8 36 16 3 3 7 1 36 16 35 36 4
split_gain=2.07222e+09 1.71071e+09 1.58137e+09 1.33559e+09 1.41869e+09 2.44076e+09 1.71996e+09 3.1274e+09 1.38572e+09 1.62449e+09 1.29593e+09 3.68984e+09 3.50288e+09 1.78691e+09 2.64521e+09 1.15675e+09 1.17549e+09 1.1507e+09
threshold=-0.94490267940017747 15369.500000000002 4.5000000000000009 22.154166666666672 389.08125000000001 3.7276599702380939 0.13052619222005152 24882.500000000004 171.81250000000003 1.0000000180025095e-35 5.5000000000000009 -0.13052619222005171 4.5000000000000009 19843.500000000004 189.31250000000003 19705.500000000004 30145.500000000004 1.5000000000000002
decision_type=2 2 2 2 2 2 2 2 2 2 2 2 2 2 2 2 2 2
left_child=-1 -2 3 4 -3 6 7 17 9 -9 12 -12 -4 -14 -15 -16 -17 -6
right_child=1 2 10 -5 5 -7 -8 8 -10 -11 11 -13 13 14 15 16 -18 -19
leaf_value=5.1109894565752318 -25.781216066488351 -2.1258001919494327 5.7512005867244271 15.071793003324697 40.129152162853849 -7.861714859281089 0.021632545139193403 14.705392119581377 -3.2492974896106954 2.8177487277693221 7.9345742055417539 -5.5183209450524151 1.1209687322491975 -7.8300714790754844 -67.687147433709313 -19.235034238859352 -54.452397880941568 13.724193232397871
leaf_weight=37480 1416 80452 10720 3285 944 12907 67375 7501 14336 31621 17616 27600 7040 21447 308 6036 545 11171
leaf_count=37480 1416 80452 10720 3285 944 12907 67375 7501 14336 31621 17616 27600 7040 21447 308 6036 545 11171
internal_value=1.35906e-09 -0.594316 -0.483178 0.533514 0.32248 1.67292 2.59858 5.24634 2.85875 5.09701 -3.03951 -0.277119 -5.74917 -9.23414 -11.8068 -24.1874 -22.1515 15.7817
internal_weight=359800 322320 320904 229592 226307 145855 132948 65573 53458 39122 91312 45216 46096 35376 28336 6889 6581 12115
internal_count=359800 322320 320904 229592 226307 145855 132948 65573 53458 39122 91312 45216 46096 35376 28336 6889 6581 12115
is_linear=0
shrinkage=0.0229654


Tree=234
num_leaves=19
num_cat=0
split_feature=15 11 7 4 23 11 0 18 7 3 3 16 4 36 8 16 23 36
split_gain=2.21942e+09 1.83329e+09 1.78218e+09 1.76747e+09 1.71537e+09 1.50148e+09 1.43522e+09 1.42603e+09 1.12513e+09 1.40052e+09 1.58269e+09 1.06186e+09 1.03803e+09 1.0305e+09 1.26083e+09 1.00713e+09 1.02847e+09 1.00459e+09
threshold=17.206250000000008 1.0000000180025095e-35 0.82968937203783699 1.5000000000000002 4.5000000000000036 108.00000000000001 46.500000000000007 0.014375000000000002 0.25881904510252096 5.5000000000000009 4.5000000000000009 221.06250000000003 5.5000000000000009 26944.500000000004 -0.82968937203783677 575.31250000000011 2.4750000000000028 27598.000000000004
decision_type=2 2 2 2 2 2 2 2 2 2 2 2 2 2 2 2 2 2
left_child=2 -2 4 13 6 15 8 12 9 10 17 -10 -6 14 -3 16 -5 -1
right_child=1 3 -4 5 7 -7 -8 -9 11 -11 -12 -13 -14 -15 -16 -17 -18 -19
leaf_value=7.5081128101220083 -15.110778096581424 106.64522977730846 -2.6508778681620151 -8.339415320892817 -13.839786489171297 0.40688675366040539 -4.9319879950136007 4.1418362902168937 1.9848000949105244 10.501085818077581 -2.8227651820536095 -5.6845164290050354 -1.99931260047935 1.3959408965265525 14.386516309761671 -25.653449547146284 1.1248642116858818 2.5406891658997846
leaf_weight=37315 6494 80 57678 26168 7920 24898 12642 7572 53906 16882 18013 11564 7703 7723 3333 1456 7879 50574
leaf_count=37315 6494 80 57678 26168 7920 24898 12642 7572 53906 16882 18013 11564 7703 7723 3333 1456 7879 50574
internal_value=2.24081e-10 -3.42749 0.949183 -2.3669 1.87579 -3.91689 2.55853 -4.0375 3.06154 4.35799 3.3787 0.630165 -8.00178 6.04012 16.549 -6.94912 -6.14924 4.64971
internal_weight=359800 78031 281769 71537 224091 60401 200896 23195 188254 122784 105902 65470 15623 11136 3413 35503 34047 87889
internal_count=359800 78031 281769 71537 224091 60401 200896 23195 188254 122784 105902 65470 15623 11136 3413 35503 34047 87889
is_linear=0
shrinkage=0.0229654


Tree=235
num_leaves=19
num_cat=0
split_feature=15 11 7 14 0 1 17 36 16 35 26 3 15 14 7 36 16 29
split_gain=2.18402e+09 1.8573e+09 1.78555e+09 1.86831e+09 2.1745e+09 2.11334e+09 1.39285e+09 1.22481e+09 1.21511e+09 1.31929e+09 1.18498e+09 1.0901e+09 1.28606e+09 9.06818e+08 8.46046e+08 9.89148e+08 1.43744e+09 1.30761e+09
threshold=9.3062500000000039 108.00000000000001 0.65793410509763428 61.312500000000007 35.500000000000007 20.500000000000004 97.562500000000014 21368.500000000004 1.0000000180025095e-35 24320.500000000004 10.838932291666667 3.5000000000000004 20.531250000000004 48.687500000000007 -0.97868534383143924 31532.000000000004 129.18750000000003 405.45625000000013
decision_type=2 2 2 2 2 2 2 2 2 2 2 2 2 2 2 2 2 2
left_child=1 10 3 4 7 6 14 11 -8 -10 -1 12 -2 -9 -5 -16 -17 -18
right_child=2 -3 -4 5 -6 -7 8 13 9 -11 -12 -13 -14 -15 15 16 17 -19
leaf_value=8.8269280698652235 14.504603137047127 -1.0310427934794837 -4.5886914155727325 7.9151995136186892 2.3221919870834502 -4.482501862875818 1.3954505232768886 -21.955594732804173 28.231108902663411 8.8208478023628558 2.4212274112491534 -6.9498657666756491 -34.054379714412057 -9.1912753040701531 2.1352451214869288 -0.1145279539650821 -22.510705690623332 -2.0067664138855865
leaf_weight=28224 2769 39186 59959 9219 16422 29030 9568 3761 2238 10566 33085 6908 321 13373 67309 21299 3329 3234
leaf_count=28224 2769 39186 59959 9219 16422 29030 9568 3761 2238 10566 33085 6908 321 13373 67309 21299 3329 3234
internal_value=-7.57762e-10 2.87412 -1.11388 -0.0687334 -4.27361 1.1068 2.38682 -8.2658 7.58689 12.2136 5.37013 -1.87816 9.46013 -11.9931 1.27238 0.628909 -3.0101 -12.4071
internal_weight=359800 100495 259305 199346 43554 155792 126762 27132 22372 12804 61309 9998 3090 17134 104390 95171 27862 6563
internal_count=359800 100495 259305 199346 43554 155792 126762 27132 22372 12804 61309 9998 3090 17134 104390 95171 27862 6563
is_linear=0
shrinkage=0.0229654


Tree=236
num_leaves=19
num_cat=0
split_feature=15 6 7 14 15 28 7 17 16 14 11 4 22 19 11 10 36 16
split_gain=2.13266e+09 1.88163e+09 1.87664e+09 1.50666e+09 1.47238e+09 1.21709e+09 1.20649e+09 1.47635e+09 2.06812e+09 1.16532e+09 1.12881e+09 1.10685e+09 9.79877e+08 1.02752e+09 9.43848e+08 9.3663e+08 9.35825e+08 2.44347e+09
threshold=20.406250000000004 1.0000000180025095e-35 -0.89495246814786256 57.312500000000007 6.8437500000000018 0.8608330369843521 0.82968937203783699 85.687500000000014 5.6875000000000009 77.312500000000014 84.000000000000014 7.5000000000000009 12.336197916666668 6.7312500000000011 108.00000000000001 0.6830127018922193 28558.500000000004 406.31250000000006
decision_type=2 2 2 2 2 2 2 2 2 2 2 2 2 2 2 2 2 2
left_child=1 2 15 -2 14 12 7 16 -9 -10 -11 -3 13 -5 -4 -1 -6 -18
right_child=3 11 4 5 6 -7 -8 8 9 10 -12 -13 -14 -15 -16 -17 17 -19
leaf_value=3.4602764942609276 -19.682254374002213 -4.9577273698128135 7.2380325961536158 9.3059723737964646 0.047861080103007873 -8.8503494611532378 -3.7128741008167414 -1.0620208235696935 2.5990794759946634 17.246487839351055 5.1859279222202552 -24.234217624796138 -8.3219717821471644 -3.1089048846407801 -0.32109754323092976 11.479254988162921 -3.267717381554669 -36.887752164967488
leaf_weight=34254 3444 5148 23206 7133 94698 14186 49300 29041 13816 8813 7642 2261 5400 6934 13948 9903 29487 1186
leaf_count=34254 3444 5148 23206 7133 94698 14186 49300 29041 13816 8813 7642 2261 5400 6934 13948 9903 29487 1186
internal_value=1.5657e-09 0.599477 0.868297 -5.21479 0.153286 -3.73421 -0.521087 0.330941 3.31621 7.51654 11.6453 -10.8403 -0.00597386 3.18635 4.40026 5.25868 -1.08136 -4.56767
internal_weight=359800 322703 315294 37097 271137 33653 233983 184683 59312 30271 16455 7409 19467 14067 37154 44157 125371 30673
internal_count=359800 322703 315294 37097 271137 33653 233983 184683 59312 30271 16455 7409 19467 14067 37154 44157 125371 30673
is_linear=0
shrinkage=0.0229654


Tree=237
num_leaves=19
num_cat=0
split_feature=7 35 24 17 8 14 36 28 1 16 14 14 13 30 36 16 35 24
split_gain=1.86234e+09 1.61087e+09 1.42094e+09 1.46617e+09 2.8793e+09 2.10959e+09 2.47005e+09 1.32126e+09 1.29187e+09 1.32399e+09 1.10146e+09 1.04873e+09 1.09634e+09 1.2751e+09 1.3467e+09 1.22631e+09 9.63211e+08 8.64856e+08
threshold=-0.94490267940017747 15369.500000000002 3.3499999999999996 76.812500000000014 -0.5 72.062500000000014 27301.500000000004 -4.1839932712215315 10.500000000000002 223.81250000000003 74.687500000000014 48.687500000000007 16.593750000000004 314.05625000000003 31532.000000000004 125.18750000000001 23475.500000000004 -1.975000000000001
decision_type=2 2 2 2 2 2 2 2 2 2 2 2 2 2 2 2 2 2
left_child=10 -2 3 7 5 16 8 -3 -7 -10 -1 -9 13 -13 -15 -16 -5 -18
right_child=1 2 -4 4 -6 6 -8 11 9 -11 -12 12 -14 14 15 -17 17 -19
leaf_value=1.7490216068836371 -25.004254029723381 5.8045141053910037 -6.4699962073270587 4.5139011554463488 -1.0001660130975918 11.331361802028187 5.0247076957616663 -11.259628414386857 41.777846787777861 17.068811523587105 9.8511609700892233 -5.6961067725697037 3.0986873118106528 0.56932351798950709 -2.6599713997968535 -15.735079050818383 -24.993537142442538 -3.6015757128164978
leaf_weight=23157 1416 12307 19461 7893 77432 6382 24545 6206 1934 2799 14323 42569 22141 71128 13339 5281 1184 6303
leaf_count=23157 1416 12307 19461 7893 77432 6382 24545 6206 1934 2799 14323 42569 22141 71128 13339 5281 1184 6303
internal_value=-2.06844e-10 -0.563416 -0.45557 -0.0672819 1.79115 6.02581 9.09204 -1.44761 18.0738 27.1654 4.84526 -2.00313 -1.63121 -2.42267 -0.87003 -6.36833 -1.08354 -6.98452
internal_weight=359800 322320 320904 301443 128472 51040 35660 172971 11115 4733 37480 160664 154458 132317 89748 18620 15380 7487
internal_count=359800 322320 320904 301443 128472 51040 35660 172971 11115 4733 37480 160664 154458 132317 89748 18620 15380 7487
is_linear=0
shrinkage=0.0229654


Tree=238
num_leaves=19
num_cat=0
split_feature=7 14 5 6 16 17 7 0 35 29 35 16 16 13 0 14 35 28
split_gain=1.77864e+09 1.60215e+09 1.38287e+09 1.50188e+09 1.3206e+09 1.86327e+09 1.28824e+09 1.46895e+09 1.16568e+09 1.14857e+09 2.18339e+09 1.53036e+09 1.048e+09 1.00709e+09 9.37699e+08 8.26545e+08 1.23813e+09 8.94004e+08
threshold=-0.89495246814786256 48.687500000000007 1.0000000180025095e-35 1.0000000180025095e-35 0.56250000000000011 95.312500000000014 0.25881904510252096 11.500000000000002 42681.500000000007 378.03125000000006 34227.000000000007 413.93750000000006 125.18750000000001 -3.0437499999999993 39.500000000000007 65.062500000000014 20093.500000000004 1.9685285160575849
decision_type=2 2 2 2 2 2 2 2 2 2 2 2 2 2 2 2 2 2
left_child=8 14 3 4 13 9 15 -8 -1 -6 -11 12 -12 -3 -2 -4 -17 -18
right_child=1 2 6 -5 5 -7 7 -9 -10 10 11 -13 -14 -15 -16 16 17 -19
leaf_value=3.4022239533272747 -15.164488081746349 7.6880940649055063 -5.4131897157976052 -10.185779403350505 0.17127168419642758 9.737449673178336 -0.98329474359216429 -9.5444476201966868 27.085363200582499 15.218553578729558 6.1579936107778588 -100.73440975360394 -11.777846399682089 -1.4920254368960235 4.0424040281855094 19.766771884779324 2.678973150992733 -7.3512116778553054
leaf_weight=51352 6090 6739 11178 6616 71114 16916 19224 23482 1120 8179 4331 82 2848 97325 1719 1912 23733 5840
leaf_count=51352 6090 6739 11178 6616 71114 16916 19224 23482 1120 8179 4331 82 2848 97325 1719 1912 23733 5840
internal_value=-5.07012e-10 -0.667191 -0.399453 0.585792 0.92918 2.76638 -2.87096 -5.69067 3.90773 1.40397 7.08156 -2.08418 -0.957381 -0.897537 -10.9365 -0.048416 1.85622 0.698238
internal_weight=359800 307328 299519 214150 207534 103470 85369 42706 52472 86554 15440 7261 7179 104064 7809 42663 31485 29573
internal_count=359800 307328 299519 214150 207534 103470 85369 42706 52472 86554 15440 7261 7179 104064 7809 42663 31485 29573
is_linear=0
shrinkage=0.0229654


Tree=239
num_leaves=19
num_cat=0
split_feature=35 5 13 30 28 13 0 0 9 30 33 4 35 13 30 17 28 35
split_gain=1.66248e+09 1.60145e+09 1.42125e+09 1.85269e+09 1.99433e+09 1.3827e+09 1.34334e+09 1.35936e+09 1.29015e+09 1.45355e+09 1.28252e+09 1.20134e+09 1.55771e+09 1.37004e+09 1.05486e+09 1.03329e+09 8.97921e+08 1.10577e+09
threshold=17230.500000000004 1.0000000180025095e-35 22.431250000000006 96.425000000000026 1.4090744400527007 16.593750000000004 11.500000000000002 45.500000000000007 -0.24999999999999994 1217.1937500000001 0.086805555555555566 1.5000000000000002 26684.500000000004 -1.7187499999999998 752.30000000000007 42.062500000000007 2.1137298387096757 28354.500000000004
decision_type=2 2 2 2 2 2 2 2 2 2 2 2 2 2 2 2 2 2
left_child=10 2 3 5 6 -2 -5 11 9 -6 -1 13 15 -8 -15 -13 -3 -18
right_child=1 16 -4 4 8 -7 7 -9 -10 -11 -12 12 -14 14 -16 -17 17 -19
leaf_value=-7.7009683764969683 -7.5337027318746159 -1.0434344679464356 12.108850801721205 -0.82856261882962978 6.2126958569224549 1.1387315430821536 22.159533610285049 -3.9499522013580215 -3.7806233067828363 -33.039970394762854 -52.769897969783536 0.26810265623894552 1.7848974015200036 64.646787034759626 5.9690129794240319 10.02117601818979 -3.7581960956791307 -16.765388209030714
leaf_weight=9583 21430 77912 6193 33494 12041 17708 4252 9460 42783 519 345 7251 56558 164 10963 27296 17559 4289
leaf_count=9583 21430 77912 6193 33494 12041 17708 4252 9460 42783 519 345 7251 56558 164 10963 27296 17559 4289
internal_value=-3.45852e-10 0.262965 1.24423 0.968382 1.84338 -3.60986 3.22258 4.39288 -1.88076 4.59071 -9.26712 5.13406 4.13185 11.0711 6.83386 7.97412 -2.1972 -6.31165
internal_weight=359800 349872 250112 243919 204781 39138 149438 115944 55343 12560 9928 106484 91105 15379 11127 34547 99760 21848
internal_count=359800 349872 250112 243919 204781 39138 149438 115944 55343 12560 9928 106484 91105 15379 11127 34547 99760 21848
is_linear=0
shrinkage=0.0229654


Tree=240
num_leaves=19
num_cat=0
split_feature=6 3 1 3 7 4 3 13 4 36 7 31 35 36 1 22 16 16
split_gain=1.71786e+09 1.92243e+09 1.89568e+09 2.70891e+09 1.86523e+09 1.43218e+09 1.37059e+09 1.32349e+09 2.15136e+09 1.3474e+09 1.2924e+09 1.25471e+09 1.2531e+09 1.17858e+09 1.2773e+09 1.30809e+09 1.26525e+09 1.17213e+09
threshold=1.0000000180025095e-35 3.5000000000000004 5.5000000000000009 1.0000000180025095e-35 0.32075123873380545 1.5000000000000002 1.0000000180025095e-35 2.7062500000000007 11.500000000000002 21757.500000000004 -0.79335334029123528 1.0000000180025095e-35 37073.500000000007 30991.000000000004 21.500000000000004 12.184375000000001 241.31250000000003 309.56250000000006
decision_type=2 2 2 2 2 2 2 2 2 2 2 2 2 2 2 2 2 2
left_child=1 2 6 4 12 -6 -1 8 -5 11 -11 -9 13 14 15 -4 -15 -3
right_child=-2 17 3 7 5 -7 -8 9 -10 10 -12 -13 -14 16 -16 -17 -18 -19
leaf_value=-9.0253355853026367 -10.480211697992095 -0.75729151491024316 22.844420218349406 8.212497962937956 45.836029227435461 14.697400848289478 -0.042771559511519584 24.987186924628762 -13.796972297636557 3.4782388650311327 -2.8256793019314235 3.8288075278354934 28.629602802637336 0.75351189551314046 -3.4499380288223236 6.7123916473078715 -27.314983861547347 -5.9981569887171089
leaf_weight=11712 8064 124990 3861 22685 864 7920 38112 1948 2612 24669 56293 6129 1184 8094 3808 8459 946 27450
leaf_count=11712 8064 124990 3861 22685 864 7920 38112 1948 2612 24669 56293 6129 1184 8094 3808 8459 946 27450
internal_value=1.09129e-09 0.240272 1.72515 3.01829 8.59538 17.7602 -2.15428 1.30443 5.93995 -0.012573 -0.904885 8.93176 5.54043 4.45423 8.17492 11.7681 -2.18374 -1.70102
internal_weight=359800 351736 199296 149472 35136 8784 49824 114336 25297 89039 80962 8077 26352 25168 16128 12320 9040 152440
internal_count=359800 351736 199296 149472 35136 8784 49824 114336 25297 89039 80962 8077 26352 25168 16128 12320 9040 152440
is_linear=0
shrinkage=0.0229654


Tree=241
num_leaves=19
num_cat=0
split_feature=6 3 1 3 1 4 3 36 21 35 36 35 22 28 8 29 1 10
split_gain=1.63986e+09 1.83514e+09 1.80961e+09 2.58592e+09 1.77039e+09 1.44801e+09 1.30836e+09 1.22536e+09 1.28102e+09 1.22103e+09 1.21831e+09 1.21107e+09 1.59559e+09 1.19487e+09 1.17026e+09 1.24446e+09 1.26021e+09 1.16577e+09
threshold=1.0000000180025095e-35 3.5000000000000004 5.5000000000000009 1.0000000180025095e-35 10.500000000000002 1.5000000000000002 1.0000000180025095e-35 21757.500000000004 12.905468750000002 37073.500000000007 25109.500000000004 21420.500000000004 9.2096788194444468 1.698623737373737 -0.065263096110025884 27.531250000000011 9.5000000000000018 -0.5
decision_type=2 2 2 2 2 2 2 2 2 2 2 2 2 2 2 2 2 2
left_child=1 2 6 4 5 10 -1 8 13 -6 -4 12 -9 -5 15 -2 -17 -3
right_child=14 17 3 7 9 -7 -8 11 -10 -11 -12 -13 -14 -15 -16 16 -18 -19
leaf_value=-8.8180650828870313 -57.188818546168989 -4.309112870049443 111.94101574199212 28.767503274752407 4.0864972192061906 13.78858722341403 -0.041789291745777932 -55.683365142585437 3.4771747672874054 27.97211227685527 33.713663533158474 1.1374082599400923 -6.7904038211796482 -14.976686690103005 -1.848125631928313 -34.276949288902152 -4.9547439252131182 -0.13831644340525925
leaf_weight=11712 410 55688 120 2350 24192 8800 38112 383 5635 1184 840 101232 4353 383 4200 1168 2286 96752
leaf_count=11712 410 55688 120 2350 24192 8800 38112 383 5635 1184 840 101232 4353 383 4200 1168 2286 96752
internal_value=-3.83847e-10 0.234754 1.68553 2.94898 8.39798 16.7102 -2.10481 1.27447 9.73488 5.20096 43.4921 0.606379 -10.7444 22.6372 -10.2395 -19.3606 -14.8703 -1.66195
internal_weight=359800 351736 199296 149472 35136 9760 49824 114336 8368 25376 960 105968 4736 2733 8064 3864 3454 152440
internal_count=359800 351736 199296 149472 35136 9760 49824 114336 8368 25376 960 105968 4736 2733 8064 3864 3454 152440
is_linear=0
shrinkage=0.0229654


Tree=242
num_leaves=19
num_cat=0
split_feature=15 11 11 26 16 16 13 18 15 11 17 23 7 3 3 9 36 14
split_gain=2.10563e+09 1.50838e+09 1.35539e+09 1.69225e+09 1.32333e+09 1.30343e+09 1.20057e+09 1.00042e+09 1.67281e+09 1.13319e+09 7.89004e+08 7.14568e+08 7.12588e+08 7.4543e+08 1.29169e+09 8.12586e+08 7.11596e+08 9.50201e+08
threshold=13.068750000000003 1.0000000180025095e-35 108.00000000000001 8.6251302083333368 244.31250000000003 610.18750000000011 19.231250000000006 0.32562500000000011 21.881250000000005 108.00000000000001 88.687500000000014 -1.0000000180025095e-35 -0.13052619222005171 5.5000000000000009 4.5000000000000009 -0.93301270189221908 27994.500000000004 54.312500000000007
decision_type=2 2 2 2 2 2 2 2 2 2 2 2 2 2 2 2 2 2
left_child=2 4 3 -1 -2 6 10 8 12 -10 -5 -9 13 14 16 -15 17 -3
right_child=1 7 -4 5 -6 -7 -8 11 9 -11 -12 -13 -14 15 -16 -17 -18 -19
leaf_value=7.0838058292201982 -5.3816706315241403 -3.8076497392097659 -0.84584960066039516 -0.44360793885508709 -21.934024044369284 -12.791680751487966 10.402975326645274 -2.6318107833883122 -14.376563941612352 -1.678741922893572 4.9995855089687664 5.5245731955017758 -3.1383156684492288 38.08175469850574 -8.9411623947044543 5.5240311748425812 -1.4841489300350599 7.820451312712855
leaf_weight=38131 13705 5122 75417 55399 3129 3343 7809 8364 9038 6284 18815 17555 46511 428 7758 7303 22279 13410
leaf_count=38131 13705 5122 75417 55399 3129 3343 7809 8364 9038 6284 18815 17555 46511 428 7758 7303 22279 13410
internal_value=2.84262e-09 -1.95348 1.58002 3.06144 -8.45832 1.26474 1.83764 -1.19332 -2.08977 -9.16882 0.93637 2.89253 -1.03478 0.703012 -0.351282 7.32648 1.28162 4.6066
internal_weight=359800 160886 198914 123497 16834 85366 82023 144052 118133 15322 74214 25919 102811 56300 48569 7731 40811 18532
internal_count=359800 160886 198914 123497 16834 85366 82023 144052 118133 15322 74214 25919 102811 56300 48569 7731 40811 18532
is_linear=0
shrinkage=0.0229654


Tree=243
num_leaves=19
num_cat=0
split_feature=7 14 7 0 14 8 17 8 17 14 8 17 24 13 5 28 23 17
split_gain=1.65097e+09 1.42014e+09 1.36051e+09 1.37259e+09 1.41632e+09 1.968e+09 1.24623e+09 1.14609e+09 1.27818e+09 1.02147e+09 9.95382e+08 8.78395e+08 8.55901e+08 8.33642e+08 8.2826e+08 8.26566e+08 8.13554e+08 7.67479e+08
threshold=-0.94490267940017747 48.687500000000007 0.82968937203783699 46.500000000000007 76.687500000000014 -0.70710678118654757 98.562500000000014 -0.44134171618254459 27.812500000000004 76.437500000000014 0.32075123873380501 98.187500000000014 3.4750000000000036 20.281250000000004 1.0000000180025095e-35 0.026724137931034567 3.0500000000000016 60.812500000000007
decision_type=2 2 2 2 2 2 2 2 2 2 2 2 2 2 2 2 2 2
left_child=9 10 3 4 7 6 17 8 -3 -1 -2 14 -7 -9 -10 -8 -16 -6
right_child=1 2 -4 -5 5 12 15 13 11 -11 -12 -13 -14 -15 16 -17 -18 -19
leaf_value=1.893616474099588 -13.547846423193201 -11.926759956269281 -3.1519291323848471 -6.2125696865498501 -1.9247316464378641 1.3907952079277051 23.821751381966539 0.92301526486323704 -0.70053036184002926 9.9487033508789597 3.4901367380947632 8.7638235176310353 -7.7632097122254766 12.632461073805564 -13.652610385187366 7.4880010000985422 -2.6767307491997721 7.0949733250363209
leaf_weight=25064 7156 7416 67464 14950 6342 80771 3509 42109 36169 12416 2420 3881 5772 3471 6020 3058 8722 23090
leaf_count=25064 7156 7416 67464 14950 6342 80771 3509 42109 36169 12416 2420 3881 5772 3471 6020 3058 8722 23090
internal_value=2.1245e-09 -0.530481 -0.263738 0.530656 0.968338 2.65731 7.16979 -0.951818 -2.97886 4.56203 -9.24209 -1.76778 0.780267 1.81471 -2.57062 16.2158 -7.15881 5.15141
internal_weight=359800 322320 312744 245280 230330 122542 35999 107788 62208 37480 9576 54792 86543 45580 50911 6567 14742 29432
internal_count=359800 322320 312744 245280 230330 122542 35999 107788 62208 37480 9576 54792 86543 45580 50911 6567 14742 29432
is_linear=0
shrinkage=0.0229654


Tree=244
num_leaves=19
num_cat=0
split_feature=15 11 28 17 16 17 16 11 26 23 16 3 11 0 35 30 26 35
split_gain=2.03478e+09 1.90778e+09 1.31621e+09 1.11673e+09 1.59282e+09 1.11217e+09 1.76462e+09 9.8077e+08 9.60131e+08 9.3039e+08 9.09787e+08 9.05645e+08 8.82964e+08 8.58146e+08 1.28971e+09 8.47814e+08 7.38612e+08 1.39763e+09
threshold=16.118750000000006 60.000000000000007 -5.0299502899751438 76.062500000000014 9.9375000000000018 95.812500000000014 6.3125000000000009 84.000000000000014 20.899348958333338 5.3000000000000043 379.18750000000006 3.5000000000000004 1.0000000180025095e-35 16.500000000000004 23703.500000000004 314.05625000000003 9.5029947916666675 31006.500000000004
decision_type=2 2 2 2 2 2 2 2 2 2 2 2 2 2 2 2 2 2
left_child=2 5 -1 8 -5 12 -7 10 9 15 13 -3 -2 -6 -15 -4 17 -16
right_child=1 11 3 4 7 6 -8 -9 -10 -11 -12 -13 -14 14 16 -17 -18 -19
leaf_value=8.9099418957582888 -17.679525162887966 2.0246054268516169 -2.8314315367011096 -0.036073316088619231 -2.5251724918592564 -12.349774815230338 7.8966255834494792 1.950488174719011 7.0576138907996739 -7.6687440992122973 -2.7987817135106363 -3.6159245910075226 -7.3909074978726874 24.316661866766093 30.532885067540647 0.97471909812243374 4.9333965714175259 8.2754410298003105
leaf_weight=10744 5704 34348 50351 57939 2485 3867 5499 21000 8206 10299 3230 26670 19232 3566 2082 79759 9604 5215
leaf_count=10744 5704 34348 50351 57939 2485 3867 5499 21000 8206 10299 3230 26670 19232 3566 2082 79759 9604 5215
internal_value=-1.1506e-09 -2.87678 1.03681 0.703432 2.51495 -7.21005 -0.462635 5.64759 -0.577926 -1.02417 8.61295 -0.440781 -9.74438 10.2189 11.7662 -0.498215 9.11817 14.626
internal_weight=359800 95320 264480 253736 105121 34302 9366 47182 148615 140409 26182 61018 24936 22952 20467 130110 16901 7297
internal_count=359800 95320 264480 253736 105121 34302 9366 47182 148615 140409 26182 61018 24936 22952 20467 130110 16901 7297
is_linear=0
shrinkage=0.0229654


Tree=245
num_leaves=19
num_cat=0
split_feature=7 35 3 31 28 22 3 7 0 36 35 8 8 6 36 4 35 0
split_gain=1.57775e+09 1.42721e+09 1.2946e+09 1.21711e+09 1.18032e+09 2.03083e+09 1.16409e+09 3.37811e+09 3.32976e+09 1.69954e+09 1.44408e+09 1.14439e+09 1.13136e+09 1.87425e+09 1.88559e+09 3.72518e+09 1.58036e+09 1.30174e+09
threshold=-0.94490267940017747 15369.500000000002 4.5000000000000009 321.2937500000001 1.0000000180025095e-35 14.308680555555558 5.5000000000000009 -0.13052619222005171 11.500000000000002 19843.500000000004 19374.500000000004 -0.32075123873380501 0.13052619222005152 1.0000000180025095e-35 32819.500000000007 1.5000000000000002 22652.500000000004 15.500000000000002
decision_type=2 2 2 2 2 2 2 2 2 2 2 2 2 2 2 2 2 2
left_child=-1 -2 3 4 5 12 8 -8 -4 -10 -11 -12 13 14 15 17 -17 -3
right_child=1 2 6 -5 -6 -7 7 -9 9 10 11 -13 -14 -15 -16 16 -18 -19
leaf_value=4.4597152683984644 -23.524053704437595 14.814039453871182 5.2293837060936337 14.476536676483299 -1.3858482700197727 -4.7810084957592274 7.7452411890203772 -5.1268387631620564 1.6914029626778222 -63.271508062043438 -15.095226815161793 -5.6906432583665651 0.7210830725960834 -15.651630142808118 -0.049875115185381964 16.841199696063047 4.1710120871925929 44.07611271560657
leaf_weight=37480 1416 1316 11792 3241 111132 19706 17616 27600 6464 280 15128 12432 45961 2073 15085 6772 22254 2052
leaf_count=37480 1416 1316 11792 3241 111132 19706 17616 27600 6464 280 15128 12432 45961 2073 15085 6772 22254 2052
internal_value=8.24028e-10 -0.518584 -0.417072 0.502827 0.302745 1.93144 -2.73004 -0.11192 -5.29817 -8.91702 -11.3801 -10.8529 3.31634 5.72351 6.65678 9.77989 7.12707 32.6424
internal_weight=359800 322320 320904 229592 226351 115219 91312 45216 46096 34304 27840 27560 95513 49552 47479 32394 29026 3368
internal_count=359800 322320 320904 229592 226351 115219 91312 45216 46096 34304 27840 27560 95513 49552 47479 32394 29026 3368
is_linear=0
shrinkage=0.0229654


Tree=246
num_leaves=19
num_cat=0
split_feature=6 7 16 8 35 17 36 22 16 13 18 35 29 30 28 8 29 1
split_gain=1.54156e+09 1.53391e+09 1.27956e+09 2.50425e+09 3.1467e+09 2.09877e+09 1.67859e+09 1.41808e+09 1.36627e+09 1.2842e+09 1.28224e+09 1.50088e+09 1.17529e+09 1.16317e+09 1.43816e+09 1.09206e+09 1.17603e+09 1.19341e+09
threshold=1.0000000180025095e-35 -0.89495246814786256 271.43750000000006 -0.55438071450436044 28882.500000000004 84.937500000000014 28384.500000000004 8.0812065972222253 96.187500000000014 16.706250000000008 0.014375000000000002 23703.500000000004 448.24375000000003 389.08125000000001 2.6787500000000009 -0.065263096110025884 27.531250000000011 9.5000000000000018
decision_type=2 2 2 2 2 2 2 2 2 2 2 2 2 2 2 2 2 2
left_child=1 -1 3 4 5 -3 7 -4 -6 13 -9 -12 -7 -5 -15 16 -2 -18
right_child=15 2 6 9 8 12 -8 10 -10 -11 11 -13 -14 14 -16 -17 17 -19
leaf_value=3.897918252383421 -55.512377631161982 4.7666328584929625 14.115541155299541 -4.3770536064866663 4.364267365438776 16.718089536844023 -15.33952655383179 -7.1098253774206093 -4.3596109539732142 5.6817616260599459 5.1088576048821492 -7.0961200356788314 47.171790850313037 0.71108687984686125 -6.60885122654485 -1.8217165423260571 -33.259181081777804 -4.7246324133952662
leaf_weight=51296 410 12261 2651 53432 20499 9490 5753 22135 17595 13952 14518 8382 719 102632 16421 4200 1168 2286
leaf_count=51296 410 12261 2651 53432 20499 9490 5753 22135 17595 13952 14518 8382 719 102632 16421 4200 1168 2286
internal_value=-8.21525e-10 0.22761 -0.399045 0.298072 4.35524 11.1711 -3.6212 -2.20746 0.33485 -1.0199 -3.16832 0.641516 18.8629 -1.56198 -0.298553 -9.92789 -18.739 -14.3738
internal_weight=359800 351736 300440 247001 60564 22470 53439 47686 38094 186437 45035 22900 10209 172485 119053 8064 3864 3454
internal_count=359800 351736 300440 247001 60564 22470 53439 47686 38094 186437 45035 22900 10209 172485 119053 8064 3864 3454
is_linear=0
shrinkage=0.0229654


Tree=247
num_leaves=19
num_cat=0
split_feature=15 11 24 30 13 9 11 26 18 23 23 32 28 6 36 26 36 27
split_gain=2.00395e+09 1.60159e+09 1.50034e+09 1.86273e+09 1.45125e+09 1.73284e+09 1.35782e+09 1.14721e+09 1.00274e+09 8.73378e+08 8.20887e+08 8.00359e+08 7.3281e+08 7.11498e+08 8.33805e+08 8.19885e+08 7.23067e+08 1.31088e+09
threshold=10.943750000000003 108.00000000000001 1.6374999999999997 294.7312500000001 12.731250000000003 -0.93301270189221908 108.00000000000001 8.8871093750000032 0.70375000000000021 0.87499999999999878 6.3250000000000028 546.45625000000007 7.181021750805586 1.0000000180025095e-35 37846.000000000007 3.7464843750000001 28472.500000000004 -1.0000000180025095e-35
decision_type=2 2 2 2 2 2 2 2 2 2 2 2 2 2 2 2 2 2
left_child=1 7 3 4 -2 -6 11 -1 13 -10 -9 -4 -7 15 -15 -5 17 -17
right_child=2 -3 6 8 5 12 -8 10 9 -11 -12 -13 -14 14 -16 16 -18 -19
leaf_value=7.7772187622296149 -9.6882687457512944 -0.97764035046534736 -8.9543836880641177 7.8776293067326746 11.914276496888682 -3.7921385241936463 -0.21269080337634924 2.7902902700406766 5.9693878810964538 28.077728681905651 -10.053603420667189 12.30743609009847 17.096243312601271 -8.5703531655246117 -93.033875535798586 -1.2247097226642334 -1.6905360425409517 5.9381414867134348
leaf_weight=28820 16039 54927 27159 8638 4506 33293 18500 57051 4249 1211 2751 967 910 2859 63 27553 43930 26374
leaf_count=28820 16039 54927 27159 8638 4506 33293 18500 57051 4249 1211 2751 967 910 2859 63 27553 43930 26374
internal_value=1.42439e-09 2.10362 -1.3964 -0.393494 -3.87957 -1.47274 -5.04494 4.01335 1.2679 10.8729 2.19945 -8.22338 -3.23639 0.788598 -10.3914 1.09535 0.496672 2.27842
internal_weight=359800 143549 216251 169625 54748 38709 46626 88622 114877 5460 59802 28126 34203 109417 2922 106495 97857 53927
internal_count=359800 143549 216251 169625 54748 38709 46626 88622 114877 5460 59802 28126 34203 109417 2922 106495 97857 53927
is_linear=0
shrinkage=0.0229654


Tree=248
num_leaves=19
num_cat=0
split_feature=14 24 6 10 22 26 13 17 23 0 3 11 9 10 13 9 16 11
split_gain=1.45135e+09 1.36692e+09 1.26157e+09 1.68122e+09 2.36893e+09 1.54263e+09 1.28645e+09 1.47202e+09 2.28217e+09 1.12924e+09 1.07614e+09 1.03058e+09 9.3945e+08 8.70081e+08 8.40897e+08 7.83655e+08 7.6362e+08 8.8825e+08
threshold=48.687500000000007 3.3499999999999996 1.0000000180025095e-35 0.6830127018922193 8.5499565972222253 1.9851562500000004 20.031250000000004 85.937500000000014 1.0000000180025095e-35 35.500000000000007 1.5000000000000002 84.000000000000014 0.25000000000000011 0.93301270189221952 26.381250000000005 0.25000000000000011 309.56250000000006 132.00000000000003
decision_type=2 2 2 2 2 2 2 2 2 2 2 2 2 2 2 2 2 2
left_child=9 2 3 6 5 13 7 -2 -9 14 -6 -3 -8 -5 -1 -4 17 -10
right_child=1 11 15 4 10 -7 12 8 16 -11 -12 -13 -14 -15 -16 -17 -18 -19
leaf_value=-14.327280085244425 -1.5448153555175113 -11.63260385056798 -20.31271586762168 12.347168997359343 17.913547341869883 -0.43589156784683303 8.8480596828298044 -1.4806639045002357 11.092165998745177 1.5168245635895552 6.888206046368814 -1.0848878855294786 -21.377630246654313 -46.528530785763969 8.2234546455284772 -3.907551637026621 0.20953355578994676 -0.57494263799149992
leaf_weight=8264 168168 8435 2170 6832 6634 43363 11175 34993 19591 5098 15764 11610 570 135 975 5254 6594 4175
leaf_count=8264 168168 8435 2170 6832 6634 43363 11175 34993 19591 5098 15764 11610 570 135 975 5254 6594 4175
internal_value=-1.09221e-09 0.297137 0.655669 0.874153 3.94067 1.1757 -0.0351523 -0.408158 2.51672 -7.1598 10.1538 -5.5234 7.38117 11.2063 -11.9475 -8.7027 7.12411 9.04259
internal_weight=359800 345463 325418 317994 72728 50330 245266 233521 65353 14337 22398 20045 11745 6967 9239 7424 30360 23766
internal_count=359800 345463 325418 317994 72728 50330 245266 233521 65353 14337 22398 20045 11745 6967 9239 7424 30360 23766
is_linear=0
shrinkage=0.0229654


Tree=249
num_leaves=19
num_cat=0
split_feature=35 3 3 1 0 36 16 13 32 24 8 36 16 35 26 33 1 3
split_gain=1.42568e+09 1.36507e+09 2.11281e+09 4.01219e+09 3.17968e+09 1.91055e+09 2.10402e+09 1.30266e+09 1.5522e+09 1.77821e+09 1.28755e+09 2.25658e+09 2.08748e+09 1.4133e+09 1.22462e+09 1.20166e+09 1.09054e+09 1.03105e+09
threshold=17230.500000000004 4.5000000000000009 5.5000000000000009 10.500000000000002 11.500000000000002 19843.500000000004 187.06250000000003 22.431250000000006 173.11875000000003 2.575000000000002 0.13052619222005152 26466.500000000004 123.06250000000001 30749.500000000004 17.642317708333337 0.086805555555555566 18.500000000000004 1.0000000180025095e-35
decision_type=2 2 2 2 2 2 2 2 2 2 2 2 2 2 2 2 2 2
left_child=15 7 4 -4 -3 -6 -7 8 9 10 11 13 -13 17 -10 -1 -5 -2
right_child=1 2 3 16 5 6 -8 -9 14 -11 -12 12 -14 -15 -16 -17 -18 -19
leaf_value=-7.0658243845950741 18.010443136638322 5.295136405922082 -5.6524650199657227 11.475512968942391 2.8878300528268599 -7.0863637458594031 -20.106371474898317 11.550956999435495 -6.5032619473419508 -4.3882103783400286 0.39482693748552872 5.1149985752263154 -3.4129579942475248 43.992312771604716 0.96956041800825521 -50.690814549980793 1.9078120291171581 6.8065527241805253
leaf_weight=9583 5223 11568 22736 15344 6592 23859 9021 6193 23976 21964 80077 39955 24373 611 22345 345 10640 25395
leaf_count=9583 5223 11568 22736 15344 6592 23859 9021 6193 23976 21964 80077 39955 24373 611 22345 345 10640 25395
internal_value=2.18474e-09 0.243518 -2.02784 1.39296 -5.29315 -8.39624 -10.6586 1.14948 0.885386 1.77239 2.5428 4.34281 1.88387 9.40793 -2.89841 -8.5818 7.5577 8.71778
internal_weight=359800 349872 99760 48720 51040 39472 32880 250112 243919 197598 175634 95557 64328 31229 46321 9928 25984 30618
internal_count=359800 349872 99760 48720 51040 39472 32880 250112 243919 197598 175634 95557 64328 31229 46321 9928 25984 30618
is_linear=0
shrinkage=0.0229654


Tree=250
num_leaves=19
num_cat=0
split_feature=15 11 7 13 23 1 18 16 6 15 11 4 11 15 7 3 3 33
split_gain=1.94472e+09 1.70917e+09 1.46434e+09 1.36206e+09 1.28535e+09 1.28883e+09 1.14655e+09 9.50869e+08 9.42589e+08 9.18283e+08 1.3788e+09 8.2159e+08 8.15133e+08 8.68243e+08 7.26046e+08 1.07252e+09 1.50542e+09 6.81119e+08
threshold=18.256250000000005 132.00000000000003 0.82968937203783699 -0.31874999999999992 5.1750000000000043 22.500000000000004 0.014375000000000002 582.06250000000011 1.0000000180025095e-35 9.2562500000000032 108.00000000000001 5.5000000000000009 1.0000000180025095e-35 22.243750000000006 0.25881904510252096 5.5000000000000009 4.5000000000000009 0.71180555555555569
decision_type=2 2 2 2 2 2 2 2 2 2 2 2 2 2 2 2 2 2
left_child=2 3 4 -2 5 9 8 12 11 10 -1 -6 -5 -14 15 16 -11 -18
right_child=1 -3 -4 7 6 -7 -8 -9 -10 14 -12 -13 13 -15 -16 -17 17 -19
leaf_value=7.5945569410530656 3.8182423402225756 3.0390480511653215 -2.4420369575410272 -15.759974605768305 -13.208214631267131 -4.910625693300898 4.615549359461844 -25.238628156910025 -51.826442302667886 2.947976542399859 0.59477227090498186 -1.1103033089422254 -2.7644404491032053 -10.361108144631274 -1.0180822466884645 8.449992335642726 -6.4772417209460675 12.591610200232108
leaf_weight=37603 6618 15082 59739 4640 6136 13182 5157 1520 257 73742 24519 5721 21989 12415 42762 14003 13650 1065
leaf_count=37603 6618 15082 59739 4640 6136 13182 5157 1520 257 73742 24519 5721 21989 12415 42762 14003 13650 1065
internal_value=1.4906e-09 -3.69082 0.772362 -5.84206 1.57988 2.05239 -4.4534 -7.41814 -8.3141 2.49506 4.8318 -7.37097 -6.72438 -5.50577 1.49547 2.54451 1.60966 -5.09713
internal_weight=359800 62264 297536 47182 237797 220526 17271 40564 12114 207344 62122 11857 39044 34404 145222 102460 88457 14715
internal_count=359800 62264 297536 47182 237797 220526 17271 40564 12114 207344 62122 11857 39044 34404 145222 102460 88457 14715
is_linear=0
shrinkage=0.0229654


Tree=251
num_leaves=19
num_cat=0
split_feature=7 35 5 3 7 0 36 8 14 21 30 27 8 36 22 14 13 14
split_gain=1.42424e+09 1.29016e+09 1.25222e+09 1.40184e+09 3.42912e+09 3.13149e+09 1.68559e+09 1.47832e+09 1.70106e+09 1.18805e+09 1.14034e+09 1.80415e+09 1.68177e+09 2.68704e+09 2.46011e+09 1.72206e+09 1.22765e+09 1.17628e+09
threshold=-0.97868534383143924 15369.500000000002 1.0000000180025095e-35 5.5000000000000009 -0.13052619222005171 11.500000000000002 19843.500000000004 -0.19467261866128607 68.062500000000014 22.154166666666672 106.47500000000002 4.1205543154761903 -0.19467261866128607 26594.500000000004 7.655642361111112 75.937500000000014 16.168750000000006 66.562500000000014
decision_type=2 2 2 2 2 2 2 2 2 2 2 2 2 2 2 2 2 2
left_child=-1 -2 9 5 -5 -4 -7 8 -8 10 16 12 13 14 -12 -15 -3 -16
right_child=1 2 3 4 -6 6 7 -9 -10 -11 11 -13 -14 15 17 -17 -18 -19
leaf_value=5.5959833135075403 -22.248211238003577 -6.831582354293035 5.0275620855687491 7.6107119880514542 -4.9243402800651195 1.8456240441690097 -28.356975441446821 -5.0388442967505016 -11.299306423923957 14.000777567006752 36.789588487188055 -6.2514638372769102 -0.18306388544266963 -5.3067898893798287 2.1710189563885098 3.9101260911315641 0.94151377357233135 12.56768922694201
leaf_weight=22488 1416 21632 11792 19744 27600 6672 4051 12816 12909 3441 1737 15911 98640 14744 9443 38894 21236 14634
leaf_count=22488 1416 21632 11792 19744 27600 6672 4051 12816 12909 3441 1737 15911 98640 14744 9443 38894 21236 14634
internal_value=-7.03664e-10 -0.373074 -0.280858 -2.5042 0.303187 -5.25945 -8.5876 -10.9254 -15.3736 0.603476 0.408855 1.15788 1.81984 4.30646 10.3944 1.37658 -2.98094 8.49011
internal_weight=359800 337312 335896 95584 47344 48240 36448 29776 16960 240312 236871 194003 178092 79452 25814 53638 42868 24077
internal_count=359800 337312 335896 95584 47344 48240 36448 29776 16960 240312 236871 194003 178092 79452 25814 53638 42868 24077
is_linear=0
shrinkage=0.0229654


Tree=252
num_leaves=19
num_cat=0
split_feature=15 14 7 23 23 14 1 28 17 9 8 17 35 36 17 8 21 35
split_gain=1.86722e+09 1.3272e+09 1.20782e+09 1.29763e+09 1.15454e+09 1.27112e+09 1.14903e+09 1.08135e+09 9.90281e+08 9.72574e+08 9.3821e+08 9.09662e+08 8.88559e+08 8.82129e+08 8.71121e+08 7.5961e+08 7.5915e+08 7.93886e+08
threshold=14.956250000000004 52.812500000000007 0.65793410509763428 4.1750000000000043 -0.11250000000000047 67.312500000000014 22.500000000000004 1.5027141173389216 32.312500000000007 -0.93301270189221908 -0.065263096110025884 97.562500000000014 23358.500000000004 22204.500000000004 51.062500000000007 -0.44134171618254459 6.6563802083333341 27408.000000000004
decision_type=2 2 2 2 2 2 2 2 2 2 2 2 2 2 2 2 2 2
left_child=2 10 3 6 -3 12 11 14 -5 -9 -2 -1 -6 -10 -7 16 -14 -18
right_child=1 4 -4 8 5 7 -8 9 13 -11 -12 -13 15 -15 -16 -17 17 -19
leaf_value=2.9278834820057278 -17.982624488581234 -4.7704026012456771 -1.2829078786602159 -11.20204149323221 0.63644914002144493 -6.1112748322237023 -4.0122702085965267 25.111318079060151 5.6037525255121121 -4.1611109913469937 -0.71102742856515355 8.7903156108013079 1.0630432227803992 -4.7709092507170192 5.5091269912362666 -2.5438836330427748 -13.809854807306001 -35.728554764300924
leaf_weight=118201 4705 41576 74813 5635 7548 3827 11278 623 7819 15299 2562 15829 1157 9666 30666 4236 3156 1204
leaf_count=118201 4705 41576 74813 5635 7548 3827 11278 623 7819 15299 2562 15829 1157 9666 30666 4236 3156 1204
internal_value=6.44033e-11 -2.38994 1.14524 2.22378 -1.75803 0.0914915 3.02785 1.93471 -2.82973 -3.01573 -11.8935 3.62024 -5.27964 -0.131534 4.21984 -9.8582 -15.4742 -19.8626
internal_weight=359800 116559 243241 168428 109292 67716 145308 50415 23120 15922 7267 134030 17301 17485 34493 9753 5517 4360
internal_count=359800 116559 243241 168428 109292 67716 145308 50415 23120 15922 7267 134030 17301 17485 34493 9753 5517 4360
is_linear=0
shrinkage=0.0229654


Tree=253
num_leaves=19
num_cat=0
split_feature=15 11 7 14 8 0 36 14 8 36 36 26 7 36 26 15 3 0
split_gain=1.81969e+09 1.54888e+09 1.39975e+09 1.4919e+09 1.75013e+09 1.6046e+09 1.14481e+09 9.99413e+08 1.6774e+09 2.24482e+09 1.02964e+09 1.38607e+09 1.09222e+09 1.0267e+09 8.97159e+08 8.63356e+08 1.04988e+09 8.58357e+08
threshold=9.3062500000000039 108.00000000000001 0.65793410509763428 59.437500000000007 -0.065263096110025884 45.500000000000007 21368.500000000004 81.562500000000014 0.32075123873380501 27819.500000000004 28814.000000000004 8.9501302083333361 0.13052619222005182 19719.500000000004 10.838932291666667 18.668750000000006 3.5000000000000004 22.500000000000004
decision_type=2 2 2 2 2 2 2 2 2 2 2 2 2 2 2 2 2 2
left_child=1 14 3 4 6 7 15 10 9 -9 11 17 13 -13 -1 16 -2 -5
right_child=2 -3 -4 5 -6 -7 -8 8 -10 -11 -12 12 -14 -15 -16 -17 -18 -19
leaf_value=7.9106624072794967 14.803184509287849 -0.94274420912508705 -4.0933354718129111 2.6841060783206738 2.1199983729793215 -6.2984509953639414 -12.160281359940626 22.915377589554978 -0.066744000343010534 5.1518525113333755 -2.9686879892122273 14.419293714228045 -4.8596059658132766 1.2817207251249467 2.3369300383526435 -15.783037391413004 -4.1838502386299687 15.863572283628647
leaf_weight=28224 2287 39186 59959 4970 14133 14990 14263 4483 26271 23013 34905 3505 14657 29910 33085 1802 4677 5480
leaf_count=28224 2287 39186 59959 4970 14133 14990 14263 4483 26271 23013 34905 3505 14657 29910 33085 1802 4677 5480
internal_value=-2.04457e-09 2.62347 -1.01674 -0.0913647 -4.24181 0.859647 -8.14608 1.58862 4.0831 8.04805 0.15305 2.01499 0.367129 2.65976 4.90283 -1.61465 2.05155 9.59544
internal_weight=359800 100495 259305 199346 37162 162184 23029 147194 53767 27496 93427 58522 48072 33415 61309 8766 6964 10450
internal_count=359800 100495 259305 199346 37162 162184 23029 147194 53767 27496 93427 58522 48072 33415 61309 8766 6964 10450
is_linear=0
shrinkage=0.0229654


Tree=254
num_leaves=19
num_cat=0
split_feature=15 35 15 3 1 13 11 30 26 26 30 1 30 11 35 28 9 8
split_gain=1.78776e+09 1.35549e+09 1.30042e+09 1.20126e+09 2.93437e+09 1.17081e+09 1.68316e+09 1.12688e+09 1.04453e+09 1.05992e+09 1.03875e+09 9.67911e+08 9.73949e+08 9.6064e+08 8.36798e+08 7.62674e+08 1.29295e+09 1.40473e+09
threshold=20.406250000000004 17055.000000000004 6.918750000000002 1.0000000180025095e-35 4.5000000000000009 -0.56874999999999976 108.00000000000001 752.30000000000007 20.375130208333339 1.9851562500000004 1611.8375000000003 20.500000000000004 63.862500000000018 108.00000000000001 42681.500000000007 2.6787500000000009 -0.24999999999999994 -0.19467261866128607
decision_type=2 2 2 2 2 2 2 2 2 2 2 2 2 2 2 2 2 2
left_child=1 7 13 4 10 -2 -7 -1 9 -5 -4 12 -6 -3 15 -11 -17 -18
right_child=5 2 3 8 11 6 -8 -9 -10 14 -12 -13 -14 -15 -16 16 17 -19
leaf_value=-6.6136088161620918 4.9350110773158011 7.3246945126197378 -6.001440049621797 9.4539857735530592 -2.0730709673231456 -10.683444436767614 0.22329693633409803 -43.152271738061401 7.8546420327838495 -0.39075902425457054 -34.988864944499227 -1.4077542537714334 11.287428988803587 0.10625522101382306 23.743286267143088 2.911877063592859 -13.490894529079901 -2.572768206618433
leaf_weight=7565 5567 25623 6638 5332 3354 19404 12126 473 7849 186426 723 5375 20262 15670 724 10248 9988 16453
leaf_count=7565 5567 25623 6638 5332 3354 19404 12126 473 7849 186426 723 5375 20262 15670 724 10248 9988 16453
internal_value=2.30123e-09 0.548866 0.786753 0.212962 4.10023 -4.77453 -6.48886 -8.76374 -0.383232 -0.665375 -8.8486 7.38802 9.38994 4.58542 -0.906426 -0.986413 -4.01308 -6.69705
internal_weight=359800 322703 314665 273372 36352 37097 31530 8038 237020 229171 7361 28991 23616 41293 223839 223115 36689 26441
internal_count=359800 322703 314665 273372 36352 37097 31530 8038 237020 229171 7361 28991 23616 41293 223839 223115 36689 26441
is_linear=0
shrinkage=0.0229654


Tree=255
num_leaves=19
num_cat=0
split_feature=15 11 7 23 18 0 7 3 3 3 9 4 23 0 6 30 24 13
split_gain=1.71937e+09 1.56534e+09 1.27654e+09 1.15743e+09 1.12485e+09 1.0419e+09 9.71344e+08 1.25459e+09 1.18746e+09 8.81803e+08 8.15864e+08 8.05942e+08 7.91186e+08 7.8471e+08 7.35486e+08 7.33409e+08 7.71596e+08 7.15362e+08
threshold=17.206250000000008 60.000000000000007 0.82968937203783699 4.5000000000000036 0.014375000000000002 45.500000000000007 0.25881904510252096 5.5000000000000009 4.5000000000000009 3.5000000000000004 0.25000000000000011 1.5000000000000002 1.0000000180025095e-35 22.500000000000004 1.0000000180025095e-35 382.94375000000008 1.6625000000000025 15.843750000000004
decision_type=2 2 2 2 2 2 2 2 2 2 2 2 2 2 2 2 2 2
left_child=2 15 3 5 10 6 7 8 -1 11 14 -3 -9 -10 -5 -2 -17 -13
right_child=1 9 -4 4 -6 -7 -8 12 13 -11 -12 17 -14 -15 -16 16 -18 -19
leaf_value=4.1507541836731336 -13.622853553293602 11.257104491306665 -2.2114160289601377 -0.72865731532387179 4.0267667197445398 -2.9503448763421298 0.47530424471536065 4.8727003398850526 11.59774901090471 -4.0298732705995777 -11.934209260944172 -0.86268439621768822 15.076804029797703 -4.2056124470907053 -72.525879220147644 -2.5273343102101853 -12.673657328654642 12.496863543494165
leaf_weight=83366 7315 4300 57678 7627 7572 18909 65470 8074 1859 22031 7920 21453 7957 15261 76 15251 5336 2345
leaf_count=83366 7315 4300 57678 7627 7572 18909 65470 8074 1859 22031 7920 21453 7957 15261 76 15251 5336 2345
internal_value=1.33681e-09 -3.01676 0.835439 1.61966 -3.23767 2.18047 2.71358 3.97125 3.01943 -0.59005 -6.75852 2.10704 9.93752 -2.48958 -1.43703 -7.37661 -5.15719 0.453735
internal_weight=359800 78031 281769 224091 23195 200896 181987 116517 100486 50129 15623 28098 16031 17120 7703 27902 20587 23798
internal_count=359800 78031 281769 224091 23195 200896 181987 116517 100486 50129 15623 28098 16031 17120 7703 27902 20587 23798
is_linear=0
shrinkage=0.0229654


Tree=256
num_leaves=19
num_cat=0
split_feature=6 3 1 3 1 36 31 16 1 3 35 26 4 35 16 4 3 36
split_gain=1.40365e+09 1.53357e+09 1.51437e+09 2.3277e+09 1.68329e+09 1.22269e+09 1.41041e+09 1.23492e+09 1.23887e+09 1.19924e+09 1.18277e+09 1.51566e+09 1.74659e+09 1.81391e+09 1.38607e+09 1.16929e+09 2.02481e+09 1.39824e+09
threshold=1.0000000180025095e-35 3.5000000000000004 5.5000000000000009 1.0000000180025095e-35 9.5000000000000018 21757.500000000004 1.0000000180025095e-35 179.93750000000003 22.500000000000004 1.0000000180025095e-35 33748.000000000007 8.0907552083333361 4.5000000000000009 20647.500000000004 413.93750000000006 11.500000000000002 2.5000000000000004 37063.000000000007
decision_type=2 2 2 2 2 2 2 2 2 2 2 2 2 2 2 2 2 2
left_child=1 2 9 4 -4 6 -5 8 15 -1 11 -9 13 -13 -12 -7 17 -17
right_child=-2 -3 3 5 -6 7 -8 10 -10 -11 14 12 -14 -15 -16 16 -18 -19
leaf_value=-8.3511826437721659 -9.4734005553593814 -1.5166841644893583 17.272971077517653 25.16090849132922 5.1821597668935082 4.1057781074676125 3.8630864716689537 13.372662862438764 -8.3036793384533159 0.051154497608526341 -15.800396546829942 -50.508103433034798 -0.88369198910740332 -10.248263465697438 -96.292906372442246 -23.022013554488051 15.990992373076322 2.496780604429595
leaf_weight=11712 8064 152440 7808 2239 27328 58598 6129 3042 5464 38112 1671 662 24476 5444 121 3065 1629 1796
leaf_count=11712 8064 152440 7808 2239 27328 58598 6129 3042 5464 38112 1671 662 24476 5444 121 3065 1629 1796
internal_value=-2.19577e-09 0.21719 1.54342 2.69921 7.86901 1.11051 9.56168 0.443141 2.19966 -1.92396 -3.056 -2.08713 -3.62492 -14.6132 -21.2354 3.08139 -6.16779 -13.5936
internal_weight=359800 351736 199296 149472 35136 114336 8368 105968 70552 49824 35416 33624 30582 6106 1792 65088 6490 4861
internal_count=359800 351736 199296 149472 35136 114336 8368 105968 70552 49824 35416 33624 30582 6106 1792 65088 6490 4861
is_linear=0
shrinkage=0.0229654


Tree=257
num_leaves=19
num_cat=0
split_feature=15 11 24 22 13 9 11 16 18 26 36 7 16 11 16 36 7 32
split_gain=1.68769e+09 1.46077e+09 1.28898e+09 1.4598e+09 1.52065e+09 1.48297e+09 1.26827e+09 9.32518e+08 8.91974e+08 7.75148e+08 8.76311e+08 1.22049e+09 1.12543e+09 8.83209e+08 1.04684e+09 8.0382e+08 7.65601e+08 7.61257e+08
threshold=10.481250000000003 108.00000000000001 1.6374999999999997 13.667578125 12.393750000000002 -0.93301270189221908 108.00000000000001 670.31250000000011 0.32562500000000011 3.5102864583333337 28472.500000000004 -0.13052619222005171 121.06250000000001 132.00000000000003 556.68750000000011 32536.500000000004 -0.13052619222005171 546.45625000000007
decision_type=2 2 2 2 2 2 2 2 2 2 2 2 2 2 2 2 2 2
left_child=1 7 3 8 -5 -6 17 16 9 -2 11 -11 -12 14 15 -14 -1 -4
right_child=2 -3 6 4 5 -7 -8 -9 -10 10 12 -13 13 -15 -16 -17 -18 -19
leaf_value=7.4953800214557624 7.1272064953049918 -0.98709518851358413 -8.2333610344152017 -9.30086213240509 10.468038862905319 -2.5566297170831511 0.059083039833860443 -14.819885154455303 5.7514983651366043 6.4357881380555195 -0.47747601511484666 -0.95954546985096034 -5.9999433909881734 1.0859511873742309 -88.966740151769756 -21.004982063722881 2.7161102299402216 11.482483588647588
leaf_weight=26526 8099 50628 28302 15900 5225 39202 19345 1367 18921 18532 30370 32255 4509 3223 95 3233 52996 1072
leaf_count=26526 8099 50628 28302 15900 5225 39202 19345 1367 18921 18532 30370 32255 4509 3223 95 3233 52996 1072
internal_value=3.95742e-09 2.07222 -1.19383 -0.294957 -3.20608 -1.02482 -4.50683 3.98703 1.1779 0.315259 -0.283003 1.73899 -2.76166 -9.03388 -13.1957 -12.2659 4.31032 -7.51383
internal_weight=359800 131517 228283 179564 60327 44427 48719 80889 119237 100316 92217 50787 41430 11060 7837 7742 79522 29374
internal_count=359800 131517 228283 179564 60327 44427 48719 80889 119237 100316 92217 50787 41430 11060 7837 7742 79522 29374
is_linear=0
shrinkage=0.0229654


Tree=258
num_leaves=19
num_cat=0
split_feature=15 6 3 0 0 14 15 4 24 4 33 0 1 3 3 4 25 31
split_gain=1.63539e+09 1.37175e+09 1.34847e+09 4.12125e+09 1.36749e+09 1.23249e+09 1.20517e+09 9.83481e+08 9.65235e+08 9.5233e+08 9.16494e+08 8.67085e+08 1.00957e+09 1.84829e+09 1.74826e+09 1.36928e+09 1.15166e+09 1.00423e+09
threshold=20.406250000000004 1.0000000180025095e-35 1.0000000180025095e-35 11.500000000000002 41.500000000000007 57.312500000000007 6.918750000000002 7.5000000000000009 1.6000000000000025 1.5000000000000002 0.71180555555555569 3.5000000000000004 10.500000000000002 5.5000000000000009 4.5000000000000009 8.5000000000000018 13.928906250000002 321.2937500000001
decision_type=2 2 2 2 2 2 2 2 2 2 2 2 2 2 2 2 2 2
left_child=1 2 3 10 9 -2 -4 -3 -7 -5 -1 -8 -13 14 17 -15 -17 -14
right_child=5 7 6 4 -6 8 11 -9 -10 -11 -12 12 13 15 -16 16 -18 -19
leaf_value=-6.3678918044715864 -17.651620472536667 -3.6975492169344721 4.0835094991869898 25.006201136668029 -0.96517781097007616 -0.7209603707553689 4.895596728328016 -21.868069641808084 -9.2627007323250012 9.5638494774457534 -32.083335336053274 -2.6440414698196166 0.42723509556003497 3.2911268370494229 -6.4405318067553319 12.031279029407196 41.025385351985939 19.12010004572916
leaf_weight=8945 3444 5148 36015 2316 6323 23778 15128 2261 9875 23256 796 91113 85838 16238 22349 4576 858 1543
leaf_count=8945 3444 5148 36015 2316 6323 23778 15128 2261 9875 23256 796 91113 85838 16238 22349 4576 858 1543
internal_value=3.84443e-09 0.524954 0.75448 4.60489 8.59785 -4.56652 0.168655 -9.24264 -3.22741 10.9624 -8.46927 -0.424645 -0.786349 0.501759 -0.708686 6.6305 16.6093 0.757319
internal_weight=359800 322703 315294 41636 31895 37097 273658 7409 33653 25572 9741 237643 222515 131402 109730 21672 5434 87381
internal_count=359800 322703 315294 41636 31895 37097 273658 7409 33653 25572 9741 237643 222515 131402 109730 21672 5434 87381
is_linear=0
shrinkage=0.0229654


Tree=259
num_leaves=19
num_cat=0
split_feature=15 14 28 7 35 14 7 23 36 8 14 5 8 6 36 32 35 25
split_gain=1.58955e+09 1.14168e+09 1.26019e+09 1.21778e+09 1.4772e+09 9.7058e+08 9.62668e+08 1.2656e+09 1.17141e+09 9.12988e+08 7.7952e+08 7.17953e+08 9.67837e+08 2.15475e+09 1.08093e+09 8.19951e+08 9.20959e+08 7.28604e+08
threshold=13.068750000000003 54.312500000000007 7.6875113378684805 -0.13052619222005171 23418.500000000004 74.062500000000014 -0.13052619222005171 6.3250000000000028 22734.500000000004 -0.065263096110025884 72.312500000000014 1.0000000180025095e-35 -0.19467261866128607 1.0000000180025095e-35 26879.500000000004 196.02500000000003 23117.500000000004 10.92057291666667
decision_type=2 2 2 2 2 2 2 2 2 2 2 2 2 2 2 2 2 2
left_child=6 2 9 4 5 -3 7 8 10 -2 -1 12 13 15 17 16 -5 -14
right_child=1 3 -4 11 -6 -7 -8 -9 -10 -11 -12 -13 14 -15 -16 -17 -18 -19
leaf_value=9.0635820433744509 -14.416441607012038 5.2406935485896895 22.964612536139583 16.12755432874151 -0.49325873756025007 22.243228380077053 0.10864188199045774 -7.6400796705131517 3.108630158290028 -1.5811837997383129 27.6561712699841 -6.9606253006303715 -0.019521645577741664 -35.005119414222769 -19.091821273429034 -7.5523510183067231 2.4252007680305865 -7.9966357173167069
leaf_weight=6970 8044 10126 653 3036 63187 2146 122326 5118 63066 4591 1434 19913 14435 827 2538 3515 17493 10382
leaf_count=6970 8044 10126 653 3036 63187 2146 122326 5118 63066 4591 1434 19913 14435 827 2538 3515 17493 10382
internal_value=1.46696e-09 -1.69728 -8.14488 -1.11681 0.922802 8.21392 1.3728 3.3919 4.18191 -9.75268 12.2361 -3.2503 -1.83561 1.44311 -4.81659 2.69676 4.45162 -3.35669
internal_weight=359800 160886 13288 147598 75459 12272 198914 76588 71470 12635 8404 72139 52226 24871 27355 24044 20529 24817
internal_count=359800 160886 13288 147598 75459 12272 198914 76588 71470 12635 8404 72139 52226 24871 27355 24044 20529 24817
is_linear=0
shrinkage=0.0229654


Tree=260
num_leaves=19
num_cat=0
split_feature=15 11 26 18 15 11 8 26 14 1 35 26 3 1 35 14 36 10
split_gain=1.54332e+09 1.3862e+09 1.27e+09 1.11652e+09 1.72336e+09 1.31941e+09 1.05722e+09 8.33679e+08 7.67095e+08 8.68985e+08 8.19396e+08 7.56907e+08 7.73142e+08 1.39157e+09 8.64332e+08 7.47521e+08 7.41931e+08 7.89929e+08
threshold=9.3062500000000039 108.00000000000001 3.7464843750000001 0.32562500000000011 20.956250000000008 108.00000000000001 0.13052619222005152 10.838932291666667 72.312500000000014 8.5000000000000018 24266.500000000004 22.151953125000009 1.0000000180025095e-35 4.5000000000000009 17230.500000000004 84.562500000000014 28558.500000000004 -0.5
decision_type=2 2 2 2 2 2 2 2 2 2 2 2 2 2 2 2 2 2
left_child=1 7 -2 4 11 -6 8 -1 -5 -10 -11 12 13 -4 -14 -12 17 -16
right_child=2 -3 3 6 5 -7 -8 -9 9 10 15 -13 14 -15 16 -17 -18 -19
leaf_value=7.471850188252243 5.7524441107097859 -0.95769957461836897 -8.8206437791168675 -2.4858851386049583 -12.601066611733275 -0.77067262013554805 -2.1271129335955248 2.0989235863206113 -0.13394333983423107 25.11714857852791 1.9318669356190503 11.661444042607563 -14.280379899088947 4.6166036895875022 -2.6330072299814584 15.493012423692377 -4.2813435777621134 1.2168664765734469
leaf_weight=28224 14154 39186 4972 4283 13226 7967 14499 33085 4332 2049 4140 2365 2976 22276 58783 4446 44970 53867
leaf_count=28224 14154 39186 4972 4283 13226 7967 14499 33085 4332 2049 4140 2365 2976 22276 58783 4446 44970 53867
internal_value=-2.01498e-09 2.41604 -0.936349 -1.32253 -1.94178 -8.15371 2.55642 4.57239 6.08403 8.53642 12.0682 -1.24965 -1.41221 2.16468 -2.01909 8.9541 -1.78758 -0.792074
internal_weight=359800 100495 259305 245151 211402 21193 33749 61309 19250 14967 10635 190209 187844 27248 160596 8586 157620 112650
internal_count=359800 100495 259305 245151 211402 21193 33749 61309 19250 14967 10635 190209 187844 27248 160596 8586 157620 112650
is_linear=0
shrinkage=0.0229654


Tree=261
num_leaves=19
num_cat=0
split_feature=15 11 7 17 11 8 4 11 15 8 5 28 4 22 18 34 34 27
split_gain=1.48164e+09 1.65868e+09 1.10429e+09 1.1153e+09 1.24827e+09 1.23192e+09 1.06236e+09 1.12476e+09 1.02699e+09 9.74758e+08 1.11762e+09 1.11224e+09 9.24266e+08 1.42621e+09 9.21059e+08 7.8716e+08 7.56521e+08 6.882e+08
threshold=16.118750000000006 1.0000000180025095e-35 0.82968937203783699 76.062500000000014 84.000000000000014 0.55438071450436011 1.5000000000000002 108.00000000000001 21.393750000000008 -0.19467261866128607 1.0000000180025095e-35 1.0000000180025095e-35 5.5000000000000009 16.276171875000006 0.088750000000000023 0.55208333333333348 0.61458333333333348 -2.0459449404761907
decision_type=2 2 2 2 2 2 2 2 2 2 2 2 2 2 2 2 2 2
left_child=2 -2 3 9 5 14 -3 8 17 10 11 -1 13 -12 -5 -14 -13 -8
right_child=1 6 -4 4 -6 -7 7 -9 -10 -11 12 16 15 -15 -16 -17 -18 -19
leaf_value=4.2551376829170611 -12.12803594879129 4.7897869022099817 -1.99857584359427 6.6344685804002852 0.6434304257689778 1.5272678082615643 -10.872045524356215 0.8110820071162691 -10.067214177658238 1.9491386116589327 -10.771585122217981 -4.8844648322305027 0.3186499875434029 -53.301656792927282 15.875723608967485 -28.098729743317566 15.752037912766395 -1.0436836991651843
leaf_weight=17022 8514 12156 55386 19987 38452 17748 4412 31029 13879 74222 6786 18118 6821 443 7951 556 988 25330
leaf_count=17022 8514 12156 55386 19987 38452 17748 4412 31029 13879 74222 6786 18118 6821 443 7951 556 988 25330
internal_value=-2.30819e-09 -2.45482 0.884729 1.64848 3.69248 6.25874 -1.50606 -2.53128 -4.9088 0.272161 -2.1812 -0.0139163 -7.54197 -13.3779 9.26448 -1.82315 -3.81732 -2.50165
internal_weight=359800 95320 264480 209094 84138 45686 86806 74650 43621 124956 50734 36128 14606 7229 27938 7377 19106 29742
internal_count=359800 95320 264480 209094 84138 45686 86806 74650 43621 124956 50734 36128 14606 7229 27938 7377 19106 29742
is_linear=0
shrinkage=0.0229654


Tree=262
num_leaves=19
num_cat=0
split_feature=6 3 7 8 3 0 17 4 8 29 30 10 29 28 3 7 3 8
split_gain=1.27955e+09 1.40998e+09 1.48936e+09 1.32173e+09 2.89074e+09 1.30637e+09 1.2857e+09 1.22783e+09 1.02442e+09 1.0227e+09 1.27717e+09 9.30894e+08 1.4859e+09 1.43469e+09 9.66546e+08 2.28331e+09 1.1761e+09 2.59613e+09
threshold=1.0000000180025095e-35 3.5000000000000004 -0.79335334029123528 -0.19467261866128607 1.0000000180025095e-35 20.500000000000004 41.562500000000007 1.5000000000000002 0.065263096110025676 133.06875000000005 961.20625000000018 -0.5 20.768750000000001 2.1137298387096757 5.5000000000000009 -0.32075123873380551 4.5000000000000009 -0.19467261866128607
decision_type=2 2 2 2 2 2 2 2 2 2 2 2 2 2 2 2 2 2
left_child=1 2 -1 4 5 7 -6 -4 9 -2 -11 -3 -13 14 16 -16 -14 -18
right_child=8 11 3 -5 6 -7 -8 -9 -10 10 -12 12 13 -15 15 -17 17 -19
leaf_value=5.3490789553914206 -37.856630922843621 -3.820679672440968 48.150728170569678 -1.5334998508146156 -7.0249801187865133 5.8281321765071583 1.8204729422579671 15.458662174214886 -0.5111051634028192 3.9227518454758288 -24.87622540358343 17.97620211627132 2.5014955142503079 -6.6377746149061174 12.793657421931977 -1.0510029189666472 -12.594820341928363 1.9482585282975187
leaf_weight=41520 950 55688 672 83040 10651 10736 46517 6160 3864 1592 1658 2342 24971 16750 10290 16133 11573 14693
leaf_count=41520 950 55688 672 83040 10651 10736 46517 6160 3864 1592 1658 2342 24971 16750 10290 16133 11573 14693
internal_value=-2.63822e-09 0.207367 1.47903 0.460599 2.67627 10.8239 0.172472 18.6743 -9.04495 -16.8961 -10.7692 -1.45517 -0.0936498 -0.541903 0.772877 4.34057 -1.06699 -4.45953
internal_weight=359800 351736 199296 157776 74736 17568 57168 6832 8064 4200 3250 152440 96752 94410 77660 26423 51237 26266
internal_count=359800 351736 199296 157776 74736 17568 57168 6832 8064 4200 3250 152440 96752 94410 77660 26423 51237 26266
is_linear=0
shrinkage=0.0229654


Tree=263
num_leaves=19
num_cat=0
split_feature=15 11 26 24 17 23 8 11 11 17 26 16 35 16 35 27 26 16
split_gain=1.47017e+09 1.31225e+09 1.20064e+09 1.06006e+09 1.33346e+09 1.78429e+09 1.07918e+09 1.3243e+09 9.73513e+08 8.47466e+08 8.37693e+08 7.89309e+08 7.87893e+08 1.65576e+09 8.95052e+08 8.47857e+08 8.24838e+08 1.23156e+09
threshold=9.3062500000000039 108.00000000000001 3.7464843750000001 2.825000000000002 65.312500000000014 -0.11250000000000047 -0.19467261866128607 108.00000000000001 84.000000000000014 26.312500000000004 19.946614583333339 477.31250000000006 23238.500000000004 167.06250000000003 28274.500000000004 -0.20442708333333345 17.341015625000008 0.56250000000000011
decision_type=2 2 2 2 2 2 2 2 2 2 2 2 2 2 2 2 2 2
left_child=1 11 -2 4 6 -6 7 9 -5 -4 -8 -1 16 -14 15 -15 17 -7
right_child=2 -3 3 8 5 12 10 -9 -10 -11 -12 -13 13 14 -16 -17 -18 -19
leaf_value=5.157078903308709 5.5896764011418023 -0.92443259383677134 -19.081164077314991 -10.664664959977765 -2.3795382729409442 -2.3320854230618706 -1.4858130793334363 -0.65038141088173707 -1.5933672893339077 -7.3653831997971935 11.318581941685267 -5.2307628803095634 4.5872651336953085 -10.871255633814613 -11.763058607661396 2.4775337035667122 -2.8203724276603843 12.462458504264257
leaf_weight=57172 14154 39186 3944 11536 56305 3855 48867 15243 13590 18676 2852 4137 34459 3302 5395 10456 3780 12891
leaf_count=57172 14154 39186 3944 11536 56305 3855 48867 15243 13590 18676 2852 4137 34459 3302 5395 10456 3780 12891
internal_value=1.33495e-09 2.35809 -0.913889 -1.28938 -0.779052 0.702541 -2.93644 -5.88241 -5.75824 -9.40813 -0.779726 4.45613 3.04326 1.57836 -3.83509 -0.726253 6.86945 9.05669
internal_weight=359800 100495 259305 245151 220025 130443 89582 37863 25126 22620 51719 61309 74138 53612 19153 13758 20526 16746
internal_count=359800 100495 259305 245151 220025 130443 89582 37863 25126 22620 51719 61309 74138 53612 19153 13758 20526 16746
is_linear=0
shrinkage=0.0229654


Tree=264
num_leaves=19
num_cat=0
split_feature=15 11 4 7 23 18 1 30 22 4 7 3 3 0 23 30 13 30
split_gain=1.41011e+09 1.36332e+09 1.16455e+09 1.14077e+09 1.0155e+09 1.06092e+09 1.01413e+09 9.58388e+08 7.93029e+08 7.44284e+08 6.9248e+08 1.23337e+09 1.31479e+09 7.17641e+08 7.06258e+08 6.40529e+08 9.84647e+08 6.3513e+08
threshold=17.481250000000006 132.00000000000003 1.5000000000000002 0.82968937203783699 4.5875000000000021 0.014375000000000002 22.500000000000004 1159.5875000000003 2.863932291666667 5.5000000000000009 0.25881904510252096 5.5000000000000009 4.5000000000000009 22.500000000000004 1.0000000180025095e-35 35.031250000000007 16.056250000000002 258.41875000000005
decision_type=2 2 2 2 2 2 2 2 2 2 2 2 2 2 2 2 2 2
left_child=3 2 7 4 6 9 8 -2 -1 17 11 12 -10 -14 -13 -4 -17 -6
right_child=1 -3 15 -5 5 -7 -8 -9 10 -11 -12 14 13 -15 -16 16 -18 -19
leaf_value=9.615730517743323 7.8779332031494089 2.7331188534754411 -15.803084715025529 -2.1370769316925911 -25.895580860216381 4.0196614993650259 -4.2873760692497127 -7.9753515058221529 3.3429631039331684 -1.4569518811868574 0.15925301735104716 4.3978504764191531 10.193378624172693 -5.1844000043303105 13.907294163470837 -6.1202326187633469 9.1949574895984085 -8.5753093099718605
leaf_weight=7695 6352 17719 3294 58198 1353 7342 12785 2943 86711 7517 63940 8609 1785 15489 7898 41440 2339 6391
leaf_count=7695 6352 17719 3294 58198 1353 7342 12785 2943 86711 7517 63940 8609 1785 15489 7898 41440 2339 6391
internal_value=-1.10437e-09 -2.82335 -4.57 0.732111 1.46604 -3.15361 1.97562 2.85844 2.39239 -6.60464 2.09101 3.11611 2.19037 -3.59535 8.94777 -6.03681 -5.30198 -11.6014
internal_weight=359800 74087 56368 285713 227515 22603 204912 9295 192127 15261 184432 120492 103985 17274 16507 47073 43779 7744
internal_count=359800 74087 56368 285713 227515 22603 204912 9295 192127 15261 184432 120492 103985 17274 16507 47073 43779 7744
is_linear=0
shrinkage=0.0229654


Tree=265
num_leaves=19
num_cat=0
split_feature=6 5 26 30 8 4 36 0 36 7 36 36 16 26 0 36 7 30
split_gain=1.2274e+09 1.35222e+09 1.15204e+09 1.42484e+09 1.63454e+09 1.30952e+09 3.46876e+09 2.49463e+09 2.03688e+09 1.12406e+09 1.29512e+09 1.06955e+09 1.36865e+09 1.04384e+09 1.1749e+09 1.02291e+09 9.35455e+08 9.02468e+08
threshold=1.0000000180025095e-35 1.0000000180025095e-35 21.246223958333335 90.068750000000009 0.25881904510252057 1.5000000000000002 33088.500000000007 13.500000000000002 27819.500000000004 0.25881904510252096 27675.500000000004 28472.500000000004 89.312500000000014 8.0907552083333361 13.500000000000002 24051.500000000004 0.25881904510252096 2284.7250000000004
decision_type=2 2 2 2 2 2 2 2 2 2 2 2 2 2 2 2 2 2
left_child=1 2 3 -1 5 6 7 -5 -9 -3 -11 13 -13 14 -7 -2 -17 -8
right_child=15 9 -4 4 -6 11 17 8 -10 10 -12 12 -14 -15 -16 16 -18 -19
leaf_value=-3.1320097111773681 1.1011721939399748 0.016144514614292706 11.090885154142111 1.9276586781946754 -0.78963167074774721 3.0172499993016255 0.59436005469936626 64.528964325616926 25.131657175643078 -3.6472042884142679 -18.026865210277297 3.6924894731322104 -3.8891855288577983 3.5033619230417337 22.005649727126961 -9.3045412669572656 -31.911181855774593 37.645929150509915
leaf_weight=39301 3248 59784 5961 1560 84959 3247 9392 1000 2248 39128 3608 26294 24038 47205 3651 3480 1336 360
leaf_count=39301 3248 59784 5961 1560 84959 3247 9392 1000 2248 39128 3608 26294 24038 47205 3651 3480 1336 360
internal_value=5.50912e-10 0.203097 1.11638 0.871955 1.6435 3.38069 9.83289 25.797 37.2614 -2.01701 -4.86121 2.48114 0.0715663 4.72277 13.0675 -8.8587 -15.5758 1.96214
internal_weight=359800 351736 249216 243255 203954 118995 14560 4808 3248 102520 42736 104435 50332 54103 6898 8064 4816 9752
internal_count=359800 351736 249216 243255 203954 118995 14560 4808 3248 102520 42736 104435 50332 54103 6898 8064 4816 9752
is_linear=0
shrinkage=0.0229654


Tree=266
num_leaves=19
num_cat=0
split_feature=15 11 24 22 13 9 11 18 23 7 23 9 7 22 15 11 18 13
split_gain=1.39696e+09 1.27024e+09 1.13704e+09 1.31643e+09 1.39616e+09 1.37365e+09 1.16182e+09 8.5802e+08 7.83356e+08 7.73615e+08 7.018e+08 5.83181e+08 6.61291e+08 6.30038e+08 5.82581e+08 9.01685e+08 5.82354e+08 5.72298e+08
threshold=10.156250000000004 108.00000000000001 1.6374999999999997 13.667578125 12.393750000000002 -0.93301270189221908 84.000000000000014 0.55625000000000024 5.3000000000000043 -0.13052619222005171 1.1250000000000009 0.93301270189221952 -0.97868534383143924 6.0568576388888902 16.743750000000002 132.00000000000003 0.26312500000000011 18.256250000000005
decision_type=2 2 2 2 2 2 2 2 2 2 2 2 2 2 2 2 2 2
left_child=1 8 3 7 14 17 -4 11 9 -1 -9 12 -2 -13 -5 -16 -3 -6
right_child=2 16 6 4 5 -7 -8 10 -10 -11 -12 13 -14 -15 15 -17 -18 -19
leaf_value=8.0011762078749236 8.109391647705662 -0.16270908803836587 -7.7604778819008864 -5.5485989330788561 7.4211902452821272 -2.3057329193978466 -0.76997179504329638 4.9019503149418906 -5.5431185939805756 2.8168782609792653 21.545629951393312 5.7652716926454461 0.82347407738817824 -5.4335844445974342 -19.535670509294558 2.6624839180914965 -9.1338131993561031 31.667607130328211
leaf_weight=22035 7075 43212 23913 10980 4865 40840 26363 6190 4413 48803 1704 3286 92066 13679 4378 1238 4186 574
leaf_count=22035 7075 43212 23913 10980 4865 40840 26363 6190 4413 48803 1704 3286 92066 13679 4378 1238 4186 574
internal_value=-2.05836e-09 1.98983 -1.0291 -0.204287 -2.91116 -0.861834 -4.0949 1.16825 3.84468 4.42952 8.49466 0.670134 1.34342 -3.26445 -8.62585 -14.6423 -0.955001 9.98001
internal_weight=359800 122649 237151 186875 62875 46279 50276 124000 75251 70838 7894 116106 99141 16965 16596 5616 47398 5439
internal_count=359800 122649 237151 186875 62875 46279 50276 124000 75251 70838 7894 116106 99141 16965 16596 5616 47398 5439
is_linear=0
shrinkage=0.0229654


Tree=267
num_leaves=19
num_cat=0
split_feature=15 11 11 26 14 11 24 14 21 8 15 14 22 7 26 23 9 24
split_gain=1.3414e+09 1.21846e+09 1.04946e+09 1.2047e+09 8.76801e+08 7.94832e+08 1.09092e+09 7.54479e+08 7.52729e+08 7.21092e+08 7.09494e+08 1.00336e+09 8.31913e+08 6.82941e+08 6.52131e+08 6.05409e+08 5.42266e+08 5.36362e+08
threshold=12.843750000000004 1.0000000180025095e-35 84.000000000000014 8.8871093750000032 67.062500000000014 132.00000000000003 2.325000000000002 86.812500000000014 1.0000000180025095e-35 -0.19467261866128607 21.393750000000008 54.312500000000007 12.423350694444446 0.44134171618254497 4.1878906250000014 -0.075000000000000108 -0.5 -5.8187499999999988
decision_type=2 2 2 2 2 2 2 2 2 2 2 2 2 2 2 2 2 2
left_child=2 4 3 17 9 6 7 10 -4 -2 13 -12 -13 -3 -7 -9 -10 -1
right_child=1 5 8 -5 -6 14 -8 15 16 -11 11 12 -14 -15 -16 -17 -18 -19
leaf_value=33.173063206087541 -21.913341312906944 0.45992536177017868 18.232194663561302 1.2291281727363004 -3.7405816870997342 12.494320182292521 -7.4011133496824524 -0.96137153537805564 2.240460713511724 -5.2272375614446416 -26.618276952448419 -0.99786374882643036 -13.753260124505671 -5.411684639166209 1.1276792994993168 7.6616157269981153 -1.6661730156403507 6.3738277729214303
leaf_weight=399 3179 48435 1131 65605 12135 2869 15917 8394 25646 2395 1195 9435 3776 13321 36908 8792 69584 30684
leaf_count=399 3179 48435 1131 65605 12135 2869 15917 8394 25646 2395 1195 9435 3776 13321 36908 8792 69584 30684
internal_value=-2.5603e-09 -1.50876 1.30323 2.99362 -7.20389 -0.832076 -1.84397 -0.896403 -0.392893 -14.7438 -1.87716 -6.46647 -4.64364 -0.806603 1.94752 3.44997 -0.614094 6.71784
internal_weight=359800 166751 193049 96688 17709 149042 109265 93348 96361 5574 76162 14406 13211 61756 39777 17186 95230 31083
internal_count=359800 166751 193049 96688 17709 149042 109265 93348 96361 5574 76162 14406 13211 61756 39777 17186 95230 31083
is_linear=0
shrinkage=0.0229654


Tree=268
num_leaves=19
num_cat=0
split_feature=15 11 26 18 15 11 13 30 28 26 16 17 24 16 13 18 17 16
split_gain=1.30299e+09 1.17411e+09 1.07116e+09 1.01373e+09 1.47165e+09 1.13718e+09 7.67347e+08 7.27901e+08 9.79917e+08 7.27288e+08 7.021e+08 9.60177e+08 7.49049e+08 6.45475e+08 8.60724e+08 5.91944e+08 5.88309e+08 1.02247e+09
threshold=9.3062500000000039 108.00000000000001 3.7464843750000001 0.32562500000000011 20.956250000000008 108.00000000000001 22.431250000000006 90.068750000000009 2.7664634146341469 10.838932291666667 4.0625000000000009 98.687500000000014 0.62500000000000022 372.06250000000006 14.431250000000002 0.26312500000000011 42.062500000000007 1.0625000000000002
decision_type=2 2 2 2 2 2 2 2 2 2 2 2 2 2 2 2 2 2
left_child=1 9 -2 4 6 -6 7 13 16 -1 12 -12 -5 14 -4 -3 -9 -18
right_child=2 15 3 10 5 -7 -8 8 -10 -11 11 -13 -14 -15 -16 -17 17 -19
leaf_value=6.9126546978787591 5.2825335615765576 0.012923519359178848 -8.3057741588283083 3.4642974713141697 -11.674294227287161 -0.69122030321161909 7.5043071029018851 -3.1450042984058464 -5.0981618679293366 1.8942611712407951 3.0064580634084606 16.586868084985674 -6.2014516709395489 -10.028968149408826 0.3252014466106341 -9.7579815954224642 -1.7133619589084104 2.8922137721930623
leaf_weight=28224 14154 35585 9330 9646 13226 7967 5236 24249 22796 33085 13100 3474 7529 8199 17569 3601 46009 56821
leaf_count=28224 14154 35585 9330 9646 13226 7967 5236 24249 22796 33085 13100 3474 7529 8199 17569 3601 46009 56821
internal_value=-7.8952e-11 2.21997 -0.860361 -1.21503 -1.80508 -7.54547 -1.16549 -1.41091 -0.713745 4.20451 2.48106 5.85299 -0.772874 -4.38791 -2.66848 -0.884974 0.0727516 0.831551
internal_weight=359800 100495 259305 245151 211402 21193 190209 184973 149875 61309 33749 16574 17175 35098 26899 39186 127079 102830
internal_count=359800 100495 259305 245151 211402 21193 190209 184973 149875 61309 33749 16574 17175 35098 26899 39186 127079 102830
is_linear=0
shrinkage=0.0229654


Tree=269
num_leaves=19
num_cat=0
split_feature=6 3 1 3 1 3 35 35 14 8 3 1 35 8 3 4 26 21
split_gain=1.17594e+09 1.30641e+09 1.245e+09 1.94082e+09 1.51571e+09 1.07596e+09 1.071e+09 1.00166e+09 9.5761e+08 1.39339e+09 1.33796e+09 1.99328e+09 1.33156e+09 1.15168e+09 1.08452e+09 1.40289e+09 1.17635e+09 1.83867e+09
threshold=1.0000000180025095e-35 3.5000000000000004 5.5000000000000009 1.0000000180025095e-35 9.5000000000000018 1.0000000180025095e-35 26421.500000000004 37073.500000000007 77.812500000000014 -0.70710678118654757 5.5000000000000009 11.500000000000002 31136.500000000004 -0.065263096110025884 4.5000000000000009 5.5000000000000009 21.246223958333335 16.236328125000004
decision_type=2 2 2 2 2 2 2 2 2 2 2 2 2 2 2 2 2 2
left_child=1 2 5 4 6 -1 -4 -6 10 12 13 -12 -10 14 16 -16 17 -3
right_child=-2 8 3 -5 7 -7 -8 -9 9 -11 11 -13 -14 -15 15 -17 -18 -19
leaf_value=-7.8089710360978044 -8.6709937572465936 -0.63801577543692234 12.766148556730219 1.0201519044153733 3.7062223916373682 0.14979164207175388 37.716959850306694 25.302421629970773 14.633492524561518 -1.0216839158504931 -8.0585463052372219 5.7729321446582373 0.1288291618422166 -1.5863891714878 -20.473083363155851 -5.7631696808811963 25.89909920170388 -21.076651318214569
leaf_weight=11712 8064 9667 6760 114336 26144 38112 1048 1184 6441 65244 8300 16261 6929 22204 6907 6772 660 3055
leaf_count=11712 8064 9667 6760 114336 26144 38112 1048 1184 6441 65244 8300 16261 6929 22204 6907 6772 660 3055
internal_value=2.77147e-09 0.198794 1.42286 2.47083 7.19149 -1.72105 16.1151 4.64189 -1.40152 0.362381 -3.27982 1.0988 7.11645 -5.46277 -8.64341 -13.1907 -3.99518 -5.54605
internal_weight=359800 351736 199296 149472 35136 49824 7808 27328 152440 78614 73826 24561 13370 49265 27061 13679 13382 12722
internal_count=359800 351736 199296 149472 35136 49824 7808 27328 152440 78614 73826 24561 13370 49265 27061 13679 13382 12722
is_linear=0
shrinkage=0.0229654


Tree=270
num_leaves=19
num_cat=0
split_feature=7 35 3 3 7 0 36 16 28 35 36 13 27 30 8 36 4 16
split_gain=1.16878e+09 1.09325e+09 9.81236e+08 1.11895e+09 2.82529e+09 2.80492e+09 1.62779e+09 2.02178e+09 1.0596e+09 1.03961e+09 1.0674e+09 1.03288e+09 9.74273e+08 1.2725e+09 1.31507e+09 2.63159e+09 2.71018e+09 1.56062e+09
threshold=-0.97868534383143924 15369.500000000002 4.5000000000000009 5.5000000000000009 -0.13052619222005171 11.500000000000002 19843.500000000004 187.06250000000003 -2.1595545277507293 19705.500000000004 30145.500000000004 23.881250000000005 4.1205543154761903 106.47500000000002 -0.19467261866128607 26661.500000000004 3.5000000000000004 171.81250000000003
decision_type=2 2 2 2 2 2 2 2 2 2 2 2 2 2 2 2 2 2
left_child=-1 -2 11 5 -5 -4 8 -8 -7 -9 -11 12 13 -3 15 16 -15 -17
right_child=1 2 3 4 -6 6 7 9 -10 10 -12 -13 -14 14 -16 17 -18 -19
leaf_value=5.0693247283931751 -20.474642798534227 -2.9079883928571379 5.0530506588713449 6.9199751213546987 -4.4580320170811403 26.784625002200873 -6.5948440170211278 -61.051438192624531 -1.0176303283625601 -15.969164070616834 -48.449638859369458 12.934084121175649 -4.7315208534448665 35.248005772852174 -0.16254463349910414 3.2543405700816024 7.6340611980339732 -5.625301151118534
leaf_weight=22488 1416 40354 11792 19744 27600 825 22073 316 5847 6808 579 3489 18377 2033 98640 39137 24046 14236
leaf_count=22488 1416 40354 11792 19744 27600 825 22073 316 5847 6808 579 3489 18377 2033 98640 39137 24046 14236
internal_value=-2.61045e-09 -0.337963 -0.253075 -2.2212 0.28697 -4.68279 -7.83262 -10.13 2.42015 -20.26 -18.515 0.529747 0.347 0.774236 1.60859 3.80747 9.78672 0.885904
internal_weight=359800 337312 335896 95584 47344 48240 36448 29776 6672 7703 7387 240312 236823 218446 178092 79452 26079 53373
internal_count=359800 337312 335896 95584 47344 48240 36448 29776 6672 7703 7387 240312 236823 218446 178092 79452 26079 53373
is_linear=0
shrinkage=0.0229654


Tree=271
num_leaves=19
num_cat=0
split_feature=15 14 24 27 32 26 7 23 18 0 3 9 8 9 26 3 23 10
split_gain=1.25235e+09 1.09905e+09 9.31779e+08 1.29879e+09 9.17951e+08 8.86676e+08 8.6062e+08 8.66493e+08 8.64122e+08 8.46047e+08 7.92756e+08 1.27524e+09 7.8208e+08 7.23203e+08 8.23527e+08 6.88649e+08 6.66339e+08 6.58814e+08
threshold=14.306250000000004 52.812500000000007 1.6374999999999997 -1.4274367559523808 29.787500000000016 1.0000000180025095e-35 0.65793410509763428 3.8750000000000018 0.014375000000000002 45.500000000000007 3.5000000000000004 -0.93301270189221908 0.065263096110025676 0.25000000000000011 15.595703125000002 5.5000000000000009 0.67500000000000127 0.93301270189221952
decision_type=2 2 2 2 2 2 2 2 2 2 2 2 2 2 2 2 2 2
left_child=5 12 3 4 17 -1 7 9 13 -7 -5 15 -2 -9 -15 -12 -17 -3
right_child=1 2 -4 10 -6 6 -8 8 -10 -11 11 -13 -14 14 -16 16 -18 -19
leaf_value=14.942820332193543 -14.274793790669962 0.71106250220332068 -4.8218550823319699 3.5879786791531281 -10.891843737048227 3.2457851122866641 -1.2197475277761762 -0.34806451090675455 4.2087147884082894 -2.4262021123321516 7.0821027262461262 -2.5194699365207045 1.0930460509061477 -6.5792502161773783 -25.669377019489136 10.078624319175441 58.10644030334187 -12.865787021625749
leaf_weight=2388 5998 12336 29167 39472 8414 115810 71033 8392 7704 15757 1160 28614 2464 6802 1445 271 348 2225
leaf_count=2388 5998 12336 29167 39472 8414 115810 71033 8392 7704 15757 1160 28614 2464 6802 1445 271 348 2225
internal_value=-1.0033e-09 -1.79632 -1.24122 -0.116313 -4.85304 1.02195 0.875467 1.83005 -2.15016 2.56648 1.44135 -1.34651 -9.79992 -5.09437 -9.92413 17.5197 37.0797 -1.36355
internal_weight=359800 130469 122007 92840 22975 229331 226943 155910 24343 131567 69865 30393 8462 16639 8247 1779 619 14561
internal_count=359800 130469 122007 92840 22975 229331 226943 155910 24343 131567 69865 30393 8462 16639 8247 1779 619 14561
is_linear=0
shrinkage=0.0229654


Tree=272
num_leaves=19
num_cat=0
split_feature=15 7 17 8 35 15 11 11 11 6 35 23 17 3 8 3 35 35
split_gain=1.23151e+09 1.30809e+09 1.21968e+09 1.84897e+09 1.12738e+09 9.49476e+08 1.35128e+09 8.24775e+08 7.56638e+08 7.24934e+08 7.38636e+08 6.81146e+08 9.20759e+08 6.71738e+08 9.45762e+08 1.2238e+09 8.45551e+08 7.51168e+08
threshold=6.918750000000002 0.75023006073889154 98.187500000000014 0.32075123873380501 27635.500000000004 18.256250000000005 1.0000000180025095e-35 132.00000000000003 108.00000000000001 1.0000000180025095e-35 22188.500000000004 5.1750000000000043 26.312500000000004 4.5000000000000009 0.13052619222005152 1.0000000180025095e-35 30149.500000000004 24722.500000000004
decision_type=2 2 2 2 2 2 2 2 2 2 2 2 2 2 2 2 2 2
left_child=8 2 5 4 -4 11 -7 -8 -1 13 -11 -2 -13 14 15 17 -15 -3
right_child=1 9 3 -5 -6 6 7 -9 -10 10 -12 12 -14 16 -16 -17 -18 -19
leaf_value=6.0800980945149714 0.85211044425963223 8.6358760670951682 18.78419108792237 -1.9316557822075486 5.8120706146801711 -17.882178063522449 -4.0709277449951227 3.5914507126542081 -0.25342426976967236 -9.6127633153933232 -46.872199465428643 -15.300279091037005 -1.2900725032674694 -5.4176098281775138 -5.0950467963890089 -0.94305503089299336 -25.988877419596825 36.882177803331579
leaf_weight=26272 161711 4207 4912 13198 12590 3135 30907 9745 16011 1065 381 3162 11371 17834 21079 20537 1120 563
leaf_count=26272 161711 4207 4912 13198 12590 3135 30907 9745 16011 1065 381 3162 11371 17834 21079 20537 1120 563
internal_value=2.50507e-09 -0.490301 0.270459 4.55856 9.45274 -0.327842 -3.35447 -2.23412 3.68183 -3.34638 -19.4301 0.424109 -4.33833 -2.99044 -1.50197 1.49082 -6.63317 11.9698
internal_weight=359800 317517 250731 30700 17502 220031 43787 40652 42283 66786 1446 176244 14533 65340 46386 25307 18954 4770
internal_count=359800 317517 250731 30700 17502 220031 43787 40652 42283 66786 1446 176244 14533 65340 46386 25307 18954 4770
is_linear=0
shrinkage=0.0229654


Tree=273
num_leaves=19
num_cat=0
split_feature=14 7 3 3 36 1 10 36 3 1 36 8 3 36 30 3 1 16
split_gain=1.12361e+09 1.42211e+09 1.80587e+09 2.79541e+09 1.5853e+09 9.84459e+08 9.87959e+08 2.03015e+09 9.74518e+08 1.41285e+09 1.39525e+09 1.08648e+09 2.14795e+09 1.6959e+09 1.55141e+09 1.02742e+09 1.3633e+09 9.92875e+08
threshold=48.687500000000007 -0.13052619222005171 5.5000000000000009 3.5000000000000004 23837.000000000004 18.500000000000004 -0.24999999999999994 26390.500000000004 4.5000000000000009 4.5000000000000009 22796.500000000004 0.13052619222005152 1.0000000180025095e-35 26879.500000000004 44.818750000000016 1.0000000180025095e-35 1.5000000000000002 148.56250000000003
decision_type=2 2 2 2 2 2 2 2 2 2 2 2 2 2 2 2 2 2
left_child=-1 2 3 4 -2 6 -4 -8 11 -10 -11 12 14 15 -3 -13 -17 -12
right_child=1 8 5 -5 -6 -7 7 -9 9 10 17 13 -14 -15 -16 16 -18 -19
leaf_value=-6.2997381711439813 11.3073771408065 -10.06196179502469 3.9493160462101629 -3.8682391440845114 2.0875680858278391 1.8567307468386296 40.756046051635231 11.429724765411706 1.018720986109352 -2.8030101092047026 -9.3965573477813109 -6.7953707753068109 0.0012085810337177528 -16.938371085618723 13.015055975468735 5.9871507288270758 -2.1267251484203373 -25.765982336622805
leaf_weight=14337 11315 1759 4993 43049 75248 8169 1531 6664 21352 20785 10882 13611 55534 3808 12143 15551 36687 2382
leaf_count=14337 11315 1759 4993 43049 75248 8169 1531 6664 21352 20785 10882 13611 55534 3808 12143 15551 36687 2382
internal_value=-5.037e-10 0.261444 1.93388 0.914302 3.29273 8.12154 12.0021 16.9085 -1.03673 -3.61251 -6.51674 -0.0107852 2.02215 -2.03727 10.0952 -1.17555 0.288736 -12.3362
internal_weight=359800 345463 150969 129612 86563 21357 13188 8195 194494 55401 34049 139093 69436 69657 13902 65849 52238 13264
internal_count=359800 345463 150969 129612 86563 21357 13188 8195 194494 55401 34049 139093 69436 69657 13902 65849 52238 13264
is_linear=0
shrinkage=0.0229654


Tree=274
num_leaves=19
num_cat=0
split_feature=15 7 17 8 35 35 9 35 17 25 30 30 15 24 24 35 9 34
split_gain=1.2046e+09 1.04341e+09 9.16541e+08 1.59766e+09 1.12664e+09 8.26006e+08 7.97853e+08 9.51422e+08 8.4989e+08 7.66504e+08 6.98375e+08 6.14651e+08 1.06337e+09 9.20639e+08 8.75194e+08 6.38255e+08 6.13361e+08 7.46589e+08
threshold=9.3062500000000039 0.82968937203783699 98.187500000000014 0.32075123873380501 27702.500000000004 16852.500000000004 0.93301270189221952 26978.500000000004 4.5625000000000009 6.4515625000000005 1310.6187500000003 389.08125000000001 22.856250000000006 2.4250000000000016 -2.174999999999998 17545.500000000004 -0.93301270189221908 0.31597222222222227
decision_type=2 2 2 2 2 2 2 2 2 2 2 2 2 2 2 2 2 2
left_child=5 2 6 4 10 -1 11 -8 -9 -10 -4 12 14 -13 -2 -15 -16 -18
right_child=1 -3 3 -5 -6 -7 7 8 9 -11 -12 13 -14 15 16 -17 17 -19
leaf_value=-12.717143997436626 -7.0376497798323499 -4.1922705974346055 15.795120834131179 -2.6417203144891208 4.4784342308012501 2.4263948660372208 1.1860709538648064 -54.787781036138419 -1.3071229439994982 -13.419378156796872 58.063040745620633 1.8686658012066408 -13.724383053527809 -44.845212848111608 5.7160968741758653 -4.177561597645485 -2.4946789512492318 3.9159248573617882
leaf_weight=1937 11391 40928 4528 12369 11866 98558 7427 213 4648 6768 216 80806 3750 207 8256 12168 41287 12477
leaf_count=1937 11391 40928 4528 12369 11866 98558 7427 213 4648 6768 216 80806 3750 207 8256 12168 41287 12477
internal_value=1.29417e-09 -0.82724 -0.19657 3.60701 8.26027 2.13451 -0.77854 -5.23503 -9.33594 -8.4879 17.7196 -0.279996 -1.79597 0.975348 -1.18664 -4.85782 -0.112008 -1.00697
internal_weight=359800 259305 218377 28979 16610 100495 189398 19056 11629 11416 4744 170342 77161 93181 73411 12375 62020 53764
internal_count=359800 259305 218377 28979 16610 100495 189398 19056 11629 11416 4744 170342 77161 93181 73411 12375 62020 53764
is_linear=0
shrinkage=0.0229654


Tree=275
num_leaves=19
num_cat=0
split_feature=6 3 3 7 0 36 16 35 26 30 8 3 27 3 28 36 16 22
split_gain=1.11209e+09 1.14017e+09 1.39918e+09 2.98749e+09 2.60277e+09 1.52941e+09 1.8032e+09 1.13465e+09 1.0602e+09 1.19902e+09 1.3976e+09 2.3616e+09 1.78644e+09 1.07028e+09 1.40639e+09 1.02416e+09 1.7655e+09 1.11258e+09
threshold=1.0000000180025095e-35 4.5000000000000009 5.5000000000000009 -0.13052619222005171 11.500000000000002 19843.500000000004 153.06250000000003 19705.500000000004 21.246223958333335 90.068750000000009 0.25881904510252057 1.0000000180025095e-35 3.8784598214285726 2.5000000000000004 -1.0000000180025095e-35 30991.000000000004 85.812500000000014 6.8269965277777791
decision_type=2 2 2 2 2 2 2 2 2 2 2 2 2 2 2 2 2 2
left_child=1 8 4 -4 -3 -6 -7 -8 9 13 11 15 -13 14 -1 -11 -17 -18
right_child=-2 2 3 -5 5 6 7 -9 -10 10 -12 12 -14 -15 -16 16 17 -19
leaf_value=-9.0141931248940601 -8.4323095235958032 4.9548438266293209 6.8857511711482298 -4.2625295447272 2.6292382061903909 -5.7124737800266079 -59.566829266590908 -15.907414591102192 10.600612107509788 14.339465067010941 -0.74464644570648664 2.8135339058544626 -6.205655024249717 -7.480266549208257 3.6632095892764469 12.627784391988538 7.4395040916664374 -16.501980951125944
leaf_weight=6320 8064 11792 23408 27656 6744 22480 324 10116 5961 12172 84959 83265 13454 15871 17110 5854 1719 2531
leaf_count=6320 8064 11792 23408 27656 6744 22480 324 10116 5961 12172 84959 83265 13454 15871 17110 5854 1719 2531
internal_value=2.20213e-09 0.193322 -1.84529 0.8479 -4.51796 -7.3342 -9.37532 -17.2624 1.03195 0.797464 1.50523 3.11158 1.55893 -2.87554 0.243611 9.85298 4.44824 -6.81835
internal_weight=359800 351736 102520 51064 51456 39664 32920 10440 249216 243255 203954 118995 96719 39301 23430 22276 10104 4250
internal_count=359800 351736 102520 51064 51456 39664 32920 10440 249216 243255 203954 118995 96719 39301 23430 22276 10104 4250
is_linear=0
shrinkage=0.0229654


Tree=276
num_leaves=19
num_cat=0
split_feature=7 35 24 17 23 36 16 25 36 23 30 11 11 8 13 14 13 30
split_gain=1.08511e+09 1.011e+09 8.5503e+08 9.23357e+08 1.68381e+09 1.03142e+09 1.61018e+09 8.56155e+08 9.86216e+08 1.2733e+09 9.61651e+08 7.96154e+08 7.77935e+08 7.55168e+08 7.11616e+08 8.41177e+08 6.96047e+08 9.03292e+08
threshold=-0.97868534383143924 15369.500000000002 3.4750000000000036 76.312500000000014 -0.099999999999999409 22676.500000000004 309.56250000000006 0.64062499999999967 28558.500000000004 1.7750000000000008 997.8687500000002 84.000000000000014 84.000000000000014 -0.5 22.856250000000006 52.312500000000007 16.481250000000006 314.05625000000003
decision_type=2 2 2 2 2 2 2 2 2 2 2 2 2 2 2 2 2 2
left_child=-1 -2 3 7 -5 -6 11 -3 10 -10 14 -7 -4 -12 15 -9 17 -17
right_child=1 2 12 4 5 6 -8 8 9 -11 13 -13 -14 -15 -16 16 -18 -19
leaf_value=4.8845087432605716 -19.690101666306123 9.9873284232572139 -10.510154291147014 -1.1899815442783968 8.9397514562100096 6.6431142533847805 -8.3823058070395664 -8.4952364187120413 -2.1156068586887882 -11.684643175292114 13.01334540227683 0.74842754138962031 -0.97205442173997092 2.0283625775580805 7.7104933468095407 -4.3353318235210478 2.9785056212376406 0.46800570717626883
leaf_weight=22488 1416 3634 7884 66025 16467 25261 6461 8523 29840 9724 4033 23167 10538 18175 4542 40654 19007 41961
leaf_count=22488 1416 3634 7884 66025 16467 25261 6461 8523 29840 9724 4033 23167 10538 18175 4542 40654 19007 41961
internal_value=-5.99999e-10 -0.325642 -0.244009 0.0351018 1.45315 3.89881 2.3865 -1.04663 -1.27386 -4.46747 -0.35088 3.82321 -5.05404 4.02325 -1.19789 -1.56524 -0.984021 -1.89567
internal_weight=359800 337312 335896 317474 137381 71356 54889 180093 176459 39564 136895 48428 18422 22208 114687 110145 101622 82615
internal_count=359800 337312 335896 317474 137381 71356 54889 180093 176459 39564 136895 48428 18422 22208 114687 110145 101622 82615
is_linear=0
shrinkage=0.0229654


Tree=277
num_leaves=19
num_cat=0
split_feature=15 35 30 14 15 26 24 26 11 35 1 1 14 35 1 35 22 16
split_gain=1.16573e+09 1.09917e+09 1.02441e+09 1.02222e+09 9.46538e+08 8.67638e+08 8.024e+08 7.70913e+08 7.15647e+08 6.82765e+08 6.45886e+08 6.90365e+08 9.89724e+08 2.08476e+09 7.94578e+08 1.20798e+09 8.59478e+08 6.51423e+08
threshold=20.406250000000004 17055.000000000004 752.30000000000007 57.312500000000007 6.918750000000002 22.151953125000009 1.6000000000000025 1.9851562500000004 108.00000000000001 42681.500000000007 22.500000000000004 10.500000000000002 76.437500000000014 22652.500000000004 18.500000000000004 28882.500000000004 5.1339409722222227 101.93750000000001
decision_type=2 2 2 2 2 2 2 2 2 2 2 2 2 2 2 2 2 2
left_child=1 2 -1 -2 8 7 -5 -6 -3 10 11 -9 -13 -14 15 16 -15 -17
right_child=3 4 -4 6 5 -7 -8 9 -10 -11 -12 12 13 14 -16 17 -18 -19
leaf_value=-5.8927653265360673 -15.772197591342453 6.2625812126443163 -40.730516126098578 -0.35062190430245038 8.1778013971207297 11.018783775685815 -8.1386104741535661 -1.272257920776338 0.032233379593813609 22.100050601987586 -5.4988576973061631 -0.37759059269143541 29.028869260150547 61.947063409574334 -0.41863840838410782 6.1655373560248412 14.312366239005902 -2.1764832817179647
leaf_weight=7565 3444 25623 473 23778 5965 3832 9875 117325 15670 724 11734 84080 1658 210 21695 14583 4102 7464
leaf_count=7565 3444 25623 473 23778 5965 3832 9875 117325 15670 724 11734 84080 1658 210 21695 14583 4102 7464
internal_value=-1.94854e-09 0.44321 -7.94281 -3.85544 0.657428 0.167897 -2.6359 0.0136322 3.89827 -0.171132 -0.232476 0.0136072 1.14121 3.71002 2.83645 5.51557 16.6322 3.34135
internal_weight=359800 322703 8038 37097 314665 273372 33653 269540 41293 263575 262851 251117 133792 49712 48054 26359 4312 22047
internal_count=359800 322703 8038 37097 314665 273372 33653 269540 41293 263575 262851 251117 133792 49712 48054 26359 4312 22047
is_linear=0
shrinkage=0.0229654


Tree=278
num_leaves=19
num_cat=0
split_feature=15 11 14 7 17 11 23 17 8 23 36 30 33 11 30 17 36 5
split_gain=1.12771e+09 1.46798e+09 1.03544e+09 8.46061e+08 8.88525e+08 7.60106e+08 1.0638e+09 1.28545e+09 7.48188e+08 7.42048e+08 1.14229e+09 1.14396e+09 7.43245e+08 7.00932e+08 6.89235e+08 6.43769e+08 7.53724e+08 7.24371e+08
threshold=15.731250000000003 1.0000000180025095e-35 47.312500000000007 0.82968937203783699 97.562500000000014 132.00000000000003 -0.12500000000000064 76.812500000000014 0.32075123873380501 3.2375000000000025 28472.500000000004 1083.7437500000003 0.57291666666666674 132.00000000000003 936.95625000000007 18.062500000000004 22322.500000000004 1.0000000180025095e-35
decision_type=2 2 2 2 2 2 2 2 2 2 2 2 2 2 2 2 2 2
left_child=3 -2 14 4 9 6 -4 -8 13 -1 11 15 -12 -6 -3 -11 17 -17
right_child=1 2 5 -5 8 -7 7 -9 -10 10 12 -13 -14 -15 -16 16 -18 -19
leaf_value=1.6683576897822676 -10.710002107304438 -11.58959032164319 -6.0749472523355248 -1.7326758905974569 12.439528735668723 2.6726986796854262 -4.5450084485796598 3.4572588771880888 1.2413507407657352 -11.860733013850577 -17.215718586931164 18.362126085749505 3.8785898166979558 -1.6995080888935816 -48.47796489044763 8.8076075836782088 -4.3220034444723856 -2.2859573781066436
leaf_weight=147113 9363 1790 22915 54486 9660 24335 18460 24824 10098 2821 3787 1625 1148 2287 314 6729 12282 5763
leaf_count=147113 9363 1790 22915 54486 9660 24335 18460 24824 10098 2821 3787 1625 1148 2287 314 6729 12282 5763
internal_value=9.73879e-10 -2.044 -1.16812 0.808732 1.48981 -0.797989 -2.07383 0.0444076 5.84324 0.960361 -2.08913 -0.363145 -12.3087 9.73291 -17.0948 -1.46583 -0.282168 3.68975
internal_weight=359800 102001 92638 257799 203313 90534 66199 43284 22045 181268 34155 29220 4935 11947 2104 27595 24774 12492
internal_count=359800 102001 92638 257799 203313 90534 66199 43284 22045 181268 34155 29220 4935 11947 2104 27595 24774 12492
is_linear=0
shrinkage=0.0229654


Tree=279
num_leaves=19
num_cat=0
split_feature=15 24 17 16 10 36 8 28 33 35 8 27 14 3 17 36 33 35
split_gain=1.09356e+09 9.3419e+08 1.01074e+09 1.29291e+09 8.52065e+08 9.81489e+08 8.98493e+08 8.81705e+08 8.34783e+08 9.89537e+08 1.88869e+09 1.36734e+09 1.63255e+09 1.11928e+09 1.08866e+09 1.04081e+09 8.68289e+08 7.76118e+08
threshold=10.943750000000003 1.6374999999999997 98.812500000000014 11.562500000000002 0.6830127018922193 27900.500000000004 -0.5 0.61666666666666814 0.55208333333333348 28882.500000000004 -0.32075123873380501 0.058649553571426878 59.812500000000007 4.5000000000000009 15.062500000000002 33223.500000000007 0.10763888888888891 24320.500000000004
decision_type=2 2 2 2 2 2 2 2 2 2 2 2 2 2 2 2 2 2
left_child=-1 2 4 -4 8 6 7 -6 9 11 13 -2 16 14 -11 -15 -13 -5
right_child=1 -3 3 17 5 -7 -8 -9 -10 10 -12 12 -14 15 -16 -17 -18 -19
leaf_value=1.5539732004840436 -3.694038685791305 -3.9105508809688931 -0.204518683573371 24.91104253070748 41.125016207041796 -0.53776439117541763 5.7150134535269972 -0.57312560009084568 8.3145379609117178 -61.377095154111252 -0.50596087318415772 -5.0022419427600315 5.151112265272487 -24.724370183213832 -9.2069480455370112 -80.60665684608125 20.883645662119228 7.8856716948158221
leaf_weight=143549 49985 46626 10346 1936 780 19914 10187 407 4223 217 12007 15956 28554 1401 7578 201 714 5219
leaf_count=143549 49985 46626 10346 1936 780 19914 10187 407 4223 217 12007 15956 28554 1401 7578 201 714 5219
internal_value=4.83233e-10 -1.03154 -0.240165 4.98641 -0.841452 2.53625 7.91833 26.8275 -1.71604 -2.07928 -6.54106 -1.07623 1.81718 -14.2524 -10.6593 -31.7358 -3.89351 12.4924
internal_weight=359800 216251 169625 17501 152124 31288 11374 1187 120836 116613 21404 95209 45224 9397 7795 1602 16670 7155
internal_count=359800 216251 169625 17501 152124 31288 11374 1187 120836 116613 21404 95209 45224 9397 7795 1602 16670 7155
is_linear=0
shrinkage=0.0229654


Tree=280
num_leaves=19
num_cat=0
split_feature=6 5 0 0 4 26 30 7 0 14 35 4 35 35 22 12 14 30
split_gain=1.06406e+09 1.10555e+09 9.69369e+08 9.42417e+08 1.0795e+09 1.28197e+09 1.2944e+09 9.399e+08 1.08988e+09 9.76152e+08 1.02491e+09 8.8434e+08 1.45252e+09 1.04278e+09 8.54805e+08 8.02394e+08 1.3696e+09 9.4943e+08
threshold=1.0000000180025095e-35 1.0000000180025095e-35 47.500000000000007 11.500000000000002 1.5000000000000002 3.1248697916666672 770.85625000000016 0.25881904510252096 11.500000000000002 62.062500000000007 20093.500000000004 7.5000000000000009 31664.000000000004 17545.500000000004 7.5425781250000012 23.881250000000005 47.312500000000007 90.068750000000009
decision_type=2 2 2 2 2 2 2 2 2 2 2 2 2 2 2 2 2 2
left_child=1 2 3 -1 5 -5 -7 9 -9 -3 14 13 -13 -2 -11 16 -6 -18
right_child=11 7 -4 4 15 6 -8 8 -10 10 -12 12 -14 -15 -16 -17 17 -19
leaf_value=-1.3580558157910902 -31.272278990728243 -4.7516029744296011 -8.804389485502357 18.501323815068847 -9.3258710236315654 52.497111986509907 3.0687310603359195 -0.36319346295548921 -7.7353394530684252 96.901064159619153 0.95712792593936169 -15.291749151221005 -87.022243430181675 -0.007892841963253093 13.773468497738346 11.495687144032454 -2.2112589107331919 2.432012242545333
leaf_weight=57112 632 16303 5192 4152 6293 285 14283 19224 23512 67 40928 2144 160 5128 2486 4076 28300 129523
leaf_count=57112 632 16303 5192 4152 6293 285 14283 19224 23512 67 40928 2144 160 5128 2486 4076 28300 129523
internal_value=7.87491e-10 0.189101 1.01489 1.22381 2.01272 7.24412 4.03572 -1.81832 -4.41912 0.040833 1.83773 -8.24822 -20.273 -3.43829 15.955 1.43046 1.18048 1.5994
internal_weight=359800 351736 249216 244024 186912 18720 14568 102520 42736 59784 43481 8064 2304 5760 2553 168192 164116 157823
internal_count=359800 351736 249216 244024 186912 18720 14568 102520 42736 59784 43481 8064 2304 5760 2553 168192 164116 157823
is_linear=0
shrinkage=0.0229654


Tree=281
num_leaves=19
num_cat=0
split_feature=7 14 7 1 14 8 8 17 17 11 26 28 4 10 24 22 23 5
split_gain=1.0157e+09 9.08691e+08 8.85763e+08 9.7589e+08 1.05339e+09 1.27406e+09 1.08897e+09 1.00627e+09 9.72721e+08 1.04178e+09 8.31853e+08 7.56731e+08 7.0836e+08 6.97523e+08 6.44027e+08 7.33612e+08 7.18668e+08 7.33287e+08
threshold=-0.97868534383143924 46.562500000000007 0.82968937203783699 22.500000000000004 76.687500000000014 -0.70710678118654757 -0.44134171618254459 25.687500000000004 62.562500000000007 84.000000000000014 19.946614583333339 1.4406250000000018 1.5000000000000002 -0.5 2.575000000000002 15.48871527777778 2.4750000000000028 1.0000000180025095e-35
decision_type=2 2 2 2 2 2 2 2 2 2 2 2 2 2 2 2 2 2
left_child=12 13 3 4 6 8 7 -3 -6 11 -8 -10 -1 -2 16 -16 17 -9
right_child=1 2 -4 -5 5 -7 10 14 9 -11 -12 -13 -14 -15 15 -17 -18 -19
leaf_value=17.004493701536465 -3.8867543249080425 -11.140704383511258 -2.4724849120924088 -5.21186333034942 -1.9012515354336315 0.83529317664799474 0.83618555833117936 -1.9514390104023656 15.127208907921162 3.4465047391678443 11.59090900685743 2.9757280332038722 3.3727116363923035 -19.110624213886677 -17.183637014754364 3.7681819240559284 0.79427374096812919 -12.333520601455767
leaf_weight=2232 6113 6770 67464 14983 6780 91458 51140 12764 10920 14707 4097 3592 20256 2144 2792 1288 35309 4991
leaf_count=2232 6113 6770 67464 14983 6780 91458 51140 12764 10920 14707 4097 3592 20256 2144 2792 1288 35309 4991
internal_value=-3.16449e-10 -0.315055 -0.126237 0.478858 0.824605 2.27582 -0.727775 -2.76881 5.93559 7.75405 1.63388 12.1195 4.72571 -7.83976 -1.77697 -10.5694 -1.10093 -4.86988
internal_weight=359800 337312 329055 261591 246608 127457 119151 63914 35999 29219 55237 14512 22488 8257 57144 4080 53064 17755
internal_count=359800 337312 329055 261591 246608 127457 119151 63914 35999 29219 55237 14512 22488 8257 57144 4080 53064 17755
is_linear=0
shrinkage=0.0229654


Tree=282
num_leaves=19
num_cat=0
split_feature=7 35 36 8 16 7 16 8 22 1 3 17 36 3 33 1 3 28
split_gain=9.69583e+08 9.07255e+08 8.99564e+08 1.40823e+09 1.53967e+09 1.21225e+09 1.48416e+09 2.39658e+09 1.41537e+09 1.13168e+09 1.10682e+09 1.05153e+09 1.01697e+09 1.29828e+09 1.25588e+09 9.37743e+08 1.01138e+09 9.64854e+08
threshold=-0.97868534383143924 15369.500000000002 27994.500000000004 0.94490267940017769 159.81250000000003 0.55438071450436044 309.56250000000006 -0.55438071450436044 8.6250434027777789 22.500000000000004 1.0000000180025095e-35 97.812500000000014 21368.500000000004 3.5000000000000004 0.23958333333333334 8.5000000000000018 4.5000000000000009 -1.0476205406911914
decision_type=2 2 2 2 2 2 2 2 2 2 2 2 2 2 2 2 2 2
left_child=-1 -2 5 4 10 6 7 8 -3 -9 -4 -10 13 -8 -14 16 -12 -17
right_child=1 2 3 -5 -6 -7 12 9 11 -11 15 -13 14 -15 -16 17 -18 -19
leaf_value=4.6171782408391913 -18.651803115397168 29.396685838521336 5.9686472436186948 -18.629939577215939 -7.3833101390498106 -1.4286846806703459 12.078573532511493 3.4469295142166412 6.0441154970091908 -3.7489080435126962 -5.2461782405273176 23.917517532737346 -5.0084577850282272 -1.1150494894534622 20.408861249844865 3.9259890018375403 -29.817708924124851 -2.289359127091541
leaf_weight=22488 1416 2195 12932 2616 19448 94408 5605 60935 9544 14216 10824 2122 27479 13191 1065 20088 962 38266
leaf_count=22488 1416 2195 12932 2616 19448 94408 5605 60935 9544 14216 10824 2122 27479 13191 1065 20088 962 38266
internal_value=-1.27963e-09 -0.307819 -0.230488 -1.99122 -1.56665 0.571713 1.95676 3.70408 12.4784 2.08572 -0.204907 9.29522 -1.32869 2.81931 -4.06012 -1.34315 -7.25176 -0.149764
internal_weight=359800 337312 335896 105136 102520 230760 136352 89012 13861 75151 83072 11666 47340 18796 28544 70140 11786 58354
internal_count=359800 337312 335896 105136 102520 230760 136352 89012 13861 75151 83072 11666 47340 18796 28544 70140 11786 58354
is_linear=0
shrinkage=0.0229654


Tree=283
num_leaves=19
num_cat=0
split_feature=6 7 8 4 22 0 0 27 4 33 30 13 4 28 23 13 26 22
split_gain=1.0154e+09 9.71351e+08 9.47822e+08 8.81091e+08 7.85501e+08 1.01244e+09 7.38303e+08 7.36126e+08 1.20926e+09 1.09999e+09 8.61848e+08 1.25072e+09 9.33811e+08 7.76428e+08 7.61125e+08 7.35844e+08 7.12533e+08 6.81783e+08
threshold=1.0000000180025095e-35 -0.89495246814786256 0.065263096110025676 11.500000000000002 14.821831597222225 20.500000000000004 47.500000000000007 3.9588541666666663 5.5000000000000009 0.28819444444444448 314.05625000000003 14.343750000000004 8.5000000000000018 1.5027141173389216 -3.3124999999999969 17.693750000000005 1.6664062500000003 8.8005642361111125
decision_type=2 2 2 2 2 2 2 2 2 2 2 2 2 2 2 2 2 2
left_child=1 16 4 -4 5 -2 7 10 -9 -10 11 -3 14 -12 -13 -14 -1 -7
right_child=2 6 3 -5 -6 17 -8 8 9 -11 13 12 15 -15 -16 -17 -18 -19
leaf_value=22.798945245205353 -28.156155823537585 -4.5939783244724408 5.4706761917882316 -22.456748967781365 -44.790601379631305 -16.245711794403721 -7.5099902415694508 -8.6884428125014956 4.5644678675695003 -16.316447711255517 1.8026729150525356 5.684382994307609 7.3000003089884267 -2.0150720544972835 -1.813767905697713 34.179406661204411 2.7334510633891385 8.2037585717900825
leaf_weight=951 1350 40911 3128 736 436 1138 7336 13114 9473 1548 150200 9355 3140 34560 30155 648 50345 1276
leaf_count=951 1350 40911 3128 736 436 1138 7336 13114 9473 1548 150200 9355 3140 34560 30155 648 50345 1276
internal_value=4.41009e-10 0.184727 -8.05742 0.151167 -15.6093 -12.2291 -0.313947 -0.13384 -3.97592 1.63155 0.210916 -1.71467 1.0059 1.08855 -0.0383895 11.8982 3.10545 -3.32213
internal_weight=359800 351736 8064 3864 4200 3764 300440 293104 24135 11021 268969 84209 43298 184760 39510 3788 51296 2414
internal_count=359800 351736 8064 3864 4200 3764 300440 293104 24135 11021 268969 84209 43298 184760 39510 3788 51296 2414
is_linear=0
shrinkage=0.0229654


Tree=284
num_leaves=19
num_cat=0
split_feature=15 14 3 27 30 32 7 29 36 14 8 8 3 14 3 29 22 35
split_gain=1.0734e+09 1.01639e+09 8.65777e+08 1.17858e+09 1.29199e+09 1.05392e+09 8.20772e+08 8.02519e+08 7.70655e+08 1.05282e+09 1.93276e+09 1.13962e+09 7.74013e+08 7.70737e+08 6.99627e+08 6.85252e+08 6.75277e+08 6.79302e+08
threshold=17.481250000000006 47.312500000000007 3.5000000000000004 -0.087797619047620831 1000.8062500000002 29.787500000000016 0.82968937203783699 380.89375000000013 22554.500000000004 76.062500000000014 -0.19467261866128607 0.55438071450436011 1.0000000180025095e-35 50.937500000000007 2.5000000000000004 279.3562500000001 2.863932291666667 23755.500000000004
decision_type=2 2 2 2 2 2 2 2 2 2 2 2 2 2 2 2 2 2
left_child=6 15 3 5 -5 -3 8 -6 -1 10 13 12 -11 -10 -7 -2 -14 -18
right_child=1 2 -4 4 7 14 -8 -9 9 11 -12 -13 16 -15 -16 -17 17 -19
leaf_value=3.4086874740658497 -13.597785424973321 -0.90231834371589459 -4.8881171380375248 6.1239007482506684 -11.718191297290737 -9.0291272601625412 -1.7949749098440653 1.7939619316402504 -16.073989846896289 11.235626958249163 1.6682499047662269 -0.95369375745099239 13.184641739168523 -4.5268669628757428 -29.54591003462922 -53.055139957241437 17.857079285737917 1.8120265055558653
leaf_weight=63530 1382 7835 31874 19178 4212 2918 58198 5156 3396 7379 42999 36557 3301 29806 1253 279 1443 39104
leaf_count=63530 1382 7835 31874 19178 4212 2918 58198 5156 3396 7379 42999 36557 3301 29806 1253 279 1443 39104
internal_value=7.82972e-10 -2.46331 -2.05596 0.17013 2.7092 -5.86687 0.63875 -4.28131 1.26129 0.429364 -1.54568 2.1438 4.35426 -5.70794 -15.1925 -20.2255 3.19622 2.38304
internal_weight=359800 74087 72426 40552 28546 12006 285713 9368 227515 163985 76201 87784 51227 33202 4171 1661 43848 40547
internal_count=359800 74087 72426 40552 28546 12006 285713 9368 227515 163985 76201 87784 51227 33202 4171 1661 43848 40547
is_linear=0
shrinkage=0.0229654


Tree=285
num_leaves=19
num_cat=0
split_feature=15 7 14 8 1 17 35 16 1 14 1 11 16 9 35 29 29 29
split_gain=1.0518e+09 1.01868e+09 1.05551e+09 1.73028e+09 1.2995e+09 9.40047e+08 8.98348e+08 1.86512e+09 1.52351e+09 1.50553e+09 1.4423e+09 1.20069e+09 1.19672e+09 8.58601e+08 8.37881e+08 1.08113e+09 8.3424e+08 7.4623e+08
threshold=6.918750000000002 0.75023006073889154 61.312500000000007 -0.065263096110025884 21.500000000000004 13.062500000000002 28882.500000000004 121.06250000000001 10.500000000000002 72.312500000000014 17.500000000000004 132.00000000000003 223.81250000000003 0.93301270189221952 23652.500000000004 399.4812500000001 746.06875000000002 124.14375000000003
decision_type=2 2 2 2 2 2 2 2 2 2 2 2 2 2 2 2 2 2
left_child=-1 2 3 5 6 13 8 16 -4 -10 12 -9 -11 -2 17 -16 -8 -7
right_child=1 -3 4 -5 -6 14 7 11 9 10 -12 -13 -14 -15 15 -17 -18 -19
leaf_value=3.4025996213276599 -16.059675291539534 -2.973528700723473 0.59301545283060531 2.6677670036281316 -3.962949954456767 -5.1710673017442303 1.3900869265606162 -11.488871000481975 2.6053144431478255 25.256548896334209 3.4610575282637539 1.5637438526921066 10.05893833466447 -69.190747273042717 -13.357844196189884 4.8064653042368066 26.680851521933782 4.6991789428012956
leaf_weight=42283 2205 66786 55466 19427 24666 12067 58993 10886 24585 4726 7508 5644 6479 173 8998 2139 696 6073
leaf_count=42283 2205 66786 55466 19427 24666 12067 58993 10886 24585 4726 7508 5644 6479 173 8998 2139 696 6073
internal_value=-9.43622e-11 -0.453116 0.218234 -2.72755 0.97194 -6.03872 1.66757 -0.20555 3.11312 6.34144 11.2499 -7.03219 16.4689 -19.925 -4.91082 -9.86916 1.68499 -1.86666
internal_weight=359800 317517 250731 51082 199649 31655 174983 76219 98764 43298 18713 16530 11205 2378 29277 11137 59689 18140
internal_count=359800 317517 250731 51082 199649 31655 174983 76219 98764 43298 18713 16530 11205 2378 29277 11137 59689 18140
is_linear=0
shrinkage=0.0229654


Tree=286
num_leaves=19
num_cat=0
split_feature=15 6 36 3 0 35 0 26 26 36 35 16 0 0 11 35 11 33
split_gain=1.04113e+09 9.96378e+08 9.81924e+08 9.18777e+08 3.19877e+09 1.17143e+09 1.07205e+09 9.17457e+08 9.41193e+08 1.3584e+09 1.06438e+09 9.8576e+08 1.09687e+09 1.06429e+09 9.72444e+08 1.44226e+09 8.97159e+08 8.87497e+08
threshold=20.406250000000004 1.0000000180025095e-35 25209.500000000004 1.0000000180025095e-35 11.500000000000002 17230.500000000004 41.500000000000007 20.375130208333339 14.413671875 27675.500000000004 37475.500000000007 144.06250000000003 45.500000000000007 18.500000000000004 108.00000000000001 32525.000000000004 36.000000000000007 0.71180555555555569
decision_type=2 2 2 2 2 2 2 2 2 2 2 2 2 2 2 2 2 2
left_child=1 3 -3 4 17 -5 -6 8 9 10 -7 12 13 -11 15 -13 -2 -1
right_child=16 2 -4 5 6 7 -8 -9 -10 11 -12 14 -14 -15 -16 -17 -18 -19
leaf_value=-5.6577516117943505 -11.184119587849624 0.73131123423475886 -15.998583641204267 -11.768245784153896 9.4041755155850453 2.5457156806874255 -1.1566760529171074 7.0789733780600281 -2.1967031393056105 -5.8863914378214375 60.226008727622414 -5.3504434693448406 -17.913232790629593 1.7871142990052868 -0.1935979440688195 -25.524826239576129 -1.952063789443792 -30.963125546209721
leaf_weight=8945 6797 3584 3825 4295 25572 105009 6323 10193 71068 11600 169 6087 1768 53493 7279 2697 30300 796
leaf_count=8945 6797 3584 3825 4295 25572 105009 6323 10193 71068 11600 169 6087 1768 53493 7279 2697 30300 796
internal_value=-1.93515e-09 0.418856 -7.90573 0.614473 3.79274 0.130911 7.31055 0.320643 0.0548425 0.905513 2.6384 -1.29242 -0.0651296 0.419645 -6.40091 -11.5447 -3.64358 -7.72562
internal_weight=359800 322703 7409 315294 41636 273658 31895 269363 259170 188102 105178 82924 66861 65093 16063 8784 37097 9741
internal_count=359800 322703 7409 315294 41636 273658 31895 269363 259170 188102 105178 82924 66861 65093 16063 8784 37097 9741
is_linear=0
shrinkage=0.0229654


Tree=287
num_leaves=19
num_cat=0
split_feature=6 5 13 30 8 27 36 4 7 16 36 35 29 9 13 7 36 7
split_gain=9.31774e+08 1.05845e+09 1.12581e+09 1.20923e+09 1.24841e+09 1.52316e+09 1.36852e+09 2.04037e+09 2.32494e+09 1.43596e+09 9.29793e+08 9.12946e+08 2.01107e+09 8.71589e+08 8.59596e+08 8.54687e+08 1.20515e+09 8.42074e+08
threshold=1.0000000180025095e-35 1.0000000180025095e-35 22.031250000000004 86.781250000000014 0.25881904510252057 4.1205543154761903 26661.500000000004 1.5000000000000002 0.89495246814786289 125.18750000000001 24051.500000000004 34388.000000000007 408.5437500000001 0.68301270189221941 16.168750000000006 0.25881904510252096 24825.500000000004 0.25881904510252096
decision_type=2 2 2 2 2 2 2 2 2 2 2 2 2 2 2 2 2 2
left_child=1 2 3 14 5 6 7 8 -5 -8 13 12 -11 -2 -1 -3 -17 -12
right_child=10 15 -4 4 -6 -7 9 -9 -10 11 17 -13 -14 -15 -16 16 -18 -19
leaf_value=-6.510205096438022 -5.204060232481349 -0.014363336918784353 9.893288953685266 76.304516501380775 -0.70523611642264605 -4.1516727778110267 4.3303791024001592 6.163797657292994 15.803789775952474 -4.4159947550751282 -8.1725307519195596 -12.755761825156249 14.443807317544062 22.049800649383208 0.44019805790120614 -2.4279609081689295 -12.353155062346435 -29.621163013855075
leaf_weight=18965 2416 59784 7264 454 85406 14105 43145 37268 1278 15030 3480 4003 3720 832 18578 34816 7920 1336
leaf_count=18965 2416 59784 7264 454 85406 14105 43145 37268 1278 15030 3480 4003 3720 832 18578 34816 7920 1336
internal_value=8.34626e-10 0.176956 0.984967 0.717517 1.41331 2.93374 3.88647 7.2962 31.6625 1.86852 -7.71848 -2.79975 -0.67421 1.77722 -3.07083 -1.78724 -4.26734 -14.1226
internal_weight=359800 351736 249216 241952 204409 119003 104898 39000 1732 65898 8064 22753 18750 3248 37543 102520 42736 4816
internal_count=359800 351736 249216 241952 204409 119003 104898 39000 1732 65898 8064 22753 18750 3248 37543 102520 42736 4816
is_linear=0
shrinkage=0.0229654


Tree=288
num_leaves=19
num_cat=0
split_feature=14 13 4 22 27 9 35 36 36 1 16 6 1 4 1 1 25 6
split_gain=8.99765e+08 8.90627e+08 9.4897e+08 9.09654e+08 1.08286e+09 9.25193e+08 8.44587e+08 8.08455e+08 8.00525e+08 1.06328e+09 1.0613e+09 1.01109e+09 9.79831e+08 1.79883e+09 1.32853e+09 1.20429e+09 1.29319e+09 1.19968e+09
threshold=48.687500000000007 20.031250000000004 5.5000000000000009 12.858897569444446 3.9588541666666663 -0.93301270189221908 26833.500000000004 24564.500000000004 27900.500000000004 21.500000000000004 144.06250000000003 1.0000000180025095e-35 7.5000000000000009 1.5000000000000002 21.500000000000004 22.500000000000004 15.334114583333337 1.0000000180025095e-35
decision_type=2 2 2 2 2 2 2 2 2 2 2 2 2 2 2 2 2 2
left_child=-1 3 -3 4 8 -5 -7 -8 12 10 11 -10 -2 14 17 16 -15 -14
right_child=1 2 -4 5 -6 6 7 -9 9 -11 -12 -13 13 15 -16 -17 -18 -19
leaf_value=-5.637411498407765 0.93454565642087262 -17.662255621134726 7.6923801185734355 3.4224804985638033 -4.7038550625335445 -1.7964323602188939 -26.532184551230753 -6.430891292369517 1.8386961587347352 -11.918664079126879 -4.9490479791522741 -16.128047566997331 50.818922998649768 6.9948882634055325 8.0271984699436629 -4.2937954309200084 -17.677039557911694 3.494410773868351
leaf_weight=14337 64802 831 12335 15987 17055 85120 1194 9081 75316 3908 16654 1689 1069 29967 1611 7296 1164 384
leaf_count=14337 64802 831 12335 15987 17055 85120 1194 9081 75316 3908 16654 1689 1069 29967 1611 7296 1164 384
internal_value=-5.68025e-10 0.233957 6.09207 0.00185194 0.855039 -1.69036 -2.54721 -8.76675 1.3201 -0.181994 0.307728 1.44462 2.69888 5.45447 22.3887 4.1042 6.0724 38.312
internal_weight=359800 345463 13166 332297 220915 111382 95395 10275 203860 97567 93659 77005 106293 41491 3064 38427 31131 1453
internal_count=359800 345463 13166 332297 220915 111382 95395 10275 203860 97567 93659 77005 106293 41491 3064 38427 31131 1453
is_linear=0
shrinkage=0.0229654


Tree=289
num_leaves=19
num_cat=0
split_feature=15 11 16 11 16 35 15 11 16 24 27 28 35 1 29 10 3 28
split_gain=1.00807e+09 1.11972e+09 9.90474e+08 8.76799e+08 1.02381e+09 8.19829e+08 7.45022e+08 6.89893e+08 1.08286e+09 8.73902e+08 8.17475e+08 8.07377e+08 7.62198e+08 6.29088e+08 6.25877e+08 6.25761e+08 7.19029e+08 6.1054e+08
threshold=13.068750000000003 1.0000000180025095e-35 244.31250000000003 84.000000000000014 268.31250000000006 35051.500000000007 8.1062500000000028 132.00000000000003 524.56250000000011 2.4250000000000016 -2.0459449404761907 7.6875113378684805 28274.500000000004 8.5000000000000018 746.06875000000002 -0.5 3.5000000000000004 1.2856433823529427
decision_type=2 2 2 2 2 2 2 2 2 2 2 2 2 2 2 2 2 2
left_child=3 2 -2 4 6 15 -1 8 9 10 -3 12 -10 -8 -5 16 -6 -17
right_child=1 7 -4 14 5 -7 13 -9 11 -11 -12 -13 -14 -15 -16 17 -18 -19
leaf_value=6.5804628623793224 -4.2944009361012059 -4.9212161792103322 -18.614532464835737 -0.63095968559406057 5.8993056014730758 -83.449369299029115 -0.51178331086615314 1.9396877501356005 -11.548214029070715 -6.4154082316479997 0.86677332657887485 30.064950505948314 -79.25484777321293 4.442391859771698 16.5662089029335 -2.9753807443777776 -5.8693131179144569 -19.613769460622898
leaf_weight=29409 13705 15784 3129 98082 6193 66 26251 38396 5961 13876 69702 244 89 27870 1129 3168 4908 1838
leaf_count=29409 13705 15784 3129 98082 6193 66 26251 38396 5961 13876 69702 244 89 27870 1129 3168 4908 1838
internal_value=-2.92834e-10 -1.35165 -6.95614 1.09324 2.6142 -2.67458 3.63821 -0.696702 -1.65478 -1.06963 -0.201912 -10.8924 -12.5442 2.0394 -0.43526 -2.3436 0.696136 -9.08432
internal_weight=359800 160886 16834 198914 99703 16173 83530 144052 105656 99362 85486 6294 6050 54121 99211 16107 11101 5006
internal_count=359800 160886 16834 198914 99703 16173 83530 144052 105656 99362 85486 6294 6050 54121 99211 16107 11101 5006
is_linear=0
shrinkage=0.0229654


Tree=290
num_leaves=19
num_cat=0
split_feature=6 5 13 14 8 30 36 4 0 16 36 21 26 35 36 9 7 36
split_gain=8.69744e+08 1.01466e+09 1.05672e+09 1.08705e+09 1.06791e+09 1.61273e+09 1.95709e+09 3.35997e+09 1.90332e+09 1.14374e+09 1.03847e+09 1.09566e+09 1.00548e+09 9.61794e+08 8.69257e+08 8.29782e+08 8.2374e+08 1.16844e+09
threshold=1.0000000180025095e-35 1.0000000180025095e-35 22.431250000000006 47.312500000000007 0.13052619222005152 86.781250000000014 27994.500000000004 1.5000000000000002 15.500000000000002 85.812500000000014 34381.500000000007 7.1243489583333348 8.0907552083333361 34552.000000000007 24051.500000000004 0.68301270189221941 0.25881904510252096 24825.500000000004
decision_type=2 2 2 2 2 2 2 2 2 2 2 2 2 2 2 2 2 2
left_child=1 2 3 -1 5 -5 7 8 -7 -8 -11 13 -9 -12 15 -2 -3 -18
right_child=14 16 -4 4 -6 6 9 12 -10 10 11 -13 -14 -15 -16 -17 17 -19
leaf_value=-8.7336594625598547 -5.0875523905783959 -0.011683529597880949 10.137286359414835 -3.8166894224941319 -0.67190952466179077 17.811714960866986 3.7817245671751141 15.519142481872063 65.771085363950547 0.6380711968582482 12.906582820783045 -17.241553083308702 4.5973561698906229 -8.0315600217766576 -13.649239543702752 21.504642662874673 -2.375805350793061 -12.148670500707709
leaf_weight=6252 2416 59784 6449 18621 111061 1040 32528 5023 752 18973 1648 4307 38678 3884 4816 832 34816 7920
leaf_count=6252 2416 59784 6449 18621 111061 1040 32528 5023 752 18973 1648 4307 38678 3884 4816 832 34816 7920
internal_value=9.84186e-10 0.170965 0.962083 0.718347 0.9682 2.42014 3.50723 7.11655 37.9375 0.830358 -2.50166 -8.55614 5.85271 -1.79402 -7.45714 1.72424 -1.75217 -4.18695
internal_weight=359800 351736 249216 242767 236515 125454 106833 45493 1792 61340 28812 9839 43701 5532 8064 3248 102520 42736
internal_count=359800 351736 249216 242767 236515 125454 106833 45493 1792 61340 28812 9839 43701 5532 8064 3248 102520 42736
is_linear=0
shrinkage=0.0229654


Tree=291
num_leaves=19
num_cat=0
split_feature=15 11 13 7 16 36 11 36 11 26 4 8 36 16 0 26 5 4
split_gain=9.75529e+08 1.18369e+09 1.00229e+09 7.53272e+08 7.70495e+08 1.63586e+09 1.03549e+09 1.03452e+09 1.08354e+09 1.01987e+09 1.02285e+09 1.00813e+09 1.37017e+09 1.17507e+09 7.4286e+08 8.7835e+08 7.21231e+08 6.88585e+08
threshold=17.206250000000008 84.000000000000014 -0.44374999999999981 0.82968937203783699 223.81250000000003 22322.500000000004 108.00000000000001 32952.500000000007 108.00000000000001 14.62486979166667 5.5000000000000009 0.55438071450436011 25622.500000000004 115.31250000000001 35.500000000000007 9.0048177083333361 1.0000000180025095e-35 4.5000000000000009
decision_type=2 2 2 2 2 2 2 2 2 2 2 2 2 2 2 2 2 2
left_child=3 2 -2 4 6 9 11 14 -9 -6 -11 12 16 -14 15 -7 17 -1
right_child=1 -3 -4 -5 5 7 -8 8 -10 10 -12 -13 13 -15 -16 -17 -18 -19
leaf_value=53.618961153492933 3.5850330353998205 0.55620137296542105 -6.6607087547082466 -1.711220247855409 10.061876219198894 4.3148503535135205 -0.3227914771524385 -37.458642801999083 -3.9172663600863085 -13.755748992924977 2.8483896796862016 1.4776818984609941 7.0447400210702256 -1.8174436690125575 3.8457178108112759 -6.2939835176659233 9.0233613320381849 20.035506142065657
leaf_weight=369 5940 39015 33076 57678 8763 4937 60445 963 1075 2347 11767 57973 26308 11272 6879 24753 3712 2528
leaf_count=369 5940 39015 33076 57678 8763 4937 60445 963 1075 2347 11767 57973 26308 11272 6879 24753 3712 2528
internal_value=-6.71272e-10 -2.27236 -5.10084 0.62929 1.23171 -0.958251 2.05976 -3.84183 -19.7663 3.90805 0.0873075 3.46941 6.08243 4.38656 -2.95436 -4.52989 15.7255 24.3131
internal_weight=359800 78031 39016 281769 224091 61484 162607 38607 2038 22877 14114 102162 44189 37580 36569 29690 6609 2897
internal_count=359800 78031 39016 281769 224091 61484 162607 38607 2038 22877 14114 102162 44189 37580 36569 29690 6609 2897
is_linear=0
shrinkage=0.0229654


Tree=292
num_leaves=19
num_cat=0
split_feature=28 14 8 36 35 24 36 27 3 3 0 10 0 30 16 8 6 16
split_gain=8.63059e+08 8.2034e+08 7.52216e+08 8.40765e+08 7.47135e+08 7.43948e+08 7.49195e+08 1.61033e+09 1.26315e+09 1.3597e+09 1.30452e+09 1.44087e+09 1.77363e+09 1.24106e+09 9.75605e+08 1.20201e+09 8.70453e+08 8.16709e+08
threshold=-5.0299502899751438 48.687500000000007 -0.065263096110025884 24825.500000000004 42681.500000000007 3.3499999999999996 27994.500000000004 -0.087797619047620831 3.5000000000000004 5.5000000000000009 23.500000000000004 -0.24999999999999994 43.500000000000007 382.94375000000008 139.68750000000003 0.75023006073889131 1.0000000180025095e-35 5.6875000000000009
decision_type=2 2 2 2 2 2 2 2 2 2 2 2 2 2 2 2 2 2
left_child=-1 2 3 -2 5 6 7 13 -9 -10 -11 -12 -13 -3 15 16 -8 -18
right_child=1 4 -4 -5 -6 -7 14 8 9 10 11 12 -14 -15 -16 -17 17 -19
leaf_value=6.0951165030138545 -5.9505456565391439 -3.0525774918792257 1.4631864308453018 -23.036085757340022 19.409747651889973 -4.360043514644004 1.3134813741210294 5.946968742262186 -2.3819337987187641 -3.0604924150133126 5.2759426732886148 36.432566822051228 -2.4245245117468777 1.6118351631892898 -5.6657282611394404 -7.1317151134556047 -40.399382795753112 -4.2416336875516354
leaf_weight=11849 7120 60240 5056 1931 1045 19768 67537 46907 28822 5171 6526 2044 889 60099 21981 11349 500 966
leaf_count=11849 7120 60240 5056 1931 1045 19768 67537 46907 28822 5171 6526 2044 889 60099 21981 11349 500 966
internal_value=-3.66654e-10 -0.207561 -5.63215 -9.59569 0.0216618 -0.0392174 0.233644 1.01663 3.33359 0.51242 6.21447 11.2849 24.6549 -0.723104 -1.37849 -0.205674 0.933459 -16.5737
internal_weight=359800 347951 14107 9051 333844 332799 313031 210698 90359 43452 14630 9459 2933 120339 102333 80352 69003 1466
internal_count=359800 347951 14107 9051 333844 332799 313031 210698 90359 43452 14630 9459 2933 120339 102333 80352 69003 1466
is_linear=0
shrinkage=0.0229654


Tree=293
num_leaves=19
num_cat=0
split_feature=35 33 5 3 7 0 13 30 24 13 16 8 3 6 0 35 14 0
split_gain=8.53671e+08 9.79269e+08 8.04969e+08 1.32556e+09 2.60766e+09 2.41997e+09 8.67503e+08 9.8073e+08 9.30893e+08 8.19847e+08 8.32218e+08 7.63787e+08 1.30728e+09 1.01871e+09 1.3972e+09 1.0734e+09 8.37012e+08 8.18436e+08
threshold=17230.500000000004 0.086805555555555566 1.0000000180025095e-35 5.5000000000000009 -0.13052619222005171 11.500000000000002 22.431250000000006 90.068750000000009 3.2125000000000012 16.168750000000006 280.43750000000006 0.25881904510252057 1.0000000180025095e-35 1.0000000180025095e-35 20.500000000000004 32374.500000000004 48.062500000000007 22.500000000000004
decision_type=2 2 2 2 2 2 2 2 2 2 2 2 2 2 2 2 2 2
left_child=1 -1 6 5 -5 -4 7 9 11 10 -2 12 17 16 -15 -16 -14 -9
right_child=2 -3 3 4 -6 -7 -8 8 -10 -11 -12 -13 13 14 15 -17 -18 -19
leaf_value=-5.272154677611006 -4.1057262622063311 -44.653971180040166 5.0950213127305641 7.0344304858959941 -3.6465061691781098 -6.8492836681707336 9.3723156760552975 13.849821315709418 -4.1888813898635506 0.61607663768841625 -17.607680499966097 0.0095284815455357053 -9.6133234693302452 -40.83884441950115 9.5483145068513053 -45.865057584859116 2.5666082066044313 4.4097967421848763
leaf_weight=9583 15784 345 11568 21896 26824 39472 6193 8185 15152 18989 2841 79779 3082 692 1042 224 86283 11866
leaf_count=9583 15784 345 11568 21896 26824 39472 6193 8185 15152 18989 2841 79779 3082 692 1042 224 86283 11866
internal_value=-1.97168e-09 -6.64068 0.188437 -1.55577 1.15378 -4.14216 0.884133 0.668622 1.29042 -2.74179 -6.16527 1.72474 2.95337 1.78752 -14.599 -0.256263 2.14655 8.2633
internal_weight=359800 9928 349872 99760 48720 51040 250112 243919 206305 37614 18625 191153 111374 91323 1958 1266 89365 20051
internal_count=359800 9928 349872 99760 48720 51040 250112 243919 206305 37614 18625 191153 111374 91323 1958 1266 89365 20051
is_linear=0
shrinkage=0.0229654


Tree=294
num_leaves=19
num_cat=0
split_feature=15 14 35 30 15 7 36 16 8 11 16 5 0 22 8 22 14 8
split_gain=9.43704e+08 8.63476e+08 8.53549e+08 9.17287e+08 7.88565e+08 8.12882e+08 9.83345e+08 1.88499e+09 1.21345e+09 9.75026e+08 1.09478e+09 9.31505e+08 8.7422e+08 1.11778e+09 1.70753e+09 8.12974e+08 7.75192e+08 2.03994e+09
threshold=20.406250000000004 57.312500000000007 17055.000000000004 752.30000000000007 6.918750000000002 0.55438071450436044 28558.500000000004 155.31250000000003 0.75023006073889131 132.00000000000003 472.68750000000006 1.0000000180025095e-35 47.500000000000007 8.6250434027777789 0.82968937203783688 2.863932291666667 77.312500000000014 0.19467261866128602
decision_type=2 2 2 2 2 2 2 2 2 2 2 2 2 2 2 2 2 2
left_child=2 -2 3 -1 -4 6 12 8 15 10 11 -9 13 14 -6 -8 -15 -18
right_child=1 -3 4 -5 5 -7 7 9 -10 -11 -12 -13 -14 16 -16 -17 17 -19
leaf_value=-5.0512031450452692 -14.421337099192248 -2.3480601825951872 3.5456117855772002 -38.017165608277978 17.905763788980476 -1.7900704218555501 13.30456081383096 -8.4920164845944281 -7.4090184690215635 0.033783590360421424 -48.161944802307232 -31.446095253092999 -6.3080206443653095 0.47424369336848632 2.9718552734105885 1.2829348581575679 16.249540977061297 1.2361182998350759
leaf_weight=7565 3444 33653 41293 473 6000 80948 3174 8143 8350 4602 441 1053 6036 72231 12349 45464 6483 18098
leaf_count=7565 3444 33653 41293 473 6000 80948 3174 8143 8350 4602 441 1053 6036 72231 12349 45464 6483 18098
internal_value=-3.39772e-10 -3.46892 0.398776 -6.9911 0.587548 0.140731 0.952971 -1.18854 0.678928 -8.66263 -12.8155 -11.1204 2.21153 2.65807 7.85514 2.06744 1.67306 5.19576
internal_weight=359800 37097 322703 8038 314665 273372 192424 71227 56988 14239 9637 9196 121197 115161 18349 48638 96812 24581
internal_count=359800 37097 322703 8038 314665 273372 192424 71227 56988 14239 9637 9196 121197 115161 18349 48638 96812 24581
is_linear=0
shrinkage=0.0229654


Tree=295
num_leaves=19
num_cat=0
split_feature=15 14 7 35 13 8 14 17 8 13 14 8 35 23 21 36 4 7
split_gain=9.12047e+08 7.31473e+08 8.55772e+08 1.50964e+09 7.9401e+08 8.36648e+08 6.23369e+08 6.0386e+08 8.49519e+08 5.64914e+08 5.56853e+08 6.59922e+08 7.50539e+08 6.03527e+08 5.29649e+08 5.24782e+08 1.36087e+09 6.4872e+08
threshold=12.843750000000004 56.187500000000007 -0.13052619222005171 23358.500000000004 26.381250000000005 -1.0000000180025095e-35 74.062500000000014 89.437500000000014 -0.70710678118654757 3.6062500000000011 84.187500000000014 -0.44134171618254459 29259.500000000004 2.0250000000000012 19.466145833333339 32663.500000000004 1.5000000000000002 -0.65793410509763395
decision_type=2 2 2 2 2 2 2 2 2 2 2 2 2 2 2 2 2 2
left_child=7 4 3 6 5 -2 -3 14 -9 -4 13 12 -12 -11 -1 16 17 -5
right_child=1 2 9 15 -6 -7 -8 8 -10 10 11 -13 -14 -15 -16 -17 -18 -19
leaf_value=-0.04784617551407782 -9.9752086284197166 6.1544203042639678 0.10215004253602075 31.788359538356506 23.237774872929336 1.1827824270280924 19.940771252174109 9.213604571216587 1.6811473042818428 -8.5315812331843421 12.866316646025918 -3.7600432469457936 -3.7099244926787383 -0.73571491738808481 4.8381235673145442 -3.0033200952715564 0.10652299848740959 8.5630999368536234
leaf_weight=135873 11613 9042 28191 983 485 5101 2139 10277 34095 18234 3171 15242 2640 7348 12804 24391 36383 1788
leaf_count=135873 11613 9042 28191 983 485 5101 2139 10277 34095 18234 3171 15242 2640 7348 12804 24391 36383 1788
internal_value=-2.37015e-09 -1.24409 -0.728274 1.01012 -5.72931 -6.56987 8.79184 1.07461 3.42574 -2.46434 -4.01579 -1.2495 5.33555 -6.29235 0.372931 -0.359109 1.2881 16.8022
internal_weight=359800 166751 149552 74726 17199 16714 11181 193049 44372 74826 46635 21053 5811 25582 148677 63545 39154 2771
internal_count=359800 166751 149552 74726 17199 16714 11181 193049 44372 74826 46635 21053 5811 25582 148677 63545 39154 2771
is_linear=0
shrinkage=0.0229654


Tree=296
num_leaves=19
num_cat=0
split_feature=15 35 29 7 17 16 11 11 16 35 8 17 9 35 18 32 5 29
split_gain=8.89495e+08 8.23694e+08 8.04565e+08 7.80316e+08 9.14858e+08 1.10973e+09 7.9219e+08 7.38295e+08 6.75564e+08 1.02367e+09 6.60043e+08 1.07322e+09 9.97867e+08 8.22953e+08 8.55448e+08 8.8799e+08 6.78743e+08 5.99055e+08
threshold=20.681250000000006 15369.500000000002 1.5750000000000031 0.82968937203783699 85.687500000000014 1.0000000180025095e-35 84.000000000000014 36.000000000000007 347.06250000000006 22652.500000000004 -0.19467261866128607 33.937500000000007 0.68301270189221941 23876.500000000004 0.014375000000000002 212.59375000000003 1.0000000180025095e-35 369.01250000000005
decision_type=2 2 2 2 2 2 2 2 2 2 2 2 2 2 2 2 2 2
left_child=1 -1 -2 4 10 -6 8 -4 9 -7 11 12 16 14 -13 -16 -3 -15
right_child=2 3 7 -5 5 6 -8 -9 -10 -11 -12 13 -14 17 15 -17 -18 -19
leaf_value=-17.540945395324265 -23.948499514978547 0.352203744064568 -10.154772424783047 -1.8419154759345771 0.036982745317956582 22.251515623649638 1.8615280977037962 -1.3080257952373069 -2.7773292972116117 7.487702863030969 1.2988715928379069 -1.2968120740553237 -16.197720788430697 -4.5635701247676961 12.439150770356598 -0.24541454857146208 -12.598060119763909 1.3352633119933719
leaf_weight=1348 985 7742 6061 63149 36732 2813 19243 27772 2750 20731 101147 11577 4414 23361 7360 4815 2947 14853
leaf_count=1348 985 7742 6061 63149 36732 2813 19243 27772 2750 20731 101147 11577 4414 23361 7360 4815 2947 14853
internal_value=-9.90998e-10 0.373756 -3.48854 0.448374 1.00361 3.00676 5.40231 -2.89287 7.99359 9.25166 0.078898 -1.52222 -7.01162 -0.184288 3.17267 7.42263 -3.21824 -2.27081
internal_weight=359800 324982 34818 323634 260485 82269 45537 33833 26294 23544 178216 77069 15103 61966 23752 12175 10689 38214
internal_count=359800 324982 34818 323634 260485 82269 45537 33833 26294 23544 178216 77069 15103 61966 23752 12175 10689 38214
is_linear=0
shrinkage=0.0229654


Tree=297
num_leaves=19
num_cat=0
split_feature=15 7 14 1 8 35 16 1 33 14 35 35 29 35 6 4 35 0
split_gain=8.8889e+08 7.79e+08 9.37253e+08 1.32715e+09 1.28636e+09 1.08786e+09 1.7088e+09 9.37867e+08 2.13329e+09 1.51843e+09 9.78981e+08 8.45855e+08 8.29877e+08 9.64651e+08 8.29363e+08 7.93652e+08 7.02213e+08 6.65714e+08
threshold=9.1812500000000039 0.55438071450436044 61.312500000000007 20.500000000000004 -0.065263096110025884 28882.500000000004 121.06250000000001 10.500000000000002 0.21180555555555561 74.312500000000014 23594.500000000004 23652.500000000004 506.48125000000005 35575.000000000007 1.0000000180025095e-35 3.5000000000000004 35051.500000000007 13.500000000000002
decision_type=2 2 2 2 2 2 2 2 2 2 2 2 2 2 2 2 2 2
left_child=-1 2 4 5 11 7 -7 -4 9 -9 -11 -2 15 -14 -3 -8 -17 -16
right_child=1 14 3 -5 -6 6 12 8 -10 10 -12 -13 13 -15 17 16 -18 -19
leaf_value=1.8744679580040238 -2.7921569719971515 -2.3717738727933608 1.0556037819197639 -3.4245571301891293 2.1073089157098095 1.9593492585709247 -17.635401764263726 1.9977412553703844 31.786556135217939 25.060550136879723 8.5903200443027146 -11.147834817137333 18.649626098098981 -8.3040518248475585 -6.4153949948011011 -3.0686127882614365 -37.569284586164422 -36.215090569394505
leaf_weight=97332 16762 69277 28483 29400 16828 42697 4545 21909 1700 2555 7463 10326 1254 1586 937 5733 329 684
leaf_count=97332 16762 69277 28483 29400 16828 42697 4545 21909 1700 2555 7463 10326 1254 1586 937 5733 329 684
internal_value=-1.02552e-09 -0.695116 0.0660125 0.94206 -2.87943 2.02768 -0.289093 4.12191 6.71915 5.3844 12.7909 -5.97736 -7.42836 3.59733 -2.75172 -10.3805 -4.94105 -18.9897
internal_weight=359800 262468 191570 147654 43916 118254 56144 62110 33627 31927 10018 27088 13447 2840 70898 10607 6062 1621
internal_count=359800 262468 191570 147654 43916 118254 56144 62110 33627 31927 10018 27088 13447 2840 70898 10607 6062 1621
is_linear=0
shrinkage=0.0229654


Tree=298
num_leaves=19
num_cat=0
split_feature=15 7 36 4 15 1 16 1 6 1 3 35 1 7 26 19 28 3
split_gain=8.61113e+08 8.7636e+08 7.80582e+08 1.10826e+09 1.21395e+09 1.07701e+09 1.05677e+09 9.693e+08 1.41718e+09 1.24951e+09 1.10292e+09 9.58299e+08 9.31906e+08 9.03923e+08 8.38185e+08 1.00668e+09 7.44129e+08 7.32207e+08
threshold=6.918750000000002 -0.89495246814786256 27994.500000000004 1.5000000000000002 21.393750000000008 7.5000000000000009 364.81250000000006 21.500000000000004 1.0000000180025095e-35 14.500000000000002 3.5000000000000004 34388.000000000007 21.500000000000004 0.44134171618254497 8.2282552083333353 5.5000000000000018 -1.0476205406911914 5.5000000000000009
decision_type=2 2 2 2 2 2 2 2 2 2 2 2 2 2 2 2 2 2
left_child=-1 17 3 5 13 -3 12 8 10 -10 -7 -8 16 -5 15 -6 -4 -2
right_child=1 2 6 4 14 7 11 -9 9 -11 -12 -13 -14 -15 -16 -17 -18 -19
leaf_value=3.0787483366874415 1.259466957013996 2.8371561090712074 1.6368836881191915 1.4826962454081183 36.215397305038671 67.444952488222683 -13.329323921307481 6.8663991728788023 -62.610078123009501 36.75784013064424 17.594231643897171 -69.312016395215835 -13.431136555378904 -1.9191857691859895 -11.076163294398714 -2.3427969959018982 -3.3666689523274331 9.2503625836937609
leaf_weight=42283 42358 8163 23089 91534 409 581 2584 1455 132 135 392 172 3799 74906 9111 2815 48827 7055
leaf_count=42283 42358 8163 23089 91534 409 581 2584 1455 132 135 392 172 3799 74906 9111 2815 48827 7055
internal_value=-7.04812e-10 -0.40999 -0.927955 -0.130825 -0.563497 6.99305 -2.8543 19.581 34.5002 -12.3679 47.3612 -16.8232 -2.34584 -0.0483142 -7.51502 2.54874 -1.76025 2.40038
internal_weight=359800 317517 268104 189633 178775 10858 78471 2695 1240 267 973 2756 75715 166440 12335 3224 71916 49413
internal_count=359800 317517 268104 189633 178775 10858 78471 2695 1240 267 973 2756 75715 166440 12335 3224 71916 49413
is_linear=0
shrinkage=0.0229654


Tree=299
num_leaves=19
num_cat=0
split_feature=15 11 14 11 23 16 25 24 35 22 6 0 22 29 14 27 35 30
split_gain=8.35557e+08 1.29707e+09 7.91614e+08 6.86843e+08 9.28208e+08 8.27993e+08 6.80852e+08 6.71242e+08 6.34679e+08 7.44249e+08 6.30618e+08 6.49618e+08 6.84866e+08 6.16441e+08 6.08727e+08 5.91106e+08 7.88144e+08 5.90272e+08
threshold=15.731250000000003 1.0000000180025095e-35 47.312500000000007 132.00000000000003 -0.12500000000000064 514.43750000000011 1.0000000180025095e-35 2.5250000000000021 20278.500000000004 17.931293402777779 1.0000000180025095e-35 16.500000000000004 14.030078125000001 585.88125000000002 75.562500000000014 1.3921875000000032 29595.000000000004 1350.5687500000001
decision_type=2 2 2 2 2 2 2 2 2 2 2 2 2 2 2 2 2 2
left_child=6 -2 -3 4 -4 7 -1 8 9 10 11 -6 -13 -5 15 17 -17 -10
right_child=1 2 3 13 5 -7 -8 -9 14 -11 -12 12 -14 -15 -16 16 -18 -19
leaf_value=11.624574654751049 -9.9053437264269029 -14.86187791293052 -5.5627131061863508 1.9808117997474719 -2.4763893255088587 -10.389250970959761 0.56867829652301205 -5.7066968858384168 -9.638830179794331 -19.941343421881431 -23.028288987889212 40.475932211533269 13.062123925666853 21.612955262713029 4.1219662600001952 7.2550511006672966 -13.381784644940044 12.509897392774942
leaf_weight=2972 9363 2104 22915 23460 545 3602 254827 6391 5838 332 197 905 1025 875 17937 4558 1242 712
leaf_count=2972 9363 2104 22915 23460 545 3602 254827 6391 5838 332 197 905 1025 875 17937 4558 1242 712
internal_value=-4.16402e-10 -1.75942 -0.936107 -0.612474 -1.82527 0.153375 0.696135 1.11035 2.41904 12.4876 16.5169 19.6646 25.9168 2.68671 1.4204 -2.50333 2.83592 -7.23121
internal_weight=359800 102001 92638 90534 66199 43284 257799 39682 33291 3004 2672 2475 1930 24335 30287 12350 5800 6550
internal_count=359800 102001 92638 90534 66199 43284 257799 39682 33291 3004 2672 2475 1930 24335 30287 12350 5800 6550
is_linear=0
shrinkage=0.0229654


Tree=300
num_leaves=19
num_cat=0
split_feature=15 29 6 36 13 14 8 24 36 8 29 0 4 35 19 17 16 35
split_gain=8.10839e+08 7.93841e+08 7.04052e+08 8.4939e+08 7.35486e+08 9.31217e+08 9.41083e+08 8.41345e+08 7.36896e+08 7.19484e+08 8.27721e+08 8.90976e+08 7.32923e+08 1.32088e+09 7.19432e+08 7.16215e+08 1.26748e+09 1.15314e+09
threshold=6.918750000000002 746.06875000000002 1.0000000180025095e-35 38074.500000000007 21.681250000000006 57.687500000000007 -0.065263096110025884 3.2125000000000012 21534.500000000004 -0.19467261866128607 27.531250000000011 20.500000000000004 11.500000000000002 29383.500000000004 0.45000000000000023 76.562500000000014 10.687500000000002 28274.500000000004
decision_type=2 2 2 2 2 2 2 2 2 2 2 2 2 2 2 2 2 2
left_child=-1 2 4 9 5 6 8 15 14 10 -4 -12 -11 -14 -2 -7 -17 -18
right_child=1 -3 3 -5 -6 7 -8 -9 -10 12 11 -13 13 -15 -16 16 17 -19
leaf_value=2.9875256715165683 -6.5468841273235094 17.294118647313329 -52.24929749704981 -82.983215019960738 6.0984100324266954 -0.87271861950514429 0.96798277345773853 -4.7840950094022956 -11.066958110521561 4.302577745975074 -31.045892605602919 -2.7620113645108528 -10.927682958974344 -114.71122785157209 8.7536586404354644 -0.55829698595369337 7.4560664259039546 0.6218049350393815
leaf_weight=42283 5304 1332 287 78 9171 133754 11223 18620 11541 3252 841 1948 636 72 2334 64845 27735 24544
leaf_count=42283 5304 1332 287 78 9171 133754 11223 18620 11541 3252 841 1948 636 72 2334 64845 27735 24544
internal_value=-6.71469e-10 -0.397842 -0.472373 -7.61533 -0.307961 -0.503869 -4.31398 -0.0740512 -7.40484 -6.77981 -15.1123 -11.2908 -0.307382 -21.4819 -1.87138 0.275525 1.5868 4.24751
internal_weight=359800 317517 316185 7114 309071 299900 30402 269498 19179 7036 3076 2789 3960 708 7638 250878 117124 52279
internal_count=359800 317517 316185 7114 309071 299900 30402 269498 19179 7036 3076 2789 3960 708 7638 250878 117124 52279
is_linear=0
shrinkage=0.0229654


Tree=301
num_leaves=19
num_cat=0
split_feature=3 3 7 0 36 35 8 14 6 13 14 8 3 36 35 29 36 25
split_gain=8.13869e+08 1.20179e+09 2.52416e+09 2.39202e+09 1.46598e+09 1.22828e+09 1.04186e+09 9.79882e+08 9.35562e+08 9.24481e+08 8.63303e+08 9.62239e+08 1.96932e+09 1.04335e+09 1.27266e+09 1.02446e+09 1.352e+09 1.12233e+09
threshold=4.5000000000000009 5.5000000000000009 -0.32075123873380551 11.500000000000002 19843.500000000004 18599.500000000004 -0.19467261866128607 68.062500000000014 1.0000000180025095e-35 23.881250000000005 47.312500000000007 0.13052619222005152 1.0000000180025095e-35 20158.000000000004 20459.500000000004 37.943750000000009 26315.500000000004 17.159114583333338
decision_type=2 2 2 2 2 2 2 2 2 2 2 2 2 2 2 2 2 2
left_child=8 3 -3 -2 -5 -6 7 -7 9 10 -1 12 13 14 -12 -14 17 -17
right_child=1 2 -4 4 5 6 -8 -9 -10 -11 11 -13 15 -15 -16 16 -18 -19
leaf_value=-7.3958210797320545 4.8739103651808255 7.0729732782981527 -3.367713292100047 2.8475545346002633 -82.245149715250662 -22.653955072490881 -4.4327772284973221 -9.5627167248280447 -7.0092665884675336 11.821322628110021 18.555930647435691 -0.56768429101359241 -3.7905375099036656 6.9189378633146204 82.032099684415542 7.95149468881608 0.071539319315719399 -7.4417835631634626
leaf_weight=6661 11792 20216 30848 6744 120 3935 15960 12905 8064 4050 1596 111697 19343 22260 186 23875 56758 2790
leaf_count=6661 11792 20216 30848 6744 120 3935 15960 12905 8064 4050 1596 111697 19343 22260 186 23875 56758 2790
internal_value=4.92031e-10 -1.73029 0.765706 -4.20728 -6.90709 -8.90543 -8.63711 -12.6217 0.689481 0.938593 0.758817 0.98656 2.35559 8.27256 25.1814 0.971327 2.07544 6.34087
internal_weight=359800 102520 51064 51456 39664 32920 32800 16840 257280 249216 245166 238505 126808 24042 1782 102766 83423 26665
internal_count=359800 102520 51064 51456 39664 32920 32800 16840 257280 249216 245166 238505 126808 24042 1782 102766 83423 26665
is_linear=0
shrinkage=0.0229654


Tree=302
num_leaves=19
num_cat=0
split_feature=7 15 11 11 16 23 17 26 24 10 11 16 15 10 7 16 9 16
split_gain=8.01709e+08 8.45724e+08 1.18105e+09 6.81231e+08 8.21058e+08 7.8364e+08 8.63856e+08 7.34848e+08 6.92535e+08 6.08743e+08 5.28477e+08 1.22604e+09 8.77881e+08 7.37024e+08 7.29208e+08 5.99907e+08 5.41971e+08 5.07554e+08
threshold=-0.97868534383143924 15.731250000000003 1.0000000180025095e-35 132.00000000000003 632.81250000000011 -0.15000000000000022 76.812500000000014 4.1878906250000014 2.2750000000000021 0.6830127018922193 84.000000000000014 268.31250000000006 8.1062500000000028 0.25000000000000017 0.55438071450436044 681.31250000000011 -0.5 421.56250000000006
decision_type=2 2 2 2 2 2 2 2 2 2 2 2 2 2 2 2 2 2
left_child=9 10 -3 4 5 -4 -7 -5 17 -1 11 12 -2 15 -14 -13 -12 -8
right_child=1 2 3 7 -6 6 8 -9 -10 -11 16 13 14 -15 -16 -17 -18 -19
leaf_value=2.1365884491765894 5.9469610731267908 -10.285188185896439 -5.6808872924961227 18.167332502334322 -20.71828222102976 -4.2832937423610558 5.8618660285606419 1.028674187059925 -4.8252347656219285 11.122610721372316 1.8983873856458719 -1.5900298446123571 3.0282587633001881 -26.450591464823344 -1.6665412987633845 -15.970167594050011 -1.5609509078576698 -8.7531664966993183
leaf_weight=17328 28473 8527 21686 1407 1286 16330 16536 21204 5119 5160 32595 17681 44698 723 28622 1675 89394 1356
leaf_count=17328 28473 8527 21686 1407 1286 16330 16536 21204 5119 5160 32595 17681 44698 723 28622 1675 89394 1356
internal_value=7.54513e-10 -0.279905 -2.1375 -1.31942 -2.55843 -2.17575 -0.243615 2.09515 2.62319 4.19848 0.431952 1.50156 2.52459 -3.6848 1.19555 -2.83444 -0.636629 4.75422
internal_weight=359800 337312 93451 84924 62313 61027 39341 22611 23011 22488 243861 121872 101793 20079 73320 19356 121989 17892
internal_count=359800 337312 93451 84924 62313 61027 39341 22611 23011 22488 243861 121872 101793 20079 73320 19356 121989 17892
is_linear=0
shrinkage=0.0229654


Tree=303
num_leaves=19
num_cat=0
split_feature=3 3 1 1 9 26 8 6 13 30 8 3 35 1 28 9 19 8
split_gain=7.75973e+08 1.14859e+09 2.28479e+09 2.26658e+09 9.15367e+08 1.00751e+09 1.14018e+09 8.92709e+08 9.10344e+08 1.04259e+09 1.06991e+09 1.83549e+09 1.02073e+09 9.06427e+08 8.95817e+08 1.03591e+09 8.77365e+08 8.5315e+08
threshold=4.5000000000000009 5.5000000000000009 10.500000000000002 5.5000000000000009 -0.93301270189221908 11.154817708333335 -0.065263096110025884 1.0000000180025095e-35 21.681250000000006 86.781250000000014 0.25881904510252057 1.0000000180025095e-35 16852.500000000004 10.500000000000002 1.1962073680823695 -0.24999999999999994 5.1250000000000018 0.19467261866128602
decision_type=2 2 2 2 2 2 2 2 2 2 2 2 2 2 2 2 2 2
left_child=7 3 -3 -2 5 6 -4 8 9 -1 11 13 -13 -11 -14 -16 -17 -7
right_child=1 2 4 -5 -6 17 -8 -9 -10 10 -12 12 14 -15 15 16 -18 -19
leaf_value=-2.8884275685847243 4.2373154391375811 -4.5312847937347813 -76.203158722709304 -6.8938701234460913 4.0929248960378981 40.898792079485091 32.367996686272491 -6.8471258036001554 8.5273894254684794 13.999634025004159 -0.65591588463963424 -35.494236086545989 2.9231858842205694 4.6251442376625507 5.843909137396877 -8.1919944915309895 1.3289607867405491 7.6955007312086963
leaf_weight=36915 12864 23400 113 38592 25792 951 93 8064 8022 9575 85385 395 68138 12596 6826 12929 8435 715
leaf_count=36915 12864 23400 113 38592 25792 951 93 8064 8022 9575 85385 395 68138 12596 6826 12929 8435 715
internal_value=3.95495e-10 -1.68953 0.750606 -4.11107 5.21837 20.7245 -27.188 0.673237 0.916577 0.663445 1.3053 2.71377 1.34762 8.67371 1.49869 -1.94445 -4.4329 26.6489
internal_weight=359800 102520 51064 51456 27664 1872 206 257280 249216 241194 204279 118894 96723 22171 96328 28190 21364 1666
internal_count=359800 102520 51064 51456 27664 1872 206 257280 249216 241194 204279 118894 96723 22171 96328 28190 21364 1666
is_linear=0
shrinkage=0.0229654


Tree=304
num_leaves=19
num_cat=0
split_feature=7 16 8 17 17 26 17 11 11 0 4 10 28 7 10 4 22 22
split_gain=7.61213e+08 7.07091e+08 1.13136e+09 1.91489e+09 1.02984e+09 9.98908e+08 8.47128e+08 6.96412e+08 6.94328e+08 6.43345e+08 6.39585e+08 6.27462e+08 9.60686e+08 6.30013e+08 5.61856e+08 5.35861e+08 9.12414e+08 7.83742e+08
threshold=-0.94490267940017747 271.43750000000006 -0.70710678118654757 56.812500000000007 27.812500000000004 19.608203125000003 98.687500000000014 108.00000000000001 1.0000000180025095e-35 47.500000000000007 1.5000000000000002 -0.5 2.6787500000000009 0.82968937203783699 -0.9330127018922193 3.5000000000000004 4.9657986111111123 7.9598958333333343
decision_type=2 2 2 2 2 2 2 2 2 2 2 2 2 2 2 2 2 2
left_child=10 2 3 -2 14 9 -5 -8 -6 11 -1 13 -13 -4 -3 16 -10 -17
right_child=1 4 5 6 8 -7 7 -9 15 -11 -12 12 -14 -15 -16 17 -18 -19
leaf_value=12.135310353828425 -6.7140268466804205 4.6760150287531284 -0.91321927538694769 3.8625347399355037 -9.3359280058123719 6.5703280964758637 17.205281707255846 2.8386483827143376 17.348820157556052 -7.6504660224389482 2.1018591119465677 0.99937386790630811 -4.3411610822410243 -5.8633781362367987 -12.21469117784563 17.884317941816807 -10.80782626185573 -0.12083667118569426
leaf_weight=3720 7984 1204 40162 28756 5170 9969 5250 2692 696 7130 33760 120089 20849 20472 7564 1319 4746 38268
leaf_count=3720 7984 1204 40162 28756 5170 9969 5250 2692 696 7130 33760 120089 20849 20472 7564 1319 4746 38268
internal_value=-6.3599e-10 -0.360208 0.148776 3.47871 -2.63338 -0.531644 5.69623 12.3356 -1.36498 -0.870881 3.09771 -0.631074 0.209347 -2.58455 -9.8953 -0.449797 -7.20676 0.479077
internal_weight=359800 322320 263353 44682 58967 218671 36698 7942 50199 208702 37480 201572 140938 60634 8768 45029 5442 39587
internal_count=359800 322320 263353 44682 58967 218671 36698 7942 50199 208702 37480 201572 140938 60634 8768 45029 5442 39587
is_linear=0
shrinkage=0.0229654


Tree=305
num_leaves=19
num_cat=0
split_feature=15 11 13 17 16 28 7 17 8 11 16 36 16 3 26 36 16 26
split_gain=7.81147e+08 1.03104e+09 9.09675e+08 8.74865e+08 1.18784e+09 6.5786e+08 6.63659e+08 8.68055e+08 1.15633e+09 8.56007e+08 8.53748e+08 1.07158e+09 1.32019e+09 9.21047e+08 7.17995e+08 6.87477e+08 1.18439e+09 7.60054e+08
threshold=17.481250000000006 84.000000000000014 -0.31874999999999992 93.062500000000014 4.5625000000000009 -5.0299502899751438 0.82968937203783699 63.312500000000007 -0.19467261866128607 108.00000000000001 1.0000000180025095e-35 22492.500000000004 271.43750000000006 3.5000000000000004 19.946614583333339 28558.500000000004 187.06250000000003 8.797005208333335
decision_type=2 2 2 2 2 2 2 2 2 2 2 2 2 2 2 2 2 2
left_child=5 2 -2 -4 -5 -1 7 8 9 15 -9 13 -13 -12 -10 17 -17 -7
right_child=1 -3 3 4 -6 6 -8 10 14 -11 11 12 -14 -15 -16 16 -18 -19
leaf_value=6.0189105694717657 3.4320695162192769 0.61297729911816001 -9.0829665837754252 -10.163017108573657 5.6443210011647267 13.209224964573583 -1.9181463896552704 -0.083175235321903573 0.50165582584604729 0.22503973895946969 17.984122057861146 4.2276098917066305 -4.1063360221376062 5.4037071839693667 9.7637057864732952 -5.4387104575798348 -26.746454438028159 -5.8074680963656427
leaf_weight=11128 5939 36973 20845 4283 6047 1198 55579 52511 51967 15424 4527 45512 12857 9532 4824 3592 2230 14832
leaf_count=11128 5939 36973 20845 4283 6047 1198 55579 52511 51967 15424 4527 45512 12857 9532 4824 3592 2230 14832
internal_value=1.77956e-09 -2.10138 -4.80542 -6.37471 -0.90968 0.544899 0.323056 0.891825 -0.774464 -3.9173 2.14638 3.76283 2.39188 9.4546 1.2884 -6.84112 -13.6002 -4.38626
internal_weight=359800 74087 37114 31175 10330 285713 274585 219006 94067 37276 124939 72428 58369 14059 56791 21852 5822 16030
internal_count=359800 74087 37114 31175 10330 285713 274585 219006 94067 37276 124939 72428 58369 14059 56791 21852 5822 16030
is_linear=0
shrinkage=0.0229654


Tree=306
num_leaves=19
num_cat=0
split_feature=5 6 8 29 30 0 4 35 0 36 4 8 26 27 0 16 35 29
split_gain=7.42821e+08 8.55662e+08 7.9695e+08 8.42398e+08 1.02837e+09 7.62116e+08 7.57967e+08 1.8507e+09 7.26952e+08 1.08814e+09 3.90832e+09 1.93409e+09 1.2166e+09 1.09791e+09 8.80108e+08 8.96801e+08 9.33997e+08 1.99704e+09
threshold=1.0000000180025095e-35 1.0000000180025095e-35 0.065263096110025676 133.06875000000005 961.20625000000018 47.500000000000007 11.500000000000002 28030.500000000004 11.500000000000002 27994.500000000004 1.5000000000000002 -0.44134171618254459 8.0907552083333361 1.4254464285714292 45.500000000000007 123.06250000000001 34388.000000000007 371.9812500000001
decision_type=2 2 2 2 2 2 2 2 2 2 2 2 2 2 2 2 2 2
left_child=1 5 3 -3 -5 8 -4 -8 -1 10 11 -10 13 -12 15 -11 17 -17
right_child=-2 2 6 4 -6 -7 7 -9 9 14 12 -13 -14 -15 -16 16 -18 -19
leaf_value=-1.1854140333098404 -1.6530444150773618 -32.652183366947888 5.7568617329965575 5.1152863148649326 -20.726691208199583 -7.8096078357971077 -4.7175063036331837 -106.10388981287718 62.292810509664839 1.6968481157519044 8.0000756856371265 18.634359516011113 1.9393134939158689 33.099049780368247 -17.33712598288556 -5.3200767732326186 -12.86386383427036 11.60238108138477
leaf_weight=57112 102520 950 3128 1592 1658 5192 624 112 752 65420 6307 1856 85049 1076 1520 15596 4523 4813
leaf_count=57112 102520 950 3128 1592 1658 5192 624 112 752 65420 6307 1856 85049 1076 1520 15596 4523 4813
internal_value=-4.45568e-10 0.658699 -6.70397 -13.6288 -8.0681 0.896936 0.823008 -20.1459 1.08218 1.77506 3.49787 31.223 2.71559 11.658 -0.00715714 0.284387 -3.42182 -1.3293
internal_weight=359800 257280 8064 4200 3250 249216 3864 736 244024 186912 95040 2608 92432 7383 91872 90352 24932 20409
internal_count=359800 257280 8064 4200 3250 249216 3864 736 244024 186912 95040 2608 92432 7383 91872 90352 24932 20409
is_linear=0
shrinkage=0.0229654


Tree=307
num_leaves=19
num_cat=0
split_feature=15 14 35 26 26 3 0 0 3 14 0 26 4 13 4 8 26 23
split_gain=7.58229e+08 7.67535e+08 7.40869e+08 6.45203e+08 6.131e+08 6.62386e+08 7.61231e+08 7.02808e+08 6.49941e+08 6.56551e+08 6.15114e+08 6.11848e+08 8.22521e+08 6.51523e+08 8.87427e+08 6.2368e+08 7.84804e+08 6.07808e+08
threshold=19.731250000000006 60.187500000000007 15369.500000000002 1.0000000180025095e-35 22.151953125000009 1.5000000000000002 13.500000000000002 45.500000000000007 1.0000000180025095e-35 63.562500000000007 3.5000000000000004 14.413671875 5.5000000000000009 14.831250000000002 8.5000000000000018 -0.19467261866128607 15.743619791666669 -1.0000000180025095e-35
decision_type=2 2 2 2 2 2 2 2 2 2 2 2 2 2 2 2 2 2
left_child=2 -2 -1 -4 5 6 -5 8 9 -8 -7 -12 15 -14 -15 16 -13 -3
right_child=1 17 3 4 -6 10 7 -9 -10 -11 11 12 13 14 -16 -17 -18 -19
leaf_value=-16.87097363902587 -10.692193501303565 -5.6028777665009297 11.953122153402996 -1.4964040277742787 7.9928798899316567 4.1443325922135603 0.17565700790061831 -4.3311885348166586 1.6307736638470169 8.4666688617120887 0.0518390192509178 -4.747746241942659 -5.0671089088250145 -0.84709905269286812 11.546394432879591 -3.3703476655382238 -23.190606252179109 0.4290727602398049
leaf_weight=1305 5674 13451 2559 24678 5473 14416 6576 5835 29114 21529 143356 2293 17274 28994 3405 5737 2593 25538
leaf_count=1305 5674 13451 2559 24678 5473 14416 6576 5835 29114 21529 143356 2293 17274 28994 3405 5737 2593 25538
internal_value=-1.70676e-09 -2.8004 0.396888 0.468693 0.374278 0.237926 1.92303 3.26133 4.03559 6.52674 -0.440018 -0.764533 -2.70549 -1.46507 0.455406 -8.50565 -14.5354 -1.65192
internal_weight=359800 44663 315137 313832 311273 305800 87732 63054 57219 28105 218068 203652 60296 49673 32399 10623 4886 38989
internal_count=359800 44663 315137 313832 311273 305800 87732 63054 57219 28105 218068 203652 60296 49673 32399 10623 4886 38989
is_linear=0
shrinkage=0.0229654


Tree=308
num_leaves=19
num_cat=0
split_feature=35 30 36 3 3 23 4 6 25 29 29 9 36 30 36 3 35 26
split_gain=7.14644e+08 8.68435e+08 7.41237e+08 9.97546e+08 1.98665e+09 1.04711e+09 9.71426e+08 8.38754e+08 7.89649e+08 7.52068e+08 7.37604e+08 7.35395e+08 6.99838e+08 6.87819e+08 6.95531e+08 6.75132e+08 8.0543e+08 7.15581e+08
threshold=17230.500000000004 752.30000000000007 22616.000000000004 4.5000000000000009 5.5000000000000009 2.4750000000000028 4.5000000000000009 1.0000000180025095e-35 8.0242187500000028 27.531250000000011 284.93125000000003 0.68301270189221941 34870.500000000007 907.98125000000016 38074.500000000007 1.0000000180025095e-35 37073.500000000007 6.7200520833333339
decision_type=2 2 2 2 2 2 2 2 2 2 2 2 2 2 2 2 2 2
left_child=1 -1 6 7 5 8 -2 15 -5 -9 -7 12 -6 -11 -15 16 -4 -17
right_child=2 -3 3 4 11 10 -8 9 -10 13 -12 -13 -14 14 -16 17 -18 -19
leaf_value=-4.3949238482842556 5.90027349741246 -33.52049657023877 2.8422231863203105 -1.8949180220804716 2.6382001494144305 -33.488313407623991 0.61482755950151657 -39.278019191299236 -10.06600669042407 4.4716727351833416 -11.084146485477945 -3.6876682774094816 18.186142137594032 -11.69061283505725 -83.050089478614538 2.4419993281010917 22.148490499028362 -1.1141428180293202
leaf_weight=9355 23280 573 30440 12721 14688 1261 86424 398 12239 1851 2011 9840 1704 2717 74 41273 1184 107767
leaf_count=9355 23280 573 30440 12721 14688 1261 86424 398 12239 1851 2011 9840 1704 2717 74 41273 1184 107767
internal_value=-4.37079e-10 -6.07592 0.172411 -0.542006 -3.275 -7.50291 1.73644 0.259538 -5.90157 -8.98109 -19.7185 1.27525 4.25446 -6.38346 -13.5826 0.517324 3.56505 -0.129356
internal_weight=359800 9928 349872 240168 54464 28232 109704 185704 24960 5040 3272 26232 16392 4642 2791 180664 31624 149040
internal_count=359800 9928 349872 240168 54464 28232 109704 185704 24960 5040 3272 26232 16392 4642 2791 180664 31624 149040
is_linear=0
shrinkage=0.0229654


Tree=309
num_leaves=19
num_cat=0
split_feature=15 11 26 11 15 36 7 14 1 35 14 35 15 12 3 13 14 7
split_gain=7.3966e+08 1.07019e+09 7.37837e+08 6.43093e+08 8.46321e+08 7.13974e+08 8.75968e+08 9.07095e+08 1.04515e+09 8.0974e+08 7.78953e+08 7.88834e+08 7.12254e+08 6.79653e+08 6.38365e+08 5.91707e+08 7.01443e+08 5.87413e+08
threshold=10.268750000000002 132.00000000000003 3.7464843750000001 1.0000000180025095e-35 16.481250000000006 32663.500000000004 -0.13052619222005171 64.562500000000014 19.500000000000004 25151.500000000004 82.187500000000014 26833.500000000004 22.243750000000006 8.9562500000000025 3.5000000000000004 7.4437500000000023 92.812500000000014 -0.94490267940017747
decision_type=2 2 2 2 2 2 2 2 2 2 2 2 2 2 2 2 2 2
left_child=1 -1 -2 4 -4 6 7 12 10 -7 11 -9 -5 -13 15 -11 -17 -16
right_child=2 -3 3 5 -6 9 -8 8 -10 14 -12 13 -14 -15 17 16 -18 -19
leaf_value=2.700943865899474 4.7224969965113663 -2.084691054793129 -1.8152782017711222 0.15365849588331404 -10.92406425072085 21.65659417599101 -1.58300474965238 9.5936872124748369 -0.32572300234416757 -0.27104099823446376 16.127249862933297 12.613985794758074 -11.240159611065986 -2.7364606744256594 -1.1999306574932189 -7.5338008763407309 -47.67887114685022 -13.02191951890744
leaf_weight=92110 12254 33648 18630 33192 7564 651 85938 10537 16332 18155 4246 1915 3170 7398 3337 3876 244 6603
leaf_count=92110 12254 33648 18630 33192 7564 651 85938 10537 16332 18155 4246 1915 3170 7398 3337 3876 244 6603
internal_value=2.87963e-10 1.42049 -0.763274 -1.06637 -4.44561 -0.61382 0.00974257 1.79223 4.15941 -3.70124 7.19939 5.28968 -0.839642 0.419999 -4.21367 -2.05411 -9.91132 -9.05311
internal_weight=359800 125758 234042 221788 26194 195594 162728 76790 40428 32866 24096 19850 36362 9313 32215 22275 4120 9940
internal_count=359800 125758 234042 221788 26194 195594 162728 76790 40428 32866 24096 19850 36362 9313 32215 22275 4120 9940
is_linear=0
shrinkage=0.0229654


Tree=310
num_leaves=19
num_cat=0
split_feature=7 36 30 7 4 15 27 3 36 3 8 4 6 36 36 36 3 15
split_gain=7.27576e+08 8.39827e+08 1.01396e+09 1.0985e+09 1.50327e+09 1.00647e+09 1.01755e+09 9.63639e+08 8.98081e+08 1.1189e+09 2.7856e+09 1.22303e+09 1.75345e+09 1.09133e+09 8.88931e+08 8.25856e+08 8.11967e+08 7.55558e+08
threshold=-0.97868534383143924 30729.500000000004 389.08125000000001 -0.32075123873380551 1.5000000000000002 22.856250000000006 1.0000000180025095e-35 5.5000000000000009 22616.000000000004 4.5000000000000009 -0.19467261866128607 1.5000000000000002 1.0000000180025095e-35 27900.500000000004 27819.500000000004 27016.500000000004 4.5000000000000009 16.743750000000002
decision_type=2 2 2 2 2 2 2 2 2 2 2 2 2 2 2 2 2 2
left_child=-1 2 5 4 -4 6 17 16 -5 10 11 12 14 -12 -10 -9 -6 -2
right_child=1 -3 3 8 7 -7 -8 15 9 -11 13 -13 -14 -15 -16 -17 -18 -19
leaf_value=3.9996611603868883 -1.8697373321816733 -2.5291430853930112 24.157586389118919 3.1319490468222408 4.3599914718698392 -13.008521691110255 1.4499976789113145 20.635679239542103 54.433703918164952 -5.8368253948458859 -2.0599452920699877 5.9402244860556968 -43.794592426837234 -16.010603438003567 16.138516810168721 3.3694298732146217 -5.090107630664666 -9.3627532729207008
leaf_weight=22488 56121 68864 2072 42418 20169 3709 54445 3066 695 19128 27765 17591 160 3310 592 2791 6291 8125
leaf_count=22488 56121 68864 2072 42418 20169 3709 54445 3066 695 19128 27765 17591 160 3310 592 2791 6291 8125
internal_value=-2.97596e-10 -0.26665 0.313739 1.60584 5.19475 -1.228 -0.85987 3.97895 0.50052 -1.11153 0.692102 7.60966 27.9048 -3.54592 36.8185 12.4079 2.11318 -2.81736
internal_weight=359800 337312 268448 146048 34389 122400 118691 32317 111659 69241 50113 19038 1447 31075 1287 5857 26460 64246
internal_count=359800 337312 268448 146048 34389 122400 118691 32317 111659 69241 50113 19038 1447 31075 1287 5857 26460 64246
is_linear=0
shrinkage=0.0229654


Tree=311
num_leaves=19
num_cat=0
split_feature=15 29 24 18 11 11 5 21 22 28 36 0 0 10 10 6 0 36
split_gain=7.13844e+08 7.05486e+08 6.39726e+08 7.33753e+08 7.11962e+08 6.03118e+08 5.62202e+08 7.36085e+08 7.65348e+08 9.18616e+08 6.75418e+08 1.06667e+09 1.14861e+09 1.15113e+09 1.59405e+09 8.92969e+08 1.21623e+09 1.03991e+09
threshold=6.8437500000000018 746.06875000000002 3.3499999999999996 0.70375000000000021 84.000000000000014 132.00000000000003 1.0000000180025095e-35 22.154166666666672 16.198654513888894 -1.0000000180025095e-35 31122.500000000004 13.500000000000002 45.500000000000007 0.6830127018922193 0.93301270189221952 1.0000000180025095e-35 24.500000000000004 26594.500000000004
decision_type=2 2 2 2 2 2 2 2 2 2 2 2 2 2 2 2 2 2
left_child=5 2 3 6 -4 -1 7 8 10 -10 11 -2 13 -13 15 17 -17 -15
right_child=1 -3 4 -5 -6 -7 -8 -9 9 -11 -12 12 -14 14 -16 16 -18 -19
leaf_value=4.5246239127711227 -1.1925900459262517 16.162993842020651 -9.2572579201523819 6.0546562179345402 -0.57491620851077474 -1.7944641581495091 -1.9790488625257741 12.443603515490871 -8.8297605348231407 -0.72292245734697991 -1.4409102214473308 3.608586366549329 -3.7487594284165668 47.396330415887142 -11.250229027907693 -51.134018652064348 17.491654285576512 18.269370147437073
leaf_weight=30131 41049 1356 8885 9668 11337 10829 82461 2585 9891 28945 49542 57311 10119 808 1041 206 402 3234
leaf_count=30131 41049 1356 8885 9668 11337 10829 82461 2585 9891 28945 49542 57311 10119 808 1041 206 402 3234
internal_value=8.30078e-10 -0.366639 -0.437238 -0.168362 -4.3897 2.85398 -0.37756 0.266219 0.110806 -2.78762 0.798376 1.77007 3.43327 4.5868 14.4379 20.1887 -5.75981 24.0919
internal_weight=359800 318840 317484 297262 20222 40960 287594 205133 202548 38836 163712 114170 73121 63002 5691 4650 608 4042
internal_count=359800 318840 317484 297262 20222 40960 287594 205133 202548 38836 163712 114170 73121 63002 5691 4650 608 4042
is_linear=0
shrinkage=0.0229654


Tree=312
num_leaves=19
num_cat=0
split_feature=7 36 16 8 4 8 6 15 7 3 26 12 3 3 7 16 1 18
split_gain=7.07572e+08 9.34149e+08 1.05172e+09 1.07923e+09 1.01671e+09 1.48814e+09 2.24988e+09 1.18104e+09 8.74331e+08 8.46402e+08 7.68252e+08 9.24551e+08 7.13932e+08 1.59592e+09 6.92801e+08 8.4616e+08 1.17641e+09 1.10969e+09
threshold=-0.89495246814786256 27994.500000000004 364.81250000000006 0.94490267940017769 1.5000000000000002 -0.65793410509763406 1.0000000180025095e-35 21.393750000000008 -0.32075123873380551 3.5000000000000004 8.2282552083333353 9.9812500000000028 5.5000000000000009 3.5000000000000004 0.44134171618254497 372.06250000000006 21.500000000000004 0.014375000000000002
decision_type=2 2 2 2 2 2 2 2 2 2 2 2 2 2 2 2 2 2
left_child=12 4 3 -3 5 6 9 14 -7 -2 11 -9 13 -1 15 16 -6 -17
right_child=1 2 -4 -5 7 8 -8 10 -10 -11 -12 -13 -14 -15 -16 17 -18 -19
leaf_value=4.4325172254670866 70.855541689797434 -1.4874245569104774 -15.700979644606733 -16.472938617501171 5.1723610733305305 31.304062868979795 -58.186470604626756 -1.9727276410947343 3.1992611487559866 16.341227705225865 -10.309431061706876 34.863993070157747 9.0510057194141371 -4.7394702306375827 -1.0029265062439934 -5.4409824626518093 -1.1572431060034754 3.2459230526868752
leaf_weight=30016 456 81511 3041 2616 47872 616 112 2812 11168 224 9111 412 7448 15008 93295 16737 22892 14453
leaf_count=30016 456 81511 3041 2616 47872 616 112 2812 11168 224 9111 412 7448 15008 93295 16737 22892 14453
internal_value=3.29832e-10 -0.420815 -2.43302 -1.95341 0.375877 6.71647 37.189 -0.00825371 4.66842 52.8979 -6.90009 2.73469 2.46471 1.37519 0.427143 1.73576 3.12475 -1.41559
internal_weight=359800 307328 87168 84127 220160 12576 792 207584 11784 680 12335 3224 52472 45024 195249 101954 70764 31190
internal_count=359800 307328 87168 84127 220160 12576 792 207584 11784 680 12335 3224 52472 45024 195249 101954 70764 31190
is_linear=0
shrinkage=0.0229654


Tree=313
num_leaves=19
num_cat=0
split_feature=15 26 28 25 17 8 23 36 16 3 36 16 8 33 28 33 8 3
split_gain=6.86968e+08 6.4217e+08 6.61318e+08 7.77383e+08 5.92885e+08 7.56401e+08 7.55456e+08 7.86096e+08 6.49675e+08 5.91894e+08 8.95969e+08 7.24495e+08 1.0811e+09 7.68734e+08 8.06965e+08 8.17355e+08 6.64245e+08 6.4298e+08
threshold=13.068750000000003 3.8569010416666676 7.6875113378684805 21.039843750000006 42.562500000000007 -0.065263096110025884 -0.25000000000000028 34693.000000000007 121.06250000000001 3.5000000000000004 20345.500000000004 191.93750000000003 -0.5 0.32986111111111116 -1.0000000180025095e-35 0.10069444444444446 -0.19467261866128607 1.5000000000000002
decision_type=2 2 2 2 2 2 2 2 2 2 2 2 2 2 2 2 2 2
left_child=-1 -2 3 4 5 -3 -6 9 -9 10 16 12 -12 14 -13 -16 -8 -17
right_child=1 2 -4 -5 6 -7 7 8 -10 -11 11 13 -14 -15 15 17 -18 -19
leaf_value=0.90248135393450302 5.2559419463569039 -8.9941343365833788 17.047847504274451 -16.410258070408442 -3.1514000930575436 -0.83281650794383189 26.195297476736254 -2.4153673197640084 -16.702266387562346 -0.76434901234820041 13.287294286538184 -6.8208970119271708 1.4596790079863367 32.932203320946279 5.6749669547624624 -34.291535744761177 2.6812210224247148 12.356407811353384
leaf_weight=198914 7931 11367 1013 1839 44815 12660 1537 11625 1962 30957 6445 7977 11088 347 7517 502 1078 226
leaf_count=198914 7931 11367 1013 1839 44815 12660 1537 11625 1962 30957 6445 7977 11088 347 7517 502 1078 226
internal_value=-2.31098e-09 -1.1158 -1.44618 -1.56948 -1.38766 -4.69388 -0.757577 0.562603 -4.47843 1.5747 3.54681 2.55339 5.80742 -0.889969 -1.61345 3.42473 16.5019 -19.8102
internal_weight=359800 160886 152955 151942 150103 24027 126076 81261 13587 67674 36717 34102 17533 16569 16222 8245 2615 728
internal_count=359800 160886 152955 151942 150103 24027 126076 81261 13587 67674 36717 34102 17533 16569 16222 8245 2615 728
is_linear=0
shrinkage=0.0229654


Tree=314
num_leaves=19
num_cat=0
split_feature=7 16 35 11 17 33 35 21 4 0 27 9 16 16 35 0 28 33
split_gain=6.83316e+08 1.0025e+09 1.12404e+09 1.75649e+09 1.11814e+09 1.10609e+09 1.08464e+09 1.18375e+09 1.04864e+09 1.0021e+09 6.93676e+08 6.90186e+08 6.87474e+08 6.79975e+08 1.03409e+09 6.23886e+08 6.07084e+08 7.67976e+08
threshold=0.82968937203783699 223.81250000000003 26833.500000000004 132.00000000000003 36.687500000000007 0.21875000000000003 32525.000000000004 6.6563802083333341 3.5000000000000004 45.500000000000007 1.7856026785714296 -0.93301270189221908 450.81250000000006 1.0000000180025095e-35 24442.500000000004 22.500000000000004 2.8525168918918911 0.10763888888888891
decision_type=2 2 2 2 2 2 2 2 2 2 2 2 2 2 2 2 2 2
left_child=1 9 4 6 -3 -6 7 10 -9 11 -4 13 -8 -1 15 -15 17 -10
right_child=-2 2 3 -5 5 -7 12 8 16 -11 -12 -13 -14 14 -16 -17 -18 -19
leaf_value=1.3422680835296055 -2.0833372814666391 -5.7604617211096647 0.6314203585075101 3.0039572664548131 0.87342312380003062 22.658891183021762 -28.316585698028994 -26.935342854453999 -14.027519771888715 -3.2515860792666578 37.836884807946319 1.5267780705637526 -105.65097811730979 17.619698778496179 7.7905543569353775 50.592335721516868 3.9486061203403033 19.777452254133035
leaf_weight=5266 67464 14817 972 6494 48670 1261 1150 2041 5468 22472 363 175217 64 732 4807 516 1647 379
leaf_count=5266 67464 14817 972 6494 48670 1261 1150 2041 5468 22472 363 175217 64 732 4807 516 1647 379
internal_value=-1.3039e-09 0.480783 -1.64917 -6.6287 -0.220399 1.42361 -11.8053 -9.50598 -12.3417 1.32993 10.748 1.88186 -32.3935 7.37751 12.6263 31.2526 -8.36716 -11.8363
internal_weight=359800 292336 83326 18578 64748 49931 12084 10870 9535 209010 1335 186538 1214 11321 6055 1248 7494 5847
internal_count=359800 292336 83326 18578 64748 49931 12084 10870 9535 209010 1335 186538 1214 11321 6055 1248 7494 5847
is_linear=0
shrinkage=0.0229654


Tree=315
num_leaves=19
num_cat=0
split_feature=15 28 35 26 14 8 16 17 17 30 35 30 21 35 27 27 16 4
split_gain=6.77443e+08 6.47754e+08 6.83125e+08 6.21501e+08 7.63218e+08 7.26266e+08 6.09273e+08 1.31589e+09 6.64213e+08 6.49126e+08 6.46628e+08 1.01896e+09 9.60054e+08 1.35014e+09 8.12882e+08 7.8593e+08 7.78654e+08 8.1748e+08
threshold=6.8437500000000018 -4.4133713942307677 42681.500000000007 22.151953125000009 51.312500000000007 -0.065263096110025884 0.18750000000000003 95.812500000000014 42.062500000000007 1717.5250000000001 26833.500000000004 55.706250000000004 7.8048177083333341 30882.500000000004 0.17576264880952366 0.71999627976190539 167.06250000000003 3.5000000000000004
decision_type=2 2 2 2 2 2 2 2 2 2 2 2 2 2 2 2 2 2
left_child=-1 -2 3 4 5 -3 9 8 -8 -6 11 -10 13 14 -12 -13 -14 -18
right_child=1 2 -4 -5 6 -7 7 -9 10 -11 12 15 16 -15 -16 -17 17 -19
leaf_value=2.7802662138424439 4.6756967906995293 -9.1303926731266358 19.881054895240752 8.3312453941912104 -1.204764431229048 0.68104223183520429 -3.5993022671759127 5.2805755069621796 -3.219959045632717 -7.9082852885508208 4.8645299885297817 0.71217443393135993 -1.2537710450956721 -0.90953899501516178 25.657152770215088 7.0240273726547482 -21.441180679088347 -5.7760352903330299
leaf_weight=40960 12940 10671 859 4030 121547 6345 27478 25468 14245 8128 2144 20626 18651 12198 1845 20995 2218 8452
leaf_count=40960 12940 10671 859 4030 121547 6345 27478 25468 14245 8128 2144 20626 18651 12198 1845 20995 2218 8452
internal_value=7.43191e-10 -0.357169 -0.570066 -0.627657 -0.7476 -5.47186 -0.464539 0.510545 -0.432267 -1.62494 0.426177 2.0816 -1.60603 2.88333 14.4816 3.89608 -4.08443 -9.03239
internal_weight=359800 318840 305900 305041 301011 17016 283995 154320 128852 129675 101374 55866 45508 16187 3989 41621 29321 10670
internal_count=359800 318840 305900 305041 301011 17016 283995 154320 128852 129675 101374 55866 45508 16187 3989 41621 29321 10670
is_linear=0
shrinkage=0.0229654


Tree=316
num_leaves=19
num_cat=0
split_feature=5 21 30 36 28 1 36 1 10 10 26 24 28 36 30 36 1 1
split_gain=6.46476e+08 7.08744e+08 7.59354e+08 9.69013e+08 1.19286e+09 1.32103e+09 1.03137e+09 7.908e+08 8.81397e+08 1.44803e+09 9.84562e+08 7.09095e+08 7.14437e+08 7.0762e+08 6.96026e+08 6.65126e+08 8.02461e+08 6.29472e+08
threshold=1.0000000180025095e-35 22.154166666666672 389.08125000000001 32663.500000000004 1.0541666666666691 5.5000000000000009 22260.500000000004 22.500000000000004 0.6830127018922193 0.93301270189221952 4.1878906250000014 -3.6499999999999972 -1.0000000180025095e-35 26879.500000000004 2284.7250000000004 27301.500000000004 20.500000000000004 20.500000000000004
decision_type=2 2 2 2 2 2 2 2 2 2 2 2 2 2 2 2 2 2
left_child=1 2 11 4 5 13 -7 8 -8 15 -11 -1 -13 -4 17 -10 -17 -5
right_child=-2 -3 3 14 -6 6 7 -9 9 10 -12 12 -14 -15 -16 16 -18 -19
leaf_value=-10.740332487405196 -1.5421216694942934 10.6055014655732 0.93464006094564223 -1.0204295894734297 -1.1921192454349563 16.860680008408455 4.3874948484696557 -4.4511149820002709 29.150712412708788 -27.335737755052911 6.1256142409850813 -3.9273250166526235 0.59907131559116844 -15.050821218402961 25.059079456143145 17.762679738042035 -1.8901526479909334 -14.319115964409949
leaf_weight=3943 102520 3691 27002 47163 31813 4389 34517 4072 1758 685 1436 26470 60257 1544 524 4625 1436 1955
leaf_count=3943 102520 3691 27002 47163 31813 4389 34517 4072 1758 685 1436 26470 60257 1544 524 4625 1436 1955
internal_value=-6.56919e-10 0.614499 0.46908 1.40659 2.57908 4.05179 6.19971 5.23552 6.12276 12.1485 -4.68109 -1.21548 -0.782433 0.0700162 -1.26887 16.7138 13.1064 -1.54975
internal_weight=359800 257280 253589 162919 113277 81464 52918 48529 44457 9940 2121 90670 86727 28546 49642 7819 6061 49118
internal_count=359800 257280 253589 162919 113277 81464 52918 48529 44457 9940 2121 90670 86727 28546 49642 7819 6061 49118
is_linear=0
shrinkage=0.0229654


Tree=317
num_leaves=19
num_cat=0
split_feature=7 15 11 13 17 8 30 11 15 7 14 8 10 8 17 11 24 32
split_gain=6.79312e+08 7.13444e+08 9.06784e+08 7.45513e+08 5.58988e+08 9.32537e+08 5.13351e+08 4.99917e+08 4.66544e+08 4.36446e+08 5.01054e+08 9.27648e+08 5.82287e+08 5.34922e+08 8.4969e+08 4.96756e+08 4.27087e+08 5.35556e+08
threshold=-0.89495246814786256 17.306250000000002 108.00000000000001 -0.44374999999999981 94.312500000000014 -0.5 2041.9937500000003 1.0000000180025095e-35 5.9687500000000009 0.82968937203783699 78.687500000000014 -0.70710678118654757 1.0000000180025095e-35 0.44134171618254503 17.062500000000004 84.000000000000014 2.6250000000000018 147.375
decision_type=2 2 2 2 2 2 2 2 2 2 2 2 2 2 2 2 2 2
left_child=6 8 3 -3 7 -6 -1 -5 -2 10 13 12 15 14 -10 -12 -16 -18
right_child=1 2 -4 4 5 -7 -8 -9 9 -11 11 -13 -14 -15 16 -17 17 -19
leaf_value=2.1657936115321363 3.2293276248146507 1.862226025479732 1.1129391815023295 -17.069489605966357 6.2104916306985318 -7.9172396103130724 23.120758574992568 -6.8921234166850969 -13.663105446755806 -2.0746649483232948 22.429028892613182 0.24748498133250832 3.961554819429193 1.1418711474024397 -0.98745416044031786 6.3532303177170144 -17.142534283271729 1.2561472855834015
leaf_weight=51848 23366 7432 22064 2932 4403 5596 624 19311 3301 49850 1854 61041 16531 40779 43206 2237 1986 1439
leaf_count=51848 23366 7432 22064 2932 4403 5596 624 19311 3301 49850 1854 61041 16531 40779 43206 2237 1986 1439
internal_value=-2.46771e-09 -0.412326 -2.61922 -4.6948 -6.20624 -1.69618 2.41499 -8.23367 0.142458 -0.182115 0.365205 1.67017 5.88129 -0.809593 -2.40334 13.6386 -1.60626 -9.4124
internal_weight=359800 307328 61738 39674 32242 9999 52472 22243 245590 222224 172374 81663 20622 90711 49932 4091 46631 3425
internal_count=359800 307328 61738 39674 32242 9999 52472 22243 245590 222224 172374 81663 20622 90711 49932 4091 46631 3425
is_linear=0
shrinkage=0.0229654


Tree=318
num_leaves=19
num_cat=0
split_feature=6 3 3 0 1 36 35 8 14 9 26 0 35 0 36 0 0 0
split_gain=6.67491e+08 7.52924e+08 1.00154e+09 2.12835e+09 2.09382e+09 1.38136e+09 1.15078e+09 9.79285e+08 8.82686e+08 8.18283e+08 9.40454e+08 1.11393e+09 7.75884e+08 7.66169e+08 7.52427e+08 6.77128e+08 6.61955e+08 6.50182e+08
threshold=1.0000000180025095e-35 4.5000000000000009 5.5000000000000009 11.500000000000002 10.500000000000002 19843.500000000004 18599.500000000004 -0.19467261866128607 68.062500000000014 -0.93301270189221908 11.027213541666669 34.500000000000007 28030.500000000004 37.500000000000007 24779.500000000004 47.500000000000007 24.500000000000004 11.500000000000002
decision_type=2 2 2 2 2 2 2 2 2 2 2 2 2 2 2 2 2 2
left_child=1 15 3 -3 -4 12 -7 8 -8 10 11 -6 -5 -12 -2 17 -16 -1
right_child=14 2 4 5 9 6 7 -9 -10 -11 13 -13 -14 -15 16 -17 -18 -19
leaf_value=-1.1386495803941898 1.1239121544360302 4.7980039303572646 -4.2846133637713617 3.9166342574040649 -80.473344523713294 -79.24275072843561 -21.379621352274402 -3.9187297963077516 -8.9546044576648054 3.9846136612163314 38.766242737121523 28.230247557561857 -76.427297817081126 7.3559577646397001 -25.562969039089396 -7.3754765786092467 -6.6412049473286876 1.661141757341007
leaf_weight=57112 3680 11792 23400 6680 102 120 3935 15960 12905 25792 957 97 64 716 1464 5192 2920 186912
leaf_count=57112 3680 11792 23400 6680 102 120 3935 15960 12905 25792 957 97 64 716 1464 5192 2920 186912
internal_value=6.55677e-10 0.149773 -1.50686 -3.76808 0.771726 -6.31475 -8.25456 -7.99484 -11.858 5.0487 19.7095 -27.4872 3.15418 25.3235 -6.5328 0.83126 -12.96 1.00587
internal_weight=359800 351736 102520 51456 51064 39664 32920 32800 16840 27664 1872 199 6744 1673 8064 249216 4384 244024
internal_count=359800 351736 102520 51456 51064 39664 32920 32800 16840 27664 1872 199 6744 1673 8064 249216 4384 244024
is_linear=0
shrinkage=0.0229654


Tree=319
num_leaves=19
num_cat=0
split_feature=35 30 26 30 28 9 31 22 3 21 24 30 35 13 3 26 28 35
split_gain=6.56602e+08 7.95828e+08 6.06383e+08 7.17693e+08 1.28111e+09 9.78758e+08 1.00502e+09 6.81376e+08 7.2512e+08 7.08986e+08 7.63947e+08 6.83808e+08 6.10506e+08 5.45764e+08 6.84056e+08 1.0706e+09 6.76536e+08 5.41986e+08
threshold=17055.000000000004 752.30000000000007 20.607161458333337 389.08125000000001 1.5027141173389216 -0.93301270189221908 104.41875000000003 10.023263888888891 1.0000000180025095e-35 9.3326822916666696 5.3750000000000036 1142.6125000000002 27702.500000000004 12.306250000000002 2.5000000000000004 14.13541666666667 -1.0000000180025095e-35 19836.500000000004
decision_type=2 2 2 2 2 2 2 2 2 2 2 2 2 2 2 2 2 2
left_child=1 -1 3 5 -5 6 -2 8 -6 10 -10 -11 13 -7 16 17 -15 -16
right_child=2 -3 -4 4 7 12 -8 -9 9 11 -12 -13 -14 14 15 -17 -18 -19
leaf_value=-4.5645597909756939 1.9620535892864728 -34.655960016229159 5.5616828198294881 1.6868744280912362 3.5965259372544871 -4.6696273084371516 21.959278352972685 1.2855192101645621 -0.96065857142586586 -7.4238933411330308 -16.003057836545199 -21.890496445076902 -8.5731593300786439 -4.6916308582608162 30.906290587565096 -3.7895355193267619 4.0630587685203681 5.8225664449250774
leaf_weight=8012 14294 492 10601 173516 5286 25548 1461 17644 15605 10214 2010 2073 7663 5996 556 35523 20822 2484
leaf_count=8012 14294 492 10601 173516 5286 25548 1461 17644 15605 10214 2010 2073 7663 5996 556 35523 20822 2484
internal_value=5.80295e-10 -6.3055 0.15264 -0.0156663 0.733511 -1.49865 3.81645 -2.39762 -4.24442 -5.63052 -2.67711 -9.86462 -2.348 -1.82338 -0.711193 -2.67014 2.10567 10.4102
internal_weight=359800 8504 351296 340695 226348 114347 15755 52832 35188 29902 17615 12287 98592 90929 65381 38563 26818 3040
internal_count=359800 8504 351296 340695 226348 114347 15755 52832 35188 29902 17615 12287 98592 90929 65381 38563 26818 3040
is_linear=0
shrinkage=0.0229654


Tree=320
num_leaves=19
num_cat=0
split_feature=7 36 4 15 0 0 0 26 19 7 14 1 36 1 36 3 22 22
split_gain=6.47926e+08 8.39157e+08 1.01757e+09 1.13518e+09 1.11683e+09 1.21159e+09 9.86855e+08 8.25553e+08 8.89724e+08 7.47934e+08 1.00355e+09 1.31394e+09 8.06589e+08 6.81324e+08 7.90786e+08 1.08454e+09 9.4663e+08 9.31381e+08
threshold=-0.97868534383143924 27900.500000000004 1.5000000000000002 22.243750000000006 17.500000000000004 45.500000000000007 45.500000000000007 8.2282552083333353 5.5000000000000018 0.44134171618254497 63.812500000000007 21.500000000000004 19594.500000000004 15.500000000000002 21368.500000000004 3.5000000000000004 7.8970052083333337 9.7901475694444482
decision_type=2 2 2 2 2 2 2 2 2 2 2 2 2 2 2 2 2 2
left_child=-1 2 4 9 -2 -6 -3 8 -5 10 13 12 -12 14 15 -4 -16 -18
right_child=1 6 3 7 5 -7 -8 -9 -10 -11 11 -13 -14 -15 16 -17 17 -19
leaf_value=3.7743909846841768 3.1820615276609963 -1.6239778999722236 10.29643241210646 36.487803030581588 34.692413836912834 4.6494595654931379 -17.539394460781502 -11.060508819011654 -1.6215786338944183 -0.98516864615359867 13.349625717931236 -1.5705033812882954 4.3317080817548748 2.6389672060605154 15.680631648377714 -4.0432003345153422 -25.630470570014484 -6.5272656196296026
leaf_weight=22488 9640 104488 4201 377 1408 1424 2096 7704 2260 93963 5902 20005 46014 16289 886 8234 1536 10885
leaf_count=22488 9640 104488 4201 377 1408 1424 2096 7704 2260 93963 5902 20005 46014 16289 886 8234 1536 10885
internal_value=1.67749e-09 -0.251632 0.526899 0.162321 6.9069 19.5861 -1.93696 -7.26419 3.82675 0.531691 1.78247 3.43002 5.3569 -1.03673 -3.36264 0.801255 -7.25367 -8.8896
internal_weight=359800 337312 230728 218256 12472 2832 106584 10341 2637 207915 113952 71921 51916 42031 25742 12435 13307 12421
internal_count=359800 337312 230728 218256 12472 2832 106584 10341 2637 207915 113952 71921 51916 42031 25742 12435 13307 12421
is_linear=0
shrinkage=0.0229654


Tree=321
num_leaves=19
num_cat=0
split_feature=36 16 11 35 3 33 3 26 24 16 3 7 36 7 7 3 17 7
split_gain=6.32902e+08 1.18027e+09 1.52573e+09 1.53425e+09 1.21917e+09 1.49749e+09 1.1914e+09 1.03366e+09 9.89779e+08 9.35273e+08 8.92666e+08 8.87068e+08 7.98531e+08 7.85657e+08 7.51225e+08 9.41996e+08 9.00207e+08 7.05284e+08
threshold=22616.000000000004 218.43750000000003 132.00000000000003 32525.000000000004 4.5000000000000009 0.24652777777777782 5.5000000000000009 11.926692708333336 3.2125000000000012 1.0000000180025095e-35 1.0000000180025095e-35 -0.82968937203783699 27900.500000000004 -0.44134171618254464 0.44134171618254497 4.5000000000000009 98.312500000000014 0.55438071450436044
decision_type=2 2 2 2 2 2 2 2 2 2 2 2 2 2 2 2 2 2
left_child=7 9 3 4 5 -3 -6 -1 -7 11 -11 -2 13 -13 16 -16 -12 -9
right_child=1 2 -4 -5 6 8 -8 17 -10 10 14 12 -14 -15 15 -17 -18 -19
leaf_value=4.4541285822623617 3.5672075394927734 -4.7648744965139986 2.317179588551078 -30.570631429547138 -27.191154474135249 25.896236704509054 -4.8349462352900199 1.8371219751966079 -37.632097344605008 6.9955476201092557 1.034143643379456 10.854284268574222 -5.5440784509614742 -1.439764934980835 -0.39594570415340186 -11.94306892602545 9.0177957979459844 -2.5355150869611034
leaf_weight=38750 15263 28938 15479 1322 2477 1271 2553 43272 144 14479 50588 2917 28499 45572 19594 4601 8735 35346
leaf_count=38750 15263 28938 15479 1322 2477 1271 2553 43272 144 14479 50588 2917 28499 45572 19594 4601 8735 35346
internal_value=2.64428e-09 -0.67018 -3.72976 -6.27983 -5.37227 -3.6369 -15.8442 1.3843 19.4312 0.169046 1.73134 -1.49056 -2.49327 -0.70018 0.818716 -2.59178 2.20969 -0.128779
internal_weight=359800 242432 52184 36705 35383 30353 5030 117368 1415 190248 97997 92251 76988 48489 83518 24195 59323 78618
internal_count=359800 242432 52184 36705 35383 30353 5030 117368 1415 190248 97997 92251 76988 48489 83518 24195 59323 78618
is_linear=0
shrinkage=0.0229654


Tree=322
num_leaves=19
num_cat=0
split_feature=6 8 5 13 14 8 14 36 4 7 36 36 0 25 7 36 14 36
split_gain=6.49327e+08 7.29513e+08 7.15085e+08 7.8745e+08 7.35574e+08 7.5456e+08 1.3233e+09 1.14647e+09 2.10896e+09 1.20811e+09 1.09888e+09 9.7502e+08 9.05136e+08 8.15115e+08 6.10776e+08 1.08605e+09 6.82469e+08 1.03679e+09
threshold=1.0000000180025095e-35 0.25881904510252057 1.0000000180025095e-35 21.681250000000006 47.312500000000007 0.13052619222005152 74.687500000000014 32952.500000000007 1.5000000000000002 0.89495246814786289 27819.500000000004 22322.500000000004 21.500000000000004 13.782552083333336 0.25881904510252096 27675.500000000004 62.062500000000007 21250.500000000004
decision_type=2 2 2 2 2 2 2 2 2 2 2 2 2 2 2 2 2 2
left_child=2 -2 3 4 -1 6 11 8 9 10 -8 13 -10 -6 16 -16 -4 -18
right_child=1 -3 14 -5 5 -7 7 -9 12 -11 -12 -13 -14 -15 15 -17 17 -19
leaf_value=-7.3423212411650702 -12.281129276437623 1.7296587519235038 -3.9752242876080093 7.8903364359543025 16.791324309374883 -0.60133766855173976 60.410217069139186 0.19025735637913502 2.7437258645212848 8.3007017479240321 23.463813118526364 -2.5196962643351428 10.231053079464667 1.6585857106752919 -2.4515868818223541 -15.619570377587872 9.5673182947193354 -0.03112760672648885
leaf_weight=6032 4704 3360 16303 8022 2533 110571 620 27518 32578 1614 1347 39600 11529 7252 39128 3608 7092 36389
leaf_count=6032 4704 3360 16303 8022 2533 110571 620 27518 32578 1614 1347 39600 11529 7252 39128 3608 7092 36389
internal_value=1.47258e-09 -6.4433 0.147721 0.811863 0.576436 0.779556 2.00506 3.92298 6.07692 23.0264 35.1093 -0.915652 4.70082 5.57593 -1.46674 -3.5633 0.031959 1.53443
internal_weight=359800 8064 351736 249216 241194 235162 124591 75206 47688 3581 1967 49385 44107 9785 102520 42736 59784 43481
internal_count=359800 8064 351736 249216 241194 235162 124591 75206 47688 3581 1967 49385 44107 9785 102520 42736 59784 43481
is_linear=0
shrinkage=0.0229654


Tree=323
num_leaves=19
num_cat=0
split_feature=15 11 24 11 22 15 27 9 35 9 7 22 0 35 25 0 29 35
split_gain=6.24425e+08 9.67281e+08 6.15493e+08 8.99263e+08 7.3033e+08 7.46503e+08 7.39787e+08 7.414e+08 7.04399e+08 9.89236e+08 9.37908e+08 6.16418e+08 7.32425e+08 6.76822e+08 7.15287e+08 5.66779e+08 7.90344e+08 6.84659e+08
threshold=9.1812500000000039 132.00000000000003 1.6374999999999997 84.000000000000014 12.858897569444446 22.856250000000006 -0.087797619047620831 -0.93301270189221908 28609.000000000004 0.93301270189221952 -0.13052619222005171 5.1339409722222227 42.500000000000007 23418.500000000004 12.098177083333335 32.500000000000007 441.51875000000013 34227.000000000007
decision_type=2 2 2 2 2 2 2 2 2 2 2 2 2 2 2 2 2 2
left_child=1 -1 4 -4 8 6 -6 -8 10 -10 11 12 -2 14 -13 16 -11 -18
right_child=2 -3 3 -5 5 -7 7 -9 9 15 -12 13 -14 -15 -16 -17 17 -19
leaf_value=2.9804035076372735 59.183585830281267 -2.14797007310754 -5.849084204179289 0.04539837026825598 -3.4051395051302307 -12.055351762989542 9.7397587036005167 -0.12452737540121681 0.51907741202495261 -23.027245260081898 0.84727738665177033 7.860038828192546 6.2044413966155343 3.4928601135584505 26.280263687266753 -2.6674629956405362 4.1873579415190001 -35.619257246052065
leaf_weight=70584 255 26748 25953 28796 40255 3517 4572 33197 49903 2286 45985 4133 299 15015 1521 5104 1405 272
leaf_count=70584 255 26748 25953 28796 40255 3517 4572 33197 49903 2286 45985 4133 299 15015 1521 5104 1405 272
internal_value=2.06698e-09 1.57106 -0.582604 -2.7488 -0.0116547 -1.7056 -1.23908 1.06956 1.08304 -0.748799 2.69034 6.68379 30.5901 6.04302 12.8153 -7.72695 -14.2431 -2.26905
internal_weight=359800 97332 262468 54749 207719 81541 78024 37769 126178 58970 67208 21223 554 20669 5654 9067 3963 1677
internal_count=359800 97332 262468 54749 207719 81541 78024 37769 126178 58970 67208 21223 554 20669 5654 9067 3963 1677
is_linear=0
shrinkage=0.0229654


Tree=324
num_leaves=19
num_cat=0
split_feature=14 36 4 15 0 16 3 3 16 0 3 16 0 14 36 0 3 36
split_gain=6.05208e+08 6.19169e+08 8.86134e+08 9.58916e+08 1.05634e+09 7.88201e+08 1.09863e+09 1.87217e+09 1.03623e+09 1.03458e+09 8.09745e+08 7.77668e+08 7.51598e+08 8.08626e+08 8.59497e+08 6.58235e+08 6.54118e+08 6.3961e+08
threshold=46.562500000000007 22616.000000000004 4.5000000000000009 22.856250000000006 19.500000000000004 179.93750000000003 4.5000000000000009 5.5000000000000009 1.0000000180025095e-35 26.500000000000004 1.0000000180025095e-35 556.68750000000011 47.500000000000007 77.062500000000014 20345.500000000004 18.500000000000004 3.5000000000000004 30729.500000000004
decision_type=2 2 2 2 2 2 2 2 2 2 2 2 2 2 2 2 2 2
left_child=-1 2 -2 4 -4 8 -7 -8 -3 -9 -10 12 13 16 -15 -12 -6 -17
right_child=1 5 3 -5 11 6 7 9 10 -11 15 -13 -14 14 -16 17 -18 -19
leaf_value=-5.4213526364447544 5.566574879456426 -1.4547495913993831 -0.88216954360211186 -14.2609598149922 12.057693067843053 -1.4815229019074714 -20.463958348595725 -17.395934702516076 7.3804996130098726 7.5300438628990731 -2.870224223789521 -2.4530572441754743 -4.3084803676441146 33.284013008978896 10.129487618360265 4.7849084205133092 2.3286638509993391 -0.066841580036241036
leaf_weight=10542 23160 92095 58277 2254 5651 48076 4598 1220 12777 3135 16845 6655 2968 1235 2681 27904 10266 29461
leaf_count=10542 23160 92095 58277 2254 5651 48076 4598 1220 12777 3135 16845 6655 2968 1235 2681 27904 10266 29461
internal_value=-1.62226e-09 0.163638 1.56046 0.529409 0.909397 -0.505736 -2.85706 -10.2435 0.243047 0.547336 2.04054 4.45391 6.46987 8.08284 17.4318 1.12114 5.78275 2.29319
internal_weight=359800 349258 113147 89987 87733 236111 57029 8953 179082 4355 86987 29456 22801 19833 3916 74210 15917 57365
internal_count=359800 349258 113147 89987 87733 236111 57029 8953 179082 4355 86987 29456 22801 19833 3916 74210 15917 57365
is_linear=0
shrinkage=0.0229654


Tree=325
num_leaves=19
num_cat=0
split_feature=7 36 16 35 0 7 10 22 35 16 35 15 36 16 3 35 10 1
split_gain=6.28373e+08 7.88885e+08 1.14425e+09 9.03636e+08 8.37942e+08 7.75617e+08 1.17455e+09 8.59403e+08 8.0662e+08 1.03492e+09 1.18166e+09 1.6442e+09 7.92182e+08 9.92675e+08 8.58107e+08 8.58098e+08 9.17068e+08 6.83068e+08
threshold=-0.97868534383143924 28384.500000000004 406.31250000000006 34388.000000000007 45.500000000000007 0.55438071450436044 0.6830127018922193 8.4378472222222261 18680.500000000004 121.06250000000001 28197.500000000004 17.206250000000008 21368.500000000004 286.56250000000006 4.5000000000000009 26555.000000000004 -0.24999999999999994 21.500000000000004
decision_type=2 2 2 2 2 2 2 2 2 2 2 2 2 2 2 2 2 2
left_child=-1 5 4 -4 -3 6 7 8 -2 -10 -11 -12 15 17 -15 -9 -17 -14
right_child=1 2 3 -5 -6 -7 -8 12 9 10 11 -13 13 14 -16 16 -18 -19
leaf_value=3.7170035577991549 -36.29856866530163 -1.3200543230152477 -14.548073849621412 -77.590283976930266 -18.331990017334114 -1.1338026934251972 7.8323092784550186 3.507097219071218 2.4835124730232465 25.279136031600721 16.016009045389168 -29.632437519976293 2.6641964657493511 -2.8982311517227037 -14.367520187640254 -51.152706500138741 6.7002365097179482 -3.1614312723874542
leaf_weight=22488 233 95011 2150 127 1552 95608 14096 34630 9690 2759 1348 602 34459 25138 3986 315 267 15341
leaf_count=22488 233 95011 2150 127 1552 95608 14096 34630 9690 2759 1348 602 34459 25138 3986 315 267 15341
internal_value=-1.29581e-09 -0.247806 -1.97292 -18.0643 -1.59348 0.467205 1.53864 0.84968 6.08964 6.77556 15.6076 1.92351 0.177928 -1.10003 -4.46795 3.04233 -24.6119 0.869599
internal_weight=359800 337312 98840 2277 96563 238472 142864 128768 14632 14399 4709 1950 114136 78924 29124 35212 582 49800
internal_count=359800 337312 98840 2277 96563 238472 142864 128768 14632 14399 4709 1950 114136 78924 29124 35212 582 49800
is_linear=0
shrinkage=0.0229654


Tree=326
num_leaves=19
num_cat=0
split_feature=6 3 3 7 8 4 13 30 4 35 8 14 8 3 35 26 4 29
split_gain=6.27269e+08 6.97168e+08 9.13587e+08 2.06904e+09 1.62388e+09 1.40118e+09 7.59395e+08 7.32807e+08 7.31623e+08 1.3074e+09 6.93039e+08 6.8807e+08 7.12076e+08 1.56477e+09 8.83406e+08 8.39914e+08 9.03398e+08 9.0249e+08
threshold=1.0000000180025095e-35 4.5000000000000009 5.5000000000000009 -0.32075123873380551 1.0000000180025095e-35 5.5000000000000009 23.881250000000005 217.03125000000003 8.5000000000000018 21182.500000000004 0.38268343236508956 47.312500000000007 0.25881904510252057 1.0000000180025095e-35 16852.500000000004 15.002213541666668 8.5000000000000018 30.40625
decision_type=2 2 2 2 2 2 2 2 2 2 2 2 2 2 2 2 2 2
left_child=1 6 4 8 5 7 11 -3 -4 -10 -2 -1 13 -13 -15 17 -17 -16
right_child=10 2 3 -5 -6 -7 -8 -9 9 -11 -12 12 -14 14 15 16 -18 -19
leaf_value=-6.6421136436026327 -11.547904104369206 -35.296602523127106 3.8268107209788331 -3.0149555458685873 0.47117557909933089 -2.4865593599541826 10.664270070009549 -11.808032999050164 59.993193713137721 10.945526457390065 2.3587307538419791 7.0067884569992351 -0.61200153538280377 -31.739740971321783 -19.68950814786751 -4.306971199258057 9.0781139428316173 2.2362620749463833
leaf_weight=6661 5040 745 14896 30848 25728 13248 4050 11735 304 5016 3024 25898 101864 440 1002 22890 3009 83402
leaf_count=6661 5040 745 14896 30848 25728 13248 4050 11735 304 5016 3024 25898 101864 440 1002 22890 3009 83402
internal_value=-9.53452e-10 0.14519 -1.44892 0.727313 -3.60857 -7.68832 0.800959 -13.2102 6.43772 13.7483 -6.33292 0.638023 0.841344 1.92479 0.736334 0.865881 -2.75186 1.97597
internal_weight=359800 351736 102520 51064 51456 25728 249216 12480 20216 5320 8064 245166 238505 136641 110743 110303 25899 84404
internal_count=359800 351736 102520 51064 51456 25728 249216 12480 20216 5320 8064 245166 238505 136641 110743 110303 25899 84404
is_linear=0
shrinkage=0.0229654


Tree=327
num_leaves=19
num_cat=0
split_feature=35 33 15 26 18 15 35 16 8 14 33 4 35 33 16 21 29 35
split_gain=6.12391e+08 7.89163e+08 6.827e+08 6.00449e+08 6.39267e+08 8.54707e+08 5.56767e+08 9.18138e+08 5.48519e+08 7.96292e+08 5.54812e+08 5.4725e+08 1.02355e+09 9.50552e+08 6.98394e+08 5.81052e+08 5.12801e+08 5.08387e+08
threshold=17230.500000000004 0.086805555555555566 9.1812500000000039 3.7464843750000001 0.32562500000000011 21.881250000000005 30270.500000000004 115.56250000000001 -0.65793410509763406 84.312500000000014 0.72569444444444453 3.5000000000000004 35774.500000000007 0.44097222222222227 394.31250000000006 9.1175781250000032 1.5750000000000031 36866.500000000007
decision_type=2 2 2 2 2 2 2 2 2 2 2 2 2 2 2 2 2 2
left_child=1 -1 -2 -4 5 6 -5 -8 9 -6 -10 13 -13 14 15 -9 -7 -11
right_child=2 -3 3 4 8 16 7 11 10 17 -12 12 -14 -15 -16 -17 -18 -19
leaf_value=-4.3959428893821038 1.8255365663996235 -39.749096860977659 4.0876615767631277 -0.13628234742836218 1.4864387392669558 -30.217477226565784 -1.2954788677610647 -12.657708218362687 1.1274559608898562 18.945633531268268 -16.270901315845155 0.048108052896398495 -41.251185943368355 0.87379548923805705 -59.963963013278097 -34.357306727919415 -5.6110211823001892 -4.5122224390841588
leaf_weight=9583 94642 345 14457 150772 5545 460 31583 2483 23041 3104 1009 3831 345 1484 227 882 15429 578
leaf_count=9583 94642 345 14457 150772 5545 460 31583 2483 23041 3104 1009 3831 345 1484 227 882 15429 578
internal_value=-2.1033e-09 -5.62447 0.159601 -0.458146 -0.731095 -1.20499 -0.780542 -3.15929 2.22381 6.98401 0.397521 -9.52169 -3.36383 -14.5877 -20.9755 -18.3454 -6.3234 15.2632
internal_weight=359800 9928 349872 255230 240773 207496 191607 40835 33277 9227 24050 9252 4176 5076 3592 3365 15889 3682
internal_count=359800 9928 349872 255230 240773 207496 191607 40835 33277 9227 24050 9252 4176 5076 3592 3365 15889 3682
is_linear=0
shrinkage=0.0229654


Tree=328
num_leaves=19
num_cat=0
split_feature=7 16 8 14 26 10 0 11 10 33 16 21 3 3 30 13 24 21
split_gain=6.04351e+08 6.90891e+08 9.24582e+08 9.25348e+08 8.87579e+08 8.09285e+08 9.74171e+08 7.32168e+08 1.0719e+09 1.35691e+09 1.14613e+09 7.56921e+08 6.24916e+08 1.43241e+09 6.10866e+08 5.85691e+08 5.7784e+08 5.67927e+08
threshold=-0.89495246814786256 271.43750000000006 -0.55438071450436044 79.187500000000014 19.462109375000001 1.0000000180025095e-35 21.500000000000004 132.00000000000003 -0.24999999999999994 0.21875000000000003 632.81250000000011 17.245963541666672 5.5000000000000009 3.5000000000000004 1827.9687500000002 0.25625000000000014 3.2125000000000012 2.5548177083333337
decision_type=2 2 2 2 2 2 2 2 2 2 2 2 2 2 2 2 2 2
left_child=12 2 3 -2 -4 6 -5 8 9 10 -3 16 13 -1 -7 -16 17 -10
right_child=1 7 4 5 -6 14 -8 -9 11 -11 -12 -13 -14 -15 15 -17 -18 -19
leaf_value=4.1549919213995139 -1.0350154871628747 -1.0033939277974544 -1.0431377702695308 7.7017021289463079 5.9852068157862419 2.1083366143120474 29.353169825378863 1.5777377868010152 -77.602744106841755 32.73187033465733 -12.664240359272672 29.626149121871286 8.4398741153862318 -4.5344494633624981 6.8026935598281604 32.045537919414322 -42.017634413700833 -10.943906609786159
leaf_weight=30016 23514 25194 180705 6709 10001 28149 1310 15067 68 569 5398 228 7448 15008 1608 694 342 7772
leaf_count=30016 23514 25194 180705 6709 10001 28149 1310 15067 68 569 5398 228 7448 15008 1608 694 342 7772
internal_value=1.13812e-09 -0.388912 0.117416 2.55408 -0.674557 4.74784 11.2387 -2.73058 -4.371 -2.40739 -3.06097 -11.6466 2.27785 1.25851 3.03852 14.4128 -12.7968 -11.5221
internal_weight=359800 307328 252690 61984 190706 38470 8019 54638 39571 31161 30592 8410 52472 45024 30451 2302 8182 7840
internal_count=359800 307328 252690 61984 190706 38470 8019 54638 39571 31161 30592 8410 52472 45024 30451 2302 8182 7840
is_linear=0
shrinkage=0.0229654


Tree=329
num_leaves=19
num_cat=0
split_feature=6 36 7 3 3 7 0 36 16 35 10 22 13 22 24 36 8 10
split_gain=6.00867e+08 6.98383e+08 7.00886e+08 6.6532e+08 8.53947e+08 1.95771e+09 1.95046e+09 1.24398e+09 1.32143e+09 9.64255e+08 8.25804e+08 1.45993e+09 7.36846e+08 7.5902e+08 9.22538e+08 7.69815e+08 1.35125e+09 1.2598e+09
threshold=1.0000000180025095e-35 25209.500000000004 0.25881904510252096 4.5000000000000009 5.5000000000000009 -0.32075123873380551 11.500000000000002 19843.500000000004 153.06250000000003 19705.500000000004 -0.24999999999999994 8.5501302083333357 21.681250000000006 15.821484375000002 1.6374999999999997 32663.500000000004 0.13052619222005152 0.6830127018922193
decision_type=2 2 2 2 2 2 2 2 2 2 2 2 2 2 2 2 2 2
left_child=3 -2 -3 12 6 -6 -5 -8 -9 -10 11 -11 13 14 15 16 17 -1
right_child=1 2 -4 4 5 -7 7 8 9 10 -12 -13 -14 -15 -16 -17 -18 -19
leaf_value=4.0673937561739111 0.76444915788233037 -6.9956051609175471 -28.207584415781742 4.6971419414501572 6.2434865586731521 -2.9513726248902588 3.0446852292053448 -4.6463031548007887 -53.532461157292367 42.185888069358107 -21.46730466311465 -10.513714253846418 7.6299702731429377 -2.0999469603210796 -1.9626317453938336 -0.76619810284627032 0.54473128398007253 13.808903143325001
leaf_weight=47204 3912 3024 1128 11792 20216 30848 6744 22480 324 291 3959 5866 8022 45969 39336 40165 60299 8221
leaf_count=47204 3912 3024 1128 11792 20216 30848 6744 22480 324 291 3959 5866 8022 45969 39336 40165 60299 8221
internal_value=1.02499e-09 -6.19821 -12.7584 0.142102 -1.41517 0.688829 -3.50314 -5.94107 -7.78189 -14.5336 -13.2845 -8.02296 0.782718 0.554981 1.18013 1.97315 2.92391 5.51232
internal_weight=359800 8064 4152 351736 102520 51064 51456 39664 32920 10440 10116 6157 249216 241194 195225 155889 115724 55425
internal_count=359800 8064 4152 351736 102520 51064 51456 39664 32920 10440 10116 6157 249216 241194 195225 155889 115724 55425
is_linear=0
shrinkage=0.0229654


Tree=330
num_leaves=19
num_cat=0
split_feature=36 26 7 5 21 36 15 7 14 36 36 7 30 8 14 36 4 36
split_gain=5.98919e+08 9.4947e+08 7.61751e+08 9.66556e+08 9.24051e+08 1.08867e+09 7.20371e+08 7.5147e+08 7.01715e+08 6.96194e+08 9.07831e+08 7.13267e+08 6.84726e+08 9.02438e+08 1.23952e+09 1.48987e+09 1.02169e+09 7.37838e+08
threshold=22616.000000000004 11.926692708333336 -0.60876142900872077 1.0000000180025095e-35 9.2808593750000021 34381.500000000007 22.856250000000006 0.55438071450436044 52.812500000000007 35400.000000000007 28730.500000000004 0.75023006073889154 55.706250000000004 -0.19467261866128607 74.062500000000014 29484.500000000004 1.5000000000000002 27900.500000000004
decision_type=2 2 2 2 2 2 2 2 2 2 2 2 2 2 2 2 2 2
left_child=1 -1 -2 12 9 -6 7 8 -3 10 11 -5 -4 14 -14 16 -16 -15
right_child=2 6 3 4 5 -7 -8 -9 -10 -11 -12 -13 13 17 15 -17 -18 -19
leaf_value=4.2887807929226049 0.97962880046966438 -4.1849020311703393 -6.3508780544234362 3.2495684738905912 -10.208215793786891 -70.435148901303194 -13.931406783683748 -2.242378846911631 3.6837952485496026 21.603946685297824 -10.72429087305381 -7.9136291341717673 -3.4531657112477743 -1.3005807582820137 29.19789276832585 0.18134109468703918 7.1729541101506795 -8.9165163482585914
leaf_weight=38750 93016 7227 10431 9900 9418 161 1938 34887 34566 608 6130 4343 18842 34878 1187 27905 17306 8307
leaf_count=38750 93016 7227 10431 9900 9418 161 1938 34887 34566 608 6130 4343 18842 34878 1187 27905 17306 8307
internal_value=-2.96966e-10 1.34663 -0.65194 -1.66764 -5.31034 -11.2205 -0.103528 0.245956 2.32311 -2.61202 -3.33471 -0.154333 -0.731039 -0.190384 1.51424 3.53147 8.58666 -2.76557
internal_weight=359800 117368 242432 149416 30560 9579 78618 76680 41793 20981 20373 14243 118856 108425 65240 46398 18493 43185
internal_count=359800 117368 242432 149416 30560 9579 78618 76680 41793 20981 20373 14243 118856 108425 65240 46398 18493 43185
is_linear=0
shrinkage=0.0229654


Tree=331
num_leaves=19
num_cat=0
split_feature=35 36 16 3 3 27 35 26 16 35 33 26 16 3 35 13 14 9
split_gain=5.85971e+08 6.04356e+08 9.49103e+08 9.354e+08 1.54785e+09 1.18955e+09 9.57933e+08 1.66571e+09 8.86906e+08 8.80024e+08 9.42968e+08 8.71045e+08 8.48199e+08 8.12733e+08 7.20448e+08 7.0864e+08 8.07086e+08 7.79727e+08
threshold=15369.500000000002 22616.000000000004 212.93750000000003 4.5000000000000009 5.5000000000000009 1.4596540178571458 34388.000000000007 7.323046875000002 413.93750000000006 28441.500000000004 0.24652777777777782 11.926692708333336 1.0000000180025095e-35 1.0000000180025095e-35 41867.500000000007 15.231250000000003 64.812500000000014 -0.93301270189221908
decision_type=2 2 2 2 2 2 2 2 2 2 2 2 2 2 2 2 2 2
left_child=-1 11 12 6 -5 -6 7 9 -8 10 -4 -2 14 -14 -3 -13 -17 -18
right_child=1 2 3 4 5 -7 8 -9 -10 -11 -12 15 13 -15 -16 16 17 -19
leaf_value=-14.744310990473204 4.2359794045995756 -1.6635874214916471 16.00417271564303 -20.551297128202567 -16.265105460484868 9.4810377203558645 -15.73741081725502 -2.8006457664509017 -83.685771217536086 5.0449590896641681 59.082577696538443 -1.6372756566871194 6.7345642487477004 0.7943648047588947 14.748052485720166 -1.3171783572386555 20.465101217332005 4.5650178061461073
leaf_weight=1416 38647 90818 915 4040 1536 2466 1161 40123 111 2354 379 49526 14247 82441 1433 12864 1850 13473
leaf_count=1416 38647 90818 915 4040 1536 2466 1161 40123 111 2354 379 49526 14247 82441 1433 12864 1850 13473
internal_value=1.19371e-09 0.0582558 -0.595656 -3.30882 -10.5235 -0.40054 -2.02071 -1.44978 -21.6669 13.4079 28.6214 1.41836 0.166646 1.66965 -1.40865 0.0171532 2.92407 6.48469
internal_weight=359800 358384 242024 53085 8042 4002 45043 43771 1272 3648 1294 116360 188939 96688 92251 77713 28187 15323
internal_count=359800 358384 242024 53085 8042 4002 45043 43771 1272 3648 1294 116360 188939 96688 92251 77713 28187 15323
is_linear=0
shrinkage=0.0229654


Tree=332
num_leaves=19
num_cat=0
split_feature=7 14 16 35 1 35 10 14 7 17 35 14 16 27 14 10 0 10
split_gain=5.96332e+08 8.52734e+08 1.24933e+09 1.3809e+09 7.18419e+08 1.40878e+09 1.82404e+09 8.23287e+08 8.08386e+08 7.03033e+08 6.14025e+08 7.31759e+08 6.24302e+08 6.0795e+08 5.64771e+08 5.42341e+08 5.17543e+08 5.15703e+08
threshold=0.82968937203783699 76.687500000000014 1.0000000180025095e-35 23755.500000000004 16.500000000000004 26833.500000000004 -0.68301270189221952 56.562500000000007 0.13052619222005182 98.687500000000014 31940.500000000004 84.812500000000014 82.437500000000014 3.9588541666666663 68.312500000000014 1.0000000180025095e-35 45.500000000000007 0.6830127018922193
decision_type=2 2 2 2 2 2 2 2 2 2 2 2 2 2 2 2 2 2
left_child=1 4 16 9 5 7 -7 -1 14 -4 11 17 -12 -8 -9 -15 -3 -5
right_child=-2 2 3 10 -6 6 13 8 -10 -11 12 -13 -14 15 -16 -17 -18 -19
leaf_value=-4.3998055117899968 -1.9462244637843735 0.64028841850114104 10.731199054145749 0.84548759977659294 1.260864042377253 -32.681671936221512 -3.9314352779268393 1.6820756877625498 -1.8006054040491013 31.887124373687467 3.3994911739260911 10.167069521003313 -3.7202813823047398 8.0918192291451483 9.0237618810526214 -20.667800892251417 -4.3274612388446752 11.734386897432996
leaf_weight=19168 67464 68889 6521 15349 56454 1363 19473 16759 23951 949 15375 10206 11247 414 8245 2100 13176 2697
leaf_count=19168 67464 68889 6521 15349 56454 1363 19473 16759 23951 949 15375 10206 11247 414 8245 2100 13176 2697
internal_value=-9.18295e-10 0.449141 1.7045 4.15524 -0.776359 -2.03366 -6.90168 -0.365089 1.21468 13.4189 2.89418 5.25238 0.3916 -5.30355 4.10298 -15.9317 -0.157312 2.47285
internal_weight=359800 292336 144409 62344 147927 91473 23350 68123 48955 7470 54874 28252 26622 21987 25004 2514 82065 18046
internal_count=359800 292336 144409 62344 147927 91473 23350 68123 48955 7470 54874 28252 26622 21987 25004 2514 82065 18046
is_linear=0
shrinkage=0.0229654


Tree=333
num_leaves=19
num_cat=0
split_feature=6 36 0 15 11 14 23 22 11 35 9 12 9 10 30 26 21 36
split_gain=5.87185e+08 6.68304e+08 6.66874e+08 5.93551e+08 7.81548e+08 7.66699e+08 8.77228e+08 7.5838e+08 5.47146e+08 5.30159e+08 8.83707e+08 6.30089e+08 5.14191e+08 5.00216e+08 1.92457e+09 1.07023e+09 7.11653e+08 1.84357e+09
threshold=1.0000000180025095e-35 25209.500000000004 24.500000000000004 19.731250000000006 132.00000000000003 72.312500000000014 -1.0000000180025095e-35 8.4953559027777796 1.0000000180025095e-35 33092.000000000007 0.25000000000000011 8.8312500000000025 0.68301270189221941 0.6830127018922193 1092.6062500000003 6.6522135416666677 7.8773437500000005 31254.500000000004
decision_type=2 2 2 2 2 2 2 2 2 2 2 2 2 2 2 2 2 2
left_child=3 12 -3 13 5 8 -7 -8 -5 11 -11 -4 -2 16 -15 -16 -1 -18
right_child=1 2 9 4 -6 6 7 -9 -10 10 -12 -13 -14 14 15 -17 17 -19
leaf_value=2.6933765376690544 -4.2214952184587888 -25.560744417833384 13.149607820434948 -22.577999424977751 3.5436969995684078 -7.7446780639193644 -5.2235564455506687 5.5132774058529534 -6.9810593046780873 -96.606142390118478 -2.0675846342767312 -11.1199218456645 14.815880924822313 8.1190362826142408 1.6480883739530621 -6.4826700590067237 0.0059630111634345079 -9.077302442956114
leaf_weight=42852 2904 1384 842 1344 9310 7900 5384 9758 10106 88 128 1710 1008 20470 34934 11300 185795 12583
leaf_count=42852 2904 1384 842 1344 9310 7900 5384 9758 10106 88 128 1710 1008 20470 34934 11300 185795 12583
internal_value=-2.28299e-09 -6.12723 -12.5446 0.140475 -2.36089 -3.95464 -1.54101 1.69561 -8.81183 -6.03652 -40.5833 -3.1125 0.683841 0.49628 2.25649 -0.339141 0.00955425 -0.570183
internal_weight=359800 8064 4152 351736 43802 34492 23042 15142 11450 2768 216 2552 3912 307934 66704 46234 241230 198378
internal_count=359800 8064 4152 351736 43802 34492 23042 15142 11450 2768 216 2552 3912 307934 66704 46234 241230 198378
is_linear=0
shrinkage=0.0229654


Tree=334
num_leaves=19
num_cat=0
split_feature=7 15 11 17 16 35 26 11 16 35 15 35 16 26 7 3 3 17
split_gain=5.76925e+08 6.02342e+08 9.90048e+08 6.05618e+08 7.20966e+08 5.81769e+08 5.11223e+08 4.84582e+08 9.12622e+08 9.15763e+08 7.16735e+08 6.02046e+08 6.90207e+08 6.60411e+08 5.30348e+08 4.61355e+08 8.57903e+08 4.02685e+08
threshold=-0.94490267940017747 15.806250000000004 36.000000000000007 93.062500000000014 9.1875000000000018 42681.500000000007 3.8569010416666676 84.000000000000014 268.31250000000006 34388.000000000007 8.1062500000000028 24772.500000000004 681.31250000000011 8.0907552083333361 0.55438071450436044 5.5000000000000009 3.5000000000000004 87.937500000000014
decision_type=2 2 2 2 2 2 2 2 2 2 2 2 2 2 2 2 2 2
left_child=5 7 3 -3 -5 15 -4 8 10 11 -2 12 -10 -13 17 16 -1 -12
right_child=1 2 6 4 -6 -7 -8 -9 9 -11 14 13 -14 -15 -16 -17 -18 -19
leaf_value=3.8571474372886643 5.3380925575837388 -9.7878674506732963 8.8566275429028032 -10.11271194568727 4.5691329874099322 20.195055333406717 -1.0653759632218407 -0.75299839517047507 1.506413095864471 -60.188258796985245 1.0610581237407668 7.8677017737514747 -14.25179889273077 -13.727882560337141 -1.4143296246514385 8.4851942921960131 -4.2217137381902647 5.8344963573953876
leaf_weight=20792 27837 11789 2860 2965 4355 976 64627 117875 12207 148 28401 917 1666 4025 28774 5312 10400 13874
leaf_count=20792 27837 11789 2860 2965 4355 976 64627 117875 12207 148 28401 917 1666 4025 28774 5312 10400 13874
internal_value=-2.15975e-10 -0.313588 -1.95156 -6.56627 -1.37782 2.69679 -0.644896 0.288139 1.32951 -3.28548 2.2145 -2.83788 -0.385981 -9.72077 0.990682 2.22894 1.1635 2.62763
internal_weight=359800 322320 86596 19109 7320 37480 67487 235724 117849 18963 98886 18815 13873 4942 71049 36504 31192 42275
internal_count=359800 322320 86596 19109 7320 37480 67487 235724 117849 18963 98886 18815 13873 4942 71049 36504 31192 42275
is_linear=0
shrinkage=0.0229654


Tree=335
num_leaves=19
num_cat=0
split_feature=7 17 36 26 27 28 27 1 7 17 0 35 22 22 15 13 35 35
split_gain=5.71958e+08 7.4815e+08 8.9672e+08 9.00482e+08 8.73427e+08 8.1626e+08 7.81814e+08 7.64231e+08 6.52515e+08 6.76625e+08 6.45311e+08 8.34333e+08 6.61612e+08 6.14573e+08 5.99082e+08 9.98982e+08 5.68466e+08 5.19298e+08
threshold=0.82968937203783699 98.562500000000014 28472.500000000004 8.6251302083333368 1.3921875000000032 0.61666666666666814 -0.29058779761904713 19.500000000000004 -0.79335334029123528 51.062500000000007 19.500000000000004 32229.500000000004 6.4070312500000011 15.645876736111111 22.431250000000009 1.6562500000000004 29259.500000000004 42681.500000000007
decision_type=2 2 2 2 2 2 2 2 2 2 2 2 2 2 2 2 2 2
left_child=1 2 3 4 -1 16 13 10 17 -10 -3 12 -12 -4 -5 -16 -6 -8
right_child=-2 7 6 14 5 -7 8 -9 9 -11 11 -13 -14 -15 15 -17 -18 -19
leaf_value=3.0543925205159033 -1.9060349138664632 0.46247657049210311 1.7164430371333668 0.55798047665376393 30.516374832161944 2.0484965275307223 -1.2145539172810078 -3.5802819170364848 -12.726889326217934 -4.0361117740141266 37.761098753432364 3.7199676386538227 12.103720952935188 -19.678904880899321 16.050323183037694 -9.3911140781735671 5.3289526698346652 19.545364521823767
leaf_weight=28065 67464 8495 28689 134999 1658 1609 25107 5929 5760 26288 577 9244 6516 726 932 6429 661 652
leaf_count=28065 67464 8495 28689 134999 1658 1609 25107 5929 5760 26288 577 9244 6516 726 932 6429 661 652
internal_value=1.24459e-09 0.439866 0.041457 0.992506 4.47398 14.6168 -1.85965 3.82772 -3.41063 -5.59811 5.59649 8.26611 14.1909 1.18838 0.210103 -6.16989 23.337 -0.689088
internal_weight=359800 292336 261575 174353 31993 3928 87222 30761 57807 32048 24832 16337 7093 29415 142360 7361 2319 25759
internal_count=359800 292336 261575 174353 31993 3928 87222 30761 57807 32048 24832 16337 7093 29415 142360 7361 2319 25759
is_linear=0
shrinkage=0.0229654


Tree=336
num_leaves=19
num_cat=0
split_feature=6 36 3 3 36 16 35 36 16 9 26 21 30 4 23 35 16 26
split_gain=5.64545e+08 6.39476e+08 6.35429e+08 7.75848e+08 1.52595e+09 1.90323e+09 7.81344e+08 7.73235e+08 8.93605e+08 6.82329e+08 1.63925e+09 6.85397e+08 1.17159e+09 7.54909e+08 7.489e+08 6.4765e+08 6.4578e+08 6.27457e+08
threshold=1.0000000180025095e-35 24779.500000000004 4.5000000000000009 5.5000000000000009 21132.500000000004 144.06250000000003 19705.500000000004 18535.500000000004 1.0000000180025095e-35 -0.93301270189221908 11.027213541666669 9.2282552083333353 795.59375000000011 2.5000000000000004 2.9875000000000016 24987.500000000004 191.93750000000003 11.993098958333336
decision_type=2 2 2 2 2 2 2 2 2 2 2 2 2 2 2 2 2 2
left_child=2 -2 -1 4 -4 -6 -7 17 -9 10 16 14 -13 -14 -11 -15 -10 -5
right_child=1 -3 3 7 5 6 -8 8 9 11 -12 12 13 15 -16 -17 -18 -19
leaf_value=0.7637994512343208 1.050719680462616 -11.933102484718528 2.3098357317960025 6.7367846155302118 -3.066053359858433 -56.609625531448614 -14.401747013777365 -1.6400487581153067 5.5665128778862085 5.5031476430152928 28.64935647596899 3.1964719236474815 -53.87802298224986 -31.879930803776727 22.28861186930278 1.8048288742488827 -72.951268616963475 -8.0391718299948653
leaf_weight=249216 3680 4384 16784 1877 26199 238 8235 19145 99 6920 1404 10323 261 486 1758 791 125 7875
leaf_count=249216 3680 4384 16784 1877 26199 238 8235 19145 99 6920 1404 10323 261 486 1758 791 125 7875
internal_value=1.81994e-09 -6.00795 0.13774 -1.38415 -3.37435 -6.12595 -15.5873 0.621333 1.99437 5.13331 19.4446 3.99894 0.410504 -18.2888 8.90357 -11.0149 -38.2492 -5.19519
internal_weight=359800 8064 351736 102520 51456 34672 8473 51064 41312 22167 1628 20539 11861 1538 8678 1277 224 9752
internal_count=359800 8064 351736 102520 51456 34672 8473 51064 41312 22167 1628 20539 11861 1538 8678 1277 224 9752
is_linear=0
shrinkage=0.0229654


Tree=337
num_leaves=19
num_cat=0
split_feature=0 7 16 35 17 0 10 10 26 30 27 26 3 24 35 10 30 25
split_gain=5.56598e+08 6.38494e+08 9.30781e+08 9.04136e+08 8.71937e+08 7.23575e+08 1.39129e+09 6.07388e+08 5.98524e+08 9.34604e+08 6.97665e+08 9.8749e+08 6.59011e+08 6.39102e+08 6.36692e+08 5.98395e+08 1.13259e+09 9.05407e+08
threshold=47.500000000000007 0.75023006073889154 223.81250000000003 27194.500000000004 36.687500000000007 34.500000000000007 -0.5 -0.9330127018922193 14.413671875 565.45625000000007 1.2241443452380969 8.2282552083333353 2.5000000000000004 2.174999999999998 20822.500000000004 1.0000000180025095e-35 977.13125000000014 9.3127604166666682
decision_type=2 2 2 2 2 2 2 2 2 2 2 2 2 2 2 2 2 2
left_child=1 2 -1 4 -4 6 7 -5 10 12 14 -12 -10 -13 -6 16 17 -8
right_child=-2 -3 3 5 8 -7 15 -9 9 -11 11 13 -14 -15 -16 -17 -18 -19
leaf_value=1.568153393357113 -6.1890218251830218 -1.6368177563609307 -5.0293379792432162 -72.265269343914611 8.9311569412649625 1.3008041200331177 -50.551338488372707 -26.072746884615082 3.6574900235185863 -49.257079663217667 26.940411599816233 7.8362356858618174 -3.540284858498179 -7.471612166619142 -3.7132067481548159 -9.6384404203452263 23.941767647763967 -1.1286768682680766
leaf_weight=187237 7504 82456 15013 177 2874 4811 231 989 11272 210 1263 9503 16572 1695 7802 8027 892 1272
leaf_count=187237 7504 82456 15013 177 2874 4811 231 989 11272 210 1263 9503 16572 1695 7802 8027 892 1272
internal_value=2.29545e-09 0.131828 0.672279 -1.35841 -0.162603 -6.18595 -9.29424 -33.0848 1.26468 -0.99046 3.99908 7.69032 -0.626432 5.51914 -0.309319 -6.63258 3.44176 -8.72457
internal_weight=359800 352296 269840 82603 66204 16399 11588 1166 51191 28054 23137 12461 27844 11198 10676 10422 2395 1503
internal_count=359800 352296 269840 82603 66204 16399 11588 1166 51191 28054 23137 12461 27844 11198 10676 10422 2395 1503
is_linear=0
shrinkage=0.0229654


Tree=338
num_leaves=19
num_cat=0
split_feature=15 7 14 16 35 22 8 35 18 14 28 21 26 30 24 28 35 35
split_gain=5.60472e+08 6.09717e+08 6.58895e+08 1.30524e+09 1.41119e+09 7.27719e+08 6.2815e+08 1.18461e+09 1.33765e+09 1.00741e+09 8.62928e+08 8.40456e+08 7.74364e+08 7.29135e+08 1.04133e+09 7.02645e+08 7.00259e+08 6.84701e+08
threshold=6.7562500000000023 0.75023006073889154 81.687500000000014 1.0000000180025095e-35 30623.000000000004 2.6752170138888896 -0.19467261866128607 23876.500000000004 0.014375000000000002 67.062500000000014 -2.3749305555555544 7.1886718750000007 19.946614583333339 319.80625000000003 3.2125000000000012 -3.6562499999999978 26833.500000000004 33748.000000000007
decision_type=2 2 2 2 2 2 2 2 2 2 2 2 2 2 2 2 2 2
left_child=-1 2 6 -4 -5 -6 7 8 10 11 -2 17 -8 -10 15 -15 -13 -9
right_child=1 -3 3 4 5 -7 12 9 13 -11 -12 16 -14 14 -16 -17 -18 -19
leaf_value=2.5829835629731757 12.796227500362511 -2.2525819703982233 -0.3595491665238949 11.410347286862129 16.794296001662588 0.09946309252057553 0.22435937271852932 6.076117998921414 1.5480488434485131 -2.0286471666946873 -4.965141567740357 -8.2728293010267908 9.2043083961657377 -6.8181363833918818 -46.811395604811118 14.206840894790702 -20.101140019684202 -13.908857421022271
leaf_weight=39448 1577 67754 51471 12899 1501 16675 77853 2870 12165 31938 16938 8003 5417 954 164 6914 3939 1320
leaf_count=39448 1577 67754 51471 12899 1501 16675 77853 2870 12165 31938 16938 8003 5417 954 164 6914 3939 1320
internal_value=-7.92299e-10 -0.318067 0.200825 1.88431 5.60093 1.47815 -0.616368 -1.98361 1.00632 -4.39147 -3.45233 -9.06937 0.808536 5.09365 10.4637 11.6575 -12.1743 -0.219865
internal_weight=359800 320352 252598 82546 31075 18176 170052 86782 38712 48070 18515 16132 83270 20197 8032 7868 11942 4190
internal_count=359800 320352 252598 82546 31075 18176 170052 86782 38712 48070 18515 16132 83270 20197 8032 7868 11942 4190
is_linear=0
shrinkage=0.0229654


Tree=339
num_leaves=19
num_cat=0
split_feature=36 16 3 3 28 16 18 4 7 16 7 3 7 17 6 3 6 16
split_gain=5.75899e+08 8.87942e+08 9.0785e+08 1.44745e+09 9.40191e+08 8.77527e+08 7.89276e+08 7.81128e+08 8.47804e+08 8.03244e+08 7.80235e+08 6.85161e+08 6.34992e+08 7.19555e+08 7.10694e+08 7.80527e+08 6.20855e+08 5.90332e+08
threshold=22616.000000000004 179.93750000000003 4.5000000000000009 5.5000000000000009 -2.0038298565840931 1.0000000180025095e-35 0.026250000000000006 4.5000000000000009 0.55438071450436044 563.06250000000011 -0.97868534383143924 1.0000000180025095e-35 0.55438071450436044 99.687500000000014 1.0000000180025095e-35 4.5000000000000009 1.0000000180025095e-35 2.5625000000000004
decision_type=2 2 2 2 2 2 2 2 2 2 2 2 2 2 2 2 2 2
left_child=7 5 16 -4 6 10 -5 -1 9 17 -2 -7 13 -13 15 -14 -3 -9
right_child=1 2 3 4 -6 11 -8 8 -10 -11 -12 12 14 -15 -16 -17 -18 -19
leaf_value=5.0329500758429848 7.0767688507990343 -1.361846041185635 -18.251024514641866 -3.6758338358027358 4.7566255136771218 6.6943013491162757 -44.208538035448612 1.1397542021209819 -1.9004567943661583 -3.6669393576923697 -1.9169074757297533 1.3780613377131086 0.12877376532497886 10.263390718460686 -40.897122821473346 -11.706762287502169 -15.834891731180942 6.7545512316330711
leaf_weight=23824 5404 50647 4898 641 3808 12945 419 20136 44904 9122 86847 50283 15747 5315 252 3613 1613 19382
leaf_count=23824 5404 50647 4898 641 3808 12945 419 20136 44904 9122 86847 50283 15747 5315 252 3613 1613 19382
internal_value=5.93788e-10 -0.639288 -3.00962 -9.43681 -0.568274 0.175665 -19.6977 1.3205 0.374999 2.47568 -1.39006 1.81414 0.974181 2.22747 -2.57877 -2.08 -1.80856 3.89359
internal_weight=359800 242432 62026 9766 4868 180406 1060 117368 93544 48640 92251 88155 75210 55598 19612 19360 52260 39518
internal_count=359800 242432 62026 9766 4868 180406 1060 117368 93544 48640 92251 88155 75210 55598 19612 19360 52260 39518
is_linear=0
shrinkage=0.0229654


Tree=340
num_leaves=19
num_cat=0
split_feature=36 6 26 5 7 16 7 15 7 16 0 13 4 36 26 16 16 35
split_gain=5.49751e+08 8.52725e+08 8.10855e+08 7.63088e+08 1.03646e+09 1.33576e+09 6.86071e+08 6.54243e+08 6.62255e+08 8.30198e+08 6.42817e+08 7.32077e+08 8.58145e+08 6.0269e+08 1.50471e+09 1.12707e+09 7.50677e+08 8.78265e+08
threshold=22616.000000000004 1.0000000180025095e-35 11.926692708333336 1.0000000180025095e-35 -0.32075123873380551 148.56250000000003 0.25881904510252096 22.856250000000006 0.55438071450436044 556.68750000000011 12.500000000000002 -0.44374999999999981 11.500000000000002 32536.500000000004 8.0907552083333361 80.687500000000014 1.0000000180025095e-35 28197.500000000004
decision_type=2 2 2 2 2 2 2 2 2 2 2 2 2 2 2 2 2 2
left_child=2 3 -1 10 -5 -6 -3 8 9 -4 -2 12 -12 14 16 -15 -13 -18
right_child=1 6 7 4 5 -7 -8 -9 -10 -11 11 13 -14 15 -16 -17 17 -19
leaf_value=4.0090863709755675 -3.5571899861523009 -4.2149264596910125 3.9376226824798901 -0.058185550499019044 -4.1515024434401573 -19.532071174345045 -21.886206568035725 -13.227879018355162 -2.0528621739413397 -3.9132396357185328 6.7007502806660986 2.81453320656404 -22.976543385534541 0.47610676124559209 0.031368244029313937 -7.6838312204512871 22.510617032627739 6.7813574689214358
leaf_weight=38750 20304 3816 32719 31144 19873 3503 1664 1938 34887 9074 14324 8466 533 28879 88982 12922 2977 5045
leaf_count=38750 20304 3816 32719 31144 19873 3503 1664 1938 34887 9074 14324 8466 533 28879 88982 12922 2977 5045
internal_value=2.79995e-10 -0.624607 1.29017 -0.417476 -2.80146 -6.45635 -9.5808 -0.0499567 0.2831 2.23306 0.294981 0.777405 5.63607 0.287254 1.21215 -2.04639 7.58454 12.6186
internal_weight=359800 242432 117368 236952 54520 23376 5480 78618 76680 41793 182432 162128 14857 147271 105470 41801 16488 8022
internal_count=359800 242432 117368 236952 54520 23376 5480 78618 76680 41793 182432 162128 14857 147271 105470 41801 16488 8022
is_linear=0
shrinkage=0.0229654


Tree=341
num_leaves=19
num_cat=0
split_feature=15 11 16 11 25 11 16 22 23 35 24 28 16 16 16 35 16 10
split_gain=5.46149e+08 8.75471e+08 7.84039e+08 7.63543e+08 8.20663e+08 5.35077e+08 6.96861e+08 9.16658e+08 6.92699e+08 7.42336e+08 6.9151e+08 6.15924e+08 5.27203e+08 5.1456e+08 4.81616e+08 5.49021e+08 4.50731e+08 6.68986e+08
threshold=13.068750000000003 1.0000000180025095e-35 169.31250000000003 60.000000000000007 8.6908854166666689 132.00000000000003 486.56250000000006 6.5518663194444455 2.2750000000000021 28882.500000000004 3.2125000000000012 7.6875113378684805 212.93750000000003 670.31250000000011 113.31250000000001 31664.000000000004 280.43750000000006 -0.24999999999999994
decision_type=2 2 2 2 2 2 2 2 2 2 2 2 2 2 2 2 2 2
left_child=3 2 -2 4 14 6 8 -8 16 10 12 13 -10 -9 -1 -16 -3 -18
right_child=1 5 -4 -5 -6 -7 7 11 9 -11 -12 -13 -14 -15 15 -17 17 -19
leaf_value=7.3711934440364919 -2.9346302146619423 -1.1694149625579831 -14.095325260499024 -0.31669747522015046 0.95093284509393794 1.9060478764021542 -90.960741367611391 -5.6548217056745784 18.770176858644607 -4.5087481478040932 -11.611795580315398 27.275861386213414 5.6607138130119772 -22.083395074917455 7.5769002539113108 -10.097698533363213 -3.9136787441316834 -24.1748420017834
leaf_weight=21168 12285 74377 4549 122700 51333 38396 69 6901 1927 4625 1057 269 10087 1177 1786 1927 4078 1089
leaf_count=21168 12285 74377 4549 122700 51333 38396 69 6901 1927 4625 1057 269 10087 1177 1786 1927 4078 1089
internal_value=2.66324e-09 -0.994884 -5.95055 0.804684 2.61004 -0.415762 -1.25952 -7.59924 -0.710827 3.39868 6.19662 -6.91013 7.76342 -8.04854 6.03302 -1.59599 -1.62506 -8.18393
internal_weight=359800 160886 16834 198914 76214 144052 105656 8416 97240 17696 13071 8347 12014 8078 24881 3713 79544 5167
internal_count=359800 160886 16834 198914 76214 144052 105656 8416 97240 17696 13071 8347 12014 8078 24881 3713 79544 5167
is_linear=0
shrinkage=0.0229654


Tree=342
num_leaves=19
num_cat=0
split_feature=0 36 7 14 23 26 36 14 30 0 35 30 36 35 7 35 14 35
split_gain=5.43334e+08 5.98787e+08 9.57153e+08 1.6322e+09 1.49898e+09 8.74957e+08 9.93433e+08 8.71159e+08 7.88396e+08 9.05458e+08 1.22066e+09 8.17643e+08 1.29223e+09 7.0998e+08 7.05282e+08 6.19365e+08 6.04658e+08 5.76093e+08
threshold=47.500000000000007 27900.500000000004 0.44134171618254497 68.062500000000014 -0.52499999999999991 8.9501302083333361 19658.000000000004 81.312500000000014 997.8687500000002 35.500000000000007 24617.500000000004 900.14375000000007 23325.500000000004 18680.500000000004 -0.79335334029123528 42681.500000000007 77.937500000000014 28274.500000000004
decision_type=2 2 2 2 2 2 2 2 2 2 2 2 2 2 2 2 2 2
left_child=1 2 3 8 -5 -6 -7 -8 9 10 11 -1 -13 -10 15 -3 -16 -15
right_child=-2 14 -4 4 5 6 7 -9 13 -11 -12 12 -14 17 16 -17 -18 -19
leaf_value=-0.26002582370259852 -6.1148331680328569 0.61001309042068141 -0.80294320921564222 1.673949509503972 16.449714116877495 19.678678105946194 1.7428036763508277 12.979676799328479 -27.239526689302881 3.1597819974999584 -10.69532915582402 4.815250438925613 -43.860148156352025 19.519182202560135 -5.4506190024227816 17.274680851018086 -1.0771567872012944 -0.29000475482558014
leaf_weight=31511 7504 44760 105648 35935 6127 2680 13706 4954 253 18305 8564 565 586 2227 25342 1208 48738 1187
leaf_count=31511 7504 44760 105648 35935 6127 2680 13706 4954 253 18305 8564 565 586 2227 25342 1208 48738 1187
internal_value=1.84905e-09 0.130248 0.810951 2.15775 4.76117 8.80018 6.60389 4.72605 -0.454076 -1.09069 -2.97797 -0.954476 -19.9665 9.88093 -1.18666 1.04795 -2.57327 12.6318
internal_weight=359800 352296 232248 126600 63402 27467 21340 18660 63198 59531 41226 32662 1151 3667 120048 45968 74080 3414
internal_count=359800 352296 232248 126600 63402 27467 21340 18660 63198 59531 41226 32662 1151 3667 120048 45968 74080 3414
is_linear=0
shrinkage=0.0229654


Tree=343
num_leaves=19
num_cat=0
split_feature=15 29 33 29 11 26 24 17 11 8 11 18 10 35 16 27 16 10
split_gain=5.30804e+08 6.05204e+08 5.73982e+08 6.05005e+08 5.33939e+08 5.21503e+08 5.35926e+08 7.06518e+08 6.45903e+08 6.37202e+08 5.86523e+08 4.68799e+08 4.59565e+08 4.13627e+08 1.05706e+09 8.17984e+08 6.76753e+08 1.3254e+09
threshold=6.7562500000000023 746.06875000000002 0.98958333333333348 554.90625000000011 108.00000000000001 22.151953125000009 1.6374999999999997 63.312500000000007 84.000000000000014 -0.19467261866128607 108.00000000000001 0.70375000000000021 0.93301270189221952 28274.500000000004 159.81250000000003 0.029222470238095658 25.687500000000004 -0.5
decision_type=2 2 2 2 2 2 2 2 2 2 2 2 2 2 2 2 2 2
left_child=4 2 3 5 -1 6 7 9 -8 10 -2 13 -5 15 -15 -9 -17 -18
right_child=1 -3 -4 12 -6 -7 8 11 -10 -11 -12 -13 -14 14 -16 16 17 -19
leaf_value=4.5962798113316312 -6.1993578707096848 14.860622920573411 -7.7258365893071321 5.2102734868978473 -0.91407880807352648 7.6521832102459966 -5.1165884924021032 -0.37106306108990683 -0.24813202253368397 -0.096599266354961993 -0.42979947024146559 6.6321055472135422 -8.0221984713087355 0.34732629882245597 -9.4767309355651363 -0.40510865219952291 2.1003350152611056 12.915649586136434
leaf_weight=24539 23291 1381 5506 15194 14909 4096 27641 50329 29941 58205 15462 7236 1523 36546 6861 11856 15595 9689
leaf_count=24539 23291 1381 5506 15194 14909 4096 27641 50329 29941 58205 15462 7236 1523 36546 6861 11856 15595 9689
internal_value=-8.33417e-10 -0.309535 -0.375215 -0.246101 2.51369 -0.485568 -0.599465 -0.113063 -2.58513 -1.61572 -3.89737 0.941842 4.00473 0.627233 -1.20548 1.53673 4.12201 6.24484
internal_weight=359800 320352 318971 313465 39448 296748 292652 235070 57582 96958 38753 138112 16717 130876 43407 87469 37140 25284
internal_count=359800 320352 318971 313465 39448 296748 292652 235070 57582 96958 38753 138112 16717 130876 43407 87469 37140 25284
is_linear=0
shrinkage=0.0229654


Tree=344
num_leaves=19
num_cat=0
split_feature=35 30 36 8 16 11 5 35 29 29 15 28 0 10 0 35 24 0
split_gain=5.26518e+08 7.02193e+08 6.11558e+08 9.4811e+08 9.09878e+08 1.26017e+09 1.00416e+09 8.66661e+08 1.32612e+09 7.64223e+08 1.11984e+09 1.01106e+09 8.88489e+08 1.16226e+09 1.83636e+09 8.49951e+08 8.37092e+08 7.63884e+08
threshold=17055.000000000004 752.30000000000007 27900.500000000004 0.94490267940017769 137.56250000000003 132.00000000000003 1.0000000180025095e-35 34388.000000000007 408.5437500000001 135.06875000000005 22.856250000000006 1.7973287470725998 17.500000000000004 0.6830127018922193 43.500000000000007 22652.500000000004 -1.5499999999999998 13.500000000000002
decision_type=2 2 2 2 2 2 2 2 2 2 2 2 2 2 2 2 2 2
left_child=1 -1 9 4 17 6 7 8 -6 10 -2 12 -11 15 -15 -14 -17 -4
right_child=2 -3 3 -5 5 -7 -8 -9 -10 11 -12 -13 13 14 -16 16 -18 -19
leaf_value=-4.0111285063015893 -0.063888476761661636 -32.276907585446629 -15.630174668400192 -14.616418507527786 -7.049271648108058 2.77671779298083 -22.770389791569286 -18.707233489464127 11.69346075879654 1.2325017458430034 -12.679497604628214 -2.6505605367749023 10.227709054435865 33.317978183097566 6.2490492046492907 -6.1875937757669748 4.0890486090710167 0.49926434726005675
leaf_weight=8012 112986 492 1576 2712 11519 8411 2132 2417 2407 54876 3837 19153 8817 1955 4081 5279 20088 89050
leaf_count=8012 112986 492 1576 2712 11519 8411 2132 2417 2407 54876 3837 19153 8817 1955 4081 5279 20088 89050
internal_value=-1.27947e-09 -5.64645 0.136686 -1.19173 -0.881909 -4.59203 -7.94675 -6.01296 -3.80974 0.827846 -0.478243 2.16336 3.13292 5.72584 15.0164 4.08537 1.95043 0.218771
internal_weight=359800 8504 351296 120224 117512 26886 18475 16343 13926 231072 116823 114249 95096 40220 6036 34184 25367 90626
internal_count=359800 8504 351296 120224 117512 26886 18475 16343 13926 231072 116823 114249 95096 40220 6036 34184 25367 90626
is_linear=0
shrinkage=0.0229654


Tree=345
num_leaves=19
num_cat=0
split_feature=7 36 16 8 11 35 21 24 35 15 7 14 8 24 3 35 3 3
split_gain=5.26054e+08 8.00405e+08 7.96375e+08 8.29969e+08 7.29735e+08 8.75209e+08 6.59364e+08 8.64259e+08 7.43895e+08 7.00401e+08 6.39342e+08 7.0722e+08 8.25291e+08 6.28012e+08 5.48921e+08 5.352e+08 5.76991e+08 1.22492e+09
threshold=-0.89495246814786256 27994.500000000004 364.81250000000006 0.94490267940017769 156.00000000000003 34388.000000000007 11.276432291666667 1.6000000000000025 17230.500000000004 22.631250000000005 -0.13052619222005171 67.312500000000014 0.82968937203783688 -1.4624999999999975 4.5000000000000009 42681.500000000007 5.5000000000000009 3.5000000000000004
decision_type=2 2 2 2 2 2 2 2 2 2 2 2 2 2 2 2 2 2
left_child=15 6 3 -3 5 14 7 10 -9 -8 11 13 -13 -2 -4 16 17 -1
right_child=1 2 4 -5 -6 -7 9 8 -10 -11 -12 12 -14 -15 -16 -17 -18 -19
leaf_value=3.4920954318243811 -9.9864496876183964 -1.3994496854975707 -13.118274367845983 -14.540977971839514 5.4323467666881866 -78.450781013410491 -0.3506348383698884 -48.896064154997454 -2.1031417416576321 -9.8995040896016882 2.0000047805776076 21.961593966745035 5.9672899259749341 6.3663633797029426 -53.172535708231116 17.830188414510044 7.6967033689492466 -4.6452479518681669
leaf_weight=29280 1684 81511 1936 2616 777 129 127707 181 17860 4184 56856 2912 4093 4683 199 1120 7440 14632
leaf_count=29280 1684 81511 1936 2616 777 129 127707 181 17860 4184 56856 2912 4093 4683 199 1120 7440 14632
internal_value=-1.3326e-09 -0.362845 -2.22544 -1.8081 -13.771 -20.3615 0.374613 1.91089 -2.5726 -0.653555 3.06267 7.58097 12.6162 2.04123 -16.8517 2.12518 1.78265 0.780636
internal_weight=359800 307328 87168 84127 3041 2264 220160 88269 18041 131891 70228 13372 7005 6367 2135 52472 51352 43912
internal_count=359800 307328 87168 84127 3041 2264 220160 88269 18041 131891 70228 13372 7005 6367 2135 52472 51352 43912
is_linear=0
shrinkage=0.0229654


Tree=346
num_leaves=19
num_cat=0
split_feature=0 6 8 29 0 10 22 29 16 25 13 14 15 22 15 9 13 16
split_gain=5.25343e+08 5.52065e+08 5.99409e+08 6.48625e+08 5.6028e+08 7.15238e+08 5.63009e+08 5.28521e+08 5.1051e+08 5.04405e+08 4.81621e+08 7.644e+08 5.20949e+08 5.51579e+08 4.57806e+08 4.67693e+08 8.7543e+08 6.21568e+08
threshold=47.500000000000007 1.0000000180025095e-35 0.38268343236508956 27.531250000000011 20.500000000000004 0.6830127018922193 8.8005642361111125 149.14375000000004 194.56250000000003 1.0000000180025095e-35 23.881250000000005 48.687500000000007 16.118750000000006 9.3793836805555575 6.3187500000000023 -0.93301270189221908 18.256250000000005 271.43750000000006
decision_type=2 2 2 2 2 2 2 2 2 2 2 2 2 2 2 2 2 2
left_child=1 9 3 -3 5 -5 8 -8 -6 -1 11 12 -11 -14 -13 16 17 -16
right_child=-2 2 -4 4 6 -7 7 -9 -10 10 -12 14 13 -15 15 -17 -18 -19
leaf_value=9.7750321022894386 -6.0127387533264072 -34.62150085402736 2.5296337425381554 -7.9663008967128999 -3.6205171746865856 -40.590961300552287 -13.948799705583973 15.806104176382382 -34.859966608833282 -3.1003203823787859 7.1148294991744807 3.1047936349759113 -38.29046931665853 -10.02756306782805 4.2623787930179251 -0.2283517214529466 22.835306189549584 -6.0587787537270179
leaf_weight=2917 7504 532 2856 1078 943 528 436 1133 390 8878 5208 27734 438 2161 15479 276594 1150 3841
leaf_count=2917 7504 532 2856 1078 943 528 436 1133 390 8878 5208 27734 438 2161 15479 276594 1150 3841
internal_value=1.45365e-09 0.128073 -5.87596 -10.6391 -7.80892 -18.6922 -1.78597 7.53769 -12.7603 0.265726 0.184497 0.0771642 -5.74762 -14.7906 0.282988 0.0195429 3.36914 2.21043
internal_weight=359800 352296 7896 5040 4508 1606 2902 1569 1333 344400 341483 336275 11477 2599 324798 297064 20470 19320
internal_count=359800 352296 7896 5040 4508 1606 2902 1569 1333 344400 341483 336275 11477 2599 324798 297064 20470 19320
is_linear=0
shrinkage=0.0229654


Tree=347
num_leaves=19
num_cat=0
split_feature=36 6 3 3 16 1 4 15 1 1 16 1 3 1 35 33 35 36
split_gain=5.1265e+08 7.94942e+08 7.61455e+08 1.29201e+09 1.51339e+09 1.05465e+09 7.01951e+08 7.73616e+08 6.89133e+08 6.85489e+08 8.06297e+08 6.3434e+08 8.7671e+08 1.11064e+09 1.03955e+09 1.41664e+09 7.93281e+08 9.40094e+08
threshold=22616.000000000004 1.0000000180025095e-35 4.5000000000000009 5.5000000000000009 153.06250000000003 11.500000000000002 4.5000000000000009 22.856250000000006 21.500000000000004 8.5000000000000018 556.68750000000011 5.5000000000000009 1.0000000180025095e-35 9.5000000000000018 21122.500000000004 0.031250000000000007 37073.500000000007 32237.500000000004
decision_type=2 2 2 2 2 2 2 2 2 2 2 2 2 2 2 2 2 2
left_child=6 2 11 4 -4 -5 -1 9 -7 -8 -11 -2 13 -13 15 -14 17 -15
right_child=1 -3 3 5 -6 8 7 -9 -10 10 -12 12 14 16 -16 -17 -18 -19
leaf_value=4.7651499771336869 -3.5181636971494843 -9.2505872037134882 -3.5123020045885571 -6.2547288070199558 -16.730623495349377 5.6811948863387656 -0.85338018143568395 -12.842975213258057 -6.8158802816301884 5.3937538931855231 -2.6088389161109955 12.845862582868648 -6.9083107445615326 4.5730567538491291 0.32307334161725881 -51.491222779634654 20.357493282295692 -5.247909187915325
leaf_weight=23824 20304 5480 22500 7720 5732 15840 57263 2287 2728 24945 9049 6368 3141 14408 128608 427 1184 7992
leaf_count=23824 20304 5480 22500 7720 5732 15840 57263 2287 2728 24945 9049 6368 3141 14408 128608 427 1184 7992
internal_value=4.51853e-10 -0.603162 -0.403172 -2.78461 -6.19604 0.879105 1.24587 0.349577 3.84513 0.680197 3.26351 0.308522 0.787755 4.33537 -0.0161598 -12.2438 2.03742 1.06908
internal_weight=359800 242432 236952 54520 28232 26288 117368 93544 18568 91257 33994 182432 162128 29952 132176 3568 23584 22400
internal_count=359800 242432 236952 54520 28232 26288 117368 93544 18568 91257 33994 182432 162128 29952 132176 3568 23584 22400
is_linear=0
shrinkage=0.0229654


Tree=348
num_leaves=19
num_cat=0
split_feature=0 7 14 1 35 10 14 7 1 7 35 1 11 35 21 22 35 27
split_gain=5.0957e+08 5.71352e+08 8.39903e+08 6.98555e+08 1.16715e+09 1.60062e+09 6.83641e+08 7.363e+08 5.93609e+08 7.92571e+08 1.03068e+09 7.82853e+08 8.72501e+08 8.46653e+08 7.54605e+08 6.67171e+08 6.16484e+08 5.50756e+08
threshold=47.500000000000007 0.82968937203783699 76.437500000000014 16.500000000000004 26833.500000000004 -0.68301270189221952 56.562500000000007 0.13052619222005182 19.500000000000004 0.32075123873380545 32229.500000000004 9.5000000000000018 84.000000000000014 26282.500000000004 7.8773437500000005 2.6752170138888896 39170.500000000007 3.656733630952381
decision_type=2 2 2 2 2 2 2 2 2 2 2 2 2 2 2 2 2 2
left_child=1 2 3 4 6 -6 -1 -8 9 10 11 -4 13 -13 -15 16 -12 -7
right_child=-2 -3 8 -5 5 17 7 -9 -10 -11 15 12 -14 14 -16 -17 -18 -19
leaf_value=-4.0377601221536308 -5.9217924684475634 -1.7742012387059101 2.7398113326633435 1.42347614803773 -30.762860955194824 -3.4283602992573163 3.8450721765224491 -1.8331807212239353 -1.1623286711463947 0.59106691382036525 24.927639622665602 27.493135805873646 5.9205060787218624 26.069483537564981 6.2433585413346719 0.45274773236695504 3.1287589804139655 -14.273370738603655
leaf_weight=19168 7504 67464 10618 53341 1336 18723 24818 23400 27965 54832 1170 2456 9308 1352 4032 27820 1648 2845
leaf_count=19168 7504 67464 10618 53341 1336 18723 24818 23400 27965 54832 1170 2456 9308 1352 4032 27820 1648 2845
internal_value=-8.22952e-10 0.126136 0.576241 -0.660245 -1.89125 -6.3699 -0.368997 1.08944 1.83401 2.57399 4.43563 7.64034 10.6747 16.3192 11.222 1.53133 12.1794 -4.85891
internal_weight=359800 352296 284832 143631 90290 22904 67386 48218 141201 113236 58404 27766 17148 7840 5384 30638 2818 21568
internal_count=359800 352296 284832 143631 90290 22904 67386 48218 141201 113236 58404 27766 17148 7840 5384 30638 2818 21568
is_linear=0
shrinkage=0.0229654


Tree=349
num_leaves=19
num_cat=0
split_feature=5 21 30 36 8 36 14 7 36 26 27 25 30 0 10 36 6 24
split_gain=5.05567e+08 6.08768e+08 6.01754e+08 9.18131e+08 1.126e+09 1.15702e+09 1.38588e+09 1.01106e+09 1.33179e+09 1.00371e+09 7.82018e+08 7.19673e+08 7.04534e+08 6.51515e+08 9.10199e+08 7.72166e+08 7.03583e+08 6.46734e+08
threshold=1.0000000180025095e-35 22.154166666666672 389.08125000000001 32663.500000000004 0.13052619222005152 24219.500000000004 67.562500000000014 -0.32075123873380551 26879.500000000004 7.1207031250000012 3.8784598214285726 14.363802083333335 819.53125000000011 21.500000000000004 0.6830127018922193 27675.500000000004 1.0000000180025095e-35 -3.6499999999999972
decision_type=2 2 2 2 2 2 2 2 2 2 2 2 2 2 2 2 2 2
left_child=1 2 17 4 5 11 9 -6 -9 10 -7 -4 -11 16 -15 -16 -8 -1
right_child=-2 -3 3 -5 7 6 13 8 -10 12 -12 -13 -14 14 15 -17 -18 -19
leaf_value=-10.18733390830649 -1.3637403545966991 9.8029786396260832 13.265932772018445 -1.3610570267583288 5.6739277195458282 12.641903390559772 3.5439271948436684 0.043861766902831806 -12.198496686757101 -1.9931965720802232 -51.952576836889214 -2.2807605422440371 -16.053043428772302 5.4621684201450957 57.950036912979215 16.435617644538588 -20.692751216950281 -0.6773819546874662
leaf_weight=3943 102520 3691 10650 49642 14179 1996 17060 42268 5271 4059 104 1842 3501 8214 255 3222 656 86727
leaf_count=3943 102520 3691 10650 49642 14179 1996 17060 42268 5271 4059 104 1842 3501 8214 255 3222 656 86727
internal_value=8.98905e-10 0.543418 0.408645 1.24322 2.3845 4.8896 2.94423 0.291751 -1.31354 -4.60268 9.44294 10.9735 -8.50424 5.42334 9.63126 19.4802 2.64648 -1.09094
internal_weight=359800 257280 253589 162919 113277 51559 39067 61718 47539 9660 2100 12492 7560 29407 11691 3477 17716 90670
internal_count=359800 257280 253589 162919 113277 51559 39067 61718 47539 9660 2100 12492 7560 29407 11691 3477 17716 90670
is_linear=0
shrinkage=0.0229654


Tree=350
num_leaves=19
num_cat=0
split_feature=36 16 11 36 5 7 26 8 36 16 30 5 36 5 26 17 7 15
split_gain=5.02252e+08 7.7571e+08 1.30332e+09 1.08853e+09 8.79186e+08 7.53288e+08 7.08851e+08 6.98279e+08 1.15708e+09 9.6505e+08 8.56879e+08 6.89457e+08 6.8437e+08 6.75916e+08 9.175e+08 8.0595e+08 6.57686e+08 6.4529e+08
threshold=22616.000000000004 212.93750000000003 132.00000000000003 32952.500000000007 1.0000000180025095e-35 0.82968937203783699 12.364973958333335 0.60876142900872032 28814.000000000004 85.812500000000014 389.08125000000001 1.0000000180025095e-35 27994.500000000004 1.0000000180025095e-35 8.2904947916666689 1.3125000000000002 -0.32075123873380551 25.156250000000004
decision_type=2 2 2 2 2 2 2 2 2 2 2 2 2 2 2 2 2 2
left_child=6 5 3 13 -5 7 -1 8 10 -10 -2 17 -9 14 15 -3 -14 -12
right_child=1 2 -4 4 -6 -7 -8 12 9 -11 11 -13 16 -15 -16 -17 -18 -19
leaf_value=3.6057912103661423 1.9703559041497596 -64.983255461248447 2.500196299224017 -17.017864006240245 -68.9205298219714 -3.4280547422789809 -0.10936167481426746 0.31378521425390876 2.3165081442517614 -3.3205853341884977 14.708444389209765 5.4676355191709742 -2.9094930963825982 -12.092804301620307 -4.4678176975330182 10.760479907600375 -14.353098758596719 48.652144584622128
leaf_weight=42413 11696 76 15785 1742 191 27387 74955 46599 49909 23587 5248 6167 14845 5216 27498 2949 3224 313
leaf_count=42413 11696 76 15785 1742 191 27387 74955 46599 49909 23587 5248 6167 14845 5216 27498 2949 3224 313
internal_value=-9.16421e-10 -0.597014 -3.03948 -5.36067 -22.1464 0.0939083 1.23317 0.690834 1.924 0.507401 6.36878 10.7552 -1.15735 -4.45279 -3.1472 8.8575 -4.95134 16.619
internal_weight=359800 242432 53457 37672 1933 188975 117368 161588 96920 73496 23424 11728 64668 35739 30523 3025 18069 5561
internal_count=359800 242432 53457 37672 1933 188975 117368 161588 96920 73496 23424 11728 64668 35739 30523 3025 18069 5561
is_linear=0
shrinkage=0.0229654


Tree=351
num_leaves=19
num_cat=0
split_feature=15 26 27 3 36 22 14 21 16 17 8 3 35 27 22 33 22 35
split_gain=4.95582e+08 6.1263e+08 5.94548e+08 6.90699e+08 9.4855e+08 6.65884e+08 7.08339e+08 5.88992e+08 6.65321e+08 6.43557e+08 5.74885e+08 5.71692e+08 5.13354e+08 5.07355e+08 6.14779e+08 4.96538e+08 4.74502e+08 9.05099e+08
threshold=14.956250000000004 3.8569010416666676 -2.0838913690476177 3.5000000000000004 30729.500000000004 8.5499565972222253 63.812500000000007 7.5399739583333343 75.562500000000014 15.062500000000002 0.13052619222005152 2.5000000000000004 25779.500000000004 1.1901785714285709 9.8517795138888911 0.010416666666666668 8.5501302083333357 19577.500000000004
decision_type=2 2 2 2 2 2 2 2 2 2 2 2 2 2 2 2 2 2
left_child=-1 -2 -3 5 16 7 13 9 15 -4 -11 -10 -6 -7 -15 -9 17 -5
right_child=1 2 3 4 12 6 -8 8 11 10 -12 -13 -14 14 -16 -17 -18 -19
leaf_value=0.59000528937405228 6.6200726087262876 -6.1416282810164153 -43.419977612973149 51.055812057165355 25.879813615200689 -9.1094417730159964 4.3010562220420931 -16.012764549515623 -23.122400813766024 6.0860701350570476 -5.0883142704260536 5.7299110190984965 -10.344449268402323 -19.128566691021934 4.2021700022426671 0.94988365982628564 -2.9198404967626712 2.2002966029554929
leaf_weight=243241 5016 13298 172 205 211 4040 28021 1197 1966 5771 4192 444 9326 674 5126 3798 24912 8190
leaf_count=243241 5016 13298 172 205 211 4040 28021 1197 1966 5771 4192 444 9326 674 5126 3798 24912 8190
internal_value=1.85974e-09 -1.23125 -1.58432 -0.967463 -3.15713 0.725898 2.43959 -2.9732 -7.89658 0.624002 1.38437 -17.8069 -9.54301 -2.86123 1.49098 -3.11504 -1.32862 3.39331
internal_weight=359800 116559 111543 98245 42844 55401 37861 17540 7405 10135 9963 2410 9537 9840 5800 4995 33307 8395
internal_count=359800 116559 111543 98245 42844 55401 37861 17540 7405 10135 9963 2410 9537 9840 5800 4995 33307 8395
is_linear=0
shrinkage=0.0229654


Tree=352
num_leaves=19
num_cat=0
split_feature=7 36 25 7 4 3 36 4 6 3 8 25 4 36 7 21 36 3
split_gain=5.02526e+08 8.38097e+08 7.30382e+08 6.65255e+08 1.32517e+09 6.06626e+08 5.00566e+08 7.32979e+08 6.50841e+08 6.57651e+08 1.13555e+09 1.58085e+09 9.68355e+08 9.17341e+08 6.93012e+08 6.52505e+08 5.68987e+08 5.47723e+08
threshold=-0.94490267940017747 30729.500000000004 8.2200520833333357 -0.13052619222005171 1.5000000000000002 4.5000000000000009 22616.000000000004 4.5000000000000009 1.0000000180025095e-35 4.5000000000000009 1.0000000180025095e-35 17.241927083333337 1.5000000000000002 26879.500000000004 0.82968937203783699 10.302473958333335 26879.500000000004 1.0000000180025095e-35
decision_type=2 2 2 2 2 2 2 2 2 2 2 2 2 2 2 2 2 2
left_child=-1 3 -3 4 -2 -4 7 -5 9 10 11 12 14 17 16 -11 -8 -12
right_child=1 2 5 6 -6 -7 8 -9 -10 15 13 -13 -14 -15 -16 -17 -18 -19
leaf_value=2.5169051791412822 16.789322539521795 -0.78110061657833396 -4.5224529976721692 4.508246352037915 1.3750298669476397 -15.742533776030106 61.404577612322761 -0.464838686023956 -15.333373298204604 -3.3399636483725885 -10.135901541919228 -5.5131280508702964 4.3151587097651927 -14.24401175545259 7.6990195099505607 -14.672324352567291 20.677949850558345 -0.65400707968699578
leaf_weight=37480 3048 38967 20018 19960 84200 2911 336 72072 1848 14370 3840 9651 23125 3888 720 3294 392 19680
leaf_count=37480 3048 38967 20018 19960 84200 2911 336 72072 1848 14370 3840 9651 23125 3888 720 3294 392 19680
internal_value=-7.77303e-10 -0.292671 -2.69475 0.278241 1.91353 -5.94692 -0.545635 0.613729 -1.86056 -1.54658 -0.426915 2.36272 5.45595 -3.9103 23.6747 -5.45323 39.4749 -2.20207
internal_weight=359800 322320 61896 260424 87248 22929 173176 92032 81144 79296 61632 34224 24573 27408 1448 17664 728 23520
internal_count=359800 322320 61896 260424 87248 22929 173176 92032 81144 79296 61632 34224 24573 27408 1448 17664 728 23520
is_linear=0
shrinkage=0.0229654


Tree=353
num_leaves=19
num_cat=0
split_feature=35 36 4 8 6 8 16 11 3 35 29 3 35 36 24 3 1 3
split_gain=4.8955e+08 5.05631e+08 8.05628e+08 1.14128e+09 1.47862e+09 7.71686e+08 8.65306e+08 1.18139e+09 9.12122e+08 8.35546e+08 1.19829e+09 6.71846e+08 8.20747e+08 8.13391e+08 6.71412e+08 6.43303e+08 9.58678e+08 7.35897e+08
threshold=15369.500000000002 27900.500000000004 1.5000000000000002 -0.70710678118654757 1.0000000180025095e-35 0.94490267940017769 144.06250000000003 132.00000000000003 4.5000000000000009 34388.000000000007 408.5437500000001 3.5000000000000004 28030.500000000004 31122.500000000004 -2.6374999999999984 1.0000000180025095e-35 8.5000000000000018 4.5000000000000009
decision_type=2 2 2 2 2 2 2 2 2 2 2 2 2 2 2 2 2 2
left_child=-1 2 3 4 -2 6 15 8 9 10 11 13 14 -8 -13 -3 17 -17
right_child=1 5 -4 -5 -6 -7 7 -9 -10 -11 -12 12 -14 -15 -16 16 -18 -19
leaf_value=-13.476739474273092 52.686774361602104 4.6533187458372218 0.35157257407955544 4.8131680481721739 -53.709710453072368 -13.271813718405564 -4.9217635912199613 2.6208739494270543 -22.670169949888002 -19.26306560956548 11.21852879640419 87.443812777718364 -7.3221384778012899 -19.520711893315013 17.578571210123194 -4.9235156428436433 0.42643849427375463 -25.530972480402838
leaf_weight=1416 496 14206 225560 11952 80 2712 6621 8136 1975 2186 2279 83 904 2892 576 10970 65759 997
leaf_count=1416 496 14206 225560 11952 80 2712 6621 8136 1975 2186 2279 83 904 2892 576 10970 65759 997
internal_value=-5.04627e-10 0.0532475 0.666407 6.33484 37.9095 -1.16031 -0.880965 -4.61053 -7.96944 -6.10122 -3.94684 -7.06726 6.88668 -9.35992 26.378 0.159704 -0.661596 -6.64037
internal_weight=359800 358384 238088 12528 576 120296 117584 25652 17516 15541 13355 11076 1563 9513 659 91932 77726 11967
internal_count=359800 358384 238088 12528 576 120296 117584 25652 17516 15541 13355 11076 1563 9513 659 91932 77726 11967
is_linear=0
shrinkage=0.0229654


Tree=354
num_leaves=19
num_cat=0
split_feature=7 16 11 35 16 1 33 35 35 21 4 35 1 10 3 16 35 22
split_gain=4.83557e+08 6.15564e+08 9.16763e+08 1.42943e+09 1.16945e+09 7.50274e+08 6.91108e+08 7.33505e+08 6.76643e+08 1.03365e+09 7.21758e+08 6.16289e+08 1.14062e+09 1.54615e+09 1.20827e+09 8.49661e+08 6.92751e+08 6.89262e+08
threshold=0.82968937203783699 244.31250000000003 132.00000000000003 27194.500000000004 650.81250000000011 21.500000000000004 0.21875000000000003 23117.500000000004 32525.000000000004 6.7248697916666673 3.5000000000000004 28119.500000000004 7.5000000000000009 -0.24999999999999994 1.0000000180025095e-35 85.812500000000014 19374.500000000004 4.4046006944444462
decision_type=2 2 2 2 2 2 2 2 2 2 2 2 2 2 2 2 2 2
left_child=1 5 3 4 6 11 7 -3 9 -5 -11 12 14 -14 17 -13 -15 -1
right_child=-2 2 -4 8 -6 -7 -8 -9 -10 10 -12 15 13 16 -16 -17 -18 -19
leaf_value=-31.743759410514684 -1.7525593319918062 2.3146382869745494 2.6403661773699225 10.560697134011814 -12.025349564794515 -2.3285383444191412 19.521217332490341 -3.8071771765641995 -30.440408713084953 -26.380748567271109 -8.6076298337316999 1.7741033019882912 2.5519124624641458 47.200003140324732 2.1657102803242028 -2.9089767005278171 11.43767501431406 -5.795275282727923
leaf_weight=586 67464 22228 21928 1184 4822 29984 927 19273 882 1564 5251 64688 24831 292 43976 29867 13191 6862
leaf_count=586 67464 22228 21928 1184 4822 29984 927 19273 882 1564 5251 64688 24831 292 43976 29867 13191 6862
internal_value=2.46976e-09 0.404448 -1.34156 -2.89713 -1.30828 1.0405 -0.0902653 -0.528323 -11.3504 -9.24544 -12.6864 1.58864 2.95185 5.95144 0.716985 0.294863 12.2122 -7.83687
internal_weight=359800 292336 78059 56131 47250 214277 42428 41501 8881 7999 6815 184293 89738 38314 51424 94555 13483 7448
internal_count=359800 292336 78059 56131 47250 214277 42428 41501 8881 7999 6815 184293 89738 38314 51424 94555 13483 7448
is_linear=0
shrinkage=0.0229654


Tree=355
num_leaves=19
num_cat=0
split_feature=15 11 11 18 28 13 11 29 18 23 4 7 22 28 8 15 15 22
split_gain=4.82472e+08 9.44595e+08 8.12395e+08 7.3283e+08 6.30217e+08 4.96191e+08 4.79684e+08 4.50716e+08 5.35481e+08 5.77733e+08 4.02868e+08 4.50858e+08 4.26228e+08 4.17135e+08 4.4306e+08 3.69308e+08 3.60882e+08 7.54336e+08
threshold=12.281250000000004 132.00000000000003 1.0000000180025095e-35 0.26312500000000011 -1.0476205406911914 26.381250000000005 132.00000000000003 1.0000000180025095e-35 0.063750000000000015 2.8062500000000008 11.500000000000002 -0.13052619222005171 5.4971788194444455 -3.4382843137254899 -0.32075123873380501 16.481250000000006 21.393750000000008 12.336197916666668
decision_type=2 2 2 2 2 2 2 2 2 2 2 2 2 2 2 2 2 2
left_child=1 4 15 -3 10 6 16 -6 9 -9 11 -1 13 14 -12 -2 -4 -18
right_child=2 3 5 -5 7 -7 -8 8 -10 -11 12 -13 -14 -15 -16 -17 17 -19
leaf_value=7.9072894987763895 -2.7000494121425063 -1.0033224825198666 -0.53649722412753997 -10.59757758258373 5.1925159933531093 20.905370342863936 1.6957249072881406 0.18351904164312693 3.9374739598427677 -5.5879652348737681 -45.297400535100259 2.9041275613164785 6.6721419289657762 -3.2538495086956432 -6.798923279327596 -9.1310180280791435 -1.4329056598174863 -11.603910622099312
leaf_weight=14655 11943 42019 96233 4665 10362 580 43173 50235 15275 11184 308 27003 1322 1464 323 7776 16241 5039
leaf_count=14655 11943 42019 96233 4665 10362 580 43173 50235 15275 11184 308 27003 1322 1464 323 7776 16241 5039
internal_value=-2.46654e-09 0.846056 -0.835912 -1.96205 1.8382 -0.297881 -0.374414 0.696943 0.0895532 -0.867431 4.04239 4.66421 -3.5384 -9.98152 -25.5906 -5.23604 -1.13496 -3.84135
internal_weight=359800 178815 180985 46684 132131 161266 160686 87056 76694 61419 45075 41658 3417 2095 631 19719 117513 21280
internal_count=359800 178815 180985 46684 132131 161266 160686 87056 76694 61419 45075 41658 3417 2095 631 19719 117513 21280
is_linear=0
shrinkage=0.0229654


Tree=356
num_leaves=19
num_cat=0
split_feature=7 36 16 10 30 30 23 15 1 27 25 11 9 11 28 10 28 36
split_gain=4.80381e+08 7.16253e+08 7.19895e+08 6.79102e+08 9.98304e+08 7.38893e+08 8.71535e+08 7.01241e+08 6.75597e+08 6.73708e+08 5.97427e+08 5.64187e+08 5.28781e+08 5.06775e+08 4.9289e+08 7.06918e+08 1.11064e+09 7.29924e+08
threshold=-0.89495246814786256 27994.500000000004 406.31250000000006 0.6830127018922193 1000.8062500000002 1017.3437500000001 3.2375000000000025 17.656250000000004 22.500000000000004 0.087797619047619083 7.9539062500000011 84.000000000000014 0.68301270189221941 156.00000000000003 -1.0780975877192966 0.93301270189221952 -2.9569200664136615 37063.000000000007
decision_type=2 2 2 2 2 2 2 2 2 2 2 2 2 2 2 2 2 2
left_child=-1 3 8 5 -5 7 -7 -2 14 11 -6 -9 -4 -14 15 -3 17 -17
right_child=1 2 12 4 10 6 -8 9 -10 -11 -12 -13 13 -15 -16 16 -18 -19
leaf_value=2.0308315752894677 -0.14033937052202336 2.2794662773914705 6.9050361147151937 9.2328690600334031 2.3179640814497229 1.9198891704032601 15.197772114241257 -13.927215766368482 -23.103709830133088 -0.76643787319522716 -8.0888385856893414 -3.3457252159153725 -28.565816764011263 -0.84141794581298124 -2.8355831376821845 -33.43892002732423 0.54279796422088444 14.162637059730207
leaf_weight=52472 139862 24811 456 10560 17144 23536 2932 5387 776 11990 3504 5245 1255 481 55646 1069 2472 202
leaf_count=52472 139862 24811 456 10560 17144 23536 2932 5387 776 11990 3504 5245 1255 481 55646 1069 2472 202
internal_value=-1.48298e-09 -0.346736 -2.1087 0.350878 3.48933 -0.16748 3.39075 -0.747101 -1.7735 -4.49845 0.551912 -8.70713 -15.1032 -20.8841 -1.57692 0.875964 -8.42735 -25.8736
internal_weight=359800 307328 87168 220160 31208 188952 26468 162484 84976 22622 20648 10632 2192 1736 84200 28554 3743 1271
internal_count=359800 307328 87168 220160 31208 188952 26468 162484 84976 22622 20648 10632 2192 1736 84200 28554 3743 1271
is_linear=0
shrinkage=0.0229654


Tree=357
num_leaves=19
num_cat=0
split_feature=3 3 0 7 4 35 4 8 32 35 0 8 25 32 26 26 32 4
split_gain=4.86264e+08 6.34646e+08 1.71548e+09 1.71024e+09 6.38896e+08 1.14839e+09 6.1924e+08 1.14411e+09 8.30474e+08 5.46013e+08 4.9934e+08 4.9705e+08 7.99405e+08 5.67872e+08 1.23686e+09 1.12464e+09 6.77651e+08 6.71402e+08
threshold=4.5000000000000009 5.5000000000000009 11.500000000000002 -0.32075123873380551 8.5000000000000018 21182.500000000004 5.5000000000000009 -0.19467261866128607 199.36875000000001 38847.500000000007 47.500000000000007 -0.70710678118654757 7.5393229166666673 99.443750000000009 14.13541666666667 14.413671875 972.17500000000007 8.5000000000000018
decision_type=2 2 2 2 2 2 2 2 2 2 2 2 2 2 2 2 2 2
left_child=10 2 -2 4 -3 -6 7 8 -4 11 -1 12 -8 15 -15 17 -16 -14
right_child=1 3 6 -5 5 -7 9 -9 -10 -11 -12 -13 13 14 16 -17 -18 -19
leaf_value=0.6805210328020983 4.5530195026205673 3.2282470701595569 -11.693606366888273 -2.9259775329934183 55.841340653008935 9.8729003170887104 25.864860374909728 -1.9644150308159016 -38.735620768357848 -30.671302083050151 -6.4032025343675425 -4.6414214199038453 19.059393343750873 67.308728480783373 6.7806059291460228 -50.050553394766908 -37.95880069422865 -8.6410029235897863
leaf_weight=251920 11792 14896 10284 30848 304 5016 722 8320 636 360 5360 13552 601 171 2550 288 192 1988
leaf_count=251920 11792 14896 10284 30848 304 5016 722 8320 636 360 5360 13552 601 171 2550 288 192 1988
internal_value=-7.65147e-10 -1.33745 -3.13746 0.476376 5.66809 12.4997 -5.42382 -8.38029 -13.2686 -2.63874 0.532943 -2.13577 3.0787 0.237318 7.38491 -6.99971 3.64787 -2.21074
internal_weight=359800 102520 51456 51064 20216 5320 39664 19240 10920 20424 257280 20064 6512 5790 2913 2877 2742 2589
internal_count=359800 102520 51456 51064 20216 5320 39664 19240 10920 20424 257280 20064 6512 5790 2913 2877 2742 2589
is_linear=0
shrinkage=0.0229654


Tree=358
num_leaves=19
num_cat=0
split_feature=6 5 13 30 8 36 4 7 25 28 36 35 10 27 8 28 4 30
split_gain=4.79376e+08 5.63891e+08 6.93453e+08 7.14226e+08 7.54838e+08 1.0261e+09 1.76644e+09 1.55302e+09 8.5055e+08 7.04993e+08 6.76232e+08 6.41466e+08 1.54428e+09 5.82034e+08 5.62434e+08 5.44672e+08 5.66878e+08 5.33329e+08
threshold=1.0000000180025095e-35 1.0000000180025095e-35 21.681250000000006 86.781250000000014 0.25881904510252057 30729.500000000004 1.5000000000000002 0.97868534383143946 10.174218750000001 1.7314592161016951 27819.500000000004 33580.500000000007 0.25000000000000017 4.5711867559523816 0.38268343236508956 1.0000000180025095e-35 6.5000000000000009 2284.7250000000004
decision_type=2 2 2 2 2 2 2 2 2 2 2 2 2 2 2 2 2 2
left_child=1 2 3 9 5 6 7 10 17 -1 -5 13 -13 -8 -2 -15 -17 -7
right_child=14 -3 -4 4 -6 8 11 -9 -10 -11 -12 12 -14 15 -16 16 -18 -19
leaf_value=-4.811263388228622 -10.234207091787932 -1.3067379547854099 7.359271202423173 46.255912621341849 -0.62031039974094049 0.79216179379918872 4.1292893488622395 1.8699028871661463 -6.7673170424468534 1.810879358889999 19.904641313813912 -72.654325768325748 3.1171652212742451 20.350494913451662 2.2937130259410927 -7.9586250203006959 9.0083364580302465 25.121463644628587
leaf_weight=23719 5040 102520 8022 1000 85385 39469 58774 1480 8895 13196 1056 200 488 496 3024 5261 1294 481
leaf_count=23719 5040 102520 8022 1000 85385 39469 58774 1480 8895 13196 1056 200 488 496 3024 5261 1294 481
internal_value=8.60797e-10 0.126925 0.716692 0.495762 1.02701 2.21005 3.99161 19.8084 -0.344887 -2.44405 32.7214 3.15074 -18.9094 3.38132 -5.53624 -2.85345 -4.60924 1.08509
internal_weight=359800 351736 249216 241194 204279 118894 70049 3536 48845 36915 2056 66513 688 65825 8064 7051 6555 39950
internal_count=359800 351736 249216 241194 204279 118894 70049 3536 48845 36915 2056 66513 688 65825 8064 7051 6555 39950
is_linear=0
shrinkage=0.0229654


Tree=359
num_leaves=19
num_cat=0
split_feature=36 6 26 9 35 3 30 28 30 21 10 13 21 30 30 9 28 26
split_gain=4.73973e+08 7.48677e+08 6.50869e+08 8.14176e+08 1.2042e+09 8.90243e+08 8.26418e+08 8.10465e+08 8.51391e+08 8.04863e+08 7.87765e+08 1.04391e+09 7.76135e+08 7.62106e+08 7.10962e+08 8.9007e+08 6.43315e+08 6.17477e+08
threshold=22322.500000000004 1.0000000180025095e-35 8.1608072916666696 0.68301270189221941 17955.000000000004 2.5000000000000004 1359.8125000000002 -1.0000000180025095e-35 1102.9375000000002 7.8773437500000005 0.93301270189221952 8.0937500000000036 10.710026041666667 708.46875000000011 506.00625000000008 0.25000000000000011 1.8645833333333328 12.364973958333335
decision_type=2 2 2 2 2 2 2 2 2 2 2 2 2 2 2 2 2 2
left_child=17 2 -2 5 -5 7 12 14 -9 -6 -10 16 -7 -11 15 -4 -12 -1
right_child=1 -3 3 4 9 6 -8 8 10 13 11 -13 -14 -15 -16 -17 -18 -19
leaf_value=3.5924961341521322 1.1399712495727112 -8.8085191052282141 -8.0817189277868557 -36.133608514642738 3.6669664059069844 3.2350312986502363 -16.834164911791326 4.8181023365151683 10.422001588068762 1.4099136815372333 -26.973857271741828 -61.939252065886301 -3.2378384879301962 -7.1262079909990472 4.0820677908030527 9.283061186212473 3.1920916446148175 -0.0084094390474768726
leaf_weight=38662 93643 5664 10115 612 6543 12638 1989 33050 762 7138 681 241 43051 24279 6386 1840 824 71682
leaf_count=38662 93643 5664 10115 612 6543 12638 1989 33050 762 7138 681 241 43051 24279 6386 1840 824 71682
internal_value=5.69627e-10 -0.554367 -0.362599 -1.2997 -4.17593 -0.305395 -2.28841 1.81666 3.83918 -3.6607 -9.06089 -17.5637 -1.76889 -5.18679 -2.10445 -5.4091 -10.4577 1.25327
internal_weight=359800 249456 243792 150149 38572 111577 57678 53899 35558 37960 2508 1746 55689 31417 18341 11955 1505 110344
internal_count=359800 249456 243792 150149 38572 111577 57678 53899 35558 37960 2508 1746 55689 31417 18341 11955 1505 110344
is_linear=0
shrinkage=0.0229654


Tree=360
num_leaves=19
num_cat=0
split_feature=35 33 36 16 11 35 33 24 16 36 27 3 0 3 3 35 30 3
split_gain=4.62967e+08 6.64993e+08 5.28967e+08 5.75075e+08 1.17505e+09 1.23743e+09 1.15012e+09 1.00959e+09 8.38468e+08 6.70677e+08 6.18695e+08 6.14483e+08 5.74904e+08 5.65326e+08 1.40853e+09 5.61749e+08 5.58077e+08 5.46177e+08
threshold=17230.500000000004 0.086805555555555566 22322.500000000004 179.93750000000003 132.00000000000003 32525.000000000004 0.26736111111111116 -2.0749999999999984 1.0000000180025095e-35 34533.000000000007 0.17576264880952366 1.0000000180025095e-35 26.500000000000004 4.5000000000000009 5.5000000000000009 41867.500000000007 101.32500000000002 1.0000000180025095e-35
decision_type=2 2 2 2 2 2 2 2 2 2 2 2 2 2 2 2 2 2
left_child=1 -1 -2 8 5 6 7 -5 15 13 -11 12 -10 -9 16 -4 -15 -8
right_child=2 -3 3 4 -6 -7 17 9 11 10 -12 -13 -14 14 -16 -17 -18 -19
leaf_value=-3.7626337394347056 1.5230535224247022 -36.215514426406656 -1.4957240574697972 -13.701202075226675 2.6071184151910485 -20.395497988896118 40.86992356514812 -1.2303097639176312 11.880316823611222 27.418997146246976 -36.261079841281472 1.0317376854204399 2.0844690697973216 -2.5680381398055165 2.8902933880571671 12.99139804050305 -28.083010575684323 8.3030716802030682
leaf_weight=9583 102808 345 94744 5221 17956 2400 325 29175 5727 95 526 75920 7049 597 2380 1433 1863 1653
leaf_count=9583 102808 345 94744 5221 17956 2400 325 29175 5727 95 526 75920 7049 597 2380 1433 1863 1653
internal_value=2.34007e-10 -4.89038 0.13877 -0.437257 -2.34757 -4.35879 -3.43879 -4.28707 0.20537 -2.86799 -26.5194 1.81588 6.47558 -2.43619 -9.70514 -1.27987 -21.891 13.654
internal_weight=359800 9928 349872 247064 62191 44235 41835 39857 184873 34636 621 88696 12776 34015 4840 96177 2460 1978
internal_count=359800 9928 349872 247064 62191 44235 41835 39857 184873 34636 621 88696 12776 34015 4840 96177 2460 1978
is_linear=0
shrinkage=0.0229654


Tree=361
num_leaves=19
num_cat=0
split_feature=15 29 24 18 13 23 36 16 24 35 29 36 35 3 19 16 16 29
split_gain=4.54259e+08 5.3284e+08 4.67497e+08 5.15281e+08 4.73535e+08 4.64343e+08 3.84577e+08 7.16097e+08 7.95843e+08 6.39956e+08 1.06615e+09 1.00963e+09 8.82648e+08 7.73151e+08 9.77927e+08 7.57178e+08 5.58615e+08 5.56073e+08
threshold=6.7562500000000023 746.06875000000002 4.5500000000000043 0.70375000000000021 23.881250000000005 0.90000000000000091 22322.500000000004 167.06250000000003 -1.975000000000001 34388.000000000007 371.9812500000001 34533.000000000007 18680.500000000004 4.5000000000000009 6.6812500000000004 464.18750000000006 1.0000000180025095e-35 203.14375000000004
decision_type=2 2 2 2 2 2 2 2 2 2 2 2 2 2 2 2 2 2
left_child=-1 2 3 4 6 -5 17 16 -9 10 11 -10 -12 -14 -15 -11 -8 -2
right_child=1 -3 -4 5 -6 -7 7 8 9 15 12 -13 13 14 -16 -17 -18 -19
leaf_value=2.3253947840379423 -0.30233914161459713 13.94799658759643 -5.6586896040649348 1.8443200489037894 7.2762386816597449 12.779020712635955 -1.5331289412046982 -9.5265005047338693 -2.2584817446907279 -11.374941010792964 -52.07123688751917 -26.835549248101394 14.293191564992572 17.743295100400999 -17.776886091097872 -78.695352566988731 1.2786363680326767 3.8431408785191352
leaf_weight=39448 64866 1381 8509 7428 4206 2828 77283 8829 40844 2087 128 901 4121 667 1056 92 71967 23159
leaf_count=39448 64866 1381 8509 7428 4206 2828 77283 8829 40844 2087 128 901 4121 667 1056 92 71967 23159
internal_value=-6.54724e-10 -0.286348 -0.347976 -0.202423 -0.375353 4.85947 -0.484078 -1.02262 -3.17094 -2.04634 -1.49055 -2.78894 7.58532 8.89196 -4.02647 -14.2173 -0.177321 0.788319
internal_weight=359800 320352 318971 310462 300206 10256 296000 207975 58725 49896 47717 41745 5972 5844 1723 2179 149250 88025
internal_count=359800 320352 318971 310462 300206 10256 296000 207975 58725 49896 47717 41745 5972 5844 1723 2179 149250 88025
is_linear=0
shrinkage=0.0229654


Tree=362
num_leaves=19
num_cat=0
split_feature=5 13 22 35 22 28 4 28 35 35 0 13 4 6 23 24 28 25
split_gain=4.45202e+08 5.52993e+08 5.03372e+08 8.63519e+08 7.22879e+08 6.97503e+08 6.90917e+08 1.45066e+09 8.02967e+08 8.02415e+08 5.21464e+08 4.8983e+08 5.50738e+08 6.18169e+08 5.61024e+08 5.3285e+08 4.86922e+08 7.59006e+08
threshold=1.0000000180025095e-35 23.881250000000005 12.423350694444446 16852.500000000004 10.598220486111112 0.026724137931034567 11.500000000000002 -2.9569200664136615 31795.000000000004 36866.500000000007 11.500000000000002 16.481250000000006 7.5000000000000009 1.0000000180025095e-35 1.3374999999999997 -3.6499999999999972 -1.6524080086580082 7.2669270833333339
decision_type=2 2 2 2 2 2 2 2 2 2 2 2 2 2 2 2 2 2
left_child=1 2 3 -1 5 6 10 8 -8 -10 -5 -4 14 -14 -13 -16 -12 -18
right_child=-2 -3 11 4 -6 -7 7 -9 9 -11 16 12 13 -15 15 -17 17 -19
leaf_value=-24.776358931823374 -1.2797371686142844 8.7588398995655119 -1.979869404920688 -0.95986073843124442 4.6808737419550095 -1.5481590545822359 -8.7547242294115755 1.6218119439260337 -50.297545702110931 -4.7904781946142352 5.9305148799591239 3.8672291908130361 8.2108515404224072 -27.054366734476606 -28.333545989284293 -2.6847438827159489 -2.6040390487585077 5.2766798742457155
leaf_weight=673 102520 4216 68493 15790 27371 49997 1508 6443 641 300 27324 9434 7245 272 444 11282 12277 13570
leaf_count=673 102520 4216 68493 15790 27371 49997 1508 6443 641 300 27324 9434 7245 272 444 11282 12277 13570
internal_value=-1.01985e-09 0.509945 0.37252 1.18116 1.2937 0.568557 1.92791 -4.09702 -19.1425 -35.7894 2.70477 -0.924815 1.59511 6.93479 -0.301793 -3.65592 3.79305 1.53344
internal_weight=359800 257280 253064 155894 155221 127850 77853 8892 2449 941 68961 97170 28677 7517 21160 11726 53171 25847
internal_count=359800 257280 253064 155894 155221 127850 77853 8892 2449 941 68961 97170 28677 7517 21160 11726 53171 25847
is_linear=0
shrinkage=0.0229654


Tree=363
num_leaves=19
num_cat=0
split_feature=0 36 16 8 30 1 5 4 25 22 9 20 9 36 14 15 6 0
split_gain=4.43978e+08 4.94442e+08 8.71465e+08 8.93423e+08 7.68123e+08 9.4458e+08 1.09988e+09 1.20642e+09 8.23674e+08 7.48942e+08 8.89348e+08 7.25584e+08 8.40345e+08 6.95233e+08 6.63033e+08 6.49117e+08 6.19564e+08 1.35274e+09
threshold=47.500000000000007 28472.500000000004 96.187500000000014 0.75023006073889131 389.08125000000001 5.5000000000000009 1.0000000180025095e-35 1.5000000000000002 13.060156250000004 12.111024305555558 -0.93301270189221908 0.50000000000000189 -0.93301270189221908 23438.500000000004 66.812500000000014 16.743750000000002 1.0000000180025095e-35 33.500000000000007
decision_type=2 2 2 2 2 2 2 2 2 2 2 2 2 2 2 2 2 2
left_child=1 4 3 -3 11 -6 7 16 -8 10 -10 15 14 -9 -13 -1 -7 -18
right_child=-2 2 -4 -5 5 6 8 13 9 -11 -12 12 -14 -15 -16 -17 17 -19
leaf_value=-1.3278063142327428 -5.5275352691321356 1.2731651079980792 -4.1077288952214248 -5.9507985820201226 -0.16565706897556542 24.920144823766066 1.9798557451739682 11.098222336744707 -55.316214656559481 1.5019579797505949 -12.713369030866685 -4.1326472097037472 0.35250968257969356 3.4412407769907394 15.342654895433204 -7.7327504718014035 -55.176255833847627 32.44102161667022
leaf_weight=48012 7504 64090 35696 10510 56186 2490 22580 8208 304 1720 1724 1242 59207 26272 3578 10101 168 208
leaf_count=48012 7504 64090 35696 10510 56186 2490 22580 8208 304 1720 1724 1242 59207 26272 3578 10101 168 208
internal_value=-2.1162e-10 0.117738 -1.15666 0.255419 0.69857 2.00466 3.91975 6.45402 0.324921 -9.64531 -19.0996 -0.583141 1.1032 5.26399 10.3243 -2.44109 20.7709 -6.70712
internal_weight=359800 352296 110296 74600 242000 119860 63674 37346 26328 3748 2028 122140 64027 34480 4820 58113 2866 376
internal_count=359800 352296 110296 74600 242000 119860 63674 37346 26328 3748 2028 122140 64027 34480 4820 58113 2866 376
is_linear=0
shrinkage=0.0229654


Tree=364
num_leaves=19
num_cat=0
split_feature=35 26 14 1 0 3 3 1 14 35 0 9 3 34 35 18 29 26
split_gain=4.39971e+08 4.41041e+08 5.28515e+08 4.91566e+08 5.55065e+08 1.00979e+09 1.49244e+09 7.00001e+08 5.95054e+08 6.1011e+08 6.61029e+08 5.48534e+08 6.22954e+08 5.4481e+08 5.41312e+08 6.0966e+08 7.17399e+08 9.31688e+08
threshold=15369.500000000002 21.610286458333338 48.687500000000007 22.500000000000004 23.500000000000004 5.5000000000000009 3.5000000000000004 18.500000000000004 69.062500000000014 29074.500000000004 31.500000000000004 0.93301270189221952 4.5000000000000009 0.42708333333333343 23594.500000000004 0.014375000000000002 133.06875000000005 12.794140625000002
decision_type=2 2 2 2 2 2 2 2 2 2 2 2 2 2 2 2 2 2
left_child=-1 2 -2 4 -4 6 14 13 -8 10 11 -10 -13 -7 15 -6 -17 -18
right_child=1 -3 3 -5 5 7 8 -9 9 -11 -12 12 -14 -15 -16 16 17 -19
leaf_value=-12.776095948827349 -4.7324753627548546 5.8248430100278812 -0.61966409802026845 -4.0025119503540925 0.44991040826281142 9.7165352088616501 -5.9547796764872336 0.45946715332330368 10.175036241305538 -3.086222904698154 0.26234674413062559 67.439330057999427 2.1815927394751569 -19.468277975581245 1.4877971753623043 5.6170798463931915 12.872290509032403 45.224854558040199
leaf_weight=1416 12330 6843 168588 14681 5426 13493 19110 8019 2199 17201 5942 199 126 346 75549 5586 2145 601
leaf_count=1416 12330 6843 168588 14681 5426 13493 19110 8019 2199 17201 5942 199 126 346 75549 5586 2145 601
internal_value=-2.0269e-09 0.0504792 -0.0619229 0.107847 0.293791 1.28132 0.535173 5.85843 -2.88659 -0.602215 4.44473 14.2909 42.1394 8.98686 2.25079 6.44057 10.3418 19.9531
internal_weight=359800 358384 351541 339211 324530 155942 134084 21858 44777 25667 8466 2524 325 13839 89307 13758 8332 2746
internal_count=359800 358384 351541 339211 324530 155942 134084 21858 44777 25667 8466 2524 325 13839 89307 13758 8332 2746
is_linear=0
shrinkage=0.0229654


Tree=365
num_leaves=19
num_cat=0
split_feature=7 17 16 35 16 16 35 22 16 26 35 17 0 1 26 22 24 27
split_gain=4.94334e+08 6.18255e+08 1.0143e+09 6.08302e+08 5.41687e+08 4.28542e+08 6.55828e+08 7.85584e+08 6.1176e+08 5.78256e+08 5.6296e+08 7.69338e+08 6.27363e+08 5.5624e+08 5.43374e+08 9.38109e+08 6.04386e+08 4.67483e+08
threshold=0.82968937203783699 98.562500000000014 9.9375000000000018 24320.500000000004 268.31250000000006 223.81250000000003 34388.000000000007 4.877734375000002 464.18750000000006 18.853515625000004 23876.500000000004 35.687500000000007 34.500000000000007 22.500000000000004 14.13541666666667 11.609375000000002 2.8750000000000018 1.5645275297619075
decision_type=2 2 2 2 2 2 2 2 2 2 2 2 2 2 2 2 2 2
left_child=1 5 -3 4 -4 9 7 -7 -8 13 11 -9 -12 -1 16 -16 17 -13
right_child=-2 2 3 -5 -6 6 8 10 -10 -11 12 14 -14 -15 15 -17 -18 -19
leaf_value=0.73364168225325188 -1.7719803309010502 -0.26871811718059102 26.294760573512125 5.6401603438447099 6.1969350970155572 23.404119245557091 -13.21452014872486 -5.062461563672608 -73.551152137166397 6.2588413877441305 -5.1645936180042638 3.0575124136185616 1.4589196611271948 -4.2964655744772164 -60.370020184118886 0.37795154971587935 -21.420134899279628 12.407814770051981
leaf_weight=158939 67464 16978 1619 10908 1256 685 1154 9805 96 9259 27198 6427 10436 12507 135 19505 404 5025
leaf_count=158939 67464 16978 1619 10908 1256 685 1154 9805 96 9259 27198 6427 10436 12507 135 19505 404 5025
internal_value=-2.05966e-09 0.40893 3.48868 8.11706 17.5146 0.0467542 -1.34276 -1.08363 -17.8484 0.668598 -1.29614 0.55521 -3.32788 0.366695 2.30404 -0.0396134 6.18642 7.16031
internal_weight=359800 292336 30761 13783 2875 261575 80870 79620 1250 180705 78935 41301 37634 171446 31496 19640 11856 11452
internal_count=359800 292336 30761 13783 2875 261575 80870 79620 1250 180705 78935 41301 37634 171446 31496 19640 11856 11452
is_linear=0
shrinkage=0.0229654


Tree=366
num_leaves=19
num_cat=0
split_feature=7 14 8 35 0 11 8 35 26 4 24 6 4 3 35 10 30 28
split_gain=4.71889e+08 6.34554e+08 1.22348e+09 1.49123e+09 9.66382e+08 8.6288e+08 8.32229e+08 9.28626e+08 6.74551e+08 1.38097e+09 7.88418e+08 6.79124e+08 9.0812e+08 1.1178e+09 6.8865e+08 6.45358e+08 6.21525e+08 5.80032e+08
threshold=0.82968937203783699 76.687500000000014 0.32075123873380501 28882.500000000004 21.500000000000004 84.000000000000014 -0.19467261866128607 23876.500000000004 16.332942708333338 5.5000000000000009 2.6250000000000018 1.0000000180025095e-35 7.5000000000000009 1.0000000180025095e-35 19508.500000000004 -0.68301270189221952 1827.9687500000002 1.6325386451466251
decision_type=2 2 2 2 2 2 2 2 2 2 2 2 2 2 2 2 2 2
left_child=1 6 3 4 -3 -6 7 8 10 -10 -1 12 14 -14 -11 -12 -5 -16
right_child=-2 2 -4 16 5 -7 -8 -9 9 11 15 -13 13 -15 17 -17 -18 -19
leaf_value=3.8238961743779658 -1.7312860775278365 4.6918360203587017 -0.45755624206298706 0.62031262746541627 22.592740327657484 8.0877913258188379 1.1850528985066062 -4.7712137500341374 -20.371603323412426 -12.030668432702937 9.8761557196453502 -41.549454074370608 38.397477991261141 4.1105347882292618 -9.1804038249721813 -24.834583353862421 10.504367860790415 5.1002983221845204
leaf_weight=21623 67464 12340 78386 41306 3964 4761 68985 39273 2174 3488 405 212 589 3375 2213 934 3652 4656
leaf_count=21623 67464 12340 78386 41306 3964 4761 68985 39273 2174 3488 405 212 589 3375 2213 934 3652 4656
internal_value=3.46366e-10 0.399538 1.48245 3.78573 8.82795 14.6778 -0.657621 -2.26788 0.210468 -3.30038 2.76494 -0.746682 -0.142661 9.20514 -3.7204 -14.3358 1.42321 0.499455
internal_weight=359800 292336 144409 66023 21065 8725 147927 78942 39669 16707 22962 14533 14321 3964 10357 1339 44958 6869
internal_count=359800 292336 144409 66023 21065 8725 147927 78942 39669 16707 22962 14533 14321 3964 10357 1339 44958 6869
is_linear=0
shrinkage=0.0229654


Tree=367
num_leaves=19
num_cat=0
split_feature=36 16 3 3 28 26 4 35 26 35 0 33 14 4 16 16 14 26
split_gain=4.44265e+08 6.41583e+08 6.57159e+08 1.05776e+09 8.36866e+08 7.93097e+08 7.24748e+08 7.21952e+08 1.45506e+09 7.29284e+08 6.66857e+08 6.52496e+08 6.38346e+08 9.42318e+08 6.01082e+08 5.9499e+08 6.44015e+08 5.88998e+08
threshold=22616.000000000004 218.43750000000003 4.5000000000000009 5.5000000000000009 -1.9652067348678599 11.089713541666667 9.5000000000000018 34388.000000000007 7.2479166666666677 28441.500000000004 35.500000000000007 0.24652777777777782 59.437500000000007 4.5000000000000009 429.56250000000006 1.0000000180025095e-35 84.937500000000014 11.926692708333336
decision_type=2 2 2 2 2 2 2 2 2 2 2 2 2 2 2 2 2 2
left_child=17 15 7 -4 5 6 -5 8 9 11 12 -3 13 -10 -9 -2 -17 -1
right_child=1 2 3 4 -6 -7 -8 14 10 -11 -12 -13 -14 -15 -16 16 -18 -19
leaf_value=3.4770996519879889 -1.2664456470412724 16.523436369134043 -17.39997765844236 -49.447278494005012 4.9319842930203208 12.325770787114214 19.226754976456885 -14.573415330218747 -19.925095418703126 5.3308581178631336 3.8901216525546181 53.586086851872281 -1.7393577337951844 -4.2911448426302963 -73.747248738691312 0.076351474607216113 4.1281583928342265 0.017632969135461026
leaf_weight=38750 92251 840 3910 447 3089 251 99 1059 2830 2216 7097 357 22667 7223 99 68321 29676 78618
leaf_count=38750 92251 840 3910 447 3089 251 99 1059 2830 2216 7097 357 22667 7223 99 68321 29676 78618
internal_value=2.44009e-10 -0.561493 -2.81727 -8.96674 -0.481425 -21.4626 -36.9954 -1.73722 -1.25787 13.1331 -2.49142 27.5772 -3.87558 -8.69223 -19.6323 0.0572556 1.30334 1.1598
internal_weight=359800 242432 52184 7796 3886 797 546 44388 43230 3413 39817 1197 32720 10053 1158 190248 97997 117368
internal_count=359800 242432 52184 7796 3886 797 546 44388 43230 3413 39817 1197 32720 10053 1158 190248 97997 117368
is_linear=0
shrinkage=0.0229654


Tree=368
num_leaves=19
num_cat=0
split_feature=36 4 8 6 0 16 16 0 11 16 0 6 35 36 21 35 4 8
split_gain=4.4378e+08 7.27778e+08 1.00385e+09 1.34168e+09 6.95646e+08 7.20317e+08 6.60454e+08 7.43756e+08 5.92749e+08 6.22593e+08 5.22399e+08 6.98823e+08 1.54356e+09 4.94514e+08 7.32347e+08 5.2923e+08 4.47599e+08 4.37967e+08
threshold=27900.500000000004 1.5000000000000002 -0.70710678118654757 1.0000000180025095e-35 45.500000000000007 96.187500000000014 1.0000000180025095e-35 33.500000000000007 132.00000000000003 519.68750000000011 40.500000000000007 1.0000000180025095e-35 30270.500000000004 34381.500000000007 9.5011718750000025 41270.500000000007 2.5000000000000004 -0.89495246814786256
decision_type=2 2 2 2 2 2 2 2 2 2 2 2 2 2 2 2 2 2
left_child=1 2 3 -1 5 6 7 -2 9 13 11 -9 -13 15 16 -7 -15 -8
right_child=4 -3 -4 -5 -6 8 17 10 -10 -11 -12 12 -14 14 -16 -17 -18 -19
leaf_value=49.649099457556261 -6.483061324397176 0.27418697615209736 4.5329738832013948 -51.701062158172846 -14.252667684543482 -2.5085358280594203 8.7040211768933933 4.2121224061895743 1.2277652812406299 -30.078935206881436 -2.5466730550660293 29.635881377621683 -91.744465823948076 -2.6677671808312087 -25.55454362414573 -45.514828441020022 -15.95670848012087 1.5940058280250025
leaf_weight=496 11774 226976 11952 80 2096 21120 5356 13788 10727 516 15632 101 122 4663 1267 152 1874 31108
leaf_count=496 11774 226976 11952 80 2096 21120 5356 13788 10727 516 15632 101 122 4663 1267 152 1874 31108
internal_value=1.18089e-09 0.571606 5.96009 35.5727 -1.13804 -0.905484 0.384446 -1.59992 -3.39714 -5.07365 0.339627 3.55986 -36.7695 -4.62989 -9.57461 -2.81584 -6.47739 2.63836
internal_weight=359800 239504 12528 576 120296 118200 77881 41417 40319 29592 29643 14011 223 29076 7804 21272 6537 36464
internal_count=359800 239504 12528 576 120296 118200 77881 41417 40319 29592 29643 14011 223 29076 7804 21272 6537 36464
is_linear=0
shrinkage=0.0229654


Tree=369
num_leaves=19
num_cat=0
split_feature=7 17 8 36 26 11 7 8 24 15 6 0 26 14 5 15 4 36
split_gain=4.7138e+08 7.05739e+08 9.53917e+08 7.8112e+08 7.98936e+08 7.62639e+08 5.9532e+08 5.90244e+08 6.45298e+08 6.4064e+08 5.37332e+08 5.65538e+08 5.29672e+08 4.86995e+08 6.86608e+08 4.69679e+08 8.63204e+08 4.85443e+08
threshold=0.65793410509763428 98.562500000000014 0.19467261866128602 28558.500000000004 8.6251302083333368 108.00000000000001 -0.70710678118654735 0.75023006073889131 -0.94999999999999873 14.418750000000003 1.0000000180025095e-35 13.500000000000002 1.2430989583333336 81.562500000000014 1.0000000180025095e-35 22.431250000000009 1.5000000000000002 23720.500000000004
decision_type=2 2 2 2 2 2 2 2 2 2 2 2 2 2 2 2 2 2
left_child=1 3 5 4 7 -3 12 8 9 -1 -2 -12 -5 14 -8 17 -17 -6
right_child=10 2 -4 6 15 -7 13 -9 -10 -11 11 -13 -14 -15 -16 16 -18 -19
leaf_value=12.42041042143615 -1.1056987696771228 11.770782547095646 -0.70589749412732961 14.654834484794074 1.9503089636137301 0.91435932231064998 -4.5101014299849886 2.3081442713516132 14.617742399980942 -7.5243023327818559 -3.3878581751558157 -27.408914064659822 -0.31156051384425426 -1.1613628598125709 -16.453882093397709 19.832695726233567 -8.1826629881731403 -0.9803917604378003
leaf_weight=1595 95264 9613 12394 1286 66207 5291 16531 18271 5271 1817 1344 840 41289 18734 2999 640 6193 54221
leaf_count=1595 95264 9613 12394 1286 66207 5291 16531 18271 5271 1817 1344 840 41289 18734 2999 640 6193 54221
internal_value=9.60358e-10 0.50661 4.00181 0.100694 1.0592 7.91669 -1.72784 4.65093 9.58068 1.79921 -1.36391 -12.6267 0.140507 -3.80668 -6.34417 0.298473 -5.55866 0.630803
internal_weight=359800 262352 27298 235054 154215 14904 80839 26954 8683 3412 97448 2184 42575 38264 19530 127261 6833 120428
internal_count=359800 262352 27298 235054 154215 14904 80839 26954 8683 3412 97448 2184 42575 38264 19530 127261 6833 120428
is_linear=0
shrinkage=0.0229654


Tree=370
num_leaves=19
num_cat=0
split_feature=7 17 8 36 26 27 16 11 5 11 28 28 16 6 8 8 14 8
split_gain=4.49978e+08 6.73696e+08 9.10606e+08 7.45655e+08 7.62662e+08 7.53534e+08 7.52023e+08 1.1056e+09 9.89525e+08 7.28013e+08 6.80016e+08 5.95394e+08 5.31184e+08 5.12935e+08 5.39861e+08 4.94183e+08 4.67247e+08 1.014e+09
threshold=0.65793410509763428 98.562500000000014 0.19467261866128602 28558.500000000004 8.6251302083333368 1.4596540178571458 144.06250000000003 132.00000000000003 1.0000000180025095e-35 108.00000000000001 -1.2321428571428557 0.61666666666666814 519.68750000000011 1.0000000180025095e-35 -0.19467261866128607 0.89495246814786289 65.062500000000014 -0.065263096110025884
decision_type=2 2 2 2 2 2 2 2 2 2 2 2 2 2 2 2 2 2
left_child=1 3 9 4 5 -1 10 8 12 -3 -5 -7 -8 -2 -15 -12 17 -6
right_child=13 2 -4 6 16 11 7 -9 -10 -11 15 -13 -14 14 -16 -17 -18 -19
leaf_value=3.0411182267203909 -1.0803059452044417 11.500461704987357 -0.68968627010568306 3.1240364889764956 -3.7280242301081423 21.900760042994097 -6.1667860698835133 2.38568208396986 -26.413190108474964 0.89336069755820613 -1.4985817527811645 2.734429598651241 -34.270329848449506 -26.779457154095617 -3.310054606501871 -12.796233552586914 1.4676111911141454 2.895463754241181
leaf_weight=23373 95264 9613 12394 19381 34025 2171 11497 6253 1574 5291 39615 1410 366 840 1344 2153 74240 18996
leaf_count=23373 95264 9613 12394 19381 34025 2171 11497 6253 1574 5291 39615 1410 366 840 1344 2153 74240 18996
internal_value=2.43669e-10 0.494975 3.90991 0.0983816 1.03488 4.54412 -1.68816 -5.59163 -9.30393 7.73488 -0.431236 14.3541 -7.03384 -1.33258 -12.3367 -2.08094 0.291618 -1.35501
internal_weight=359800 262352 27298 235054 154215 26954 80839 19690 13437 14904 61149 3581 11863 97448 2184 41768 127261 53021
internal_count=359800 262352 27298 235054 154215 26954 80839 19690 13437 14904 61149 3581 11863 97448 2184 41768 127261 53021
is_linear=0
shrinkage=0.0229654


Tree=371
num_leaves=19
num_cat=0
split_feature=3 3 7 0 32 0 9 8 32 13 30 28 8 3 7 35 31 30
split_gain=4.40386e+08 5.40013e+08 1.60882e+09 1.59077e+09 6.07116e+08 6.17602e+08 5.71064e+08 1.07938e+09 7.77369e+08 5.27617e+08 6.16122e+08 6.68593e+08 5.30089e+08 1.00152e+09 9.72545e+08 6.4034e+08 6.23607e+08 7.34174e+08
threshold=4.5000000000000009 5.5000000000000009 -0.32075123873380551 11.500000000000002 312.13125000000008 37.500000000000007 0.25000000000000011 -0.19467261866128607 208.90000000000006 22.431250000000006 86.781250000000014 1.698623737373737 0.13052619222005152 1.0000000180025095e-35 0.32075123873380545 16852.500000000004 44.268750000000018 470.0437500000001
decision_type=2 2 2 2 2 2 2 2 2 2 2 2 2 2 2 2 2 2
left_child=9 3 4 -2 5 -3 -5 8 -8 10 11 -1 13 14 16 -15 17 -12
right_child=1 2 -4 6 -6 -7 7 -9 -10 -11 12 -13 -14 15 -16 -17 -18 -19
leaf_value=-4.6697197227381384 4.4724738814482468 10.738842161628984 -2.8995883347706326 -2.4603266466986642 -4.3403909405748511 1.9559717098578562 -11.235457423394031 -1.7422715447584705 -37.978587699389621 6.8834568713475308 -9.8746129093061921 1.5139733221643632 -0.42041797436451539 -30.824061604290144 12.233316928829531 0.93780413166397081 18.795733046083349 3.7909406551731526
leaf_weight=24180 11792 10070 30848 20424 2874 7272 10313 8320 607 6667 2609 14907 97147 336 8713 91491 1129 10101
leaf_count=24180 11792 10070 30848 20424 2874 7272 10313 8320 607 6667 2609 14907 97147 336 8713 91491 1129 10101
internal_value=1.48362e-09 -1.2728 0.400344 -2.93319 5.43578 7.05593 -5.13488 -7.97401 -12.722 0.507179 0.337553 -2.31138 0.827038 1.88656 6.22289 0.821586 2.43875 0.985793
internal_weight=359800 102520 51064 51456 20216 17342 39664 19240 10920 257280 250613 39087 211526 114379 22552 91827 13839 12710
internal_count=359800 102520 51064 51456 20216 17342 39664 19240 10920 257280 250613 39087 211526 114379 22552 91827 13839 12710
is_linear=0
shrinkage=0.0229654


Tree=372
num_leaves=19
num_cat=0
split_feature=15 11 11 16 12 16 24 15 36 26 16 29 5 4 22 15 11 26
split_gain=4.31667e+08 9.35847e+08 5.33735e+08 8.74843e+08 4.8369e+08 4.83139e+08 4.42536e+08 4.39166e+08 4.03538e+08 5.65713e+08 5.84336e+08 5.12171e+08 5.6267e+08 4.25154e+08 7.55937e+08 5.62035e+08 5.91145e+08 4.82849e+08
threshold=10.268750000000002 132.00000000000003 1.0000000180025095e-35 167.06250000000003 5.7062500000000016 670.31250000000011 1.2500000000000009 19.131250000000005 32663.500000000004 3.7464843750000001 84.062500000000014 289.61875000000003 1.0000000180025095e-35 1.5000000000000002 7.762456597222223 22.243750000000006 132.00000000000003 2.2122395833333339
decision_type=2 2 2 2 2 2 2 2 2 2 2 2 2 2 2 2 2 2
left_child=1 5 3 6 -3 -1 -2 -5 13 -10 -11 12 -12 14 17 -15 -17 -4
right_child=2 4 8 7 -6 -7 -8 -9 9 10 11 -13 -14 15 -16 16 -18 -19
leaf_value=2.5024991205753531 0.99526275277850884 -6.2508236026020256 11.54870044272583 -8.1819272478873053 -0.32443034098340667 -10.295258960270264 -6.5209124724015544 -24.446130264335896 5.1855260764539359 -1.3990109874392958 -12.962919286790596 -5.1603093810660283 -45.617515119630561 0.42508329462195305 11.661815775397049 -6.8776847262223999 3.6898053331748057 -3.3884598448679815
leaf_weight=90527 14423 10607 1441 6113 23041 1583 5790 1022 4619 23047 2011 7485 323 142637 4683 11245 3714 5489
leaf_count=90527 14423 10607 1441 6113 23041 1583 5790 1022 4619 23047 2011 7485 323 142637 4683 11245 3714 5489
internal_value=5.58997e-10 1.08517 -0.583095 -3.59812 -2.19263 2.28256 -1.15774 -10.5116 -0.184172 -2.34011 -3.39776 -8.08919 -17.482 0.293434 4.53412 -0.0190552 -4.254 -0.282479
internal_weight=359800 125758 234042 27348 33648 92110 20213 7135 206694 37485 32866 9819 2334 169209 11613 157596 14959 6930
internal_count=359800 125758 234042 27348 33648 92110 20213 7135 206694 37485 32866 9819 2334 169209 11613 157596 14959 6930
is_linear=0
shrinkage=0.0229654


Tree=373
num_leaves=19
num_cat=0
split_feature=7 36 16 11 36 1 36 28 4 3 28 8 36 16 3 16 11 3
split_gain=4.41653e+08 5.97076e+08 9.3134e+08 1.07625e+09 8.89593e+08 7.70788e+08 6.72305e+08 7.2879e+08 1.62757e+09 1.33001e+09 9.91277e+08 7.15256e+08 7.10735e+08 6.9356e+08 6.96367e+08 5.87077e+08 9.07212e+08 5.84915e+08
threshold=0.82968937203783699 23720.500000000004 179.93750000000003 132.00000000000003 34381.500000000007 21.500000000000004 30729.500000000004 -1.1705680902497988 11.500000000000002 3.5000000000000004 -3.0116843971631195 -0.70710678118654757 37063.000000000007 80.687500000000014 3.5000000000000004 632.81250000000011 132.00000000000003 4.5000000000000009
decision_type=2 2 2 2 2 2 2 2 2 2 2 2 2 2 2 2 2 2
left_child=1 15 5 4 -4 6 11 8 -8 10 12 -3 -10 14 -9 -1 -17 -6
right_child=-2 2 3 -5 17 -7 7 13 9 -11 -12 -13 -14 -15 -16 16 -18 -19
leaf_value=2.3475707655699001 -1.6749010279453576 8.6995969265869704 -4.2502004346283879 2.126510697297697 -16.108314920537357 -3.7546773554785866 6.0102319264676831 2.0711100130272539 -53.104385828107752 9.0014177399574997 -8.5583957901420451 1.9236226214023768 -12.032388003174637 -6.9722121291974961 -4.8590323631615986 -10.660477085801826 5.9509247859270209 -58.125065997553804
leaf_weight=91086 67464 9989 35465 15540 1682 18448 17922 22098 631 1179 1420 46292 343 10974 11694 4592 2786 195
leaf_count=91086 67464 9989 35465 15540 1682 18448 17922 22098 631 1179 1420 46292 343 10974 11694 4592 2786 195
internal_value=5.9751e-10 0.386526 -0.353128 -2.95216 -5.06566 0.621706 1.28055 -0.287168 3.18861 -10.9645 -20.7974 3.12625 -38.6406 -1.95611 -0.327123 1.84288 -4.38786 -20.4734
internal_weight=359800 292336 193872 52882 37342 140990 122542 66261 21495 3573 2394 56281 974 44766 33792 98464 7378 1877
internal_count=359800 292336 193872 52882 37342 140990 122542 66261 21495 3573 2394 56281 974 44766 33792 98464 7378 1877
is_linear=0
shrinkage=0.0229654


Tree=374
num_leaves=19
num_cat=0
split_feature=7 36 30 24 7 10 20 15 29 35 36 22 10 35 15 9 14 1
split_gain=4.33981e+08 6.31402e+08 6.40716e+08 9.97996e+08 8.86167e+08 6.64632e+08 5.80029e+08 7.16496e+08 5.67842e+08 6.98132e+08 5.96743e+08 5.80194e+08 5.70469e+08 7.13272e+08 5.98272e+08 5.51711e+08 5.37535e+08 5.35976e+08
threshold=-0.89495246814786256 30043.500000000004 389.08125000000001 1.1250000000000004 -0.13052619222005171 0.6830127018922193 0.50000000000000189 16.743750000000002 383.8562500000001 31136.500000000004 36686.500000000007 8.6250434027777789 0.6830127018922193 26490.500000000004 19.018750000000008 -0.93301270189221908 69.812500000000014 20.500000000000004
decision_type=2 2 2 2 2 2 2 2 2 2 2 2 2 2 2 2 2 2
left_child=-1 2 6 4 5 -4 7 -2 11 10 -10 -3 13 14 -13 16 -8 -7
right_child=1 8 3 -5 -6 17 15 -9 9 -11 -12 12 -14 -15 -16 -17 -18 -19
leaf_value=1.9302613176884085 -1.5502076574697086 -9.1091057079272684 4.4326014688864381 -1.8700462111606937 1.2162504575623394 23.518672275966399 -4.1481115288239803 -8.4577026228042573 3.7780564743804943 -2.1089771715900314 26.190569489991219 0.44606534764454903 3.2604640333288915 -8.0251801548027792 31.031174426114752 0.0051603803087135226 14.664048855590625 7.7255697699318002
leaf_weight=52472 49568 10441 19920 38253 70986 1882 1141 9426 6534 27010 693 1514 6300 9282 434 48406 2689 2849
leaf_count=52472 49568 10441 19920 38253 70986 1882 1141 9426 6534 27010 693 1514 6300 9282 434 48406 2689 2849
internal_value=1.92823e-09 -0.329565 0.194831 1.26501 2.51897 6.27032 -1.09336 -2.65388 -2.39586 -0.412641 5.9272 -4.82336 -2.27073 -5.37372 7.2602 0.669049 9.0597 14.0081
internal_weight=359800 307328 245120 133890 95637 24651 111230 58994 62208 34237 7227 27971 17530 11230 1948 52236 3830 4731
internal_count=359800 307328 245120 133890 95637 24651 111230 58994 62208 34237 7227 27971 17530 11230 1948 52236 3830 4731
is_linear=0
shrinkage=0.0229654


Tree=375
num_leaves=19
num_cat=0
split_feature=3 3 1 0 36 9 0 14 22 1 21 22 9 26 6 36 29 0
split_gain=4.36344e+08 5.16419e+08 1.53133e+09 1.51553e+09 9.92444e+08 7.39557e+08 5.97228e+08 8.49743e+08 5.90651e+08 7.70006e+08 5.12948e+08 4.97319e+08 4.92623e+08 1.83708e+09 4.8674e+08 5.14579e+08 5.18686e+08 5.00777e+08
threshold=4.5000000000000009 5.5000000000000009 10.500000000000002 11.500000000000002 19178.500000000004 0.25000000000000011 35.500000000000007 66.312500000000014 17.591102430555559 18.500000000000004 22.154166666666672 22.108723958333336 -0.93301270189221908 11.089713541666667 1.0000000180025095e-35 25209.500000000004 27.531250000000011 22.500000000000004
decision_type=2 2 2 2 2 2 2 2 2 2 2 2 2 2 2 2 2 2
left_child=10 3 -3 -2 5 11 7 -6 9 12 14 -5 13 -4 -1 -16 -17 -18
right_child=1 2 8 4 6 -7 -8 -9 -10 -11 -12 -13 -14 -15 15 16 17 -19
leaf_value=0.56279656540444056 4.3377544388637963 -3.9549150327553009 -56.762120025131829 13.088275892106221 -17.675972265105099 -7.5775235195361903 -2.764066423227971 -6.4426293673393831 -4.9556490720750741 0.11099449233031702 9.004499083052508 -20.881139425585523 7.3539892352840139 34.70625712153651 0.79766278412355973 -36.266741885118414 -21.916885340419501 -3.0633397964309594
leaf_weight=245583 11792 23400 132 3147 4561 1800 13864 16047 3388 9346 3691 245 13854 944 3890 384 1024 2708
leaf_count=245583 11792 23400 132 3147 4561 1800 13864 16047 3388 9346 3691 245 13854 944 3890 384 1024 2708
internal_value=8.46646e-10 -1.26694 0.36924 -2.89066 -5.03965 4.32076 -6.44947 -8.92881 4.02689 5.28051 0.504847 10.6347 8.51656 23.4852 0.381134 -5.19135 -10.8515 -8.23645
internal_weight=359800 102520 51064 51456 39664 5192 34472 20608 27664 24276 257280 3392 14930 1076 253589 8006 4116 3732
internal_count=359800 102520 51064 51456 39664 5192 34472 20608 27664 24276 257280 3392 14930 1076 253589 8006 4116 3732
is_linear=0
shrinkage=0.0229654


Tree=376
num_leaves=19
num_cat=0
split_feature=7 17 8 11 14 8 17 1 13 9 3 1 10 30 10 22 4 22
split_gain=4.16854e+08 6.3233e+08 8.59708e+08 6.9179e+08 4.59865e+08 9.32616e+08 4.98389e+08 4.74124e+08 4.66887e+08 4.25929e+08 3.94797e+08 1.61754e+09 5.04227e+08 3.72924e+08 8.88749e+08 6.69059e+08 6.63545e+08 6.13487e+08
threshold=0.65793410509763428 98.562500000000014 0.19467261866128602 108.00000000000001 60.812500000000007 -0.065263096110025884 17.062500000000004 22.500000000000004 23.881250000000005 0.93301270189221952 1.0000000180025095e-35 6.5000000000000009 -0.5 280.56875000000008 -0.5 8.4378472222222261 5.5000000000000009 10.473133680555557
decision_type=2 2 2 2 2 2 2 2 2 2 2 2 2 2 2 2 2 2
left_child=1 4 3 -3 5 6 9 -6 13 -1 11 -2 -13 16 -15 -16 -8 -17
right_child=10 2 -4 -5 7 -7 8 -9 -10 -11 -12 12 -14 14 15 17 -18 -19
leaf_value=-10.402387556516764 -2.9203119640814212 11.172081650788714 -0.68436068738984079 0.83222632587545098 0.94528251276755815 2.2143222015745678 -19.660437790319239 -3.6261676147726125 6.2856217453728389 -44.073425206979081 -1.8797300920575248 3.1394521234998432 19.725551938907795 6.1042632002786981 2.4555332115024373 -18.12425157509837 -4.7864306996816781 -2.8365655399352403
leaf_weight=3251 9648 9613 12394 5291 171323 18836 1864 12864 2484 211 83512 1472 2816 5071 3153 2887 10450 2660
leaf_count=3251 9648 9613 12394 5291 171323 18836 1864 12864 2484 211 83512 1472 2816 5071 3153 2887 10450 2660
internal_value=1.23439e-09 0.476409 3.78484 7.50138 0.0921839 -1.84075 -4.22536 0.626003 -3.22814 -12.4546 -1.2826 2.29573 14.0318 -4.13411 -1.5375 -5.99169 -7.03795 -10.7932
internal_weight=359800 262352 27298 14904 235054 50867 32031 184187 28569 3462 97448 13936 4288 26085 13771 8700 12314 5547
internal_count=359800 262352 27298 14904 235054 50867 32031 184187 28569 3462 97448 13936 4288 26085 13771 8700 12314 5547
is_linear=0
shrinkage=0.0229654


Tree=377
num_leaves=19
num_cat=0
split_feature=36 35 9 3 3 7 0 21 0 35 36 10 24 9 10 13 35 7
split_gain=4.33968e+08 6.20481e+08 1.08751e+09 5.39841e+08 1.13168e+09 1.17966e+09 8.30955e+08 5.77063e+08 9.57811e+08 5.5861e+08 5.64972e+08 6.41864e+08 5.0639e+08 5.78216e+08 4.96204e+08 1.18447e+09 9.87006e+08 6.44808e+08
threshold=22322.500000000004 17545.500000000004 -0.5 4.5000000000000009 5.5000000000000009 -0.44134171618254464 7.5000000000000009 9.6251302083333368 36.500000000000007 21242.000000000004 26804.500000000004 -0.24999999999999994 2.7750000000000021 1.0000000180025095e-35 -0.5 18.706250000000008 26764.500000000004 0.44134171618254497
decision_type=2 2 2 2 2 2 2 2 2 2 2 2 2 2 2 2 2 2
left_child=14 2 -2 -3 6 9 -5 -8 12 10 11 -6 13 -9 16 -16 17 -1
right_child=1 3 -4 4 5 -7 7 8 -10 -11 -12 -13 -14 -15 15 -17 -18 -19
leaf_value=2.5238136150398254 13.262034517789827 0.17865828387295296 -19.35913482134038 5.6199118110819413 12.107447491856723 -4.092462594781332 -4.1464881718593416 -9.4763897025003114 -5.3967188549055614 4.5023211223391719 -38.956215441196186 59.713955455038942 -46.19978408074163 -27.914669067411058 2.6595359993091172 38.416746701116679 -28.109186199904471 -2.0661661151202542
leaf_weight=31928 720 190112 2144 3160 344 12728 16089 2107 6075 13736 64 264 351 1562 44618 494 656 32648
leaf_count=31928 720 190112 2144 3160 344 12728 16089 2107 6075 13736 64 264 351 1562 44618 494 656 32648
internal_value=7.70507e-10 -0.530456 -11.1583 -0.407021 -2.37842 1.00204 -5.50452 -6.84706 -11.1511 5.50251 25.9468 32.7787 -19.8472 -17.3261 1.19921 3.0511 -0.081486 0.203235
internal_weight=359800 249456 2864 246592 56480 27136 29344 26184 10095 14408 672 608 4020 3669 110344 45112 65232 64576
internal_count=359800 249456 2864 246592 56480 27136 29344 26184 10095 14408 672 608 4020 3669 110344 45112 65232 64576
is_linear=0
shrinkage=0.0229654


Tree=378
num_leaves=19
num_cat=0
split_feature=15 11 29 7 36 26 36 17 16 29 1 16 1 11 6 30 16 36
split_gain=4.24888e+08 5.00016e+08 4.81765e+08 4.76959e+08 7.64077e+08 7.16891e+08 6.71605e+08 6.74482e+08 6.64771e+08 1.08142e+09 5.88611e+08 5.86459e+08 7.48696e+08 7.45878e+08 5.84366e+08 8.22449e+08 8.79075e+08 5.6859e+08
threshold=6.7562500000000023 132.00000000000003 746.06875000000002 0.44134171618254497 32663.500000000004 8.2904947916666689 19843.500000000004 17.062500000000004 84.062500000000014 402.33125000000007 20.500000000000004 271.43750000000006 21.500000000000004 132.00000000000003 1.0000000180025095e-35 1530.6437500000002 2.5625000000000004 26390.500000000004
decision_type=2 2 2 2 2 2 2 2 2 2 2 2 2 2 2 2 2 2
left_child=1 -1 3 4 5 -2 7 -7 10 -10 14 12 -8 -13 -6 16 -16 -14
right_child=2 -3 -4 -5 8 6 11 -9 9 -11 -12 13 17 -15 15 -17 -18 -19
leaf_value=3.7988690736466908 4.0511565304486457 -2.064261378312398 13.258024587442904 -1.5951160500416119 0.71973843398314008 -12.379973632542438 2.2312264393241033 6.1467551199629797 -12.918138610171223 -0.43074287156189406 -12.991676602600869 -4.3296534421463404 -1.2745634430657637 2.38240654747164 -80.075862268330326 36.674379660379977 -8.4653584370084243 -12.000211485132754
leaf_weight=29020 32971 10428 1381 105909 29670 1118 56310 14197 6959 7710 1859 31116 15422 12138 165 90 200 3137
leaf_count=29020 32971 10428 1381 105909 29670 1118 56310 14197 6959 7710 1859 31116 15422 12138 165 90 200 3137
internal_value=1.91141e-09 2.24896 -0.276936 -0.335536 0.290576 1.01876 0.26949 4.7943 -2.30682 -6.35479 -0.450281 -0.317165 0.912786 -2.44611 0.323643 -25.5053 -40.8372 -3.0875
internal_weight=359800 39448 320352 318971 213062 166409 133438 15315 46653 14669 31984 118123 74869 43254 30125 455 365 18559
internal_count=359800 39448 320352 318971 213062 166409 133438 15315 46653 14669 31984 118123 74869 43254 30125 455 365 18559
is_linear=0
shrinkage=0.0229654


Tree=379
num_leaves=19
num_cat=0
split_feature=36 35 33 0 16 11 35 0 10 15 8 30 7 14 33 36 10 7
split_gain=4.21134e+08 7.47591e+08 6.61762e+08 6.07372e+08 6.05944e+08 1.1019e+09 7.87579e+08 6.21582e+08 5.50453e+08 8.061e+08 7.35101e+08 6.14719e+08 6.13032e+08 8.59054e+08 5.41471e+08 5.25538e+08 5.42604e+08 5.29321e+08
threshold=25803.000000000004 19152.500000000004 0.045138888888888895 45.500000000000007 150.81250000000003 132.00000000000003 32525.000000000004 13.500000000000002 0.6830127018922193 22.631250000000005 -0.65793410509763406 726.29375000000016 -0.13052619222005171 59.437500000000007 0.26736111111111116 30729.500000000004 -0.5 -0.97868534383143924
decision_type=2 2 2 2 2 2 2 2 2 2 2 2 2 2 2 2 2 2
left_child=8 2 -2 4 7 6 14 -3 9 12 11 -10 13 -1 -6 16 -9 -17
right_child=1 3 -4 -5 5 -7 -8 15 10 -11 -12 -13 -14 -15 -16 17 -18 -19
leaf_value=-0.4376747022456694 -9.5495218659499184 -5.6657122609695545 -50.764354691133398 -8.1890181796805308 -4.904398168357976 2.8918364493307815 -15.204773274280607 -1.8448873038237339 8.4978639356572039 -7.6544738365439295 3.2015463953973997 46.50843468591318 -0.35884555350946612 5.4498811091473147 8.1438630507711967 4.5000844454852684 4.4015420646569057 -1.2445240755360492
leaf_weight=25020 840 8368 272 5568 21966 11967 3771 9640 548 6516 22280 380 115072 27368 1816 9909 30667 57832
leaf_count=25020 840 8368 272 5568 21966 11967 3771 9640 548 6516 22280 380 115072 27368 1816 9909 30667 57832
internal_value=-1.77999e-09 -0.865183 -19.6308 -0.735976 -0.469851 -2.92691 -5.45414 0.364252 0.713509 0.270337 4.0357 24.0625 0.578697 2.63804 -3.90803 0.831255 2.90762 -0.404216
internal_weight=359800 162616 1112 161504 155936 39520 27553 116416 197184 173976 23208 928 167460 52388 23782 108048 40307 67741
internal_count=359800 162616 1112 161504 155936 39520 27553 116416 197184 173976 23208 928 167460 52388 23782 108048 40307 67741
is_linear=0
shrinkage=0.0229654


Tree=380
num_leaves=19
num_cat=0
split_feature=3 13 30 32 30 10 24 24 16 3 0 7 22 0 4 16 24 29
split_gain=4.27284e+08 4.98386e+08 5.83455e+08 5.54604e+08 6.57661e+08 6.10641e+08 5.22834e+08 5.22386e+08 4.88904e+08 4.63325e+08 1.42541e+09 1.41562e+09 5.56117e+08 5.54126e+08 5.08345e+08 7.96882e+08 6.65346e+08 4.39337e+08
threshold=4.5000000000000009 22.431250000000006 86.781250000000014 437.6062500000001 35.031250000000007 -0.9330127018922193 -3.6499999999999972 1.6374999999999997 575.31250000000011 5.5000000000000009 11.500000000000002 -0.32075123873380551 17.591102430555559 37.500000000000007 5.5000000000000009 212.93750000000003 -1.0999999999999992 289.61875000000003
decision_type=2 2 2 2 2 2 2 2 2 2 2 2 2 2 2 2 2 2
left_child=1 2 3 4 8 -6 -5 -4 -1 10 -2 12 13 -11 15 -12 -17 -18
right_child=9 -3 7 6 5 -7 -8 -9 -10 11 14 -13 -14 -15 -16 16 17 -19
leaf_value=-8.8537958002663721 4.2184971951790189 6.6967096788159441 1.3873175434094616 -9.9973507729998907 7.9669734666261363 -4.0585694432146777 2.3345798447610799 -1.4491778217743341 -39.038754700457083 9.902701110951055 -4.5435716567390347 -2.7993830026637405 -5.1784237433942897 1.6818497566164039 -2.3524137146428421 -27.295751710080125 -15.454663730320657 0.38141648200648132
leaf_weight=7566 11792 6667 168552 2061 2773 11311 15082 42974 294 10273 13597 30848 2475 7468 20424 1609 2601 1433
leaf_count=7566 11792 6667 168552 2061 2773 11311 15082 42974 294 10273 13597 30848 2475 7468 20424 1609 2601 1433
internal_value=9.22182e-10 0.499578 0.334717 -2.24304 -4.66092 -1.69086 0.851986 0.81105 -9.98285 -1.25372 -2.79171 0.29607 5.01948 6.44217 -4.87582 -7.55451 -14.8095 -9.8292
internal_weight=359800 257280 250613 39087 21944 14084 17143 211526 7860 102520 51456 51064 20216 17741 39664 19240 5643 4034
internal_count=359800 257280 250613 39087 21944 14084 17143 211526 7860 102520 51456 51064 20216 17741 39664 19240 5643 4034
is_linear=0
shrinkage=0.0229654


Tree=381
num_leaves=19
num_cat=0
split_feature=36 4 15 0 0 0 16 0 26 19 5 35 29 16 36 26 15 16
split_gain=4.22929e+08 7.05192e+08 8.04539e+08 7.50621e+08 7.4099e+08 5.97154e+08 6.44396e+08 6.443e+08 5.56609e+08 7.28506e+08 5.42895e+08 5.63639e+08 1.35749e+09 6.63092e+08 5.48759e+08 5.76754e+08 6.41248e+08 5.04398e+08
threshold=27598.000000000004 1.5000000000000002 22.243750000000006 16.500000000000004 45.500000000000007 45.500000000000007 155.31250000000003 13.500000000000002 8.2282552083333353 5.5562500000000012 1.0000000180025095e-35 34388.000000000007 408.5437500000001 413.93750000000006 34533.000000000007 7.1850260416666671 9.1812500000000039 364.81250000000006
decision_type=2 2 2 2 2 2 2 2 2 2 2 2 2 2 2 2 2 2
left_child=1 3 -3 -1 -5 6 7 -2 9 -4 11 12 14 -13 15 16 -8 -12
right_child=5 2 8 4 -6 -7 10 -9 -10 -11 17 13 -14 -15 -16 -17 -18 -19
leaf_value=2.7902383070474142 -11.036068327946275 0.59457094947459155 32.816809265258556 27.36849943525597 3.9398591691713798 -12.194158446429826 70.433340062100498 0.31613927258242125 -8.8300861633420595 -1.6637079779472157 -9.5235573864780143 -10.065537103979112 12.05225468440773 -67.273494936210469 -18.657210959343942 -4.1628106253671247 7.8402964942768723 -36.886620236900633
leaf_weight=9144 2712 211257 380 1504 1352 2496 95 95083 8082 2161 2543 2864 3264 111 1271 14123 945 413
leaf_count=9144 2712 211257 380 1504 1352 2496 95 95083 8082 2161 2543 2864 3264 111 1271 14123 945 413
internal_value=-2.30161e-09 0.577734 0.284467 6.00024 16.2776 -1.07307 -0.848165 0.00132576 -5.88249 3.49276 -4.08965 -2.88277 -1.47558 -12.2 -4.16237 -2.94738 13.5579 -13.3466
internal_weight=359800 233880 221880 12000 2856 125920 123424 97795 10623 2541 25629 22673 19698 2975 16434 15163 1040 2956
internal_count=359800 233880 221880 12000 2856 125920 123424 97795 10623 2541 25629 22673 19698 2975 16434 15163 1040 2956
is_linear=0
shrinkage=0.0229654


Tree=382
num_leaves=19
num_cat=0
split_feature=36 6 3 3 16 7 7 25 26 1 3 1 3 1 32 26 36 30
split_gain=4.0859e+08 6.54359e+08 5.68989e+08 1.05596e+09 1.14832e+09 1.10236e+09 5.66177e+08 5.33641e+08 5.10403e+08 5.02845e+08 7.28245e+08 7.81009e+08 7.14141e+08 9.35623e+08 5.09735e+08 4.93285e+08 1.00764e+09 6.64082e+08
threshold=22322.500000000004 1.0000000180025095e-35 4.5000000000000009 5.5000000000000009 153.06250000000003 -0.44134171618254464 0.55438071450436044 8.0893229166666689 12.364973958333335 5.5000000000000009 1.0000000180025095e-35 1.5000000000000002 1.0000000180025095e-35 9.5000000000000018 196.02500000000003 8.0907552083333361 27994.500000000004 961.20625000000018
decision_type=2 2 2 2 2 2 2 2 2 2 2 2 2 2 2 2 2 2
left_child=8 2 9 4 7 -5 -3 -4 -1 10 -2 -12 13 14 -11 16 -14 -17
right_child=1 6 3 5 -6 -7 -8 -9 -10 12 11 -13 15 -15 -16 17 -18 -19
leaf_value=3.2903818987775053 -12.997623739216877 -4.5306322874493921 0.10625217394632067 5.2428822592327906 -14.260896817884166 -4.0150372915997767 -22.477027079188119 -6.8798658286727736 0.016538038930591623 14.371325474452011 3.952322326729738 -5.4007524047806177 10.129397387816679 1.7900665186602847 -3.3728772545378569 -0.1530128622498855 0.50079453165977872 -5.6923407442518439
leaf_weight=38662 3256 4496 12751 14472 6081 12768 1168 10528 71682 5493 8472 10600 6795 23928 1011 77601 36653 13383
leaf_count=38662 3256 4496 12751 14472 6081 12768 1168 10528 71682 5493 8472 10600 6795 23928 1011 77601 36653 13383
internal_value=1.51228e-09 -0.514713 -0.335431 -2.35311 -5.37455 0.903487 -8.23144 -3.05324 1.16362 0.274641 -2.9597 -1.24601 0.712677 3.88947 11.6131 -0.00646922 2.00665 -0.967803
internal_weight=359800 249456 243792 56600 29360 27240 5664 23279 110344 187192 22328 19072 164864 30432 6504 134432 43448 90984
internal_count=359800 249456 243792 56600 29360 27240 5664 23279 110344 187192 22328 19072 164864 30432 6504 134432 43448 90984
is_linear=0
shrinkage=0.0229654


Tree=383
num_leaves=19
num_cat=0
split_feature=7 35 16 26 16 24 15 22 16 33 4 4 21 35 16 33 35 15
split_gain=4.02746e+08 4.4426e+08 7.25239e+08 6.40824e+08 9.19303e+08 7.67671e+08 5.17933e+08 4.24362e+08 7.12702e+08 4.1639e+08 4.98472e+08 5.57932e+08 7.86263e+08 7.35122e+08 8.03089e+08 4.75318e+08 4.14367e+08 3.8915e+08
threshold=-0.94490267940017747 33403.500000000007 509.81250000000006 8.1608072916666696 1.0000000180025095e-35 -1.350000000000001 17.481250000000006 9.3793836805555575 169.31250000000003 0.67708333333333348 1.5000000000000002 3.5000000000000004 7.4000000000000004 28197.500000000004 299.56250000000006 0.35763888888888895 42681.500000000007 22.631250000000005
decision_type=2 2 2 2 2 2 2 2 2 2 2 2 2 2 2 2 2 2
left_child=16 3 -3 4 -2 6 -6 8 -8 10 -5 12 -12 -14 -15 17 -1 -13
right_child=1 2 -4 9 5 -7 7 -9 -10 -11 11 15 13 14 -16 -17 -18 -19
leaf_value=1.8583772811795329 0.22395327664902789 -2.445131734068017 -74.409745014858586 6.99689477416735 4.0059141506149647 9.2223758336089023 0.70093761397055643 5.8283728861551971 -30.762314538117884 -17.071495828408338 7.193916170665128 -0.0020777959057588849 -2.9986547637753067 -10.243056914259952 -38.970694382227997 -15.620478088071039 17.020904119778624 -5.4999950623841825
leaf_weight=36504 47755 38214 74 4574 5115 13607 714 676 811 803 2653 182756 11297 4580 578 1061 976 7052
leaf_count=36504 47755 38214 74 4574 5115 13607 714 676 811 803 2653 182756 11297 4580 578 1061 976 7052
internal_value=-9.7537e-10 -0.262009 -2.58422 0.0510294 1.98268 5.99681 -0.00239703 -9.31749 -16.0313 -0.564987 -0.503208 -0.666586 -4.40803 -6.27858 -13.4622 -0.292028 2.25322 -0.206344
internal_weight=359800 322320 38288 284032 68678 20923 7316 2201 1525 215354 214551 209977 19108 16455 5158 190869 37480 189808
internal_count=359800 322320 38288 284032 68678 20923 7316 2201 1525 215354 214551 209977 19108 16455 5158 190869 37480 189808
is_linear=0
shrinkage=0.0229654


Tree=384
num_leaves=19
num_cat=0
split_feature=36 4 0 0 0 16 16 0 1 36 21 36 13 26 10 36 17 26
split_gain=4.02422e+08 6.17104e+08 7.79956e+08 8.1925e+08 5.94521e+08 5.57892e+08 6.56441e+08 6.79503e+08 4.66443e+08 4.45214e+08 4.41875e+08 1.10753e+09 4.86946e+08 4.84652e+08 5.26483e+08 5.19753e+08 4.68103e+08 4.14801e+08
threshold=27900.500000000004 1.5000000000000002 17.500000000000004 45.500000000000007 45.500000000000007 85.812500000000014 1.0000000180025095e-35 33.500000000000007 19.500000000000004 26879.500000000004 7.8048177083333341 34381.500000000007 2.3312500000000007 6.586588541666667 0.6830127018922193 30991.000000000004 49.562500000000007 8.2904947916666689
decision_type=2 2 2 2 2 2 2 2 2 2 2 2 2 2 2 2 2 2
left_child=1 2 9 -4 5 6 7 -2 -9 -1 16 13 -13 -12 15 -15 -7 -3
right_child=4 17 3 -5 -6 10 -8 8 -10 -11 11 12 -14 14 -16 -17 -18 -19
leaf_value=4.0786883297058498 -6.2749031287719168 2.5044702136345283 28.038637205447241 3.5730522751110363 -13.207698197584362 -5.9351802906186215 2.7118560879878273 3.28807157961492 -2.4820222865482426 -11.884007320327024 16.039467300021467 -4.7202977950441865 -20.559448718618285 -2.3541654155020439 7.3580759574882197 -11.359354733293335 2.2799774174416645 -0.16099272144264501
leaf_weight=8608 11774 36739 1464 1424 2096 5191 33622 14017 15626 1032 707 1555 2996 13650 2181 4493 12388 190237
leaf_count=8608 11774 36739 1464 1424 2096 5191 33622 14017 15626 1032 707 1555 2996 13650 2181 4493 12388 190237
internal_value=-1.19487e-09 0.544319 5.5062 15.9753 -1.08372 -0.868725 0.327858 -1.60745 0.246426 2.36982 -2.94908 -4.87531 -15.1475 -2.65247 -3.3027 -4.58424 -0.145922 0.270447
internal_weight=359800 239504 12528 2888 120296 118200 75039 41417 29643 9640 43161 25582 4551 21031 20324 18143 17579 226976
internal_count=359800 239504 12528 2888 120296 118200 75039 41417 29643 9640 43161 25582 4551 21031 20324 18143 17579 226976
is_linear=0
shrinkage=0.0229654


Tree=385
num_leaves=19
num_cat=0
split_feature=3 21 30 32 15 8 3 0 4 0 6 0 27 15 15 14 10 31
split_gain=4.0323e+08 4.79217e+08 5.00001e+08 1.00518e+09 5.9754e+08 5.30991e+08 9.64365e+08 6.59388e+08 5.67473e+08 6.31709e+08 5.23537e+08 9.81973e+08 5.06789e+08 4.68248e+08 4.62697e+08 5.36316e+08 4.32809e+08 8.82797e+08
threshold=4.5000000000000009 22.154166666666672 39.818750000000009 437.6062500000001 18.456250000000008 0.25881904510252057 1.0000000180025095e-35 22.500000000000004 1.5000000000000002 14.500000000000002 1.0000000180025095e-35 20.500000000000004 3.5907738095238106 21.243750000000009 17.481250000000006 48.687500000000007 -0.24999999999999994 97.143750000000026
decision_type=2 2 2 2 2 2 2 2 2 2 2 2 2 2 2 2 2 2
left_child=1 2 3 4 -1 6 7 8 9 -4 12 -12 -8 16 -2 -16 -9 -18
right_child=14 -3 5 -5 -6 -7 10 13 -10 -11 11 -13 -14 -15 15 -17 17 -19
leaf_value=-6.3569567210562488 -0.43804836852339829 8.7007417680280792 0.99136686487675529 0.82414256873777769 -23.302222041437034 -0.60529882148687719 1.5870920808062914 9.2336966184322762 8.0335081904913572 37.066899190560292 -32.425519581172473 1.0248119803944948 -2.7847058230797659 -7.9946558759379167 -26.200708965281112 -3.6519355159246145 -0.218685896903623 66.191805908167737
leaf_weight=8164 81656 3691 384 15935 1268 95066 88144 5094 10153 768 720 1296 16622 1975 572 20292 7893 107
leaf_count=8164 81656 3691 384 15935 1268 95066 88144 5094 10153 768 720 1296 16622 1975 572 20292 7893 107
internal_value=8.49746e-10 0.485312 0.365736 -2.69298 -8.63501 0.705714 1.6417 5.57427 9.76668 25.0417 0.670404 -10.9217 0.89347 2.42906 -1.21792 -4.27012 4.00129 0.669554
internal_weight=359800 257280 253589 25367 9432 228222 133156 26374 11305 1152 106782 2016 104766 15069 102520 20864 13094 8000
internal_count=359800 257280 253589 25367 9432 228222 133156 26374 11305 1152 106782 2016 104766 15069 102520 20864 13094 8000
is_linear=0
shrinkage=0.0229654


Tree=386
num_leaves=19
num_cat=0
split_feature=8 36 16 29 15 35 27 8 3 4 15 35 27 9 33 10 16 6
split_gain=3.98773e+08 4.37902e+08 6.37402e+08 5.96685e+08 6.86198e+08 6.19822e+08 6.0859e+08 5.89696e+08 1.9942e+09 1.02274e+09 6.87444e+08 7.73171e+08 9.78927e+08 6.84023e+08 6.83238e+08 7.35919e+08 7.12363e+08 6.77058e+08
threshold=0.99572243068690536 28472.500000000004 406.31250000000006 135.06875000000005 22.856250000000006 16852.500000000004 -1.7587239583333323 1.0000000180025095e-35 1.5000000000000002 1.5000000000000002 16.743750000000002 30623.000000000004 3.3978422619047608 -0.93301270189221908 0.12847222222222224 -0.9330127018922193 199.56250000000003 1.0000000180025095e-35
decision_type=2 2 2 2 2 2 2 2 2 2 2 2 2 2 2 2 2 2
left_child=1 3 -3 4 6 -5 -1 8 9 -7 13 -12 -13 -11 15 -10 -17 -16
right_child=-2 2 -4 5 -6 7 -8 -9 14 10 11 12 -14 -15 17 16 -18 -19
leaf_value=-2.7380495785210313 -5.2500265132682244 -0.81824798002651211 -12.386536689084208 -12.865310060946694 -9.7676249852749653 40.702441473817089 0.88851248620172318 0.73899253653306651 11.170531457597054 -6.8106724557511757 3.6528911297166795 -1.8191090077572369 -115.96176750387026 17.113150536981035 8.1524815031845268 2.7387401817102974 -5.3764371421742192 -27.639984750774286
leaf_weight=34072 7472 107724 2572 1495 4036 672 86020 72262 2617 701 1786 97 67 6251 8664 10473 12531 288
leaf_count=34072 7472 107724 2572 1495 4036 672 86020 72262 2617 701 1786 97 67 6251 8664 10473 12531 288
internal_value=1.51821e-09 0.11134 -1.08801 0.657894 -0.453428 1.82788 -0.140401 2.01658 4.1078 13.3831 11.3208 -0.729143 -48.4506 14.7008 1.53926 -0.369073 -1.68185 7.00098
internal_weight=359800 352328 110296 242032 124128 117904 120092 116409 44147 9574 8902 1950 164 6952 34573 25621 23004 8952
internal_count=359800 352328 110296 242032 124128 117904 120092 116409 44147 9574 8902 1950 164 6952 34573 25621 23004 8952
is_linear=0
shrinkage=0.0229654


Tree=387
num_leaves=19
num_cat=0
split_feature=7 17 1 11 1 35 33 6 35 9 0 10 30 12 35 0 33 17
split_gain=4.12753e+08 5.48312e+08 6.04876e+08 3.92955e+08 5.98837e+08 5.23906e+08 5.93007e+08 3.7329e+08 6.54964e+08 5.9794e+08 3.35687e+08 3.28146e+08 1.39432e+09 6.25942e+08 5.53496e+08 7.69e+08 9.71311e+08 6.25038e+08
threshold=0.75023006073889154 98.687500000000014 18.500000000000004 132.00000000000003 9.5000000000000018 32229.500000000004 0.10069444444444446 1.0000000180025095e-35 22188.500000000004 0.68301270189221941 47.500000000000007 0.6830127018922193 989.99375000000009 8.6312500000000032 28274.500000000004 35.500000000000007 0.57291666666666674 17.062500000000004
decision_type=2 2 2 2 2 2 2 2 2 2 2 2 2 2 2 2 2 2
left_child=1 10 3 4 -3 6 -6 -2 9 -9 11 14 -13 -14 -1 16 17 -16
right_child=7 2 -4 -5 5 -7 -8 8 -10 -11 -12 12 13 -15 15 -17 -18 -19
leaf_value=0.5074506803992368 -1.192586687941591 1.0863360308875052 -2.2440805465329552 -0.16607492540338015 12.577293092083579 5.4882074873291851 35.308462775344836 -12.898347200769891 -37.317028623281026 21.277655226358359 -4.9196988398596639 8.5384348543906601 0.75591575298288549 -8.4231365376856981 -29.792976262149221 0.51030209030505891 5.7131146877877317 -6.5006042425361557
leaf_weight=143200 80608 5561 7315 5052 4317 5464 704 1080 408 360 6889 12452 33340 4440 627 24725 3607 19651
leaf_count=143200 80608 5561 7315 5052 4317 5464 704 1080 408 360 6889 12452 33340 4440 627 24725 3607 19651
internal_value=-2.80132e-10 0.424122 3.44658 5.41961 7.17824 10.4092 15.7645 -1.42655 -11.6318 -4.35435 0.0791387 0.221416 1.87379 -0.322829 -0.211314 -2.32872 -5.26759 -7.22081
internal_weight=359800 277344 28413 21098 16046 10485 5021 82456 1848 1440 248931 242042 50232 37780 191810 48610 23885 20278
internal_count=359800 277344 28413 21098 16046 10485 5021 82456 1848 1440 248931 242042 50232 37780 191810 48610 23885 20278
is_linear=0
shrinkage=0.0229654


Tree=388
num_leaves=19
num_cat=0
split_feature=3 34 22 22 28 11 16 4 26 14 28 26 24 22 28 3 29 29
split_gain=3.90184e+08 4.84767e+08 4.17766e+08 6.25925e+08 5.26483e+08 6.30734e+08 6.48031e+08 4.93683e+08 1.28895e+09 9.80316e+08 4.87826e+08 4.87145e+08 4.68764e+08 4.52002e+08 4.26519e+08 6.55858e+08 5.82884e+08 5.60926e+08
threshold=4.5000000000000009 0.61458333333333348 12.423350694444446 10.598220486111112 0.026724137931034567 156.00000000000003 326.31250000000006 11.500000000000002 4.5654947916666675 75.187500000000014 -3.0116843971631195 8.6042968750000011 -3.6499999999999972 8.9499565972222239 -1.0000000180025095e-35 2.5000000000000004 87.656250000000014 93.650000000000006
decision_type=2 2 2 2 2 2 2 2 2 2 2 2 2 2 2 2 2 2
left_child=1 2 3 4 5 7 -7 -1 9 -9 -11 -6 -4 -13 17 16 -16 -14
right_child=-2 -3 12 -5 11 6 -8 8 -10 10 -12 13 14 -15 15 -17 -18 -19
leaf_value=3.056867387266144 -1.1980561883562963 8.8420166177050863 -8.6490255282753257 4.2262422387534402 0.92456772515958163 -6.0810351707769623 14.87299450137581 -38.456246859615639 4.7551031073794814 -17.490704744031529 2.2161268844271587 -6.4545681448502501 -5.3727755835406628 -0.38154164836763055 3.6861659869575631 -2.3143945216078436 -3.8694043208681199 1.0666682244052772
leaf_weight=60861 102520 3603 3872 27714 24281 8205 860 683 4691 1320 1330 13757 17680 12192 32415 25397 6458 11961
leaf_count=60861 102520 3603 3872 27714 24281 8205 860 683 4691 1320 1330 13757 17680 12192 32415 25397 6458 11961
internal_value=-1.32946e-09 0.477397 0.358594 1.0967 0.420053 1.60154 -4.09312 2.35094 -3.00345 -13.9232 -7.60011 -1.41345 -0.818153 -3.60119 -0.495282 0.555777 2.43095 -2.77427
internal_weight=359800 257280 253677 155894 128180 77950 9065 68885 8024 3333 2650 50230 97783 25949 93911 64270 38873 29641
internal_count=359800 257280 253677 155894 128180 77950 9065 68885 8024 3333 2650 50230 97783 25949 93911 64270 38873 29641
is_linear=0
shrinkage=0.0229654


Tree=389
num_leaves=19
num_cat=0
split_feature=7 14 16 35 22 3 14 13 22 35 10 28 28 3 7 20 35 35
split_gain=3.95815e+08 5.28386e+08 1.13627e+09 1.32362e+09 7.0436e+08 6.22757e+08 6.05551e+08 5.86714e+08 6.97614e+08 5.76312e+08 5.43567e+08 1.67021e+09 6.69569e+08 5.19411e+08 9.13844e+08 5.15049e+08 4.81722e+08 4.87045e+08
threshold=0.82968937203783699 79.062500000000014 7.5625000000000009 31006.500000000004 2.6752170138888896 3.5000000000000004 87.812500000000014 17.831250000000008 16.127213541666674 40730.000000000007 0.93301270189221952 -2.2002989130434778 1.4090744400527007 5.5000000000000009 1.0000000180025095e-35 0.52500000000000047 17399.500000000004 26282.500000000004
decision_type=2 2 2 2 2 2 2 2 2 2 2 2 2 2 2 2 2 2
left_child=1 5 -3 6 9 7 -4 8 10 -5 12 -12 -1 16 -15 -6 -7 -18
right_child=-2 2 3 4 15 13 -8 -9 -10 -11 11 -13 -14 14 -16 -17 17 -19
leaf_value=2.4981509057361668 -1.5856052549300022 -0.14116832908317586 6.4022424841457148 20.676095226428718 -1.1426476829344734 -25.400536769934263 15.605522533159508 4.6305179335401485 -5.1321342208479521 -5.8430645997164232 -32.673022806090763 7.4988763661292506 -3.1889914472206953 3.6316567427772193 -6.1519256992825841 48.687907766750499 -1.0647949443435591 -5.6714316700613772
leaf_weight=49377 67464 79726 17623 1507 19956 520 4797 16928 12191 606 982 1229 14018 16835 7184 110 26375 22372
leaf_count=49377 67464 79726 17623 1507 19956 520 4797 16928 12191 606 982 1229 14018 16835 7184 110 26375 22372
internal_value=-3.43384e-10 0.365919 1.50093 4.43636 0.458586 -0.473965 8.37138 0.755858 -0.0872363 13.0705 0.850214 -10.3432 1.2406 -2.06356 0.705421 -0.869481 -3.41351 -3.17897
internal_weight=359800 292336 124325 44599 22179 168011 22420 94725 77797 2113 65606 2211 63395 73286 24019 20066 49267 48747
internal_count=359800 292336 124325 44599 22179 168011 22420 94725 77797 2113 65606 2211 63395 73286 24019 20066 49267 48747
is_linear=0
shrinkage=0.0229654


Tree=390
num_leaves=19
num_cat=0
split_feature=36 6 3 3 8 29 1 25 1 1 3 1 3 1 29 26 8 3
split_gain=4.10439e+08 5.99942e+08 5.64524e+08 7.87425e+08 9.97432e+08 8.22501e+08 8.21108e+08 5.79808e+08 5.57546e+08 5.26269e+08 6.86028e+08 7.28361e+08 6.08328e+08 8.56574e+08 4.93138e+08 4.9277e+08 4.71521e+08 5.65898e+08
threshold=22616.000000000004 1.0000000180025095e-35 4.5000000000000009 5.5000000000000009 1.0000000180025095e-35 276.51875000000013 11.500000000000002 7.7403645833333341 17.500000000000004 5.5000000000000009 1.0000000180025095e-35 1.5000000000000002 1.0000000180025095e-35 9.5000000000000018 27.531250000000011 11.926692708333336 1.0000000180025095e-35 4.5000000000000009
decision_type=2 2 2 2 2 2 2 2 2 2 2 2 2 2 2 2 2 2
left_child=15 2 9 4 5 -4 -5 -6 -8 10 -2 -12 13 -11 -3 16 17 -1
right_child=1 14 3 6 7 -7 8 -9 -10 12 11 -13 -14 -15 -16 -17 -18 -19
leaf_value=14.542196344112437 -13.538681992603287 -29.374196736618753 -19.103155800848324 -5.8508905229902144 3.8335689496558798 -6.1995320900799964 7.9103367384941654 -5.2268317776773543 -0.20479419576425004 11.112439499772726 3.6924751417830519 -5.7572549684726013 0.013686163624806518 1.6204042236420433 -5.8261159680693391 0.07006534129160559 1.6396708133751872 3.5324928381266614
leaf_weight=3722 2920 518 3563 7720 6956 9693 7472 8020 11096 6368 7816 9568 132176 23584 4962 78618 27753 7275
leaf_count=3722 2920 518 3563 7720 6956 9693 7472 8020 11096 6368 7816 9568 132176 23584 4962 78618 27753 7275
internal_value=-1.18032e-10 -0.539694 -0.365956 -2.41645 -5.07968 -9.66782 0.44373 -1.01849 3.06084 0.246835 -3.23867 -1.50857 0.68334 3.63848 -8.05201 1.11478 3.23434 7.25879
internal_weight=359800 242432 236952 54520 28232 13256 26288 14976 18568 182432 20304 17384 162128 29952 5480 117368 38750 10997
internal_count=359800 242432 236952 54520 28232 13256 26288 14976 18568 182432 20304 17384 162128 29952 5480 117368 38750 10997
is_linear=0
shrinkage=0.0229654


Tree=391
num_leaves=19
num_cat=0
split_feature=36 35 33 1 29 15 27 1 35 13 16 28 10 26 35 33 35 35
split_gain=3.95933e+08 7.1903e+08 6.29888e+08 5.596e+08 5.30732e+08 8.25317e+08 7.17548e+08 6.89544e+08 4.98986e+08 4.97657e+08 4.85061e+08 5.36524e+08 1.22655e+09 1.49271e+09 8.02252e+08 7.07379e+08 6.70735e+08 4.69601e+08
threshold=25803.000000000004 19152.500000000004 0.045138888888888895 22.500000000000004 203.14375000000004 22.856250000000006 -1.8294828869047624 5.5000000000000009 26149.500000000004 13.756250000000003 159.81250000000003 -1.2321428571428557 0.93301270189221952 4.6667968750000011 36866.500000000007 0.63541666666666674 32087.000000000004 41867.500000000007
decision_type=2 2 2 2 2 2 2 2 2 2 2 2 2 2 2 2 2 2
left_child=4 2 -2 10 5 6 -1 -6 -7 -10 11 12 -3 14 16 -13 -14 -12
right_child=1 3 -4 -5 7 8 -8 -9 9 -11 17 15 13 -15 -16 -17 -18 -19
leaf_value=-2.4699481166297437 -9.4070620352299592 4.0394945421759765 -49.617060993903863 -10.919286295142026 0.37598786726077471 -6.6758128028932813 1.3173766893267027 5.0040869288101062 -17.137977656308045 -62.153731396854369 -2.6921232688842713 -0.24260781249918392 -14.340670284679781 6.0214835859830993 0.71862174069995988 -8.1208654747731064 -40.785653689233435 -54.641434649090407
leaf_weight=38255 840 32978 272 2784 40852 3289 85020 29054 544 170 37303 76843 1068 2188 766 6521 961 92
leaf_count=38255 840 32978 272 2784 40852 3289 85020 29054 544 170 37303 76843 1068 2188 766 6521 961 92
internal_value=2.16583e-09 -0.838897 -19.2426 -0.712183 0.691832 -0.19116 0.142085 2.2995 -10.4536 -27.856 -0.533147 0.171689 2.43484 -8.1849 -19.306 -0.85887 -26.8659 -2.81993
internal_weight=359800 162616 1112 161504 197184 127278 123275 69906 4003 714 158720 121325 37961 4983 2795 83364 2029 37395
internal_count=359800 162616 1112 161504 197184 127278 123275 69906 4003 714 158720 121325 37961 4983 2795 83364 2029 37395
is_linear=0
shrinkage=0.0229654


Tree=392
num_leaves=19
num_cat=0
split_feature=35 7 0 16 11 35 35 16 11 16 9 16 9 3 35 8 3 35
split_gain=3.89005e+08 4.00838e+08 4.70117e+08 4.86967e+08 9.48118e+08 9.4632e+08 7.00091e+08 7.123e+08 9.29238e+08 7.80406e+08 6.75287e+08 6.13305e+08 4.8033e+08 4.44547e+08 7.62692e+08 6.48703e+08 1.27158e+09 8.12543e+08
threshold=15369.500000000002 0.44134171618254497 47.500000000000007 406.31250000000006 132.00000000000003 26028.500000000004 23876.500000000004 7.5625000000000009 132.00000000000003 268.31250000000006 0.93301270189221952 670.31250000000011 -0.93301270189221908 4.5000000000000009 34552.000000000007 0.13052619222005152 1.0000000180025095e-35 26684.500000000004
decision_type=2 2 2 2 2 2 2 2 2 2 2 2 2 2 2 2 2 2
left_child=-1 2 3 6 5 11 7 -2 9 12 -7 -5 -9 15 -15 16 17 -3
right_child=1 13 -4 4 -6 10 -8 8 -10 -11 -12 -13 -14 14 -16 -17 -18 -19
leaf_value=-12.013349572076578 1.5494217818272664 6.9410429650007348 -5.0368660774171046 -0.87357967451966578 3.8117038712968698 -10.258679442294145 0.58913831426473118 36.048373635199781 -3.3906465131232024 6.1120612615797221 -36.531553503477312 -11.335661140349389 15.158647868366486 -2.5398652472090784 -21.724198248931526 -2.186290721402198 -0.15354194969859389 28.981074743078683
leaf_weight=1416 22701 8528 7504 21272 12354 2473 145949 678 3001 7106 652 3432 4038 35184 1128 42808 38592 984
leaf_count=1416 22701 8528 7504 21272 12354 2473 145949 678 3001 7106 652 3432 4038 35184 1128 42808 38592 984
internal_value=4.76266e-10 0.0474656 0.617252 0.806957 -1.48285 -3.83323 1.30845 4.10622 8.02188 10.9189 -15.7403 -2.32702 18.1619 -0.98781 -3.13581 -0.129858 1.70017 9.22105
internal_weight=359800 358384 231160 223656 40183 27829 183473 37524 14823 11822 3125 24704 4716 127224 36312 90912 48104 9512
internal_count=359800 358384 231160 223656 40183 27829 183473 37524 14823 11822 3125 24704 4716 127224 36312 90912 48104 9512
is_linear=0
shrinkage=0.0229654


Tree=393
num_leaves=19
num_cat=0
split_feature=36 35 4 7 5 0 8 36 25 36 36 4 7 29 36 35 7 26
split_gain=4.01379e+08 5.85834e+08 1.01755e+09 5.06365e+08 7.00457e+08 6.94047e+08 6.24945e+08 7.86935e+08 7.45718e+08 8.43129e+08 5.56025e+08 1.15476e+09 7.99046e+08 7.69996e+08 6.49527e+08 5.89358e+08 6.29213e+08 4.86959e+08
threshold=22322.500000000004 17545.500000000004 7.5000000000000009 -0.13052619222005171 1.0000000180025095e-35 7.5000000000000009 1.0000000180025095e-35 26879.500000000004 17.412239583333339 27994.500000000004 32819.500000000007 1.5000000000000002 -0.65793410509763395 365.80625000000003 30369.500000000004 24987.500000000004 -0.97868534383143924 3.3930989583333337
decision_type=2 2 2 2 2 2 2 2 2 2 2 2 2 2 2 2 2 2
left_child=-1 2 -2 10 6 -6 8 -8 9 -5 11 12 -3 -13 -14 -12 -17 -15
right_child=1 3 -4 4 5 -7 7 -9 -10 -11 15 13 14 17 -16 16 -18 -19
leaf_value=1.1533039138351897 -18.769662361523487 25.295622719193766 12.784749057303413 6.0418710944777363 1.7867094569337547 -7.7747842625831405 -1.8627504070651266 -12.798210378197927 -5.1837025409122273 -0.40273254730073543 38.526276198439888 -0.030609447360549324 13.637415666358132 -6.7195578024690068 -7.6868638851529845 3.4279256893052015 -3.248377577931544 6.9978905617058977
leaf_weight=110344 2144 1664 720 17079 5376 15688 26576 3992 9138 28695 192 75984 2024 1516 1200 9512 34264 13692
leaf_count=110344 2144 1664 720 17079 5376 15688 26576 3992 9138 28695 192 75984 2024 1516 1200 9512 34264 13692
internal_value=-7.55034e-10 -0.510151 -10.837 -0.390211 -1.58335 -5.33448 -0.658995 -3.29086 0.80609 2.00185 0.517489 1.49638 12.3711 0.913484 5.70034 -1.62161 -1.7977 5.63048
internal_weight=359800 249456 2864 246592 106544 21064 85480 30568 54912 45774 140048 96080 4888 91192 3224 43968 43776 15208
internal_count=359800 249456 2864 246592 106544 21064 85480 30568 54912 45774 140048 96080 4888 91192 3224 43968 43776 15208
is_linear=0
shrinkage=0.0229654


Tree=394
num_leaves=19
num_cat=0
split_feature=15 29 33 24 10 22 21 36 16 22 27 15 15 4 29 28 22 35
split_gain=3.90758e+08 4.56227e+08 5.39478e+08 3.88371e+08 4.01212e+08 1.87666e+09 8.0858e+08 1.06528e+09 7.67367e+08 6.59789e+08 6.4261e+08 8.33188e+08 5.95059e+08 5.94974e+08 1.10827e+09 4.71888e+08 4.96954e+08 5.61972e+08
threshold=5.9687500000000009 746.06875000000002 0.98958333333333348 4.5500000000000043 0.6830127018922193 8.5499565972222253 7.8048177083333341 31254.500000000004 72.312500000000014 2.863932291666667 0.087797619047619083 17.206250000000008 20.956250000000008 5.5000000000000009 65.693750000000009 1.2856433823529427 12.915147569444446 19374.500000000004
decision_type=2 2 2 2 2 2 2 2 2 2 2 2 2 2 2 2 2 2
left_child=-1 2 3 4 6 9 -2 10 -9 -6 11 -8 -10 14 -12 16 -16 -18
right_child=1 -3 -4 -5 5 -7 7 8 12 -11 13 -13 -14 -15 15 -17 17 -19
leaf_value=2.7698589521609573 2.414794307610864 11.887381075940345 -7.2421251851910826 -5.0261783443718349 8.5308165248456564 7.0256197562975027 -0.96759471876854497 -2.3489064696173232 -15.921521572781435 -1.9663460229594083 -10.825433711297228 -6.8681382420511286 1.1820543991897319 2.2674786998629406 0.85335314179130883 -2.4345476728738835 30.45584451890079 6.4334374690282319
leaf_weight=24996 43504 1637 5746 8373 3422 22177 83120 8966 5480 40931 5649 14881 1334 57142 11842 17052 623 2925
leaf_count=24996 43504 1637 5746 8373 3422 22177 83120 8966 5480 40931 5649 14881 1334 57142 11842 17052 623 2925
internal_value=-3.15469e-09 -0.206794 -0.266218 -0.143796 -0.0156641 1.57095 -0.433683 -1.02656 -6.76384 -1.15645 -0.558041 -1.86357 -12.5731 0.785428 -1.43786 0.19676 3.11223 10.6516
internal_weight=359800 334804 333167 327421 319048 66530 252518 209014 15780 44353 193234 98001 6814 95233 38091 32442 15390 3548
internal_count=359800 334804 333167 327421 319048 66530 252518 209014 15780 44353 193234 98001 6814 95233 38091 32442 15390 3548
is_linear=0
shrinkage=0.0229654


Tree=395
num_leaves=19
num_cat=0
split_feature=36 6 3 3 7 16 4 7 16 36 3 25 35 7 0 3 0 3
split_gain=3.85407e+08 5.75318e+08 5.36869e+08 7.40915e+08 1.12131e+09 9.54852e+08 4.93049e+08 5.86433e+08 5.74088e+08 5.3066e+08 5.93007e+08 4.89605e+08 5.19786e+08 4.82166e+08 4.8116e+08 6.06528e+08 6.06843e+08 5.93828e+08
threshold=22616.000000000004 1.0000000180025095e-35 4.5000000000000009 5.5000000000000009 -0.44134171618254464 153.06250000000003 4.5000000000000009 0.55438071450436044 589.18750000000011 19397.500000000004 5.5000000000000009 8.0893229166666689 33243.500000000007 0.25881904510252096 13.500000000000002 1.0000000180025095e-35 4.5000000000000009 1.0000000180025095e-35
decision_type=2 2 2 2 2 2 2 2 2 2 2 2 2 2 2 2 2 2
left_child=6 2 14 5 -5 11 -1 8 9 10 -8 12 -4 -3 15 -2 -17 -16
right_child=1 13 3 4 -6 -7 7 -9 -10 -11 -12 -13 -14 -15 17 16 -18 -19
leaf_value=4.0297238132502171 -11.743331830652167 -3.3811456549990027 4.3245685348175957 4.7633428907726314 -4.7599132631524439 -13.303625796563786 12.052674532412308 -1.5634029663060554 -3.6697384216271169 1.6835461648298613 0.3668195928584389 -6.5730011559651675 -5.1533267022239384 -18.195473112038943 3.6404440690718518 3.682053820974692 -4.5443339660901838 0.027323597057890243
leaf_weight=23824 3440 3816 7083 14304 11984 5732 6283 44904 7716 31037 3604 10055 5362 1664 29432 7816 11976 129768
leaf_count=23824 3440 3816 7083 14304 11984 5732 6283 44904 7716 31037 3604 10055 5362 1664 29432 7816 11976 129768
internal_value=1.13756e-09 -0.522978 -0.352843 -2.35248 0.421944 -4.93586 1.08025 0.329069 2.07618 3.15954 7.79296 -2.80412 0.240963 -7.87951 0.24475 -2.84268 -1.29568 0.695297
internal_weight=359800 242432 236952 54520 26288 28232 117368 93544 48640 40924 9887 22500 12445 5480 182432 23232 19792 159200
internal_count=359800 242432 236952 54520 26288 28232 117368 93544 48640 40924 9887 22500 12445 5480 182432 23232 19792 159200
is_linear=0
shrinkage=0.0229654


Tree=396
num_leaves=19
num_cat=0
split_feature=36 4 22 6 22 26 3 3 36 4 30 22 36 27 26 3 13 23
split_gain=3.85539e+08 6.31651e+08 5.15758e+08 3.93033e+08 3.80636e+08 3.73425e+08 3.6463e+08 5.93749e+08 4.15717e+08 3.84609e+08 4.85134e+08 3.74602e+08 3.99144e+08 3.64283e+08 8.7265e+08 8.25087e+08 7.45346e+08 6.69112e+08
threshold=27598.000000000004 1.5000000000000002 7.1385416666666677 1.0000000180025095e-35 2.2143663194444447 3.1248697916666672 4.5000000000000009 5.5000000000000009 35950.500000000007 8.5000000000000018 1640.5562500000003 12.975651041666667 32663.500000000004 0.058649553571426878 8.2904947916666689 3.5000000000000004 8.2562500000000032 1.425
decision_type=2 2 2 2 2 2 2 2 2 2 2 2 2 2 2 2 2 2
left_child=1 2 5 4 -2 -1 11 -8 9 -9 -11 12 -6 -3 17 16 -16 -15
right_child=3 13 -4 -5 6 -7 7 8 -10 10 -12 -13 -14 14 15 -17 -18 -19
leaf_value=8.6036723935607764 5.6072063888866586 -0.53355964924617927 13.034955324888507 -9.7251466761201382 1.8268176119292063 -1.2803404466831712 -7.4367875673942825 -5.7922802886093194 10.027571499931213 5.3020816456383244 -32.016171360782081 -4.3546550510971773 -1.3526597124181685 2.8734388976197232 -4.7620290713777056 -1.5863115360204523 4.0081344820897211 16.718063310532699
leaf_weight=3319 4654 126554 3546 2680 37542 5135 11300 5635 1826 3823 193 11504 46763 4254 5875 42659 39292 3246
leaf_count=3319 4654 126554 3546 2680 37542 5135 11300 5635 1826 3823 193 11504 46763 4254 5875 42659 39292 3246
internal_value=8.84091e-10 0.551606 5.68358 -1.02454 -0.835331 2.60008 -1.08817 -3.69997 -0.0207734 -1.92195 3.50865 -0.467263 0.0631986 0.274052 1.34623 0.704122 2.86737 8.86539
internal_weight=359800 233880 12000 125920 123240 8454 118586 22777 11477 9651 4016 95809 84305 221880 95326 87826 45167 7500
internal_count=359800 233880 12000 125920 123240 8454 118586 22777 11477 9651 4016 95809 84305 221880 95326 87826 45167 7500
is_linear=0
shrinkage=0.0229654


Tree=397
num_leaves=19
num_cat=0
split_feature=7 36 25 3 16 8 17 18 26 10 7 36 15 36 16 3 10 17
split_gain=3.76492e+08 5.57262e+08 5.37046e+08 4.92142e+08 4.89936e+08 1.5267e+09 9.98199e+08 7.4037e+08 6.18181e+08 5.79346e+08 9.29072e+08 5.48856e+08 5.01835e+08 4.54159e+08 5.02383e+08 5.02438e+08 5.0176e+08 4.38153e+08
threshold=-0.89495246814786256 30043.500000000004 7.8789062500000009 4.5000000000000009 336.56250000000006 -0.70710678118654757 96.312500000000014 0.014375000000000002 19.608203125000003 -0.5 -0.55438071450436044 27598.000000000004 26.306250000000006 23667.500000000004 670.31250000000011 3.5000000000000004 -0.9330127018922193 50.562500000000007
decision_type=2 2 2 2 2 2 2 2 2 2 2 2 2 2 2 2 2 2
left_child=-1 4 -3 -4 5 6 17 13 9 -7 -11 12 -12 14 15 -6 -16 -2
right_child=1 2 3 -5 7 8 -8 -9 -10 10 11 -13 -14 -15 16 -17 -18 -19
leaf_value=1.797871632532519 -3.6211758146332333 -0.43328000850554499 -3.5942720474539076 -13.306378692936912 5.9229944588066514 -2.1996616228803698 14.654494380635814 0.98470560237527349 5.4564901346993482 8.2540916930423336 0.8397330942736605 -4.671674821381715 -13.697749439008442 -9.7808246046844989 8.5946040888400255 -4.3710786239688533 -14.142047293392158 5.166713862967474
leaf_weight=52472 3669 36096 22986 3126 4263 61647 5431 20959 9972 7752 85423 11704 1271 7221 621 6049 2914 16224
leaf_count=52472 3669 36096 22986 3126 4263 61647 5431 20959 9972 7752 85423 11704 1271 7221 621 6049 2914 16224
internal_value=-4.06792e-10 -0.306962 -2.24816 -4.75696 0.185686 0.652745 5.92826 -2.07135 -0.098776 -0.42892 0.599445 -0.00360375 0.626603 -5.11159 -2.67665 -0.11549 -10.1479 3.5459
internal_weight=359800 307328 62208 26112 245120 203093 25324 42027 177769 167797 106150 98398 86694 21068 13847 10312 3535 19893
internal_count=359800 307328 62208 26112 245120 203093 25324 42027 177769 167797 106150 98398 86694 21068 13847 10312 3535 19893
is_linear=0
shrinkage=0.0229654


Tree=398
num_leaves=19
num_cat=0
split_feature=7 4 21 24 11 18 10 21 11 16 4 24 9 21 19 26 13 4
split_gain=3.62911e+08 3.60069e+08 3.39689e+08 3.77227e+08 5.85676e+08 4.07589e+08 4.0679e+08 6.67888e+08 5.04283e+08 8.96097e+08 1.04873e+09 5.14822e+08 3.90282e+08 3.82531e+08 4.72837e+08 5.56737e+08 3.7758e+08 4.04415e+08
threshold=-0.97868534383143924 1.5000000000000002 19.769921875000005 1.6374999999999997 84.000000000000014 0.70375000000000021 -0.5 17.852604166666669 84.000000000000014 194.56250000000003 2.5000000000000004 -1.6499999999999979 -0.24999999999999994 12.72330729166667 3.0812500000000003 12.735156250000001 3.0812500000000007 3.5000000000000004
decision_type=2 2 2 2 2 2 2 2 2 2 2 2 2 2 2 2 2 2
left_child=1 -1 3 5 -5 6 13 8 9 -8 -11 16 -10 14 15 -2 -12 -18
right_child=2 -3 -4 4 -6 -7 7 -9 12 10 11 -13 -14 -15 -16 -17 17 -19
leaf_value=11.579074988703198 2.9617369225706218 1.8601440024730191 3.1176822693697024 -4.2894818841408364 0.17026234893951769 5.2868685913395144 2.6339140549558016 21.331277260542709 1.5230516757484953 -27.077287311124547 -29.724322568518343 0.36561620066991085 -1.9029987655093352 -2.1534950128328996 -0.77334651690897993 20.862470465026867 16.070230304331918 -12.054055000639996
leaf_weight=2232 3128 20256 15632 29660 32601 7570 72889 810 25290 963 488 9016 57198 68665 10282 1296 329 1495
leaf_count=2232 3128 20256 15632 29660 32601 7570 72889 810 25290 963 488 9016 57198 68665 10282 1296 329 1495
internal_value=-1.31779e-09 2.82478 -0.188323 -0.348978 -1.95428 0.036297 -0.121523 0.527747 0.427246 1.66665 -4.0695 -2.11359 -0.852606 -1.43358 1.92782 8.20571 -11.7817 -6.9812
internal_weight=359800 22488 337312 321680 62261 259419 251849 168478 167668 85180 12291 11328 82488 83371 14706 4424 2312 1824
internal_count=359800 22488 337312 321680 62261 259419 251849 168478 167668 85180 12291 11328 82488 83371 14706 4424 2312 1824
is_linear=0
shrinkage=0.0229654


Tree=399
num_leaves=19
num_cat=0
split_feature=7 14 8 9 8 17 12 28 4 28 30 21 31 17 9 24 30 13
split_gain=3.55245e+08 5.21218e+08 1.06468e+09 8.23229e+08 5.90064e+08 7.67753e+08 5.79e+08 4.38472e+08 4.65607e+08 6.99874e+08 4.54174e+08 5.2398e+08 4.28635e+08 3.89302e+08 3.8146e+08 3.71448e+08 4.65811e+08 6.63767e+08
threshold=0.82968937203783699 79.312500000000014 0.32075123873380501 -0.93301270189221908 -0.19467261866128607 27.062500000000004 14.481250000000003 -1.2947295321637429 11.500000000000002 -3.5092559523809519 1142.6125000000002 9.4480468750000011 182.87500000000006 74.187500000000014 0.68301270189221941 2.575000000000002 172.80625000000006 14.056250000000004
decision_type=2 2 2 2 2 2 2 2 2 2 2 2 2 2 2 2 2 2
left_child=1 4 3 6 5 14 -3 8 13 -10 -9 -12 -6 -5 -1 -7 -17 -18
right_child=-2 2 -4 7 12 15 -8 10 9 -11 11 -13 -14 -15 -16 16 17 -19
leaf_value=-4.5217939563883993 -1.502148177952253 6.4698298133396701 -0.42090451242369997 2.8245693463092452 0.37114806760557739 -0.50578036085091904 26.907467331238571 3.9441490075763332 -30.317876792676877 3.3421105810270366 -0.27932646351502416 -20.670862955830842 5.837915578083563 11.40511436082404 -13.722576589610316 2.772058753148543 -4.9649727627024483 -25.241129348856617
leaf_weight=7395 67464 1622 68179 4340 72617 71793 1331 22573 412 1557 13891 698 8444 7802 3502 1991 3000 1189
leaf_count=7395 67464 1622 68179 4340 72617 71793 1331 22573 412 1557 13891 698 8444 7802 3502 1991 3000 1189
internal_value=7.69804e-10 0.346659 1.48922 3.89084 -0.476352 -1.76881 15.6816 3.21177 6.65821 -3.70102 1.9031 -1.25494 0.940613 8.33811 -7.47868 -0.970835 -6.37337 -10.7201
internal_weight=359800 292336 122405 54226 169931 88870 2953 51273 14111 1969 37162 14589 81061 12142 10897 77973 6180 4189
internal_count=359800 292336 122405 54226 169931 88870 2953 51273 14111 1969 37162 14589 81061 12142 10897 77973 6180 4189
is_linear=0
shrinkage=0.0229654


Tree=400
num_leaves=19
num_cat=0
split_feature=36 35 33 21 13 14 10 8 7 25 5 35 14 27 36 22 21 8
split_gain=3.80312e+08 6.69642e+08 5.95537e+08 4.85422e+08 6.51138e+08 6.29927e+08 6.57724e+08 6.01479e+08 6.59826e+08 5.94339e+08 6.14764e+08 7.95196e+08 5.89062e+08 6.01855e+08 4.46064e+08 5.82874e+08 7.86724e+08 4.30956e+08
threshold=25803.000000000004 19152.500000000004 0.045138888888888895 11.276432291666667 14.931250000000004 63.812500000000007 -0.24999999999999994 1.0000000180025095e-35 -0.32075123873380551 14.217968750000002 1.0000000180025095e-35 17545.500000000004 67.812500000000014 -1.0000000180025095e-35 22322.500000000004 7.655642361111112 9.3326822916666696 -0.065263096110025884
decision_type=2 2 2 2 2 2 2 2 2 2 2 2 2 2 2 2 2 2
left_child=3 2 -2 7 -5 17 -7 9 -9 10 11 -1 14 -14 -13 -16 -17 -6
right_child=1 -3 -4 4 5 6 -8 8 -10 -11 -12 12 13 -15 15 16 -18 -19
leaf_value=-24.711249526081815 -9.0190088375776991 -0.69989666872553125 -48.117227686059699 -1.5149025316389348 -2.7198454512532719 2.8769847337350791 13.790818525998159 15.82010091653896 0.36612169792981197 -20.300893965191086 1.9625553107511067 14.918731346759637 10.732333140266341 27.294494402749763 24.621812342287352 -17.935463842806858 6.7602019245835736 4.4661758595350527
leaf_weight=337 840 161504 272 76031 17676 24456 3306 1503 47741 460 9764 1764 3196 1814 458 1149 1668 5861
leaf_count=337 840 161504 272 76031 17676 24456 3306 1503 47741 460 9764 1764 3196 1814 458 1149 1668 5861
internal_value=-4.08648e-10 -0.822182 -18.5826 0.678047 -0.165926 1.83341 4.17664 2.21644 0.8378 5.51046 6.0997 9.98909 11.1528 16.7291 5.60857 0.593881 -3.31268 -0.930439
internal_weight=359800 162616 1112 197184 127330 51299 27762 69854 49244 20610 20150 10386 10049 5010 5039 3275 2817 23537
internal_count=359800 162616 1112 197184 127330 51299 27762 69854 49244 20610 20150 10386 10049 5010 5039 3275 2817 23537
is_linear=0
shrinkage=0.0229654


Tree=401
num_leaves=19
num_cat=0
split_feature=36 6 26 3 33 9 33 10 16 33 13 35 13 14 1 35 36 16
split_gain=3.74291e+08 5.5703e+08 5.14397e+08 5.3287e+08 1.56613e+09 8.01946e+08 7.04625e+08 7.03822e+08 5.71627e+08 5.60252e+08 5.22716e+08 5.06341e+08 4.97603e+08 5.37121e+08 7.10789e+08 4.8125e+08 4.64165e+08 6.79729e+08
threshold=22322.500000000004 1.0000000180025095e-35 8.1608072916666696 2.5000000000000004 0.30902777777777785 0.93301270189221952 0.35069444444444448 0.6830127018922193 85.812500000000014 0.16319444444444445 4.0812500000000016 38550.000000000007 20.781250000000004 56.187500000000007 16.500000000000004 17704.500000000004 27164.500000000004 20.812500000000004
decision_type=2 2 2 2 2 2 2 2 2 2 2 2 2 2 2 2 2 2
left_child=-1 2 10 5 7 11 8 15 -7 -10 -2 12 13 14 -4 -5 17 -12
right_child=1 -3 3 4 -6 6 -8 -9 9 -11 16 -13 -14 -15 -16 -17 -18 -19
leaf_value=1.113707453435743 0.14226730741346544 -7.6123836662498965 -14.143058418382399 -29.089131259398641 -16.053025814823048 -3.6879720583696884 17.69429697317495 3.831853401942281 -13.047019358557007 -42.004112213354063 2.7704854591617294 16.387457442318958 8.6069862886718198 1.0254269989253306 0.66612618958606995 -2.4602787429208228 2.4634821872892032 21.086765303929386
leaf_weight=110344 74621 5664 3018 360 4240 3656 547 10416 2111 423 2370 1113 4003 53666 3942 62654 14706 1946
leaf_count=110344 74621 5664 3018 360 4240 3656 547 10416 2111 423 2370 1113 4003 53666 3942 62654 14706 1946
internal_value=-8.15004e-10 -0.492636 -0.327223 -1.16031 -2.48192 0.255953 -7.29025 -1.6983 -9.4981 -17.8808 1.00856 1.02926 0.764772 0.246968 -5.75544 -2.61241 4.40694 11.0289
internal_weight=359800 249456 243792 150149 77670 72479 6737 73430 6190 2534 93643 65742 64629 60626 6960 63014 19022 4316
internal_count=359800 249456 243792 150149 77670 72479 6737 73430 6190 2534 93643 65742 64629 60626 6960 63014 19022 4316
is_linear=0
shrinkage=0.0229654


Tree=402
num_leaves=19
num_cat=0
split_feature=15 11 13 35 33 23 13 30 16 35 36 36 16 12 6 35 0 1
split_gain=3.72171e+08 4.67994e+08 3.46512e+08 3.50462e+08 4.66318e+08 4.25163e+08 3.32929e+08 6.06138e+08 6.2603e+08 4.9435e+08 4.06681e+08 4.06532e+08 5.70162e+08 7.45883e+08 5.28298e+08 7.53161e+08 5.47125e+08 5.01757e+08
threshold=6.7562500000000023 132.00000000000003 -3.8437499999999996 42681.500000000007 0.98958333333333348 1.9250000000000014 20.031250000000004 58.66875000000001 312.81250000000006 19637.500000000004 28730.500000000004 32237.500000000004 82.437500000000014 5.3687500000000012 1.0000000180025095e-35 31664.000000000004 42.500000000000007 9.5000000000000018
decision_type=2 2 2 2 2 2 2 2 2 2 2 2 2 2 2 2 2 2
left_child=1 -1 -2 4 6 -6 7 8 10 -8 -4 17 14 -14 16 -16 -13 -9
right_child=2 -3 3 -5 5 -7 9 11 -10 -11 -12 12 13 -15 15 -17 -18 -19
leaf_value=3.6042806852040394 8.4471132880274862 -2.0679966875643334 -1.0800952441081921 12.927522386587846 -9.5105629421344702 9.9649843538894363 -5.8659541551711234 -0.80085449163854683 -9.0092515560279942 4.8880494071573377 -18.395569968541128 0.76646583622952247 4.3218182981718378 -7.7475015665284594 -4.4260162473921181 -59.853688182301759 -11.196757665483133 1.4609972480702627
leaf_weight=29020 2393 10428 24380 1049 4712 676 2731 96833 7875 12920 737 35398 3377 13482 419 187 2138 111045
leaf_count=29020 2393 10428 24380 1049 4712 676 2731 96833 7875 12920 737 35398 3377 13482 419 187 2138 111045
internal_value=9.71646e-10 2.10483 -0.259187 -0.324712 -0.368578 -7.06708 -0.252723 -0.425396 -3.35955 3.01154 -1.58818 -0.0571525 -1.8129 -5.32991 -0.258362 -21.5299 0.0850567 0.407389
internal_weight=359800 39448 320352 317959 316910 5388 311522 295871 32992 15651 25117 262879 55001 16859 38142 606 37536 207878
internal_count=359800 39448 320352 317959 316910 5388 311522 295871 32992 15651 25117 262879 55001 16859 38142 606 37536 207878
is_linear=0
shrinkage=0.0229654


Tree=403
num_leaves=19
num_cat=0
split_feature=36 35 14 36 5 21 8 4 35 35 30 13 16 33 26 36 6 8
split_gain=3.60235e+08 4.96835e+08 9.81259e+08 5.51523e+08 4.76031e+08 6.35499e+08 8.59866e+08 1.02271e+09 1.11531e+09 8.67155e+08 6.22761e+08 5.91246e+08 9.9434e+08 5.31743e+08 5.3218e+08 5.17772e+08 5.03325e+08 6.07426e+08
threshold=21132.500000000004 27408.000000000004 81.187500000000014 19909.500000000004 1.0000000180025095e-35 9.6897135416666682 -0.19467261866128607 6.5000000000000009 22407.500000000004 28274.500000000004 382.94375000000008 4.2562500000000023 218.43750000000003 0.69791666666666674 7.6045572916666684 24825.500000000004 1.0000000180025095e-35 0.38268343236508956
decision_type=2 2 2 2 2 2 2 2 2 2 2 2 2 2 2 2 2 2
left_child=1 -1 3 -3 16 11 7 9 15 10 -7 12 -6 14 -14 -9 -2 -18
right_child=4 2 -4 -5 5 6 -8 8 -10 -11 -12 -13 13 -15 -16 -17 17 -19
leaf_value=1.5160252220227015 0.3319677184993341 -84.871915753956756 20.695914623917762 -24.045742205658502 -1.0667796309111921 -28.128521053641204 -1.9185152298046571 8.0263526605400362 -10.271093310279982 -41.204432739622682 -5.6510795685753559 4.278759915793743 -34.063533278280964 17.89325164870133 12.641740539336325 48.259576973860433 -11.125702018860757 3.9024348003720997
leaf_weight=79496 207592 108 211 289 26630 1040 17878 1108 4017 801 1734 11019 943 154 149 199 4320 2112
leaf_count=79496 207592 108 211 289 26630 1040 17878 1108 4017 801 1734 11019 943 154 149 199 4320 2112
internal_value=-1.28321e-10 1.35785 -19.3233 -40.5929 -0.388884 -2.09925 -4.822 -10.6551 -4.27538 -20.1559 -14.0781 -0.224795 -2.00499 -22.0568 -27.6907 14.1521 0.135932 -6.19109
internal_weight=359800 80104 608 397 279696 65672 26777 8899 5324 3575 2774 38895 27876 1246 1092 1307 214024 6432
internal_count=359800 80104 608 397 279696 65672 26777 8899 5324 3575 2774 38895 27876 1246 1092 1307 214024 6432
is_linear=0
shrinkage=0.0229654


Tree=404
num_leaves=19
num_cat=0
split_feature=15 11 30 11 16 24 15 18 28 13 28 30 16 36 21 16 24 27
split_gain=3.58831e+08 8.22174e+08 4.6932e+08 4.18754e+08 8.74209e+08 4.26201e+08 4.15161e+08 3.93088e+08 4.2475e+08 3.90067e+08 3.85566e+08 3.31737e+08 4.49578e+08 4.46977e+08 8.26283e+08 7.53585e+08 5.47492e+08 4.41357e+08
threshold=9.1812500000000039 60.000000000000007 968.87500000000011 1.0000000180025095e-35 167.06250000000003 1.5500000000000036 19.131250000000005 0.26312500000000011 -4.4133713942307677 22.431250000000006 3.3023337482219071 58.66875000000001 1.0000000180025095e-35 30858.000000000004 7.055338541666667 80.687500000000014 -1.4624999999999975 2.982961309523811
decision_type=2 2 2 2 2 2 2 2 2 2 2 2 2 2 2 2 2 2
left_child=1 2 -1 4 5 -2 -6 -3 -9 11 -8 -5 17 16 -15 -16 -14 -13
right_child=3 7 -4 9 6 -7 10 8 -10 -11 -12 12 13 14 15 -17 -18 -19
leaf_value=2.1363264514968194 1.0146522514450536 0.063529854548795381 7.719128141605756 -2.6460050460779985 -7.4638182245391063 -6.3578612899333242 -28.909092641432142 -38.487935131268706 -5.4559872790205208 6.4252199812162072 11.287220283342545 -0.65411033463449131 -1.9643266589054147 2.747112536094297 0.78864492529835528 -8.6832326706139078 2.9038949992220413 -6.4790966259074159
leaf_weight=25093 18001 56255 11619 26657 7040 5369 875 216 4149 4728 147 79760 15040 15197 7895 10094 64159 7506
leaf_count=25093 18001 56255 11619 26657 7040 5369 875 216 4149 4728 147 79760 15040 15197 7895 10094 64159 7506
internal_value=-4.6353e-10 1.19096 3.90323 -0.44165 -2.92861 -0.679102 -9.44946 -0.451607 -7.09056 -0.103304 -23.1274 -0.239697 0.0815887 1.04189 -1.19551 -4.52622 1.97941 -1.15513
internal_weight=359800 97332 36712 262468 31432 23370 8062 60620 4365 231036 1022 226308 199651 112385 33186 17989 79199 87266
internal_count=359800 97332 36712 262468 31432 23370 8062 60620 4365 231036 1022 226308 199651 112385 33186 17989 79199 87266
is_linear=0
shrinkage=0.0229654


Tree=405
num_leaves=19
num_cat=0
split_feature=0 7 36 10 8 36 28 36 7 22 3 36 3 36 26 8 3 20
split_gain=3.54595e+08 4.3347e+08 7.10737e+08 9.29683e+08 7.99608e+08 7.04617e+08 6.58603e+08 6.44982e+08 5.63008e+08 4.95282e+08 6.19936e+08 6.21703e+08 5.73215e+08 6.98826e+08 6.7803e+08 5.77236e+08 6.9638e+08 9.03136e+08
threshold=47.500000000000007 0.25881904510252096 32663.500000000004 0.6830127018922193 0.65793410509763406 27819.500000000004 0.64387840670859575 27301.500000000004 -0.97868534383143924 8.5499565972222253 3.5000000000000004 21368.500000000004 5.5000000000000009 19843.500000000004 10.247005208333336 0.065263096110025676 4.5000000000000009 2.8500000000000001
decision_type=2 2 2 2 2 2 2 2 2 2 2 2 2 2 2 2 2 2
left_child=1 2 3 9 5 6 -5 -6 -4 -1 11 -11 13 14 -12 16 17 -15
right_child=-2 -3 8 4 7 -7 -8 -9 -10 10 12 -13 -14 15 -16 -17 -18 -19
leaf_value=4.249693484724026 -4.9398898796080006 -0.83072290190430986 3.3359311011378052 43.920200313429099 7.4562778830231338 9.2531335904898846 3.545774698479494 -3.4625453219124802 -2.8750912476328501 7.4807207284494304 -27.209231075485047 0.89936807286607645 1.9381567570614673 1.6166608256788122 6.0522418062447771 -1.8788725361793952 -14.991640463207352 -15.579585278946915
leaf_weight=19620 7504 149920 9616 630 6040 7272 322 5408 38576 8761 344 55690 16298 4975 5354 15985 5103 2382
leaf_count=19620 7504 149920 9616 630 6040 7272 322 5408 38576 8761 344 55690 16298 4975 5354 15985 5103 2382
internal_value=-1.69878e-10 0.105221 0.798568 1.55945 6.22259 11.6853 30.2641 2.29826 -1.63577 0.877479 0.301609 1.79399 -1.60528 -3.29672 4.04418 -4.76723 -8.47271 -3.95102
internal_weight=359800 352296 202376 154184 19672 8224 952 11448 48192 134512 114892 64451 50441 34143 5698 28445 12460 7357
internal_count=359800 352296 202376 154184 19672 8224 952 11448 48192 134512 114892 64451 50441 34143 5698 28445 12460 7357
is_linear=0
shrinkage=0.0229654


Tree=406
num_leaves=19
num_cat=0
split_feature=36 6 1 29 1 27 16 11 35 30 21 36 28 10 16 0 27 16
split_gain=3.56463e+08 5.97495e+08 5.73826e+08 5.24415e+08 7.56223e+08 4.92764e+08 4.86555e+08 9.40715e+08 7.96891e+08 5.21336e+08 5.08469e+08 7.21479e+08 6.39885e+08 4.74215e+08 4.72457e+08 4.64087e+08 4.56994e+08 4.55713e+08
threshold=24825.500000000004 1.0000000180025095e-35 22.500000000000004 203.14375000000004 5.5000000000000009 -2.2336867559523799 159.81250000000003 132.00000000000003 32525.000000000004 371.05625000000003 7.055338541666667 34533.000000000007 0.80498397435897451 0.25000000000000017 350.81250000000006 13.500000000000002 1.3241629464285698 446.68750000000006
decision_type=2 2 2 2 2 2 2 2 2 2 2 2 2 2 2 2 2 2
left_child=3 2 6 5 -5 -1 15 8 10 -10 12 16 -8 -9 -11 -2 -12 -7
right_child=1 -3 -4 4 -6 17 7 13 9 14 11 -13 -14 -15 -16 -17 -18 -19
leaf_value=-2.611682471701716 -3.639054714001082 -9.0889206160205713 -9.0185652610786136 0.47216138908231392 5.8346136784836498 1.7856836996518406 2.578471695498318 0.21551787767324687 -76.303861734248017 -11.518731849155314 -7.1671151914950419 -25.187730328071577 40.968605483058383 9.9860038784069118 -47.636133601729831 0.8683903639606132 -0.95189207188144076 -2.0949844902821293
leaf_weight=31292 13408 4368 4072 36451 22389 61088 2611 10306 72 3002 10745 840 251 3513 204 118704 14880 21604
leaf_count=31292 13408 4368 4072 36451 22389 61088 2611 10306 72 3002 10745 840 251 3513 204 118704 14880 21604
internal_value=1.42836e-09 -0.694961 -0.494176 0.751869 2.51261 -0.157048 -0.299754 -2.3222 -4.45048 -15.1894 -3.25014 -4.24457 5.94532 2.69932 -13.8169 0.410931 -3.55804 0.771826
internal_weight=359800 186976 182608 172824 58840 113984 178536 46424 32605 3278 29327 26465 2862 13819 3206 132112 25625 82692
internal_count=359800 186976 182608 172824 58840 113984 178536 46424 32605 3278 29327 26465 2862 13819 3206 132112 25625 82692
is_linear=0
shrinkage=0.0229654


Tree=407
num_leaves=19
num_cat=0
split_feature=15 7 14 16 35 35 22 36 7 3 22 35 15 36 23 35 25 24
split_gain=3.47296e+08 3.92406e+08 4.74175e+08 9.88406e+08 1.29698e+09 6.59407e+08 7.37813e+08 5.68358e+08 6.38286e+08 5.00733e+08 7.97144e+08 7.1956e+08 5.3819e+08 4.91292e+08 4.57545e+08 4.5149e+08 5.10161e+08 4.64511e+08
threshold=5.9687500000000009 0.75023006073889154 81.562500000000014 9.9375000000000018 30623.000000000004 38284.500000000007 2.6752170138888896 23720.500000000004 -0.60876142900872077 3.5000000000000004 9.1557291666666689 29595.000000000004 13.706250000000004 40727.500000000007 2.4750000000000028 24035.500000000004 7.7403645833333341 4.4062500000000044
decision_type=2 2 2 2 2 2 2 2 2 2 2 2 2 2 2 2 2 2
left_child=-1 2 7 -4 15 6 -6 9 -9 -2 11 14 -13 -10 -11 -5 -17 -18
right_child=1 -3 3 4 5 -7 -8 8 13 10 -12 12 -14 -15 -16 16 17 -19
leaf_value=2.6112811315796849 3.6636471807732995 -1.6860097637750249 -0.11252035626484358 19.220674573127621 24.670009216621544 -8.7059549797902402 1.7772981616880206 0.11600111999990013 -3.181554492064238 5.3545403485120255 -1.660707176189592 5.4646252091172585 -63.178505837594379 -32.512592195096921 22.738887155092183 21.424565193172494 5.4097240970752054 41.471737880117203
leaf_weight=24996 26771 72837 58483 2637 788 3054 12861 62252 50274 1893 31588 122 119 303 1381 1371 7877 193
leaf_count=24996 26771 72837 58483 2637 788 3054 12861 62252 50274 1893 31588 122 119 303 1381 1371 7877 193
internal_value=1.50049e-09 -0.194955 0.219617 1.60208 5.08614 0.940538 3.09897 -0.470922 -1.44094 1.29793 -0.506265 9.86828 -28.4297 -3.35727 12.6874 10.8192 8.47257 6.27217
internal_weight=359800 334804 261967 87264 28781 16703 13649 174703 112829 61874 35103 3515 241 50577 3274 12078 9441 8070
internal_count=359800 334804 261967 87264 28781 16703 13649 174703 112829 61874 35103 3515 241 50577 3274 12078 9441 8070
is_linear=0
shrinkage=0.0229654


Tree=408
num_leaves=19
num_cat=0
split_feature=14 7 35 14 15 0 6 35 9 7 14 9 15 35 28 35 9 23
split_gain=3.45955e+08 4.68523e+08 5.66726e+08 7.48469e+08 4.46491e+08 3.83266e+08 3.57981e+08 5.01318e+08 6.62175e+08 3.46532e+08 3.26495e+08 5.40798e+08 6.25151e+08 3.48358e+08 3.72849e+08 3.26173e+08 3.13243e+08 4.19643e+08
threshold=46.562500000000007 -0.13052619222005171 23594.500000000004 72.062500000000014 21.081250000000008 38.500000000000007 1.0000000180025095e-35 22824.500000000004 0.68301270189221941 0.55438071450436044 84.187500000000014 -0.6830127018922193 11.056250000000004 34227.000000000007 -4.8521527777777775 42681.500000000007 -0.93301270189221908 0.062500000000000125
decision_type=2 2 2 2 2 2 2 2 2 2 2 2 2 2 2 2 2 2
left_child=4 2 3 -2 -1 -5 10 8 -8 -9 11 12 -3 14 -13 -4 17 -12
right_child=1 6 15 5 -6 -7 7 9 -10 -11 16 13 -14 -15 -16 -17 -18 -19
leaf_value=-3.0836103179267558 2.3247898826969116 -0.41138006034719293 0.30351112685842707 17.246917681074191 -26.100686944006124 3.6759549310284654 -8.2567349444760847 -8.5951504915607639 16.334993949640484 -32.802057190671867 2.547787949582327 9.3258959469078953 -8.5180408404578891 -7.1945510948505458 -0.45806589113200685 12.06497917792746 0.14625181323810887 17.532970343756205
leaf_weight=10077 22814 9381 125757 3036 465 1719 2328 704 768 560 5095 2114 10785 3932 72671 1256 85116 1222
leaf_count=10077 22814 9381 125757 3036 465 1719 2328 704 768 560 5095 2114 10785 3932 72671 1256 85116 1222
internal_value=2.37757e-10 0.12372 1.06766 4.05232 -4.09888 12.3408 -0.62581 -7.13223 -2.15646 -19.3197 -0.476753 -1.39143 -4.74691 -0.531806 -0.181496 0.419817 0.512448 5.44662
internal_weight=359800 349258 154582 27569 10542 4755 194676 4360 3096 1264 190316 98883 20166 78717 74785 127013 91433 6317
internal_count=359800 349258 154582 27569 10542 4755 194676 4360 3096 1264 190316 98883 20166 78717 74785 127013 91433 6317
is_linear=0
shrinkage=0.0229654


Tree=409
num_leaves=19
num_cat=0
split_feature=5 34 30 34 26 15 8 3 36 0 8 36 30 10 27 16 30 30
split_gain=3.43202e+08 4.33198e+08 4.66938e+08 8.35428e+08 4.65433e+08 4.6357e+08 4.56927e+08 8.07238e+08 7.04859e+08 6.5274e+08 6.50751e+08 4.4027e+08 8.91191e+08 1.14904e+09 8.91325e+08 7.97906e+08 5.7631e+08 5.4695e+08
threshold=1.0000000180025095e-35 0.61458333333333348 39.818750000000009 0.26736111111111116 15.297265625000003 18.456250000000008 0.25881904510252057 1.0000000180025095e-35 20525.500000000004 21.500000000000004 -0.19467261866128607 30991.000000000004 470.0437500000001 -0.5 2.7140997023809543 241.31250000000003 217.03125000000003 1225.9937500000003
decision_type=2 2 2 2 2 2 2 2 2 2 2 2 2 2 2 2 2 2
left_child=1 2 3 5 -5 -1 7 8 10 -10 -4 12 13 14 -11 -13 -15 -17
right_child=-2 -3 6 4 -6 -7 -8 -9 9 11 -12 15 -14 16 -16 17 -18 -19
leaf_value=-6.469073038389106 -1.1236136699846808 8.354933152749366 27.895362245231116 -35.540543883924855 0.60147680618272714 -22.092400245752565 -0.55166767168560837 0.64374670144070123 8.8814620516505709 -6.7437160457756109 3.9411200815170231 0.056892474658335558 13.657916753146697 1.3143061620001781 17.905931858722116 -30.664898711742797 -33.384993693994943 10.0119840164714
leaf_weight=6823 102520 3603 1311 190 17193 1174 95128 106795 8875 1607 1100 6426 3403 378 1492 799 760 223
leaf_count=6823 102520 3603 1311 190 17193 1174 95128 106795 8875 1607 1100 6426 3403 378 1492 799 760 223
internal_value=1.55978e-09 0.447733 0.335427 -2.61964 0.206437 -8.76266 0.663944 1.53231 5.1303 3.93943 16.9664 1.03245 4.90584 -2.1235 5.12375 -2.94079 -21.8592 -21.7892
internal_weight=359800 257280 253677 25380 17383 7997 228297 133169 26374 23963 2411 15088 7640 4237 3099 7448 1138 1022
internal_count=359800 257280 253677 25380 17383 7997 228297 133169 26374 23963 2411 15088 7640 4237 3099 7448 1138 1022
is_linear=0
shrinkage=0.0229654


Tree=410
num_leaves=19
num_cat=0
split_feature=36 8 16 4 8 7 6 8 5 8 6 36 11 8 16 24 11 17
split_gain=3.45153e+08 5.57187e+08 6.30995e+08 5.45511e+08 7.94245e+08 6.65874e+08 6.48355e+08 5.55779e+08 6.50081e+08 5.12291e+08 5.0805e+08 4.93333e+08 4.15086e+08 5.3085e+08 4.11905e+08 7.53486e+08 4.06796e+08 5.79581e+08
threshold=27900.500000000004 0.75023006073889131 85.812500000000014 1.5000000000000002 -0.89495246814786256 -0.32075123873380551 1.0000000180025095e-35 -0.44134171618254459 1.0000000180025095e-35 -0.32075123873380501 1.0000000180025095e-35 21479.500000000004 60.000000000000007 -0.89495246814786256 5.0625000000000009 0.29999999999999999 132.00000000000003 73.937500000000014
decision_type=2 2 2 2 2 2 2 2 2 2 2 2 2 2 2 2 2 2
left_child=3 2 10 4 -1 -6 7 8 -7 -8 12 -9 13 -2 15 -12 17 -4
right_child=1 -3 16 -5 5 6 9 11 -10 -11 14 -13 -14 -15 -16 -17 -18 -19
leaf_value=42.341062889320561 15.18747100950047 -5.4107063112081244 -6.9112575264171605 0.24660651655575214 25.324868096197182 40.541012624620151 -58.61790366938903 13.580625923473551 -1.2748719833305044 -8.2341095927651935 -41.77561720202749 0.32310392397602233 -0.12304614525642095 2.6838947441524343 -2.4747313358328604 32.361180211079891 1.1223547562975922 -0.67048464091446136
leaf_weight=296 1960 13440 16547 226976 744 456 144 1800 344 408 428 8336 40084 20747 736 87 11337 14930
leaf_count=296 1960 13440 16547 226976 744 456 144 1800 344 408 428 8336 40084 20747 736 87 11337 14930
internal_value=4.95421e-10 -1.00365 -0.44934 0.504103 5.16929 4.26977 2.90618 4.13192 22.5602 -21.3777 0.993599 2.67744 1.28232 3.76317 -13.498 -29.2515 -2.60772 -3.95117
internal_weight=359800 120296 106856 239504 12528 12232 11488 10936 800 552 64042 10136 62791 22707 1251 515 42814 31477
internal_count=359800 120296 106856 239504 12528 12232 11488 10936 800 552 64042 10136 62791 22707 1251 515 42814 31477
is_linear=0
shrinkage=0.0229654


Tree=411
num_leaves=19
num_cat=0
split_feature=8 3 34 30 32 3 26 16 14 3 8 4 34 22 26 26 22 24
split_gain=3.34004e+08 3.63092e+08 4.02864e+08 4.79595e+08 8.36426e+08 4.18414e+08 4.74394e+08 3.76702e+08 3.57464e+08 4.9513e+08 6.22469e+08 8.75848e+08 6.0225e+08 6.96874e+08 1.16419e+09 6.96155e+08 5.98655e+08 5.66445e+08
threshold=0.99572243068690536 4.5000000000000009 0.61458333333333348 39.818750000000009 399.48750000000007 2.5000000000000004 17.642317708333337 262.18750000000006 82.437500000000014 5.5000000000000009 -0.065263096110025884 5.5000000000000009 0.66319444444444453 15.301822916666667 14.204557291666669 14.13541666666667 15.974956597222224 -1.2499999999999991
decision_type=2 2 2 2 2 2 2 2 2 2 2 2 2 2 2 2 2 2
left_child=1 2 3 4 7 -6 -7 -1 9 10 11 16 13 14 -13 -15 17 -3
right_child=-2 8 -4 -5 5 6 -8 -9 -10 -11 -12 12 -14 15 -16 -17 -18 -19
leaf_value=-5.4177116428424821 -4.8047949026274646 -21.666471458006455 8.2699728951844556 0.79436478470136462 2.8721689795700018 -17.042452715589587 -1.3267879429332536 -16.401755123922023 0.63966427537815052 -0.080307007625687363 -0.70429976994543331 -2.2672551065068736 -32.981826083197731 52.941246161848746 -36.012568746831192 3.9224802926960054 -35.768887773273761 -7.2556084539021928
leaf_weight=5131 7472 1938 3531 223530 11139 1278 4886 2425 39388 30249 14265 3395 320 159 641 3920 551 5582
leaf_count=5131 7472 1938 3531 223530 11139 1278 4886 2425 39388 30249 14265 3395 320 159 641 3920 551 5582
internal_value=-1.30903e-09 0.101898 0.567336 0.457838 -2.56818 0.215578 -4.58516 -8.9429 -1.06587 -2.16678 -4.21786 -7.25438 -2.07964 -0.861073 -7.62671 5.83324 -12.6625 -10.9695
internal_weight=359800 352328 251920 248389 24859 17303 6164 7556 100408 61020 30771 16506 8435 8115 4036 4079 8071 7520
internal_count=359800 352328 251920 248389 24859 17303 6164 7556 100408 61020 30771 16506 8435 8115 4036 4079 8071 7520
is_linear=0
shrinkage=0.0229654


Tree=412
num_leaves=19
num_cat=0
split_feature=35 4 26 0 27 15 11 18 26 11 16 35 16 27 16 26 15 14
split_gain=3.47896e+08 5.419e+08 5.27163e+08 8.35723e+08 3.93014e+08 3.82914e+08 7.88491e+08 4.04685e+08 3.97308e+08 4.74171e+08 6.80979e+08 4.5168e+08 5.58252e+08 5.08477e+08 5.45485e+08 1.02996e+09 7.98701e+08 5.06128e+08
threshold=17230.500000000004 4.5000000000000009 17.642317708333337 14.500000000000002 1.1901785714285709 9.1812500000000039 60.000000000000007 0.26312500000000011 5.274869791666668 1.0000000180025095e-35 167.06250000000003 28274.500000000004 121.06250000000001 0.74877232142857253 1.0000000180025095e-35 8.2282552083333353 24.456250000000008 74.687500000000014
decision_type=2 2 2 2 2 2 2 2 2 2 2 2 2 2 2 2 2 2
left_child=1 4 3 -3 -1 6 -2 -8 -7 10 -10 13 -13 -11 -15 16 -16 -17
right_child=5 2 -4 -5 -6 8 7 -9 9 11 -12 12 -14 14 15 17 -18 -19
leaf_value=5.2378674173281654 4.0663109237191151 -6.4764500439429229 -10.329005219912361 10.806814136904757 -27.845271422561371 2.1298118999741211 0.27460716583996847 -7.0188551148615588 -1.306311697740449 -0.74962133135068298 -9.4824882068594096 -0.656220786479629 -5.8166166026920152 -1.8238128450295494 12.654940436326987 1.2515735051820593 50.978766176397954 7.667295132788893
leaf_weight=249 35619 3180 2955 2753 791 30226 54693 4330 19896 81801 7360 42525 14941 14412 2030 33673 334 8032
leaf_count=249 35619 3180 2955 2753 791 30226 54693 4330 19896 81801 7360 42525 14941 14412 2030 33673 334 8032
internal_value=-1.64735e-10 -4.23928 -2.40393 1.54324 -19.9244 0.120294 1.36795 -0.26045 -0.342349 -0.674448 -3.51414 -0.283047 -1.99791 0.41944 2.05468 3.32307 18.0696 2.48718
internal_weight=359800 9928 8888 5933 1040 349872 94642 59023 255230 225004 27256 197748 57466 140282 58481 44069 2364 41705
internal_count=359800 9928 8888 5933 1040 349872 94642 59023 255230 225004 27256 197748 57466 140282 58481 44069 2364 41705
is_linear=0
shrinkage=0.0229654


Tree=413
num_leaves=19
num_cat=0
split_feature=7 14 1 7 35 1 35 29 22 35 1 35 10 14 7 9 29 17
split_gain=3.43527e+08 4.59149e+08 6.89705e+08 5.99249e+08 8.41188e+08 5.99497e+08 5.24588e+08 8.35882e+08 4.96353e+08 5.2926e+08 4.50903e+08 7.54089e+08 1.49389e+09 4.91935e+08 5.83659e+08 4.0224e+08 4.652e+08 5.9646e+08
threshold=0.82968937203783699 76.687500000000014 19.500000000000004 0.32075123873380545 32229.500000000004 9.5000000000000018 26833.500000000004 371.9812500000001 2.6752170138888896 39170.500000000007 16.500000000000004 26833.500000000004 -0.68301270189221952 56.562500000000007 0.13052619222005182 0.93301270189221952 414.31875000000008 6.0625000000000009
decision_type=2 2 2 2 2 2 2 2 2 2 2 2 2 2 2 2 2 2
left_child=1 10 3 4 5 -3 -7 -8 9 -6 11 13 -13 -1 -15 -14 -17 -18
right_child=-2 2 -4 -5 8 6 7 -9 -10 -11 -12 12 15 14 -16 16 17 -19
leaf_value=-3.4524917277449489 -1.477165886587422 2.3888845489661463 -1.6780791022872861 0.38745418504267565 22.231549491024637 14.818174552607349 2.3275370389795031 16.64036339702815 0.191193596166889 1.9081849970962168 1.0555912785068016 -28.446590336877062 -1.8852076420366508 3.3417057309629596 -1.6746212036185177 -15.770210644788932 -54.497817369041613 -0.14267622934992211
leaf_weight=19168 67464 10511 32585 54268 1158 6010 7685 2989 27580 1623 56454 1363 16531 25004 23951 2733 111 2612
leaf_count=19168 67464 10511 32585 54268 1158 6010 7685 2989 27580 1623 56454 1363 16531 25004 23951 2733 111 2612
internal_value=-3.45504e-11 0.340894 1.26206 2.1188 3.75124 6.68476 9.39118 6.3355 1.12362 10.3708 -0.558362 -1.55444 -5.11602 -0.333664 0.887492 -3.66973 -9.0766 -2.3584
internal_weight=359800 292336 144409 111824 57556 27195 16684 10674 30361 2781 147927 91473 23350 68123 48955 21987 5456 2723
internal_count=359800 292336 144409 111824 57556 27195 16684 10674 30361 2781 147927 91473 23350 68123 48955 21987 5456 2723
is_linear=0
shrinkage=0.0229654


Tree=414
num_leaves=19
num_cat=0
split_feature=35 13 30 13 9 35 29 23 30 35 29 9 34 26 3 25 35 11
split_gain=3.34806e+08 3.40244e+08 5.03092e+08 5.86748e+08 4.65738e+08 7.05824e+08 5.84e+08 5.79598e+08 4.64451e+08 5.7118e+08 4.54469e+08 4.30937e+08 4.10401e+08 4.07413e+08 5.36389e+08 8.06706e+08 5.17494e+08 4.61429e+08
threshold=15369.500000000002 20.031250000000004 389.08125000000001 12.393750000000002 -0.93301270189221908 26684.500000000004 139.51875000000004 1.3750000000000009 708.46875000000011 16852.500000000004 217.50625000000005 -0.93301270189221908 0.40625000000000006 8.2904947916666689 1.0000000180025095e-35 9.4335937500000018 37282.500000000007 156.00000000000003
decision_type=2 2 2 2 2 2 2 2 2 2 2 2 2 2 2 2 2 2
left_child=-1 2 3 -2 -5 6 -6 -7 10 -10 -4 -3 -9 17 15 16 -15 -11
right_child=1 11 8 4 5 7 -8 12 9 13 -12 -13 -14 14 -16 -17 -18 -19
leaf_value=-11.14507877566532 -3.7215251408055399 26.258107167198197 1.0542455236490016 4.7051552281470306 -0.20106699794156585 -3.4077820912514718 23.770603856991279 -14.411641329255833 -28.670972998377309 1.5174761700092947 5.8426652162365498 2.6019146277516003 -53.360865034534278 -4.1551996487442695 -2.2135590997948604 10.066013930400693 50.838652881785485 -2.6747979174383563
leaf_weight=1416 37402 416 36110 8977 57996 5990 541 2115 367 91882 14713 17130 153 4732 58477 4987 92 16304
leaf_count=1416 37402 416 36110 8977 57996 5990 541 2115 367 91882 14713 17130 153 4732 58477 4987 92 16304
internal_value=-4.88593e-11 0.044035 -0.116515 -1.36792 -0.206151 -0.866212 0.0204796 -7.15154 0.50557 -0.0505072 2.44047 3.16278 -17.0392 0.0090127 -1.37987 3.58923 -3.10639 0.885686
internal_weight=359800 358384 340838 113174 75772 66795 58537 8258 227664 176841 50823 17546 2268 176474 68288 9811 4824 108186
internal_count=359800 358384 340838 113174 75772 66795 58537 8258 227664 176841 50823 17546 2268 176474 68288 9811 4824 108186
is_linear=0
shrinkage=0.0229654


Tree=415
num_leaves=19
num_cat=0
split_feature=36 35 9 9 16 11 1 22 35 9 36 17 1 16 11 35 24 33
split_gain=3.52685e+08 4.69592e+08 8.389e+08 4.30444e+08 4.08978e+08 5.63084e+08 4.78764e+08 4.80187e+08 7.29896e+08 6.08114e+08 6.65714e+08 3.93091e+08 3.85906e+08 4.02881e+08 9.10953e+08 8.74782e+08 9.10614e+08 7.43711e+08
threshold=22676.500000000004 17545.500000000004 0.68301270189221941 -0.5 670.31250000000011 156.00000000000003 7.5000000000000009 8.6250434027777789 22023.500000000004 0.93301270189221952 20158.000000000004 93.062500000000014 22.500000000000004 179.93750000000003 132.00000000000003 32525.000000000004 -2.3749999999999982 0.26736111111111116
decision_type=2 2 2 2 2 2 2 2 2 2 2 2 2 2 2 2 2 2
left_child=4 2 3 -2 6 -6 -1 8 -8 -10 -11 -9 13 -3 15 16 -15 -18
right_child=1 12 -4 -5 5 -7 7 11 9 10 -12 -13 -14 14 -16 -17 17 -19
leaf_value=0.20223220070022388 12.61314240642516 0.35357582871654208 -35.338898846503184 -10.344947126364458 -10.291522238491416 7.969759176564005 33.998694934224801 1.664039390271316 14.76906205584179 -77.400106286498456 -3.774039177263075 8.3726624488227923 -5.0617048814332302 -13.117385949990409 2.6012370320371025 -17.125454540445727 -2.4504298828577791 12.464849834037631
leaf_weight=74040 616 169893 552 1432 3487 1196 642 31936 1423 72 645 5383 9008 4087 17266 2400 33862 1860
leaf_count=74040 616 169893 552 1432 3487 1196 642 31936 1423 72 645 5383 9008 4087 17266 2400 33862 1860
internal_value=-5.02609e-10 -0.504896 -10.2121 -3.43958 1.02393 -5.62774 1.29684 3.31785 12.5221 6.07912 -11.1675 2.63171 -0.399019 -0.215901 -1.84264 -3.66044 -2.84867 -1.67381
internal_weight=359800 240976 2600 2048 118824 4683 114141 40101 2782 2140 717 37319 238376 229368 59475 42209 39809 35722
internal_count=359800 240976 2600 2048 118824 4683 114141 40101 2782 2140 717 37319 238376 229368 59475 42209 39809 35722
is_linear=0
shrinkage=0.0229654


Tree=416
num_leaves=19
num_cat=0
split_feature=36 8 16 4 8 35 16 8 35 36 36 22 35 8 36 11 17 29
split_gain=3.43226e+08 5.28796e+08 5.21021e+08 5.16615e+08 7.51806e+08 4.24103e+08 4.22602e+08 5.16807e+08 4.40899e+08 5.65196e+08 4.34333e+08 4.16726e+08 5.17442e+08 4.02877e+08 4.00828e+08 3.94114e+08 5.38178e+08 4.50787e+08
threshold=27900.500000000004 0.82968937203783688 85.812500000000014 1.5000000000000002 -0.89495246814786256 19086.500000000004 1.0000000180025095e-35 -0.32075123873380501 37846.000000000007 36520.500000000007 36139.500000000007 7.3148003472222225 23418.500000000004 -0.89495246814786256 26944.500000000004 132.00000000000003 73.937500000000014 434.99375000000003
decision_type=2 2 2 2 2 2 2 2 2 2 2 2 2 2 2 2 2 2
left_child=3 2 6 4 14 -4 7 8 9 -2 -10 -6 -13 -8 -1 16 -7 -18
right_child=1 -3 5 -5 11 15 13 -9 10 -11 -12 12 -14 -15 -16 -17 17 -19
leaf_value=75.461398176968274 -5.099726320421591 -6.3837432328498567 -38.969633404440465 0.2521096385661124 1.5106549259839572 -6.5884024564500567 8.9703179672171398 0.49624904037441847 -7.0772173940595415 -21.951071663764349 22.581086411654613 -0.47917235951088882 17.863429801058313 1.5407941479105651 20.357619043618559 1.2666855388161335 -3.0406558699751982 5.8727217561351077
leaf_weight=112 6241 8912 168 226976 8782 16519 4447 26790 512 1262 530 1304 2146 28648 184 11313 10817 4137
leaf_count=112 6241 8912 168 226976 8782 16519 4447 26790 512 1262 530 1304 2146 28648 184 11313 10817 4137
internal_value=5.1836e-10 -1.00084 -0.570145 0.502693 5.04263 -2.55264 0.67428 -1.07233 -5.99008 -7.93411 8.0081 4.16748 10.9305 2.5391 41.2077 -2.40965 -3.73111 -0.574784
internal_weight=359800 120296 111384 239504 12528 42954 68430 35335 8545 7503 1042 12232 3450 33095 296 42786 31473 14954
internal_count=359800 120296 111384 239504 12528 42954 68430 35335 8545 7503 1042 12232 3450 33095 296 42786 31473 14954
is_linear=0
shrinkage=0.0229654


Tree=417
num_leaves=19
num_cat=0
split_feature=7 36 29 3 3 36 3 3 36 8 14 7 10 8 14 36 8 36
split_gain=3.39415e+08 4.97148e+08 4.47244e+08 4.76534e+08 4.21182e+08 4.19216e+08 4.58124e+08 7.50714e+08 4.10351e+08 5.31205e+08 4.44989e+08 4.02638e+08 8.45781e+08 9.9573e+08 4.85963e+08 7.0912e+08 6.67861e+08 5.55902e+08
threshold=-0.89495246814786256 30043.500000000004 383.8562500000001 1.5000000000000002 4.5000000000000009 20882.500000000004 3.5000000000000004 5.5000000000000009 32952.500000000007 -0.65793410509763406 72.812500000000014 0.44134171618254497 0.6830127018922193 0.75023006073889131 60.812500000000007 19719.500000000004 -1.0000000180025095e-35 21368.500000000004
decision_type=2 2 2 2 2 2 2 2 2 2 2 2 2 2 2 2 2 2
left_child=5 11 4 8 -3 -1 -7 -8 9 10 -4 12 14 -14 16 -16 17 -2
right_child=1 2 3 -5 -6 6 7 -9 -10 -11 -12 -13 13 -15 15 -17 -18 -19
leaf_value=11.501009364663139 -0.42966770558000245 -3.2954347498606631 0.1539187158253793 -2.1957859937369886 -12.351080463956471 3.1062989311790297 -4.40875673225902 4.9246322645726712 0.90451391523111968 2.7916986926659026 31.38649074637831 -0.83562167248461661 15.955207788420223 2.7120589733546794 7.7816367222268958 0.57403104811315309 3.3171122896181275 -7.6315345987270433
leaf_weight=2208 10871 24932 333 23504 3039 29632 13872 6760 7821 1712 867 112632 3960 12280 7942 76977 8682 11776
leaf_count=2208 10871 24932 333 23504 3039 29632 13872 6760 7821 1712 867 112632 3960 12280 7942 76977 8682 11776
internal_value=3.12089e-11 -0.291455 -2.12496 -0.364892 -4.27931 1.70705 1.27682 -1.35071 3.64455 11.0037 22.7195 0.173863 1.03206 5.9413 0.346227 1.24812 -2.0984 -4.1745
internal_weight=359800 307328 62208 34237 27971 52472 50264 20632 10733 2912 1200 245120 132488 16240 116248 84919 31329 22647
internal_count=359800 307328 62208 34237 27971 52472 50264 20632 10733 2912 1200 245120 132488 16240 116248 84919 31329 22647
is_linear=0
shrinkage=0.0229654


Tree=418
num_leaves=19
num_cat=0
split_feature=3 13 30 36 0 4 0 3 30 3 4 3 22 27 36 0 36 23
split_gain=3.37807e+08 4.08494e+08 4.23355e+08 6.54649e+08 9.22784e+08 1.18405e+09 1.15479e+09 7.40692e+08 9.00846e+08 6.98524e+08 5.97886e+08 9.54912e+08 7.92757e+08 5.88754e+08 5.41753e+08 5.33413e+08 6.78253e+08 8.48947e+08
threshold=4.5000000000000009 23.881250000000005 389.08125000000001 32663.500000000004 13.500000000000002 1.5000000000000002 43.500000000000007 1.0000000180025095e-35 1596.1875000000002 1.0000000180025095e-35 11.500000000000002 2.5000000000000004 8.6250434027777789 -1.0000000180025095e-35 26879.500000000004 45.500000000000007 24219.500000000004 3.1750000000000016
decision_type=2 2 2 2 2 2 2 2 2 2 2 2 2 2 2 2 2 2
left_child=1 2 -1 4 7 6 9 8 -4 13 15 12 -12 -6 -9 16 -7 -18
right_child=-2 -3 3 -5 5 10 -8 14 -10 -11 11 -13 -14 -15 -16 -17 17 -19
leaf_value=-0.93668965920950287 -1.1147477393098957 7.5339181438774494 -3.6901683581725426 -1.1742723444304668 18.789736959580839 9.9764152544619957 0.22226299255449994 1.7930750570156517 -25.332907049534285 16.601734866499012 -22.486747257333395 10.086488017489859 9.650575178747161 64.745756209508841 -7.9553590146065725 -2.4811742969790558 4.4935299177928325 -3.5905462538008366
leaf_weight=90145 102520 4216 7623 49642 272 8551 2315 32039 1170 3403 1780 1200 524 320 3318 7514 34712 8536
leaf_count=90145 102520 4216 7623 49642 272 8551 2315 32039 1170 3403 1780 1200 524 320 3318 7514 34712 8536
internal_value=7.79115e-10 0.444201 0.326087 1.0248 1.98851 3.64502 13.1283 -0.605146 -6.56996 20.607 2.69242 -6.52561 -15.1777 43.6308 0.878255 3.23698 4.06647 2.89795
internal_weight=359800 257280 253064 162919 113277 69127 6310 44150 8793 3995 62817 3504 2304 592 35357 59313 51799 43248
internal_count=359800 257280 253064 162919 113277 69127 6310 44150 8793 3995 62817 3504 2304 592 35357 59313 51799 43248
is_linear=0
shrinkage=0.0229654


Tree=419
num_leaves=19
num_cat=0
split_feature=36 35 9 13 32 21 7 5 8 6 36 32 36 4 8 4 36 4
split_gain=3.35157e+08 4.90852e+08 1.38763e+09 4.62854e+08 4.60867e+08 4.78053e+08 4.54089e+08 6.0076e+08 5.86625e+08 8.0171e+08 7.09918e+08 6.12826e+08 7.65424e+08 8.39603e+08 5.37879e+08 5.1095e+08 5.02462e+08 1.00797e+09
threshold=21873.500000000004 17704.500000000004 -0.6830127018922193 -3.3437499999999996 515.3687500000002 20.160286458333335 -0.13052619222005171 1.0000000180025095e-35 1.0000000180025095e-35 1.0000000180025095e-35 26879.500000000004 186.00625000000005 27994.500000000004 2.5000000000000004 0.44134171618254503 2.5000000000000004 32819.500000000007 1.5000000000000002
decision_type=2 2 2 2 2 2 2 2 2 2 2 2 2 2 2 2 2 2
left_child=3 2 4 -1 -2 -6 16 8 9 11 -10 12 13 -8 -9 -11 17 -3
right_child=1 6 -4 -5 5 -7 7 14 10 15 -12 -13 -14 -15 -16 -17 -18 -19
leaf_value=20.856174349722334 7.3838450916993361 11.602623771747737 -16.818436179493713 1.0143890004362384 77.360495328386392 5.7979926383741818 23.062881140560343 -7.3898841508597624 -1.7072182962595055 -48.202786054855565 -11.995932531828648 -3.9699603401061081 0.13204496088385723 4.7469605687008203 -0.24077881539673057 -10.101015883751391 -1.4901726179046439 0.93028841042497168
leaf_weight=624 630 4912 2728 98104 117 85 1440 14544 31032 216 3992 9412 28128 15836 8976 1320 43968 93736
leaf_count=624 630 4912 2728 98104 117 85 1440 14544 31032 216 3992 9412 28128 15836 8976 1320 43968 93736
internal_value=2.47952e-09 -0.43103 -8.90024 1.1398 17.0623 47.2476 -0.313947 -1.38837 -0.545865 0.904798 -2.87992 1.36333 2.46889 6.27364 -4.66155 -15.4591 0.551647 1.4617
internal_weight=359800 261072 3560 98728 832 202 257512 114896 91376 56352 35024 54816 45404 17276 23520 1536 142616 98648
internal_count=359800 261072 3560 98728 832 202 257512 114896 91376 56352 35024 54816 45404 17276 23520 1536 142616 98648
is_linear=0
shrinkage=0.0229654


Tree=420
num_leaves=19
num_cat=0
split_feature=15 21 21 30 34 16 13 4 30 30 10 28 3 4 4 13 15 11
split_gain=3.19664e+08 3.61612e+08 3.02517e+08 6.26507e+08 4.21619e+08 3.54974e+08 3.36651e+08 1.05638e+09 4.34049e+08 4.93977e+08 4.98359e+08 4.54446e+08 6.23135e+08 6.36476e+08 4.73417e+08 4.29483e+08 3.67701e+08 4.01642e+08
threshold=5.9687500000000009 1.0000000180025095e-35 19.769921875000005 35.031250000000007 0.31597222222222227 262.18750000000006 16.481250000000006 5.5000000000000009 389.08125000000001 708.46875000000011 0.6830127018922193 2.7664634146341469 1.0000000180025095e-35 11.500000000000002 9.5000000000000018 11.743750000000004 16.031250000000004 84.000000000000014
decision_type=2 2 2 2 2 2 2 2 2 2 2 2 2 2 2 2 2 2
left_child=-1 -2 3 4 5 -3 8 -8 15 10 -10 -11 13 -13 -14 16 -5 -18
right_child=1 2 -4 6 -6 -7 7 -9 9 11 -12 12 14 -15 -16 -17 17 -19
leaf_value=2.5052482759729284 10.42187198259295 -4.3437931003861685 2.9423907548048853 -2.4667071741924738 -0.89843872297754213 -12.996816273610582 -6.69912774801226 5.7994349373646106 1.3598780362075189 0.074155510445596234 8.3734782413179527 -0.092352115290272541 -3.1410569769104431 24.232805819265941 -12.05474005524297 -0.40628967795873583 -13.692031104074788 -3.224399429723416
leaf_weight=24996 1686 7456 15036 19716 10866 3762 4693 14859 39837 141605 6171 2163 14146 769 4040 40264 3806 3929
leaf_count=24996 1686 7456 15036 19716 10866 3762 4693 14859 39837 141605 6171 2163 14146 769 4040 40264 3806 3929
internal_value=5.32033e-10 -0.187038 -0.240733 -0.391202 -4.12261 -7.24562 -0.112806 2.79945 -0.318779 0.199528 2.3006 -0.394526 -3.53723 6.28761 -5.12122 -1.91646 -4.13151 -8.37499
internal_weight=359800 334804 333118 318082 22084 11218 295998 19552 276446 208731 46008 162723 21118 2932 18186 67715 27451 7735
internal_count=359800 334804 333118 318082 22084 11218 295998 19552 276446 208731 46008 162723 21118 2932 18186 67715 27451 7735
is_linear=0
shrinkage=0.0229654


Tree=421
num_leaves=19
num_cat=0
split_feature=3 15 14 34 30 32 15 8 3 1 13 14 4 1 15 24 9 22
split_gain=3.16302e+08 4.04149e+08 4.84069e+08 3.87452e+08 4.03202e+08 7.82386e+08 4.35712e+08 4.18453e+08 7.39724e+08 5.96682e+08 5.32145e+08 4.85171e+08 4.83648e+08 5.66873e+08 4.2511e+08 4.75041e+08 4.55073e+08 8.25947e+08
threshold=4.5000000000000009 17.481250000000006 48.687500000000007 0.61458333333333348 39.818750000000009 399.48750000000007 18.456250000000008 0.25881904510252057 1.0000000180025095e-35 10.500000000000002 17.568750000000005 58.687500000000007 1.5000000000000002 6.5000000000000009 21.243750000000009 4.731250000000002 -0.6830127018922193 12.184375000000001
decision_type=2 2 2 2 2 2 2 2 2 2 2 2 2 2 2 2 2 2
left_child=3 -2 -3 4 5 6 -1 8 9 12 14 -12 13 -6 16 -16 17 -11
right_child=1 2 -4 -5 7 -7 -8 -9 -10 10 11 -13 -14 -15 15 -17 -18 -19
leaf_value=-6.2554700072411 -0.34981986886956157 -24.766255619232975 -3.3439431899920535 7.9078778509001557 0.21129450797602425 0.24159073833302941 -21.652232689597486 -0.53441554094713506 0.60930094060504103 13.672740936007452 0.81720280734576589 30.431232918833182 7.2921822520083071 34.385399573777825 -11.759601104215252 50.072127173979347 4.3084672891079228 -17.18814081639907
leaf_weight=6575 81656 572 20292 3603 384 17668 1137 95128 106795 669 542 632 10153 768 1806 68 9906 1446
leaf_count=6575 81656 572 20292 3603 384 17668 1137 95128 106795 669 542 632 10153 768 1806 68 9906 1446
internal_value=1.41909e-09 -1.07868 -3.93125 0.429829 0.323618 -2.42238 -8.52545 0.628893 1.45989 4.90414 1.91222 16.7593 8.89223 22.994 0.657773 -9.51597 2.2438 -7.42647
internal_weight=359800 102520 20864 257280 253677 25380 7712 228297 133169 26374 15069 1174 11305 1152 13895 1874 12021 2115
internal_count=359800 102520 20864 257280 253677 25380 7712 228297 133169 26374 15069 1174 11305 1152 13895 1874 12021 2115
is_linear=0
shrinkage=0.0229654


Tree=422
num_leaves=19
num_cat=0
split_feature=36 4 8 35 30 0 7 14 1 24 30 16 11 35 29 36 22 0
split_gain=3.34108e+08 5.95235e+08 7.84156e+08 5.95015e+08 5.29772e+08 4.68698e+08 4.54779e+08 5.4511e+08 6.10095e+08 4.11252e+08 4.80445e+08 4.00871e+08 8.61675e+08 6.55607e+08 5.50245e+08 6.17706e+08 5.49954e+08 4.68535e+08
threshold=25803.000000000004 1.5000000000000002 -0.70710678118654757 19152.500000000004 811.24375000000009 45.500000000000007 0.25881904510252096 57.312500000000007 21.500000000000004 2.825000000000002 17.943750000000009 144.06250000000003 132.00000000000003 32525.000000000004 371.9812500000001 34533.000000000007 13.03693576388889 13.500000000000002
decision_type=2 2 2 2 2 2 2 2 2 2 2 2 2 2 2 2 2 2
left_child=1 2 -1 4 -2 11 7 -3 9 10 -9 17 13 14 15 -13 -15 -5
right_child=3 6 -4 5 -6 -7 -8 8 -10 -11 -12 12 -14 16 -16 -17 -18 -19
leaf_value=59.692239677585292 -7.0594269908971707 -1.324399980018401 5.6452744115884164 -4.9559007980892824 -41.550401678288843 -7.2025085484306901 -0.67925461908957585 -2.6981630020505114 -0.82188753789371782 -4.734614934967488 5.5295076865274151 -3.7835373342186212 2.698522524841982 -11.798172853493146 4.8673849242085492 -23.956308958396502 -72.597642740998197 0.68801807895154643
leaf_weight=144 775 24473 8432 8368 337 5568 101408 4155 18229 2579 37764 19972 12397 4089 3842 834 80 106354
leaf_count=144 775 24473 8432 8368 337 5568 101408 4155 18229 2579 37764 19972 12397 4089 3842 834 80 106354
internal_value=-1.4331e-09 0.635525 6.55278 -0.770622 -17.5122 -0.655352 0.366468 1.58258 2.71674 4.16636 4.71398 -0.421573 -2.36427 -4.54226 -3.11765 -4.59215 -12.9649 0.276342
internal_weight=359800 197184 8576 162616 1112 161504 188608 87200 62727 44498 41919 155936 41214 28817 24648 20806 4169 114722
internal_count=359800 197184 8576 162616 1112 161504 188608 87200 62727 44498 41919 155936 41214 28817 24648 20806 4169 114722
is_linear=0
shrinkage=0.0229654


Tree=423
num_leaves=19
num_cat=0
split_feature=7 36 26 7 9 35 29 36 27 8 35 9 36 33 15 22 35 30
split_gain=3.24531e+08 4.35236e+08 4.87468e+08 5.0792e+08 5.40186e+08 9.33303e+08 5.72191e+08 4.93959e+08 5.19222e+08 5.46453e+08 4.65362e+08 4.92456e+08 4.46402e+08 4.22316e+08 4.12127e+08 4.45464e+08 5.02524e+08 3.95258e+08
threshold=0.82968937203783699 23720.500000000004 8.1608072916666696 -0.60876142900872077 0.68301270189221941 19374.500000000004 378.03125000000006 27525.500000000004 0.65969122023809501 -0.82968937203783677 31006.500000000004 0.93301270189221952 39877.000000000007 0.23263888888888892 23.081250000000008 11.037977430555555 25042.500000000004 217.03125000000003
decision_type=2 2 2 2 2 2 2 2 2 2 2 2 2 2 2 2 2 2
left_child=1 14 7 -4 17 -6 10 8 -3 -10 13 -12 -8 -7 -1 -16 -17 -5
right_child=-2 2 3 4 5 6 12 -9 9 -11 11 -13 -14 -15 15 16 -18 -19
leaf_value=1.8741316264560204 -1.4357423603325434 2.6169601335415691 0.29029345991762373 -4.4245382804352928 -31.133374659853676 -4.2099451656637754 3.194391306303332 0.14249464277214005 31.954184815172759 8.1976330039876544 -9.4080353135811468 -36.447356294572174 62.380241097895926 -20.966298093911437 3.5983263802770855 -6.4675278067029813 -32.303272547137276 0.2922555640350557
leaf_weight=94622 67464 13652 57811 14264 755 11331 2592 60396 634 2625 1042 539 69 853 1572 1757 513 27309
leaf_count=94622 67464 13652 57811 14264 755 11331 2592 60396 634 2625 1042 539 69 853 1572 1757 513 27309
internal_value=1.88767e-09 0.331334 -0.300171 -1.23798 -2.74173 -6.16711 -5.01956 1.11388 4.58308 12.8192 -6.90414 -18.6264 4.72909 -5.38305 1.57474 -5.79866 -12.3062 -1.32611
internal_weight=359800 292336 193872 116565 58754 17181 16426 77307 16911 3259 13765 1581 2661 12184 98464 3842 2270 41573
internal_count=359800 292336 193872 116565 58754 17181 16426 77307 16911 3259 13765 1581 2661 12184 98464 3842 2270 41573
is_linear=0
shrinkage=0.0229654


Tree=424
num_leaves=19
num_cat=0
split_feature=7 26 35 26 13 8 3 8 23 14 3 26 35 10 27 35 21 21
split_gain=3.19348e+08 3.61071e+08 3.30683e+08 5.48546e+08 5.37811e+08 3.82043e+08 3.67084e+08 8.83572e+08 8.65797e+08 3.13534e+08 5.34629e+08 5.93633e+08 5.14175e+08 4.55377e+08 5.39956e+08 4.28313e+08 6.5871e+08 3.26677e+08
threshold=-0.89495246814786256 0.78072916666666681 33403.500000000007 8.1608072916666696 2.3187500000000005 -0.75023006073889131 1.0000000180025095e-35 0.13052619222005152 3.4250000000000016 82.937500000000014 4.5000000000000009 7.1207031250000012 26833.500000000004 0.25000000000000017 1.4920572916666666 19304.500000000004 7.5399739583333343 6.2350260416666679
decision_type=2 2 2 2 2 2 2 2 2 2 2 2 2 2 2 2 2 2
left_child=1 -1 3 4 6 9 7 8 -2 10 12 13 -6 14 -12 16 -13 -14
right_child=2 -3 -4 -5 5 -7 -8 -9 -10 -11 11 15 17 -15 -16 -17 -18 -19
leaf_value=19.675315265809342 8.2516853223850539 1.4544149645407543 -2.449696817093832 -0.60830867344852768 22.826431426859674 2.4778247792475767 1.0770741735290208 -11.956620759528782 -46.786724776429779 16.413745500791098 -36.168323080775004 98.179212522653202 17.158632833749291 4.986653954660599 5.7562534919480344 3.9324650173519382 -1.1186791175980473 0.14431043542973018
leaf_weight=580 2605 51892 33136 206610 1282 18404 34351 3843 160 1973 566 69 853 439 227 769 72 1969
leaf_count=580 2605 51892 33136 206610 1282 18404 34351 3843 160 1973 566 69 853 439 227 769 72 1969
internal_value=1.34356e-09 1.65582 -0.282708 -0.0208286 1.7752 4.31629 0.123515 -4.83346 5.06682 8.43298 5.912 -3.38822 10.7661 -13.7788 -24.1672 10.679 47.4739 5.28719
internal_weight=359800 52472 307328 274192 67582 26623 40959 6608 2765 8219 6246 2142 4104 1232 793 910 141 2822
internal_count=359800 52472 307328 274192 67582 26623 40959 6608 2765 8219 6246 2142 4104 1232 793 910 141 2822
is_linear=0
shrinkage=0.0229654


Tree=425
num_leaves=19
num_cat=0
split_feature=36 35 15 7 17 5 21 8 36 7 36 36 8 35 28 6 8 10
split_gain=3.23887e+08 4.57799e+08 7.62904e+08 4.44531e+08 5.44046e+08 4.43207e+08 5.8069e+08 7.79281e+08 7.29631e+08 5.70438e+08 6.95909e+08 5.21076e+08 4.99187e+08 4.96341e+08 4.56481e+08 4.52686e+08 5.62198e+08 4.2552e+08
threshold=21132.500000000004 27194.500000000004 15.806250000000004 0.32075123873380545 32.312500000000007 1.0000000180025095e-35 9.6897135416666682 -0.19467261866128607 34381.500000000007 0.44134171618254497 27598.000000000004 28384.500000000004 0.89495246814786289 22711.500000000004 -1.6865069356872622 1.0000000180025095e-35 0.38268343236508956 -0.5
decision_type=2 2 2 2 2 2 2 2 2 2 2 2 2 2 2 2 2 2
left_child=1 3 -3 4 -1 15 9 8 -8 11 -11 12 14 -13 -7 -2 -17 -5
right_child=5 2 -4 17 -6 6 7 -9 -10 10 -12 13 -14 -15 -16 16 -18 -19
leaf_value=-3.2203611710893112 0.32356855595969874 1.5556779642097698 -49.791447803388927 -1.4902829135967164 5.400473432376188 1.9667903705057612 -8.9939366520928132 -1.857693417895294 -46.794246047681966 -1.8156063147103128 -16.291149010138867 -45.263923425967434 0.96780293286956387 -0.55468473305153376 16.55002033862479 -10.609996982192481 3.8478236518023161 2.6931249151470724
leaf_weight=4692 207592 402 246 31192 21796 1817 8621 17878 278 9610 2142 132 5592 16599 3003 4320 2112 21776
leaf_count=4692 207592 402 246 31192 21796 1817 8621 17878 278 9610 2142 132 5592 16599 3003 4320 2112 21776
internal_value=-3.32033e-09 1.28753 -17.9372 1.44431 3.87341 -0.368743 -2.01909 -4.62178 -10.1748 -0.227287 -4.45402 1.60274 5.63632 -0.90742 11.0526 0.137656 -5.86265 0.229584
internal_weight=359800 80104 648 79456 26488 279696 65672 26777 8899 38895 11752 27143 10412 16731 4820 214024 6432 52968
internal_count=359800 80104 648 79456 26488 279696 65672 26777 8899 38895 11752 27143 10412 16731 4820 214024 6432 52968
is_linear=0
shrinkage=0.0229654


Tree=426
num_leaves=19
num_cat=0
split_feature=36 8 16 6 35 29 28 7 14 1 28 27 22 10 0 0 1 36
split_gain=3.15091e+08 5.00325e+08 5.45375e+08 4.77121e+08 6.0736e+08 4.48775e+08 6.77647e+08 6.23868e+08 5.8742e+08 6.79478e+08 5.06377e+08 4.84136e+08 4.32428e+08 4.28413e+08 4.16715e+08 4.04251e+08 3.94722e+08 4.95505e+08
threshold=27900.500000000004 0.75023006073889131 85.812500000000014 1.0000000180025095e-35 32374.500000000004 203.14375000000004 1.7973287470725998 -0.13052619222005171 67.312500000000014 20.500000000000004 -1.7877073053728059 -2.0459449404761907 8.6786024305555571 0.93301270189221952 22.500000000000004 16.500000000000004 15.500000000000002 24564.500000000004
decision_type=2 2 2 2 2 2 2 2 2 2 2 2 2 2 2 2 2 2
left_child=5 2 3 15 14 11 7 8 16 10 12 -1 -10 -6 -5 -2 17 -7
right_child=1 -3 -4 4 13 6 -8 -9 9 -11 -12 -13 -14 -15 -16 -17 -18 -19
leaf_value=-2.5333812441802999 -3.9294036960503322 -5.1350749512494209 -2.4402868718763653 -27.73398056107246 -11.404192785650434 4.0421889187645403 -2.8117653190953078 1.5226763535373704 24.518607250891737 5.6717753657776377 26.073945140447304 0.47199788776128426 -6.6468002438199294 -80.651625254858672 3.3703529181542704 1.8511580395735547 8.730984199936346 -10.181741025000182
leaf_weight=37957 7208 13440 42814 330 83 3489 14421 59773 395 4623 2069 110763 579 109 729 55583 3384 2051
leaf_count=37957 7208 13440 42814 330 83 3489 14421 59773 395 4623 2069 110763 579 109 729 55583 3384 2051
internal_value=1.82944e-10 -0.958942 -0.433681 0.907794 -13.1357 0.481649 1.75402 2.61625 6.55636 11.2189 19.6462 -0.295049 5.99215 -50.7165 -6.32222 1.18759 2.55111 -1.22375
internal_weight=359800 120296 106856 64042 1251 239504 90784 76363 16590 7666 3043 148720 974 192 1059 62791 8924 5540
internal_count=359800 120296 106856 64042 1251 239504 90784 76363 16590 7666 3043 148720 974 192 1059 62791 8924 5540
is_linear=0
shrinkage=0.0229654


Tree=427
num_leaves=19
num_cat=0
split_feature=0 7 36 14 8 0 35 36 7 14 8 35 14 16 18 16 3 15
split_gain=3.12152e+08 3.60595e+08 6.2745e+08 1.00081e+09 7.45216e+08 6.59973e+08 6.19085e+08 6.10104e+08 5.32925e+08 4.88883e+08 7.73621e+08 5.90408e+08 6.41691e+08 5.17499e+08 4.49827e+08 4.30561e+08 4.24878e+08 5.5427e+08
threshold=47.500000000000007 0.25881904510252096 32663.500000000004 60.812500000000007 -0.065263096110025884 43.500000000000007 24939.500000000004 21368.500000000004 -0.97868534383143924 72.312500000000014 0.32075123873380501 27194.500000000004 88.187500000000014 223.81250000000003 0.026250000000000006 368.06250000000006 3.5000000000000004 20.956250000000008
decision_type=2 2 2 2 2 2 2 2 2 2 2 2 2 2 2 2 2 2
left_child=1 2 3 4 7 9 -4 16 -8 -5 11 13 14 -11 -13 -10 17 -1
right_child=-2 -3 6 5 -6 -7 8 -9 15 10 -12 12 -14 -15 -16 -17 -18 -19
leaf_value=9.1260150370879849 -4.6348310240834252 -0.754926543045359 36.534064939065921 1.6704150999866023 2.4226061209033194 -0.46387002632087126 3.1002063165321907 -6.1938772007795553 -2.691929547793924 20.369590330225861 2.3121021391838119 8.2949721460052874 16.256965290250147 8.7826225028604767 -0.92018189878549883 -26.239609404871356 -2.4547028708061842 -24.989922724282405
leaf_weight=3600 7504 149920 224 34513 17802 26312 9616 17975 37938 3172 22775 4932 2350 5661 6444 414 8378 270
leaf_count=3600 7504 149920 224 34513 17802 26312 9616 17975 37938 3172 22775 4932 2350 5661 6444 414 8378 270
internal_value=-1.81587e-09 0.0987232 0.731106 1.44602 -1.30488 2.69049 -1.55616 -3.50045 -1.73403 3.72995 5.29788 8.31224 5.33185 12.9436 3.075 -2.94612 0.45239 6.74583
internal_weight=359800 352296 202376 154184 48025 106159 48192 30223 47968 79847 45334 22559 13726 8833 11376 38352 12248 3870
internal_count=359800 352296 202376 154184 48025 106159 48192 30223 47968 79847 45334 22559 13726 8833 11376 38352 12248 3870
is_linear=0
shrinkage=0.0229654


Tree=428
num_leaves=19
num_cat=0
split_feature=3 35 0 14 7 3 36 35 8 22 35 0 4 13 22 8 23 4
split_gain=3.14833e+08 4.07918e+08 4.76228e+08 4.19145e+08 5.30051e+08 8.75067e+08 5.39459e+08 5.53369e+08 4.85421e+08 5.75927e+08 4.9366e+08 4.48109e+08 4.38373e+08 4.82909e+08 5.63708e+08 4.84675e+08 4.07945e+08 4.58238e+08
threshold=4.5000000000000009 38847.500000000007 30.500000000000004 82.437500000000014 0.25881904510252096 5.5000000000000009 16651.000000000004 17230.500000000004 -0.70710678118654757 3.3818142361111119 31136.500000000004 21.500000000000004 8.5000000000000018 10.356250000000003 12.111024305555558 -0.32075123873380501 1.975000000000001 6.5000000000000009
decision_type=2 2 2 2 2 2 2 2 2 2 2 2 2 2 2 2 2 2
left_child=-1 3 -3 4 5 6 -2 -8 9 11 -11 -5 -7 14 -14 -16 -9 -18
right_child=1 2 -4 8 -6 12 7 16 -10 10 -12 -13 13 -15 15 -17 17 -19
leaf_value=0.42882951488243076 10.726616571589194 -30.733170813656294 -4.7384356889556898 -2.7819532243163252 -5.2960401224236593 1.0200987131188157 -55.698127094359997 -1.9718365174874286 -0.11568758201498518 10.963579699488644 -3.0117095729282228 36.910919002890779 8.4987295331245623 20.501687563715933 -50.404953684643623 -1.9012279127216636 -13.286562489829393 -1.8791011446459398
leaf_weight=257280 1254 504 1416 208 18595 17013 112 12645 32970 2797 2547 538 2363 1369 167 311 4593 3118
leaf_count=257280 1254 504 1416 208 18595 17013 112 12645 32970 2797 2547 538 2363 1369 167 311 4593 3118
internal_value=-3.00915e-09 -1.07617 -11.5621 -0.876045 -2.05703 -0.654553 -3.8949 -4.79071 0.984627 6.9415 4.30283 25.8437 2.66199 9.29701 3.89778 -18.8471 -4.51062 -8.67387
internal_weight=359800 102520 1920 100600 61540 42945 21722 20468 39060 6090 5344 746 21223 4210 2841 478 20356 7711
internal_count=359800 102520 1920 100600 61540 42945 21722 20468 39060 6090 5344 746 21223 4210 2841 478 20356 7711
is_linear=0
shrinkage=0.0229654


Tree=429
num_leaves=19
num_cat=0
split_feature=36 4 8 1 16 5 27 18 1 36 10 28 4 28 30 4 8 36
split_gain=3.1878e+08 4.94906e+08 7.36453e+08 4.35046e+08 4.68526e+08 4.31776e+08 6.11676e+08 4.62261e+08 4.06033e+08 4.15059e+08 5.87047e+08 5.41507e+08 1.30026e+09 1.03459e+09 5.21663e+08 7.33241e+08 4.83309e+08 4.02943e+08
threshold=24825.500000000004 1.5000000000000002 -0.70710678118654757 22.500000000000004 159.81250000000003 1.0000000180025095e-35 1.4596540178571458 0.038125000000000013 7.5000000000000009 30729.500000000004 -0.5 -1.1705680902497988 11.500000000000002 -3.0694577991452987 989.99375000000009 10.500000000000002 0.82968937203783688 27819.500000000004
decision_type=2 2 2 2 2 2 2 2 2 2 2 2 2 2 2 2 2 2
left_child=1 2 -1 4 8 -6 7 -7 -2 10 -10 12 -11 -14 15 -13 17 -12
right_child=3 -3 -4 -5 5 6 -8 -9 9 11 16 14 13 -15 -16 -17 -18 -19
leaf_value=79.828683387817748 -2.4588731728569013 0.46169312646737654 5.9904971839261583 -7.9935903429791386 -1.5602762801134071 -8.6957305593663605 -1.1619761660131172 -26.913177689355443 -1.544535422213666 5.2410254989538911 10.795332114617231 -1.852975952971307 -28.344816284672262 -1.6120918737746748 -3.6941771147806799 8.6856357247119824 -0.11788124829308887 4.0316739733291991
leaf_weight=72 24713 165992 6760 4168 41063 2117 3489 1125 13353 17449 6638 10980 1114 2427 28205 5099 9560 15476
leaf_count=72 24713 165992 6760 4168 41063 2117 3489 1125 13353 17449 6638 10980 1114 2427 28205 5099 9560 15476
internal_value=-1.20734e-09 0.711017 6.76865 -0.657201 -0.489932 -2.44403 -7.83544 -15.0173 0.201805 0.797931 2.49411 -0.372122 2.66613 -10.0222 -1.81221 1.48905 4.19671 6.06193
internal_weight=359800 172824 6832 186976 182808 47794 6731 3242 135014 110301 45027 65274 20990 3541 44284 16079 31674 22114
internal_count=359800 172824 6832 186976 182808 47794 6731 3242 135014 110301 45027 65274 20990 3541 44284 16079 31674 22114
is_linear=0
shrinkage=0.0229654


Tree=430
num_leaves=19
num_cat=0
split_feature=36 35 14 36 5 29 8 13 36 24 14 24 36 35 0 6 8 29
split_gain=3.11027e+08 4.37132e+08 8.16692e+08 6.32382e+08 4.35838e+08 5.57839e+08 7.78927e+08 5.90088e+08 5.66185e+08 5.65192e+08 4.47632e+08 4.91973e+08 4.7856e+08 4.52497e+08 4.53101e+08 4.28902e+08 5.29676e+08 4.78858e+08
threshold=21132.500000000004 27194.500000000004 81.187500000000014 19909.500000000004 1.0000000180025095e-35 297.36875000000003 -0.19467261866128607 4.2562500000000023 34381.500000000007 6.6812500000000021 71.312500000000014 2.25 24678.500000000004 21182.500000000004 25.500000000000004 1.0000000180025095e-35 0.38268343236508956 27.531250000000011
decision_type=2 2 2 2 2 2 2 2 2 2 2 2 2 2 2 2 2 2
left_child=1 -1 3 -3 15 6 8 -7 10 -9 11 -6 -13 14 -12 -2 17 -17
right_child=4 2 -4 -5 5 7 -8 9 -10 -11 13 12 -14 -15 -16 16 -18 -19
leaf_value=1.414914123170407 0.32178629058242858 -81.790010911113356 18.436466594096331 -18.987127343340269 -11.991305151349891 -1.8590326185935875 -1.6813849978494479 5.7325298691438906 -39.076656412006329 -26.604803386185989 -7.5891050273046137 -15.414885854151001 -65.438381909197034 -6.426882412898693 42.194680114480633 -33.186989719789473 3.7256969773384361 -7.7525005947444141
leaf_weight=79456 207592 116 220 312 3146 27115 19075 9374 333 294 179 215 190 5542 209 434 2112 3886
leaf_count=79456 207592 116 220 312 3146 27115 19075 9374 333 294 179 215 190 5542 209 434 2112 3886
internal_value=-1.79625e-10 1.26171 -17.5241 -36.0085 -0.361349 -1.99792 -4.38626 -0.122142 -9.64359 4.74916 -8.60982 -15.0583 -38.8827 -4.74832 19.2274 0.140823 -5.69974 -10.3077
internal_weight=359800 80104 648 428 279696 65672 28889 36783 9814 9668 9481 3551 405 5930 388 214024 6432 4320
internal_count=359800 80104 648 428 279696 65672 28889 36783 9814 9668 9481 3551 405 5930 388 214024 6432 4320
is_linear=0
shrinkage=0.0229654


Tree=431
num_leaves=19
num_cat=0
split_feature=15 29 33 29 10 22 35 30 29 10 30 35 3 10 1 35 35 0
split_gain=3.04629e+08 3.65402e+08 5.05739e+08 3.3309e+08 4.0853e+08 4.01508e+08 3.89874e+08 6.91542e+08 5.39064e+08 5.94566e+08 1.10932e+09 6.05189e+08 6.20408e+08 5.06889e+08 5.00606e+08 5.97785e+08 5.12599e+08 4.90372e+08
threshold=5.9687500000000009 746.06875000000002 0.98958333333333348 554.90625000000011 0.93301270189221952 2.4973958333333335 33403.500000000007 1009.1687500000002 369.01250000000005 0.6830127018922193 1000.8062500000002 28274.500000000004 4.5000000000000009 0.6830127018922193 7.5000000000000009 18599.500000000004 19234.500000000004 33.500000000000007
decision_type=2 2 2 2 2 2 2 2 2 2 2 2 2 2 2 2 2 2
left_child=-1 2 3 5 -5 -2 8 13 9 11 -11 -7 -13 -8 -10 -16 -17 -14
right_child=1 -3 -4 4 -6 6 7 -9 14 10 -12 12 17 -15 15 16 -18 -19
leaf_value=2.4456212893147073 20.584942242908294 10.640988343709491 -6.9900147996467803 4.087543428543543 -7.2938398875309831 -0.36514391586745004 -4.2364486879710315 -4.5797702364573594 -0.31211723433081778 6.4173060282164567 -6.0076767838688188 -2.4572558097781041 -20.368617917835802 6.1430690360307878 -32.169749207236642 49.496433902228659 4.6193855208537018 -5.3339037355028873
leaf_weight=24996 485 1637 5746 16175 1854 179220 3906 25918 21301 15035 5067 22785 1966 6804 232 135 23801 2737
leaf_count=24996 485 1637 5746 16175 1854 179220 3906 25918 21301 15035 5067 22785 1966 6804 232 135 23801 2737
internal_value=5.68108e-10 -0.182587 -0.235768 -0.117236 2.91715 -0.294056 -0.326837 -2.55129 -0.0275958 -0.48512 3.28541 -0.851797 -4.02474 2.3576 2.25464 4.51691 4.87249 -11.6189
internal_weight=359800 334804 333167 327421 18029 309392 308907 36628 272279 226810 20102 206708 27488 10710 45469 24168 23936 4703
internal_count=359800 334804 333167 327421 18029 309392 308907 36628 272279 226810 20102 206708 27488 10710 45469 24168 23936 4703
is_linear=0
shrinkage=0.0229654


Tree=432
num_leaves=19
num_cat=0
split_feature=7 36 30 24 13 7 10 29 16 17 22 26 0 11 10 36 11 36
split_gain=3.06429e+08 4.41833e+08 4.42622e+08 7.35703e+08 7.28425e+08 6.41378e+08 4.8438e+08 4.21586e+08 5.90062e+08 5.09532e+08 4.36618e+08 4.30757e+08 4.14804e+08 3.98718e+08 3.98623e+08 3.86413e+08 3.69981e+08 3.58846e+08
threshold=-0.89495246814786256 30043.500000000004 389.08125000000001 1.1000000000000025 12.981250000000003 -0.13052619222005171 0.6830127018922193 383.8562500000001 1.0000000180025095e-35 58.312500000000007 8.6250434027777789 5.9483072916666684 42.500000000000007 84.000000000000014 0.6830127018922193 20882.500000000004 36.000000000000007 20345.500000000004
decision_type=2 2 2 2 2 2 2 2 2 2 2 2 2 2 2 2 2 2
left_child=15 2 4 5 -2 6 -4 10 -9 13 11 -3 -8 -10 -12 -1 -11 -7
right_child=1 7 3 -5 -6 17 12 8 9 16 14 -13 -14 -15 -16 -17 -18 -19
leaf_value=11.024952037499707 -3.3309498443000938 6.6056731819326071 3.762491371955107 -1.6171071869167999 0.51710670499202094 4.7700475275074146 20.336010830207364 -4.20510159915138 -9.7939715420500786 10.158592500749801 -4.4765471402280754 -9.3237953816953247 6.4180132966493346 2.3247709584413543 2.74094340424872 1.2089270452434449 2.0953986628197963 0.31073595206059373
leaf_weight=2208 41221 989 19806 38732 70009 11337 1875 12772 2912 4037 11230 9452 2840 2817 6300 50264 11699 59300
leaf_count=2208 41221 989 19806 38732 70009 11337 1875 12772 2912 4037 11230 9452 2840 2817 6300 50264 11699 59300
internal_value=2.27581e-10 -0.276931 0.161737 1.05122 -0.908954 2.13731 5.33735 -2.00543 -0.296592 2.02903 -4.09707 -7.81491 11.9527 -3.83508 -1.8827 1.62198 4.16397 1.02644
internal_weight=359800 307328 245120 133890 111230 95158 24521 62208 34237 21465 27971 10441 4715 5729 17530 52472 15736 70637
internal_count=359800 307328 245120 133890 111230 95158 24521 62208 34237 21465 27971 10441 4715 5729 17530 52472 15736 70637
is_linear=0
shrinkage=0.0229654


Tree=433
num_leaves=19
num_cat=0
split_feature=5 13 30 36 1 8 36 20 23 10 10 24 36 21 10 17 6 28
split_gain=3.01799e+08 3.76941e+08 3.78359e+08 5.67474e+08 8.58183e+08 7.42887e+08 8.48413e+08 7.25279e+08 7.0519e+08 8.18569e+08 8.77051e+08 5.08669e+08 4.87323e+08 4.83171e+08 8.54382e+08 5.38172e+08 5.84001e+08 4.56674e+08
threshold=1.0000000180025095e-35 23.881250000000005 389.08125000000001 32663.500000000004 5.5000000000000009 0.94490267940017769 24279.500000000004 0.12500000000000092 3.1750000000000016 0.93301270189221952 0.6830127018922193 -3.6499999999999972 26879.500000000004 7.8773437500000005 -0.5 13.062500000000002 1.0000000180025095e-35 -1.0000000180025095e-35
decision_type=2 2 2 2 2 2 2 2 2 2 2 2 2 2 2 2 2 2
left_child=1 2 11 4 12 6 7 -6 9 10 -8 -1 -4 15 -15 -10 -17 -13
right_child=-2 -3 3 -5 5 -7 8 -9 13 -11 -12 17 -14 14 -16 16 -18 -19
leaf_value=-8.7883620100879174 -1.0536623330052632 7.2302596637012178 -0.14448733123586829 -1.0804884617271191 12.516540300507826 -2.3915137361740122 3.3447507418087978 -5.4501589867233271 -34.280516815659773 -8.1141795146069686 11.626678856733843 -3.0223905369182553 -10.39081711532903 10.40326513821708 -11.511722168418459 10.138766153649915 -28.054587197924352 0.60377187029333801
leaf_weight=4102 102520 4216 38142 49642 9255 10173 31939 1359 177 2636 8549 26445 2616 1190 4435 2576 230 59598
leaf_count=4102 102520 4216 38142 49642 9255 10173 31939 1359 177 2636 8549 26445 2616 1190 4435 2576 230 59598
internal_value=6.70389e-10 0.41986 0.3064 0.966935 1.86419 3.36275 4.30167 10.2161 3.08819 4.28614 5.09347 -0.887386 -0.802135 -2.91326 -6.87548 4.55825 7.00816 -0.510716
internal_weight=359800 257280 253064 162919 113277 72519 62346 10614 51732 43124 40488 90145 40758 8608 5625 2983 2806 86043
internal_count=359800 257280 253064 162919 113277 72519 62346 10614 51732 43124 40488 90145 40758 8608 5625 2983 2806 86043
is_linear=0
shrinkage=0.0229654


Tree=434
num_leaves=19
num_cat=0
split_feature=35 15 11 24 11 16 24 15 28 13 18 28 29 11 35 25 15 35
split_gain=2.99669e+08 3.02125e+08 7.6022e+08 4.16762e+08 3.67409e+08 7.39404e+08 4.00941e+08 3.71884e+08 3.70046e+08 3.61053e+08 3.58615e+08 4.14425e+08 2.91374e+08 2.85965e+08 2.83634e+08 2.70562e+08 2.88135e+08 2.87075e+08
threshold=15369.500000000002 9.1812500000000039 60.000000000000007 -1.4000000000000015 1.0000000180025095e-35 167.06250000000003 1.2500000000000009 19.131250000000005 3.3023337482219071 22.431250000000006 0.26312500000000011 -4.4133713942307677 177.85625000000002 132.00000000000003 42681.500000000007 20.800260416666671 12.781250000000004 28274.500000000004
decision_type=2 2 2 2 2 2 2 2 2 2 2 2 2 2 2 2 2 2
left_child=-1 2 3 -2 5 6 12 -7 -9 14 -4 -12 -3 -13 15 17 -17 -6
right_child=1 4 10 -5 9 7 -8 8 -10 -11 11 13 -14 -15 -16 16 -18 -19
leaf_value=-10.544038452513398 8.3608286520017092 -2.2403629292966838 0.048419279571656239 2.4463183880763637 0.46116562650700937 -6.8358359152645454 -5.5107127646436247 -27.337403529541231 12.041602404189947 6.3097918917985414 -37.800643477598335 4.1685406024802907 3.8482428394805916 -9.0665999797864885 13.969659225041747 -1.087617769132615 -14.78384296779611 -1.290863835201465
leaf_weight=1416 8061 7290 56072 28495 147185 6946 6444 875 147 4618 216 1220 9610 2926 745 1976 1373 74185
leaf_count=1416 8061 7290 56072 28495 147185 6946 6444 875 147 4618 216 1220 9610 2926 745 1976 1373 74185
internal_value=-5.53276e-10 0.0416602 1.13632 3.75053 -0.364511 -2.69844 -0.636637 -8.73893 -21.6733 -0.046885 -0.445002 -6.78776 1.22186 -5.17203 -0.177084 -0.223984 -6.7027 -0.12597
internal_weight=359800 358384 96990 36556 261394 31312 23344 7968 1022 230082 60434 4362 16900 4146 225464 224719 3349 221370
internal_count=359800 358384 96990 36556 261394 31312 23344 7968 1022 230082 60434 4362 16900 4146 225464 224719 3349 221370
is_linear=0
shrinkage=0.0229654


Tree=435
num_leaves=19
num_cat=0
split_feature=14 15 13 4 30 13 9 14 8 15 11 3 23 30 32 27 25 30
split_gain=3.06769e+08 3.99187e+08 3.43662e+08 6.4916e+08 4.28161e+08 5.65158e+08 4.28891e+08 4.48541e+08 8.08012e+08 4.2809e+08 5.67625e+08 4.09603e+08 3.78161e+08 4.10179e+08 4.96363e+08 5.47879e+08 4.18375e+08 3.76358e+08
threshold=46.562500000000007 21.081250000000008 20.031250000000004 5.5000000000000009 389.08125000000001 12.568750000000003 -0.93301270189221908 73.062500000000014 1.0000000180025095e-35 16.743750000000002 84.000000000000014 1.5000000000000002 -3.8124999999999982 106.47500000000002 79.55000000000004 4.883909970238097 19.167447916666671 698.85000000000002
decision_type=2 2 2 2 2 2 2 2 2 2 2 2 2 2 2 2 2 2
left_child=1 -1 4 11 5 9 7 -7 -9 -2 -11 -4 -8 -14 15 -15 -16 -6
right_child=2 -3 3 -5 17 6 12 8 -10 10 -12 -13 13 14 16 -17 -18 -19
leaf_value=-2.8997854224575281 -2.0798966186163685 -24.663431829919041 8.1014802361044236 4.9261260205890203 2.3529997695251468 -2.6641232621393569 3.3741179819531708 17.828415453032708 0.55629986793106545 -13.551054748014746 -2.1864850903458111 -24.249488994366278 -2.9466741847666209 -1.460892289667731 5.9374347305824884 -23.857112654868821 -7.2453348969328406 0.055048633748450176
leaf_weight=10077 30120 465 296 13334 47763 2820 10340 2650 3099 4519 4759 682 33675 6619 10017 631 1454 176480
leaf_count=10077 30120 465 296 13334 47763 2820 10340 2650 3099 4519 4759 682 33675 6619 10017 631 1454 176480
internal_value=-1.96771e-09 -3.85976 0.116503 3.60151 -0.0324089 -1.20102 0.0186895 4.83796 8.51788 -3.40853 -7.72178 -14.4582 -0.639566 -1.43164 1.29358 -3.41014 4.26646 0.544504
internal_weight=359800 10542 349258 14312 334946 110703 71305 8569 5749 39398 9278 978 62736 52396 18721 7250 11471 224243
internal_count=359800 10542 349258 14312 334946 110703 71305 8569 5749 39398 9278 978 62736 52396 18721 7250 11471 224243
is_linear=0
shrinkage=0.0229654


Tree=436
num_leaves=19
num_cat=0
split_feature=0 3 0 3 30 6 3 0 0 9 0 13 30 9 25 9 23 9
split_gain=2.95994e+08 3.16377e+08 3.68916e+08 9.49416e+08 8.79279e+08 5.47758e+08 7.3047e+08 7.01546e+08 5.42213e+08 5.41595e+08 5.20819e+08 4.69454e+08 6.4788e+08 6.52207e+08 6.31802e+08 9.97887e+08 5.48191e+08 5.43339e+08
threshold=47.500000000000007 4.5000000000000009 11.500000000000002 1.0000000180025095e-35 1596.1875000000002 1.0000000180025095e-35 1.0000000180025095e-35 20.500000000000004 3.5000000000000004 0.25000000000000011 21.500000000000004 16.168750000000006 470.0437500000001 1.0000000180025095e-35 9.2528645833333361 0.93301270189221952 1.6500000000000001 -0.5
decision_type=2 2 2 2 2 2 2 2 2 2 2 2 2 2 2 2 2 2
left_child=1 2 3 4 -1 6 7 9 -5 -4 -7 12 13 16 -14 -16 -9 -13
right_child=-2 -3 5 8 -6 10 -8 11 -10 -11 -12 17 14 -15 15 -17 -18 -19
leaf_value=-4.9871904743743505 -4.5132807154080838 -0.99414900122898231 4.7592993507327366 4.4186632296920525 -27.57965614148328 -16.652541195527668 0.5456782012901541 -4.763929266798721 -1.1100276198388956 16.240146533267012 -1.6063236628908797 21.303974209773092 0.22611066199632729 3.8754822095082502 14.922815744318486 -13.537965312670435 -24.048943638608467 4.1382684814851949
leaf_weight=10800 7504 100376 4896 12864 992 1680 151776 1925 34304 3888 4368 1323 11304 2106 3941 778 1304 3671
leaf_count=10800 7504 100376 4896 12864 992 1680 151776 1925 34304 3888 4368 1323 11304 2106 3941 778 1304 3671
internal_value=3.92551e-10 0.0961341 0.530551 -1.05932 -6.88778 1.01634 1.23645 4.22033 0.397797 9.84099 -5.78583 2.34678 0.864576 -6.06722 3.17258 10.2306 -12.552 8.68577
internal_weight=359800 352296 251920 58960 11792 192960 186912 35136 47168 8784 6048 26352 21358 5335 16023 4719 3229 4994
internal_count=359800 352296 251920 58960 11792 192960 186912 35136 47168 8784 6048 26352 21358 5335 16023 4719 3229 4994
is_linear=0
shrinkage=0.0229654


Tree=437
num_leaves=19
num_cat=0
split_feature=36 16 11 35 7 33 10 35 9 1 36 23 28 16 11 15 15 33
split_gain=3.09046e+08 4.44565e+08 9.08204e+08 6.027e+08 5.27005e+08 4.94684e+08 5.50808e+08 4.72815e+08 6.04144e+08 4.61224e+08 6.1129e+08 4.57637e+08 3.99872e+08 3.99793e+08 3.97496e+08 3.96539e+08 3.91258e+08 3.84088e+08
threshold=22322.500000000004 277.43750000000006 132.00000000000003 34061.000000000007 0.82968937203783699 0.24652777777777782 -0.5 18096.500000000004 0.68301270189221941 21.500000000000004 27900.500000000004 -0.89999999999999891 -0.055555555555554463 85.812500000000014 60.000000000000007 15.306250000000004 23.856250000000006 0.53819444444444453
decision_type=2 2 2 2 2 2 2 2 2 2 2 2 2 2 2 2 2 2
left_child=-1 4 3 5 9 6 16 8 -4 10 11 -2 -8 14 15 -12 -3 -9
right_child=1 2 7 -5 -6 -7 12 17 -10 -11 13 -13 -14 -15 -16 -17 -18 -19
leaf_value=1.011993363587228 0.44136398146723799 -2.1079149741365937 -2.5927424941665764 -35.487107955790343 -2.8768435695927486 8.325435412947602 -15.408855616218965 2.828103558115409 -52.194844896664378 -2.48172906588825 5.2921086971445348 4.6646912834279632 -5.9077683709288245 -2.2105045094324431 -0.46891567095787057 -1.0575481286784159 -21.970318320160356 28.6822701166675
leaf_weight=110344 23693 16670 449 335 29135 1502 3775 11859 182 24368 16126 31553 6130 33328 41853 7647 540 311
leaf_count=110344 23693 16670 449 335 29135 1502 3775 11859 182 24368 16126 31553 6130 33328 41853 7647 540 311
internal_value=-2.90355e-09 -0.447644 -2.60997 -4.86216 -0.0129662 -4.50366 -5.21431 2.4838 -16.8995 0.454302 0.918278 2.85346 -9.52883 -0.162133 0.878127 3.24963 -2.73114 3.4888
internal_weight=359800 249456 41753 28952 207703 28617 27115 12801 631 178568 154200 55246 9905 98954 65626 23773 17210 12170
internal_count=359800 249456 41753 28952 207703 28617 27115 12801 631 178568 154200 55246 9905 98954 65626 23773 17210 12170
is_linear=0
shrinkage=0.0229654


Tree=438
num_leaves=19
num_cat=0
split_feature=36 4 8 15 35 3 0 6 35 20 16 35 26 35 29 36 3 0
split_gain=2.9922e+08 5.29135e+08 7.1349e+08 6.61863e+08 5.22594e+08 5.3146e+08 4.2783e+08 4.27123e+08 3.78834e+08 5.68679e+08 3.49895e+08 5.50096e+08 5.40864e+08 5.69965e+08 4.97487e+08 8.08597e+08 4.57135e+08 7.16897e+08
threshold=25803.000000000004 1.5000000000000002 -0.70710678118654757 22.631250000000005 19152.500000000004 1.5000000000000002 45.500000000000007 1.0000000180025095e-35 26028.500000000004 1.8562499999999995 144.06250000000003 38847.500000000007 3.0100260416666673 35401.500000000007 371.9812500000001 34533.000000000007 1.5000000000000002 18.500000000000004
decision_type=2 2 2 2 2 2 2 2 2 2 2 2 2 2 2 2 2 2
left_child=1 2 -1 -3 5 7 10 -2 -5 -10 16 12 -12 14 15 -14 -6 -18
right_child=4 3 -4 8 6 -7 -8 -9 9 -11 11 -13 13 -15 -16 -17 17 -19
leaf_value=56.869000302501647 1.7709927073745493 0.62369330843028781 5.314819551124244 -3.8715150884288421 2.4474927320585538 -49.517554715697784 -6.876454840820247 -32.369002560592016 -12.019035904196986 -59.071282317539875 12.774378433217787 -19.91998944786295 -2.2055186208673474 -16.096088246670448 3.6040999725920613 -19.800839262171767 -4.8359992711390847 0.44204726169210312
leaf_weight=144 624 181155 8432 6055 34879 208 5568 280 1246 152 1297 905 28672 1518 7375 1447 17337 62506
leaf_count=144 624 181155 8432 6055 34879 208 5568 280 1246 152 1297 905 28672 1518 7375 1447 17337 62506
internal_value=7.22779e-10 0.60143 6.18047 0.347751 -0.729278 -16.419 -0.62125 -8.80334 -6.3594 -17.1349 -0.397896 -2.21287 -1.81532 -2.30037 -1.74183 -3.05085 0.254136 -0.704021
internal_weight=359800 197184 8576 188608 162616 1112 161504 904 7453 1398 155936 41214 40309 39012 37494 30119 114722 79843
internal_count=359800 197184 8576 188608 162616 1112 161504 904 7453 1398 155936 41214 40309 39012 37494 30119 114722 79843
is_linear=0
shrinkage=0.0229654


Tree=439
num_leaves=19
num_cat=0
split_feature=36 8 4 8 0 22 35 35 3 8 22 35 36 19 3 26 19 23
split_gain=2.88231e+08 4.62171e+08 4.52363e+08 6.36346e+08 4.4294e+08 3.69867e+08 3.77321e+08 3.67388e+08 3.65347e+08 4.02656e+08 3.21428e+08 3.37638e+08 4.77795e+08 4.10398e+08 3.03168e+08 2.97248e+08 7.70771e+08 4.72533e+08
threshold=27598.000000000004 0.82968937203783688 1.5000000000000002 -0.89495246814786256 12.500000000000002 6.4070312500000011 23418.500000000004 19086.500000000004 1.0000000180025095e-35 -0.19467261866128607 2.2143663194444447 37664.500000000007 34693.000000000007 12.081250000000002 1.0000000180025095e-35 8.2904947916666689 6.2062500000000007 4.5000000000000036
decision_type=2 2 2 2 2 2 2 2 2 2 2 2 2 2 2 2 2 2
left_child=2 4 3 -1 -2 8 -7 14 9 -5 11 13 -13 -9 -6 16 -4 -18
right_child=1 -3 15 5 7 6 -8 10 -10 -11 -12 12 -14 -15 -16 -17 17 -19
leaf_value=43.881515579686422 -20.424701144768996 -5.5943178561414282 13.019311504897448 30.68034363200622 -3.8817777973231333 0.71223916841372603 15.360691888210644 31.150185884251147 3.2526092367043136 -15.378273791284004 -0.5544434689987463 -8.8562162033939895 10.129315161900777 5.8503768767755622 -56.418144222999899 -0.12570946066537178 0.7536502721842373 22.456833036911974
leaf_weight=216 584 10112 3145 111 120 1489 2459 520 6705 1020 110700 1325 1480 967 112 186231 31966 538
leaf_count=216 584 10112 3145 111 120 1489 2459 520 6705 1020 110700 1325 1480 967 112 186231 31966 538
internal_value=-1.47423e-09 -0.885856 0.476941 4.81994 -0.474728 4.10395 9.83598 -0.373613 1.21598 -10.8579 -0.315366 5.85096 1.16111 14.6977 -29.2442 0.242057 2.16328 1.11288
internal_weight=359800 125920 233880 12000 115808 11784 3948 115224 7836 1131 114992 4292 2805 1487 232 221880 35649 32504
internal_count=359800 125920 233880 12000 115808 11784 3948 115224 7836 1131 114992 4292 2805 1487 232 221880 35649 32504
is_linear=0
shrinkage=0.0229654


Tree=440
num_leaves=19
num_cat=0
split_feature=7 26 14 23 9 24 3 7 3 0 14 10 24 34 26 11 0 22
split_gain=2.95228e+08 3.28716e+08 2.67e+08 3.97471e+08 6.52516e+08 4.80629e+08 3.78186e+08 3.96538e+08 5.7287e+08 4.26452e+08 3.64014e+08 4.8225e+08 4.86992e+08 3.48284e+08 3.38953e+08 3.3619e+08 3.35258e+08 3.31387e+08
threshold=-0.94490267940017747 1.6664062500000003 84.187500000000014 0.28749999999999981 -0.93301270189221908 4.9062500000000009 4.5000000000000009 0.25881904510252096 5.5000000000000009 10.500000000000002 65.062500000000014 -0.24999999999999994 1.7250000000000012 0.61458333333333348 9.2248697916666682 60.000000000000007 17.500000000000004 16.276171875000006
decision_type=2 2 2 2 2 2 2 2 2 2 2 2 2 2 2 2 2 2
left_child=1 -1 6 -4 -5 15 13 8 10 -9 11 -8 -13 -2 -7 16 -6 -12
right_child=2 -3 3 4 5 14 7 9 -10 -11 17 12 -14 -15 -16 -17 -18 -19
leaf_value=17.587515211199939 -0.26555107108920328 1.6337420433605629 -0.12045530093407475 18.99061581377849 -0.2428951143150174 4.2099601094642907 -4.4896197659782535 -0.55076106362640409 2.0654720802552187 -7.2361832595582891 -2.6105110784275527 -13.118598069935949 -47.474109743464417 7.5433683248198751 -12.445533193114148 1.5623667596175255 10.628675839123416 8.6779841134119149
leaf_weight=694 141150 36786 89972 1280 2120 983 6074 7991 18181 13591 9606 1390 258 3078 1871 18092 5083 1600
leaf_count=694 141150 36786 89972 1280 2120 983 6074 7991 18181 13591 9606 1390 258 3078 1871 18092 5083 1600
internal_value=4.41691e-10 1.92915 -0.224325 0.637349 2.95415 2.22494 -0.73135 -2.28554 -0.845956 -4.76082 -3.64248 -7.47904 -18.4971 -0.0988993 -6.7089 3.23293 7.42894 -0.998732
internal_weight=359800 37480 322320 119401 29429 28149 202919 58691 37109 21582 18928 7722 1648 144228 2854 25295 7203 11206
internal_count=359800 37480 322320 119401 29429 28149 202919 58691 37109 21582 18928 7722 1648 144228 2854 25295 7203 11206
is_linear=0
shrinkage=0.0229654


Tree=441
num_leaves=19
num_cat=0
split_feature=36 7 16 11 10 36 23 8 16 16 4 27 3 32 36 15 24 36
split_gain=2.93841e+08 4.10314e+08 5.42924e+08 8.71008e+08 4.92915e+08 4.54289e+08 8.12455e+08 5.67594e+08 4.98565e+08 4.41738e+08 4.35685e+08 4.02949e+08 3.98234e+08 7.57502e+08 4.60598e+08 3.86015e+08 3.82707e+08 4.57872e+08
threshold=21132.500000000004 0.82968937203783699 286.56250000000006 132.00000000000003 -0.24999999999999994 27900.500000000004 -0.74999999999999978 0.75023006073889131 84.062500000000014 610.18750000000011 9.5000000000000018 1.3921875000000032 1.0000000180025095e-35 0.087500000000001257 23720.500000000004 14.031250000000004 3.4125000000000014 28730.500000000004
decision_type=2 2 2 2 2 2 2 2 2 2 2 2 2 2 2 2 2 2
left_child=-1 2 5 4 9 6 -2 8 -7 11 -5 15 13 -6 -14 -4 -16 -18
right_child=1 -3 3 10 12 7 -8 -9 -10 -11 -12 -13 14 -15 16 -17 17 -19
leaf_value=1.2263533263116151 -0.11748767657230205 -2.6076646282138376 -0.68863827665525534 1.6104846914811908 -3.6820313872972972 1.4717594833550744 4.2849900418762781 -4.9114104871071476 -2.0446291265590557 -10.596842675474555 19.952403283961132 0.78098069775809797 3.7407363755432117 -44.599664649859207 -9.4153436128291421 -10.332073466683489 -85.430432834964819 -16.842667620812147
leaf_weight=80104 53128 36896 4395 13648 497 56413 37865 13440 34132 3313 719 14089 1490 459 4619 4362 77 154
leaf_count=80104 53128 36896 4395 13648 497 56413 37865 13440 34132 3313 719 14089 1490 459 4619 4362 77 154
internal_value=1.85966e-09 -0.351223 -0.00833366 -2.20113 -4.23219 0.52949 1.71452 -0.50748 0.146216 -2.76001 2.52841 -1.62356 -9.51054 -23.3276 -7.42708 -5.49219 -10.858 -39.7053
internal_weight=359800 279696 242800 47822 33455 194978 90993 103985 90545 26159 14367 22846 7296 956 6340 8757 4850 231
internal_count=359800 279696 242800 47822 33455 194978 90993 103985 90545 26159 14367 22846 7296 956 6340 8757 4850 231
is_linear=0
shrinkage=0.0229654


Tree=442
num_leaves=19
num_cat=0
split_feature=14 13 4 30 36 16 3 17 26 35 4 13 22 0 36 24 10 35
split_gain=2.87866e+08 3.16185e+08 6.09362e+08 4.1654e+08 5.37063e+08 6.39415e+08 7.7912e+08 7.07068e+08 5.73861e+08 5.55695e+08 5.48423e+08 5.35315e+08 4.77742e+08 5.03376e+08 8.01046e+08 4.7291e+08 4.72867e+08 4.54372e+08
threshold=46.562500000000007 20.031250000000004 5.5000000000000009 389.08125000000001 30729.500000000004 2.1875000000000004 1.0000000180025095e-35 96.062500000000014 14.010286458333335 17545.500000000004 5.5000000000000009 12.393750000000002 12.184375000000001 13.500000000000002 24393.500000000004 1.0750000000000022 -0.5 18599.500000000004
decision_type=2 2 2 2 2 2 2 2 2 2 2 2 2 2 2 2 2 2
left_child=-1 3 -3 11 5 15 9 8 10 -7 17 -2 13 -11 16 -5 -15 -8
right_child=1 2 -4 4 -6 6 7 -9 -10 12 -12 -13 -14 14 -16 -17 -18 -19
leaf_value=-3.7389541890385503 -3.4188294679497138 -14.041711513813253 4.7390131710640881 1.2373875395725744 -1.0027363103769176 -10.932816926933501 -17.289208414972524 8.5751112163759604 -9.1433008696452536 -14.387243988859771 6.0596673657773978 -0.04214489674843129 -1.0313111864363398 12.462433138365546 12.938553719878506 -2.4054120377074244 47.897360268646956 0.57081077214827269
leaf_weight=10542 37390 978 13334 63854 77811 563 773 7988 2690 270 11400 73313 1053 288 3553 26636 640 26724
leaf_count=10542 37390 978 13334 63854 77811 563 773 7988 2690 270 11400 73313 1053 288 3553 26636 640 26724
internal_value=3.94091e-10 0.112857 3.45565 -0.0299784 0.539052 1.35833 3.28842 2.31715 1.11512 10.851 1.82456 -1.18262 12.9641 16.066 17.901 0.165119 36.9003 0.0687271
internal_weight=359800 349258 14312 334946 224243 146432 55942 49575 41587 6367 38897 110703 5804 4751 4481 90490 928 27497
internal_count=359800 349258 14312 334946 224243 146432 55942 49575 41587 6367 38897 110703 5804 4751 4481 90490 928 27497
is_linear=0
shrinkage=0.0229654


Tree=443
num_leaves=19
num_cat=0
split_feature=36 6 26 13 3 33 9 15 28 33 30 36 35 35 30 33 21 25
split_gain=2.8892e+08 4.09064e+08 4.24437e+08 4.66154e+08 4.32134e+08 1.37363e+09 6.87986e+08 7.01526e+08 6.60009e+08 5.51221e+08 4.79478e+08 4.66298e+08 7.60417e+08 4.06293e+08 4.14306e+08 7.24037e+08 7.05337e+08 4.20278e+08
threshold=22322.500000000004 1.0000000180025095e-35 8.0907552083333361 3.881250000000001 2.5000000000000004 0.30902777777777785 0.93301270189221952 18.906250000000004 -1.0000000180025095e-35 0.57291666666666674 55.706250000000004 30263.000000000004 30623.000000000004 38550.000000000007 1102.9375000000002 0.25347222222222227 7.5399739583333343 11.413281250000002
decision_type=2 2 2 2 2 2 2 2 2 2 2 2 2 2 2 2 2 2
left_child=-1 2 3 -2 6 10 8 -8 9 -4 -6 12 -9 14 -10 16 -16 -18
right_child=1 -3 4 -5 5 -7 7 11 13 -11 -12 -13 -14 -15 15 -17 17 -19
leaf_value=0.97848693973078438 0.074423523898798166 -6.5340999282371595 -2.7483612592042528 4.0249527758964287 -5.8242581584381581 -14.847438989153309 -3.1850393642290404 -24.033261107722435 2.8564500819534691 30.766098741775071 -0.70329894515491664 -7.7115866803549453 -88.601884336776877 16.946655319804854 3.2253858138736398 5.6184132075524813 -30.607084983243741 31.437903648249243
leaf_weight=110344 72374 5664 21373 20136 11400 4298 5583 541 40197 262 62569 616 117 1010 642 1586 1027 61
leaf_count=110344 72374 5664 21373 20136 11400 4298 5583 541 40197 262 62569 616 117 1010 642 1586 1027 61
internal_value=-2.49007e-09 -0.432822 -0.291072 0.934307 -1.0404 -2.22591 0.230388 -6.69401 0.948072 -2.3425 -1.49253 -22.0712 -35.5143 2.54706 2.21282 -5.58934 -15.8642 -27.1285
internal_weight=359800 249456 243792 92510 151282 78267 73015 6857 66158 21635 73969 1274 658 44523 43513 3316 1730 1088
internal_count=359800 249456 243792 92510 151282 78267 73015 6857 66158 21635 73969 1274 658 44523 43513 3316 1730 1088
is_linear=0
shrinkage=0.0229654


Tree=444
num_leaves=19
num_cat=0
split_feature=3 35 0 21 9 25 35 8 30 7 36 31 36 14 33 8 35 8
split_gain=2.87102e+08 3.89619e+08 4.42773e+08 3.9259e+08 7.86361e+08 7.32616e+08 7.67606e+08 6.54219e+08 4.22292e+08 3.52066e+08 7.22065e+08 3.36112e+08 3.34765e+08 4.88231e+08 5.04064e+08 9.07932e+08 4.82186e+08 4.54178e+08
threshold=4.5000000000000009 38847.500000000007 30.500000000000004 9.3925781250000018 0.25000000000000011 20.140364583333337 28274.500000000004 -0.32075123873380501 1102.9375000000002 0.44134171618254497 24882.500000000004 403.75625000000008 28384.500000000004 77.562500000000014 0.76041666666666674 -0.55438071450436044 30377.500000000004 0.89495246814786289
decision_type=2 2 2 2 2 2 2 2 2 2 2 2 2 2 2 2 2 2
left_child=11 3 -3 9 -5 6 -6 8 -8 12 -11 -1 17 -14 -15 16 -16 -2
right_child=1 2 -4 4 5 -7 7 -9 -10 10 -12 -13 13 14 15 -17 -18 -19
leaf_value=0.35297287688406953 10.193156515090669 -29.761128724248938 -4.6960920341388039 -0.19927681698468433 -3.4873268871011236 -35.153650461275049 -26.934986155671854 -6.5223947164782237 -77.206275827801051 1.3622999604013926 -9.730647680764374 12.596676956818341 -5.0225428478131713 0.85286427175169244 68.576503740559815 -2.8328952219411025 23.029241007088768 0.95431368079421819
leaf_weight=256092 5545 504 1416 40664 16752 439 875 1172 98 10547 4380 1188 5669 7002 145 837 793 5682
leaf_count=256092 5545 504 1416 40664 16752 439 875 1172 98 10547 4380 1188 5669 7002 145 837 793 5682
internal_value=-1.1783e-09 -1.02769 -11.2757 -0.832098 -2.01224 -5.82492 -5.14358 -18.0786 -31.9983 0.911946 -1.89268 0.409509 2.54264 0.230763 3.62384 14.5547 30.0701 5.51737
internal_weight=359800 102520 1920 100600 60000 19336 18897 2145 973 40600 14927 257280 25673 14446 8777 1775 938 11227
internal_count=359800 102520 1920 100600 60000 19336 18897 2145 973 40600 14927 257280 25673 14446 8777 1775 938 11227
is_linear=0
shrinkage=0.0229654


Tree=445
num_leaves=19
num_cat=0
split_feature=7 36 25 30 13 24 7 4 15 11 30 3 4 26 25 26 29 8
split_gain=2.82198e+08 4.35396e+08 5.05701e+08 4.15901e+08 7.01477e+08 5.77181e+08 6.25759e+08 5.50216e+08 4.15199e+08 5.10705e+08 3.86544e+08 3.81135e+08 5.63605e+08 4.86196e+08 6.32202e+08 3.7463e+08 5.13679e+08 3.55264e+08
threshold=-0.97868534383143924 30858.000000000004 10.674218750000001 389.08125000000001 13.156250000000004 1.1000000000000025 -0.13052619222005171 1.5000000000000002 16.031250000000004 84.000000000000014 1495.0187500000004 2.5000000000000004 8.5000000000000018 20.159505208333339 19.45338541666667 14.62486979166667 41.443750000000009 0.75023006073889131
decision_type=2 2 2 2 2 2 2 2 2 2 2 2 2 2 2 2 2 2
left_child=-1 3 17 4 8 6 7 10 -2 -10 -5 -6 13 14 15 16 -13 -3
right_child=1 2 -4 5 11 -7 -8 -9 9 -11 -12 12 -14 -15 -16 -17 -18 -19
leaf_value=2.4909294164294931 -1.745944933405343 -0.58392388097853276 -7.2280621420644326 23.015577496330351 2.4700567676643028 -1.1790005877944381 0.81611578338690371 3.7780105266017268 -11.95503664780272 -2.1757401990665621 5.2391734517406876 -21.619662792122135 6.730744758119025 3.4699770509346779 -9.4758736616709669 -2.2864839089205415 10.177375907833994 -7.3599850568633221
leaf_weight=22488 33690 55132 8021 1398 32642 42748 72827 29110 5379 5912 1198 301 4702 7809 6249 23346 2441 4407
leaf_count=22488 33690 55132 8021 1398 32642 42748 72827 29110 5379 5912 1198 301 4702 7809 6249 23346 2441 4407
internal_value=6.12598e-10 -0.166066 -1.81475 0.246851 -0.742028 1.06915 1.98852 4.68145 -3.02328 -6.83457 14.8121 0.582179 -0.791886 -1.67296 -2.91491 -1.34333 6.68689 -1.08548
internal_weight=359800 337312 67560 269752 122471 147281 104533 31706 44981 11291 2596 77490 44848 40146 32337 26088 2742 59539
internal_count=359800 337312 67560 269752 122471 147281 104533 31706 44981 11291 2596 77490 44848 40146 32337 26088 2742 59539
is_linear=0
shrinkage=0.0229654


Tree=446
num_leaves=19
num_cat=0
split_feature=36 13 35 36 10 3 3 8 35 0 1 10 13 36 35 33 14 33
split_gain=2.82398e+08 4.06067e+08 5.64459e+08 5.3775e+08 4.63244e+08 3.84598e+08 7.72054e+08 1.0023e+09 7.43423e+08 7.39381e+08 5.40205e+08 4.81055e+08 1.21848e+09 7.12536e+08 8.003e+08 4.84922e+08 4.66455e+08 4.62187e+08
threshold=21250.500000000004 -3.3437499999999996 27408.000000000004 19785.500000000004 -0.9330127018922193 4.5000000000000009 5.5000000000000009 -0.065263096110025884 19705.500000000004 23.500000000000004 17.500000000000004 -0.24999999999999994 4.5187500000000016 26315.500000000004 19705.500000000004 0.13541666666666671 74.312500000000014 0.69097222222222232
decision_type=2 2 2 2 2 2 2 2 2 2 2 2 2 2 2 2 2 2
left_child=1 -1 -3 -4 -5 -2 7 8 -7 -8 11 12 -11 15 -15 16 -13 -10
right_child=5 2 3 4 -6 6 9 -9 17 10 -12 13 -14 14 -16 -17 -18 -19
leaf_value=22.370552657046918 0.11995706861334084 1.2187669677956174 -65.12319305470848 -55.840675292111719 0.24220399533783202 -48.815726058661674 -4.5421900476341701 -0.78028241139583321 -9.7346926702550398 -77.072670614906301 -0.036648636019612213 3.5249882467054507 1.5721493556570436 -74.087243092673447 7.559567012180417 56.963928722886244 34.06222629275333 1.843057553912542
leaf_weight=474 212248 81874 117 96 407 240 9584 18992 12644 111 11992 514 1625 64 5936 216 542 2124
leaf_count=474 212248 81874 117 96 407 240 9584 18992 12644 111 11992 514 1625 64 5936 216 542 2124
internal_value=-1.81782e-09 1.17524 1.05346 -20.7767 -10.4615 -0.352226 -1.904 -4.28546 -8.72112 0.743448 3.15571 7.40558 -3.45641 9.9986 6.68867 25.6115 19.1985 -8.06953
internal_weight=359800 82968 82494 620 503 276832 64584 34000 15008 30584 21000 9008 1736 7272 6000 1272 1056 14768
internal_count=359800 82968 82494 620 503 276832 64584 34000 15008 30584 21000 9008 1736 7272 6000 1272 1056 14768
is_linear=0
shrinkage=0.0229654


Tree=447
num_leaves=19
num_cat=0
split_feature=8 7 36 4 7 35 36 29 35 35 36 15 7 8 35 13 3 17
split_gain=2.79944e+08 3.30523e+08 5.49781e+08 5.94245e+08 9.17027e+08 5.88209e+08 4.89503e+08 4.68199e+08 5.33664e+08 4.90376e+08 4.75219e+08 5.38233e+08 4.67204e+08 4.40139e+08 4.24084e+08 5.49406e+08 3.97445e+08 3.83489e+08
threshold=0.99572243068690536 0.25881904510252096 32663.500000000004 1.5000000000000002 -0.65793410509763395 24939.500000000004 27900.500000000004 365.80625000000003 18759.500000000004 19234.500000000004 24279.500000000004 23.081250000000008 -0.97868534383143924 0.75023006073889131 26028.500000000004 13.756250000000003 5.5000000000000009 42.062500000000007
decision_type=2 2 2 2 2 2 2 2 2 2 2 2 2 2 2 2 2 2
left_child=1 2 3 4 -1 -4 13 10 -9 -10 11 17 -7 -6 -13 -16 -3 -5
right_child=-2 16 5 7 6 12 -8 8 9 -11 -12 14 -14 -15 15 -17 -18 -19
leaf_value=22.741643149572479 -4.3988046199130384 -0.24286039038931495 35.685901042323962 -0.644202784637252 49.971696184665497 2.9106304866813999 -2.3327390214391892 -28.983793306608074 55.49285273443742 4.2655050980730858 -0.79627963860402384 -3.4322387337850366 -2.7506160673700659 8.6499288012319706 -13.811170975308151 -69.294552780710234 -3.6299658257260354 3.7224619455745427
leaf_weight=1656 7472 128640 224 14538 144 9616 3376 254 99 21867 68084 1985 38352 2432 412 122 21296 39231
leaf_count=1656 7472 128640 224 14538 144 9616 3376 254 99 21867 68084 1985 38352 2432 412 122 21296 39231
internal_value=4.15843e-10 0.0932877 0.698709 1.36785 7.62584 -1.44234 3.42023 1.04307 4.11367 4.49638 0.49448 2.05574 -1.61572 10.9598 -8.31962 -26.4871 -0.723944 2.54181
internal_weight=359800 352328 202392 154200 7608 48192 5952 146592 22220 21966 124372 56288 47968 2576 2519 534 149936 53769
internal_count=359800 352328 202392 154200 7608 48192 5952 146592 22220 21966 124372 56288 47968 2576 2519 534 149936 53769
is_linear=0
shrinkage=0.0229654


Tree=448
num_leaves=19
num_cat=0
split_feature=14 7 36 4 7 35 36 7 36 6 3 8 3 0 36 22 25 36
split_gain=2.79534e+08 3.66764e+08 5.97346e+08 7.44e+08 6.38129e+08 5.37295e+08 4.85278e+08 4.29672e+08 3.82589e+08 5.50027e+08 6.23803e+08 6.44223e+08 1.15256e+09 5.67936e+08 5.6447e+08 5.26131e+08 5.17279e+08 6.93748e+08
threshold=46.562500000000007 -0.13052619222005171 32819.500000000007 1.5000000000000002 -0.7502300607388912 24987.500000000004 30369.500000000004 -0.97868534383143924 22616.000000000004 1.0000000180025095e-35 4.5000000000000009 -0.19467261866128607 1.0000000180025095e-35 7.5000000000000009 26879.500000000004 16.609244791666672 17.412239583333339 28384.500000000004
decision_type=2 2 2 2 2 2 2 2 2 2 2 2 2 2 2 2 2 2
left_child=-1 2 3 4 -2 -4 -6 -7 -3 10 11 12 15 -12 -13 -10 17 -14
right_child=1 8 5 -5 6 7 -8 -9 9 -11 13 14 16 -15 -16 -17 -18 -19
leaf_value=-3.6844465643414335 24.55685417733179 0.52502883769125863 37.111233317010516 1.4362577113756101 12.035216893159262 2.8391420706190624 -5.2095199638023342 -2.6900902354194209 10.655226677212935 -12.826616998297878 1.8243949063642775 -1.6342487468546703 5.0922214695003589 -7.1938704573349215 -10.102972893270088 -6.592857861997917 -5.7129350553752642 -1.7196040545527138
leaf_weight=10542 1272 91870 191 105771 2344 9465 1360 34179 7991 2218 4912 25450 12614 14720 4960 1056 7850 21035
leaf_count=10542 1272 91870 191 105771 2344 9465 1360 34179 7991 2218 4912 25450 12614 14720 4960 1056 7850 21035
internal_value=-1.38845e-09 0.111211 0.946375 1.84453 10.5229 -1.32278 5.70346 -1.49098 -0.551948 -1.51436 -1.26492 -0.374322 1.21471 -4.93747 -3.01553 8.64197 -0.404471 0.833945
internal_weight=359800 349258 154582 110747 4976 43835 3704 43644 194676 102806 100588 80956 50546 19632 30410 9047 41499 33649
internal_count=359800 349258 154582 110747 4976 43835 3704 43644 194676 102806 100588 80956 50546 19632 30410 9047 41499 33649
is_linear=0
shrinkage=0.0229654


Tree=449
num_leaves=19
num_cat=0
split_feature=15 21 24 14 16 35 1 22 9 35 26 24 22 36 27 26 35 16
split_gain=2.76256e+08 3.09779e+08 2.8361e+08 3.79463e+08 5.71713e+08 5.55091e+08 5.03464e+08 4.07425e+08 3.97751e+08 3.92896e+08 3.59136e+08 4.15232e+08 4.48486e+08 4.53792e+08 6.54999e+08 7.7254e+08 4.89193e+08 4.29886e+08
threshold=5.9687500000000009 1.0000000180025095e-35 4.9062500000000009 86.812500000000014 11.562500000000002 38284.500000000007 10.500000000000002 3.0213107638888892 -0.93301270189221908 23703.500000000004 22.151953125000009 1.6374999999999997 16.127213541666674 28814.000000000004 1.2907552083333347 8.2904947916666689 32229.500000000004 84.062500000000014
decision_type=2 2 2 2 2 2 2 2 2 2 2 2 2 2 2 2 2 2
left_child=-1 -2 3 10 -5 6 8 -8 -6 -9 11 12 13 14 -3 17 -17 -16
right_child=1 2 -4 4 5 -7 7 9 -10 -11 -12 -13 -14 -15 15 16 -18 -19
leaf_value=2.3289450899456394 9.6452952161738814 0.18081397145563377 -4.9158017276622443 0.21933797460285023 18.047434426086795 -8.2833501101653724 36.858445991075207 38.156805173482404 1.8526366652317723 8.8626194718072284 6.0128536113287092 -2.7702634282157637 -2.2228645102221725 -1.2935074715685064 -1.0441283430162656 3.3813638790546809 -36.185860793461096 21.291227761230218
leaf_weight=24996 1686 74395 6658 59398 875 1518 324 254 9313 4895 4307 41515 46851 57241 586 22797 166 2025
leaf_count=24996 1686 74395 6658 59398 875 1518 324 254 9313 4895 4307 41515 46851 57241 586 22797 166 2025
internal_value=1.02881e-09 -0.173876 -0.223573 -0.127877 1.28649 4.97628 6.26152 11.8795 3.24353 10.3077 -0.561313 -0.676613 -0.250672 0.337071 1.27072 4.44127 3.09533 16.2784
internal_weight=359800 334804 333118 326460 76577 17179 15661 5473 10188 5149 249883 245576 204061 157210 99969 25574 22963 2611
internal_count=359800 334804 333118 326460 76577 17179 15661 5473 10188 5149 249883 245576 204061 157210 99969 25574 22963 2611
is_linear=0
shrinkage=0.0229654


end of trees

feature_importances:
day_of_week=878
demand_lag_48=834
demand_lag_336=628
shortwave_radiation=510
period_sin=442
period_cos=382
wind_speed_10m=382
settlement_period=380
relative_humidity_2m=303
is_holiday=281
temp_mean_fwd_24h=275
month=259
hour=255
temp_anom_seasonal=194
lead_hours=189
hdd_sum_72h=167
month_cos=160
apparent_temperature=158
cloud_cover=152
temp_mean_fwd_12h=141
temp_mean_72h=138
is_weekend=134
hdd_sum_24h=121
temp_delta_24h=112
month_sin=101
temp_delta_6h=92
temp_mean_24h=84
temp_anom_7d=76
cold_frac_72h=66
precipitation=52
temperature_2m=34
hdd=34
cdd_sum_72h=34
cdd_sum_24h=32
hot_frac_72h=13
cdd=7

parameters:
[boosting: gbdt]
[objective: regression]
[metric: rmse]
[tree_learner: serial]
[device_type: cpu]
[data_sample_strategy: bagging]
[data: ]
[valid: ]
[num_iterations: 450]
[learning_rate: 0.0229654]
[num_leaves: 19]
[num_threads: 0]
[seed: 0]
[deterministic: 0]
[force_col_wise: 0]
[force_row_wise: 0]
[histogram_pool_size: -1]
[max_depth: -1]
[min_data_in_leaf: 61]
[min_sum_hessian_in_leaf: 0.001]
[bagging_fraction: 0.781673]
[pos_bagging_fraction: 1]
[neg_bagging_fraction: 1]
[bagging_freq: 0]
[bagging_seed: 3]
[bagging_by_query: 0]
[feature_fraction: 0.638545]
[feature_fraction_bynode: 1]
[feature_fraction_seed: 2]
[extra_trees: 0]
[extra_seed: 6]
[early_stopping_round: 0]
[early_stopping_min_delta: 0]
[first_metric_only: 0]
[max_delta_step: 0]
[lambda_l1: 0]
[lambda_l2: 0]
[linear_lambda: 0]
[min_gain_to_split: 0]
[drop_rate: 0.1]
[max_drop: 50]
[skip_drop: 0.5]
[xgboost_dart_mode: 0]
[uniform_drop: 0]
[drop_seed: 4]
[top_rate: 0.2]
[other_rate: 0.1]
[min_data_per_group: 100]
[max_cat_threshold: 32]
[cat_l2: 10]
[cat_smooth: 10]
[max_cat_to_onehot: 4]
[top_k: 20]
[monotone_constraints: ]
[monotone_constraints_method: basic]
[monotone_penalty: 0]
[feature_contri: ]
[forcedsplits_filename: ]
[refit_decay_rate: 0.9]
[cegb_tradeoff: 1]
[cegb_penalty_split: 0]
[cegb_penalty_feature_lazy: ]
[cegb_penalty_feature_coupled: ]
[path_smooth: 0]
[interaction_constraints: ]
[verbosity: -1]
[saved_feature_importance_type: 0]
[use_quantized_grad: 0]
[num_grad_quant_bins: 4]
[quant_train_renew_leaf: 0]
[stochastic_rounding: 1]
[linear_tree: 0]
[max_bin: 255]
[max_bin_by_feature: ]
[min_data_in_bin: 3]
[bin_construct_sample_cnt: 200000]
[data_random_seed: 1]
[is_enable_sparse: 1]
[enable_bundle: 1]
[use_missing: 1]
[zero_as_missing: 0]
[feature_pre_filter: 1]
[pre_partition: 0]
[two_round: 0]
[header: 0]
[label_column: ]
[weight_column: ]
[group_column: ]
[ignore_column: ]
[categorical_feature: ]
[forcedbins_filename: ]
[precise_float_parser: 0]
[parser_config_file: ]
[objective_seed: 5]
[num_class: 1]
[is_unbalance: 0]
[scale_pos_weight: 1]
[sigmoid: 1]
[boost_from_average: 1]
[reg_sqrt: 0]
[alpha: 0.9]
[fair_c: 1]
[poisson_max_delta_step: 0.7]
[tweedie_variance_power: 1.5]
[lambdarank_truncation_level: 30]
[lambdarank_norm: 1]
[label_gain: ]
[lambdarank_position_bias_regularization: 0]
[eval_at: ]
[multi_error_top_k: 1]
[auc_mu_weights: ]
[num_machines: 1]
[local_listen_port: 12400]
[time_out: 120]
[machine_list_filename: ]
[machines: ]
[gpu_platform_id: -1]
[gpu_device_id: -1]
[gpu_device_id_list: ]
[gpu_use_dp: 0]
[num_gpu: 1]

end of parameters

pandas_categorical:[]
