tree
version=v4
num_class=1
num_tree_per_iteration=1
label_index=0
max_feature_idx=37
objective=quantile
feature_names=settlement_period hour minute day_of_week month is_weekend is_holiday period_sin period_cos month_sin month_cos lead_hours temperature_2m apparent_temperature relative_humidity_2m wind_speed_10m shortwave_radiation cloud_cover precipitation hdd cdd temp_mean_24h temp_mean_72h temp_delta_6h temp_delta_24h temp_mean_fwd_12h temp_mean_fwd_24h temp_anom_7d temp_anom_seasonal hdd_sum_24h hdd_sum_72h cdd_sum_24h cdd_sum_72h cold_frac_72h hot_frac_72h demand_lag_48 demand_lag_336 mean_pred
feature_infos=[1:50] [0:23] [0:30] [0:6] [1:12] [0:1] [0:1] [-1:1] [-1:1] [-1:1] [-1:1] [0:168] [-6:31.600000000000001] [-9.5250000000000004:33.700000000000003] [19.75:103.25] [0.875:43.625] [-0.5:963.75] [0:100] [0:4.5750000000000002] [0:21.5] [0:16.100000000000001] [-3.1416666666666662:26.550000000000001] [-2.2100694444444446:25.909635416666667] [-14.387500000000003:14.449999999999999] [-10.637500000000001:12.85] [-4.8390624999999998:29.322916666666668] [-3.1416666666666662:26.550000000000001] [-10.398921130952381:13.579203869047621] [-13.456818181818182:13.476149425287357] [0:894.80000000000007] [0:2550.25] [0:530.40000000000009] [0:1498.9875000000002] [0:1] [0:1] [12621:47319] [12621:47319] [14483.622681704732:45349.555196046764]
tree_sizes=1753 1883 1876 1893 1914 1884 1893 1881 1886 1889 1897 1905 1896 1900 1893 1897 1887 1891 1887 1900 1881 1888 1879 1885 1899 1902 1867 1891 1881 1878 1902 1872 1869 1892 1901 1878 1899 1888 1890 1909 1905 1905 1898 1904 1890 1909 1911 1900 1906 1902 1912 1900 1899 1893 1900 1901 1902 1889 1901 1887 1892 1902 1903 1885 1902 1898 1902 1886 1916 1907 1874 1890 1883 1869 1885 1896 1887 1913 1872 1875 1880 1898 1875 1893 1871 1896 1901 1914 1888 1903 1900 1903 1909 1883 1906 1887 1880 1927 1913 1861 1912 1908 1896 1897 1908 1865 1886 1911 1871 1920 1921 1917 1900 1882 1913 1918 1897 1919 1871 1894 1906 1920 1925 1913 1896 1905 1884 1903 1923 1865 1892 1896 1885 1909 1892 1880 1905 1897 1916 1903 1897 1902 1901 1917 1889 1903 1857 1902 1912 1902 1923 1921 1923 1902 1891 1879 1920 1891 1907 1928 1892 1915 1908 1910 1919 1915 1901 1924 1928 1908 1918 1901 1904 1902 1903 1895 1919 1885 1904 1890 1934 1931 1890 1904 1907 1928 1912 1861 1929 1869 1886 1930 1903 1910 1885 1884 1917 1892 1890 1913 1913 1912 1915 1868 1907 1890 1904 1902 1919 1900 1889 1865 1880 1891 1888 1894 1880 1908 1926 1895 1916 1904 1894 1871 1892 1883 1868 1880 1898 1899 1893 1891 1923 1931 1882 1901 1921 1905 1897 1899 1885 1911 1875 1877 1886 1896 1898 1911 1910 1877 1921 1872 1888 1863 1895 1893 1927 1885 1907 1881 1905 1910 1903 1905 1867 1902 1890 1892 1916 1911 1884 1910 1888 1910 1872 1900 1861 1907 1910 1899 1914 1917 1918 1918 1910 1886 1885 1891 1884 1933 1882 1894 1893 1885 1896 1870 1893 1879 1886 1910 1918 1899 1879 1889 1899 1901 1859 1912 1923 1917 1908 1853 1893 1888 1906 1881 1907 1910 1878 1878 1885 1891 1864 1863 1902 1915 1925 1911 1858 1880 1893 1901 1919 1907 1897 1909 1886 1856 1898 1904 1895 1915 1872 1889 1906 1867 1898 1919 1894 1934 1889 1916 1930 1911 1893 1895 1861 1908 1869 1906 1890 1898 1919 1884 1877 1853 1874 1869 1902 1851 1889 1888 1898 1864 1896 1879 1902 1920 1881 1879 1878 1898 1901 1887 1926 1885 1900 1890 1898 1895 1886 1911 1866 1905 1899 1890 1889 1850 1867 1898 1875 1881 1876 1848 1888 1848 1837 1907 1889 1892 1908 1855 1902 1862 1876 1872 1861 1891 1919 1887 1882 1904 1877 1841 1890 1853 1896 1910 1866 1891 1840 1922 1893 1882 1864 1900 1860 1897 1874 1922 1908 1867 1874 1881 1912 1908 1877 1873 1882 1893

Tree=0
num_leaves=19
num_cat=0
split_feature=37 37 37 37 37 16 37 16 1 37 36 36 15 22 8 36 16 15
split_gain=18685.3 1074.4 861.719 120.5 114.992 126.3 84.5724 75.3408 61.5722 59.0388 55.6858 45.3225 38.788 35.1769 29.1491 25.7918 25.2705 24.9326
threshold=19298.943765421787 20296.943862366232 18720.140559651762 19710.194226256823 21508.732551923084 153.06250000000003 18031.999696501833 259.18750000000006 8.5000000000000018 18945.834515503422 21431.500000000004 19594.500000000004 16.656250000000004 11.748394097222226 -0.065263096110025884 24564.500000000004 347.06250000000006 21.243750000000009
decision_type=2 2 2 2 2 2 2 2 2 2 2 2 2 2 2 2 2 2
left_child=2 3 6 10 5 -3 16 12 -8 -4 14 -11 -5 15 -2 -7 -1 -15
right_child=1 4 9 7 -6 13 8 -9 -10 11 -12 -13 -14 17 -16 -17 -18 -19
leaf_value=19099.026408413207 19133.630687833909 19185.468207625934 19133.35969476364 19169.920625780287 19243.501795992186 19152.673603673815 19129.019232475857 19141.190899208788 19101.541121159706 19144.589779730435 19127.811252181527 19137.438351491459 19158.851298676 19167.899669794442 19158.506817542049 19112.69082672659 19057.229364160507 19140.814268262533
leaf_weight=7784 2022 21456 4296 8180 273208 1427 8508 3047 2740 4203 1050 2977 1595 5851 5430 392 4965 669
leaf_count=7784 2022 21456 4296 8180 273208 1427 8508 3047 2740 4203 1050 2977 1595 5851 5430 392 4965 669
internal_value=19171 19171 19171 19171 19171 19171 19171 19171 19171 19171 19171 19171 19171 19171 19171 19171 19171 19171
internal_weight=359800 324327 35473 21324 303003 29795 23997 12822 11248 11476 8502 7180 9775 8339 7452 1819 12749 6520
internal_count=359800 324327 35473 21324 303003 29795 23997 12822 11248 11476 8502 7180 9775 8339 7452 1819 12749 6520
is_linear=0
shrinkage=1


Tree=1
num_leaves=19
num_cat=0
split_feature=37 37 37 37 37 16 37 16 7 37 16 15 15 22 1 37 30 15
split_gain=18120.6 1030.41 909.501 127.87 102.324 110.751 97.0318 81.454 67.084 54.0338 42.4047 37.7915 34.0383 31.8474 26.823 26.3932 22.5044 20.5777
threshold=19298.943765421787 20355.288483892313 18720.140559651762 19710.194226256823 21508.732551923084 184.68750000000003 18031.999696501833 238.56250000000003 0.55438071450436044 18945.834515503422 33.312500000000007 16.831250000000008 17.393750000000008 11.748394097222226 9.5000000000000018 17512.56116814318 770.85625000000016 21.243750000000009
decision_type=2 2 2 2 2 2 2 2 2 2 2 2 2 2 2 2 2 2
left_child=2 3 6 10 5 -3 14 11 -8 -4 12 -5 -2 -7 -1 -16 -12 -15
right_child=1 4 9 7 -6 13 8 -9 -10 -11 16 -13 -14 17 15 -17 -18 -19
leaf_value=-70.412550259557804 -11.163641487028928 14.710074544571651 -36.775880234355398 -0.52638154397705894 70.83676259906035 -34.798996492475887 -64.614122388958691 -28.865963090385545 -42.187897886184246 -28.398789970236358 -38.967964283467836 -11.869701430124444 -23.531013537871143 -2.2184496212276938 -119.74690960304787 -77.518115607434751 -64.573565376175026 -29.115873118007805
leaf_weight=7818 5283 20614 4296 9124 273208 1698 3225 3466 8023 7180 2201 1657 785 5420 3322 1609 233 638
leaf_count=7818 5283 20614 4296 9124 273208 1698 3225 3466 8023 7180 2201 1657 785 5420 3322 1609 233 638
internal_value=2.74462e-05 0.00173191 -0.0155563 -0.00298119 0.00208743 0.000774688 -0.0180993 -0.00165112 -0.0165446 -0.0102388 -0.00521003 -0.000666531 -0.00418282 -0.00156458 -0.019471 -0.0181446 -0.00777088 -0.000785479
internal_weight=359800 324327 35473 22749 301578 28370 23997 14247 11248 11476 8502 10781 6068 7756 12749 4931 2434 6058
internal_count=359800 324327 35473 22749 301578 28370 23997 14247 11248 11476 8502 10781 6068 7756 12749 4931 2434 6058
is_linear=0
shrinkage=0.0229654


Tree=2
num_leaves=19
num_cat=0
split_feature=36 25 3 36 7 26 16 7 36 32 3 16 0 9 36 3 14 14
split_gain=9423.2 705.995 686.158 676.426 588.815 334.061 255.184 217.145 148.156 141.339 133.92 319.419 109.054 105.915 103.151 100.469 200.058 69.8716
threshold=19785.500000000004 12.039843750000001 5.5000000000000009 21306.500000000004 0.65793410509763428 19.608203125000003 540.56250000000011 0.75023006073889154 19330.500000000004 1.14375 4.5000000000000009 446.68750000000006 14.500000000000002 -0.93301270189221908 19257.500000000004 4.5000000000000009 62.312500000000007 55.312500000000007
decision_type=2 2 2 2 2 2 2 2 2 2 2 2 2 2 2 2 2 2
left_child=1 9 4 10 15 8 -5 13 12 -1 -2 -12 -6 -4 -15 -3 -17 -8
right_child=3 2 7 6 5 -7 17 -9 -10 -11 11 -13 -14 14 -16 16 -18 -19
leaf_value=-17.526782373335703 -2.4105286302704725 -27.480036165473852 -31.231431519148838 59.575987388298977 -47.235972699003042 -15.151543547278207 -39.649375579477535 -68.73119347340797 -33.908077879439354 -43.14244551004802 -13.132340437871035 -69.60683590510358 -12.876742110050952 -85.396470168147545 -49.495321114616495 -97.062897904615596 -21.42053410330583 2.397594049031869
leaf_weight=7569 22656 6911 639 264626 10359 1960 4796 4608 2684 3073 11210 1854 397 4913 958 2138 2463 5986
leaf_count=7569 22656 6911 639 264626 10359 1960 4796 4608 2684 3073 11210 1854 397 4913 958 2138 2463 5986
internal_value=5.09989e-05 -0.00934565 -0.0108088 0.00152098 -0.00882605 -0.0117631 0.00190662 -0.0156081 -0.0130547 -0.00411703 -0.00145238 -0.00330418 -0.0142592 -0.0129079 -0.0138743 -0.00489711 -0.00752652 -0.00155659
internal_weight=359800 48672 38030 311128 26912 15400 275408 11118 13440 10642 35720 13064 10756 6510 5871 11512 4601 10782
internal_count=359800 48672 38030 311128 26912 15400 275408 11118 13440 10642 35720 13064 10756 6510 5871 11512 4601 10782
is_linear=0
shrinkage=0.0229654


Tree=3
num_leaves=19
num_cat=0
split_feature=36 35 35 3 3 0 3 35 35 36 16 35 3 16 15 7 21 36
split_gain=9000.19 1758.97 1182.05 461.217 377.329 366.706 354.813 278.988 276.476 232.499 181.663 193.865 140.216 212.044 116.881 109.479 88.6659 88.3568
threshold=19658.000000000004 19443.500000000004 19903.500000000004 4.5000000000000009 4.5000000000000009 12.500000000000002 3.5000000000000004 18096.500000000004 20407.500000000004 21250.500000000004 4.0625000000000009 22530.500000000004 4.5000000000000009 425.18750000000006 11.706250000000002 0.65793410509763428 10.587109375000002 20822.500000000004
decision_type=2 2 2 2 2 2 2 2 2 2 2 2 2 2 2 2 2 2
left_child=1 4 6 -3 5 7 17 -1 -5 12 -10 -12 -4 -14 -9 -6 -17 -2
right_child=2 3 9 8 15 -7 -8 14 10 -11 11 -13 13 -15 -16 16 -18 -19
leaf_value=-51.198574799087787 -17.830821310660728 -7.1952324032617589 13.95252361993829 -52.266576071205563 -99.679528122154679 -30.172985398086489 -55.421907478339286 -14.742594436443664 -5.9580277521537397 60.107613209191605 -55.994659375458205 -27.737048375744063 -6.0016583888160957 -61.484538001067982 -45.852628953670781 -29.372949072252226 -67.056299422161132 -9.1842010854976746
leaf_weight=5008 5848 9160 14928 4296 4392 1688 5592 3843 3066 263032 3825 2693 10003 1533 1957 384 5584 12968
leaf_count=5008 5848 9160 14928 4296 4392 1688 5592 3843 3066 263032 3825 2693 10003 1533 1957 384 5584 12968
internal_value=7.6211e-05 -0.00942284 0.00146507 -0.00494494 -0.0139368 -0.01125 -0.00338836 -0.0128048 -0.00758454 0.00187427 -0.00541451 -0.00758302 -0.000177551 -0.00207915 -0.00937622 -0.0171775 -0.0192027 -0.00187888
internal_weight=359800 45896 313904 23040 22856 12496 24408 10808 13880 289496 9584 6518 26464 11536 5800 10360 5968 18816
internal_count=359800 45896 313904 23040 22856 12496 24408 10808 13880 289496 9584 6518 26464 11536 5800 10360 5968 18816
is_linear=0
shrinkage=0.0229654


Tree=4
num_leaves=19
num_cat=0
split_feature=25 1 5 0 0 14 5 15 4 16 0 32 0 5 15 30 6 13
split_gain=2283.86 2486.62 1757.2 1355.48 1205.16 507.218 469.268 353.139 309.536 251.851 182.038 150.701 248.795 191.553 135.038 131.961 126.617 117.069
threshold=12.47916666666667 5.5000000000000009 1.0000000180025095e-35 33.500000000000007 5.5000000000000009 60.437500000000007 1.0000000180025095e-35 9.8562500000000028 8.5000000000000018 569.31250000000011 15.500000000000002 1.0000000180025095e-35 33.500000000000007 1.0000000180025095e-35 15.381250000000003 412.48124999999999 1.0000000180025095e-35 17.431250000000006
decision_type=2 2 2 2 2 2 2 2 2 2 2 2 2 2 2 2 2 2
left_child=11 4 9 5 14 -4 7 -6 10 16 -7 -1 13 -13 -2 -9 -3 -8
right_child=1 2 3 -5 6 8 17 15 -10 -11 -12 12 -14 -15 -16 -17 -18 -19
leaf_value=50.618933200554956 -6.0123329086542672 48.823950490466466 -97.37261426194847 30.661992840336968 -18.706792819022731 -54.30920452672801 -57.512769315600501 -49.333816324289067 -6.0819855677919259 -24.343754259589272 -55.102376449665023 -1.1712853630185502 62.170533892372738 -37.783618788697481 -36.264212145218508 -16.924191092012034 -40.055705654472789 -21.675358437119534
leaf_weight=184647 10853 67417 5231 10059 7595 2370 5562 6398 3434 9769 8924 11066 16399 5307 1795 1247 1289 438
leaf_count=184647 10853 67417 5231 10059 7595 2370 5562 6398 3434 9769 8924 11066 16399 5307 1795 1247 1289 438
internal_value=0.00010321 -0.00215779 -0.000461603 -0.00518722 -0.00758818 -0.0086517 -0.0109302 -0.00878834 -0.00646986 0.00134603 -0.00830569 0.00158387 0.000148702 -0.00185387 -0.00197588 -0.0122728 0.0018366 -0.0163705
internal_weight=359800 142381 108493 30018 33888 19959 21240 15240 14728 78475 11294 217419 32772 16373 12648 7645 68706 6000
internal_count=359800 142381 108493 30018 33888 19959 21240 15240 14728 78475 11294 217419 32772 16373 12648 7645 68706 6000
is_linear=0
shrinkage=0.0229654


Tree=5
num_leaves=19
num_cat=0
split_feature=37 37 37 37 16 37 15 16 1 37 37 22 37 37 15 28 22 15
split_gain=16130.6 1044.43 946.602 138.428 120.106 112.553 106.434 88.9722 81.9033 68.6288 61.1697 35.1509 29.183 28.7123 24.4378 23.9955 27.6331 22.917
threshold=19228.289749810432 20233.521183156357 18645.06207268274 21508.732551923084 182.31250000000003 17796.853298326216 17.393750000000008 38.812500000000007 9.5000000000000018 18797.470132382845 19574.565316963995 11.748394097222226 18412.762110205986 19643.101295160526 16.031250000000004 1.7973287470725998 10.598220486111112 21.243750000000009
decision_type=2 2 2 2 2 2 2 2 2 2 2 2 2 2 2 2 2 2
left_child=2 6 5 4 -3 -1 7 10 12 -4 -2 -6 -7 15 -11 16 -9 -13
right_child=1 3 9 -5 11 8 -8 13 -10 14 -12 17 -14 -15 -16 -17 -18 -19
leaf_value=-84.933284082402153 -11.438828895226804 11.650590463179002 -38.418822218741788 66.424205085767667 -37.150123925857919 -45.261272715274487 -30.797525673251098 -51.501874094446194 -66.025637090787441 -24.477063937592384 -1.3869966369654969 -4.0835840606741787 -35.176962247761068 -22.571573757717303 -40.431164979610067 -44.149830351006457 -33.922945463637362 -30.149284603731868
leaf_weight=9876 4534 22705 2837 273208 1853 6402 3587 111 3035 6770 8623 5967 3282 2884 1807 584 1044 691
leaf_count=9876 4534 22705 2837 273208 1853 6402 3587 111 3035 6770 8623 5967 3282 2884 1807 584 1044 691
internal_value=0.000125167 0.00169624 -0.014925 0.00204073 0.000591939 -0.0176481 -0.00321185 -0.00248383 -0.0162199 -0.00953425 -0.00152085 -0.00173475 -0.0172516 -0.00522447 -0.00851008 -0.00755521 -0.00563696 -0.000956145
internal_weight=359800 325791 34009 304424 31216 22595 21367 17780 12719 11414 13157 8511 9684 4623 8577 1739 1155 6658
internal_count=359800 325791 34009 304424 31216 22595 21367 17780 12719 11414 13157 8511 9684 4623 8577 1739 1155 6658
is_linear=0
shrinkage=0.0229654


Tree=6
num_leaves=19
num_cat=0
split_feature=35 3 35 3 8 35 8 7 35 22 35 3 8 10 15 23 29 30
split_gain=7642.61 1571.94 875.294 881.424 709.043 702.017 322.924 302.824 159.033 156.548 154.246 193.24 330.754 140.191 129.518 123.305 122.719 109.012
threshold=19637.500000000004 4.5000000000000009 21297.500000000004 4.5000000000000009 1.0000000180025095e-35 18313.500000000004 0.065263096110025676 0.75023006073889154 15369.500000000002 12.858897569444446 23238.500000000004 4.5000000000000009 -0.19467261866128607 -0.24999999999999994 11.706250000000002 5.9750000000000041 233.84375000000006 266.60625000000005
decision_type=2 2 2 2 2 2 2 2 2 2 2 2 2 2 2 2 2 2
left_child=1 4 3 -2 8 9 13 15 -1 -6 11 -4 -13 -5 -7 17 -9 -3
right_child=2 7 10 6 5 14 -8 16 -10 -11 -12 12 -14 -15 -16 -17 -18 -19
leaf_value=-57.330200136751316 5.2441358730224552 -75.503475252217157 28.945870520907565 -61.492492850933758 -25.159725398947796 -8.925256040290062 -11.871585377164378 -62.341528446264441 -8.6184457850884364 -47.322159284230935 83.707415966834375 -41.873344804146477 12.154928292607289 -23.126750664352112 -30.004155941191527 -109.44472502283379 -27.177259779584727 -40.387993142930021
leaf_weight=792 25296 4028 33096 5224 1443 7279 6808 5801 11088 6293 226776 6344 9304 1352 4377 1458 679 2362
leaf_count=792 25296 4028 33096 5224 1443 7279 6808 5801 11088 6293 226776 6344 9304 1352 4377 1458 679 2362
internal_value=0.000149677 -0.0086362 0.00142478 -0.00181028 -0.00575002 -0.00845665 -0.0065763 -0.0149355 -0.00133192 -0.0138202 0.00187894 0.000706903 -0.00139601 -0.0102059 -0.0048969 -0.0119017 -0.0186098 -0.0105267
internal_weight=359800 45600 314200 38680 31272 19392 13384 14328 11880 7736 275520 48744 15648 6576 11656 7848 6480 6390
internal_count=359800 45600 314200 38680 31272 19392 13384 14328 11880 7736 275520 48744 15648 6576 11656 7848 6480 6390
is_linear=0
shrinkage=0.0229654


Tree=7
num_leaves=19
num_cat=0
split_feature=37 37 37 37 16 37 16 37 37 0 32 37 0 35 37 3 30 29
split_gain=15159.2 1000.4 983.876 134.425 126.153 103.893 105.031 92.8976 87.5432 65.8416 36.8569 29.9067 22.8721 20.8651 20.6729 20.2991 18.7095 18.617
threshold=19228.289749810432 20411.727015907407 18490.590301764427 18797.470132382845 238.56250000000003 21915.138123433535 135.56250000000003 19777.377895503061 17796.853298326216 21.500000000000004 0.087500000000001257 19643.101295160526 25.500000000000004 16377.500000000002 17167.615452909533 3.5000000000000004 717.2437500000002 281.99375000000003
decision_type=2 2 2 2 2 2 2 2 2 2 2 2 2 2 2 2 2 2
left_child=2 4 8 15 7 6 -3 -2 12 -10 -8 16 -1 -5 -14 -4 -6 -9
right_child=1 5 3 13 11 -7 10 17 9 -11 -12 -13 14 -15 -16 -17 -18 -19
leaf_value=-68.212830147842169 -12.638576238175933 14.90721937261938 -35.677085599054458 -51.173441786527363 -40.211049612480792 71.674784793107975 -35.043336535747521 0.47840241357268404 -42.27879935086456 -64.603119147540809 -3.8571840866041103 -27.066483268121861 -114.6570336265308 -26.590282882858332 -73.275515269205613 -39.668212560248925 -67.039774774051239 -10.128696721296125
leaf_weight=6835 8810 26071 2497 186 1746 263234 1772 8830 7616 2316 9113 4099 1924 8391 1117 3127 229 1887
leaf_count=6835 8810 26071 2497 186 1746 263234 1772 8830 7616 2316 9113 4099 1924 8391 1117 3127 229 1887
internal_value=0.000168762 0.0016918 -0.0144212 -0.00980796 -0.00266595 0.00206344 0.00092319 -0.00176683 -0.0177286 -0.0162062 -0.000971573 -0.00555646 -0.0192597 -0.00799867 -0.0176028 -0.0125673 -0.00787801 -0.000330649
internal_weight=359800 325791 34009 14201 25601 300190 36956 19527 19808 9932 10885 6074 9876 8577 3041 5624 1975 10717
internal_count=359800 325791 34009 14201 25601 300190 36956 19527 19808 9932 10885 6074 9876 8577 3041 5624 1975 10717
is_linear=0
shrinkage=0.0229654


Tree=8
num_leaves=19
num_cat=0
split_feature=35 3 35 3 0 35 16 16 6 1 16 3 22 29 15 0 10 3
split_gain=7132.33 1549.51 818.5 804.303 638.6 624.055 312.053 251.678 204.624 203.11 242.732 169.824 148.604 127.82 120.284 116.935 115.209 114.194
threshold=19637.500000000004 4.5000000000000009 21297.500000000004 4.5000000000000009 12.500000000000002 18411.500000000004 1.0000000180025095e-35 505.31250000000006 1.0000000180025095e-35 11.500000000000002 519.68750000000011 4.5000000000000009 12.858897569444446 228.36875000000003 11.706250000000002 5.5000000000000009 -0.24999999999999994 1.5000000000000002
decision_type=2 2 2 2 2 2 2 2 2 2 2 2 2 2 2 2 2 2
left_child=1 4 3 -2 5 12 -5 -4 17 13 -11 -9 -1 15 -7 -3 -8 -6
right_child=2 9 7 6 8 14 16 11 -10 10 -12 -13 -14 -15 -16 -17 -18 -19
leaf_value=-23.507834238973828 5.1532199237227525 -27.516743336236406 54.347962887332208 -13.964342216936881 13.687515753415591 -7.6843802250923208 -58.62625437687926 0.7313614459411315 -68.765943050518999 -56.837565417694599 -101.11666794385674 -49.095252179136438 -44.863637729027417 -28.869983831507025 -27.437964429503204 -60.739509565576263 -19.925094953449278 -39.101636670781446
leaf_weight=1623 25296 1097 262170 7280 8520 6907 5120 10775 1296 2206 2522 2575 6689 936 3965 7567 984 2272
leaf_count=1623 25296 1097 262170 7280 8520 6907 5120 10775 1296 2206 2522 2575 6689 936 3965 7567 984 2272
internal_value=0.000197293 -0.00829021 0.00142909 -0.00169925 -0.00542469 -0.00802975 -0.006252 0.00186827 -0.00129038 -0.0145444 -0.0106482 -0.00120762 -0.0127669 -0.0164633 -0.00440804 -0.0173343 -0.0100816 -0.000254935
internal_weight=359800 45600 314200 38680 31272 19184 13384 275520 12088 14328 4728 13350 8312 9600 10872 8664 6104 10792
internal_count=359800 45600 314200 38680 31272 19184 13384 275520 12088 14328 4728 13350 8312 9600 10872 8664 6104 10792
is_linear=0
shrinkage=0.0229654


Tree=9
num_leaves=19
num_cat=0
split_feature=37 37 37 15 37 37 8 37 8 37 0 4 15 26 15 37 35 32
split_gain=14139.9 1032.3 950.629 128.846 110.387 110.376 100.267 97.7245 91.8587 69.6484 60.1951 35.4929 33.0559 31.8378 28.7551 23.4106 22.6534 48.2121
threshold=19228.289749810432 18490.590301764427 20471.729123591304 17.306250000000002 17796.853298326216 18797.470132382845 -0.19467261866128607 21915.138123433535 -0.32075123873380501 19710.194226256823 21.500000000000004 5.5000000000000009 15.956250000000004 17.496744791666671 19.481250000000006 19975.385879885547 20761.500000000004 218.57500000000002
decision_type=2 2 2 2 2 2 2 2 2 2 2 2 2 2 2 2 2 2
left_child=1 4 3 6 -1 -3 11 8 14 -8 -6 16 -7 -13 -4 -5 -2 -18
right_child=2 5 7 15 10 12 9 -9 -10 -11 -12 13 -14 -15 -16 -17 17 -19
leaf_value=-77.8576899941108 -21.151700966441226 -35.520362541869801 -3.0522755143892608 -31.730959482301088 -40.421960731316773 -22.464767162738962 -9.2376474744703607 68.989156392884553 14.547193394027081 1.9949601188333532 -61.788383796598545 -7.5030968426979099 -38.24243862823095 -28.801380403525275 -27.69731800559973 -18.47876239075104 -27.992325185638958 -30.266948946814903
leaf_weight=9876 1246 5624 9045 2697 7616 6748 6118 263234 24811 10238 2316 1886 1829 1516 1654 1918 1213 215
leaf_count=9876 1246 5624 9045 2697 7616 6748 6118 263234 24811 10238 2316 1886 1829 1516 1654 1918 1213 215
internal_value=0.000217335 -0.0138736 0.00168827 -0.0024346 -0.0172614 -0.00914816 -0.00171565 0.00206154 0.000930646 -0.000779835 -0.0155518 -0.00423477 -0.00750867 -0.00267862 -0.000848082 -0.00592921 -0.00621457 -0.00818907
internal_weight=359800 34009 325791 27047 19808 14201 22432 298744 35510 16356 9932 6076 8577 3402 10699 4615 2674 1428
internal_count=359800 34009 325791 27047 19808 14201 22432 298744 35510 16356 9932 6076 8577 3402 10699 4615 2674 1428
is_linear=0
shrinkage=0.0229654


Tree=10
num_leaves=19
num_cat=0
split_feature=37 37 37 15 37 37 8 37 37 8 7 8 37 15 7 37 10 7
split_gain=13591 1036.46 922.04 122.007 119.597 111.102 95.7115 91.103 83.7715 59.4515 47.8045 36.1735 32.2442 28.3736 28.1615 27.1852 26.2461 22.241
threshold=19161.366179972218 20411.727015907407 18490.590301764427 15.306250000000004 17921.267400100896 22090.039410927366 -0.32075123873380501 19643.101295160526 18797.470132382845 -0.19467261866128607 1.0000000180025095e-35 1.0000000180025095e-35 19710.194226256823 19.231250000000006 -0.19467261866128624 16571.864639373602 -0.9330127018922193 -0.32075123873380551
decision_type=2 2 2 2 2 2 2 2 2 2 2 2 2 2 2 2 2 2
left_child=2 3 4 7 14 6 13 11 -4 -9 -6 -2 -5 -3 15 -1 -17 -14
right_child=1 5 8 12 10 -7 -8 9 -10 -11 -12 -13 17 -15 -16 16 -18 -19
leaf_value=-117.37676634677621 -29.387322718047152 -2.4496189528783932 -34.704622890751963 -31.154409473264007 -58.604674517602028 70.732840924978518 14.473153972774158 -17.374335623720238 -27.520499329828837 1.6547787021183957 -39.408751118426956 -9.4167659470048655 -36.343949428700789 -26.193427409753387 -61.106411217268402 -64.209493403847162 -81.895209549840885 -12.194047653829642
leaf_weight=1013 1874 10441 5624 2852 1533 258885 28818 3377 7145 9348 6999 5634 938 2046 7980 628 1655 3010
leaf_count=1013 1874 10441 5624 2852 1533 258885 28818 3377 7145 9348 6999 5634 938 2046 7980 628 1655 3010
internal_value=0.00024759 0.00165591 -0.0138985 -0.00265114 -0.0170005 0.00204378 0.000937687 -0.00175671 -0.00908634 -0.000573007 -0.014949 -0.00376293 -0.00531244 -0.000741727 -0.0185528 -0.016767 -0.0153777 -0.00396834
internal_weight=359800 327223 32577 27033 19808 300190 41305 20233 12769 12725 8532 7508 6800 12487 11276 3296 2283 3948
internal_count=359800 327223 32577 27033 19808 300190 41305 20233 12769 12725 8532 7508 6800 12487 11276 3296 2283 3948
is_linear=0
shrinkage=0.0229654


Tree=11
num_leaves=19
num_cat=0
split_feature=36 35 35 5 5 5 36 0 35 35 16 6 36 16 35 5 35 16
split_gain=6983.64 1216.57 1037.33 415.262 301.549 263.292 217.364 207.223 219.328 169.786 136.156 134.3 119.44 118.906 117.555 115.883 110.02 101.139
threshold=19465.500000000004 19443.500000000004 20152.500000000004 1.0000000180025095e-35 1.0000000180025095e-35 1.0000000180025095e-35 22038.500000000004 12.500000000000002 17834.500000000004 20407.500000000004 4.0625000000000009 1.0000000180025095e-35 20822.500000000004 425.18750000000006 23175.500000000004 1.0000000180025095e-35 18759.500000000004 529.81250000000011
decision_type=2 2 2 2 2 2 2 2 2 2 2 2 2 2 2 2 2 2
left_child=1 3 5 7 -3 11 13 8 -1 -6 -11 12 16 -4 -12 -15 -2 -7
right_child=2 4 6 -5 9 17 -8 -9 -10 10 14 -13 -14 15 -16 -17 -18 -19
leaf_value=-44.22847951926844 -22.909742042228952 -7.0719800393839201 8.5027622552245212 -63.2397502505627 -42.746124705212182 -31.702602462199177 61.604308514654718 -27.912975300090686 -27.528196489183237 -2.0073395329578037 -46.597335877352016 -53.253393486973074 1.2968423386224797 -4.2845672266300383 -13.708842213056753 -48.436312191743149 -5.1775420292656484 -87.25385321640195
leaf_weight=3848 3608 7648 36239 10104 3992 3961 244888 1472 6040 2565 4417 1960 14360 4585 1594 2136 5392 991
leaf_count=3848 3608 7648 36239 10104 3992 3961 244888 1472 6040 2565 4417 1960 14360 4585 1594 2136 5392 991
internal_value=0.000272419 -0.00856685 0.00143054 -0.0123746 -0.00452401 -0.00261335 0.00185582 -0.00936204 -0.0105588 -0.00671201 -0.00489086 -0.00166617 -0.0011817 0.000349079 -0.00678112 -0.00245645 -0.00325598 -0.00745634
internal_weight=359800 41680 318120 21464 20216 30272 287848 11360 9888 12568 8576 25320 23360 42960 6011 6721 9000 4952
internal_count=359800 41680 318120 21464 20216 30272 287848 11360 9888 12568 8576 25320 23360 42960 6011 6721 9000 4952
is_linear=0
shrinkage=0.0229654


Tree=12
num_leaves=19
num_cat=0
split_feature=35 3 35 3 0 35 16 25 6 10 0 16 0 0 16 30 16 35
split_gain=6065.71 1432.36 750.218 754.317 476.284 508.348 419.86 200.465 179.497 159.822 143.862 196.421 138.603 127.049 103.839 99.1584 98.2193 93.7816
threshold=19637.500000000004 4.5000000000000009 22354.500000000004 4.5000000000000009 12.500000000000002 18096.500000000004 3.5625000000000004 10.735156250000003 1.0000000180025095e-35 -0.24999999999999994 24.500000000000004 491.06250000000006 34.500000000000007 6.5000000000000009 670.31250000000011 389.08125000000001 468.31250000000006 18844.500000000004
decision_type=2 2 2 2 2 2 2 2 2 2 2 2 2 2 2 2 2 2
left_child=1 4 3 -2 5 15 -5 -3 14 12 13 -12 -8 -9 -6 -1 -4 -7
right_child=2 7 16 6 8 17 9 10 -10 -11 11 -13 -14 -15 -16 -17 -18 -19
leaf_value=-42.371668303573337 9.0275265352631617 -31.710288623727021 67.881239719780396 -6.5338526893987625 8.5129941687207378 -22.096111701711621 -51.33044916467108 -27.528314768888301 -62.824456744410341 -16.417556700816089 -50.396290194843537 -92.9719942842449 10.735294898609164 -55.722758694653386 -36.934123472901383 -22.429217248455807 0.93980667719469535 -10.985992687109887
leaf_weight=5211 43576 1747 235124 12273 9236 5272 7633 1589 1296 1849 1460 2575 653 6957 1556 1205 13092 7496
leaf_count=5211 43576 1747 235124 12273 9236 5272 7633 1589 1296 1849 1460 2575 653 6957 1556 1205 13092 7496
internal_value=0.000302482 -0.0075247 0.00143844 -0.000738064 -0.00476963 -0.00701939 -0.00416222 -0.0135379 -0.00119919 -0.00762152 -0.0145501 -0.0109762 -0.00898384 -0.0162376 -0.000229399 -0.0122931 0.00201703 -0.00436933
internal_weight=359800 45600 314200 65984 31272 19184 22408 14328 12088 10135 12581 4035 8286 8546 10792 6416 248216 12768
internal_count=359800 45600 314200 65984 31272 19184 22408 14328 12088 10135 12581 4035 8286 8546 10792 6416 248216 12768
is_linear=0
shrinkage=0.0229654


Tree=13
num_leaves=19
num_cat=0
split_feature=36 35 35 36 16 36 35 15 36 7 35 35 15 22 15 15 36 7
split_gain=6422.78 1107.17 959.517 190.497 174.656 170.499 157.042 155.359 131.532 124.554 123.141 112.019 105.007 102.496 87.5139 85.8733 89.1621 83.2292
threshold=19465.500000000004 19443.500000000004 20943.500000000004 20407.500000000004 1.0000000180025095e-35 18218.000000000004 21360.500000000004 11.606250000000003 22038.500000000004 0.75023006073889154 15369.500000000002 20217.500000000004 11.218750000000004 17.931293402777779 17.393750000000008 16.656250000000004 22376.500000000004 0.55438071450436044
decision_type=2 2 2 2 2 2 2 2 2 2 2 2 2 2 2 2 2 2
left_child=1 5 3 7 11 9 17 -2 14 13 -5 -3 -7 -1 -4 -12 -17 -6
right_child=2 4 8 10 6 12 -8 -9 -10 -11 15 -13 -14 -15 -16 16 -18 -19
leaf_value=-55.799470504535435 -8.2585805154938541 -14.690526855306178 12.711667004621807 -52.663464136797394 -52.672588387644076 -24.550600932880663 -30.797434765333094 -29.96940638272757 63.637079095670558 -49.677850158403622 0.47343705869857089 1.5476650057218344 -45.38987971968551 -96.761929514556144 -14.601618966502503 -32.385565189540785 -2.2990123757285517 -40.585617715551777
leaf_weight=3437 6711 3559 28759 608 3047 5118 6345 5649 239408 7208 24697 5114 4514 1187 5481 3390 3417 2151
leaf_count=3437 6711 3559 28759 608 3047 5118 6345 5649 239408 7208 24697 5114 4514 1187 5481 3390 3417 2151
internal_value=0.00032329 -0.0081536 0.00143393 -0.00169473 -0.00429681 -0.0117861 -0.00614712 -0.00411742 0.00194239 -0.0136329 -0.000762224 -0.00183421 -0.00951758 -0.010691 0.000611025 -0.000564659 -0.00284849 -0.00910664
internal_weight=359800 41680 318120 44472 20216 21464 11543 12360 273648 11832 32112 8673 9632 4624 34240 31504 6807 5198
internal_count=359800 41680 318120 44472 20216 21464 11543 12360 273648 11832 32112 8673 9632 4624 34240 31504 6807 5198
is_linear=0
shrinkage=0.0229654


Tree=14
num_leaves=19
num_cat=0
split_feature=36 35 35 3 3 3 35 21 16 3 16 35 6 16 4 7 36 3
split_gain=6117.23 1061.56 933.441 361.667 331.037 288.484 202.042 186.715 173.966 142.916 140.19 191.121 139.488 107.317 99.1826 93.487 91.1988 88.1176
threshold=19465.500000000004 19152.500000000004 21242.000000000004 4.5000000000000009 5.5000000000000009 4.5000000000000009 18844.500000000004 9.8800781250000025 529.81250000000011 1.5000000000000002 4.0625000000000009 17399.500000000004 1.0000000180025095e-35 459.68750000000006 8.5000000000000018 0.75023006073889154 21004.500000000004 4.5000000000000009
decision_type=2 2 2 2 2 2 2 2 2 2 2 2 2 2 2 2 2 2
left_child=1 3 5 10 17 6 9 -6 -7 12 11 -1 16 -4 -9 -5 -2 -3
right_child=2 4 13 15 7 8 -8 14 -10 -11 -12 -13 -14 -15 -16 -17 -18 -19
leaf_value=-43.972525107334299 -15.583344892473409 -8.2203745958393792 52.401784707065964 -76.335843982161663 -1.7065283859590914 -21.202812297797195 3.6775509095327044 -49.270500900845491 -69.240117091812465 -31.093439684324977 -27.748108580174616 -29.756977455558452 -63.269391972243916 1.7351454786570886 -30.828189989199853 -52.280339670348845 11.706424045918492 -28.416703307662186
leaf_weight=2575 2824 8864 252095 4184 1229 8873 27912 4878 1471 2536 1712 5857 1192 15897 1197 4584 5320 6600
leaf_count=2575 2824 8864 252095 4184 1229 8873 27912 4878 1471 2536 1712 5857 1192 15897 1197 4584 5320 6600
internal_value=0.000347864 -0.00792494 0.00143176 -0.0119463 -0.00458461 -0.00144459 -0.00055624 -0.00861391 -0.00486128 -0.00306567 -0.00899373 -0.0102102 -0.00175242 0.00196979 -0.0102654 -0.0153623 -0.000678472 -0.00268148
internal_weight=359800 41680 318120 18912 22768 50128 39784 7304 10344 11872 10144 8432 9336 267992 6075 8768 8144 15464
internal_count=359800 41680 318120 18912 22768 50128 39784 7304 10344 11872 10144 8432 9336 267992 6075 8768 8144 15464
is_linear=0
shrinkage=0.0229654


Tree=15
num_leaves=19
num_cat=0
split_feature=35 35 8 35 0 35 29 35 29 14 16 15 15 35 0 14 15 0
split_gain=5369.73 695.41 276.105 251.581 433.042 247.374 142.553 127.534 116.33 112.654 98.7225 93.4385 90.1765 70.0024 61.333 53.845 58.4906 50.7497
threshold=19637.500000000004 22354.500000000004 -0.32075123873380501 18759.500000000004 12.500000000000002 15369.500000000002 211.91875000000002 17704.500000000004 188.86875000000006 56.187500000000007 433.81250000000006 11.781250000000004 14.031250000000004 20521.500000000004 6.5000000000000009 59.812500000000007 15.806250000000004 19.500000000000004
decision_type=2 2 2 2 2 2 2 2 2 2 2 2 2 2 2 2 2 2
left_child=3 2 15 4 6 -6 7 14 -5 -7 -3 -9 -4 -14 -1 16 -2 -17
right_child=1 10 12 8 5 9 -8 11 -10 -11 -12 -13 13 -15 -16 17 -18 -19
leaf_value=-36.749014684106058 -32.625588416809187 65.441159093434607 6.1914503899664393 -24.321080956863824 -56.634459188718111 -76.673099400581549 -18.035779333892737 -26.978460260893964 -8.9662049424168693 -27.990123080190372 3.9769567496825302 -42.437004368924391 -19.641668662536169 -1.5171032559656388 -49.747706572873881 -29.043719815488675 -56.224973565540047 -13.147328908695361
leaf_weight=965 5291 231452 33468 13554 1320 3759 1801 4566 3806 8273 16764 3158 3644 8824 4398 3790 2109 8858
leaf_count=965 5291 231452 33468 13554 1320 3759 1801 4566 3806 8273 16764 3158 3644 8824 4398 3790 2109 8858
internal_value=0.000365545 0.00143435 -0.000661146 -0.00699891 -0.00833635 -0.00533337 -0.0110295 -0.0118632 -0.00482326 -0.004298 0.0019914 -0.00997408 0.000320264 -0.00134683 -0.0145839 -0.00290985 -0.00446584 -0.00199949
internal_weight=359800 314200 65984 45600 28240 13352 14888 13087 17360 12032 248216 7724 45936 12468 5363 20048 7400 12648
internal_count=359800 314200 65984 45600 28240 13352 14888 13087 17360 12032 248216 7724 45936 12468 5363 20048 7400 12648
is_linear=0
shrinkage=0.0229654


Tree=16
num_leaves=19
num_cat=0
split_feature=37 37 37 16 37 37 37 37 8 36 36 4 37 16 32 36 36 30
split_gain=10995.3 1072.3 782.234 147.994 105.666 102.18 101.731 90.4961 83.0708 55.8257 53.5641 37.685 37.6557 34.8133 30.5888 24.544 23.4266 21.2796
threshold=19019.042623416553 20593.95767831185 18232.96162295766 38.812500000000007 22577.936403045827 19710.194226256823 17658.666800385352 18645.06207268274 -0.32075123873380501 19719.500000000004 19785.500000000004 11.500000000000002 19643.101295160526 347.06250000000006 0.087500000000001257 21306.500000000004 21640.500000000004 770.85625000000016
decision_type=2 2 2 2 2 2 2 2 2 2 2 2 2 2 2 2 2 2
left_child=2 3 6 5 8 9 -1 -4 14 -2 -9 16 17 -8 -3 -14 -11 -5
right_child=1 4 7 12 -6 -7 13 10 -10 11 -12 -13 15 -15 -16 -17 -18 -19
leaf_value=-70.995232828840741 -7.7012401633917733 -20.564680624131373 -32.77512490819133 -34.351860459533647 73.064838243816865 -0.075952151688293196 -38.147894864196971 -22.164770061603605 15.524282554816967 -13.422457318563916 -39.122757413709898 -17.093073314924801 -15.796847996940944 -55.10334573057316 1.3531476290828754 -29.025680600791585 -36.971533219606613 -59.07302508214638
leaf_weight=8483 5828 3185 7029 3228 246357 13967 5111 5276 33773 3981 1834 155 3847 1972 12563 2540 352 319
leaf_count=8483 5828 3185 7029 3228 246357 13967 5111 5276 33773 3981 1834 155 3847 1972 12563 2540 352 319
internal_value=0.000388012 0.00159233 -0.0129949 -0.00225667 0.00203745 -0.00129065 -0.0165467 -0.00908465 0.00106946 -0.00302406 -0.00725784 -0.00494923 -0.00461805 -0.0145149 -0.000307994 -0.00356437 -0.00455121 -0.00651539
internal_weight=359800 330095 29705 34217 295878 24283 15566 14139 49521 10316 7110 4488 9934 7083 15748 6387 4333 3547
internal_count=359800 330095 29705 34217 295878 24283 15566 14139 49521 10316 7110 4488 9934 7083 15748 6387 4333 3547
is_linear=0
shrinkage=0.0229654


Tree=17
num_leaves=19
num_cat=0
split_feature=37 37 37 15 37 37 8 8 37 37 15 37 15 3 3 4 37 28
split_gain=10509.1 1034.18 788.124 148.844 126.507 110.324 95.6429 91.5402 84.2108 60.4338 38.9592 35.8073 34.1018 33.7859 31.6859 27.4617 25.2671 25.2391
threshold=19019.042623416553 20471.729123591304 18139.320379618603 14.606250000000003 22372.022079668532 18490.590301764427 -0.19467261866128607 -0.19467261866128607 17658.666800385352 19574.565316963995 14.893750000000002 19710.194226256823 19.231250000000006 3.5000000000000004 3.5000000000000004 11.500000000000002 18797.470132382845 0.26856776989755732
decision_type=2 2 2 2 2 2 2 2 2 2 2 2 2 2 2 2 2 2
left_child=2 3 8 6 7 14 17 12 -1 15 16 -5 -3 -10 -4 -8 -7 -2
right_child=1 4 5 11 -6 10 9 -9 13 -11 -12 -13 -14 -15 -16 -17 -18 -19
leaf_value=-69.364798274841903 -15.036862201700684 0.026960391000099934 -31.265480236826868 -29.531649358698541 67.540799624945606 -24.939678576147546 -7.3715536745146242 13.987975823096713 -48.695930198221689 2.28803763939153 -36.14231113123676 -17.245651029873827 -18.878483100594327 -42.600278539021176 -34.550357085686706 -22.822956389605572 -18.891103556136201 -24.428261412807171
leaf_weight=8483 2299 13965 2237 4040 251837 4105 6393 30228 1239 10587 2662 4898 2714 4470 3379 65 3130 3069
leaf_count=8483 2299 13965 2237 4040 251837 4105 6393 30228 1239 10587 2662 4898 2714 4470 3379 65 3130 3069
internal_value=0.000416607 0.001594 -0.0126671 -0.00237404 0.00201042 -0.0090892 -0.00137477 0.000915395 -0.0165781 -0.000532873 -0.00763031 -0.00487983 -0.000450386 -0.0144217 -0.0116602 -0.00228374 -0.00675631 -0.00404804
internal_weight=359800 330095 29705 31351 298744 15513 22413 46907 14192 17045 9897 8938 16679 5709 5616 6458 7235 5368
internal_count=359800 330095 29705 31351 298744 15513 22413 46907 14192 17045 9897 8938 16679 5709 5616 6458 7235 5368
is_linear=0
shrinkage=0.0229654


Tree=18
num_leaves=19
num_cat=0
split_feature=36 35 35 3 3 3 35 16 16 1 15 35 35 26 35 15 36 35
split_gain=5166.94 1055.92 642.977 403.944 303.33 220.791 187.594 160.275 152.486 135.575 189.137 150.714 129.403 124.962 116.629 98.0715 91.0529 89.6915
threshold=19785.500000000004 19086.500000000004 21297.500000000004 4.5000000000000009 4.5000000000000009 4.5000000000000009 20217.500000000004 529.81250000000011 8.3125000000000018 5.5000000000000009 13.581250000000004 17399.500000000004 15369.500000000002 12.421484375 23238.500000000004 11.431250000000002 22260.500000000004 19443.500000000004
decision_type=2 2 2 2 2 2 2 2 2 2 2 2 2 2 2 2 2 2
left_child=1 3 5 9 15 12 -6 -7 -8 10 11 -1 -2 -5 -10 -3 -4 -14
right_child=2 4 16 13 6 7 8 -9 14 -11 -12 -13 17 -15 -16 -17 -18 -19
leaf_value=-30.980134187464252 -46.390078843862703 3.553045118261581 9.3932850950486966 -50.848840565570534 -34.717761238966517 -18.127578624063833 -1.2767311983397347 -67.644592418856092 -42.557914387834657 -21.989573511804313 -44.349523310908495 -14.428545846975128 -8.1211131846966218 -57.050869472253623 -12.713256952734696 -17.828011083718607 61.820844555700248 6.6345143330234615
leaf_weight=2067 624 7322 32288 1607 5624 7761 3863 1335 5220 1536 2502 5119 14560 7121 1901 4790 232352 22208
leaf_count=2067 624 7322 32288 1607 5624 7761 3863 1335 5220 1536 2502 5119 14560 7121 1901 4790 232352 22208
internal_value=0.000444436 -0.00651366 0.00153294 -0.010572 -0.0036943 -0.000957979 -0.00570982 -0.0041669 -0.00396333 -0.00769047 -0.00869547 -0.00680206 -0.000177375 -0.0142776 -0.0059563 -0.0009306 0.00197051 -1.37404e-06
internal_weight=359800 48672 311128 19952 28720 46488 16608 9096 10984 11224 9688 7186 37392 8728 7121 12112 264640 36768
internal_count=359800 48672 311128 19952 28720 46488 16608 9096 10984 11224 9688 7186 37392 8728 7121 12112 264640 36768
is_linear=0
shrinkage=0.0229654


Tree=19
num_leaves=19
num_cat=0
split_feature=37 37 37 37 37 37 8 36 16 37 36 32 3 16 36 36 3 18
split_gain=9668.52 1184.88 601.427 151.697 116.985 100.671 100.3 84.2074 78.3041 58.8402 42.6887 40.7738 37.8383 35.9522 30.8409 30.0827 29.8398 26.5532
threshold=18870.792390379229 20593.95767831185 18139.320379618603 19574.565316963995 22577.936403045827 17512.56116814318 -0.065263096110025884 21004.500000000004 131.31250000000003 18490.590301764427 21066.500000000004 0.087500000000001257 3.5000000000000004 46.312500000000007 19594.500000000004 21306.500000000004 3.5000000000000004 0.063750000000000015
decision_type=2 2 2 2 2 2 2 2 2 2 2 2 2 2 2 2 2 2
left_child=2 3 5 7 8 -1 15 13 -3 16 -11 -10 -7 14 -2 -5 -4 -8
right_child=1 4 9 6 -6 12 17 -9 11 10 -12 -13 -14 -15 -16 -17 -18 -19
leaf_value=-71.411218239436991 -7.6812074004895905 14.526087567738498 -29.888440354657003 -14.009100895457234 68.727253098868331 -46.927509150083274 2.2321313271478065 -39.369916325180206 -26.678685240169532 -24.582053226765964 -53.633614825710552 1.0626559187290661 -41.64571717064662 -30.134160864189425 -14.732691874748065 -26.705835677050651 -33.065883453659936 -7.0132633236169548
leaf_weight=7057 5914 33838 2237 4935 246357 1395 10725 1735 2621 6599 467 13062 5740 2822 3805 2883 3379 4229
leaf_count=7057 5914 33838 2237 4935 246357 1395 10725 1735 2621 6599 467 13062 5740 2822 3805 2883 3379 4229
internal_value=0.000458925 0.00152851 -0.0127915 -0.00234328 0.00201331 -0.0160392 -0.00117974 -0.00419928 0.000994792 -0.00915719 -0.00776261 -0.000346612 -0.0141156 -0.00354324 -0.00288066 -0.00328765 -0.0109118 -7.77082e-05
internal_weight=359800 332926 26874 37048 295878 14192 22772 14276 49521 12682 7066 15683 7135 12541 9719 7818 5616 14954
internal_count=359800 332926 26874 37048 295878 14192 22772 14276 49521 12682 7066 15683 7135 12541 9719 7818 5616 14954
is_linear=0
shrinkage=0.0229654


Tree=20
num_leaves=19
num_cat=0
split_feature=37 37 37 15 37 37 37 37 16 16 16 37 3 32 3 4 15 16
split_gain=9207.8 1131 627.502 158.865 116.357 100.41 83.4261 81.7345 77.8801 57.9514 50.1185 46.8196 41.9572 39.9127 31.26 30.8473 27.758 20.9124
threshold=18870.792390379229 20593.95767831185 18031.999696501833 14.606250000000003 22577.936403045827 19574.565316963995 17512.56116814318 18490.590301764427 131.31250000000003 55.187500000000007 343.56250000000006 19839.233453344215 3.5000000000000004 0.087500000000001257 3.5000000000000004 11.500000000000002 11.331250000000002 283.56250000000006
decision_type=2 2 2 2 2 2 2 2 2 2 2 2 2 2 2 2 2 2
left_child=2 3 6 5 8 10 -1 12 -3 -7 15 -5 -4 -10 -8 -2 -9 -13
right_child=1 4 7 11 -6 9 14 16 13 -11 -12 17 -14 -15 -16 -17 -18 -19
leaf_value=-69.771230410374869 -8.6998577083968502 14.19249002659161 -31.919581524853029 -27.530299203394005 67.14890362681345 2.8023135946435414 -46.425351658732772 -17.820368088314979 -26.065998323912776 -13.719978516478264 -34.775496369970384 -7.3800912289217866 -33.19103501458347 1.0382515910035011 -40.96548492857837 -23.228522338334805 -32.113996357173818 -35.537007603530675
leaf_weight=7057 8889 33838 2636 5624 246357 12386 996 3379 2621 3829 1320 3252 4423 13062 4696 78 3687 1670
leaf_count=7057 8889 33838 2636 5624 246357 12386 996 3379 2621 3829 1320 3252 4423 13062 4696 78 3687 1670
internal_value=0.000488031 0.00153182 -0.0124429 -0.00225092 0.00200547 -0.00130226 -0.0161367 -0.00910893 0.000989691 -0.00017633 -0.00307701 -0.00463489 -0.0108568 -0.000348076 -0.0140681 -0.00246199 -0.00736284 -0.00299922
internal_weight=359800 332926 26874 37048 295878 26502 12749 14125 49521 16215 10287 10546 7059 15683 5692 8967 7066 4922
internal_count=359800 332926 26874 37048 295878 26502 12749 14125 49521 16215 10287 10546 7059 15683 5692 8967 7066 4922
is_linear=0
shrinkage=0.0229654


Tree=21
num_leaves=19
num_cat=0
split_feature=36 35 35 5 5 10 5 35 35 23 0 35 15 26 20 15 7 35
split_gain=4521.96 954.843 581.391 323.094 298.511 221.213 185.777 133.005 128.166 122.469 118.993 165.884 121.123 110.628 108.364 94.6305 83.8962 80.3196
threshold=19785.500000000004 18844.500000000004 21470.500000000004 1.0000000180025095e-35 1.0000000180025095e-35 -0.5 1.0000000180025095e-35 23238.500000000004 15369.500000000002 -4.3874999999999966 11.500000000000002 17399.500000000004 14.231250000000003 10.96549479166667 3.5437499999999997 11.431250000000002 0.89495246814786289 19443.500000000004
decision_type=2 2 2 2 2 2 2 2 2 2 2 2 2 2 2 2 2 2
left_child=1 3 6 10 15 7 8 9 -2 -6 11 -1 -13 -5 -8 -3 -15 -10
right_child=2 4 -4 13 5 -7 14 -9 17 -11 -12 12 -14 16 -16 -17 -18 -19
leaf_value=-37.331941988741953 -43.897902295706388 2.3323656880543826 44.69433139643067 -30.260945055179441 -5.3066687056070379 -15.447923342544055 -16.951814997248082 -1.6758505040733178 -7.2281633537682097 -40.173659255131305 -22.604018206206721 -14.987186028613696 -37.417610981561531 -65.662975693731909 -51.90372173709256 -17.807943115127987 -45.514238843860426 6.7806550834369119
leaf_weight=2520 624 8175 261224 928 1451 6208 8747 1168 14560 8893 2168 4128 1088 4069 1341 5257 2619 24632
leaf_count=2520 624 8175 261224 928 1451 6208 8747 1168 14560 8893 2168 4128 1088 4069 1341 5257 2619 24632
internal_value=0.000509988 -0.00599935 0.00152829 -0.0102886 -0.00358709 -0.00554436 -0.000743025 -0.00742865 -3.77219e-05 -0.00825813 -0.00755373 -0.00888633 -0.00654884 -0.013845 -0.00352677 -0.00100499 -0.014876 0.000126687
internal_weight=359800 48672 311128 17520 31152 17720 49904 11512 39816 10344 9904 7736 5216 7616 10088 13432 6688 39192
internal_count=359800 48672 311128 17520 31152 17720 49904 11512 39816 10344 9904 7736 5216 7616 10088 13432 6688 39192
is_linear=0
shrinkage=0.0229654


Tree=22
num_leaves=19
num_cat=0
split_feature=37 37 37 8 37 37 37 8 37 36 3 37 36 35 36 0 3 36
split_gain=8532.54 1072.35 641.996 133.468 125.163 97.9556 91.3088 79.5973 68.5972 61.4132 43.699 41.3907 40.4209 31.3307 31.085 30.7623 29.6477 29.0718
threshold=18870.792390379229 20593.95767831185 17921.267400100896 -0.065263096110025884 22799.823670822549 18412.762110205986 19574.565316963995 -0.19467261866128607 17350.890228859495 21368.500000000004 3.5000000000000004 19643.101295160526 21066.500000000004 23475.500000000004 19397.500000000004 20.500000000000004 3.5000000000000004 21306.500000000004
decision_type=2 2 2 2 2 2 2 2 2 2 2 2 2 2 2 2 2 2
left_child=2 3 8 11 7 10 9 13 -1 -5 -4 -2 -7 -3 -12 -15 -10 -13
right_child=1 4 5 6 -6 12 -8 -9 16 -11 14 17 -14 15 -16 -17 -18 -19
leaf_value=-72.337719115912392 -31.104565484250269 4.2638966456091651 -33.319223393723554 -9.6757216904451511 68.540722257232844 -23.863513628012004 -0.25745198647234507 14.293471952402211 -46.367225918364561 -34.638855954879162 -28.175129487290253 -12.310038666021775 -51.658746012675145 4.0763687691588055 -46.5758051567582 -17.79985523137243 -40.4559535021248 -25.6917995487761
leaf_weight=5604 4887 14075 2387 9499 240632 7869 14954 34679 773 366 3749 4602 533 2679 1060 3813 4899 2740
leaf_count=5604 4887 14075 2387 9499 240632 7869 14954 34679 773 366 3749 4602 533 2679 1060 3813 4899 2740
internal_value=0.00052186 0.00152665 -0.0119259 -0.0021567 0.00198785 -0.00890789 -0.00118912 0.00100207 -0.0161006 -0.00290414 -0.0108744 -0.0041204 -0.00722363 -0.000129862 -0.00961357 -0.00144966 -0.0143202 -0.00303036
internal_weight=359800 332926 26874 37048 295878 15598 24819 55246 11276 9865 7196 12229 8402 20567 4809 6492 5672 7342
internal_count=359800 332926 26874 37048 295878 15598 24819 55246 11276 9865 7196 12229 8402 20567 4809 6492 5672 7342
is_linear=0
shrinkage=0.0229654


Tree=23
num_leaves=19
num_cat=0
split_feature=37 37 37 37 37 8 37 37 36 16 35 36 35 36 35 7 26 17
split_gain=8170.67 1027.71 643.198 136.768 101.523 91.52 89.1736 75.1656 72.2796 66.984 61.8744 41.035 34.0337 32.9361 35.7594 33.8877 25.9959 30.922
threshold=18870.792390379229 20773.091153354329 17921.267400100896 19710.194226256823 22958.276314281484 -0.065263096110025884 18412.762110205986 17350.890228859495 21066.500000000004 135.56250000000003 21573.500000000004 21066.500000000004 23475.500000000004 21368.500000000004 21122.500000000004 -0.19467261866128624 7.0527343750000009 58.812500000000007
decision_type=2 2 2 2 2 2 2 2 2 2 2 2 2 2 2 2 2 2
left_child=2 3 7 8 9 13 -4 -1 10 -3 -2 -8 -11 -5 -15 -16 17 -14
right_child=1 4 6 5 -6 -7 11 -9 -10 12 -12 -13 16 14 15 -17 -18 -19
leaf_value=-70.676453815347998 -10.060685313065369 15.687134312204503 -32.745075021279639 -10.059628723168665 69.918102087192835 1.3087505095751555 -23.315478279036729 -40.948577044313694 -35.908962878703605 5.738727720019436 -34.779170753351451 -50.472381785680192 -11.33633047126801 -9.0726716160568195 -54.227216632233741 -20.523132763338534 -8.7918151043577346 -43.037417540676671
leaf_weight=5604 13016 36907 7196 5261 236366 15756 7869 5672 2210 12590 1875 533 128 1853 542 834 5469 119
leaf_count=5604 13016 36907 7196 5261 236366 15756 7869 5672 2210 12590 1875 533 128 1853 542 834 5469 119
internal_value=0.000548157 0.00153141 -0.0116328 -0.00185697 0.00201189 -0.000747706 -0.00861195 -0.0158114 -0.0034297 0.00112525 -0.00285452 -0.00700497 -1.0538e-05 -0.00266983 -0.00449564 -0.0073002 -0.00148014 -0.00876777
internal_weight=359800 332926 26874 41347 291579 24246 15598 11276 17101 55213 14891 8402 18306 8490 3229 1376 5716 247
internal_count=359800 332926 26874 41347 291579 24246 15598 11276 17101 55213 14891 8402 18306 8490 3229 1376 5716 247
is_linear=0
shrinkage=0.0229654


Tree=24
num_leaves=19
num_cat=0
split_feature=35 3 35 3 8 35 8 25 35 10 35 3 35 35 8 3 24 12
split_gain=3633.63 1016.28 509.514 453.41 357.025 198.866 351.079 178.292 136.315 120.864 114.461 112.837 71.8141 60.0495 70.3868 111.268 57.4953 56.1627
threshold=19705.500000000004 4.5000000000000009 22598.500000000004 4.5000000000000009 -0.065263096110025884 18204.500000000004 0.13052619222005152 13.51822916666667 15369.500000000002 -0.24999999999999994 18844.500000000004 2.5000000000000004 16377.500000000002 25310.500000000004 -0.19467261866128607 4.5000000000000009 3.1500000000000021 14.343750000000004
decision_type=2 2 2 2 2 2 2 2 2 2 2 2 2 2 2 2 2 2
left_child=1 5 3 -2 9 6 8 -3 -1 -5 17 -10 -8 14 15 -4 -6 -9
right_child=2 7 13 4 16 -7 12 10 11 -11 -12 -13 -14 -15 -16 -17 -18 -19
leaf_value=-39.144380242131604 8.5879998842557868 -32.011053830746505 23.208757477554023 -38.93941589050641 0.51737930861244519 -7.0934125282902087 -39.285540940360654 -38.704342608064955 0.58378248392051646 -13.220980966904142 -38.655345345075325 -43.960556005524985 -28.55499985761957 94.182546943407786 33.071593780530833 -15.653417752384293 -22.446581179139514 -66.912746288414709
leaf_weight=816 46440 4237 21448 8520 12307 18416 664 2337 6256 2360 3787 544 5600 173712 40104 7168 733 4351
leaf_count=816 46440 4237 21448 8520 12307 18416 664 2337 6256 2360 3787 544 5600 173712 40104 7168 733 4351
internal_value=0.000572859 -0.00538042 0.00146755 -0.000252959 -0.00282171 -0.00310135 -0.00517714 -0.0103834 -0.00186473 -0.00589333 -0.0119913 -0.000800412 -0.00920449 0.00196688 0.00139223 0.000522131 -0.000258889 -0.0137978
internal_weight=359800 47008 312792 70360 23920 32296 13880 14712 7616 10880 10475 6800 6264 242432 68720 28616 13040 6688
internal_count=359800 47008 312792 70360 23920 32296 13880 14712 7616 10880 10475 6800 6264 242432 68720 28616 13040 6688
is_linear=0
shrinkage=0.0229654


Tree=25
num_leaves=19
num_cat=0
split_feature=25 3 0 0 3 7 14 16 16 0 3 16 3 0 30 7 26 4
split_gain=1140.5 1202.4 927.059 595.758 322.782 360.48 225.587 223.593 204.932 164.593 109.915 102.882 126.25 123.824 126.215 89.8277 86.2672 83.8325
threshold=12.413802083333335 4.5000000000000009 33.500000000000007 12.500000000000002 5.5000000000000009 0.82968937203783699 60.812500000000007 500.56250000000006 551.31250000000011 5.5000000000000009 1.0000000180025095e-35 394.31250000000006 4.5000000000000009 13.500000000000002 389.08125000000001 0.89495246814786289 18.537369791666674 8.5000000000000018
decision_type=2 2 2 2 2 2 2 2 2 2 2 2 2 2 2 2 2 2
left_child=11 3 4 9 6 7 -3 17 -5 -2 -11 13 -13 14 -1 -8 -12 -6
right_child=1 2 -4 8 5 -7 15 -9 -10 10 16 12 -14 -15 -16 -17 -18 -19
leaf_value=-15.343359545169397 -2.9330955369082186 -61.149301258848354 23.26018301995699 33.07958047637559 -29.70399965136005 -37.110689279039313 -11.555094919666027 -67.570549691883272 -17.01582458343313 -26.467790901018034 -18.438063969541457 20.961979547942928 -37.495143166268079 78.413964501489488 10.593779626284407 -18.572132093679002 2.2972064657150439 -3.2460754259623039
leaf_weight=3581 9253 2861 10193 68190 5709 3966 9105 2736 11033 3019 9826 7077 3221 145930 56201 3413 2549 1937
leaf_count=3581 9253 2861 10193 68190 5709 3966 9105 2736 11033 3019 9826 7077 3221 145930 56201 3413 2549 1937
internal_value=0.000591497 -0.000993267 -0.0043808 0.000308652 -0.00643011 -0.00890766 -0.00411866 -0.0066578 0.00127876 -0.00280957 -0.00426458 0.00164642 -0.000593648 0.00175855 0.00087825 -0.00278894 -0.00330609 -0.00464174
internal_weight=359800 143790 39920 103870 29727 14348 15379 10382 79223 24647 15394 216010 10298 205712 59782 12518 12375 7646
internal_count=359800 143790 39920 103870 29727 14348 15379 10382 79223 24647 15394 216010 10298 205712 59782 12518 12375 7646
is_linear=0
shrinkage=0.0229654


Tree=26
num_leaves=19
num_cat=0
split_feature=36 35 35 3 3 10 3 36 35 15 3 0 15 12 36 25 23 35
split_gain=3623.5 915.443 402.601 327.687 251.654 149.629 148.737 174.434 128.653 121.497 110.629 103.373 100.624 88.7999 77.8057 74.7728 69.55 66.9955
threshold=20095.500000000004 18844.500000000004 21470.500000000004 4.5000000000000009 4.5000000000000009 -0.5 5.5000000000000009 18336.000000000004 15369.500000000002 13.581250000000004 4.5000000000000009 12.500000000000002 11.431250000000002 19.006250000000005 23325.500000000004 13.713802083333334 5.6937499999999996 17704.500000000004
decision_type=2 2 2 2 2 2 2 2 2 2 2 2 2 2 2 2 2 2
left_child=1 3 8 9 12 6 -6 -8 -2 17 -10 -11 -3 -12 -4 -5 -13 -1
right_child=2 4 14 15 5 -7 7 -9 10 11 13 16 -14 -15 -16 -17 -18 -19
leaf_value=-20.856447205839011 -39.478220353932748 3.7706779091824436 11.851176770569058 -38.6596817434977 -21.898922226939455 -13.667331999964851 -43.024249878211712 -20.494357768546344 2.0892047935518065 -36.82640660566539 -13.550492725209805 26.522201469058896 -15.119437626438138 -49.437884897374964 64.544616751405613 -48.131541808315092 -38.380433901999417 -9.451390503867362
leaf_weight=3371 648 10297 47352 2023 6648 7408 3272 2872 35984 2479 7286 589 6575 1202 211552 5841 193 4208
leaf_count=3371 648 10297 47352 2023 6648 7408 3272 2872 35984 2479 7286 589 6575 1202 211552 5841 193 4208
internal_value=0.000605539 -0.00477515 0.00159268 -0.00891727 -0.00268533 -0.00441459 -0.00591873 -0.00849466 -0.000409224 -0.0063282 -0.000261196 -0.0100348 -0.00061497 -0.00261959 0.00194155 -0.0124861 -0.00275467 -0.00473338
internal_weight=359800 55776 304024 18704 37072 20200 12792 6144 45120 10840 44472 3261 16872 8488 258904 7864 782 7579
internal_count=359800 55776 304024 18704 37072 20200 12792 6144 45120 10840 44472 3261 16872 8488 258904 7864 782 7579
is_linear=0
shrinkage=0.0229654


Tree=27
num_leaves=19
num_cat=0
split_feature=37 37 37 23 37 37 37 37 35 37 35 35 32 5 35 35 30 35
split_gain=6836.76 940.173 632.837 145.22 114.96 90.5032 85.9513 63.3795 49.7461 44.6112 38.7407 34.3314 32.0311 30.2753 27.874 27.5193 32.5264 29.7143
threshold=18870.792390379229 21058.27068631602 17796.853298326216 -0.03749999999999875 19839.233453344215 18324.567058026765 23426.150605651444 17167.615452909533 24553.500000000004 19975.385879885547 15369.500000000002 29483.000000000004 1.0000000180025095e-35 1.0000000180025095e-35 19508.500000000004 21122.500000000004 827.85625000000016 15369.500000000002
decision_type=2 2 2 2 2 2 2 2 2 2 2 2 2 2 2 2 2 2
left_child=2 3 7 4 -2 13 8 -1 -3 15 -7 -10 -12 -4 -15 16 17 -5
right_child=1 6 5 9 -6 10 -8 -9 11 -11 12 -13 -14 14 -16 -17 -18 -19
leaf_value=-72.610193800515944 -8.5261294430272159 15.463522930751866 -32.480794401165767 -27.651603493409265 3.7939724064306528 -36.499386725395624 74.087544022845663 -38.460602969541469 -2.4532957229100418 -13.244101717880129 -28.143333087577844 -25.965773891655331 -22.553511385893419 -23.888581734982871 -37.497866497634135 -35.531036941937586 -45.507248190761231 -15.054383528082594
leaf_weight=4218 14100 53866 2582 167 18662 146 223420 5658 7063 8831 1131 196 8580 2499 2060 2959 493 3169
leaf_count=4218 14100 53866 2582 167 18662 146 223420 5658 7063 8831 1131 196 8580 2499 2060 2959 493 3169
internal_value=0.000619645 0.00151906 -0.0105227 -0.0014406 -0.000571857 -0.00783645 0.00202229 -0.0151461 0.0012592 -0.00326286 -0.00641014 -0.000525493 -0.0062336 -0.00980524 -0.00867991 -0.00466278 -0.00337734 -0.00256364
internal_weight=359800 332926 26874 48381 32762 16998 284545 9876 61125 15619 9857 7259 9711 7141 4559 6788 3829 3336
internal_count=359800 332926 26874 48381 32762 16998 284545 9876 61125 15619 9857 7259 9711 7141 4559 6788 3829 3336
is_linear=0
shrinkage=0.0229654


Tree=28
num_leaves=19
num_cat=0
split_feature=37 37 37 15 37 37 37 37 37 3 23 0 36 36 23 36 3 36
split_gain=6471.74 909.491 607.015 167.941 91.6278 87.5436 85.2656 63.8027 55.5808 49.7215 48.3675 48.1488 45.1677 42.9268 42.8466 38.2348 36.4265 26.4761
threshold=18870.792390379229 21058.27068631602 17796.853298326216 14.606250000000003 19643.101295160526 23478.941376416547 18324.567058026765 17167.615452909533 20167.682146005318 3.5000000000000004 0.75624999999999976 13.500000000000002 21066.500000000004 19330.500000000004 3.8000000000000016 23945.500000000004 3.5000000000000004 25499.500000000004
decision_type=2 2 2 2 2 2 2 2 2 2 2 2 2 2 2 2 2 2
left_child=2 3 7 4 14 10 9 -1 17 -4 -3 -6 -8 -11 -2 -10 -9 -5
right_child=1 5 6 8 11 -7 12 16 15 13 -12 -13 -14 -15 -16 -17 -18 -19
leaf_value=-70.942671007396527 -7.1523274949852755 17.23428128051231 -32.243672322315703 -21.254151411045651 5.2580005384394219 73.204480421472311 -21.387896499784173 -48.542706676557835 -6.478179952956987 -25.78954263329825 4.144848695483474 -7.3069649336620763 -48.830135479313022 -41.568496611751641 -32.933156075435775 -45.752183407146198 -35.9682946535913 -76.336924740565991
leaf_weight=4218 10134 39448 2011 7572 16370 221961 9251 586 5545 4053 23136 6869 606 1077 1153 622 5072 116
leaf_count=4218 10134 39448 2011 7572 16370 221961 9251 586 5545 4053 23136 6869 606 1077 1153 622 5072 116
internal_value=0.000643708 0.00151879 -0.0101971 -0.00139218 -0.000535057 0.00201374 -0.00756624 -0.0147252 -0.0035281 -0.00947721 0.00125513 0.000289452 -0.00618181 -0.0082774 -0.00223265 -0.00190404 -0.0131314 -0.00483086
internal_weight=359800 332926 26874 48381 34526 284545 16998 9876 13855 7141 62584 23239 9857 5130 11287 6167 5658 7688
internal_count=359800 332926 26874 48381 34526 284545 16998 9876 13855 7141 62584 23239 9857 5130 11287 6167 5658 7688
is_linear=0
shrinkage=0.0229654


Tree=29
num_leaves=19
num_cat=0
split_feature=37 37 37 15 37 8 15 37 37 8 37 37 35 35 5 37 13 37
split_gain=6157.14 875.673 595.585 156.867 90.2569 86.6641 84.4062 66.6544 63.4006 63.2804 50.2907 43.7147 39.087 36.5949 32.4876 31.3097 30.3711 40.4006
threshold=18870.792390379229 21058.27068631602 17796.853298326216 14.606250000000003 23634.054453938876 -0.19467261866128607 13.581250000000004 16946.789151764384 19574.565316963995 -0.5 20167.682146005318 18490.590301764427 29483.000000000004 21922.000000000004 1.0000000180025095e-35 19839.233453344215 15.031250000000004 17512.56116814318
decision_type=2 2 2 2 2 2 2 2 2 2 2 2 2 2 2 2 2 2
left_child=2 3 7 5 9 15 11 -1 -7 12 -5 -4 -3 -12 -9 -2 17 -16
right_child=1 4 6 10 -6 8 -8 14 -10 -11 13 -13 -14 -15 16 -17 -18 -19
leaf_value=-77.734989492606999 -21.477265407786806 3.3424845068185234 -23.901532090556547 -22.265744412164906 74.312611548519897 -6.1208833995448293 -32.458325595117103 -46.893881251919503 4.9560626040841633 17.112612173400642 -1.865569381486144 -16.637610258639793 -25.291192786762632 -26.763774877044757 -34.16548744039153 -7.3401014895410865 -41.275406041510017 -28.567948413766864
leaf_weight=2802 3169 20182 5890 7688 217685 8087 6487 897 17920 46459 3998 4621 219 2169 2651 5350 1941 1585
leaf_count=2802 3169 20182 5890 7688 217685 8087 6487 897 17920 46459 3998 4621 219 2169 2651 5350 1941 1585
internal_value=0.000666622 0.00152017 -0.00990741 -0.00133617 0.00200583 -0.000507785 -0.00730143 -0.0143927 0.000150736 0.0012678 -0.00340047 -0.00603009 0.000201613 -0.00185563 -0.0132053 -0.00251813 -0.0126122 -0.0137023
internal_weight=359800 332926 26874 48381 284545 34526 16998 9876 26007 66860 13855 10511 20401 6167 7074 8519 6177 4236
internal_count=359800 332926 26874 48381 284545 34526 16998 9876 26007 66860 13855 10511 20401 6167 7074 8519 6177 4236
is_linear=0
shrinkage=0.0229654


Tree=30
num_leaves=19
num_cat=0
split_feature=35 5 35 5 23 35 0 6 35 7 35 34 1 14 15 15 0 15
split_gain=2772.61 706.84 438.995 380.643 162.208 157.474 244.846 141.058 128.874 121.425 71.6546 74.9914 69.3385 104.044 64.0196 63.8386 66.4718 62.3081
threshold=19705.500000000004 1.0000000180025095e-35 23175.500000000004 1.0000000180025095e-35 0.19999999999999887 18204.500000000004 11.500000000000002 1.0000000180025095e-35 18599.500000000004 0.89495246814786289 15979.500000000002 0.39236111111111116 16.500000000000004 65.562500000000014 14.306250000000004 11.831250000000002 12.500000000000002 27.356250000000006
decision_type=2 2 2 2 2 2 2 2 2 2 2 2 2 2 2 2 2 2
left_child=1 5 3 -2 17 6 14 -8 9 10 -3 -12 13 -6 -1 -7 -17 -5
right_child=2 8 -4 4 12 15 7 -9 -10 -11 11 -13 -14 -15 -16 16 -18 -19
leaf_value=-19.324495669558775 9.1213260257486048 -83.513522810638264 53.109961550916395 -3.4512244824649323 -41.235642829160696 -0.12234891292625423 -7.1162742672957409 -55.116100547374238 -27.141243621122303 -34.893836394053672 -36.618304604224335 -80.533079675474198 7.7382006788285302 -20.908796613479886 -34.949539630617309 -16.767257989475091 -1.5040977629901944 -24.737943258696617
leaf_weight=4499 56312 840 228224 16887 4759 10403 6760 864 6928 2568 3925 451 1066 5387 1757 4687 3326 157
leaf_count=4499 56312 840 228224 16887 4759 10403 6760 864 6928 2568 3925 451 1066 5387 1757 4687 3326 157
internal_value=0.00068609 -0.00451423 0.00146762 5.42581e-05 -0.00212082 -0.00261355 -0.00446072 -0.00169771 -0.00868664 -0.0107144 -0.00870185 -0.00752254 -0.00426617 -0.00485157 -0.00782792 -0.00122135 -0.00276198 -0.000709551
internal_weight=359800 47008 312792 84568 28256 32296 13880 7624 14712 7784 5216 4376 11212 10146 6256 18416 8013 17044
internal_count=359800 47008 312792 84568 28256 32296 13880 7624 14712 7784 5216 4376 11212 10146 6256 18416 8013 17044
is_linear=0
shrinkage=0.0229654


Tree=31
num_leaves=19
num_cat=0
split_feature=37 37 37 15 37 16 15 8 37 37 37 36 35 35 35 5 37 36
split_gain=5591.58 838.674 568.47 149.701 98.7796 85.2292 84.4613 65.31 63.0484 58.5 44.9611 40.458 38.252 37.9633 37.8176 37.5065 37.1033 36.9503
threshold=18870.792390379229 21058.27068631602 17796.853298326216 14.606250000000003 23785.09947273909 60.062500000000007 13.581250000000004 -0.5 17167.615452909533 19643.101295160526 20167.682146005318 21066.500000000004 23929.500000000004 21001.500000000004 21922.000000000004 1.0000000180025095e-35 18490.590301764427 23945.500000000004
decision_type=2 2 2 2 2 2 2 2 2 2 2 2 2 2 2 2 2 2
left_child=2 3 8 5 7 9 11 12 -1 -2 -5 13 -3 16 -12 -10 -4 -16
right_child=1 4 6 10 -6 -7 -8 -9 15 -11 14 -13 -14 -15 17 -17 -18 -19
leaf_value=-66.801621423146557 -5.4707391627227473 10.233674292024558 -19.281575200387785 -21.635777206927177 74.477409870925385 -14.121199837003049 -31.350085242277103 16.789480282529137 -39.647360700306066 5.0102397635274194 -1.9258277916147104 -55.793786585295784 -9.7910844027646746 -37.794806244030248 -19.157840327329954 -33.336163631815715 -10.524573266033686 -56.594451309489131
leaf_weight=4218 9109 14778 5443 7688 213478 7809 6487 49231 788 17608 3998 290 7058 699 1982 4870 4079 187
leaf_count=4218 9109 14778 5443 7688 213478 7809 6487 49231 788 17608 3998 290 7058 699 1982 4870 4079 187
internal_value=0.000700834 0.00151423 -0.00937588 -0.00128111 0.00198952 -0.000471866 -0.00682991 0.00124791 -0.0137579 0.000145011 -0.0032977 -0.00555815 0.000202562 -0.00531815 -0.00183701 -0.0121735 -0.00493894 -0.00427862
internal_weight=359800 332926 26874 48381 284545 34526 16998 71067 9876 26717 13855 10511 21836 10221 6167 5658 9522 2169
internal_count=359800 332926 26874 48381 284545 34526 16998 71067 9876 26717 13855 10511 21836 10221 6167 5658 9522 2169
is_linear=0
shrinkage=0.0229654


Tree=32
num_leaves=19
num_cat=0
split_feature=36 35 35 3 3 36 35 3 15 15 15 10 3 7 1 20 3 36
split_gain=2705.79 653.556 349.794 202.745 177.305 146.629 121.203 98.3844 94.4884 90.8814 88.0344 83.8977 113.846 80.117 69.0535 68.2293 76.7271 65.9654
threshold=20095.500000000004 18505.500000000004 22023.500000000004 4.5000000000000009 4.5000000000000009 17982.500000000004 15369.500000000002 4.5000000000000009 11.706250000000002 13.518750000000002 14.306250000000004 -0.5 5.5000000000000009 0.94490267940017769 5.5000000000000009 3.5437499999999997 5.5000000000000009 23384.500000000004
decision_type=2 2 2 2 2 2 2 2 2 2 2 2 2 2 2 2 2 2
left_child=1 4 6 8 10 11 -2 -8 -3 -7 -1 12 -5 -6 -12 -9 -17 -4
right_child=2 3 17 5 13 9 7 15 -10 -11 14 -13 -14 -15 -16 16 -18 -19
leaf_value=-15.472656470464607 -34.230676039575123 2.3531042765563979 11.867766656763264 -29.264523490619958 -44.823637612335261 -6.9202261692147866 4.105281452540205 -8.749288707063366 -14.283661184492283 -31.514589527975858 -34.161233931968447 -22.624571057632306 -32.998249774377705 -34.517534863648848 -18.94995610546702 -53.804337281858878 -3.54774908621124 59.782004055250148
leaf_weight=6422 648 12005 40984 2424 4536 9646 44552 9856 6939 4474 1726 1888 3248 1848 620 739 693 206552
leaf_count=6422 648 12005 40984 2424 4536 9646 44552 9856 6939 4474 1726 1888 3248 1848 620 739 693 206552
internal_value=0.000722281 -0.00392737 0.0015753 -0.00240915 -0.00799788 -0.00392573 -5.53725e-05 5.92232e-05 -0.000673542 -0.00254376 -0.00587808 -0.00650687 -0.00790266 -0.0109093 -0.00968541 -0.00185587 -0.00654001 0.00194742
internal_weight=359800 55776 304024 40624 15152 21680 56488 55840 18944 14120 8768 7560 5672 6384 2346 11288 1432 247536
internal_count=359800 55776 304024 40624 15152 21680 56488 55840 18944 14120 8768 7560 5672 6384 2346 11288 1432 247536
is_linear=0
shrinkage=0.0229654


Tree=33
num_leaves=19
num_cat=0
split_feature=37 37 37 16 37 36 37 37 15 16 37 35 5 35 36 13 37 37
split_gain=5061.94 680.541 644.35 136.024 97.4366 94.4044 89.6996 88.7366 84.5077 52.2722 47.4 46.988 43.6485 43.1851 38.3156 35.6268 53.8103 35.2519
threshold=19091.612530663104 17921.267400100896 21283.356509582398 77.312500000000014 17350.890228859495 21066.500000000004 18569.208582105708 24026.812138910074 16.568750000000005 144.06250000000003 20040.008643446326 28984.500000000004 1.0000000180025095e-35 21573.500000000004 24629.500000000004 13.156250000000004 16571.864639373602 20040.008643446326
decision_type=2 2 2 2 2 2 2 2 2 2 2 2 2 2 2 2 2 2
left_child=1 4 3 8 15 6 -3 9 10 -4 -2 -11 -6 -5 -15 -1 -17 -10
right_child=2 5 7 13 12 -7 -8 -9 17 11 -12 -13 -14 14 -16 16 -18 -19
leaf_value=-44.313446764413989 -2.7171674044463341 -23.273050723650115 18.373456860117368 -10.293470823708009 -36.785130347858598 -46.295680920339407 -15.726842578909967 76.423512083083338 -14.308464488955559 7.2169077374258963 7.1775831733129003 -22.493567015576176 -30.830737509920567 -23.125096961168992 -64.581742708199414 -80.934495404448128 -39.120199177742521 -5.1649423422426874
leaf_weight=2587 12293 9432 45578 7555 1056 1252 9210 206456 2181 26475 17438 403 4616 6527 276 1059 1958 3448
leaf_count=2587 12293 9432 45578 7555 1056 1252 9210 206456 2181 26475 17438 403 4616 6527 276 1059 1958 3448
internal_value=0.00073211 -0.00811268 0.00157102 -0.000837541 -0.01262 -0.00555792 -0.00514794 0.00200037 -7.20916e-05 0.0013089 0.000416422 0.000505653 -0.010498 -0.00272264 -0.00404992 -0.0147677 -0.0130721 -0.0026523
internal_weight=359800 31170 328630 49718 11276 19894 18642 278912 35360 72456 29731 26878 5672 14358 6803 5604 3017 5629
internal_count=359800 31170 328630 49718 11276 19894 18642 278912 35360 72456 29731 26878 5672 14358 6803 5604 3017 5629
is_linear=0
shrinkage=0.0229654


Tree=34
num_leaves=19
num_cat=0
split_feature=10 0 5 0 0 15 10 9 0 0 17 15 0 12 29 0 15 25
split_gain=843.243 875.662 1034.14 250.782 184.033 304.359 121.742 105.775 98.9339 77.0015 76.0525 69.0002 64.4853 62.7189 62.7698 88.5691 78.7289 63.8608
threshold=1.0000000180025095e-35 33.500000000000007 1.0000000180025095e-35 6.5000000000000009 12.500000000000002 14.681250000000004 -0.5 0.68301270189221941 22.500000000000004 5.5000000000000009 36.187500000000007 9.4812500000000028 5.5000000000000009 20.506250000000005 1.0000000180025095e-35 15.500000000000002 11.106250000000003 20.338281250000005
decision_type=2 2 2 2 2 2 2 2 2 2 2 2 2 2 2 2 2 2
left_child=1 2 4 -4 5 9 13 12 -6 -1 -10 -11 -7 14 -5 16 -16 -17
right_child=-2 -3 3 6 8 7 -8 -9 10 11 -12 -13 -14 -15 15 17 -18 -19
leaf_value=5.6051218856499503 36.112334283608014 37.224792211869797 -2.7388357302885002 -13.545756261218305 25.468107915395233 -20.380410339608236 -25.878945441558365 -2.5853580876249906 -21.692781109867703 -0.92816097875336734 4.2296713947196105 -12.546845654343249 -33.731820444686598 -59.054722557182693 -14.034206387170912 -30.888854759006808 -31.898612049645962 -42.917874150725503
leaf_weight=11609 174704 57840 6584 2531 27600 1664 8856 1249 5843 9508 24517 6998 2092 2496 3734 9190 2030 755
leaf_count=11609 174704 57840 6584 2531 27600 1664 8856 1249 5843 9508 24517 6998 2092 2496 3734 9190 2030 755
internal_value=0.000749791 -0.000330332 -0.00139526 -0.00468018 -9.05201e-05 -0.00145614 -0.0055821 -0.00667396 0.000689834 -0.000527269 -0.000214828 -0.0015352 -0.00859919 -0.00654474 -0.00607752 -0.00661829 -0.00888336 -0.00530548
internal_weight=359800 185096 127256 36176 91080 33120 29592 5005 57960 28115 30360 16506 3756 20736 18240 15709 5764 9945
internal_count=359800 185096 127256 36176 91080 33120 29592 5005 57960 28115 30360 16506 3756 20736 18240 15709 5764 9945
is_linear=0
shrinkage=0.0229654


Tree=35
num_leaves=19
num_cat=0
split_feature=37 37 37 15 37 36 37 37 16 3 37 8 36 37 37 20 15 3
split_gain=4661.63 633.093 632.789 146.409 95.4762 90.2919 78.7733 76.2563 62.4991 58.0027 47.0085 45.6923 42.2005 42.0337 36.7416 51.3099 31.5681 30.7187
threshold=19091.612530663104 21568.319413839254 17921.267400100896 13.918750000000003 17350.890228859495 21066.500000000004 18569.208582105708 24122.371129755611 60.062500000000007 3.5000000000000004 20167.682146005318 -0.5 23945.500000000004 19911.45470056358 16571.864639373602 1.0000000180025095e-35 13.581250000000004 4.5000000000000009
decision_type=2 2 2 2 2 2 2 2 2 2 2 2 2 2 2 2 2 2
left_child=2 3 4 8 14 6 16 11 13 -6 -5 -3 -12 -2 -1 -16 -4 -7
right_child=1 7 5 10 9 17 -8 -9 -10 -11 12 -13 -14 -15 15 -17 -18 -19
leaf_value=-77.424300744847329 -2.2540636742312072 5.850207100746621 -18.819900761192841 -17.92135660441301 -36.322015662160823 -54.943776290219049 -15.045548012238674 76.082894381441861 -9.2532647255945051 -29.677373987345849 -4.2697767525295021 18.446613208548015 -33.96868875116354 7.9296295971778541 -34.14696323574411 -43.007219450328016 -26.458476028329162 -42.187749962827901
leaf_weight=1402 9326 21588 5913 7375 773 631 9210 203606 8834 4899 10122 46624 1400 19755 2510 1692 3519 621
leaf_count=1402 9326 21588 5913 7375 773 631 9210 203606 8834 4899 10122 46624 1400 19755 2510 1692 3519 621
internal_value=0.000753876 0.00155893 -0.00773397 -0.000645887 -0.0120803 -0.00527048 -0.00486952 0.00201976 0.00017717 -0.00997975 -0.00229727 0.00135519 -0.00138087 0.000691071 -0.0142063 -0.0131321 -0.00634471 -0.0112406
internal_weight=359800 328630 31170 56812 11276 19894 18642 271818 37915 5672 18897 68212 11522 29081 5604 4202 9432 1252
internal_count=359800 328630 31170 56812 11276 19894 18642 271818 37915 5672 18897 68212 11522 29081 5604 4202 9432 1252
is_linear=0
shrinkage=0.0229654


Tree=36
num_leaves=19
num_cat=0
split_feature=36 35 35 15 3 16 36 3 6 7 15 15 10 3 3 35 3 16
split_gain=2270.77 534.993 337.712 184.768 145.697 126.07 112.822 106.306 114.988 83.617 81.9361 78.9429 73.566 70.4685 65.5524 109.142 80.5124 64.8101
threshold=20095.500000000004 18505.500000000004 22775.500000000004 13.256250000000003 5.5000000000000009 343.56250000000006 17718.500000000004 3.5000000000000004 1.0000000180025095e-35 0.94490267940017769 14.306250000000004 15.956250000000004 0.25000000000000017 5.5000000000000009 5.5000000000000009 19152.500000000004 4.5000000000000009 333.31250000000006
decision_type=2 2 2 2 2 2 2 2 2 2 2 2 2 2 2 2 2 2
left_child=1 4 5 6 10 11 13 8 -7 -6 -1 -2 -5 -3 15 -9 -17 -4
right_child=2 3 17 12 9 7 -8 14 -10 -11 -12 -13 -14 -15 -16 16 -18 -19
leaf_value=-16.682197820352677 8.0506790165667912 -12.247289250043677 53.004790183224024 -26.854543807664481 -35.192206074980021 3.2129602157097952 -1.5559682924290841 -72.557469139228942 -59.953375772727469 -33.586595458480581 -31.289899745959659 -5.6012600570015287 -1.6318394486292698 -22.659978858681441 -18.480414317341836 -5.7242722206951191 -37.85805843749678 11.983536800150329
leaf_weight=7456 41769 3236 206387 10459 3432 10935 22588 450 791 1400 2864 12583 1863 2478 2324 1624 1436 25725
leaf_count=7456 41769 3236 206387 10459 3432 10935 22588 450 791 1400 2864 12583 1863 2478 2324 1624 1436 25725
internal_value=0.000773535 -0.00348599 0.00155498 -0.00211236 -0.00716881 0.00017986 -0.00109041 -0.00151185 -0.000251472 -0.0104599 -0.00562786 0.000726415 -0.00445964 -0.00397333 -0.00404512 -0.00602597 -0.004473 0.00198102
internal_weight=359800 55776 304024 40624 15152 71912 28302 17560 11726 4832 10320 54352 12322 5714 5834 3510 3060 232112
internal_count=359800 55776 304024 40624 15152 71912 28302 17560 11726 4832 10320 54352 12322 5714 5834 3510 3060 232112
is_linear=0
shrinkage=0.0229654


Tree=37
num_leaves=19
num_cat=0
split_feature=36 35 35 15 3 16 36 15 7 15 3 3 10 16 29 10 36 3
split_gain=2158.92 502.693 332.547 169.969 138.956 123.236 107.951 99.9943 77.8243 77.7802 75.5375 67.6046 66.5603 64.8959 60.7936 78.8554 49.1136 48.9914
threshold=20095.500000000004 18505.500000000004 22775.500000000004 13.406250000000004 5.5000000000000009 589.18750000000011 17718.500000000004 16.306250000000006 0.94490267940017769 14.306250000000004 3.5000000000000004 4.5000000000000009 0.25000000000000017 333.31250000000006 1.0000000180025095e-35 -0.5 22096.500000000004 2.5000000000000004
decision_type=2 2 2 2 2 2 2 2 2 2 2 2 2 2 2 2 2 2
left_child=1 4 5 6 9 7 11 -2 -6 -1 -7 -3 -5 -4 -13 -16 -9 -8
right_child=2 3 13 12 8 10 17 16 -10 -11 -12 14 -14 -15 15 -17 -18 -19
leaf_value=-16.299084325556226 6.9221948371470274 1.7948719070223189 51.787513501414544 -26.724563379907053 -34.384002671317369 -12.464590632477911 5.1440743135825127 -14.536127956300055 -32.815265559208235 -30.571314402913263 -38.522755818822013 -3.6807301674179005 -1.7966404310019242 11.708329977106487 -29.489462127889333 -9.9890737970757417 -0.94164201198543851 -5.5682316162352299
leaf_weight=7456 50691 1500 206387 10163 3432 4150 6819 5861 1400 2864 1610 1005 1826 25725 2359 926 9600 16026
leaf_count=7456 50691 1500 206387 10163 3432 4150 6819 5861 1400 2864 1610 1005 1826 25725 2359 926 9600 16026
internal_value=0.0007863 -0.00336699 0.00154826 -0.00203548 -0.00693691 0.000183693 -0.00107429 0.000464224 -0.010151 -0.00543203 -0.00303813 -0.00387516 -0.00433123 0.00197102 -0.00534254 -0.00685467 -0.0011525 -0.000364411
internal_weight=359800 55776 304024 40624 15152 71912 28635 66152 4832 10320 5760 5790 11989 232112 4290 3285 15461 22845
internal_count=359800 55776 304024 40624 15152 71912 28635 66152 4832 10320 5760 5790 11989 232112 4290 3285 15461 22845
is_linear=0
shrinkage=0.0229654


Tree=38
num_leaves=19
num_cat=0
split_feature=37 37 37 15 37 23 3 37 37 35 37 37 35 35 3 8 31 22
split_gain=4049.23 594.253 563.731 132.78 112.392 79.7274 66.6841 63.8321 57.4396 57.2178 53.7657 52.6908 49.7851 47.9446 34.4234 33.4563 32.9578 36.741
threshold=19161.366179972218 17921.267400100896 21971.225937209423 13.918750000000003 16946.789151764384 -1.1624999999999992 3.5000000000000004 24265.547663062582 20233.521183156357 22890.500000000004 20653.821205249511 18645.06207268274 15369.500000000002 28984.500000000004 3.5000000000000004 -0.19467261866128607 333.81250000000006 10.08190104166667
decision_type=2 2 2 2 2 2 2 2 2 2 2 2 2 2 2 2 2 2
left_child=1 4 3 8 -1 11 -6 13 15 10 -5 14 -7 -4 -3 -2 17 -14
right_child=2 5 7 9 6 12 -8 -9 -10 -11 -12 -13 16 -15 -16 -17 -18 -19
leaf_value=-67.169937188997324 -13.186915383058166 -18.273972590094136 17.028072871231124 -11.700420473906687 -38.193192778244324 -29.493497813586607 -28.44534314480363 75.105050122267969 7.1549627195035832 -27.147986672699592 0.75928214958804119 -8.2399944334653981 -36.168453365914829 -17.275255243215732 -10.372959310944745 -0.75802126911191647 -34.11671815212096 -27.324100855016173
leaf_weight=2802 3564 3171 61729 9230 957 262 7517 199455 27988 4399 8370 6004 839 644 3276 11844 246 7503
leaf_count=2802 3564 3171 61729 9230 957 262 7517 199455 27988 4399 8370 6004 839 644 3276 11844 246 7503
internal_value=0.000794279 -0.00692713 0.00156299 -0.000344332 -0.0111902 -0.00467038 -0.00987182 0.00203937 0.000392459 -0.00179775 -0.00121221 -0.00348585 -0.0063369 0.00139815 -0.00492757 -0.000733617 -0.00603604 -0.00579173
internal_weight=359800 32577 327223 65395 11276 21301 8474 261828 43396 21999 17600 12451 8850 62373 6447 15408 8588 8342
internal_count=359800 32577 327223 65395 11276 21301 8474 261828 43396 21999 17600 12451 8850 62373 6447 15408 8588 8342
is_linear=0
shrinkage=0.0229654


Tree=39
num_leaves=19
num_cat=0
split_feature=35 16 35 35 35 0 35 15 15 16 9 30 15 10 16 29 30 27
split_gain=1820.55 293.142 252.661 138.954 107.474 130.846 90.1167 84.4209 77.166 61.8074 55.3371 60.8807 53.4584 51.9185 43.7834 43.6105 39.493 37.6775
threshold=20217.500000000004 368.06250000000006 18505.500000000004 24146.500000000004 15369.500000000002 12.500000000000002 22407.500000000004 12.281250000000004 11.706250000000002 482.06250000000006 -0.6830127018922193 273.96875000000006 14.606250000000003 -0.9330127018922193 1.0000000180025095e-35 194.22500000000005 936.95625000000007 -2.0090959821428576
decision_type=2 2 2 2 2 2 2 2 2 2 2 2 2 2 2 2 2 2
left_child=2 3 4 12 13 7 -3 -6 14 16 11 -9 -2 -1 -4 17 -7 -10
right_child=1 6 8 -5 5 9 -8 10 15 -11 -12 -13 -14 -15 -16 -17 -18 -19
leaf_value=-0.52102713503210329 11.277174437271064 -19.343273010421722 0.2263196923152701 63.601056547929808 -12.366635583527744 -3.7358725534931696 4.1220815017025654 -30.593405785170926 -17.305326726187928 -42.644030995567867 -23.209039293253898 -23.115737759607022 0.37709274354990252 -34.737646572121434 -12.211404890758555 -5.5307048556142826 -60.698452605599293 -16.132472541363832
leaf_weight=208 54833 11187 13175 187213 7044 5843 25078 1853 3461 4511 2455 584 22857 1208 5780 4187 254 8069
leaf_count=208 54833 11187 13175 187213 7044 5843 25078 1853 3461 4511 2455 584 22857 1208 5780 4187 254 8069
internal_value=0.000812598 0.00153339 -0.00288979 0.00179849 -0.00470331 -0.00431783 -0.000403074 -0.00596723 -0.00163656 -0.00246194 -0.00828482 -0.0107364 0.000981994 -0.0108405 -0.00065001 -0.00282637 -0.000954098 -0.00355536
internal_weight=359800 301168 58632 264903 23960 22544 36265 11936 34672 10608 4892 2437 77690 1416 18955 15717 6097 11530
internal_count=359800 301168 58632 264903 23960 22544 36265 11936 34672 10608 4892 2437 77690 1416 18955 15717 6097 11530
is_linear=0
shrinkage=0.0229654


Tree=40
num_leaves=19
num_cat=0
split_feature=36 35 35 5 5 8 14 35 35 30 6 7 36 8 32 23 5 36
split_gain=1890.36 432.102 262.08 153.961 153.173 122.014 115.808 95.1623 81.7735 65.0356 63.2381 56.5026 56.023 57.1225 52.9224 52.3474 51.1819 49.6416
threshold=20407.500000000004 18759.500000000004 23117.500000000004 1.0000000180025095e-35 1.0000000180025095e-35 -0.32075123873380501 56.562500000000007 22188.500000000004 15369.500000000002 900.14375000000007 1.0000000180025095e-35 0.94490267940017769 25384.500000000004 -0.19467261866128607 526.15000000000009 6.5000000000000036 1.0000000180025095e-35 19330.500000000004
decision_type=2 2 2 2 2 2 2 2 2 2 2 2 2 2 2 2 2 2
left_child=1 3 6 10 -3 7 9 15 -8 -2 -1 14 13 -4 -5 -6 -10 -12
right_child=2 4 12 11 5 -7 8 -9 16 -11 17 -13 -14 -15 -16 -17 -18 -19
leaf_value=-15.490582799331499 -15.313275189731931 -0.8883181759275337 6.9503518710082774 -25.097015297073693 -32.506833120122579 -6.5335789599779908 -34.453132392127998 -12.869354359279493 8.1590808110239568 -48.885050807398834 -22.103038284650133 -26.542174947964003 80.508664449646986 29.385346666765287 -71.526451245866099 -40.049984889074139 -3.2700249948544902 -10.58969223202536
leaf_weight=10584 8090 21024 26744 4963 5970 12104 274 4160 50625 773 416 2248 161912 34696 541 726 13750 200
leaf_count=10584 8090 21024 26744 4963 5970 12104 274 4160 50625 773 416 2248 161912 34696 541 726 13750 200
internal_value=0.000820385 -0.00279492 0.00158684 -0.00569385 -0.00154582 -0.00284267 0.00039744 -0.00461043 0.00073494 -0.00206437 -0.00397179 -0.00818187 0.00197831 0.00138787 -0.00692884 -0.0063052 0.000788226 -0.0111248
internal_weight=359800 62936 296864 18952 43984 22960 73512 10856 64649 8863 11200 7752 223352 61440 5504 6696 64375 616
internal_count=359800 62936 296864 18952 43984 22960 73512 10856 64649 8863 11200 7752 223352 61440 5504 6696 64375 616
is_linear=0
shrinkage=0.0229654


Tree=41
num_leaves=19
num_cat=0
split_feature=32 0 3 23 6 16 0 15 14 16 0 3 21 3 0 14 34 11
split_gain=569.81 622.699 626.79 211.29 146.704 141.408 141.302 239.099 114.75 98.0032 105.267 98.8702 72.5629 66.5828 131.952 88.5708 80.9678 65.3443
threshold=4.3500000000000032 34.500000000000007 4.5000000000000009 -3.5375000000000001 1.0000000180025095e-35 624.93750000000011 12.500000000000002 16.481250000000006 56.562500000000007 347.06250000000006 14.500000000000002 4.5000000000000009 12.781380208333337 5.5000000000000009 14.500000000000002 66.062500000000014 0.44097222222222227 132.00000000000003
decision_type=2 2 2 2 2 2 2 2 2 2 2 2 2 2 2 2 2 2
left_child=9 2 4 -4 6 13 7 -2 -8 10 -1 -11 -6 15 -15 -5 -16 -7
right_child=1 -3 3 5 12 17 8 -9 -10 11 -12 -13 -14 14 16 -17 -18 -19
leaf_value=7.6714250745811592 -2.9947483414225835 33.804269960167026 0.2898870913437161 -38.843194319988356 -3.9038949394015461 -61.526966598734099 -11.882434050852213 -28.655781318425774 18.708840188772594 17.793682103240016 73.01438897922732 -30.752373517765353 -32.181523757236818 -23.769699929114726 -19.546104692782531 -9.095100766131015 -43.362279698769115 -37.777590867580088
leaf_weight=61321 23720 44013 5494 3131 857 1668 10087 2138 37648 9573 134463 3955 1255 3611 6925 8199 713 1029
leaf_count=61321 23720 44013 5494 3131 857 1668 10087 2138 37648 9573 134463 3955 1255 3611 6925 8199 713 1029
internal_value=0.000828299 -0.000249542 -0.00119933 -0.00396316 -7.59901e-05 -0.00485039 9.52719e-05 -0.00127199 0.000835915 0.00160323 0.00173385 -0.000287237 -0.00604364 -0.00425672 -0.00550831 -0.00301408 -0.0037981 -0.00982054
internal_weight=359800 150488 106475 30770 75705 25276 73593 25858 47735 209312 195784 13528 2112 22579 11249 11330 7638 2697
internal_count=359800 150488 106475 30770 75705 25276 73593 25858 47735 209312 195784 13528 2112 22579 11249 11330 7638 2697
is_linear=0
shrinkage=0.0229654


Tree=42
num_leaves=19
num_cat=0
split_feature=10 0 3 23 16 0 15 16 30 3 0 10 13 27 15 0 22 0
split_gain=649.928 692.124 758.599 207.273 147.554 125.206 221.954 121.309 81.9765 61.3492 105.051 64.3614 68.4421 63.5801 60.4663 57.7833 66.4843 53.5224
threshold=1.0000000180025095e-35 34.500000000000007 4.5000000000000009 -3.5375000000000001 582.06250000000011 12.500000000000002 14.306250000000004 540.56250000000011 371.05625000000003 5.5000000000000009 22.500000000000004 -0.5 13.856250000000003 2.2797619047619055 15.168750000000003 14.500000000000002 14.673914930555558 5.5000000000000009
decision_type=2 2 2 2 2 2 2 2 2 2 2 2 2 2 2 2 2 2
left_child=1 2 5 -4 9 6 17 -7 -8 13 11 12 -11 -5 -13 16 -2 -1
right_child=15 -3 3 4 -6 7 8 -9 -10 10 -12 14 -14 -15 -16 -17 -18 -19
leaf_value=5.4246422834828731 10.429096292417505 34.608017975573524 -0.039271879348825901 -11.971163307669048 -47.218836896272634 17.595576606850965 -25.364277221862178 -11.462480652510916 -4.7023354948939566 -28.940946487240929 -16.764263175309082 -9.8430271589710454 -17.492381375405184 -40.2153180907967 -27.078908093727879 79.816128073403874 -27.805509712976878 -4.5597892748950759
leaf_weight=11345 50802 53984 6336 10859 4028 47455 3427 13265 2142 3741 4468 2261 2014 2725 840 123744 158 16206
leaf_count=11345 50802 53984 6336 10859 4028 47455 3427 13265 2142 3741 4468 2261 2014 2725 840 123744 158 16206
internal_value=0.000828236 -0.000120028 -0.00102114 -0.00379294 -0.00456799 7.97819e-05 -0.00105605 0.000699326 -0.00523763 -0.00395434 -0.00506156 -0.00650998 -0.00794711 -0.00286831 -0.00384287 0.00183291 0.00118207 -0.000210807
internal_weight=359800 185096 131112 37272 30936 93840 33120 60720 5569 26908 13324 8856 5755 13584 3101 174704 50960 27551
internal_count=359800 185096 131112 37272 30936 93840 33120 60720 5569 26908 13324 8856 5755 13584 3101 174704 50960 27551
is_linear=0
shrinkage=0.0229654


Tree=43
num_leaves=19
num_cat=0
split_feature=37 37 37 15 37 36 3 37 37 23 37 36 37 37 4 19 23 36
split_gain=3343.98 526.017 488.84 128.311 121.286 97.948 88.8809 76.7199 62.316 55.6185 41.8254 38.7773 38.0391 37.0226 35.0906 34.9081 34.3522 32.791
threshold=19298.943765421787 17921.267400100896 22316.583991142463 16.393750000000008 16571.864639373602 21004.500000000004 3.5000000000000004 18569.208582105708 24463.435101368646 -1.0000000180025095e-35 17350.890228859495 25161.500000000004 20355.288483892313 20884.631928884504 5.5000000000000009 1.0000000180025095e-35 -1.4125000000000003 23945.500000000004
decision_type=2 2 2 2 2 2 2 2 2 2 2 2 2 2 2 2 2 2
left_child=1 4 3 9 -1 7 -6 -3 -4 12 15 -7 -2 17 -11 -8 -9 -5
right_child=2 5 8 13 6 11 10 16 -10 14 -12 -13 -14 -15 -16 -17 -18 -19
leaf_value=-67.938044142718596 -0.5864717657887899 -18.649826635215092 16.541411787048421 -12.14585622827507 -36.802970077667524 -33.858513101875445 -34.177389486779184 -6.0667981907333699 73.494484905880967 -11.688634261655571 -24.858751910095901 -64.076544849981872 9.4683515288102207 -6.9630219112131577 1.3826110935841764 -28.169106601875001 -18.531706295983792 -49.164696735665231
leaf_weight=1402 13519 9401 59519 6717 1089 1599 1551 7903 193695 6886 4899 207 25471 8218 9716 2335 5087 586
leaf_count=1402 13519 9401 59519 6717 1089 1599 1551 7903 193695 6886 4899 207 25471 8218 9716 2335 5087 586
internal_value=0.000833087 -0.00586141 0.00156529 -0.000117131 -0.00995806 -0.00395234 -0.00906057 -0.00353738 0.00203779 0.000398317 -0.00829343 -0.00909715 0.00087232 -0.00196333 -0.000714885 -0.0100726 -0.00239378 -0.00315314
internal_weight=359800 35473 324327 71113 11276 24197 9874 22391 253214 55592 8785 1806 38990 15521 16602 3886 12990 7303
internal_count=359800 35473 324327 71113 11276 24197 9874 22391 253214 55592 8785 1806 38990 15521 16602 3886 12990 7303
is_linear=0
shrinkage=0.0229654


Tree=44
num_leaves=19
num_cat=0
split_feature=37 37 37 37 8 36 3 37 37 37 37 37 13 36 3 4 36 36
split_gain=3180.31 519.043 457.603 121.774 113.525 96.6283 88.6802 77.9725 59.3187 54.4241 40.7666 38.3436 42.9053 32.8303 31.362 29.7257 27.8057 23.7394
threshold=19367.681914178898 17921.267400100896 22853.533310929546 16571.864639373602 -0.19467261866128607 21534.500000000004 3.5000000000000004 18569.208582105708 20103.978074904768 21113.0901851915 24666.114697563502 17350.890228859495 14.056250000000004 21757.500000000004 4.5000000000000009 6.5000000000000009 21368.500000000004 20158.000000000004
decision_type=2 2 2 2 2 2 2 2 2 2 2 2 2 2 2 2 2 2
left_child=1 3 4 -1 9 7 -5 -3 13 16 -4 12 -8 -6 -7 -16 -2 -9
right_child=2 5 10 6 8 14 11 17 -10 -11 -12 -13 -14 -15 15 -17 -18 -19
leaf_value=-66.377819177072922 -9.0084126172456305 -18.573960772661156 19.956439848185564 -35.957774819993297 -1.8852674682526274 -53.184194640057967 -28.0210101008023 -9.4855834237121979 7.009083560930887 -1.4848461915329076 75.752205815095039 -24.287860506989784 -32.133885010448253 -13.98402686835591 -37.740945573603383 8.4961198416460135 -23.230774995374134 -21.242531826487671
leaf_weight=1402 7433 9558 51314 1089 10229 745 2376 12378 43377 17063 187896 4899 1510 690 393 178 4944 2326
leaf_count=1402 7433 9558 51314 1089 10229 745 2376 12378 43377 17063 187896 4899 1510 690 393 178 4944 2326
internal_value=0.000845725 -0.00554575 0.00157511 -0.00965052 0.000113982 -0.00373617 -0.00875123 -0.00340742 0.000736639 -0.00103438 0.00208658 -0.00798496 -0.00968849 -0.00077631 -0.00979695 -0.00574738 -0.00219375 -0.00235777
internal_weight=359800 36854 322946 11276 83736 25578 9874 24262 54296 29440 239210 8785 3886 10919 1316 571 12377 14704
internal_count=359800 36854 322946 11276 83736 25578 9874 24262 54296 29440 239210 8785 3886 10919 1316 571 12377 14704
is_linear=0
shrinkage=0.0229654


Tree=45
num_leaves=19
num_cat=0
split_feature=10 0 3 23 16 0 14 18 7 6 21 7 0 3 11 14 6 16
split_gain=576.249 619.759 631.198 183 129.411 104.48 141.957 115.053 62.5534 67.7557 60.593 56.2819 56.1347 53.5174 51.5201 46.3495 40.2439 38.4953
threshold=1.0000000180025095e-35 34.500000000000007 4.5000000000000009 -3.5375000000000001 582.06250000000011 12.500000000000002 55.312500000000007 1.0000000180025095e-35 0.75023006073889154 1.0000000180025095e-35 7.8048177083333341 0.94490267940017769 5.5000000000000009 5.5000000000000009 108.00000000000001 82.687500000000014 1.0000000180025095e-35 660.68750000000011
decision_type=2 2 2 2 2 2 2 2 2 2 2 2 2 2 2 2 2 2
left_child=1 2 5 -4 11 7 16 -1 -2 -10 -11 15 -9 -13 17 -5 -7 -6
right_child=8 -3 3 4 14 6 -8 12 9 10 -12 13 -14 -15 -16 -17 -18 -19
leaf_value=0.97891693858058304 48.939018689450627 32.995961991653431 0.61211508640679835 -24.488110539710544 -36.950614394660256 -11.120474419370986 16.121762024095514 -3.9899827156419931 10.037511997182728 -0.72339165629926583 -23.834572872058356 -12.413201264577635 -14.644544800827841 -22.904083990211806 -35.712648203474139 -5.980450789326035 -62.245105963585679 -59.437201991329388
leaf_weight=19716 134664 53984 6336 17111 1060 11452 48817 5535 39336 407 297 2399 7869 2380 1990 5018 451 978
leaf_count=19716 134664 53984 6336 17111 1060 11452 48817 5535 39336 407 297 2399 7869 2380 1990 5018 451 978
internal_value=0.000858107 -3.479e-05 -0.000887494 -0.00341585 -0.00414411 0.000116736 0.000682684 -0.000920835 0.00180412 0.00100717 -0.00605452 -0.00356942 -0.00256245 -0.00582953 -0.00798316 -0.00308132 -0.00156608 -0.0105497
internal_weight=359800 185096 131112 37272 30936 93840 60720 33120 174704 40040 704 26908 13404 4779 4028 22129 11903 2038
internal_count=359800 185096 131112 37272 30936 93840 60720 33120 174704 40040 704 26908 13404 4779 4028 22129 11903 2038
is_linear=0
shrinkage=0.0229654


Tree=46
num_leaves=19
num_cat=0
split_feature=36 35 35 15 15 36 15 35 36 36 16 29 34 13 15 35 7 12
split_gain=1487.96 329.765 260.529 178.628 122.171 82.7377 72.0711 66.1631 54.4042 48.7198 46.6583 45.5148 55.6468 43.3026 45.6283 40.5631 40.5008 66.3705
threshold=20407.500000000004 18411.500000000004 24266.500000000004 13.581250000000004 15.506250000000003 17718.500000000004 16.306250000000006 19443.500000000004 15401.000000000002 24337.500000000004 433.81250000000006 1.0000000180025095e-35 0.27430555555555564 1.3437500000000004 22.856250000000006 15369.500000000002 0.65793410509763428 20.231250000000006
decision_type=2 2 2 2 2 2 2 2 2 2 2 2 2 2 2 2 2 2
left_child=1 6 4 5 7 11 8 -2 -1 -4 15 -3 -13 -5 -15 -6 17 -8
right_child=2 3 9 13 10 -7 16 -9 -10 -11 -12 12 -14 14 -16 -17 -18 -19
leaf_value=-30.505568116666488 -5.2334532088883359 5.7158579217397723 15.518138136575519 4.2747610121914184 -25.789787669272791 0.086887337592492633 -17.411563042013782 11.289190502098863 -15.814132402448324 69.335145686527753 -24.151227306049424 -11.569409751723411 -30.164676179459686 -19.041951764447326 -37.138138876449091 -1.09055185202348 -31.168625340922297 -63.465460357466959
leaf_weight=468 10030 1473 28320 1047 113 27968 1123 61305 11824 169168 5564 3762 847 11682 1061 22364 1266 415
leaf_count=468 10030 1473 28320 1047 113 27968 1123 61305 11824 169168 5564 3762 847 11682 1061 22364 1266 415
internal_value=0.000859958 -0.00234755 0.00153996 -0.00141374 0.000580883 -0.000520684 -0.00530687 0.00108573 -0.00454899 0.00202257 -0.000703434 -0.00294827 -0.00407139 -0.00361884 -0.00398772 -0.000237348 -0.00862923 -0.0061251
internal_weight=359800 62936 296864 47840 99376 34050 15096 71335 12292 197488 28041 6082 4609 13790 12743 22477 2804 1538
internal_count=359800 62936 296864 47840 99376 34050 15096 71335 12292 197488 28041 6082 4609 13790 12743 22477 2804 1538
is_linear=0
shrinkage=0.0229654


Tree=47
num_leaves=19
num_cat=0
split_feature=37 37 37 37 8 36 3 37 37 23 37 37 36 37 3 36 36 26
split_gain=2827.89 479.852 437.494 137.933 99.1845 87.3083 75.0404 52.4725 49.3259 47.3759 38.9106 36.2783 34.5951 32.7674 30.2407 29.506 27.8137 27.3323
threshold=19435.448731896166 18139.320379618603 23064.113950574578 16946.789151764384 -0.19467261866128607 21534.500000000004 3.5000000000000004 20233.521183156357 21227.09264132009 -3.8124999999999982 25077.503310491455 18720.140559651762 19330.500000000004 17512.56116814318 4.5000000000000009 21816.500000000004 21368.500000000004 18.537369791666674
decision_type=2 2 2 2 2 2 2 2 2 2 2 2 2 2 2 2 2 2
left_child=1 3 4 -1 8 9 -5 15 16 -3 -4 -11 13 17 -7 -6 -2 -8
right_child=2 5 10 6 7 14 12 -9 -10 11 -12 -13 -14 -15 -16 -17 -18 -19
leaf_value=-58.067085394433207 -7.593043625152621 -2.1447111164496944 21.77473013163457 -30.911152439573769 -1.1848560924632483 -44.621098974440557 -23.206053146744377 7.096603830356143 -0.7566255260564303 -16.637815446733526 80.864007705263802 -11.854989710585956 -30.271080246559531 -17.877306714906553 -30.085246856577907 -12.446892346542702 -21.039588894575708 -19.847663195650526
leaf_weight=2802 7597 4319 56809 1699 11019 755 2926 44663 18595 7925 176670 10507 1339 4801 564 856 5329 625
leaf_count=2802 7597 4319 56809 1699 11019 755 2926 44663 18595 7925 176670 10507 1339 4801 564 856 5329 625
internal_value=0.000859831 -0.00504228 0.00156216 -0.00839163 0.000182792 -0.00306746 -0.00726868 0.000758283 -0.000849445 -0.00273443 0.00208241 -0.00324172 -0.00648818 -0.00593878 -0.00881182 -0.000598551 -0.00193907 -0.00761137
internal_weight=359800 38262 321538 14192 88059 24070 11390 56538 31521 22751 233479 18432 9691 8352 1319 11875 12926 3551
internal_count=359800 38262 321538 14192 88059 24070 11390 56538 31521 22751 233479 18432 9691 8352 1319 11875 12926 3551
is_linear=0
shrinkage=0.0229654


Tree=48
num_leaves=19
num_cat=0
split_feature=37 37 37 37 15 36 3 15 37 37 15 16 36 10 36 36 10 16
split_gain=2712.59 502.561 395.166 135.008 115.381 80.2557 73.1912 49.6927 46.5264 39.1533 36.8499 36.2546 33.1619 30.9601 29.4977 29.458 27.4538 25.9867
threshold=19574.565316963995 18139.320379618603 23115.241805573642 16946.789151764384 14.606250000000003 21534.500000000004 3.5000000000000004 10.268750000000002 21283.356509582398 25077.503310491455 15.168750000000003 94.437500000000014 23945.500000000004 -0.68301270189221952 17070.500000000004 25161.500000000004 1.0000000180025095e-35 210.31250000000003
decision_type=2 2 2 2 2 2 2 2 2 2 2 2 2 2 2 2 2 2
left_child=1 3 4 -1 11 7 13 -3 12 -4 14 -2 -6 -5 -8 -7 -12 -16
right_child=2 5 9 6 8 15 10 -9 -10 -11 16 -13 -14 -15 17 -17 -18 -19
leaf_value=-56.733551032973601 7.0461959605072026 -5.5534158573334453 21.66126255145366 -18.940371617266276 -8.1683368206093352 -29.525960474060501 -22.758114918051518 -15.175635219774776 -1.0727315966028141 79.006932700589317 -30.818978325035925 -0.67401769422832758 -39.281732630168165 -35.757201107824976 -9.761531632450243 -57.761922959513875 -31.932812838597791 -27.598793213739803
leaf_weight=2802 43073 10464 55399 744 10568 1429 2160 14824 15416 176670 2455 16440 1084 955 3579 241 146 1351
leaf_count=2802 43073 10464 55399 744 10568 1429 2160 14824 15416 176670 2455 16440 1084 955 3579 241 146 1351
internal_value=0.000868767 -0.00468014 0.00158534 -0.00817803 0.000261296 -0.00283869 -0.00706705 -0.00251668 -0.000981808 0.00207933 -0.00629623 0.00082669 -0.00207698 -0.0114638 -0.00543849 -0.00771473 -0.00863432 -0.00445799
internal_weight=359800 41150 318650 14192 86581 26958 11390 25288 27068 232069 9691 59513 11652 1699 7090 1670 2601 4930
internal_count=359800 41150 318650 14192 86581 26958 11390 25288 27068 232069 9691 59513 11652 1699 7090 1670 2601 4930
is_linear=0
shrinkage=0.0229654


Tree=49
num_leaves=19
num_cat=0
split_feature=37 37 37 37 15 36 3 35 37 35 35 37 35 37 37 14 4 35
split_gain=2587.91 430.916 427.756 124.453 114.549 79.5086 71.9901 52.3983 49.2434 42.805 42.3818 41.2586 49.8792 40.6449 39.0326 37.0019 52.3221 34.1561
threshold=19435.448731896166 18139.320379618603 23115.241805573642 16946.789151764384 14.606250000000003 21534.500000000004 3.5000000000000004 21001.500000000004 21283.356509582398 29483.000000000004 22407.500000000004 25077.503310491455 28882.500000000004 18645.06207268274 20355.288483892313 85.687500000000014 8.5000000000000018 20093.500000000004
decision_type=2 2 2 2 2 2 2 2 2 2 2 2 2 2 2 2 2 2
left_child=1 3 4 -1 14 7 -5 13 10 -10 -6 12 -4 -3 -2 16 17 -8
right_child=2 5 11 6 8 -7 15 -9 9 -11 -12 -13 -14 -15 -16 -17 -18 -19
leaf_value=-55.430641833447197 -1.392791923095225 -13.068332704490315 22.360127030398566 -29.583236715681895 -6.5193937072366461 -33.11676254876906 -23.198582208038864 -25.044302576869189 -0.37835262933548885 -29.266323315158299 -27.871155011192361 77.192506182810959 -20.070386308369436 -6.6283428535651501 8.2446769157789923 -11.081962428020125 -27.722155087808698 -29.851554084933728
leaf_weight=2802 14193 7328 54327 1699 9517 1319 5469 3087 15318 98 2970 176670 1072 12336 47373 2638 353 1231
leaf_count=2802 14193 7328 54327 1699 9517 1319 5469 3087 15318 98 2970 176670 1072 12336 47373 2638 353 1231
internal_value=0.000879936 -0.00476618 0.00155181 -0.00794015 0.000202756 -0.00289477 -0.00687349 -0.00257696 -0.00101786 -0.000149567 -0.00208982 0.0020719 0.00152507 -0.00214028 0.000755964 -0.00610902 -0.00697689 -0.00652286
internal_weight=359800 38262 321538 14192 89469 24070 11390 22751 27903 15416 12487 232069 55399 19664 61566 9691 7053 6700
internal_count=359800 38262 321538 14192 89469 24070 11390 22751 27903 15416 12487 232069 55399 19664 61566 9691 7053 6700
is_linear=0
shrinkage=0.0229654


Tree=50
num_leaves=19
num_cat=0
split_feature=37 37 37 37 15 3 23 15 8 37 15 15 10 6 16 37 37 37
split_gain=2463.16 444.319 386.493 115.762 103.685 70.7059 69.8235 54.4489 46.9367 40.6911 37.4745 33.7349 29.4739 29.2807 32.0749 28.5386 27.9772 27.5852
threshold=19574.565316963995 18139.320379618603 23167.259587382465 16946.789151764384 13.193750000000003 3.5000000000000004 -1.1624999999999992 17.756250000000005 -0.065263096110025884 25357.176074945422 17.656250000000004 28.068750000000005 -0.68301270189221952 1.0000000180025095e-35 641.31250000000011 20355.288483892313 18645.06207268274 20103.978074904768
decision_type=2 2 2 2 2 2 2 2 2 2 2 2 2 2 2 2 2 2
left_child=1 3 4 -1 15 12 7 16 -6 -4 -7 17 -5 14 -8 -2 -3 -10
right_child=2 6 9 5 8 10 13 -9 11 -11 -12 -13 -14 -15 -16 -17 -18 -19
leaf_value=-54.157654476486655 -0.57344047899430028 -9.3551149312281758 22.223727074226932 -17.826007109138224 -12.13963458376357 -18.699652844654516 -17.869676867151359 -20.886881870537994 -6.2083844665024941 81.379738512689102 -29.537765939560561 -16.985460066458977 -34.256631233539224 -26.450758515403116 -26.034713030198567 9.1850003874669408 -3.1605578865487511 2.790825359332656
leaf_weight=2802 10739 4625 61074 744 17293 8153 9150 979 2214 169590 1538 281 955 570 1221 42043 10413 15416
leaf_count=2802 10739 4625 61074 744 17293 8153 9150 979 2214 169590 1538 281 955 570 1221 42043 10413 15416
internal_value=0.000892128 -0.00439552 0.00157497 -0.00768448 0.000279962 -0.00665573 -0.00266405 -0.00169807 -0.000685361 0.00206894 -0.00589811 0.000138605 -0.0109772 -0.00407819 -0.00379967 0.000923803 -0.00135642 0.000264434
internal_weight=359800 41150 318650 14192 87986 11390 26958 16017 35204 230664 9691 17911 1699 10941 10371 52782 15038 17630
internal_count=359800 41150 318650 14192 87986 11390 26958 16017 35204 230664 9691 17911 1699 10941 10371 52782 15038 17630
is_linear=0
shrinkage=0.0229654


Tree=51
num_leaves=19
num_cat=0
split_feature=37 37 37 37 15 3 15 23 37 35 15 8 35 37 35 15 8 4
split_gain=2355.19 419.035 382.902 106.198 99.0282 72.1619 67.684 52.917 43.955 49.4394 43.5555 43.1844 40.548 35.4823 31.2586 31.1655 27.4345 26.9311
threshold=19574.565316963995 18139.320379618603 23115.241805573642 16571.864639373602 13.193750000000003 3.5000000000000004 15.806250000000004 4.2500000000000036 25132.462338645339 28882.500000000004 12.843750000000004 -0.065263096110025884 23594.500000000004 17796.853298326216 20459.500000000004 28.068750000000005 -0.32075123873380501 9.5000000000000018
decision_type=2 2 2 2 2 2 2 2 2 2 2 2 2 2 2 2 2 2
left_child=1 3 4 -1 16 13 7 -3 9 -4 14 12 -6 -5 -7 -13 -2 -12
right_child=2 6 8 5 11 10 -8 -9 -10 -11 17 15 -14 -15 -16 -17 -18 -19
leaf_value=-57.938642658144666 0.16775463751031769 -6.5656833332481153 21.563383165221818 -35.849075401300993 -6.5755770420288089 -14.65779534252902 -21.715632729831984 -25.025637038126455 74.775468579013221 -19.881745271830056 -26.787499818483209 0.91405983852436401 -23.35343722162839 -24.330863183751521 -32.901114846738551 -16.699789830470316 7.4350353051155551 -29.078679909161107
leaf_weight=1402 13790 18835 55679 811 11733 5768 6043 2080 175268 1122 4712 17330 5262 1020 274 275 38191 205
leaf_count=1402 13790 18835 55679 811 11733 5768 6043 2080 175268 1122 4712 17330 5262 1020 274 275 38191 205
internal_value=0.000903298 -0.00426716 0.001571 -0.00746117 0.000267662 -0.00680343 -0.00258567 -0.00196713 0.00205726 0.00150206 -0.00609833 -0.000684316 -0.00151008 -0.0110236 -0.00479225 0.000112838 0.000901324 -0.00770324
internal_weight=359800 41150 318650 14192 86581 12790 26958 20915 232069 56801 10959 34600 16995 1831 6042 17605 51981 4917
internal_count=359800 41150 318650 14192 86581 12790 26958 20915 232069 56801 10959 34600 16995 1831 6042 17605 51981 4917
is_linear=0
shrinkage=0.0229654


Tree=52
num_leaves=19
num_cat=0
split_feature=37 37 37 37 36 35 37 35 36 37 35 36 35 36 14 4 29 34
split_gain=2265.77 455.475 326.476 102.651 74.097 60.8848 57.647 82.2837 55.0193 50.7143 41.3006 41.0734 40.7049 38.59 38.3846 38.6342 28.5941 28.5047
threshold=19839.233453344215 18139.320379618603 23979.48748262435 16571.864639373602 21640.500000000004 29483.000000000004 21453.201029702428 22711.500000000004 21587.500000000004 18720.140559651762 21573.500000000004 22322.500000000004 24617.500000000004 22676.500000000004 86.562500000000014 8.5000000000000018 236.60625000000002 1.0000000180025095e-35
decision_type=2 2 2 2 2 2 2 2 2 2 2 2 2 2 2 2 2 2
left_child=1 3 5 -1 9 6 7 13 14 -3 -11 -9 -8 -2 15 17 -6 -5
right_child=2 4 -4 8 16 -7 12 11 -10 10 -12 -13 -14 -15 -16 -17 -18 -19
leaf_value=-56.608058036648046 3.3946695457993226 -13.759406778880159 55.003552540438328 -26.654849063135238 -25.494545803019314 -24.100955488788955 11.787651221290293 -10.538780525406183 -58.616526749133655 -4.6736853773902505 -23.860400674753976 -25.390996916715796 -2.4514450385229303 -9.230475142258598 -11.277231723982659 -24.864812335821124 -40.999048526350677 -19.472321784690354
leaf_weight=1402 28024 9437 207886 3226 1812 350 55940 4418 429 18201 2672 941 10438 4976 3045 592 513 5498
leaf_count=1402 28024 9437 207886 3226 1812 350 55940 4418 429 18201 2672 941 10438 4976 3045 592 513 5498
internal_value=0.000911468 -0.00380001 0.0016164 -0.00723462 -0.00230639 0.000573157 0.000605112 -0.000103634 -0.00658797 -0.00200332 -0.00137168 -0.00274308 0.00101469 0.000324995 -0.00630736 -0.00703901 -0.00625746 -0.00665376
internal_weight=359800 46827 312973 14192 32635 105087 104737 38359 12790 30310 20873 5359 66378 33000 12361 9316 2325 8724
internal_count=359800 46827 312973 14192 32635 105087 104737 38359 12790 30310 20873 5359 66378 33000 12361 9316 2325 8724
is_linear=0
shrinkage=0.0229654


Tree=53
num_leaves=19
num_cat=0
split_feature=36 35 35 16 16 3 3 35 3 35 3 6 35 6 35 18 34 36
split_gain=1113.59 239.195 219.01 110.137 106.821 92.3898 81.1144 60.0241 55.7112 49.2915 116.222 46.5169 44.5821 42.5824 42.2186 41.7614 39.4858 41.9528
threshold=20586.500000000004 25310.500000000004 18411.500000000004 309.56250000000006 1.0000000180025095e-35 2.5000000000000004 3.5000000000000004 21242.000000000004 2.5000000000000004 19374.500000000004 5.5000000000000009 1.0000000180025095e-35 15369.500000000002 1.0000000180025095e-35 20822.500000000004 0.21375000000000008 0.39930555555555564 18703.500000000004
decision_type=2 2 2 2 2 2 2 2 2 2 2 2 2 2 2 2 2 2
left_child=2 3 8 12 14 -6 11 -7 13 10 -8 -5 -2 -1 15 -4 -10 -18
right_child=1 -3 4 6 5 7 9 -9 16 -11 -12 -13 -14 -15 -16 -17 17 -19
leaf_value=-9.6417518841371557 -28.851078097426658 58.771665710105587 -1.3901552911776647 6.3859517221635507 10.864805385919546 -20.281961893878762 -49.979393421169178 -11.493958421514069 -19.189077954188718 -13.446156759904213 -5.5994174830094829 -43.696924925540308 9.5988733164931936 -11.320970433252313 8.2649608741526581 -10.617495653062551 -55.337378298537992 19.382919572478606
leaf_weight=7416 106 171992 17429 19666 3706 8838 522 10158 7099 8482 675 1002 90051 472 9166 2519 407 94
leaf_count=7416 106 171992 17429 19666 3706 8838 522 10158 7099 8482 675 1002 90051 472 9166 2519 407 94
internal_value=0.000917914 0.00153078 -0.00174554 0.000746189 -0.00102931 -0.00221015 -0.000450499 -0.00285726 -0.00414172 -0.0021855 -0.00654812 0.000362015 0.001149 -0.00278974 -0.00010854 -0.00070135 -0.00554494 -0.0117761
internal_weight=359800 292496 67304 120504 51816 22702 30347 18996 15488 9679 1197 20668 90157 7888 29114 19948 7600 501
internal_count=359800 292496 67304 120504 51816 22702 30347 18996 15488 9679 1197 20668 90157 7888 29114 19948 7600 501
is_linear=0
shrinkage=0.0229654


Tree=54
num_leaves=19
num_cat=0
split_feature=36 35 35 8 3 16 35 3 3 4 35 3 35 18 14 36 8 36
split_gain=1075.27 228.144 216.335 111.118 103.759 98.2827 70.6359 67.5775 55.2357 51.6437 47.3506 97.8524 42.1784 39.0214 37.9726 37.2894 30.2545 30.1254
threshold=20822.500000000004 18411.500000000004 25310.500000000004 -0.44134171618254459 3.5000000000000004 309.56250000000006 20761.500000000004 3.5000000000000004 2.5000000000000004 8.5000000000000018 19374.500000000004 5.5000000000000009 15369.500000000002 0.038125000000000013 89.937500000000014 25499.500000000004 -0.065263096110025884 26390.500000000004
decision_type=2 2 2 2 2 2 2 2 2 2 2 2 2 2 2 2 2 2
left_child=1 8 5 4 -3 12 13 -7 -1 -6 11 -9 -2 -5 -15 16 -4 -13
right_child=2 3 15 6 9 7 -8 10 -10 -11 -12 17 -14 14 -16 -17 -18 -19
leaf_value=-10.120002424851208 -28.188501290846254 11.516325515591211 7.3171042500838395 -1.4924150264211347 -23.22495901498208 3.5511210576928818 6.7200223122809222 -46.237111515524617 -22.222502357820691 9.2350092144409341 -12.445095416959933 10.723510865122321 10.133157847370471 -10.99755232682111 0.17769449293170003 79.337610964702975 33.533000533048288 -84.410002416790107
leaf_weight=8232 106 3736 15200 17067 11872 20239 15120 506 7688 1312 8014 558 85859 5373 2512 142536 13808 62
leaf_count=8232 106 3736 15200 17067 11872 20239 15120 506 7688 1312 8014 558 85859 5373 2512 142536 13808 62
internal_value=0.000919319 -0.00157103 0.00155224 -0.000892069 -0.00245263 0.000783154 -0.000233138 -0.000363566 -0.00400164 -0.00340997 -0.00200256 -0.00641237 0.00117505 -0.000983706 -0.00231984 0.00206936 0.0013188 -0.000296328
internal_weight=359800 72912 286888 56992 16920 115344 40072 29379 15920 13184 9140 1126 85965 24952 7885 171544 29008 620
internal_count=359800 72912 286888 56992 16920 115344 40072 29379 15920 13184 9140 1126 85965 24952 7885 171544 29008 620
is_linear=0
shrinkage=0.0229654


Tree=55
num_leaves=19
num_cat=0
split_feature=37 37 37 37 15 8 15 15 23 6 4 26 15 37 24 10 23 19
split_gain=2039.4 423.244 316.995 96.1118 84.8018 83.7744 66.6241 49.096 46.4841 45.5552 35.9746 33.0358 30.7805 26.0329 26.9681 24.2437 24.0448 23.775
threshold=19975.385879885547 18139.320379618603 24076.029809611711 16571.864639373602 15.881250000000003 -0.19467261866128607 15.306250000000004 19.706250000000008 -0.92499999999999793 1.0000000180025095e-35 5.5000000000000009 6.9141927083333341 27.356250000000006 21568.319413839254 -4.9750000000000005 1.0000000180025095e-35 -2.8999999999999977 4.6250000000000018
decision_type=2 2 2 2 2 2 2 2 2 2 2 2 2 2 2 2 2 2
left_child=1 3 5 -1 8 7 9 10 -3 16 11 -2 -7 14 -13 -8 -5 -9
right_child=2 4 -4 6 -6 12 15 17 -10 -11 -12 13 -14 -15 -16 -17 -18 -19
leaf_value=-53.526836459260537 -35.779187118141188 -3.2642292480228239 53.507676800770511 -5.8961437051109735 -19.248771616025145 7.4469659014215264 -27.130763571042575 -13.492641563616001 -15.258631427710425 -43.390451799772812 6.5749457195518382 -25.676371693010349 -12.86882284442502 1.6842178374709353 -10.7106224102934 -29.011873885598789 -18.465933924049228 -27.552555622869942
leaf_weight=1402 531 19437 205052 1946 7919 63500 3748 4738 8125 433 22517 111 452 7842 4296 183 6480 1088
leaf_count=1402 531 19437 205052 1946 7919 63500 3748 4738 8125 433 22517 111 452 7842 4296 183 6480 1088
internal_value=0.000918042 -0.00340216 0.00161001 -0.00675402 -0.00206146 0.000584326 -0.0061283 -0.000224332 -0.00145965 -0.00502419 9.80505e-05 -0.000875129 0.00110432 -0.000632022 -0.00204432 -0.00861656 -0.00465086 -0.0021775
internal_weight=359800 49673 310127 14192 35481 105075 12790 41123 27562 8859 35297 12780 63952 12249 4407 3931 8426 5826
internal_count=359800 49673 310127 14192 35481 105075 12790 41123 27562 8859 35297 12780 63952 12249 4407 3931 8426 5826
is_linear=0
shrinkage=0.0229654


Tree=56
num_leaves=19
num_cat=0
split_feature=37 37 37 37 8 14 26 14 37 37 33 10 5 10 34 30 4 26
split_gain=1960.29 425.869 295.151 96.0383 81.3394 52.6186 49.3079 45.6631 41.3495 35.8737 33.9211 34.7611 25.6963 24.8808 23.5453 24.3036 20.4333 33.7432
threshold=20103.978074904768 18139.320379618603 24218.596483362879 16571.864639373602 -0.19467261866128607 55.812500000000007 10.361328125000002 86.562500000000014 18797.470132382845 21738.779508258558 0.086805555555555566 -0.24999999999999994 1.0000000180025095e-35 -0.68301270189221952 1.0000000180025095e-35 160.35625000000002 4.5000000000000009 6.9141927083333341
decision_type=2 2 2 2 2 2 2 2 2 2 2 2 2 2 2 2 2 2
left_child=1 3 4 -1 6 -3 16 10 -7 -8 11 12 13 -5 -14 -16 17 -2
right_child=2 5 -4 7 -6 8 9 -9 -10 -11 -12 -13 14 -15 15 -17 -18 -19
leaf_value=-52.297570771241411 -34.041214194343709 -23.133500454794522 54.317182986258523 -19.326258427719889 7.7479049476437734 -11.830544539839956 -6.4328317101311976 -9.9404888410049903 -5.3482107386217281 7.831728520986295 -52.524193606638022 -24.483060942224192 -24.518972952883086 -34.13249738160107 -20.03031188569047 -4.5989976368469652 3.2958383410814016 -15.327627190480037
leaf_weight=1402 995 3719 200833 773 64219 10239 10820 3045 24357 23951 141 608 2564 694 4019 946 1872 4603
leaf_count=1402 995 3719 200833 773 64219 10239 10820 3045 24357 23951 141 608 2564 694 4019 946 1872 4603
internal_value=0.000923148 -0.00317768 0.00162386 -0.00657602 0.000646293 -0.00191893 -0.000136408 -0.00595054 -0.00163989 0.00022727 -0.00671759 -0.00655341 -0.00619423 -0.00897483 -0.00565244 -0.00472953 -0.00182924 -0.00252382
internal_weight=359800 52507 307293 14192 106460 38315 42241 12790 34596 34771 9745 9604 8996 1467 7529 4965 7470 5598
internal_count=359800 52507 307293 14192 106460 38315 42241 12790 34596 34771 9745 9604 8996 1467 7529 4965 7470 5598
is_linear=0
shrinkage=0.0229654


Tree=57
num_leaves=19
num_cat=0
split_feature=36 35 15 35 15 36 22 3 16 7 35 36 30 15 3 35 3 36
split_gain=951.758 219.255 203.629 127.93 99.8712 68.5523 64.7015 62.5785 58.516 55.9595 55.067 40.4733 39.4619 39.4197 35.9967 47.7819 95.2782 34.9452
threshold=20822.500000000004 25373.500000000004 13.918750000000003 17955.000000000004 16.656250000000004 17409.500000000004 13.787890625000001 4.5000000000000009 309.56250000000006 0.55438071450436044 27408.000000000004 25161.500000000004 0.94999999999999585 17.393750000000008 3.5000000000000004 19374.500000000004 5.5000000000000009 15401.000000000002
decision_type=2 2 2 2 2 2 2 2 2 2 2 2 2 2 2 2 2 2
left_child=2 4 3 17 8 -5 10 -6 -2 12 -4 -3 -8 -11 -10 16 -16 -1
right_child=1 11 6 5 7 -7 9 -9 14 13 -12 -13 -14 -15 15 -17 -18 -19
leaf_value=-26.714847307959577 13.046471029219218 17.582848343893154 -9.0321061855309406 -12.117921357866432 1.2338919782899513 0.86461038404093504 -49.369628071976948 -13.491528077781595 6.7724595156688414 -17.236066432866142 -50.083077398530484 72.544807944864644 -17.094925012862571 -25.601070984091688 -44.574302615199109 -5.365489318169236 7.1572342722602738 -11.71694319522587
leaf_weight=246 68020 24456 9770 5590 20354 38955 826 7165 15041 2740 164 145760 5930 1201 350 5313 429 7490
leaf_count=246 68020 24456 9770 5590 20354 38955 826 7165 15041 2740 164 145760 5930 1201 350 5313 429 7490
internal_value=0.000930042 0.0015255 -0.00141291 -0.000650513 0.000758651 -0.000177093 -0.00334491 -0.000450729 0.00113195 -0.00458428 -0.00201034 0.00205112 -0.00331564 -0.00675909 7.63957e-05 -0.00141291 -0.00672453 -0.00337653
internal_weight=359800 286888 72912 52281 116672 44545 20631 27519 89153 10697 9934 170216 6756 3941 21133 6092 779 7736
internal_count=359800 286888 72912 52281 116672 44545 20631 27519 89153 10697 9934 170216 6756 3941 21133 6092 779 7736
is_linear=0
shrinkage=0.0229654


Tree=58
num_leaves=19
num_cat=0
split_feature=37 37 37 37 35 15 15 15 37 35 23 36 36 36 36 34 9 11
split_gain=1822.03 385.455 298.417 95.7415 82.4824 81.2144 70.5703 68.3051 61.7449 47.8232 44.257 42.1877 39.9174 37.8756 29.8565 32.2733 31.2704 28.7796
threshold=20103.978074904768 18139.320379618603 24566.936554354073 16571.864639373602 29483.000000000004 15.106250000000003 13.018750000000004 16.031250000000004 22202.067321382412 22407.500000000004 -0.92499999999999793 25499.500000000004 24629.500000000004 21757.500000000004 16651.000000000004 1.0000000180025095e-35 0.25000000000000011 108.00000000000001
decision_type=2 2 2 2 2 2 2 2 2 2 2 2 2 2 2 2 2 2
left_child=1 3 4 -1 6 10 17 13 9 -8 -3 -7 -11 14 16 -16 -5 -2
right_child=2 5 -4 7 -6 11 8 -9 -10 12 -12 -13 -14 -15 15 -17 -18 -19
leaf_value=-50.131465560691602 13.39105745181419 -2.3981376279866038 57.091305425941123 -20.281279848317823 -24.409260081071356 -15.76461241440057 -0.71301469844781562 -25.942913846145512 6.6852798718322166 -11.126003311980055 -13.824903578354158 -62.28372761305782 -37.745208124578021 -57.386581557214342 -17.823349437182554 -8.2856826597166364 -30.24504529285403 4.9013319356939462
leaf_weight=1402 41139 20252 190776 1459 577 9831 13924 3364 29144 6032 8083 149 617 241 2894 4387 445 25084
leaf_count=1402 41139 20252 190776 1459 577 9831 13924 3364 29144 6032 8083 149 617 241 2894 4387 445 25084
internal_value=0.000929403 -0.00302416 0.00160495 -0.00625723 0.000689197 -0.00182662 0.000732302 -0.00563272 7.83884e-05 -0.000884882 -0.00119913 -0.00360819 -0.0024872 -0.00463011 -0.00439431 -0.00372474 -0.00695476 0.00122323
internal_weight=359800 52507 307293 14192 116517 38315 115940 12790 49717 20573 28335 9980 6649 9426 9185 7281 1904 66223
internal_count=359800 52507 307293 14192 116517 38315 115940 12790 49717 20573 28335 9980 6649 9426 9185 7281 1904 66223
is_linear=0
shrinkage=0.0229654


Tree=59
num_leaves=19
num_cat=0
split_feature=37 37 37 15 35 15 15 37 37 35 23 9 33 35 37 11 3 3
split_gain=1748.79 371.581 289.993 95.5985 80.6 79.0633 64.3697 58.3228 48.6089 43.6258 43.3394 30.9089 29.3883 28.4647 27.9788 26.9098 24.1197 23.4501
threshold=20167.682146005318 18139.320379618603 24566.936554354073 16.393750000000008 28882.500000000004 15.106250000000003 13.018750000000004 22202.067321382412 16946.789151764384 22407.500000000004 -0.92499999999999793 0.93301270189221952 0.086805555555555566 20459.500000000004 16571.864639373602 108.00000000000001 1.5000000000000002 5.5000000000000009
decision_type=2 2 2 2 2 2 2 2 2 2 2 2 2 2 2 2 2 2
left_child=1 3 4 8 6 10 15 9 17 -8 -3 -6 13 16 -5 -2 -10 -1
right_child=2 5 -4 14 11 -7 7 -9 12 -11 -12 -13 -14 -15 -16 -17 -18 -19
leaf_value=-35.154882428657253 13.320998676934829 -2.2281419817810848 55.780180250483731 -50.51951391731189 -12.74912258275392 -16.34002844533471 -0.57587351017128863 6.947620624892366 -25.814888752598076 -13.699766589913214 -13.209458318612304 -31.178368990286561 -52.176572186589794 -23.786063079971516 -25.325476396053446 5.0937838108573379 -11.862624156329968 -26.567136269761153
leaf_weight=625 40588 20917 190776 576 573 10362 13469 28915 765 6535 8413 336 80 531 3135 24724 7276 1204
leaf_count=625 40588 20917 190776 576 573 10362 13469 28915 765 6535 8413 336 80 531 3135 24724 7276 1204
internal_value=0.000933105 -0.0028818 0.00160506 -0.00607114 0.000694906 -0.00174144 0.000749109 0.000119195 -0.00494958 -0.000834166 -0.00113222 -0.00611653 -0.0042305 -0.0041012 -0.00923877 0.00122092 -0.00376112 -0.00835117
internal_weight=359800 53884 305916 14192 115140 39692 114231 48919 10481 20004 29330 909 8652 8572 3711 65312 8041 1829
internal_count=359800 53884 305916 14192 115140 39692 114231 48919 10481 20004 29330 909 8652 8572 3711 65312 8041 1829
is_linear=0
shrinkage=0.0229654


Tree=60
num_leaves=19
num_cat=0
split_feature=37 37 37 15 35 15 15 37 37 16 35 14 33 35 11 35 37 37
split_gain=1673.43 360.372 278.788 94.6847 77.735 73.2256 56.8291 55.0307 44.8634 41.2546 35.5163 33.6955 30.0245 29.2664 26.683 26.1892 25.1602 23.4999
threshold=20233.521183156357 18139.320379618603 24566.936554354073 16.393750000000008 27194.500000000004 15.106250000000003 13.018750000000004 22202.067321382412 16571.864639373602 191.93750000000003 22407.500000000004 79.062500000000014 0.086805555555555566 29483.000000000004 108.00000000000001 20459.500000000004 16571.864639373602 17350.890228859495
decision_type=2 2 2 2 2 2 2 2 2 2 2 2 2 2 2 2 2 2
left_child=1 3 4 8 6 9 14 10 -1 -3 -8 13 15 -6 -2 17 -5 -10
right_child=2 5 -4 16 11 -7 7 -9 12 -11 -12 -13 -14 -15 -16 -17 -18 -19
leaf_value=-43.16430464182627 13.643083869093799 -2.7872221177770524 54.499165600839184 -49.359312621253203 -22.170546475437497 -15.811963217577487 -0.34909638636148366 7.5833550889491939 -16.1156491555756 -16.41857682296655 -12.59638334034419 2.0425807118467039 -49.895995342954663 -26.861884911438349 5.4981687698191042 -23.231112641001985 -24.743866474269606 -11.518588052532179
leaf_weight=826 39496 24735 190776 576 1465 10752 13004 27857 3110 5697 6287 980 94 439 24120 552 3135 5899
leaf_count=826 39496 24735 190776 576 1465 10752 13004 27857 3110 5697 6287 980 94 439 24120 552 3135 5899
internal_value=0.000939871 -0.00273233 0.00160786 -0.00588828 0.000707424 -0.00164478 0.000804341 0.000200097 -0.0047721 -0.00106918 -0.000742736 -0.00301481 -0.00433262 -0.00479572 0.00125217 -0.00420564 -0.00904073 -0.00390812
internal_weight=359800 55376 304424 14192 113648 41184 110764 47148 10481 30432 19291 2884 9655 1904 63616 9561 3711 9009
internal_count=359800 55376 304424 14192 113648 41184 110764 47148 10481 30432 19291 2884 9655 1904 63616 9561 3711 9009
is_linear=0
shrinkage=0.0229654


Tree=61
num_leaves=19
num_cat=0
split_feature=36 35 15 35 15 36 36 6 36 16 36 35 35 16 10 36 35 16
split_gain=802.337 219.603 164.319 100.985 91.2934 54.3211 52.0734 49.6091 45.1005 42.2978 30.9462 30.6307 32.2784 29.5182 30.1439 29.2477 28.4022 28.0228
threshold=20822.500000000004 25373.500000000004 13.581250000000004 17955.000000000004 15.731250000000003 18535.500000000004 17409.500000000004 1.0000000180025095e-35 25499.500000000004 309.56250000000006 22376.500000000004 20943.500000000004 27194.500000000004 459.68750000000006 -0.68301270189221952 15401.000000000002 15369.500000000002 755.81250000000011
decision_type=2 2 2 2 2 2 2 2 2 2 2 2 2 2 2 2 2 2
left_child=2 4 3 15 7 -4 -5 9 -3 -2 -6 -7 -13 -9 -15 -1 -12 -8
right_child=1 8 5 6 10 11 17 13 -10 -11 16 12 -14 14 -16 -17 -18 -19
leaf_value=-23.421383402323162 13.343103173541772 16.569232674084933 -23.029263805521676 -10.143455222681848 -8.4753672569893759 -12.371298044136905 1.5499236749795873 -4.0392602469453207 70.184917695439665 2.5569939500126981 -16.801362333513961 -3.6837056697846999 -54.213462310815771 -10.457465459336881 -58.681228187904004 -10.312457126786304 1.1970012430501151 -21.665651243355676
leaf_weight=224 61906 28248 7424 5445 8186 8591 37577 2750 141968 18923 133 5853 194 177 119 7214 24478 390
leaf_count=224 61906 28248 7424 5445 8186 8591 37577 2750 141968 18923 133 5853 194 177 119 7214 24478 390
internal_value=0.000943956 0.00149068 -0.00120723 -0.000489116 0.00072322 -0.0028624 -6.54914e-05 0.00112493 0.00201672 0.00123335 -0.000304109 -0.00205085 -0.000798681 -0.00175219 -0.00864306 -0.00296161 0.000102738 0.000235721
internal_weight=359800 286888 72912 50850 116672 22062 43412 83875 170216 80829 32797 14638 6047 3046 296 7438 24611 37967
internal_count=359800 286888 72912 50850 116672 22062 43412 83875 170216 80829 32797 14638 6047 3046 296 7438 24611 37967
is_linear=0
shrinkage=0.0229654


Tree=62
num_leaves=19
num_cat=0
split_feature=37 37 37 15 35 36 15 36 37 37 36 35 36 35 35 14 34 11
split_gain=1562.86 324.512 283.015 91.5675 77.9396 65.1374 61.992 58.5851 51.0527 45.1571 39.8431 38.1173 36.5784 33.0619 29.3107 26.8827 26.4301 25.641
threshold=20233.521183156357 18139.320379618603 24768.647113330317 16.393750000000008 29483.000000000004 21640.500000000004 13.018750000000004 21816.500000000004 22202.067321382412 19161.366179972218 24629.500000000004 21001.500000000004 17070.500000000004 24939.500000000004 21573.500000000004 35.062500000000007 0.32986111111111116 108.00000000000001
decision_type=2 2 2 2 2 2 2 2 2 2 2 2 2 2 2 2 2 2
left_child=1 3 4 7 6 9 17 12 10 11 13 -3 15 -8 -11 -1 -9 -2
right_child=2 5 -4 -5 -6 -7 8 16 -10 14 -12 -13 -14 -15 -16 -17 -18 -19
leaf_value=-29.291093393370705 13.200671414653735 -7.8040336469670448 55.482560274149861 -36.04732788798426 -24.158731635373883 -22.216913254072495 -1.0031390369789122 -55.31074266319068 6.4853104281160139 -0.68726289114867734 -26.56605897842427 -21.423630603507387 -11.864539608280669 -24.67420302062693 -17.123876385307415 -19.054289599263672 -10.731730464751761 5.3242567598270387
leaf_weight=84 42087 15400 185048 3711 666 3843 16499 206 31584 16513 1895 2140 6901 1054 3288 3193 97 25591
leaf_count=84 42087 15400 185048 3711 666 3843 16499 206 31584 16513 1895 2140 6901 1054 3288 3193 97 25591
internal_value=0.000943382 -0.00260542 0.00158892 -0.00560025 0.000717111 -0.00157341 0.000761064 -0.00450259 0.000156697 -0.00128041 -0.000768977 -0.00212895 -0.00420634 -0.000427437 -0.000528758 -0.00620423 -0.0144538 0.00121678
internal_weight=359800 55376 304424 14192 119376 41184 118710 10481 51032 37341 19448 17540 10178 17553 19801 3277 303 67678
internal_count=359800 55376 304424 14192 119376 41184 118710 10481 51032 37341 19448 17540 10178 17553 19801 3277 303 67678
is_linear=0
shrinkage=0.0229654


Tree=63
num_leaves=19
num_cat=0
split_feature=37 37 37 37 15 15 15 36 36 23 23 32 36 28 13 37 37 36
split_gain=1502.28 362.676 232.145 93.1486 70.8334 68.888 58.0891 47.469 40.7241 40.2363 34.006 24.699 35.4099 23.6512 32.8549 26.5158 22.9833 24.0822
threshold=20653.821205249511 18324.567058026765 24820.000308201481 16571.864639373602 15.106250000000003 15.656250000000004 16.481250000000006 25499.500000000004 21816.500000000004 -1.0624999999999996 -1.0000000180025095e-35 103.6375 16377.500000000002 -0.69514558022622441 12.143750000000004 17512.56116814318 19435.448731896166 20224.500000000004
decision_type=2 2 2 2 2 2 2 2 2 2 2 2 2 2 2 2 2 2
left_child=1 3 6 -1 9 8 10 -6 11 -3 -2 13 -13 15 -15 -5 17 -11
right_child=2 4 -4 5 7 -7 -8 -9 -10 16 -12 12 -14 14 -16 -17 -18 -19
leaf_value=-45.634105166882719 12.287861388514685 -0.65527708555765918 55.032082605325705 -23.668822828733362 -12.32179957679452 -22.455875973460845 -0.89960650201508829 -59.632241805265423 -48.801354606485006 -10.672525938760286 5.2556748513982745 -23.395272069032067 -7.0652756806499415 -7.3124263397564659 -25.662067531769399 -13.163273022740775 -5.1292723573087837 -23.355143329316778
leaf_weight=1402 50671 24584 183635 464 12351 4325 26112 209 276 3538 34051 1059 6487 1583 561 860 6667 965
leaf_count=1402 50671 24584 183635 464 12351 4325 26112 209 276 3538 34051 1059 6487 1583 561 860 6667 965
internal_value=0.000945424 -0.00220507 0.0016444 -0.00508823 -0.00118958 -0.00457911 0.0008144 -0.0026732 -0.003635 -0.000668395 0.00110628 -0.00341666 -0.0026794 -0.00502087 -0.0035305 -0.00743427 -0.00181133 -0.00307888
internal_weight=359800 65331 294469 17017 48314 15615 110834 12560 11290 35754 84722 11014 7546 3468 2144 1324 11170 4503
internal_count=359800 65331 294469 17017 48314 15615 110834 12560 11290 35754 84722 11014 7546 3468 2144 1324 11170 4503
is_linear=0
shrinkage=0.0229654


Tree=64
num_leaves=19
num_cat=0
split_feature=37 37 37 15 35 15 36 23 36 37 16 35 16 9 16 23 35 37
split_gain=1440.91 344.057 228.064 89.7443 71.5707 69.6031 62.5613 48.3218 46.7103 40.9831 40.6687 40.3939 36.7878 27.9905 27.8414 25.9165 22.7155 21.634
threshold=20713.858809328627 18324.567058026765 25471.397217030095 16.393750000000008 28882.500000000004 15.506250000000003 21816.500000000004 -1.0000000180025095e-35 25499.500000000004 22689.98080292749 94.437500000000014 23475.500000000004 681.31250000000011 -0.93301270189221908 60.062500000000007 -3.0999999999999965 20881.500000000004 16571.864639373602
decision_type=2 2 2 2 2 2 2 2 2 2 2 2 2 2 2 2 2 2
left_child=1 3 4 6 7 10 12 -2 -7 11 -3 -9 15 -5 -6 -1 -14 -15
right_child=2 5 -4 13 14 8 -8 9 -10 -11 -12 -13 16 17 -16 -17 -18 -19
leaf_value=-3.1193719064605672 11.790357846814475 -1.0500528426285691 65.257947504058563 -5.2192813846309347 3.4519467444140748 -12.023117988604488 -47.19438889359467 2.0134799829010102 -58.287379535667746 10.215464501597356 -12.456779904579781 -12.284160054002291 -30.364212828237704 -45.821031849649849 -26.661929747704153 -13.943491035270535 -23.414330600471747 -22.75878523936176
leaf_weight=2503 66529 29606 166788 357 486 11769 352 14622 218 37896 8166 5485 900 576 1218 8853 115 3361
leaf_count=2503 66529 29606 166788 357 486 11769 352 14622 218 37896 8166 5485 900 576 1218 8853 115 3361
internal_value=0.000949126 -0.00209528 0.0016429 -0.00491414 0.000906457 -0.00113126 -0.00394526 0.000970422 -0.00265596 0.000485931 -0.000647399 -0.000352128 -0.00367361 -0.00778492 -0.00376827 -0.0032992 -0.00786254 -0.00834326
internal_weight=359800 66776 293024 17017 126236 49759 12723 124532 11987 58003 37772 20107 12371 4294 1704 11356 1015 3937
internal_count=359800 66776 293024 17017 126236 49759 12723 124532 11987 58003 37772 20107 12371 4294 1704 11356 1015 3937
is_linear=0
shrinkage=0.0229654


Tree=65
num_leaves=19
num_cat=0
split_feature=37 37 37 15 15 35 36 37 35 36 16 16 36 37 16 37 37 35
split_gain=1388.28 331.252 222.395 86.1833 68.0541 61.9825 60.7395 45.954 71.0945 43.8917 40.8123 34.8808 31.4829 36.424 28.7712 26.3549 24.7045 22.6773
threshold=20773.091153354329 18324.567058026765 25704.880355702509 16.393750000000008 15.806250000000004 28882.500000000004 21816.500000000004 22853.533310929546 23358.500000000004 25499.500000000004 94.437500000000014 720.93750000000011 22734.500000000004 21857.889420534932 67.062500000000014 17350.890228859495 17796.853298326216 26093.500000000004
decision_type=2 2 2 2 2 2 2 2 2 2 2 2 2 2 2 2 2 2
left_child=1 3 5 6 10 7 11 8 -2 17 -3 15 -10 -14 -7 -1 -5 -6
right_child=2 4 -4 16 9 14 -8 -9 12 -11 -12 -13 13 -15 -16 -17 -18 -19
leaf_value=-15.443729419474534 6.2121265277537532 -0.95821908617126217 68.966939634239836 -38.629573384551769 -11.212905891360055 3.7377140519909582 -46.110550453449207 15.640265919594492 -2.4826812306485317 -56.924169476625444 -12.137473521958137 -29.487581372523973 -25.187753818828483 -10.809152476685448 -25.444458470222642 -9.7771318376418304 -17.998374657523698 -36.646572382806816
leaf_weight=3390 42080 30843 161124 2619 11331 639 352 76227 6682 219 8735 666 749 2702 1376 8315 1675 76
leaf_count=3390 42080 30843 161124 2619 11331 639 352 76227 6682 219 8735 666 749 2702 1376 8315 1675 76
internal_value=0.000951296 -0.00199788 0.00164132 -0.00477379 -0.00107534 0.000936449 -0.00382432 0.000999149 0.00047428 -0.0026201 -0.000621571 -0.00355666 -0.00125264 -0.00303388 -0.00306015 -0.00326578 -0.00758703 -0.00242458
internal_weight=359800 68221 291579 17017 51204 130455 12723 128440 52213 11626 39578 12371 10133 3451 2015 11705 4294 11407
internal_count=359800 68221 291579 17017 51204 130455 12723 128440 52213 11626 39578 12371 10133 3451 2015 11705 4294 11407
is_linear=0
shrinkage=0.0229654


Tree=66
num_leaves=19
num_cat=0
split_feature=37 37 37 15 35 15 36 8 36 15 8 37 14 37 35 36 34 37
split_gain=1333.65 309.914 224.973 82.7814 68.0132 64.2198 61.6509 50.1767 46.2811 35.6562 34.7992 32.7857 31.2908 30.4064 28.6837 31.166 25.6792 25.3044
threshold=20773.091153354329 18324.567058026765 25527.6415586732 16.393750000000008 28882.500000000004 14.956250000000004 21640.500000000004 -0.19467261866128607 25499.500000000004 10.656250000000004 1.0000000180025095e-35 17350.890228859495 81.187500000000014 22145.7007144788 22354.500000000004 24219.500000000004 0.32986111111111116 16571.864639373602
decision_type=2 2 2 2 2 2 2 2 2 2 2 2 2 2 2 2 2 2
left_child=1 3 4 6 7 10 11 9 -7 -2 -3 -1 -6 14 -11 -16 -8 -5
right_child=2 5 -4 17 12 8 16 -9 -10 13 -12 -13 -14 -15 15 -17 -18 -19
leaf_value=-18.166769186764235 13.151012552979026 -9.2972210939341586 63.651238691760959 -43.881589166055775 -25.512523508802985 -11.205372578924871 -47.993587734167015 11.018625665351506 -55.458750622859583 -0.75523177559827148 -0.53976857490299834 -10.523824607360297 4.7177529186602101 3.9036391750998454 -11.464468873742366 -39.300787198328202 -7.7361678824591147 -20.692106104370573
leaf_weight=3852 18460 10211 165359 576 1169 13415 262 73009 227 4649 27351 8506 613 24880 3018 422 103 3718
leaf_count=3852 18460 10211 165359 576 1169 13415 262 73009 227 4649 27351 8506 613 24880 3018 422 103 3718
internal_value=0.000954296 -0.00193628 0.00163061 -0.00462129 0.000900458 -0.00104395 -0.00369075 0.000964253 -0.00239351 0.000414797 -0.000553806 -0.00341601 -0.00355435 -3.76847e-05 -0.00126084 -0.00285065 -0.0129928 -0.00737845
internal_weight=359800 68221 291579 17017 126220 51204 12723 124438 13642 51429 37562 12358 1782 32969 8089 3440 365 4294
internal_count=359800 68221 291579 17017 126220 51204 12723 124438 13642 51429 37562 12358 1782 32969 8089 3440 365 4294
is_linear=0
shrinkage=0.0229654


Tree=67
num_leaves=19
num_cat=0
split_feature=36 36 16 3 16 16 3 36 0 3 26 28 18 26 32 10 26 10
split_gain=646.345 185.661 124.115 62.9692 62.3899 57.7855 53.2313 42.7152 38.5592 37.8864 36.9705 58.1523 33.2234 30.3229 38.1788 51.7509 42.7357 30.103
threshold=23325.500000000004 18876.500000000004 277.43750000000006 4.5000000000000009 357.68750000000006 650.81250000000011 2.5000000000000004 27164.500000000004 32.500000000000007 5.5000000000000009 9.8174479166666693 -0.28314568014705971 0.014375000000000002 14.487109375000001 134.99375000000006 -0.9330127018922193 16.822005208333337 -0.5
decision_type=2 2 2 2 2 2 2 2 2 2 2 2 2 2 2 2 2 2
left_child=1 5 7 -4 12 9 -6 -2 -5 -1 -11 17 -3 -8 15 -15 -17 -12
right_child=2 4 3 8 6 -7 13 -9 -10 10 11 -13 -14 14 -16 16 -18 -19
leaf_value=-5.0100465120464577 17.529987174231607 5.0910829823425043 9.6431475256217958 -35.136211415861361 4.121789069207888 -32.264547422906034 -4.2623463891943851 78.603694913389234 2.3163679564606352 3.7930266314470336 -20.531656974247102 -10.267880470389549 -0.30341047741044164 -57.290274783052602 -14.232223156703192 -10.225531298610342 -27.985801527032631 -7.7932831043034385
leaf_weight=17594 67596 44925 30768 2557 7421 2353 5142 122293 2034 1264 2560 5734 38761 348 6628 905 222 695
leaf_count=17594 67596 44925 30768 2557 7421 2353 5142 122293 2034 1264 2560 5734 38761 348 6628 905 222 695
internal_value=0.000955445 -0.000303948 0.00170774 0.000458477 0.000154978 -0.0018897 -0.000975024 0.00194037 -0.00205043 -0.00159769 -0.00270733 -0.00322446 0.000434028 -0.00184746 -0.0027228 -0.00606442 -0.00367406 -0.00567609
internal_weight=359800 134552 225248 35359 104352 30200 20666 189889 4591 27847 10253 8989 83686 13245 8103 1475 1127 3255
internal_count=359800 134552 225248 35359 104352 30200 20666 189889 4591 27847 10253 8989 83686 13245 8103 1475 1127 3255
is_linear=0
shrinkage=0.0229654


Tree=68
num_leaves=19
num_cat=0
split_feature=35 16 35 15 35 15 16 30 23 32 0 16 11 6 11 15 15 30
split_gain=653.293 158.408 130.183 72.0156 55.8702 50.4898 43.4082 37.6202 49.1342 36.7041 34.0302 33.7427 30.2387 28.6868 29.1999 26.573 20.5173 21.2549
threshold=22530.500000000004 271.43750000000006 19086.500000000004 11.531250000000004 26490.500000000004 16.393750000000008 491.06250000000006 0.94999999999999585 -0.11250000000000047 16.406250000000004 35.500000000000007 706.43750000000011 108.00000000000001 1.0000000180025095e-35 108.00000000000001 17.843750000000004 9.9062500000000036 968.87500000000011
decision_type=2 2 2 2 2 2 2 2 2 2 2 2 2 2 2 2 2 2
left_child=2 4 5 12 15 11 -5 -7 9 -9 16 13 -4 14 -1 -2 -3 -18
right_child=1 10 3 6 -6 7 -8 8 -10 -11 -12 -13 -14 -15 -16 -17 17 -19
leaf_value=-1.3959368458403512 17.66531606466847 10.678259115155811 6.9198370190776854 -1.83724766267175 68.027039603295052 -40.367363293456954 -16.875868767376083 -8.8881446087949847 -8.6253169073341809 -17.736518838125715 24.014758383565979 -20.218060359324017 -0.65800249110280684 -15.341759119089822 -11.110356284689459 3.1002944478179688 -5.6847483103742089 14.108730497839771
leaf_weight=15772 58732 8587 26232 33929 132387 320 6158 941 3425 1562 6775 1310 15601 1434 9252 11943 20107 5333
leaf_count=15772 58732 8587 26232 33929 132387 320 6158 941 3425 1562 6775 1310 15601 1434 9252 11943 20107 5333
internal_value=0.000953084 0.00162782 -0.000466178 2.97161e-05 0.00189019 -0.00166043 -0.000665869 -0.00352568 -0.00311164 -0.00555739 0.000322063 -0.00124073 0.000696269 -0.0010626 -0.000881576 0.00136883 2.61194e-05 -0.000301511
internal_weight=359800 243864 115936 81920 203062 34016 40087 6248 5928 2503 40802 27768 41833 26458 25024 70675 34027 25440
internal_count=359800 243864 115936 81920 203062 34016 40087 6248 5928 2503 40802 27768 41833 26458 25024 70675 34027 25440
is_linear=0
shrinkage=0.0229654


Tree=69
num_leaves=19
num_cat=0
split_feature=37 37 37 15 36 35 15 23 36 23 37 35 14 35 36 37 14 20
split_gain=1240.14 280.531 234.951 78.5479 62.5846 61.1837 57.4098 46.3814 43.5248 35.7152 35.4739 37.5897 32.8397 32.1606 43.6268 28.9912 28.3918 27.823
threshold=20773.091153354329 18324.567058026765 25704.880355702509 16.393750000000008 21816.500000000004 28882.500000000004 11.268750000000002 -0.02499999999999902 25563.500000000004 -2.549999999999998 22689.98080292749 23475.500000000004 87.437500000000014 21122.500000000004 23945.500000000004 19298.943765421787 81.187500000000014 3.2562500000000001
decision_type=2 2 2 2 2 2 2 2 2 2 2 2 2 2 2 2 2 2
left_child=1 3 5 4 9 7 -3 -2 13 -1 11 -9 -11 15 17 -8 -7 -15
right_child=2 6 -4 -5 -6 16 8 10 -10 12 -12 -13 -14 14 -16 -17 -18 -19
leaf_value=-4.1374717941962533 11.242073869459714 -0.99693984552071491 64.121002211352533 -27.525532014204874 -43.809550587344475 -23.786415561163864 -10.215271267322368 2.2558042779346947 -53.141255857977448 -18.675596284159536 9.2837930783962008 -11.766538733459168 -4.8210874616941473 -12.348952024108456 -51.839813955847987 -1.5613262828684276 3.9235509171731722 -24.246909417481397
leaf_weight=3660 68162 25089 161124 4294 352 1302 7806 14257 310 6714 40609 5412 1997 6093 224 10368 713 1314
leaf_count=3660 68162 25089 161124 4294 352 1302 7806 14257 310 6714 40609 5412 1997 6093 224 10368 713 1314
internal_value=0.000948743 -0.00183865 0.00160091 -0.00439321 -0.00348678 0.000876419 -0.000989678 0.000938714 -0.0017434 -0.00321508 0.000474639 -0.000325875 -0.00401493 -0.00164064 -0.00289182 -0.00111529 -0.00309435 -0.00258985
internal_weight=359800 68221 291579 17017 12723 130455 51204 128440 26115 12371 60278 19669 8711 25805 7631 18174 2015 7407
internal_count=359800 68221 291579 17017 12723 130455 51204 128440 26115 12371 60278 19669 8711 25805 7631 18174 2015 7407
is_linear=0
shrinkage=0.0229654


Tree=70
num_leaves=19
num_cat=0
split_feature=37 37 37 37 8 8 3 15 15 37 35 18 35 14 15 32 14 3
split_gain=1194.73 264.009 236.374 68.8513 66.7518 58.4641 54.7694 49.0488 36.1232 29.0224 28.9738 27.9743 27.3869 36.9005 27.2734 25.8897 27.8755 24.0649
threshold=20773.091153354329 18232.96162295766 25880.966961899576 16571.864639373602 -0.5 -0.065263096110025884 4.5000000000000009 15.306250000000004 9.8062500000000021 22853.533310929546 29483.000000000004 0.011250000000000001 21001.500000000004 58.687500000000007 26.306250000000006 11.337500000000004 89.062500000000014 5.5000000000000009
decision_type=2 2 2 2 2 2 2 2 2 2 2 2 2 2 2 2 2 2
left_child=1 3 4 -1 6 12 -2 15 -7 -6 -8 -12 -3 -14 -10 16 -5 -16
right_child=2 5 -4 7 9 8 10 -9 14 -11 11 -13 13 -15 17 -17 -18 -19
leaf_value=-40.336422879849344 5.3769298628223456 -6.7855337001884468 66.74361084041017 -24.044696223748591 4.5920306098153372 1.5439402936970998 -10.335247279151487 -19.302976879220697 -4.3726686443273302 16.628125093716989 -5.2242478401858765 -30.767342812567552 -22.707134953096983 -11.898787620909014 -6.8760738589149115 -9.6220492196227365 -1.9835266793955728 -23.120348727878945
leaf_weight=1402 32829 8406 156905 770 37519 15212 7826 4308 19777 55573 406 521 2822 6122 180 8802 284 136
leaf_count=1402 32829 8406 156905 770 37519 15212 7826 4308 19777 55573 406 521 2822 6122 180 8802 284 136
internal_value=0.000950084 -0.0017858 0.0015902 -0.00441338 0.000884416 -0.00100903 0.000119406 -0.00393285 -0.000472578 0.00122613 -0.00149473 -0.00533382 -0.00210064 -0.00298519 -0.00111175 -0.00303937 -0.00644077 -0.00780533
internal_weight=359800 68221 291579 15566 134674 52655 41582 14164 35305 93092 8753 927 17350 8944 20093 9856 1054 316
internal_count=359800 68221 291579 15566 134674 52655 41582 14164 35305 93092 8753 927 17350 8944 20093 9856 1054 316
is_linear=0
shrinkage=0.0229654


Tree=71
num_leaves=19
num_cat=0
split_feature=37 37 37 37 8 36 36 5 36 37 14 36 22 37 16 36 36 22
split_gain=1157.79 279.511 216.306 81.0607 65.3571 64.9907 54.0039 50.8938 34.441 34.2946 33.6664 29.1448 24.7655 24.1328 24.0368 23.9661 23.8346 23.439
threshold=21058.27068631602 18569.208582105708 26137.152025358548 16946.789151764384 -0.5 19968.500000000004 22917.500000000004 1.0000000180025095e-35 22917.500000000004 19574.565316963995 86.062500000000014 20224.500000000004 22.108723958333336 23167.259587382465 9.9375000000000018 24882.500000000004 23776.500000000004 13.596961805555557
decision_type=2 2 2 2 2 2 2 2 2 2 2 2 2 2 2 2 2 2
left_child=1 3 4 12 7 10 9 14 -9 11 -5 -3 -1 15 -2 -6 -7 -10
right_child=2 6 -4 5 13 16 -8 8 17 -11 -12 -13 -14 -15 -16 -17 -18 -19
leaf_value=-33.004291048021678 -32.224287134774251 -3.9619338448919486 70.41377087303546 -13.02126378373697 6.7530638766012929 -19.436493230678462 -16.663926000943089 1.9014477690084615 -19.870452024394428 -0.089416221230631587 -4.3489083858636386 -14.748794795774378 -42.790380594685963 17.768726319785738 6.4278090723940089 -5.4286781764558611 -46.120833335095043 -41.345512475257202
leaf_weight=2652 161 15397 151239 11218 35078 1617 3998 3940 4028 30679 5280 3971 150 53965 32812 2910 293 412
leaf_count=2652 161 15397 151239 11218 35078 1617 3998 3940 4028 30679 5280 3971 150 53965 32812 2910 293 412
internal_value=0.000949509 -0.00158367 0.00161947 -0.00381782 0.000945037 -0.00326391 -0.000706873 0.000186764 -0.00141136 -0.00050169 -0.00279961 -0.00125831 -0.00745679 0.00128605 0.000592923 0.000842613 -0.00727438 -0.00279826
internal_weight=359800 75255 284545 21210 133306 18408 54045 41353 8380 50047 16498 19368 2802 91953 32973 37988 1910 4440
internal_count=359800 75255 284545 21210 133306 18408 54045 41353 8380 50047 16498 19368 2802 91953 32973 37988 1910 4440
is_linear=0
shrinkage=0.0229654


Tree=72
num_leaves=19
num_cat=0
split_feature=37 37 37 37 36 35 36 23 37 36 23 35 36 35 9 37 35 35
split_gain=1122.22 281.304 205.833 75.2353 61.7825 60.2085 54.5498 50.2422 45.1548 42.4466 39.9644 36.9549 27.8783 25.4988 25.0872 24.8774 39.4991 23.0598
threshold=21227.09264132009 18490.590301764427 26137.152025358548 16571.864639373602 21587.500000000004 21746.500000000004 23945.500000000004 -0.11250000000000047 19911.45470056358 21704.500000000004 -3.424999999999998 28274.500000000004 15994.000000000002 15369.500000000002 -0.5 23324.640518476092 24617.500000000004 19637.500000000004
decision_type=2 2 2 2 2 2 2 2 2 2 2 2 2 2 2 2 2 2
left_child=1 3 7 12 10 8 -7 -2 9 -3 -5 15 -1 -14 -8 16 -9 -12
right_child=2 5 -4 4 -6 6 14 11 -10 -11 17 -13 13 -15 -16 -17 -18 -19
leaf_value=-16.766637331509706 12.768278078803494 -3.4069205392719111 68.79668983062902 -1.5088877864078378 -41.672459722450611 -11.667687713783335 -56.801614234126099 3.8273987870221733 1.8654692386931855 -19.94933116030148 -11.479961089104359 -14.66213776774215 -47.869333199225075 -38.60395479415579 -20.02383177614087 11.566452375024015 -11.046081969805973 -18.84721256895757
leaf_weight=384 65217 23365 151239 2714 627 10682 102 19908 23351 1879 11601 2897 285 733 319 36780 4253 3464
leaf_count=384 65217 23365 151239 2714 627 10682 102 19908 23351 1879 11601 2897 285 733 319 36780 4253 3464
internal_value=0.000951105 -0.00145708 0.00163419 -0.00382857 -0.00343795 -0.000670212 -0.00219602 0.000960488 -0.000321596 -0.000994889 -0.00318808 0.000502492 -0.00895684 -0.0109458 -0.0103044 0.000622965 5.04725e-05 -0.00365023
internal_weight=359800 79506 280294 19808 18406 59698 11103 129055 48595 25244 17779 63838 1402 1018 421 60941 24161 15065
internal_count=359800 79506 280294 19808 18406 59698 11103 129055 48595 25244 17779 63838 1402 1018 421 60941 24161 15065
is_linear=0
shrinkage=0.0229654


Tree=73
num_leaves=19
num_cat=0
split_feature=37 37 37 37 36 35 36 23 37 36 35 23 30 9 35 22 36 36
split_gain=1086.67 268.273 208.216 75.6713 61.5729 59.7189 54.6406 49.3284 38.0729 37.3947 34.323 29.8616 28.1854 25.3641 24.903 27.4438 25.2463 24.7382
threshold=21227.09264132009 18569.208582105708 26202.290285372062 16946.789151764384 19968.500000000004 21746.500000000004 23945.500000000004 -0.11250000000000047 19911.45470056358 21640.500000000004 28274.500000000004 -3.424999999999998 1.0000000180025095e-35 -0.5 16377.500000000002 14.458376736111115 22038.500000000004 15994.000000000002
decision_type=2 2 2 2 2 2 2 2 2 2 2 2 2 2 2 2 2 2
left_child=1 3 7 12 11 8 -7 -2 9 -3 -9 -5 -1 -8 -14 17 -17 -16
right_child=2 5 -4 4 -6 6 13 10 -10 -11 -12 -13 14 -15 15 16 -18 -19
leaf_value=-38.248320737562366 12.564382717610513 -2.98791506600949 68.355085685881832 -1.2700169733876925 -23.632039793530094 -11.373045208318084 -55.497141935352154 5.9264965118768362 1.8226279747801912 -18.564118287905487 -14.007528626514528 -11.580266737018569 -32.136560926433901 -19.563976291055191 -7.5576913033202215 -17.127456487708006 -41.000387198244596 -39.954309518537713
leaf_weight=199 65921 21987 149817 2858 1910 10594 102 61554 23351 1943 3002 13640 767 319 148 1108 69 511
leaf_count=199 65921 21987 149817 2858 1910 10594 102 61554 23351 1943 3002 13640 767 319 148 1108 69 511
internal_value=0.000951935 -0.0014178 0.00162411 -0.00362942 -0.00309424 -0.000613136 -0.002136 0.0009534 -0.000258355 -0.00090211 0.000502168 -0.00264232 -0.00714534 -0.0102499 -0.00650848 -0.00796034 -0.0058594 -0.0117127
internal_weight=359800 79506 280294 21210 18408 58296 11015 130477 47281 23930 64556 16498 2802 421 2603 1836 1177 659
internal_count=359800 79506 280294 21210 18408 58296 11015 130477 47281 23930 64556 16498 2802 421 2603 1836 1177 659
is_linear=0
shrinkage=0.0229654


Tree=74
num_leaves=19
num_cat=0
split_feature=37 37 37 14 23 15 8 5 37 11 29 15 16 33 4 37 14 15
split_gain=1045.29 253.513 212.364 71.3348 67.8049 59.8464 55.9371 44.6654 36.3728 26.9023 25.9158 25.4973 23.133 20.6578 19.7083 19.1265 18.1954 20.2789
threshold=21227.09264132009 18569.208582105708 26137.152025358548 86.062500000000014 -2.9999999999999982 14.031250000000004 -0.5 1.0000000180025095e-35 16571.864639373602 108.00000000000001 57.906250000000007 21.881250000000005 9.9375000000000018 0.086805555555555566 7.5000000000000009 22853.533310929546 55.312500000000007 20.356250000000006
decision_type=2 2 2 2 2 2 2 2 2 2 2 2 2 2 2 2 2 2
left_child=1 3 6 4 -1 9 7 12 10 -3 14 15 -2 -10 -6 -8 17 -7
right_child=2 5 -4 -5 8 16 11 -9 13 -11 -12 -13 -14 -15 -16 -17 -18 -19
leaf_value=-3.1935626332249893 -32.066018248358645 1.7592325112187559 65.701379095846804 -4.8336961231796618 -44.764422204398755 -13.547488329040702 5.6832407762422292 -12.231773984073744 -16.619110467821908 -4.714575423835619 -18.987504241857192 -1.8123348616514208 6.5110950829378744 -37.15801561623357 -34.822412314205799 17.088830520987361 -7.0540952009786491 -28.721615762188065
leaf_weight=2766 158 24575 151239 5752 598 1930 27336 7914 11136 15047 597 5328 32141 198 163 56178 16053 691
leaf_count=2766 158 24575 151239 5752 598 1930 27336 7914 11136 15047 597 5328 32141 198 163 56178 16053 691
internal_value=0.000954041 -0.00137014 0.0016133 -0.00352006 -0.0043325 -0.000587923 0.000928991 0.000218329 -0.00504255 -8.27686e-05 -0.00859427 0.00125066 0.00059719 -0.00461699 -0.0114042 0.00134893 -0.00165975 -0.00343386
internal_weight=359800 79506 280294 21210 15458 58296 129055 40213 12692 39622 1358 88842 32299 11334 761 83514 18674 2621
internal_count=359800 79506 280294 21210 15458 58296 129055 40213 12692 39622 1358 88842 32299 11334 761 83514 18674 2621
is_linear=0
shrinkage=0.0229654


Tree=75
num_leaves=19
num_cat=0
split_feature=37 37 37 37 36 15 23 15 36 32 23 28 23 14 9 36 9 33
split_gain=1013.08 241.27 213.561 75.0654 66.7477 54.5118 49.9237 44.7835 37.5004 33.7203 32.3439 31.2782 25.953 25.9112 24.44 23.0264 22.9046 21.5529
threshold=21227.09264132009 18720.140559651762 26401.24440824152 16571.864639373602 21587.500000000004 18.668750000000006 -0.02499999999999902 15.506250000000003 27164.500000000004 1.0000000180025095e-35 -1.4125000000000003 -0.8404586834733897 -2.9999999999999982 85.312500000000014 -0.6830127018922193 15994.000000000002 0.68301270189221941 0.69791666666666674
decision_type=2 2 2 2 2 2 2 2 2 2 2 2 2 2 2 2 2 2
left_child=1 3 6 15 7 10 -2 9 14 11 -3 -5 -11 -14 -7 -1 -8 -16
right_child=2 5 -4 4 -6 8 16 -9 -10 12 -12 -13 13 -15 17 -17 -18 -19
leaf_value=-14.960212345196078 12.337744035690937 1.2620293042593171 69.514221751952817 -29.790398538816394 -38.400681370417537 -22.108181763654034 6.9254277450783821 -15.390344066241434 -49.780563730663346 -0.78724637720801305 -5.5546659804119347 -9.9929010549108988 -12.940424528628 -3.7930702209578104 -6.8559928021729206 -37.979023773510193 -2.9948924929519336 -27.049453192979769
leaf_weight=384 69573 27560 145503 331 799 1463 51070 5706 75 4214 20771 495 6980 4070 5575 1018 14148 65
leaf_count=384 69573 27560 145503 331 799 1463 51070 5706 75 4214 20771 495 6980 4070 5575 1018 14148 65
internal_value=0.000952318 -0.00133576 0.00160134 -0.00325987 -0.00293992 -0.000503957 0.000942718 -0.00270093 -0.00237141 -0.00208102 -0.000226608 -0.00660047 -0.00183645 -0.00242124 -0.00220084 -0.00841628 0.000486225 -0.00151474
internal_weight=359800 79506 280294 23997 22595 55509 134791 21796 7178 16090 48331 826 15264 11050 7103 1402 65218 5640
internal_count=359800 79506 280294 23997 22595 55509 134791 21796 7178 16090 48331 826 15264 11050 7103 1402 65218 5640
is_linear=0
shrinkage=0.0229654


Tree=76
num_leaves=19
num_cat=0
split_feature=35 36 16 15 35 15 3 36 30 0 32 32 3 3 23 16 3 16
split_gain=550.024 151.02 103.368 99.5287 48.8811 46.7615 45.4204 38.2471 35.8829 43.9769 28.194 35.1225 64.443 27.4481 38.4097 25.285 25.027 30.5209
threshold=24553.500000000004 18336.000000000004 256.43750000000006 15.506250000000003 20278.500000000004 12.843750000000004 4.5000000000000009 26466.500000000004 132.05625000000006 14.500000000000002 53.387500000000017 103.6375 5.5000000000000009 4.5000000000000009 6.1500000000000048 706.43750000000011 2.5000000000000004 289.81250000000006
decision_type=2 2 2 2 2 2 2 2 2 2 2 2 2 2 2 2 2 2
left_child=1 5 -2 4 16 -1 8 -4 9 -5 -7 12 -12 -6 -15 -16 -3 -18
right_child=2 3 7 6 13 10 -8 -9 -10 -11 11 -13 -14 14 15 -17 17 -19
leaf_value=-4.984758373043932 39.478568295082354 1.9553012592816241 -1.9572292385628314 -16.591573993592252 10.07788759662286 -4.8570586035229679 -11.06980895057616 21.939707425178497 1.4372720096993721 -6.3411450069929369 -11.07001680246181 -16.252663567824325 -50.59518824848098 2.5413577973055581 -20.835748526046721 -19.894084657078348 -1.281844297471207 -19.928179734780304
leaf_weight=13551 164087 20779 16465 1177 52094 2760 11382 12944 19231 5808 532 3880 421 20974 392 105 10257 2961
leaf_count=13551 164087 20779 16465 1177 52094 2760 11382 12944 19231 5808 532 3880 421 20974 392 105 10257 2961
internal_value=0.000949956 -1.85872e-05 0.00178239 0.000245538 0.000601069 -0.00183189 -0.000771581 0.000528589 -0.000245632 -0.00165542 -0.00327468 -0.00433221 -0.00828249 0.000933882 0.000242907 -0.00606712 -0.000119093 -0.000900338
internal_weight=359800 166304 193496 145160 107562 21144 37598 29409 26216 6985 7593 4833 953 73565 21471 497 33997 13218
internal_count=359800 166304 193496 145160 107562 21144 37598 29409 26216 6985 7593 4833 953 73565 21471 497 33997 13218
is_linear=0
shrinkage=0.0229654


Tree=77
num_leaves=19
num_cat=0
split_feature=35 3 8 36 35 8 15 15 14 7 14 3 35 15 3 15 3 6
split_gain=536.253 144.435 123.052 92.963 88.2823 73.038 56.8177 42.8755 38.0803 42.2217 38.117 38.2061 45.1508 35.4924 31.7525 30.1551 30.7897 29.9614
threshold=24553.500000000004 4.5000000000000009 0.32075123873380501 26466.500000000004 18844.500000000004 -0.065263096110025884 26.818750000000005 11.056250000000004 85.312500000000014 -0.89495246814786256 56.187500000000007 5.5000000000000009 18599.500000000004 19.231250000000006 2.5000000000000004 9.7312500000000028 3.5000000000000004 1.0000000180025095e-35
decision_type=2 2 2 2 2 2 2 2 2 2 2 2 2 2 2 2 2 2
left_child=1 4 8 5 14 15 -4 -6 9 -3 11 12 -11 -13 17 -2 -17 -1
right_child=3 2 6 -5 7 -7 -8 -9 -10 10 -12 13 -14 -15 -16 16 -18 -19
leaf_value=-0.95588164098369632 15.45587884684188 -0.67034187809500623 2.2175484914843819 55.06109044199232 9.3189554791345035 20.085542089085845 -12.570017326743091 1.7155326558947299 -1.8756989001553521 -35.404614444118678 -12.799306850071677 -13.530713613345974 -22.848988420674811 -38.618261986635552 -12.981940814047491 6.5633529653460361 -8.6835413905943586 -13.580991910516387
leaf_weight=15784 9086 3813 21721 135936 42730 28296 295 49670 6302 339 16940 1858 1632 388 3160 9690 10488 1672
leaf_count=15784 9086 3813 21721 135936 42730 28296 295 49670 6302 339 16940 1858 1632 388 3160 9690 10488 1672
internal_value=0.000945488 -1.0854e-05 -0.000996484 0.00176744 0.000453879 0.000993864 0.000318779 0.000757063 -0.00192245 -0.00232505 -0.00272595 -0.00467967 -0.00701313 -0.00263192 -0.000904981 0.000189443 -0.000305249 -0.00052151
internal_weight=359800 166304 53288 193496 113016 57560 22016 92400 31272 24970 21157 4217 1971 2246 20616 29264 20178 17456
internal_count=359800 166304 53288 193496 113016 57560 22016 92400 31272 24970 21157 4217 1971 2246 20616 29264 20178 17456
is_linear=0
shrinkage=0.0229654


Tree=78
num_leaves=19
num_cat=0
split_feature=37 37 37 35 8 8 15 15 28 35 37 22 29 15 26 26 4 22
split_gain=957.034 267.255 173.74 78.4395 75.3145 54.8648 50.846 42.1331 39.8782 39.3731 33.1867 37.5909 29.6762 29.504 34.1098 29.149 28.4744 40.6782
threshold=22027.651292515438 18797.470132382845 26800.025061189601 22890.500000000004 -0.5 -0.70710678118654757 15.656250000000004 10.356250000000003 -0.37145989974937249 28882.500000000004 16571.864639373602 10.279210069444447 65.693750000000009 18.668750000000006 14.558723958333333 18.047656250000006 5.5000000000000009 15.974956597222224
decision_type=2 2 2 2 2 2 2 2 2 2 2 2 2 2 2 2 2 2
left_child=1 4 5 7 10 9 8 -3 -6 -2 12 -12 -1 16 -15 -13 17 -5
right_child=2 3 -4 13 6 -7 -8 -9 -10 -11 11 15 -14 14 -16 -17 -18 -19
leaf_value=-40.56823921301217 3.8834872410746457 3.2694467353728811 74.761746397908652 -12.604629395563652 -8.9182926131774529 13.212969340245678 -12.731117910532303 -2.6812517747989992 -2.3151688772980465 -17.028084593463436 -36.843886688884645 -14.578216619369794 -17.413083742124581 -16.308297130139369 -40.671418452794647 -24.79035626086322 -1.8725236709535114 -22.78145758873162
leaf_weight=700 27062 28591 137091 2514 4533 94523 3722 36496 8841 1703 409 4700 526 1692 713 2001 3802 181
leaf_count=700 27062 28591 137091 2514 4533 94523 3722 36496 8841 1703 409 4700 526 1692 713 2001 3802 181
internal_value=0.000939935 -0.00097684 0.00167182 -0.000278761 -0.00300775 0.00104627 -0.00213507 -2.22282e-06 -0.00147436 0.000168059 -0.0047975 -0.00419579 -0.00828703 -0.00230067 -0.00447372 -0.00378324 -0.00149627 -0.00330208
internal_weight=359800 99421 260379 73989 25432 123288 17096 65087 13374 28765 8336 7110 1226 8902 2405 6701 6497 2695
internal_count=359800 99421 260379 73989 25432 123288 17096 65087 13374 28765 8336 7110 1226 8902 2405 6701 6497 2695
is_linear=0
shrinkage=0.0229654


Tree=79
num_leaves=19
num_cat=0
split_feature=37 37 37 35 8 8 37 35 37 37 30 37 32 35 13 35 3 27
split_gain=932.027 272.184 159.894 72.5652 72.4555 50.7989 39.0949 37.4269 34.529 33.8805 33.1054 24.6058 23.2404 22.4552 23.0885 22.0414 24.5865 22.8466
threshold=22316.583991142463 18797.470132382845 26800.025061189601 22890.500000000004 -0.44134171618254459 -0.70710678118654757 19975.385879885547 28882.500000000004 17167.615452909533 16571.864639373602 760.95625000000007 24768.647113330317 157.18750000000003 15369.500000000002 22.431250000000006 19234.500000000004 5.5000000000000009 1.157812500000001
decision_type=2 2 2 2 2 2 2 2 2 2 2 2 2 2 2 2 2 2
left_child=1 4 5 6 9 7 -3 -2 12 13 15 -9 -6 14 -1 16 17 -11
right_child=2 3 -4 -5 8 -7 -8 11 -10 10 -12 -13 -14 -15 -16 -17 -18 -19
leaf_value=6.5859975907090451 4.4625206381652713 -3.4184705718259201 73.044812319555618 -12.020274289866867 -17.57590174892583 13.742467327125086 2.3447642523583303 -21.232254697440641 -5.9778787423184712 -1.311973883736695 -35.994114352845877 -9.1450558775713429 -4.7033965663731063 -31.711560559988719 -45.606844192288307 -18.547412017544879 -3.873868031583303 -34.736027329654775
leaf_weight=248 25384 23180 137091 11077 927 89054 46897 518 14910 359 411 1167 849 912 67 4004 2013 732
leaf_count=248 25384 23180 137091 11077 927 89054 46897 518 14910 359 411 1167 849 912 67 4004 2013 732
internal_value=0.000940063 -0.00086151 0.0016984 -0.000211843 -0.00293461 0.00107137 6.11848e-05 0.000200138 -0.00204715 -0.00462774 -0.00405033 -0.0031143 -0.00507411 -0.0081661 -0.00287979 -0.0036839 -0.00223143 -0.00500776
internal_weight=359800 106586 253214 81154 25432 116123 70077 27069 16686 8746 7519 1685 1776 1227 315 7108 3104 1091
internal_count=359800 106586 253214 81154 25432 116123 70077 27069 16686 8746 7519 1685 1776 1227 315 7108 3104 1091
is_linear=0
shrinkage=0.0229654


Tree=80
num_leaves=19
num_cat=0
split_feature=37 37 37 8 35 8 37 37 36 3 36 34 36 9 36 26 16 35
split_gain=905.004 260.703 160.022 69.8499 67.7754 50.0659 39.2553 38.8219 34.1072 33.4758 32.8354 31.4274 30.0087 28.9446 28.1585 26.7602 26.4948 22.9923
threshold=22372.022079668532 18797.470132382845 26868.08036656753 -0.55438071450436044 22890.500000000004 -0.5 17167.615452909533 20471.729123591304 21816.500000000004 4.5000000000000009 22734.500000000004 0.57291666666666674 21250.500000000004 -0.93301270189221908 19594.500000000004 14.698307291666667 9.9375000000000018 16377.500000000002
decision_type=2 2 2 2 2 2 2 2 2 2 2 2 2 2 2 2 2 2
left_child=1 3 5 11 7 9 15 8 -3 16 -6 12 -1 -12 -8 -5 -2 -14
right_child=2 4 -4 6 10 -7 14 -9 -10 -11 13 -13 17 -15 -16 -17 -18 -19
leaf_value=-18.519261979650146 -32.78122102419546 -1.1185712708530029 72.931218080750611 -20.566455247270643 -8.2195068701267378 13.997948572800714 -4.5475287977061081 3.3503113299303449 -12.31462003382674 -11.521156390388049 -52.143378329268636 -31.384225663691769 -4.9444744290154139 -15.109238651134996 -13.517415339200076 -6.9453877298655859 7.7842387847026604 -39.598032490259818
leaf_weight=6319 182 29448 135678 775 9025 79987 13675 37599 3985 6490 104 566 262 2370 1991 1202 29500 642
leaf_count=6319 182 29448 135678 775 9025 79987 13675 37599 3985 6490 104 566 262 2370 1991 1202 29500 642
internal_value=0.000938722 -0.00082038 0.00169285 -0.00285334 -0.000193922 0.0010672 -0.00205365 7.08698e-05 -0.000498489 0.000358208 -0.0018296 -0.00466473 -0.00425637 -0.0041735 -0.00166883 -0.00510304 0.000684893 -0.00816999
internal_weight=359800 107963 251837 25432 82531 116159 17643 71032 33433 36172 11499 7789 7223 2474 15666 1977 29682 904
internal_count=359800 107963 251837 25432 82531 116159 17643 71032 33433 36172 11499 7789 7223 2474 15666 1977 29682 904
is_linear=0
shrinkage=0.0229654


Tree=81
num_leaves=19
num_cat=0
split_feature=35 36 36 15 11 15 15 14 6 23 35 1 32 32 29 26 36 22
split_gain=497.456 120.705 91.8623 90.6467 59.2786 46.6215 40.9772 38.8001 32.2332 30.9064 25.2415 24.0308 23.8215 33.1591 24.7755 24.2395 22.6663 21.8128
threshold=24670.500000000004 18336.000000000004 26466.500000000004 15.731250000000003 108.00000000000001 20.681250000000006 12.843750000000004 55.312500000000007 1.0000000180025095e-35 0.47500000000000103 19836.500000000004 15.500000000000002 53.387500000000017 103.6375 50.66875000000001 14.273177083333335 21587.500000000004 12.858897569444446
decision_type=2 2 2 2 2 2 2 2 2 2 2 2 2 2 2 2 2 2
left_child=1 6 5 4 8 9 -1 11 -3 -2 -6 -5 -8 14 15 -14 17 -9
right_child=2 3 -4 7 10 -7 12 16 -10 -11 -12 -13 13 -15 -16 -17 -18 -19
leaf_value=-4.2107201696955237 18.787925986603803 6.696580379668541 51.269463763322356 -24.228561468637835 -6.1305397098419725 -7.2001981253648051 -3.9857977364363197 -1.3204318225144285 -7.0165084250442042 5.4561449549648691 1.8434511025639757 -5.4691885622577123 -60.593762762645618 -14.260115824984947 -23.97184675642626 -22.452643869137486 -0.20043839033471089 -10.396921606927281
leaf_weight=13567 29143 67052 135360 2417 10256 4852 2760 5189 2297 21309 31495 1653 135 3880 674 144 21650 5967
leaf_count=13567 29143 67052 135360 2417 10256 4852 2760 5189 2297 21309 31495 1653 135 3880 674 144 21650 5967
internal_value=0.000937956 3.13111e-05 0.00174223 0.000263307 0.000590775 0.000953598 -0.00159108 -0.000723289 0.00100238 0.00116038 -9.29045e-05 -0.00283823 -0.00294198 -0.00391405 -0.00775233 -0.0135076 -0.000460904 -0.00130184
internal_weight=359800 169136 190664 147976 111100 55304 21160 36876 69349 50452 41751 4070 7593 4833 953 279 32806 11156
internal_count=359800 169136 190664 147976 111100 55304 21160 36876 69349 50452 41751 4070 7593 4833 953 279 32806 11156
is_linear=0
shrinkage=0.0229654


Tree=82
num_leaves=19
num_cat=0
split_feature=37 37 37 15 16 15 23 15 37 30 11 10 32 10 37 4 6 1
split_gain=868.182 278.617 121.762 74.1806 65.3043 42.165 39.2944 31.599 30.1997 28.45 26.8576 22.6226 20.6201 33.1019 20.3231 20.2516 20.1782 28.2475
threshold=23167.259587382465 18797.470132382845 26868.08036656753 10.356250000000003 121.06250000000001 12.231250000000003 -1.0000000180025095e-35 20.956250000000008 16571.864639373602 760.95625000000007 108.00000000000001 -0.5 1.0000000180025095e-35 -0.5 19710.194226256823 7.5000000000000009 1.0000000180025095e-35 9.5000000000000018
decision_type=2 2 2 2 2 2 2 2 2 2 2 2 2 2 2 2 2 2
left_child=1 4 6 10 5 12 16 14 -6 -10 -3 -8 13 -1 -5 -7 -2 -18
right_child=2 3 -4 7 8 15 11 -9 9 -11 -12 -13 -14 -15 -16 -17 17 -19
leaf_value=-25.070533816363007 17.662354990079777 6.3701978322810504 70.285587313180329 -7.3053361296274444 -32.273399831023141 -6.6328326375714006 13.866392480565416 -10.599334390868798 -16.027306575779452 -33.751849143993347 -0.37506958051417444 1.6684307903217106 -1.6485842540514637 2.8945433558958715 -0.78444844215890197 -12.083688846850164 -33.354849304887026 5.9976546237306207
leaf_weight=209 46344 26194 135678 9317 1246 4293 23983 8437 7352 422 15707 23790 8228 212 44049 3470 224 645
leaf_count=209 46344 26194 135678 9317 1246 4293 23983 8437 7352 422 15707 23790 8228 212 44049 3470 224 645
internal_value=0.000931254 -0.000576447 0.00177533 -4.81878e-05 -0.00273053 -0.00186779 0.00114472 -0.00055393 -0.00430029 -0.00376829 0.00069777 0.000680362 -0.000764982 -0.00572226 -0.000347455 -0.00309647 0.00161458 -0.00185256
internal_weight=359800 129136 230664 103704 25432 16412 94986 61803 9020 7774 41901 47773 8649 421 53366 7763 47213 869
internal_count=359800 129136 230664 103704 25432 16412 94986 61803 9020 7774 41901 47773 8649 421 53366 7763 47213 869
is_linear=0
shrinkage=0.0229654


Tree=83
num_leaves=19
num_cat=0
split_feature=35 3 16 8 35 16 36 3 36 3 26 4 9 22 8 14 1 22
split_gain=477.898 123.158 108.514 105.157 69.1342 43.5062 31.0296 32.1954 30.0274 27.5118 24.0721 44.8078 23.5357 23.0908 22.759 22.4937 24.6106 21.5964
threshold=24670.500000000004 4.5000000000000009 247.31250000000003 0.32075123873380501 18844.500000000004 632.81250000000011 25499.500000000004 4.5000000000000009 27372.500000000004 2.5000000000000004 18.246484375000005 5.5000000000000009 0.68301270189221941 19.907074652777784 0.25881904510252057 85.312500000000014 15.500000000000002 9.7901475694444482
decision_type=2 2 2 2 2 2 2 2 2 2 2 2 2 2 2 2 2 2
left_child=1 4 8 5 9 15 -4 -8 -2 14 -7 -12 -11 -13 -1 16 -3 -14
right_child=2 3 6 -5 -6 10 7 -9 -10 12 11 13 17 -15 -16 -17 -18 -19
leaf_value=1.8730358068884758 17.438042096143555 -12.874936525007117 -3.0957233037751433 1.6463095809331492 4.8898029755334322 -15.32371023345882 20.752458293894104 -12.67233770616671 67.229155367606154 -9.7793243255754714 -41.524385891448745 -10.149679752715203 -38.475280798160675 -27.238129129517304 -5.1112043664582369 -1.4614920361017123 -0.42496564574831297 -8.3522168693083305
leaf_weight=10224 49690 18874 13264 22424 94432 1720 14863 1954 110893 2864 169 385 146 459 7232 6371 3686 150
leaf_count=10224 49690 18874 13264 22424 94432 1720 14863 1954 110893 2864 169 385 146 459 7232 6371 3686 150
internal_value=0.000929595 4.09516e-05 0.0017179 -0.000862859 0.000465864 -0.00171501 0.00045204 0.0011071 0.00195503 -0.000739001 -0.00448468 -0.00729316 -0.00271079 -0.00513184 -0.000382055 -0.00145337 -0.00179366 -0.00887582
internal_weight=359800 169136 190664 54088 115048 31664 30081 16817 160583 20616 2733 1013 3160 844 17456 28931 22560 296
internal_count=359800 169136 190664 54088 115048 31664 30081 16817 160583 20616 2733 1013 3160 844 17456 28931 22560 296
is_linear=0
shrinkage=0.0229654


Tree=84
num_leaves=19
num_cat=0
split_feature=35 3 16 35 16 36 0 26 4 36 29 16 10 36 32 7 27 10
split_gain=468.858 125.059 93.4347 76.3313 76.1956 43.3924 34.1118 41.4464 56.1015 33.8559 32.4051 29.696 27.7925 26.943 26.7836 25.0656 25.2312 23.7498
threshold=25483.000000000004 4.5000000000000009 286.56250000000006 19836.500000000004 271.43750000000006 17409.500000000004 32.500000000000007 18.047656250000006 5.5000000000000009 24629.500000000004 325.6062500000001 529.81250000000011 -0.5 27164.500000000004 841.55625000000009 0.55438071450436044 6.102046130952381 0.6830127018922193
decision_type=2 2 2 2 2 2 2 2 2 2 2 2 2 2 2 2 2 2
left_child=1 3 5 -1 13 -3 7 9 -9 -4 12 -5 -11 -2 -10 -7 17 -17
right_child=4 2 6 11 -6 15 -8 8 14 10 -12 -13 -14 -15 -16 16 -18 -19
leaf_value=-1.8335474403094731 17.422828171845502 -7.5431142667081561 -12.243555965697798 7.6831482395908086 5.6463526168779508 4.8057354340460927 -1.062735171315895 -38.83050055602137 -14.955176748857156 22.711959785463506 -22.254427066922197 -3.6540281231695757 -52.006860539734774 66.09406161175221 -31.790021099511399 -3.6988563150406364 -22.101049041896484 6.2076746533863458
leaf_weight=34280 36939 4289 9410 86952 20104 18820 3541 310 1870 78 463 9056 415 112333 544 16396 69 3931
leaf_count=34280 36939 4289 9410 86952 20104 18820 3541 310 1870 78 463 9056 415 112333 544 16396 69 3931
internal_value=0.000925063 0.000143202 -0.000723073 0.000543042 0.00180408 -0.000163379 -0.00218718 -0.00272813 -0.005249 -0.00206569 -0.00618336 0.000875196 -0.0102809 0.00198284 -0.00406794 7.64812e-05 -0.000481242 -0.000434181
internal_weight=359800 190424 60136 130288 169376 43505 16631 13090 2724 10366 956 96008 493 149272 2414 39216 20396 20327
internal_count=359800 190424 60136 130288 169376 43505 16631 13090 2724 10366 956 96008 493 149272 2414 39216 20396 20327
is_linear=0
shrinkage=0.0229654


Tree=85
num_leaves=19
num_cat=0
split_feature=37 37 37 35 37 37 23 14 23 35 35 14 29 9 32 35 24 9
split_gain=827.44 241.412 131.642 68.063 61.5413 49.3006 44.7354 46.338 39.2059 35.1511 28.7271 27.9909 23.7254 25.8618 28.5817 20.7967 20.4163 21.8201
threshold=23167.259587382465 18797.470132382845 26868.08036656753 24939.500000000004 16571.864639373602 20773.091153354329 -3.2499999999999982 86.062500000000014 -0.075000000000000108 21182.500000000004 28274.500000000004 58.687500000000007 57.906250000000007 0.25000000000000011 815.58125000000018 23358.500000000004 -0.54375000000000007 0.25000000000000011
decision_type=2 2 2 2 2 2 2 2 2 2 2 2 2 2 2 2 2 2
left_child=1 4 8 5 12 9 -6 -8 -2 -3 -10 16 13 14 -1 -7 17 -11
right_child=2 3 -4 -5 6 15 7 -9 10 11 -12 -13 -14 -15 -16 -17 -18 -19
leaf_value=-21.806560621047595 16.064156085697839 -0.72782030388173868 66.636117961406285 -13.333325740260403 -0.64376459329740676 4.8593272478981815 -13.211132025724664 -3.9889269273883241 9.1035039292459459 -18.982145198947695 -9.5693344485314782 -6.2441475544875624 -13.66031513673725 -40.222210185696049 -29.615278060824501 -3.1246107636935649 -12.75485566680481 -28.148879740873639
leaf_weight=339 46319 32369 135678 4842 4484 47029 13810 5736 44566 414 4101 7903 613 303 147 9419 1404 324
leaf_count=339 46319 32369 135678 4842 4484 47029 13810 5736 44566 414 4101 7903 613 303 147 9419 1404 324
internal_value=0.000917148 -0.000554751 0.00174118 -6.3025e-05 -0.00255986 6.71806e-05 -0.00228698 -0.00276158 0.00108548 -0.000524456 0.000630302 -0.00171126 -0.00723689 -0.00987018 -0.0065872 0.000511726 -0.00403985 -0.00713235
internal_weight=359800 129136 230664 103704 25432 98862 24030 19546 94986 42414 48667 10045 1402 789 486 56448 2142 738
internal_count=359800 129136 230664 103704 25432 98862 24030 19546 94986 42414 48667 10045 1402 789 486 56448 2142 738
is_linear=0
shrinkage=0.0229654


Tree=86
num_leaves=19
num_cat=0
split_feature=16 0 3 25 15 16 3 3 15 1 0 25 6 0 6 0 0 14
split_gain=254.502 233.039 121.28 76.1879 81.7884 46.8648 40.2335 40.0037 47.7234 38.8078 35.6496 39.7342 29.3814 28.7631 32.9006 28.2829 27.6311 25.1765
threshold=309.56250000000006 16.500000000000004 4.5000000000000009 7.5393229166666673 10.356250000000003 207.56250000000003 4.5000000000000009 5.5000000000000009 26.818750000000005 22.500000000000004 32.500000000000007 20.338281250000005 1.0000000180025095e-35 13.500000000000002 1.0000000180025095e-35 4.5000000000000009 11.500000000000002 89.062500000000014
decision_type=2 2 2 2 2 2 2 2 2 2 2 2 2 2 2 2 2 2
left_child=1 3 -2 12 -5 9 -7 13 17 -3 11 -4 -1 15 -15 -6 -14 -9
right_child=2 5 10 4 7 6 -8 8 -10 -11 -12 -13 16 14 -16 -17 -18 -19
leaf_value=15.842605696273845 1.9361134273290241 38.779949386185521 -14.89818265706997 3.9270358119394415 2.1989701916555031 22.355018508995396 -5.6192647619425156 -9.2754651141815945 -17.227949105041827 5.9700962861863944 -0.67126851242435015 -26.222935583253651 -1.7156162599931526 11.598206201580464 -15.197193070981672 -4.4769443497134649 -34.743206154897109 1.8937465922956893
leaf_weight=30909 44122 137053 12053 41423 9968 18400 7032 4945 288 14992 4102 2117 561 7743 200 21874 192 1826
leaf_count=30909 44122 137053 12053 41423 9968 18400 7032 4945 288 14992 4102 2117 561 7743 200 21874 192 1826
internal_value=0.000916255 0.00119602 -0.000417245 0.000413986 6.73089e-05 0.00172447 0.000811989 -0.000590068 -0.00218332 0.00187709 -0.00199062 -0.00253641 0.00138045 -0.000307379 0.000928967 -0.000615786 -0.0031017 -0.00179389
internal_weight=359800 297406 62394 119929 88267 177477 25432 46844 7059 152045 18272 14170 31662 39785 7943 31842 753 6771
internal_count=359800 297406 62394 119929 88267 177477 25432 46844 7059 152045 18272 14170 31662 39785 7943 31842 753 6771
is_linear=0
shrinkage=0.0229654


Tree=87
num_leaves=19
num_cat=0
split_feature=37 37 37 35 37 36 15 8 4 11 15 36 36 37 35 36 36 14
split_gain=801.362 231.373 128.451 71.7905 67.8769 64.2234 53.5525 37.9857 45.105 36.3675 35.0524 31.781 28.6074 25.7317 29.4139 40.5455 24.9348 22.8147
threshold=23324.640518476092 19091.612530663104 26868.08036656753 24939.500000000004 16571.864639373602 21004.500000000004 11.781250000000004 -0.44134171618254459 3.5000000000000004 108.00000000000001 10.718750000000004 26178.500000000004 15994.000000000002 21453.201029702428 21573.500000000004 23945.500000000004 22796.500000000004 89.437500000000014
decision_type=2 2 2 2 2 2 2 2 2 2 2 2 2 2 2 2 2 2
left_child=1 4 7 6 12 10 9 8 -2 -3 -6 13 -1 14 -8 -16 -5 -12
right_child=2 3 -4 16 5 -7 11 -9 -10 -11 17 -13 -14 -15 15 -17 -18 -19
leaf_value=-8.8600378437703426 -14.37548967648171 6.6374067446094553 64.408800140187481 -8.5726874490837357 -2.9486883330321771 -27.87744684486076 -1.1407433078164113 14.581007281489907 8.893165203441729 -0.65356729497724275 -10.620582275860501 -20.347942623160982 -31.353071650977366 1.9941898151102004 -10.110785552535001 -33.255213678818393 -18.103538215807138 -1.7292295932592878
leaf_weight=384 3958 31190 135678 3666 11146 1784 16526 60283 26405 18871 14202 1548 1018 20793 7393 497 1822 2636
leaf_count=384 3958 31190 135678 3666 11146 1784 16526 60283 26405 18871 14202 1548 1018 20793 7393 497 1822 2636
internal_value=0.000910383 -0.000500925 0.00174271 2.68476e-05 -0.00223318 -0.0020006 0.000171687 0.00107335 0.000410931 0.000693674 -0.00173127 -0.000387185 -0.00717137 -0.000276394 -0.000782005 -0.00193561 -0.00252837 -0.00239256
internal_weight=359800 133476 226324 102306 31170 29768 96818 90646 30363 50061 27984 46757 1402 45209 24416 7890 5488 16838
internal_count=359800 133476 226324 102306 31170 29768 96818 90646 30363 50061 27984 46757 1402 45209 24416 7890 5488 16838
is_linear=0
shrinkage=0.0229654


Tree=88
num_leaves=19
num_cat=0
split_feature=37 37 37 37 15 23 8 4 11 29 3 4 22 15 23 15 29 29
split_gain=779.373 217.627 130.651 67.0138 66.8789 45.9955 38.1051 41.0163 32.9276 24.4206 26.3401 25.3464 26.9068 24.1011 23.6845 24.3822 21.8006 20.3981
threshold=23324.640518476092 19161.366179972218 27011.664572983358 16571.864639373602 11.781250000000004 -2.8999999999999977 -0.44134171618254459 3.5000000000000004 108.00000000000001 57.906250000000007 5.5000000000000009 5.5000000000000009 21.273784722222228 20.806250000000006 5.6937499999999996 15.656250000000004 1.5750000000000031 380.89375000000013
decision_type=2 2 2 2 2 2 2 2 2 2 2 2 2 2 2 2 2 2
left_child=1 3 6 9 8 -5 7 -2 -3 11 -11 -1 -13 -6 15 -7 -15 -16
right_child=2 4 -4 5 13 14 -8 -9 -10 10 -12 12 -14 16 17 -17 -18 -19
leaf_value=-38.478759946428958 -13.249491280808858 6.1067548329033325 65.930645717470554 -1.4506206723535544 -1.8988201802366051 -6.4874942865339698 14.499108062366624 8.9001265102872438 -0.74395749884968909 -19.353028320459469 10.972888271879707 -20.831037643035135 -27.829263281876862 -35.095724805091237 -14.351731670439628 -13.604204781228075 -7.4866500707467845 -36.498386939382826
leaf_weight=303 4169 31771 132911 8125 41330 13992 62370 26874 19151 339 274 340 146 447 2556 6430 8200 72
leaf_count=303 4169 31771 132911 8125 41330 13992 62370 26874 19151 339 274 340 146 447 2556 6430 8200 72
internal_value=0.000911531 -0.000480278 0.00173236 -0.00211226 4.66369e-05 -0.00189138 0.00107418 0.000416726 0.000632381 -0.00702394 -0.0035853 -0.00969554 -0.00644544 -0.000550183 -0.0024151 -0.00215102 -0.00165276 -0.00446724
internal_weight=359800 133476 226324 32577 100899 31175 93413 31043 50922 1402 613 789 486 49977 23050 20422 8647 2628
internal_count=359800 133476 226324 32577 100899 31175 93413 31043 50922 1402 613 789 486 49977 23050 20422 8647 2628
is_linear=0
shrinkage=0.0229654


Tree=89
num_leaves=19
num_cat=0
split_feature=35 5 35 23 15 36 15 36 15 0 12 4 24 28 10 22 10 32
split_gain=445.646 110.754 71.4435 68.9875 67.5327 54.6669 42.6363 37.5492 30.7259 28.9939 30.2152 21.4425 21.2184 21.0981 22.06 20.6817 20.2109 25.671
threshold=26421.500000000004 1.0000000180025095e-35 19836.500000000004 5.1750000000000043 17.106250000000006 25622.500000000004 11.668750000000003 18218.000000000004 20.406250000000004 34.500000000000007 8.5062500000000032 5.5000000000000009 1.9500000000000006 5.3294064364876403 -0.9330127018922193 16.276171875000006 -0.68301270189221952 134.99375000000006
decision_type=2 2 2 2 2 2 2 2 2 2 2 2 2 2 2 2 2 2
left_child=1 2 16 4 7 8 -4 -3 -2 10 -8 -10 -13 -5 -15 -16 -1 -18
right_child=5 3 6 13 -6 -7 9 -9 11 -11 -12 12 -14 14 15 -17 17 -19
leaf_value=0.8286757437456268 12.898840594975566 -4.9338571213853584 11.844784964490895 -13.291709523312981 -10.33546242629699 49.772396751010113 7.4668435146805106 2.344999462466447 2.0500929573131335 12.070722506116116 -1.5518980788014272 -10.411950769304687 -52.151001505377899 -5.9138834934652875 -12.287893296135724 -33.648497187019174 -1.2669553545743242 -9.0350176453568718
leaf_weight=18536 16532 9566 53247 4119 12509 129840 11633 38970 1079 13786 32542 689 260 251 124 373 9735 6009
leaf_count=18536 16532 9566 53247 4119 12509 129840 11633 38970 1079 13786 32542 689 260 251 124 373 9735 6009
internal_value=0.000907702 0.000230523 0.000584332 -0.000550442 -0.000340653 0.00187236 0.000866882 4.71271e-05 0.000706533 0.000435884 0.000148944 -0.00196135 -0.00447934 -0.00318175 -0.00672997 -0.00953272 -0.000332288 -0.000937346
internal_weight=359800 211400 145488 65912 61045 148400 111208 48536 18560 57961 44175 2028 949 4867 748 497 34280 15744
internal_count=359800 211400 145488 65912 61045 148400 111208 48536 18560 57961 44175 2028 949 4867 748 497 34280 15744
is_linear=0
shrinkage=0.0229654


Tree=90
num_leaves=19
num_cat=0
split_feature=35 3 8 35 16 16 23 35 26 36 36 6 10 21 8 3 35 36
split_gain=437.708 106.175 128.243 68.8672 57.8479 34.7415 33.0275 25.9359 25.713 23.9878 23.836 21.2786 29.2194 47.9697 21.5414 20.2358 28.7051 27.9692
threshold=26421.500000000004 4.5000000000000009 0.19467261866128602 19836.500000000004 265.31250000000006 535.06250000000011 6.3250000000000028 22946.500000000004 20.159505208333339 20882.500000000004 28227.500000000004 1.0000000180025095e-35 0.6830127018922193 9.1175781250000032 0.65793410509763406 2.5000000000000004 17834.500000000004 19257.500000000004
decision_type=2 2 2 2 2 2 2 2 2 2 2 2 2 2 2 2 2 2
left_child=1 3 6 15 10 11 -3 -4 -7 -6 -2 -5 -13 -14 -15 -1 17 -17
right_child=4 2 7 5 9 8 -8 -9 -10 -11 -12 12 13 14 -16 16 -18 -19
leaf_value=-0.16644489890540709 20.449398793250214 -8.2821567521208657 -0.11547313670852162 8.3058508484518843 -33.800968926425988 -7.2438496527408525 -17.10229828619002 10.006773608889997 28.420543380804627 9.287893009310384 78.756687277940046 3.4979070727567114 -3.3735407670657556 -32.706162764492504 -19.595985724820999 -9.412396161276277 -3.6479090585763818 -27.328138170750329
leaf_weight=26792 35282 32320 18000 98315 456 7900 2392 13200 1525 15161 97501 2420 744 136 168 616 6384 488
leaf_count=26792 35282 32320 18000 98315 456 7900 2392 13200 1525 15161 97501 2420 744 136 168 616 6384 488
internal_value=0.000902404 0.000231284 -0.000533369 0.000577703 0.00185843 0.000855111 -0.00149376 0.000535124 -0.000478801 0.000536306 0.00201393 0.00097863 -0.000789353 -0.00399265 -0.0116791 -0.000322239 -0.00137768 -0.00479694
internal_weight=359800 211400 65912 145488 148400 111208 34712 31200 9425 15617 132783 101783 3468 1048 304 34280 7488 1104
internal_count=359800 211400 65912 145488 148400 111208 34712 31200 9425 15617 132783 101783 3468 1048 304 34280 7488 1104
is_linear=0
shrinkage=0.0229654


Tree=91
num_leaves=19
num_cat=0
split_feature=37 37 37 35 37 36 37 36 9 14 36 35 36 36 36 35 11 9
split_gain=747.741 212.302 116.12 77.6499 68.1934 53.1869 43.1897 45.453 38.0596 32.3247 31.005 30.6033 30.1915 29.5681 25.4148 24.9466 22.4927 22.4069
threshold=23785.09947273909 19161.366179972218 27223.827058536357 24939.500000000004 16571.864639373602 21004.500000000004 21227.09264132009 22917.500000000004 -0.93301270189221908 89.187500000000014 22796.500000000004 28800.500000000004 15994.000000000002 25441.500000000004 28472.500000000004 23117.500000000004 108.00000000000001 -0.93301270189221908
decision_type=2 2 2 2 2 2 2 2 2 2 2 2 2 2 2 2 2 2
left_child=1 4 11 6 12 9 7 15 -9 -6 -5 14 -1 16 -2 -3 -8 -12
right_child=2 3 -4 10 5 -7 13 8 -10 -11 17 -13 -14 -15 -16 -17 -18 -19
leaf_value=-7.1623322117965227 14.981723078713962 0.55884891385525115 66.802899696527561 -6.2107616068098555 -7.972753107008395 -25.082512020096456 8.712945507018512 -51.807582794560041 -9.7148927484420735 -0.17633852442493494 -42.920676423780129 -6.5338696548377246 -29.234073941304501 -6.8876278424653892 -1.3603445656246325 -14.353582159773371 1.7938196776536062 -13.658842952358071
leaf_weight=384 73280 38804 128583 4691 23243 1938 33440 67 4412 5994 198 4962 1018 5646 6653 2866 20506 3115
leaf_count=384 73280 38804 128583 4691 23243 1938 33440 67 4412 5994 198 4962 1018 5646 6653 2866 20506 3115
internal_value=0.000895447 -0.000369118 0.0017622 9.90333e-05 -0.0020037 -0.00178088 0.000264119 -0.000263299 -0.00246164 -0.00153666 -0.00208192 0.00110303 -0.00695842 0.000672561 0.00121167 -2.70051e-05 0.000838055 -0.00378274
internal_weight=359800 146322 213478 113745 32577 31175 105741 46149 4479 29237 8004 84895 1402 59592 79933 41670 53946 3313
internal_count=359800 146322 213478 113745 32577 31175 105741 46149 4479 29237 8004 84895 1402 59592 79933 41670 53946 3313
is_linear=0
shrinkage=0.0229654


Tree=92
num_leaves=19
num_cat=0
split_feature=16 1 3 25 15 8 25 7 3 15 16 3 8 30 15 28 11 11
split_gain=241.39 227.376 107.464 67.8269 71.4496 36.3322 35.6456 35.6448 39.6141 32.0394 30.2189 24.3204 23.4737 22.8156 51.8301 29.8597 22.5124 21.6713
threshold=286.56250000000006 7.5000000000000009 4.5000000000000009 7.5393229166666673 10.356250000000003 -0.44134171618254459 20.338281250000005 -0.13052619222005171 4.5000000000000009 26.818750000000005 139.68750000000003 4.5000000000000009 -0.5 382.94375000000008 16.393750000000008 -0.22334119496855417 108.00000000000001 84.000000000000014
decision_type=2 2 2 2 2 2 2 2 2 2 2 2 2 2 2 2 2 2
left_child=1 3 12 16 17 6 -4 -3 -9 13 -10 -11 -2 14 15 -6 -1 -5
right_child=2 7 5 4 9 -7 -8 8 10 11 -12 -13 -14 -15 -16 -17 -18 -19
leaf_value=17.822290433753331 -0.32476643338109912 34.096852673067559 -13.399219243300424 6.1281065306348372 -6.5124504733963162 0.23067639921688102 -23.247288640837894 20.069764104227747 8.5585257260594112 -2.587556234168813 -9.3667076527127993 -15.620565580952901 15.246675905678602 -0.010285941253983048 -11.981814483078193 0.80337471842696007 5.3960633853490476 1.1899662916955227
leaf_weight=18385 36569 115985 12981 21504 4732 4567 2208 40418 11467 341 4356 382 11353 25925 3736 11694 13279 19918
leaf_count=18385 36569 115985 12981 21504 4732 4567 2208 40418 11467 341 4356 382 11353 25925 3736 11694 13279 19918
internal_value=0.000893723 0.00118004 -0.000342116 0.000412127 8.49048e-05 -0.00176739 -0.00230743 0.00171463 0.00124017 -0.000529858 0.000266041 -0.00532683 0.000245459 -0.000454604 -0.00103402 -0.000478714 0.00132393 0.000779633
internal_weight=359800 292122 67678 119896 88232 19756 15189 172226 56241 46810 15823 723 47922 46087 20162 16426 31664 41422
internal_count=359800 292122 67678 119896 88232 19756 15189 172226 56241 46810 15823 723 47922 46087 20162 16426 31664 41422
is_linear=0
shrinkage=0.0229654


Tree=93
num_leaves=19
num_cat=0
split_feature=36 1 15 25 3 11 14 16 3 16 3 15 15 29 16 28 30 24
split_gain=418.256 123.199 112.391 67.8683 64.2554 48.8097 38.6409 38.5914 26.6041 26.4778 28.1333 25.5423 23.4243 34.457 28.3236 22.0472 23.8385 19.9294
threshold=27372.500000000004 17.500000000000004 10.718750000000004 6.9348958333333348 4.5000000000000009 108.00000000000001 85.437500000000014 364.81250000000006 4.5000000000000009 706.43750000000011 4.5000000000000009 27.356250000000006 21.081250000000008 36.23125000000001 563.06250000000011 -1.7217592592592588 1280.6937500000004 -3.1249999999999969
decision_type=2 2 2 2 2 2 2 2 2 2 2 2 2 2 2 2 2 2
left_child=1 2 5 -4 12 9 -6 -2 -9 -1 -11 -8 17 14 -14 16 -10 -5
right_child=7 -3 3 4 6 -7 11 8 15 10 -12 -13 13 -15 -16 -17 -18 -19
leaf_value=7.4876662809850769 48.432450457970162 12.281395679337237 8.6545591413764118 -6.8759464845417959 -11.303861559186565 -0.24766769708485006 0.43144111606297375 6.2302732559316247 -43.597713866469775 -1.3202150619208375 -27.898518274523948 -18.809425583480802 -13.90845073110008 -3.0821485449516239 -40.896389375935051 -11.569431752250919 6.8930180023249008 0.35159556400762348
leaf_weight=49177 124506 41632 12559 3483 24047 30376 7289 5178 128 680 270 72 1490 6307 381 259 65 51901
leaf_count=49177 124506 41632 12559 3483 24047 30376 7289 5178 128 680 270 72 1490 6307 381 259 65 51901
internal_value=0.000888936 0.000299527 4.92452e-05 -0.000436567 -0.000646378 0.000698151 -0.00149617 0.00192913 6.9345e-05 0.00113835 -0.00265915 -4.02463e-05 -0.000226467 -0.00137377 -0.0041107 -0.00527391 -0.0111495 -5.70568e-05
internal_weight=359800 229664 188032 107529 94970 80503 31408 130136 5630 50127 950 7361 63562 8178 1871 452 193 55384
internal_count=359800 229664 188032 107529 94970 80503 31408 130136 5630 50127 950 7361 63562 8178 1871 452 193 55384
is_linear=0
shrinkage=0.0229654


Tree=94
num_leaves=19
num_cat=0
split_feature=37 37 37 35 37 15 36 11 36 36 36 36 37 14 35 36 9 35
split_gain=720.24 198.033 116.35 76.0602 63.2785 51.6694 50.6385 36.7998 31.785 31.7537 29.5192 28.8506 27.736 27.3401 27.1474 40.061 24.1002 23.0175
threshold=23979.48748262435 19161.366179972218 27223.827058536357 25151.500000000004 16571.864639373602 13.131250000000003 21004.500000000004 108.00000000000001 28384.500000000004 15994.000000000002 26178.500000000004 22796.500000000004 21971.225937209423 89.187500000000014 22407.500000000004 24453.500000000004 -0.6830127018922193 28609.000000000004
decision_type=2 2 2 2 2 2 2 2 2 2 2 2 2 2 2 2 2 2
left_child=1 4 8 5 9 7 13 -3 17 -1 12 -5 14 -6 -7 -16 -17 -2
right_child=2 3 -4 11 6 10 -8 -9 -10 -11 -12 -13 -14 -15 15 16 -18 -19
leaf_value=-6.4027088597214483 14.560789733826558 6.2471023387383102 63.850713816572586 -5.5843102836050065 -7.6053328744204469 -1.4439770302860404 -24.224160372897892 -0.1556632360905903 -2.3742234388954384 -27.998331375626243 -16.508034213473994 -14.874131160091853 3.2897767221531833 -0.18231656743448596 -10.144126528890416 -46.338974741001508 -14.690800964382239 -4.1243686568332336
leaf_weight=384 66894 41829 128583 4403 23243 18413 1938 25593 7714 1018 2305 3539 17764 5994 5147 123 221 4695
leaf_count=384 66894 41829 128583 4403 23243 18413 1938 25593 7714 1018 2305 3539 17764 5994 5147 123 221 4695
internal_value=0.000881851 -0.000320125 0.0017602 0.000113098 -0.00190712 0.000267908 -0.00169248 0.000667346 0.00106839 -0.00667995 -0.000344536 -0.00205827 -0.000204588 -0.00145418 -0.000715363 -0.00213259 -0.00972024 0.00121931
internal_weight=359800 151914 207886 119337 32577 111395 31175 67422 79303 1402 43973 7942 41668 29237 23904 5491 344 71589
internal_count=359800 151914 207886 119337 32577 111395 31175 67422 79303 1402 43973 7942 41668 29237 23904 5491 344 71589
is_linear=0
shrinkage=0.0229654


Tree=95
num_leaves=19
num_cat=0
split_feature=16 0 5 25 15 8 26 9 0 34 9 16 27 5 15 15 6 0
split_gain=227.003 223.002 100.303 64.7524 63.5423 36.3122 36.1078 55.9713 34.7444 34.676 34.2207 32.8749 31.4436 28.6336 26.1943 25.1441 24.9203 28.3898
threshold=271.43750000000006 16.500000000000004 1.0000000180025095e-35 7.5393229166666673 9.8562500000000028 -0.5 18.047656250000006 0.25000000000000011 46.500000000000007 0.39930555555555564 -0.6830127018922193 182.31250000000003 8.4701822916666689 1.0000000180025095e-35 17.106250000000006 13.581250000000004 1.0000000180025095e-35 14.500000000000002
decision_type=2 2 2 2 2 2 2 2 2 2 2 2 2 2 2 2 2 2
left_child=1 3 -2 16 -5 6 -4 9 11 -8 -6 -3 -12 -13 -10 -11 -1 -18
right_child=2 8 5 4 10 -7 7 -9 14 15 12 13 -14 -15 -16 -17 17 -19
leaf_value=13.847329971702681 2.5709396856271174 35.05710556918914 -12.500310498870581 3.9957036452901149 -5.7012333567448952 0.75254471760366748 -3.437730825248043 -31.764545531228979 7.85775972727627 -12.296674679019448 -0.22238208552222749 23.818454290158641 -18.353647144903366 -2.5722152814133508 -5.4436929444654361 -30.118438420139181 -7.2691824405946903 -37.981370338847221
leaf_weight=30909 50583 129781 13075 37658 13120 4906 1153 314 12593 990 37362 17302 99 6443 2383 376 677 76
leaf_count=30909 50583 129781 13075 37658 13120 4906 1153 314 12593 990 37362 17302 99 6443 2383 376 677 76
internal_value=0.000879745 0.00116676 -0.000279617 0.000409716 9.00253e-05 -0.0016215 -0.0021542 -0.00450472 0.00170544 -0.00336504 -0.000441728 0.00180844 -8.82176e-05 0.00102278 0.000649583 -0.00584054 0.00130066 -0.00282722
internal_weight=359800 288403 71397 119901 88239 20814 15908 2833 168502 2519 50581 153526 37461 23745 14976 1366 31662 753
internal_count=359800 288403 71397 119901 88239 20814 15908 2833 168502 2519 50581 153526 37461 23745 14976 1366 31662 753
is_linear=0
shrinkage=0.0229654


Tree=96
num_leaves=19
num_cat=0
split_feature=35 35 8 5 16 15 15 14 36 11 11 14 15 25 24 36 24 28
split_gain=425.957 95.6659 82.4489 52.1235 49.7629 44.9959 36.8327 29.9684 28.5507 27.553 27.2807 25.9928 32.8714 39.5843 25.7169 25.5057 29.5141 25.094
threshold=27337.500000000004 20521.500000000004 -0.5 1.0000000180025095e-35 274.56250000000006 16.931250000000006 10.481250000000003 69.062500000000014 20882.500000000004 108.00000000000001 108.00000000000001 59.812500000000007 20.406250000000004 16.411197916666669 -4.9750000000000005 17856.500000000004 2.25 2.5065588235294132
decision_type=2 2 2 2 2 2 2 2 2 2 2 2 2 2 2 2 2 2
left_child=1 6 3 11 -2 10 9 -5 -6 -1 -4 12 14 -14 17 16 -8 -3
right_child=4 2 5 7 8 -7 15 -9 -10 -11 -12 -13 13 -15 -16 -17 -18 -19
leaf_value=2.9423830733130445 51.895070576459041 -11.791453815061541 10.799525373259835 -17.299244933607341 -38.236548394112248 -0.089938064490300243 -8.1380300521343027 -4.2273910070138667 8.0632756402181869 -3.698436674832819 4.9764864790974483 6.6289389216971379 -16.306598930617934 -55.308895415808415 -0.84062352422524811 -3.3209387392711673 -17.348720230920939 -25.537853848557862
leaf_weight=17557 119546 104 58374 5888 258 22743 5951 7200 10252 10546 35691 25059 790 244 7725 31161 641 70
leaf_count=17557 119546 104 58374 5888 258 22743 5951 7200 10252 10546 35691 25059 790 244 7725 31161 641 70
internal_value=0.000871256 0.000276732 0.000573799 -0.000237556 0.00192148 0.000900819 -0.000462544 -0.00146903 0.000406429 0.000166951 0.00112245 0.000236599 -0.000827043 -0.00467748 -0.00032301 -0.000931135 -0.00222895 -0.00905418
internal_weight=359800 229744 163888 47080 130056 116808 65856 13088 10510 28103 94065 33992 8933 1034 7899 37753 6592 174
internal_count=359800 229744 163888 47080 130056 116808 65856 13088 10510 28103 94065 33992 8933 1034 7899 37753 6592 174
is_linear=0
shrinkage=0.0229654


Tree=97
num_leaves=19
num_cat=0
split_feature=35 0 3 0 6 15 36 30 15 11 15 15 3 28 16 11 36 9
split_gain=418.476 96.0987 92.7649 80.5319 66.9026 59.5857 49.3076 41.6429 38.7316 34.4195 33.0705 32.9392 32.7355 31.3729 26.5917 25.1531 24.5994 25.6757
threshold=27337.500000000004 35.500000000000007 4.5000000000000009 8.5000000000000018 1.0000000180025095e-35 10.781250000000004 27525.500000000004 382.94375000000008 20.406250000000004 108.00000000000001 26.818750000000005 15.168750000000003 2.5000000000000004 -2.0396385017421594 706.43750000000011 132.00000000000003 24629.500000000004 -0.93301270189221908
decision_type=2 2 2 2 2 2 2 2 2 2 2 2 2 2 2 2 2 2
left_child=1 2 4 10 5 9 8 12 -2 -1 -4 14 13 -7 15 -5 17 -14
right_child=6 -3 3 11 -6 7 -8 -9 -10 -11 -12 -13 16 -15 -16 -17 -18 -19
leaf_value=9.2414859591821461 17.641149123745937 10.345102152468986 3.3407782317233194 -1.7311680516633408 -10.219069264605935 -11.992389777245219 64.934614748906966 3.9667824828744185 -10.41965119018824 2.3000260654219273 -11.810803413291888 -14.489064665356223 3.2804668397960826 2.1390260880994929 -15.160078486226876 -12.199262154721753 6.7499293395912341 -10.838337068397944
leaf_weight=33897 22044 44080 16128 19499 4680 2208 105272 36062 2740 20507 232 12349 1576 18917 1013 6187 2794 9615
leaf_count=33897 22044 44080 16128 19499 4680 2208 105272 36062 2740 20507 232 12349 1576 18917 1013 6187 2794 9615
internal_value=0.000863213 0.000273933 4.5074e-05 -0.000741999 0.000379877 0.000480354 0.00190418 4.29804e-05 0.00098259 0.00105253 0.000610633 -0.00130871 -0.000520008 5.05512e-05 -0.000855085 -0.000711153 -0.00138187 -0.00186313
internal_weight=359800 229744 185664 55408 130256 125576 130056 71172 24784 54404 16360 39048 35110 21125 26699 25686 13985 11191
internal_count=359800 229744 185664 55408 130256 125576 130056 71172 24784 54404 16360 39048 35110 21125 26699 25686 13985 11191
is_linear=0
shrinkage=0.0229654


Tree=98
num_leaves=19
num_cat=0
split_feature=36 15 0 15 25 5 5 24 36 36 22 0 4 21 33 24 9 13
split_gain=401.51 116.528 93.1415 53.0169 44.2836 32.1446 30.252 29.123 26.3687 23.2665 21.4675 47.0096 20.5937 19.5942 29.2298 18.9618 33.3364 22.4883
threshold=27525.500000000004 17.656250000000004 35.500000000000007 9.5437500000000028 7.5393229166666673 1.0000000180025095e-35 1.0000000180025095e-35 -2.8249999999999975 29801.500000000004 18788.500000000004 15.645876736111111 14.500000000000002 1.5000000000000002 6.1615885416666671 0.70486111111111127 2.3750000000000031 -0.93301270189221908 15.943750000000003
decision_type=2 2 2 2 2 2 2 2 2 2 2 2 2 2 2 2 2 2
left_child=1 2 3 9 -5 10 7 -6 -2 -1 -3 -12 -7 -14 -15 -8 17 -17
right_child=8 5 -4 4 6 12 15 -9 -10 -11 11 -13 13 14 -16 16 -18 -19
leaf_value=-0.90863256696945971 19.22847516695883 -0.11283217993397553 13.170594942770778 9.1089940206449462 -7.0232093965704285 9.3096844803284817 -4.2095345764111887 1.0748735087943069 76.120537361780634 6.8874783779704405 -21.104739334249398 -5.6509770058696827 9.1493171397177999 -11.248477342268419 -24.552620803880423 -35.763998645692851 -8.5322139057885931 20.105448609907775
leaf_weight=11062 36376 19395 38273 14321 4118 1052 22570 48167 90944 52562 679 5223 802 11394 125 292 2366 79
leaf_count=11062 36376 19395 38273 14321 4118 1052 22570 48167 90944 52562 679 5223 802 11394 125 292 2366 79
internal_value=0.000859448 0.000291711 0.000521376 0.000271636 -8.11295e-05 -0.000859347 -0.000297693 1.77891e-05 0.00189611 0.000781251 -0.00037793 -0.00159069 -0.00177002 -0.00203335 -0.00227501 -0.000949488 -0.00275467 -0.00915521
internal_weight=359800 232480 193810 155537 91913 38670 77592 52285 127320 63624 25297 5902 13373 12321 11519 25307 2737 371
internal_count=359800 232480 193810 155537 91913 38670 77592 52285 127320 63624 25297 5902 13373 12321 11519 25307 2737 371
is_linear=0
shrinkage=0.0229654


Tree=99
num_leaves=19
num_cat=0
split_feature=37 37 37 35 37 8 37 35 8 4 29 21 4 32 35 37 35 13
split_gain=678.053 165.912 130.987 76.037 60.477 41.1135 36.097 34.0591 33.8647 32.9589 32.9074 26.1728 23.7796 24.6289 20.7717 20.7399 19.0916 24.8582
threshold=23979.48748262435 19435.448731896166 27508.88673103532 25151.500000000004 16571.864639373602 -0.5 22027.651292515438 22530.500000000004 -0.55438071450436044 3.5000000000000004 57.906250000000007 7.1886718750000007 5.5000000000000009 815.58125000000018 27194.500000000004 17350.890228859495 29595.000000000004 6.7062500000000016
decision_type=2 2 2 2 2 2 2 2 2 2 2 2 2 2 2 2 2 2
left_child=1 4 5 6 10 9 7 -3 11 16 12 -6 -1 -14 -5 -10 -2 -18
right_child=2 3 -4 14 8 -7 -8 -9 15 -11 -12 -13 13 -15 -16 -17 17 -19
leaf_value=-33.819364461148744 -8.5184813114042477 0.74057413943073003 64.575163577831191 -7.4428906954460343 -34.516152389266544 13.365917190522243 6.2322912196905991 -8.0668300862137965 -7.4465962412677875 6.8819643414290672 -8.977121382248674 -12.474489602596051 -16.501533954455713 -23.584992453824942 -17.151057177792126 -3.44636292875663 -14.43158349931179 -43.385797268044094
leaf_weight=303 3291 50262 123063 6091 63 60298 46098 9356 2680 20373 613 9310 339 147 1845 24807 583 278
leaf_count=303 3291 50262 123063 6091 63 60298 46098 9356 2680 20373 613 9310 339 147 1845 24807 583 278
internal_value=0.000852618 -0.000313625 0.00170486 0.000126737 -0.00162166 0.0010105 0.00028949 -8.36674e-05 -0.00144359 0.000217715 -0.0063032 -0.00263564 -0.00940447 -0.00625642 -0.00204131 -0.00103711 -0.00164718 -0.00469177
internal_weight=359800 151914 207886 113652 38262 84823 105716 59618 36860 24525 1402 9373 789 486 7936 27487 4152 861
internal_count=359800 151914 207886 113652 38262 84823 105716 59618 36860 24525 1402 9373 789 486 7936 27487 4152 861
is_linear=0
shrinkage=0.0229654


Tree=100
num_leaves=19
num_cat=0
split_feature=37 37 15 37 36 35 37 36 37 36 14 23 36 37 24 35 35 35
split_gain=671.274 225.886 74.2439 60.6696 44.2763 40.6491 35.7465 29.456 29.4488 32.377 29.4194 29.9176 28.6193 28.5926 25.6082 23.1197 22.2895 20.2756
threshold=26137.152025358548 19710.194226256823 13.131250000000003 16571.864639373602 21816.500000000004 28984.500000000004 27976.737459534634 30369.500000000004 23426.150605651444 24779.500000000004 89.062500000000014 -3.674999999999998 15994.000000000002 22473.776592932831 2.3750000000000031 26909.500000000004 25151.500000000004 23117.500000000004
decision_type=2 2 2 2 2 2 2 2 2 2 2 2 2 2 2 2 2 2
left_child=1 3 7 12 10 8 -2 13 9 16 11 -5 -1 17 -13 -9 -4 -3
right_child=6 2 5 4 -6 -7 -8 15 -10 -11 -12 14 -14 -15 -16 -17 -18 -19
leaf_value=-4.9546004684246592 17.881430329105019 3.0966578166947971 -0.38205729409340561 0.13473499203150038 -25.389712003919286 -20.889310753854726 71.779337453005297 -9.3545426500779829 3.6681233912360409 -12.869939974887647 0.27430655359593276 -6.6696901124685395 -25.744384009526946 11.774451755690752 -12.169778375848139 -51.542477658271608 -13.351086986984853 -5.5572193664900755
leaf_weight=384 36549 35894 29857 5780 2099 1482 114690 375 30942 5227 8389 23333 1018 53902 2972 81 2396 4430
leaf_count=384 36549 35894 29857 5780 2099 1482 114690 375 30942 5227 8389 23333 1018 53902 2972 81 2396 4430
internal_value=0.000851661 6.94826e-06 0.000397617 -0.00145522 -0.00130042 -0.000170046 0.00201653 0.000816725 -8.85427e-05 -0.00052144 -0.00113176 -0.00144836 -0.00615578 0.000844904 -0.00177708 -0.00500606 -0.000249712 0.000382377
internal_weight=359800 208561 164586 43975 42573 69904 151239 94682 68422 37480 40474 32085 1402 94226 26305 456 32253 40324
internal_count=359800 208561 164586 43975 42573 69904 151239 94682 68422 37480 40474 32085 1402 94226 26305 456 32253 40324
is_linear=0
shrinkage=0.0229654


Tree=101
num_leaves=19
num_cat=0
split_feature=36 1 25 5 14 16 23 24 9 6 1 6 24 6 8 5 22 14
split_gain=391.6 101.062 73.8358 79.0346 54.68 38.3819 38.3706 33.1466 71.5089 32.2128 40.8919 29.7206 26.6068 25.996 29.5486 24.7313 23.5441 23.3461
threshold=27525.500000000004 17.500000000000004 6.7986979166666668 1.0000000180025095e-35 85.437500000000014 364.81250000000006 -3.3124999999999969 2.575000000000002 -0.93301270189221908 1.0000000180025095e-35 8.5000000000000018 1.0000000180025095e-35 -3.1249999999999969 1.0000000180025095e-35 -0.32075123873380501 1.0000000180025095e-35 11.748394097222226 58.687500000000007
decision_type=2 2 2 2 2 2 2 2 2 2 2 2 2 2 2 2 2 2
left_child=1 2 13 11 6 9 -5 -8 16 -2 -11 12 -4 -1 -15 -7 -9 -17
right_child=5 -3 3 4 -6 15 7 8 -10 10 -12 -13 -14 14 -16 17 -18 -19
leaf_value=13.453643295536423 45.587710477825063 10.588407923951936 -5.7136361896960368 2.560266792987838 1.7574403895020314 3.9236926164952979 -7.9602612062873455 -49.758648008122073 -10.255584461497646 -22.264399724071119 6.4598539309471841 -7.5009010630632558 2.4555661438226792 -36.855918626586423 -7.3238634167470371 -38.636621626826603 -18.547536674787416 -36.966401908288212
leaf_weight=23854 119440 42872 5910 5055 14336 4846 31026 263 2352 280 2327 3737 102258 104 559 125 154 302
leaf_count=23854 119440 42872 5910 5055 14336 4846 31026 263 2352 280 2327 3737 102258 104 559 125 154 302
internal_value=0.000852299 0.000291612 6.39275e-05 -0.000110716 -0.000839581 0.00187609 -0.00128689 -0.00156602 -0.00397354 0.00195897 -0.000566427 0.000235698 0.000305263 0.00123993 -0.00324564 -4.22462e-05 -0.0127384 -0.00534067
internal_weight=359800 232480 189608 165091 53186 127320 38850 33795 2769 122047 2607 111905 108168 24517 663 5273 417 427
internal_count=359800 232480 189608 165091 53186 127320 38850 33795 2769 122047 2607 111905 108168 24517 663 5273 417 427
is_linear=0
shrinkage=0.0229654


Tree=102
num_leaves=19
num_cat=0
split_feature=37 37 15 37 11 36 37 35 29 37 36 15 22 35 11 36 35 36
split_gain=663.905 208.674 73.4022 55.9966 42.756 40.0874 35.9956 35.1209 33.0278 29.2553 33.6419 28.4063 21.4461 21.5661 21.3268 19.8419 19.9614 19.7119
threshold=26202.290285372062 19839.233453344215 12.881250000000003 16571.864639373602 108.00000000000001 21816.500000000004 28598.859669692931 28882.500000000004 57.906250000000007 22689.98080292749 24779.500000000004 15.168750000000003 14.458376736111115 17545.500000000004 108.00000000000001 30369.500000000004 25661.500000000004 26879.500000000004
decision_type=2 2 2 2 2 2 2 2 2 2 2 2 2 2 2 2 2 2
left_child=1 3 4 8 15 11 -2 9 12 10 -4 14 -1 -14 -5 -3 -17 -11
right_child=6 2 7 5 -6 -7 -8 -9 -10 17 -12 -13 13 -15 -16 16 -18 -19
leaf_value=-34.48371567556643 19.44814094884671 8.9263894913851338 -1.9535108987472476 -0.88074545634202839 1.5245359993285557 -23.564860485196537 81.517131304148165 -18.951900283065566 -7.9583998916198047 4.3952763405228445 -16.133321174103134 -8.9042204058942591 -27.951654025632561 -5.8697659162006257 -6.8738828678493693 -3.8744304508356313 -40.33767706292317 -5.3168539674250148
leaf_weight=101 45103 56254 25895 19687 34512 2455 104714 1743 613 34396 2784 11111 436 252 12172 207 93 7272
leaf_count=101 45103 56254 25895 19687 34512 2455 104714 1743 613 34396 2784 11111 436 252 12172 207 93 7272
internal_value=0.000844129 1.08603e-05 0.000398709 -0.00134049 0.000832107 -0.00120098 0.00201204 -0.00014877 -0.00586093 -6.89807e-05 -0.000633493 -0.00103791 -0.00896786 -0.00751717 -0.0006892 0.00122084 -0.00466963 0.000319558
internal_weight=359800 209983 163156 46827 91066 45425 149817 72090 1402 70347 28679 42970 789 688 31859 56554 300 41668
internal_count=359800 209983 163156 46827 91066 45425 149817 72090 1402 70347 28679 42970 789 688 31859 56554 300 41668
is_linear=0
shrinkage=0.0229654


Tree=103
num_leaves=19
num_cat=0
split_feature=37 37 15 37 11 23 14 29 37 35 37 35 22 12 22 6 3 35
split_gain=655.531 203.349 69.0647 54.5072 42.8914 35.9967 33.3296 32.6745 30.8748 30.5122 29.0585 29.0229 21.8543 20.3615 18.5631 17.8265 35.4873 16.9733
threshold=26401.24440824152 19839.233453344215 12.881250000000003 16571.864639373602 108.00000000000001 -2.6499999999999986 87.312500000000014 61.943750000000001 28598.859669692931 29483.000000000004 23634.054453938876 23980.500000000004 14.458376736111115 19.356250000000006 10.669835069444447 1.0000000180025095e-35 1.5000000000000002 17545.500000000004
decision_type=2 2 2 2 2 2 2 2 2 2 2 2 2 2 2 2 2 2
left_child=1 3 4 7 15 -5 -7 12 -2 10 11 -4 -1 -14 -6 -3 -17 -15
right_child=8 2 9 5 14 6 -8 -9 -10 -11 -12 -13 13 17 -16 16 -18 -19
leaf_value=-33.691783087785531 19.811542632800148 9.05822984025842 -0.74908359126839785 -0.85209250572094708 -3.7456507963760708 -9.1964369135556243 -1.3984490542376864 -7.0615537379388948 79.645057048943428 -19.717275657790907 4.0658250854228148 -9.2683730986257409 6.540353156072972 -27.791201489353174 4.7127862026270799 8.4120046222375944 -23.629705926254644 -7.3371382655006068
leaf_weight=106 40789 56639 31853 14953 13903 22868 7604 598 104714 1273 32293 8742 144 373 21496 894 377 181
leaf_count=106 40789 56639 31853 14953 13903 22868 7604 598 104714 1273 32293 8742 144 373 21496 894 377 181
internal_value=0.000842852 3.51185e-05 0.0004092 -0.00130273 0.000824977 -0.00116508 -0.00161795 -0.00576265 0.00203248 -0.000113927 -5.23659e-05 -0.000461345 -0.00878627 -0.00731076 0.000195212 0.00120994 -0.00147983 -0.00931052
internal_weight=359800 214297 167470 46827 93309 45425 30472 1402 145503 74161 72888 40595 804 698 35399 57910 1271 554
internal_count=359800 214297 167470 46827 93309 45425 30472 1402 145503 74161 72888 40595 804 698 35399 57910 1271 554
is_linear=0
shrinkage=0.0229654


Tree=104
num_leaves=19
num_cat=0
split_feature=16 7 25 8 15 8 6 6 27 16 16 11 8 31 25 7 15 10
split_gain=201.591 198.948 79.8394 59.4569 64.2897 52.7278 52.4559 41.1325 39.1864 26.2413 20.7916 20.4808 19.8611 19.6779 33.8229 19.5961 18.7342 18.0251
threshold=268.31250000000006 -0.13052619222005171 7.5393229166666673 -0.19467261866128607 11.831250000000002 -0.5 1.0000000180025095e-35 1.0000000180025095e-35 7.9144717261904747 0.56250000000000011 650.81250000000011 108.00000000000001 -0.19467261866128607 143.88125000000002 16.911197916666669 0.65793410509763428 9.8562500000000028 -0.68301270189221952
decision_type=2 2 2 2 2 2 2 2 2 2 2 2 2 2 2 2 2 2
left_child=1 -1 7 6 15 10 -4 11 13 -8 16 -3 -13 14 -6 -5 -2 -16
right_child=5 2 3 4 8 -7 9 -9 -10 -11 -12 12 -14 -15 17 -17 -18 -19
leaf_value=29.246022798883359 3.3202889512784526 20.058925072429165 11.457521869897205 5.3187132002039315 -3.1776431867936807 8.7784743877219498 -31.275672366961018 -12.937066667169557 -19.083825473830952 -9.1238368673643819 -9.3056369626084958 46.219864250744074 3.4575874123978863 6.5418537255574556 -7.8367237090842572 0.35114756152678944 -6.1148677507409408 -14.17650939926907
leaf_weight=113256 12309 27631 43951 19812 29972 17353 102 1181 128 890 7742 6999 12933 2410 721 26780 34743 887
leaf_count=113256 12309 27631 43951 19812 29972 17353 102 1181 128 890 7742 6999 12933 2410 721 26780 34743 887
internal_value=0.000841512 0.00111375 0.000627043 0.000320996 -5.17866e-05 -0.000243924 0.000990451 0.00141597 -0.000809221 -0.00423193 -0.00059331 0.0015211 0.000960003 -0.00076146 -0.000914108 0.000502861 -0.000411847 -0.00415891
internal_weight=359800 287653 174397 125653 80710 72147 44943 48744 34118 992 54794 47563 19932 33990 31580 46592 47052 1608
internal_count=359800 287653 174397 125653 80710 72147 44943 48744 34118 992 54794 47563 19932 33990 31580 46592 47052 1608
is_linear=0
shrinkage=0.0229654


Tree=105
num_leaves=19
num_cat=0
split_feature=37 37 15 8 11 37 29 37 36 21 15 15 10 9 36 14 24 36
split_gain=650.824 188.926 68.158 51.2546 41.6206 32.3681 33.372 32.306 30.613 29.4397 29.0054 27.3116 27.1499 23.0342 23.5907 30.9897 26.2551 20.399
threshold=26401.24440824152 19839.233453344215 12.881250000000003 -0.5 108.00000000000001 16571.864639373602 67.406250000000014 28598.859669692931 25803.000000000004 7.1886718750000007 21.706250000000008 12.156250000000004 -0.68301270189221952 -0.6830127018922193 17856.500000000004 86.812500000000014 1.2250000000000021 30369.500000000004
decision_type=2 2 2 2 2 2 2 2 2 2 2 2 2 2 2 2 2 2
left_child=1 3 4 5 17 6 -1 -2 9 -7 -4 -5 -10 14 15 16 -13 -3
right_child=7 2 10 11 -6 8 -8 -9 12 -11 -12 13 -14 -15 -16 -17 -18 -19
leaf_value=-26.457788765257021 18.85791115292853 8.567859563501047 0.41006759679528904 -0.79136491291366584 1.3898480785927096 -33.427543528569515 -7.2300087786181582 77.280068462740658 1.5492413627960406 -9.9882410780797937 -6.774307112679768 -9.1333148705747362 -46.703458398612469 -3.7967118888103166 -6.5128969101369369 -4.9191229157080345 -19.781416401715923 -19.907581486328777
leaf_weight=716 40789 57573 62782 19252 35399 62 510 104714 90 11718 11379 335 201 8694 4567 421 261 337
leaf_count=716 40789 57573 62782 19252 35399 62 510 104714 90 11718 11379 335 201 8694 4567 421 261 337
internal_value=0.000835767 3.0939e-05 0.00039151 -0.00125859 0.000804549 -0.00246511 -0.00602046 0.00202112 -0.002104 -0.00192223 -0.000128172 -0.000780125 -0.00946238 -0.00154121 -0.00269218 -0.00585539 -0.0092247 0.00118376
internal_weight=359800 214297 167470 46827 93309 13297 1226 145503 12071 11780 74161 33530 291 14278 5584 1017 596 57910
internal_count=359800 214297 167470 46827 93309 13297 1226 145503 12071 11780 74161 33530 291 14278 5584 1017 596 57910
is_linear=0
shrinkage=0.0229654


Tree=106
num_leaves=19
num_cat=0
split_feature=16 1 3 8 19 15 16 11 8 15 3 9 3 28 19 22 29 9
split_gain=195.809 200.257 78.9739 45.5329 45.3222 42.9041 37.8289 34.4328 33.9295 29.7759 29.6577 28.1044 31.3149 28.0572 33.1228 27.9645 27.4521 51.0011
threshold=268.31250000000006 7.5000000000000009 3.5000000000000004 0.94490267940017769 8.8312500000000025 10.268750000000002 162.31250000000003 108.00000000000001 -0.5 17.106250000000006 4.5000000000000009 -0.6830127018922193 5.5000000000000009 3.0391856060606064 3.2312500000000006 13.787890625000001 41.443750000000009 0.25000000000000011
decision_type=2 2 2 2 2 2 2 2 2 2 2 2 2 2 2 2 2 2
left_child=1 4 -2 6 5 -1 -3 -6 16 -5 -8 12 -7 14 -14 -15 17 -4
right_child=2 3 8 9 7 11 10 -9 -10 -11 -12 -13 13 15 -16 -17 -18 -19
leaf_value=3.225770427334381 4.3280396084851729 35.141348780840282 -10.139745537492225 7.3066845379781258 13.651275361166956 -3.3921900134430842 21.345408542003398 1.6979177997833794 1.559582571249446 -5.3872382040279447 -1.7019081564374052 -0.18404042081109387 0.31179580238082616 -0.076831849905052263 -13.144726413494515 -22.343148406794288 -7.684163204832223 -25.796011883652998
leaf_weight=36955 40404 116483 7535 18840 21288 10549 21012 15512 7611 3632 7805 33934 766 62 696 119 15485 1112
leaf_count=36955 40404 116483 7535 18840 21288 10549 21012 15512 7611 3632 7805 33934 766 62 696 119 15485 1112
internal_value=0.000834746 0.00110305 -0.000235011 0.00161527 0.000386221 8.90356e-05 0.00176405 0.00105716 -0.00109224 0.000653235 0.00101905 -0.000378093 -0.00132383 -0.00427299 -0.00321704 -0.0128023 -0.0015139 -0.00255044
internal_weight=359800 287653 72147 167772 119881 83081 145300 36800 31743 22472 28817 46126 12192 1643 1462 181 24132 8647
internal_count=359800 287653 72147 167772 119881 83081 145300 36800 31743 22472 28817 46126 12192 1643 1462 181 24132 8647
is_linear=0
shrinkage=0.0229654


Tree=107
num_leaves=19
num_cat=0
split_feature=37 37 37 36 36 8 37 26 37 36 26 14 22 37 37 29 22 5
split_gain=647.417 181.162 55.4753 48.5545 39.399 36.038 33.8649 29.5508 30.4937 29.7244 26.1071 24.3646 20.7015 21.1051 18.9823 31.6471 23.4235 18.5928
threshold=26401.24440824152 20713.858809328627 17350.890228859495 27900.500000000004 22322.500000000004 -0.70710678118654757 28598.859669692931 17.868359375000004 23834.951018298565 24882.500000000004 11.863411458333337 89.187500000000014 4.5051649305555559 18945.834515503422 16571.864639373602 61.943750000000001 14.458376736111115 1.0000000180025095e-35
decision_type=2 2 2 2 2 2 2 2 2 2 2 2 2 2 2 2 2 2
left_child=1 2 14 5 11 17 -2 8 9 -7 -5 12 -4 -14 15 16 -1 -3
right_child=6 3 4 10 -6 7 -8 -9 -10 -11 -12 -13 13 -15 -16 -17 -18 -19
leaf_value=-31.92024586472747 17.968776140725868 1.4031809268065698 -19.575488287379354 -14.985871080016889 -12.261104771030357 2.4540644532013394 74.895394345946457 14.363443021889516 9.6614948357124124 -6.4355849546784354 5.6899153688050186 1.2354210359271254 -6.2012020452152363 -1.9341598459039668 -8.4828169093683048 -6.3973858929465743 -22.297289513568117 -10.950739505353877
leaf_weight=106 40789 25275 81 4910 4241 46997 104714 15361 41071 5678 2020 11542 17530 27778 4202 598 698 6209
leaf_count=106 40789 25275 81 4910 4241 46997 104714 15361 41071 5678 2020 11542 17530 27778 4202 598 698 6209
internal_value=0.000828299 2.55807e-05 -0.000966888 0.000474826 -0.00076654 0.000567328 0.00201054 0.00076484 0.000611849 0.000246113 -0.00140178 -0.000607465 -0.000847042 -0.000826305 -0.00315385 -0.0054678 -0.0084435 -0.000117147
internal_weight=359800 214297 66776 147521 61172 140591 145503 109107 93746 52675 6930 56931 45389 45308 5604 1402 804 31484
internal_count=359800 214297 66776 147521 61172 140591 145503 109107 93746 52675 6930 56931 45389 45308 5604 1402 804 31484
is_linear=0
shrinkage=0.0229654


Tree=108
num_leaves=19
num_cat=0
split_feature=35 3 16 16 35 23 6 7 30 3 7 0 26 4 34 32 29 26
split_gain=400.318 73.6159 51.8764 51.8596 48.1848 33.5294 36.747 51.9174 41.2765 31.2888 30.4977 26.0255 23.3066 41.6232 29.957 25.0669 51.4886 37.005
threshold=27487.500000000004 4.5000000000000009 241.31250000000003 250.31250000000003 20152.500000000004 1.9250000000000014 1.0000000180025095e-35 0.75023006073889154 1243.0375000000004 1.5000000000000002 0.82968937203783699 32.500000000000007 18.047656250000006 5.5000000000000009 0.39236111111111116 103.6375 57.906250000000007 14.413671875
decision_type=2 2 2 2 2 2 2 2 2 2 2 2 2 2 2 2 2 2
left_child=1 4 10 -2 -1 6 -6 -8 9 -9 -3 12 15 -14 -15 16 -4 -18
right_child=3 2 11 -5 5 -7 7 8 -10 -11 -12 -13 13 14 -16 -17 17 -19
leaf_value=-0.7787291261579673 45.496172531659035 2.6019002712882813 -47.2072596478462 5.5156152117533859 8.0540052788586642 1.2512553572871319 0.14383912875178334 0.18898087616201428 -0.60227753187657351 -32.44745204980638 -3.2280891115859047 0.62918710345019868 -26.29047241557889 0.74239831261605904 -16.748114484789369 -0.46804442637974913 -10.20772474470567 -26.557291916622209
leaf_weight=39024 115116 33280 294 12100 85770 33491 2397 87 252 291 17347 5093 326 1181 1433 4937 6395 986
leaf_count=39024 115116 33280 294 12100 85770 33491 2397 87 252 291 17347 5093 326 1181 1433 4937 6395 986
internal_value=0.000827151 0.000260615 -0.000354057 0.00186292 0.000532194 0.000756412 0.000989951 -0.00149689 -0.00736351 -0.0121632 4.1597e-05 -0.00132431 -0.00179092 -0.00363228 -0.00266729 -0.00136168 -0.00218284 -0.00180743
internal_weight=359800 232584 71272 127216 161312 122288 88797 3027 630 378 50627 20645 15552 2940 2614 12612 7675 7381
internal_count=359800 232584 71272 127216 161312 122288 88797 3027 630 378 50627 20645 15552 2940 2614 12612 7675 7381
is_linear=0
shrinkage=0.0229654


Tree=109
num_leaves=19
num_cat=0
split_feature=37 37 15 37 11 23 37 35 37 25 35 35 37 35 30 15 3 12
split_gain=640.373 164.815 66.7739 53.6469 38.4062 35.8978 35.4634 33.7051 24.1875 20.5305 19.8176 19.5564 18.8312 24.1073 17.6581 17.0364 15.5475 34.8397
threshold=26401.24440824152 20713.858809328627 13.131250000000003 16571.864639373602 108.00000000000001 -2.6499999999999986 29110.947298392126 28984.500000000004 18797.470132382845 21.603906250000005 26833.500000000004 21420.500000000004 23685.696251002981 23980.500000000004 698.85000000000002 20.956250000000008 4.5000000000000009 17.618750000000006
decision_type=2 2 2 2 2 2 2 2 2 2 2 2 2 2 2 2 2 2
left_child=1 3 4 9 10 15 -2 12 -7 -1 -3 -10 13 -4 -6 -5 17 -13
right_child=6 2 7 5 14 8 -8 -9 11 -11 -12 16 -14 -15 -16 -17 -18 -19
leaf_value=-16.898564168774339 18.746311927647781 10.486242995209581 -0.19118686739595883 0.021296914374019933 5.9988521139163051 -7.5908176416111184 82.061168416325543 -18.794900005630044 -1.8303589632122785 -26.386116589997581 -3.6497559109238931 -2.4734894102192704 3.3005777285126801 -7.8060050662059108 -3.3580643423893206 -11.270389393371683 -7.9507235459594394 -21.300743782759294
leaf_weight=1251 47850 48604 23879 21782 18386 17293 97653 1734 18373 151 3226 831 30129 8223 13340 409 5981 705
leaf_count=1251 47850 48604 23879 21782 18386 17293 97653 1734 18373 151 3226 831 30129 8223 13340 409 5981 705
internal_value=0.000820385 2.20442e-05 0.000450541 -0.000924587 0.000878037 -0.000829261 0.00199618 -0.000107889 -0.00121504 -0.00536952 0.00126325 -0.000770836 -1.98909e-05 -0.000406913 0.000248721 -7.85486e-05 -0.00175762 -0.0038186
internal_weight=359800 214297 147521 66776 83556 65374 145503 63965 43183 1402 51830 25890 62231 32102 31726 22191 7517 1536
internal_count=359800 214297 147521 66776 83556 65374 145503 63965 43183 1402 51830 25890 62231 32102 31726 22191 7517 1536
is_linear=0
shrinkage=0.0229654


Tree=110
num_leaves=19
num_cat=0
split_feature=36 15 0 11 25 16 15 6 0 13 36 3 3 0 36 3 6 0
split_gain=365.158 101.819 71.754 56.6008 47.8971 37.8184 36.6977 35.1688 41.7486 27.4114 26.326 21.2053 21.1462 18.3846 20.2107 17.7893 20.7514 18.3108
threshold=27525.500000000004 17.656250000000004 35.500000000000007 108.00000000000001 8.349739583333335 398.18750000000006 9.8062500000000021 1.0000000180025095e-35 17.500000000000004 1.2312500000000004 29388.500000000004 4.5000000000000009 4.5000000000000009 20.500000000000004 17234.500000000004 3.5000000000000004 1.0000000180025095e-35 11.500000000000002
decision_type=2 2 2 2 2 2 2 2 2 2 2 2 2 2 2 2 2 2
left_child=1 2 3 4 -1 7 -6 10 -9 -3 -2 -7 -11 14 -5 16 17 -8
right_child=5 9 -4 13 6 11 15 8 -10 12 -12 -13 -14 -15 -16 -17 -18 -19
leaf_value=14.742661587337684 15.524771080039891 3.5435699720038256 10.892700751564162 -8.8587854313814649 5.1228108373847663 0.68876786981485505 -1.5354434444546918 -22.056357574496566 1.0064227958691567 -3.5641759161518403 63.389163705224156 -35.665247172690329 -9.3859206628735752 -8.5988205531526649 0.36523896401221595 -2.8828247376735918 -12.597995810210397 6.99820971846788
leaf_weight=18107 27857 6054 38273 1815 33794 3748 8503 208 2425 21375 92802 280 11241 17298 39417 20708 805 15090
leaf_count=18107 27857 6054 38273 1815 33794 3748 8503 208 2425 21375 92802 280 11241 17298 39417 20708 805 15090
internal_value=0.000818023 0.000276597 0.000491278 0.000272079 0.000612375 0.00180664 0.000367912 0.00187818 -0.000747488 -0.000799365 0.00193548 -0.000383137 -0.00106279 -0.000291923 -2.82945e-05 -6.07916e-05 0.000359382 0.000483098
internal_weight=359800 232480 193810 155537 97007 127320 78900 123292 2633 38670 120659 4028 32616 58530 41232 45106 24398 23593
internal_count=359800 232480 193810 155537 97007 127320 78900 123292 2633 38670 120659 4028 32616 58530 41232 45106 24398 23593
is_linear=0
shrinkage=0.0229654


Tree=111
num_leaves=19
num_cat=0
split_feature=37 37 15 37 23 37 35 37 35 37 25 6 22 35 22 37 6 24
split_gain=627.354 159.036 64.7057 52.4569 33.4139 32.7125 32.6975 25.5936 35.6986 23.0705 20.9531 19.2346 30.5391 18.7281 17.9233 17.0188 16.609 20.442
threshold=26605.106371552731 20713.858809328627 10.656250000000004 16571.864639373602 -2.8999999999999977 29110.947298392126 28800.500000000004 23685.696251002981 24939.500000000004 18797.470132382845 21.603906250000005 1.0000000180025095e-35 9.6049913194444461 23117.500000000004 11.748394097222226 25301.641546275634 1.0000000180025095e-35 -0.45000000000000001
decision_type=2 2 2 2 2 2 2 2 2 2 2 2 2 2 2 2 2 2
left_child=1 3 11 10 -5 -2 7 8 -4 -6 -1 -3 -13 -11 16 -8 -9 -18
right_child=5 2 6 4 9 -7 15 14 -10 13 -12 12 -14 -15 -16 -17 17 -19
leaf_value=-16.294930226099726 18.795899768176721 9.1068689604219806 -0.044025198672674189 -0.044048779380677673 -7.0089622885098208 79.104300710663935 -22.288172877251569 1.4104457507710291 -9.6225810073623421 -2.6345923828289877 -25.582673262055454 -25.467194787167752 18.115311531110567 -15.965625427487357 8.0609283199362682 -5.6620439842789514 -25.634874004388781 -2.7303677982785746
leaf_weight=1251 43653 57854 40346 19737 18288 97653 1302 19856 4943 24987 151 466 660 2362 24037 1546 222 486
leaf_count=1251 43653 57854 40346 19737 18288 97653 1302 19856 4943 24987 151 466 660 2362 24037 1546 222 486
internal_value=0.000812853 4.16648e-05 0.000452715 -0.000892258 -0.000797996 0.0020053 7.44895e-05 0.000151246 -0.00023331 -0.00113944 -0.00528761 0.00104742 -0.00192534 -0.000717202 0.000541735 -0.00234815 4.40011e-05 -0.00341237
internal_weight=359800 218494 151718 66776 65374 141306 92738 89890 45289 45637 1402 58980 1126 27349 44601 2848 20564 708
internal_count=359800 218494 151718 66776 65374 141306 92738 89890 45289 45637 1402 58980 1126 27349 44601 2848 20564 708
is_linear=0
shrinkage=0.0229654


Tree=112
num_leaves=19
num_cat=0
split_feature=37 37 15 37 37 15 29 35 6 7 35 8 22 35 35 15 26 23
split_gain=620.368 152.914 63.7038 49.7146 34.013 31.8449 29.9542 27.5334 26.4508 39.4762 41.682 26.5971 24.0145 22.9459 21.488 20.8779 19.1305 19.0152
threshold=26605.106371552731 20471.729123591304 13.131250000000003 16571.864639373602 29110.947298392126 15.106250000000003 61.943750000000001 29483.000000000004 1.0000000180025095e-35 0.75023006073889154 21242.000000000004 -0.70710678118654757 14.458376736111115 17545.500000000004 24875.500000000004 21.706250000000008 17.004817708333338 5.6937499999999996
decision_type=2 2 2 2 2 2 2 2 2 2 2 2 2 2 2 2 2 2
left_child=1 3 8 6 -2 17 12 15 11 -10 -11 14 -1 -14 -3 -4 -7 -5
right_child=4 2 7 5 -6 16 -8 -9 9 10 -12 -13 13 -15 -16 -17 -18 -19
leaf_value=-29.1251966642123 18.364244243792179 6.138438771005978 0.94644928156653652 -1.4816163285857538 77.287638096717487 -6.3491628579605113 -5.1145284217948497 -18.636211024180657 -1.7001497592689863 -2.0775401173504893 -35.192311963247846 7.7582496033092863 -23.080326428514404 -2.6144182682038108 -8.6734272568684236 -5.4209601510519967 -13.142231275020565 -8.5106584952470161
leaf_weight=106 43653 12572 56299 39808 97653 13558 598 1355 1479 172 196 69842 444 254 5102 10421 2764 3524
leaf_count=106 43653 12572 56299 39808 97653 13558 598 1355 1479 172 196 69842 444 254 5102 10421 2764 3524
internal_value=0.000811385 4.45027e-05 0.000422847 -0.000931089 0.00199717 -0.000830626 -0.00520571 -0.000106435 0.000826043 -0.00189368 -0.00862451 0.000883442 -0.00810073 -0.00655402 8.75789e-05 -4.06162e-05 -0.00169518 -0.000504972
internal_weight=359800 218494 157438 61056 141306 59654 1402 68075 89363 1847 368 87516 804 698 17674 66720 16322 43332
internal_count=359800 218494 157438 61056 141306 59654 1402 68075 89363 1847 368 87516 804 698 17674 66720 16322 43332
is_linear=0
shrinkage=0.0229654


Tree=113
num_leaves=19
num_cat=0
split_feature=37 37 15 37 36 37 8 26 29 23 14 30 36 37 30 9 36 15
split_gain=612.242 148.905 60.7315 50.1903 39.253 33.2307 32.5724 38.8286 28.9543 27.2423 26.0391 24.6735 24.5144 23.0835 23.0157 22.1891 25.745 20.8042
threshold=26673.860048062674 20773.091153354329 10.656250000000004 16571.864639373602 23384.500000000004 29544.946066381894 -0.44134171618254459 10.361328125000002 61.943750000000001 -4.9749999999999961 89.437500000000014 853.6187500000002 32093.500000000004 18945.834515503422 287.38125000000008 -0.5 25985.500000000004 22.856250000000006
decision_type=2 2 2 2 2 2 2 2 2 2 2 2 2 2 2 2 2 2
left_child=1 3 12 8 9 -2 7 14 -1 -5 13 15 -3 -11 -4 16 -6 -8
right_child=5 2 6 4 11 -7 17 -9 -10 10 -12 -13 -14 -15 -16 -17 -18 -19
leaf_value=-21.360924027645154 19.559181822082291 8.7385948400204239 -38.902617311834739 3.1428785192086206 -33.023636475100453 84.328015848437474 3.3288339966522096 -0.37171296310510293 -4.9970711851039464 -6.4300436137208807 0.72676899638864489 -31.46122331722761 -14.841962975401602 -2.9465644090244023 -15.119669516526768 -3.3702717964676117 -44.801947479951203 -4.8521769049917767
leaf_weight=804 47870 58759 112 5559 277 91980 55874 24434 598 20467 11069 554 81 27255 7587 1518 120 4882
leaf_count=804 47870 58759 112 5559 277 91980 55874 24434 598 20467 11069 554 81 27255 7587 1518 120 4882
internal_value=0.000806662 5.12664e-05 0.00045194 -0.000839864 -0.000749635 0.00199471 8.62604e-05 -0.000505077 -0.00514019 -0.000640605 -0.000785904 -0.00359131 0.00102923 -0.00101867 -0.00192726 -0.0023565 -0.00719043 0.000399011
internal_weight=359800 219950 151729 68221 66819 139850 92889 32133 1402 64350 58791 2469 58840 47722 7699 1915 397 60756
internal_count=359800 219950 151729 68221 66819 139850 92889 32133 1402 64350 58791 2469 58840 47722 7699 1915 397 60756
is_linear=0
shrinkage=0.0229654


Tree=114
num_leaves=19
num_cat=0
split_feature=37 37 15 37 11 15 29 22 35 35 37 35 37 11 22 22 22 6
split_gain=603.552 153.884 60.1017 48.8423 40.3203 30.6194 27.9712 25.1042 24.3912 22.4775 22.2261 22.7572 21.6163 21.3205 20.0755 19.3334 19.218 19.8062
threshold=27152.532109597381 20713.858809328627 13.131250000000003 16571.864639373602 108.00000000000001 14.956250000000004 61.943750000000001 14.458376736111115 29174.500000000004 17834.500000000004 23834.951018298565 27194.500000000004 29908.181515470071 108.00000000000001 11.287934027777778 13.787890625000001 10.669835069444447 1.0000000180025095e-35
decision_type=2 2 2 2 2 2 2 2 2 2 2 2 2 2 2 2 2 2
left_child=1 3 4 6 -3 13 7 -1 10 -9 11 -4 -2 -5 -12 -7 17 -6
right_child=12 2 8 5 16 15 -8 9 -10 -11 14 -13 -14 -15 -16 -17 -18 -19
leaf_value=-27.965762257231667 24.21092837622767 9.5815031168876974 -1.6900921094786008 -0.18781292996169893 -1.8179867272515637 -4.1685619568135523 -4.8823114018854428 -20.907204372574295 -14.712828764585401 0.69348086253008701 -1.1383585903607447 -23.251246461994473 89.521015613115793 -5.3575727974519376 8.1516583671618505 -10.317899417486986 5.9412404375373438 -22.151258215957437
leaf_weight=106 42250 56965 33262 29314 14606 9585 598 502 2216 196 15282 744 87753 17759 19483 8716 19948 515
leaf_count=106 42250 56965 33262 29314 14606 9585 598 502 2216 196 15282 744 87753 17759 19483 8716 19948 515
internal_value=0.000802577 9.51109e-05 0.000475464 -0.000833449 0.000862731 -0.000742492 -0.00507467 -0.00787222 -2.66253e-05 -0.00629081 4.97906e-05 -0.000367652 0.00205311 -0.000432592 0.000458119 -0.0015396 0.000250092 -0.000367392
internal_weight=359800 229797 163021 66776 92034 65374 1402 804 70987 698 68771 34006 130003 47073 34765 18301 35069 15121
internal_count=359800 229797 163021 66776 92034 65374 1402 804 70987 698 68771 34006 130003 47073 34765 18301 35069 15121
is_linear=0
shrinkage=0.0229654


Tree=115
num_leaves=19
num_cat=0
split_feature=37 37 15 11 37 23 14 15 24 37 30 25 3 37 35 3 30 37
split_gain=595.819 147.233 59.0732 48.359 48.1737 30.4421 26.5435 24.4904 22.6607 22.4854 22.0333 20.82 20.5353 17.4237 19.2815 19.9123 22.4342 14.967
threshold=27152.532109597381 20773.091153354329 17.656250000000004 108.00000000000001 16571.864639373602 -3.3624999999999976 89.062500000000014 9.6562500000000036 2.3750000000000031 29544.946066381894 590.04375000000016 21.603906250000005 4.5000000000000009 18797.470132382845 21360.500000000004 4.5000000000000009 132.05625000000006 23220.445692615929
decision_type=2 2 2 2 2 2 2 2 2 2 2 2 2 2 2 2 2 2
left_child=1 4 3 7 11 -6 8 -3 13 -2 -5 -1 -4 -7 -15 16 -16 -9
right_child=9 2 12 10 5 6 -8 17 -10 -11 -12 -13 -14 14 15 -17 -18 -19
leaf_value=-14.636046204961872 22.549991938047327 12.725027222483426 -0.48453269046017627 5.2995571944634801 0.56859763645533157 -6.5287614994942267 0.34241578656740235 1.0391527636514875 -10.178701499769048 80.682301015006033 -3.1352941818914299 -23.726917794716773 -7.2120672323262376 -0.73361763561158644 -20.932749217655836 -7.6635332058629606 -2.1243685977499736 7.8623520533075215
leaf_weight=1251 38023 30899 22216 26088 15784 14422 9817 18366 5257 91980 23913 151 8120 15319 674 5113 433 31974
leaf_count=1251 38023 30899 22216 26088 15784 14422 9817 18366 5257 91980 23913 151 8120 15319 674 5113 433 31974
internal_value=0.000801428 9.85088e-05 0.000476234 0.000687352 -0.000796102 -0.000707704 -0.00098031 0.0010332 -0.00123591 0.00204393 0.000125435 -0.00500915 -0.000437112 -0.00103003 -0.000616384 -0.00169471 -0.00448728 0.000720806
internal_weight=359800 229797 161576 131240 68221 66819 51035 81239 41218 130003 50001 1402 30336 35961 21539 6220 1107 50340
internal_count=359800 229797 161576 131240 68221 66819 51035 81239 41218 130003 50001 1402 30336 35961 21539 6220 1107 50340
is_linear=0
shrinkage=0.0229654


Tree=116
num_leaves=19
num_cat=0
split_feature=35 0 5 0 6 25 1 24 11 33 16 33 24 0 16 35 30 30
split_gain=381.662 87.2932 60.1408 61.8825 51.0069 36.675 30.4467 25.4954 24.9919 24.9813 24.7347 21.2881 20.7525 20.016 24.9743 37.9524 32.9889 19.1182
threshold=29074.500000000004 35.500000000000007 1.0000000180025095e-35 9.5000000000000018 1.0000000180025095e-35 7.6033854166666668 21.500000000000004 -3.1249999999999969 108.00000000000001 0.78125000000000011 221.06250000000003 0.37847222222222227 7.6562500000000009 9.5000000000000018 17.687500000000004 20345.500000000004 1261.2812500000002 166.06875000000005
decision_type=2 2 2 2 2 2 2 2 2 2 2 2 2 2 2 2 2 2
left_child=1 2 4 12 5 -1 -3 -7 9 -9 -2 -5 -4 -6 15 -15 -17 -16
right_child=10 6 3 11 13 7 -8 8 -10 -11 -12 -13 -14 14 17 16 -18 -19
leaf_value=12.658069871211504 59.415136133918971 14.863142484238455 2.770352755930952 -6.8407255670847187 0.78117896457687563 -5.7100156818955456 3.91852065563896 3.8061923559843431 -0.68819024159973841 -28.345271465496015 11.736339713207538 8.7752439988519608 -13.516236598664308 -2.240695464268522 -32.66070066183832 -31.682048960888345 -11.292262935598407 -3.0147864065277057
leaf_weight=21775 91725 30888 18999 37768 1512 5873 27632 69532 39355 73 8475 2624 81 512 399 346 220 2011
leaf_count=21775 91725 30888 18999 37768 1512 5873 27632 69532 39355 73 8475 2624 81 512 399 346 220 2011
internal_value=0.000797407 0.000332715 0.00010553 -0.00050733 0.000362917 0.000446303 0.00111334 0.000282445 0.000361891 0.00062342 0.00200134 -0.00101648 0.000570524 -0.00191531 -0.00287199 -0.00577757 -0.00987594 -0.00157232
internal_weight=359800 259600 201080 59472 141608 136608 58520 114833 108960 69605 100200 40392 19080 5000 3488 1078 566 2410
internal_count=359800 259600 201080 59472 141608 136608 58520 114833 108960 69605 100200 40392 19080 5000 3488 1078 566 2410
is_linear=0
shrinkage=0.0229654


Tree=117
num_leaves=19
num_cat=0
split_feature=25 0 14 3 0 1 15 16 14 3 15 16 34 10 15 0 26 0
split_gain=182.209 142.089 89.354 53.701 83.1085 41.8407 36.037 33.4075 33.156 32.7535 30.4601 27.8788 23.6886 36.8177 25.2262 22.7485 20.9858 19.3149
threshold=7.0690104166666687 32.500000000000007 66.312500000000014 4.5000000000000009 12.500000000000002 21.500000000000004 13.968750000000004 207.56250000000003 88.187500000000014 4.5000000000000009 7.9062500000000018 238.56250000000003 0.045138888888888895 0.6830127018922193 9.8062500000000021 16.500000000000004 6.6522135416666677 5.5000000000000009
decision_type=2 2 2 2 2 2 2 2 2 2 2 2 2 2 2 2 2 2
left_child=15 2 9 4 10 11 -7 -6 12 -2 -4 -3 13 14 -5 -1 -16 -12
right_child=1 5 3 8 7 6 -8 -9 -10 -11 17 -13 -14 -15 16 -17 -18 -19
leaf_value=9.8613037439046636 -3.1554443235838585 23.449989693948755 4.6076921130771265 -1.4084692709588582 19.504910683637224 6.8488614588853718 -4.3190090206651037 4.3651502049992974 3.8677653080569869 -11.614563769929749 0.98562995739665882 8.0112841644192976 1.1753180382968789 8.430768077401817 -42.168414708584407 40.976087482275759 -9.5537244339405891 -3.3781711040167961
leaf_weight=28221 25269 45257 11537 5377 40901 13769 7004 20713 11233 10881 14595 18732 9155 3703 454 59939 12023 21037
leaf_count=28221 25269 45257 11537 5377 40901 13769 7004 20713 11233 10881 14595 18732 9155 3703 454 59939 12023 21037
internal_value=0.00079179 0.00049737 0.000143634 0.000389562 0.000658733 0.00127726 0.000381743 0.00121413 -0.000308523 -0.00088177 -6.67505e-05 0.00156798 -0.000699012 -0.00111466 -0.00154689 0.00169896 -0.00211358 -0.000398827
internal_weight=359800 271640 186878 150728 108783 84762 20773 61614 41945 36150 47169 63989 30712 21557 17854 88160 12477 35632
internal_count=359800 271640 186878 150728 108783 84762 20773 61614 41945 36150 47169 63989 30712 21557 17854 88160 12477 35632
is_linear=0
shrinkage=0.0229654


Tree=118
num_leaves=19
num_cat=0
split_feature=37 37 15 37 8 4 29 15 37 22 35 37 16 35 15 6 3 7
split_gain=588.061 132.237 59.2997 43.0769 30.9937 36.9058 28.24 27.734 25.7236 25.5768 22.333 23.6118 22.1097 21.7925 20.14 19.8731 41.8441 38.5602
threshold=27152.532109597381 20773.091153354329 11.056250000000004 16571.864639373602 -0.5 2.5000000000000004 61.943750000000001 14.956250000000004 29908.181515470071 14.458376736111115 23358.500000000004 24412.078114376811 429.56250000000006 17545.500000000004 22.856250000000006 1.0000000180025095e-35 1.5000000000000002 0.75023006073889154
decision_type=2 2 2 2 2 2 2 2 2 2 2 2 2 2 2 2 2 2
left_child=1 3 15 6 5 -4 9 -5 -2 -1 -7 12 -12 -11 -6 -3 -17 -18
right_child=8 2 4 7 14 10 -8 -9 -10 13 11 -13 -14 -15 -16 16 17 -19
leaf_value=-26.563561038190471 22.138467337064601 8.2305927211626262 -27.952707249197832 -1.6678662063525278 3.0521790493547671 3.7607083436489406 -4.0102310712541271 -6.7280264893185935 83.756285307094771 -20.610840804072787 -20.062475710893754 -1.2678335715778151 -3.8831810751917626 -1.0675819068490302 -4.7256483259118287 16.869082905207783 -21.505725259089949 -40.414459450709465
leaf_weight=106 42250 65814 449 48158 58510 12432 598 18661 87753 444 4673 9141 3993 254 5294 812 335 123
leaf_count=106 42250 65814 449 48158 58510 12432 598 18661 87753 444 4673 9141 3993 254 5294 812 335 123
internal_value=0.000783045 8.47174e-05 0.00044269 -0.000763112 7.19888e-05 -0.000527737 -0.00474706 -0.000679521 0.00201743 -0.00755802 -0.000430692 -0.000952174 -0.00181105 -0.00596179 0.000360441 0.000964846 -0.00188063 -0.00743116
internal_weight=359800 229797 161576 68221 94492 30688 1402 66819 130003 804 30239 17807 8666 698 63804 67084 1270 458
internal_count=359800 229797 161576 68221 94492 30688 1402 66819 130003 804 30239 17807 8666 698 63804 67084 1270 458
is_linear=0
shrinkage=0.0229654


Tree=119
num_leaves=19
num_cat=0
split_feature=35 0 15 25 5 11 1 15 32 29 4 25 31 25 10 35 10 31
split_gain=378.966 79.5876 62.4067 49.9821 40.7739 39.1794 30.3309 30.7752 27.9188 38.773 47.2719 32.3717 22.2112 20.692 19.3553 25.175 21.5651 19.2759
threshold=29383.500000000004 35.500000000000007 9.3062500000000039 6.9348958333333348 1.0000000180025095e-35 132.00000000000003 21.500000000000004 13.193750000000003 154.58750000000003 56.006250000000001 5.5000000000000009 16.017968750000005 50.243750000000013 15.410677083333335 -0.68301270189221952 21573.500000000004 -0.9330127018922193 12.718750000000002
decision_type=2 2 2 2 2 2 2 2 2 2 2 2 2 2 2 2 2 2
left_child=1 2 5 -4 -5 -1 -3 -8 9 10 11 -6 -12 -11 16 -16 17 -15
right_child=-2 6 3 4 8 -7 7 -9 -10 13 12 -13 -14 14 15 -17 -18 -19
leaf_value=6.4284193753004857 54.385865236940234 14.058331310620446 7.2600051474649234 -0.28255647756711244 -53.981118146997659 -1.6292125299934828 7.6940759709479405 -2.3105550986465095 -0.20067235075977521 -5.4612329253255441 -3.9164176559119208 -4.5163556504051563 -24.216933404405321 -1.9897785684429612 -7.9366144410737185 -33.827241682839762 3.9551454076132697 -30.177234927821651
leaf_weight=46505 95984 32360 17908 85898 299 16521 17364 10628 11885 20928 1036 105 479 268 303 308 766 255
leaf_count=46505 95984 32360 17908 85898 299 16521 17364 10628 11885 20928 1036 105 479 268 303 308 766 255
internal_value=0.000781194 0.000331629 0.000114385 -0.000155056 -0.000320687 0.000714768 0.00106402 0.00051047 -0.0009622 -0.00140157 -0.00453683 -0.0115168 -0.00267551 -0.00113801 -0.00343272 -0.00679941 -0.00183688 -0.00543178
internal_weight=359800 263816 203464 140438 122530 63026 60352 27992 36632 24747 1919 404 1515 22828 1900 611 1289 523
internal_count=359800 263816 203464 140438 122530 63026 60352 27992 36632 24747 1919 404 1515 22828 1900 611 1289 523
is_linear=0
shrinkage=0.0229654


Tree=120
num_leaves=19
num_cat=0
split_feature=25 1 14 3 1 6 1 6 3 14 14 7 3 1 22 8 14 7
split_gain=175.041 132.066 85.2666 48.68 78.6893 46.0122 41.4439 35.0092 31.0194 30.0067 26.4514 25.1969 54.4037 23.541 21.9163 20.0782 23.4658 19.8968
threshold=7.0690104166666687 15.500000000000002 66.312500000000014 4.5000000000000009 5.5000000000000009 1.0000000180025095e-35 21.500000000000004 1.0000000180025095e-35 4.5000000000000009 88.187500000000014 79.937500000000014 0.75023006073889154 1.5000000000000002 6.5000000000000009 16.519053819444448 0.065263096110025676 67.562500000000014 0.44134171618254497
decision_type=2 2 2 2 2 2 2 2 2 2 2 2 2 2 2 2 2 2
left_child=7 2 8 4 -4 10 15 13 -2 14 -6 -7 -13 -1 -5 16 -3 -9
right_child=1 6 3 9 5 11 -8 17 -10 -11 -12 12 -14 -15 -16 -17 -18 -19
leaf_value=9.5735242062921788 -3.1244746264201364 3.1393747093767526 -0.2861247170109934 -5.683017097377518 8.1716940128331892 -2.2778964534923305 2.191059771831712 5.2327374435007332 -11.129559219964113 3.6944157026974023 20.688625561492774 -4.8022224800652262 -26.399816007358552 39.255782468945462 2.0953384186640296 19.825338484853905 37.760651322008826 -20.97487300965885
leaf_weight=24747 25269 13276 47169 23516 26926 1258 20773 1390 10858 11235 32775 455 200 61389 7201 41922 8807 634
leaf_count=24747 25269 13276 47169 23516 26926 1258 20773 1390 10858 11235 32775 455 200 61389 7201 41922 8807 634
internal_value=0.000773343 0.000484773 0.000143695 0.000383861 0.000640155 0.00118059 0.00123655 0.00166249 -0.000858366 -0.000280717 0.00129293 -0.00232535 -0.00597802 0.00173264 -0.000652171 0.00152582 0.000965394 -0.00132301
internal_weight=359800 271640 186862 150735 108783 61614 84778 88160 36127 41952 59701 1913 655 86136 30717 64005 22083 2024
internal_count=359800 271640 186862 150735 108783 61614 84778 88160 36127 41952 59701 1913 655 86136 30717 64005 22083 2024
is_linear=0
shrinkage=0.0229654


Tree=121
num_leaves=19
num_cat=0
split_feature=37 37 15 11 16 35 37 15 9 25 37 30 4 37 35 30 24 14
split_gain=583.651 125.836 58.1162 41.2467 40.7153 28.9402 28.4612 21.2073 26.9018 21.1513 19.7389 19.0445 18.1695 17.3813 22.2087 20.007 17.2427 32.286
threshold=27508.88673103532 21058.27068631602 13.131250000000003 108.00000000000001 92.562500000000014 29259.500000000004 16571.864639373602 9.2562500000000032 -0.6830127018922193 21.603906250000005 30396.612590994228 698.85000000000002 3.5000000000000004 23834.951018298565 23980.500000000004 598.15625000000011 1.5812499999999992 86.562500000000014
decision_type=2 2 2 2 2 2 2 2 2 2 2 2 2 2 2 2 2 2
left_child=1 4 3 -3 7 13 9 -1 16 -6 -2 -5 -7 14 -4 -15 -9 -18
right_child=10 2 5 11 6 12 -8 8 -10 -11 -12 -13 -14 15 -16 -17 17 -19
leaf_value=1.0523399697212674 24.932244207670976 9.5968025797003058 0.33831212574171926 5.9102662957941252 -12.769077040304502 -29.222788457896254 -7.4447331062522579 -3.7637789454525432 -0.79936605894761881 -22.02464637096563 90.158626803229978 -2.9028005716887311 -5.4860834930786089 7.0842442558787937 -7.0047090475791833 -1.3855254053014125 -13.129599022019512 -1.2618669722752824
leaf_weight=18369 40865 55973 21828 19203 1095 1062 21851 8726 22197 151 82198 15348 1467 20788 9025 16788 1603 1263
leaf_count=18369 40865 55973 21828 19203 1095 1062 21851 8726 22197 151 82198 15348 1467 20788 9025 16788 1603 1263
internal_value=0.000766386 9.95013e-05 0.000460952 0.000846679 -0.000676099 -3.11348e-05 -0.00147883 -0.00032063 -0.000662068 -0.00485481 0.00204928 0.000222735 -0.00244365 5.80269e-05 -0.000345899 0.000389684 -0.00155876 -0.00310426
internal_weight=359800 236737 161482 90524 75255 70958 23097 52158 33789 1246 123063 34551 2529 68429 30853 37576 11592 2866
internal_count=359800 236737 161482 90524 75255 70958 23097 52158 33789 1246 123063 34551 2529 68429 30853 37576 11592 2866
is_linear=0
shrinkage=0.0229654


Tree=122
num_leaves=19
num_cat=0
split_feature=37 37 15 8 11 37 18 15 37 25 8 26 6 7 14 26 33 32
split_gain=573.958 122.113 48.9164 44.7296 42.087 30.6083 29.6133 21.4545 21.4242 21.3034 19.1974 18.9558 20.6428 19.065 18.5879 17.9096 17.2342 16.7687
threshold=27508.88673103532 22027.651292515438 17.656250000000004 -0.44134171618254459 108.00000000000001 16571.864639373602 0.011250000000000001 9.7312500000000028 30652.222152087903 21.603906250000005 -0.70710678118654757 10.47330729166667 1.0000000180025095e-35 0.65793410509763428 89.187500000000014 18.246484375000005 0.69097222222222232 7.2750000000000075
decision_type=2 2 2 2 2 2 2 2 2 2 2 2 2 2 2 2 2 2
left_child=1 3 4 5 7 9 15 -3 -2 -1 -6 12 -12 -14 16 -5 -8 -7
right_child=8 2 -4 6 10 17 14 -9 -10 -11 11 -13 13 -15 -16 -17 -18 -19
leaf_value=-12.559114651103707 25.006548819074855 14.732060500281733 -2.1683683597001342 -0.044545874809258909 -7.0869367586946295 -16.223576041152324 -4.0443405734578528 5.7124828018762486 92.853567828506229 -21.518841360516532 0.0090986342193707347 7.7869921026919489 -12.25285796281716 -29.541491029344456 0.43018450628014115 5.8150342423930228 -19.282318576115369 -5.0115075239384463
leaf_weight=1076 43716 25483 26144 30376 9029 4999 22788 43107 79347 151 15368 17762 282 141 10729 7288 194 21820
leaf_count=1076 43716 25483 26144 30376 9029 4999 22788 43107 79347 151 15368 17762 282 141 10729 7288 194 21820
internal_value=0.000763833 0.000102509 0.000546322 -0.000510468 0.000756521 -0.00128756 -0.00020512 0.00110859 0.00203603 -0.00483453 0.00018941 0.000442361 -0.000136562 -0.00514143 -0.000699569 0.000237435 -0.00106803 -0.00112528
internal_weight=359800 236737 137316 99421 111172 28046 71375 68590 123063 1227 42582 33553 15791 423 33711 37664 22982 26819
internal_count=359800 236737 137316 99421 111172 28046 71375 68590 123063 1227 42582 33553 15791 423 33711 37664 22982 26819
is_linear=0
shrinkage=0.0229654


Tree=123
num_leaves=19
num_cat=0
split_feature=35 15 0 6 3 0 14 26 15 36 28 24 1 36 9 24 14 1
split_gain=369.578 71.5901 67.5012 40.2733 41.0572 38.1216 29.1517 28.4413 29.5144 28.0512 21.9259 21.611 21.3607 20.1466 19.2909 25.939 19.2684 18.1812
threshold=29383.500000000004 17.656250000000004 35.500000000000007 1.0000000180025095e-35 4.5000000000000009 9.5000000000000018 56.187500000000007 7.2479166666666677 7.9062500000000018 28472.500000000004 -1.0000000180025095e-35 -3.6499999999999972 21.500000000000004 29388.500000000004 0.93301270189221952 3.3499999999999996 45.062500000000007 15.500000000000002
decision_type=2 2 2 2 2 2 2 2 2 2 2 2 2 2 2 2 2 2
left_child=1 2 3 4 7 -6 10 -1 -9 14 16 -10 -4 -8 -2 -16 -3 -12
right_child=9 6 12 -5 5 -7 13 8 11 -11 17 -13 -14 -15 15 -17 -18 -19
leaf_value=15.443894776709771 19.960230749239223 -36.756523217766897 14.924851618164407 -8.7040273749206492 3.3060290914769919 -4.0670819673026077 -2.6291973538549969 6.9165190984626097 -6.7158558811639217 63.502785793257473 -12.551975230267464 1.5549998145367749 5.20805968736114 10.505695591981366 -5.8166704838055701 -75.695685595204196 -16.883401086034908 7.7600201323814382
leaf_weight=17521 10592 234 25976 4125 16695 32387 36767 24093 2702 83376 1387 68886 23928 5155 1917 99 2374 1586
leaf_count=17521 10592 234 25976 4125 16695 32387 36767 24093 2702 83376 1387 68886 23928 5155 1917 99 2374 1586
internal_value=0.000761663 0.000317701 0.000494985 0.000272824 0.000329784 -0.000224966 -0.000489592 0.000570311 0.00041454 0.00198191 -0.00204882 0.000180546 0.0012358 -0.000282014 0.000972314 -0.00108676 -0.0035857 -0.000700626
internal_weight=359800 263816 216313 166409 162284 49082 47503 113202 95681 95984 5581 71588 49904 41922 12608 2016 2608 2973
internal_count=359800 263816 216313 166409 162284 49082 47503 113202 95681 95984 5581 71588 49904 41922 12608 2016 2608 2973
is_linear=0
shrinkage=0.0229654


Tree=124
num_leaves=19
num_cat=0
split_feature=37 37 36 1 15 37 36 32 35 37 36 9 37 37 15 35 21 35
split_gain=564.663 117.581 48.7364 42.7555 40.6962 34.8864 36.0886 33.1276 29.3604 26.7224 25.3304 22.948 22.6365 21.7614 17.8376 17.7985 16.9055 16.0777
threshold=27586.121524324124 22090.039410927366 28384.500000000004 3.5000000000000004 17.656250000000004 16571.864639373602 21978.500000000004 1.0000000180025095e-35 22407.500000000004 18945.834515503422 15994.000000000002 -0.5 19161.366179972218 30652.222152087903 8.7437500000000021 29259.500000000004 8.6839843750000032 17955.000000000004
decision_type=2 2 2 2 2 2 2 2 2 2 2 2 2 2 2 2 2 2
left_child=1 3 4 17 14 10 12 -4 9 11 -5 -8 -7 -2 -3 -6 -13 -1
right_child=13 2 7 5 15 6 8 -9 -10 -11 -12 16 -14 -15 -16 -17 -18 -19
leaf_value=-5.7371460269448953 24.466791248072951 13.029327374127734 -14.152015157906888 2.3612036672072594 -0.42519297316874594 -4.3376232584867669 -41.748237818420051 5.5053230639521749 -16.795497743222651 -4.7858367503186887 -16.529805088770434 -28.288452035390936 -0.35897077666005767 89.406108944032823 5.0868365903587867 -17.115310771553208 -11.36659113704874 1.2379691103639396
leaf_weight=3024 42304 30673 6753 384 21515 21176 97 3615 2918 9935 998 61 28807 79347 73547 1131 679 32836
leaf_count=3024 42304 30673 6753 384 21515 21176 97 3615 2918 9935 998 61 28807 79347 73547 1131 679 32836
internal_value=0.000755918 0.000105681 0.000543269 -0.000489393 0.00066699 -0.000840353 -0.000762003 -0.000970625 -0.0018067 -0.00125316 -0.00445017 -0.00519397 -0.000475867 0.00202885 0.000858724 -0.000215396 -0.00381722 0.000147296
internal_weight=359800 238149 137234 100915 126866 65055 63673 10368 13690 10772 1382 837 49983 121651 104220 22646 740 35860
internal_count=359800 238149 137234 100915 126866 65055 63673 10368 13690 10772 1382 837 49983 121651 104220 22646 740 35860
is_linear=0
shrinkage=0.0229654


Tree=125
num_leaves=19
num_cat=0
split_feature=36 15 11 25 0 5 0 15 16 0 30 23 31 25 5 22 28 24
split_gain=335.838 87.1235 65.172 35.9342 35.9254 31.5474 29.9103 29.6315 22.813 20.1123 23.0832 28.0966 19.5411 19.4466 18.7791 25.363 30.6826 16.7971
threshold=29388.500000000004 15.168750000000003 108.00000000000001 7.8789062500000009 32.500000000000007 1.0000000180025095e-35 34.500000000000007 7.8312500000000016 235.31250000000003 34.500000000000007 96.425000000000026 -0.075000000000000108 143.88125000000002 6.1039062500000014 1.0000000180025095e-35 6.4778645833333339 -0.72411954365079334 2.575000000000002
decision_type=2 2 2 2 2 2 2 2 2 2 2 2 2 2 2 2 2 2
left_child=1 2 3 -1 7 9 -4 -5 -2 10 11 12 -3 -7 -10 -16 -17 -9
right_child=8 5 6 4 -6 13 -8 17 14 -11 -12 -13 -14 -15 15 16 -18 -19
leaf_value=16.207740430584835 51.636709247697524 -17.457711855580811 -1.4885597302871507 6.7517223304322558 10.960286709391109 6.3070100209062421 7.2934436814249786 1.4371832135710862 11.972257693567991 6.3912170504745767 0.012447499938084812 -5.4902709173045441 6.7102118638780874 -6.4515679990136432 16.898229908980404 -51.181100914740277 -5.6221977568152495 -5.2216896488392992
leaf_weight=21850 88772 1269 54343 20384 24753 2025 17001 45957 6840 12756 30628 5723 256 22262 367 164 305 4145
leaf_count=21850 88772 1269 54343 20384 24753 2025 17001 45957 6840 12756 30628 5723 256 22262 367 164 305 4145
internal_value=0.000752599 0.000327993 0.000591378 0.000924763 0.00073206 -0.000334462 4.42287e-05 0.00046774 0.00191199 -8.07355e-06 -0.000273698 -0.00143914 -0.00420907 -0.0010149 0.000710863 -0.00253828 -0.00607677 0.000167398
internal_weight=359800 263352 188433 117089 95239 74919 71344 70486 96448 50632 37876 7248 1525 24287 7676 836 469 50102
internal_count=359800 263352 188433 117089 95239 74919 71344 70486 96448 50632 37876 7248 1525 24287 7676 836 469 50102
is_linear=0
shrinkage=0.0229654


Tree=126
num_leaves=19
num_cat=0
split_feature=37 37 36 37 15 36 37 35 32 29 22 37 35 37 4 29 35 24
split_gain=558.01 111.043 51.545 40.2553 39.5994 38.2758 33.2491 30.0551 29.594 27.8605 25.5532 24.2388 23.4912 22.6178 25.1025 20.5837 19.904 19.5795
threshold=27586.121524324124 22145.7007144788 28558.500000000004 16571.864639373602 17.843750000000004 22848.500000000004 19710.194226256823 22407.500000000004 1.0000000180025095e-35 61.943750000000001 14.458376736111115 30652.222152087903 17545.500000000004 19019.042623416553 7.5000000000000009 371.9812500000001 23594.500000000004 2.3750000000000031
decision_type=2 2 2 2 2 2 2 2 2 2 2 2 2 2 2 2 2 2
left_child=1 3 4 9 -3 6 17 13 -4 10 -1 -2 -12 14 15 -7 -8 -5
right_child=11 2 8 5 -6 7 16 -9 -10 -11 12 -13 -14 -15 -16 -17 -18 -19
leaf_value=-23.612219119426818 23.309219668710526 6.9144028929047332 -14.423660978810659 -2.5154276853108337 -1.629651046693116 -3.9323877674752516 1.4591726337079107 -15.680384623198179 5.2010153198165936 -2.7595384239008229 -18.469391484035899 86.333423735971522 0.24385006201114212 -3.5391059498131905 -42.519607314409008 -28.499115458549454 -6.69997161984542 -7.1317564789262322
leaf_weight=106 42304 104756 6154 36788 21861 462 43111 2323 3064 598 444 79347 254 8519 104 61 4921 4623
leaf_count=106 42304 104756 6154 36788 21861 462 43111 2323 3064 598 444 79347 254 8519 104 61 4921 4623
internal_value=0.00074494 9.85449e-05 0.000528931 -0.000472848 0.000649638 -0.000419154 -0.000258994 -0.00166819 -0.00112909 -0.00433755 -0.00712956 0.00201035 -0.00553407 -0.0010757 -0.00528534 -0.00323623 0.00015214 -0.000735862
internal_weight=359800 238149 135835 102314 126617 100912 89443 11469 9218 1402 804 121651 698 9146 627 523 48032 41411
internal_count=359800 238149 135835 102314 126617 100912 89443 11469 9218 1402 804 121651 698 9146 627 523 48032 41411
is_linear=0
shrinkage=0.0229654


Tree=127
num_leaves=19
num_cat=0
split_feature=35 3 8 0 6 15 36 15 0 3 36 35 36 22 21 36 21 15
split_gain=361.882 71.4361 63.3194 55.0538 45.0565 38.8388 35.1955 33.6993 22.5262 21.9586 40.0209 24.7396 27.8167 22.3674 26.4926 20.9713 20.636 20.025
threshold=30043.500000000004 4.5000000000000009 0.19467261866128602 34.500000000000007 1.0000000180025095e-35 9.1062500000000028 29801.500000000004 26.818750000000005 47.500000000000007 5.5000000000000009 23088.500000000004 17399.500000000004 20650.500000000004 5.9915364583333348 5.2186197916666677 22150.500000000004 7.4699218750000007 17.306250000000002
decision_type=2 2 2 2 2 2 2 2 2 2 2 2 2 2 2 2 2 2
left_child=1 3 9 4 5 -1 16 -4 -5 10 11 12 -3 -12 -15 -6 -7 -11
right_child=-2 2 7 8 15 6 -8 -9 -10 17 13 -13 -14 14 -16 -17 -18 -19
leaf_value=6.4375994334395337 55.096162012039514 -14.450551922906595 2.5433710391409603 13.506991540207446 -0.014093286997457077 6.6953454145960904 21.730988942401751 -9.673727715642281 -0.75287407148701058 0.13621287799079332 6.0513700224640523 -4.3106973749907027 -41.817300095430191 -53.943754499465612 -17.402418196656246 -12.894205553290385 -0.62571202258853476 -11.485783830061919
leaf_weight=41678 87688 264 37977 41888 2088 13053 8587 647 5344 17293 553 14472 64 122 3845 2984 75418 5835
leaf_count=41678 87688 264 37977 41888 2088 13053 8587 647 5344 17293 553 14472 64 122 3845 2984 75418 5835
internal_value=0.00074194 0.00032849 -0.000242707 0.00057089 0.000347464 0.000425189 0.000173392 0.000430126 0.00125116 -0.000854927 -0.00142642 -0.000848789 -0.00708567 -0.00331779 -0.00392097 -0.00177855 3.71462e-05 -0.000377527
internal_weight=359800 272112 81072 191040 143808 138736 97058 38624 47232 42448 19320 14800 328 4520 3967 5072 88471 23128
internal_count=359800 272112 81072 191040 143808 138736 97058 38624 47232 42448 19320 14800 328 4520 3967 5072 88471 23128
is_linear=0
shrinkage=0.0229654


Tree=128
num_leaves=19
num_cat=0
split_feature=25 0 14 1 3 0 16 15 14 0 16 3 15 34 10 15 13 0
split_gain=170.073 114.298 74.3048 43.3274 40.7227 70.383 36.1232 31.4659 28.0594 26.0003 25.5044 25.4827 24.1122 22.386 28.8141 19.6112 17.9225 16.9969
threshold=7.0690104166666687 32.500000000000007 66.312500000000014 21.500000000000004 4.5000000000000009 12.500000000000002 194.56250000000003 13.968750000000004 87.812500000000014 16.500000000000004 218.43750000000003 4.5000000000000009 7.9062500000000018 0.045138888888888895 0.6830127018922193 9.8562500000000028 22.031250000000004 4.5000000000000009
decision_type=2 2 2 2 2 2 2 2 2 2 2 2 2 2 2 2 2 2
left_child=9 2 11 10 5 12 -7 -5 13 -1 -3 16 -4 14 15 -6 -2 -14
right_child=1 3 4 7 8 6 -8 -9 -10 -11 -12 -13 17 -15 -16 -17 -18 -19
leaf_value=8.3203508052714827 -4.4753654873289905 20.501833770189588 3.8937528586729568 5.2229046223717699 -1.4918418095908668 17.73062128588775 3.3458944228965142 -4.4091704435294812 3.4526564541756755 34.997246382479922 7.1284071096200758 -9.7696927757506469 1.6551129504538116 1.4211504002335813 7.3322197778164293 -10.228370889532753 13.057730189080337 -2.9577928825546902
leaf_weight=28221 22124 43671 11537 13769 5324 39472 22142 7004 11795 59939 20318 10881 11614 9037 3574 12215 3145 24018
leaf_count=28221 22124 43671 11537 13769 5324 39472 22142 7004 11795 59939 20318 10881 11614 9037 3574 12215 3145 24018
internal_value=0.000737599 0.000453153 0.000135892 0.00115263 0.000360156 0.000594555 0.00110567 0.00024134 -0.000247749 0.00161404 0.00144847 -0.000799183 -7.30799e-05 -0.000619266 -0.00102867 -0.00141165 -0.00039907 -0.000368534
internal_weight=359800 271640 186878 84762 150728 108783 61614 20773 41945 88160 63989 36150 47169 30150 21113 17539 25269 35632
internal_count=359800 271640 186878 84762 150728 108783 61614 20773 41945 88160 63989 36150 47169 30150 21113 17539 25269 35632
is_linear=0
shrinkage=0.0229654


Tree=129
num_leaves=19
num_cat=0
split_feature=37 37 15 11 8 8 4 37 36 36 37 26 36 29 4 25 29 22
split_gain=552.924 103.214 58.2177 37.1251 32.3937 29.4412 30.9852 24.6054 28.0638 24.2992 24.0505 21.1026 20.8183 19.3512 18.8218 27.3332 18.7768 18.4862
threshold=27736.99555956195 20713.858809328627 10.656250000000004 132.00000000000003 -0.55438071450436044 -0.5 2.5000000000000004 16571.864639373602 15994.000000000002 31532.000000000004 31056.517438512285 18.441536458333335 25803.000000000004 65.693750000000009 6.5000000000000009 12.539843750000001 396.75625000000008 10.08190104166667
decision_type=2 2 2 2 2 2 2 2 2 2 2 2 2 2 2 2 2 2
left_child=1 4 3 9 7 6 -4 8 -1 -3 -2 -7 16 -10 15 -14 -9 -5
right_child=10 2 5 17 -6 11 -8 12 13 -11 -12 -13 14 -15 -16 -17 -18 -19
leaf_value=2.4778329761954927 23.971017043401297 9.5407176482209639 -26.50141347241733 -6.5862122648063925 -1.5314606941299733 1.1548051040843754 -3.3621280307485781 -6.1525008099526408 -18.585856593795999 -14.066345752458343 89.453868044040618 13.428156114649143 -45.052550797676602 -6.387833986561497 -40.43291045774675 7.2165352780011487 -32.895734061465369 5.187074938377628
leaf_weight=357 43887 48931 656 7685 49843 66696 33498 15194 483 220 75033 6401 124 308 143 230 94 10017
leaf_count=357 43887 48931 656 7685 49843 66696 33498 15194 483 220 75033 6401 124 308 143 230 94 10017
internal_value=0.000729046 9.64838e-05 0.000390891 0.000922801 -0.00067112 5.93349e-05 -0.000497313 -0.00153894 -0.00478513 0.00124758 0.00201034 0.000319424 -0.00130285 -0.00719738 -0.00592849 -0.003088 -0.00115248 2.10169e-05
internal_weight=359800 240880 174104 66853 66776 107251 34154 16933 1148 49151 118920 73097 15785 791 497 354 15288 17702
internal_count=359800 240880 174104 66853 66776 107251 34154 16933 1148 49151 118920 73097 15785 791 497 354 15288 17702
is_linear=0
shrinkage=0.0229654


Tree=130
num_leaves=19
num_cat=0
split_feature=37 37 36 0 15 37 36 32 37 36 37 9 3 8 37 25 10 21
split_gain=548.044 101.554 49.1286 38.9989 38.086 31.1431 32.493 26.6134 24.4387 23.8736 19.9623 21.2018 20.7227 18.9956 18.2558 17.267 15.8365 15.6706
threshold=27736.99555956195 22202.067321382412 28472.500000000004 8.5000000000000018 17.843750000000004 16571.864639373602 21873.500000000004 0.037499999999998763 31056.517438512285 15994.000000000002 18945.834515503422 -0.5 1.0000000180025095e-35 -0.70710678118654757 19161.366179972218 21.603906250000005 -0.9330127018922193 8.6839843750000032
decision_type=2 2 2 2 2 2 2 2 2 2 2 2 2 2 2 2 2 2
left_child=1 3 4 -1 13 9 14 -4 -2 -5 11 -8 -12 -3 -7 -11 -14 -13
right_child=8 2 7 5 -6 6 10 -9 -10 15 12 17 16 -15 -16 -17 -18 -19
leaf_value=0.6524626869647927 23.420512834530275 2.0779604511661458 -13.757745043900785 2.6376217836359319 -1.6380789218414233 -3.9001155806548642 -37.779407075771601 4.4028616738958322 87.399523384033998 -13.028789591767223 3.0914113246612396 -25.805442297261031 3.0827549412259585 7.4737735135966838 -0.19578385817746782 -19.643051733679634 -9.5802167177828288 -10.933931272021814
leaf_weight=36630 43887 21596 6920 384 21638 21122 104 3733 75033 853 2405 62 1349 83294 28845 145 11084 716
leaf_count=36630 43887 21596 6920 384 21638 21122 104 3733 75033 853 2405 62 1349 83294 28845 145 11084 716
internal_value=0.000728727 9.89626e-05 0.000508942 -0.000443389 0.000635048 -0.000772522 -0.000700741 -0.000988851 0.00200436 -0.00418429 -0.00161138 -0.00496803 -0.00141185 0.000816018 -0.000414248 -0.00605661 -0.00178932 -0.0036662
internal_weight=359800 240880 137181 103699 126528 67069 65687 10653 118920 1382 15720 882 14838 104890 49967 998 12433 778
internal_count=359800 240880 137181 103699 126528 67069 65687 10653 118920 1382 15720 882 14838 104890 49967 998 12433 778
is_linear=0
shrinkage=0.0229654


Tree=131
num_leaves=19
num_cat=0
split_feature=37 37 15 0 36 11 37 36 37 36 13 37 34 0 3 4 36 21
split_gain=543.406 99.1374 45.0151 37.4621 37.058 35.3477 29.6231 31.8017 23.5668 22.3341 19.4804 18.8563 19.5941 17.946 18.8692 26.8498 17.9759 17.5379
threshold=27819.434989129277 22202.067321382412 13.193750000000003 8.5000000000000018 30145.500000000004 108.00000000000001 16571.864639373602 21873.500000000004 31322.269345415203 15994.000000000002 12.818750000000003 18139.320379618603 0.32986111111111116 5.5000000000000009 4.5000000000000009 11.500000000000002 33568.000000000007 12.167578125
decision_type=2 2 2 2 2 2 2 2 2 2 2 2 2 2 2 2 2 2
left_child=1 3 4 -1 5 -3 9 -8 -2 -5 13 12 -9 -4 15 -15 17 -16
right_child=8 2 10 6 -6 -7 7 11 -10 -11 -12 -13 -14 14 16 -17 -18 -19
leaf_value=0.63747861454703869 24.094156987163082 10.902693254291087 5.5262605292515552 2.5770477207719318 -16.718684325367715 2.8385748278585243 -2.0874090575408348 -29.808763612368104 91.268220103442445 -14.588294056713622 5.3032183128146313 -7.0000718400095954 7.9902353027827688 0.52441012690241895 -4.7116080556351285 -13.39431984650008 -33.049160150210206 -13.272492922798483
leaf_weight=36630 45261 47024 5743 384 1250 29127 49967 283 72232 998 20577 15336 101 23686 7960 1386 123 1732
leaf_count=36630 45261 47024 5743 384 1250 29127 49967 283 72232 998 20577 15336 101 23686 7960 1386 123 1732
internal_value=0.000724004 0.000102522 0.000504315 -0.000434531 0.000872348 0.000936729 -0.000757113 -0.000687106 0.00200569 -0.00408459 3.89092e-05 -0.001588 -0.00661452 -0.000252659 -0.000448486 -0.000114314 -0.00130211 -0.0011914
internal_weight=359800 242307 138608 103699 77401 76151 67069 65687 117493 1382 61207 15720 384 40630 34887 25072 9815 9692
internal_count=359800 242307 138608 103699 77401 76151 67069 65687 117493 1382 61207 15720 384 40630 34887 25072 9815 9692
is_linear=0
shrinkage=0.0229654


Tree=132
num_leaves=19
num_cat=0
split_feature=37 37 35 0 36 37 11 37 36 35 36 25 37 37 4 29 9 30
split_gain=537.772 95.6509 43.6232 36.1118 34.085 30.0391 29.3299 27.9117 30.1968 29.7473 25.3491 24.9398 24.5882 21.8707 20.4559 21.867 20.3194 19.6322
threshold=27819.434989129277 22316.583991142463 28800.500000000004 8.5000000000000018 28472.500000000004 25301.641546275634 108.00000000000001 16571.864639373602 22322.500000000004 22407.500000000004 26944.500000000004 21.603906250000005 31322.269345415203 19091.612530663104 3.5000000000000004 297.36875000000003 -0.93301270189221908 1736.66875
decision_type=2 2 2 2 2 2 2 2 2 2 2 2 2 2 2 2 2 2
left_child=1 3 4 -1 6 -4 -3 11 -9 13 -7 -5 -2 -10 15 -12 -11 -6
right_child=12 2 5 7 17 10 -8 8 9 16 14 -13 -14 -15 -16 -17 -18 -19
leaf_value=0.65864973628694357 23.540824819127895 7.667003021375411 -19.844441549508041 -10.176597905344321 -4.570648003343635 8.969109448849661 2.2593926228897478 -2.1622214993728632 -21.326518238217556 -41.446282879118058 -39.156676045276434 -18.659088482451764 89.172208106448565 -3.509691996503522 -1.9830649753418981 -16.483483191527956 -12.366210590310027 -58.753190603118796
leaf_weight=37398 45261 73398 1541 1231 9645 3545 44904 54654 804 163 345 151 72232 9274 1450 818 2911 75
leaf_count=37398 45261 73398 1541 1231 9645 3545 44904 54654 804 163 345 151 72232 9274 1450 818 2911 75
internal_value=0.000723238 0.000104986 0.00050934 -0.000409898 0.000610309 -0.0011696 0.00071772 -0.000720681 -0.000654829 -0.00164278 -0.000451999 -0.00395165 0.00199827 -0.00103957 -0.00216822 -0.00443708 -0.00362038 -0.000696995
internal_weight=359800 242307 135721 106586 128022 7699 118302 69188 67806 13152 6158 1382 117493 10078 2613 1163 3074 9720
internal_count=359800 242307 135721 106586 128022 7699 118302 69188 67806 13152 6158 1382 117493 10078 2613 1163 3074 9720
is_linear=0
shrinkage=0.0229654


Tree=133
num_leaves=19
num_cat=0
split_feature=25 0 16 0 3 0 15 3 27 26 9 0 11 15 10 9 16 26
split_gain=161.008 103.294 64.0655 60.6116 53.6019 40.9761 36.8112 36.3923 29.4312 28.7921 55.5191 27.3382 25.8167 24.1909 22.7593 21.1659 20.9039 20.5219
threshold=7.0690104166666687 32.500000000000007 226.81250000000003 14.500000000000002 4.5000000000000009 45.500000000000007 7.9062500000000018 3.5000000000000004 8.4701822916666689 17.416015625000004 0.25000000000000011 16.500000000000004 108.00000000000001 17.656250000000004 0.6830127018922193 -0.6830127018922193 218.43750000000003 19.946614583333339
decision_type=2 2 2 2 2 2 2 2 2 2 2 2 2 2 2 2 2 2
left_child=11 2 3 6 -5 16 -2 -4 15 -9 17 12 -1 -7 -6 -8 -3 -11
right_child=1 5 7 4 14 13 8 9 -10 10 -12 -13 -14 -15 -16 -17 -18 -19
leaf_value=12.082106835079795 4.4166387667892142 16.854158715304177 0.19279629202025617 22.852510426603406 -5.826500318810985 2.5087741541807236 -3.8530174282096028 -5.1225724917198194 -13.539121497138954 -12.556102930358431 -19.973186176043146 32.591018128005622 1.382905986758771 -7.4356719083221501 16.541396604746833 0.10764393027583415 6.640734425696607 0.51221126964139341
leaf_weight=16376 20157 48821 32914 35405 9569 13168 15218 19306 89 3484 645 59939 11845 2455 3940 44150 20318 2001
leaf_count=16376 20157 48821 32914 35405 9569 13168 15218 19306 89 3484 645 59939 11845 2455 3940 44150 20318 2001
internal_value=0.000722983 0.000446221 0.000144617 0.00043112 0.00106737 0.00111118 4.02113e-05 -0.000486465 -0.000247317 -0.00113888 -0.00251009 0.00157575 0.000986371 4.89502e-05 -0.000163371 -0.000227534 0.00135121 -0.00176061
internal_weight=359800 271640 186878 128528 48914 84762 79614 58350 59457 25436 6130 88160 28221 15623 13509 59368 69139 5485
internal_count=359800 271640 186878 128528 48914 84762 79614 58350 59457 25436 6130 88160 28221 15623 13509 59368 69139 5485
is_linear=0
shrinkage=0.0229654


Tree=134
num_leaves=19
num_cat=0
split_feature=37 37 15 11 3 35 37 37 32 1 3 29 23 14 15 35 3 29
split_gain=536.173 87.6462 55.872 36.3397 28.5372 29.9576 27.3174 25.5457 24.5484 26.3024 23.1546 22.6748 20.7031 18.9715 18.2802 15.7162 21.3061 32.1246
threshold=27736.99555956195 20713.858809328627 10.656250000000004 132.00000000000003 4.5000000000000009 31538.000000000004 31188.192987530074 16571.864639373602 154.58750000000003 4.5000000000000009 5.5000000000000009 67.406250000000014 -4.9749999999999961 89.437500000000014 27.356250000000006 21360.500000000004 4.5000000000000009 30.40625
decision_type=2 2 2 2 2 2 2 2 2 2 2 2 2 2 2 2 2 2
left_child=1 7 3 -3 5 -4 -2 11 9 14 -11 -1 -9 15 -6 -14 17 -17
right_child=6 2 4 -5 8 -7 -8 12 -10 10 -12 -13 13 -15 -16 16 -18 -19
leaf_value=-15.277441866803851 21.655755582062334 8.7564148016322818 1.9443892438850847 -0.092482246855339109 3.2737930841848755 -50.993214763122623 83.939640329922085 2.8071079700463977 4.3889064142409309 -9.9938126371860871 -3.4407969512293874 -0.69312025358131479 -2.8470645567900545 0.78463010076514605 -9.3715393490869925 -27.473875941221596 -7.1468322928694592 -7.1615134339566024
leaf_weight=827 45317 49151 78770 17702 4646 146 73603 5401 5986 9317 8299 575 40427 10991 87 647 7038 870
leaf_count=827 45317 49151 78770 17702 4646 146 73603 5401 5986 9317 8299 575 40427 10991 87 647 7038 870
internal_value=0.000715196 9.22888e-05 0.000363587 0.00088467 3.87786e-05 0.000263248 0.00197693 -0.000615061 -0.000586394 -0.000936229 -0.0013446 -0.00368233 -0.000549281 -0.000671926 0.000583718 -0.000865411 -0.00175965 -0.00422824
internal_weight=359800 240880 174104 66853 107251 78916 118920 66776 28335 22349 17616 1402 65374 59973 4733 48982 8555 1517
internal_count=359800 240880 174104 66853 107251 78916 118920 66776 28335 22349 17616 1402 65374 59973 4733 48982 8555 1517
is_linear=0
shrinkage=0.0229654


Tree=135
num_leaves=19
num_cat=0
split_feature=37 37 26 8 8 37 26 36 3 6 7 37 37 36 22 36 9 26
split_gain=529.376 85.315 43.1422 37.593 28.0438 26.3986 24.4466 22.0227 20.2252 20.3269 43.671 33.3733 19.7136 23.7156 19.8351 18.4667 19.1939 24.3585
threshold=27819.434989129277 21058.27068631602 17.642317708333337 -0.5 -0.55438071450436044 31462.010697715847 10.361328125000002 23203.500000000004 4.5000000000000009 1.0000000180025095e-35 0.82968937203783699 23581.241280817292 16571.864639373602 15994.000000000002 16.911675347222225 25803.000000000004 1.0000000180025095e-35 10.529817708333335
decision_type=2 2 2 2 2 2 2 2 2 2 2 2 2 2 2 2 2 2
left_child=1 4 3 6 12 -2 7 -3 9 -5 -11 -12 13 -1 -15 -14 -17 -18
right_child=5 2 -4 8 -6 -7 -8 -9 -10 10 11 -13 15 14 -16 16 17 -19
leaf_value=3.2639793136923632 22.249324478691371 7.0950738266547457 10.528669347593299 5.1594727003675604 -1.1812342638453064 87.829073677798149 0.17507492889654971 -15.318041473484254 -0.26059012687772504 -0.66104696828912857 -20.022773276300768 -28.969423954955584 -5.8237064243630288 -8.7155589281776464 -17.006877559382538 -37.337756298988907 -42.961356777022154 7.3036108319995003
leaf_weight=357 46692 3073 25883 69769 56360 70801 28081 9382 28644 1857 254 109 17163 442 349 160 152 272
leaf_count=357 46692 3073 25883 69769 56360 70801 28081 9382 28644 1857 254 109 17163 442 349 160 152 272
internal_value=0.000712706 9.92991e-05 0.000388531 0.000230502 -0.000542741 0.00197774 -0.000359982 -0.00120681 0.000468354 0.000673723 -0.00148965 -0.00877494 -0.0013084 -0.00422499 -0.00644251 -0.00111974 -0.00513576 -0.00257819
internal_weight=359800 242307 167052 141169 75255 117493 40536 12455 100633 71989 2220 363 18895 1148 791 17747 584 424
internal_count=359800 242307 167052 141169 75255 117493 40536 12455 100633 71989 2220 363 18895 1148 791 17747 584 424
is_linear=0
shrinkage=0.0229654


Tree=136
num_leaves=19
num_cat=0
split_feature=37 37 15 23 11 35 37 36 9 36 37 25 10 37 37 35 37 36
split_gain=521.805 83.4281 44.0444 34.3428 32.8045 27.9385 26.7713 25.9146 35.5183 24.5157 24.3992 24.6253 22.8424 25.3311 22.0558 18.0434 25.3278 18.5963
threshold=27819.434989129277 22027.651292515438 10.943750000000003 -4.4874999999999972 132.00000000000003 29259.500000000004 31056.517438512285 24564.500000000004 -0.93301270189221908 31532.000000000004 16571.864639373602 21.603906250000005 -0.68301270189221952 18412.762110205986 25301.641546275634 22890.500000000004 19228.289749810432 20030.500000000004
decision_type=2 2 2 2 2 2 2 2 2 2 2 2 2 2 2 2 2 2
left_child=1 3 4 -1 9 -4 -2 10 -9 -3 11 -5 -10 -14 -7 16 17 -12
right_child=6 2 5 7 -6 14 -8 8 12 -11 15 -13 13 -15 -16 -17 -18 -19
leaf_value=3.0574564372789657 21.045302380596343 10.933577268555204 1.4559443408962092 -8.954664556919969 0.39366512568108947 -25.133603962272478 77.753468124124211 -41.550775511867649 1.5780217643699712 -12.824254245342646 -2.6476286292019742 -17.066781666183569 -27.566202107086738 -15.294880180732315 -5.1812222821559768 -8.1526775179041824 0.11736369400722084 -7.8432456359485867
leaf_weight=11813 42460 40993 82863 1248 15095 869 75033 105 1368 240 24989 147 137 1983 2826 8340 45090 4201
leaf_count=11813 42460 40993 82863 1248 15095 869 75033 105 1368 240 24989 147 137 1983 2826 8340 45090 4201
internal_value=0.000708494 9.94887e-05 0.000454949 -0.000411373 0.000954772 0.000129688 0.00196445 -0.000568106 -0.00247807 0.0012901 -0.000486424 -0.00349831 -0.0020819 -0.0035748 -0.00182418 -0.00043557 -0.00032185 -0.00084891
internal_weight=359800 242307 142886 99421 56328 86558 117493 87608 3593 41233 84015 1395 3488 2120 3695 82620 74280 29190
internal_count=359800 242307 142886 99421 56328 86558 117493 87608 3593 41233 84015 1395 3488 2120 3695 82620 74280 29190
is_linear=0
shrinkage=0.0229654


Tree=137
num_leaves=19
num_cat=0
split_feature=37 37 26 1 37 6 7 11 3 22 25 4 33 37 25 26 3 11
split_gain=516.397 80.3504 32.0491 30.602 28.035 27.68 54.8318 27.5215 27.3993 24.5762 21.5056 25.1059 23.6704 21.3827 26.6475 17.4506 21.3177 15.5502
threshold=27819.434989129277 22202.067321382412 17.264453125000006 3.5000000000000004 31462.010697715847 1.0000000180025095e-35 0.65793410509763428 108.00000000000001 1.5000000000000002 7.1385416666666677 6.7328125000000005 3.5000000000000004 0.78125000000000011 16571.864639373602 21.603906250000005 9.2769531250000021 3.5000000000000004 132.00000000000003
decision_type=2 2 2 2 2 2 2 2 2 2 2 2 2 2 2 2 2 2
left_child=1 3 5 -1 -2 7 15 10 -8 -10 -3 12 -12 14 -5 16 -7 -15
right_child=4 2 -4 13 -6 6 8 -9 9 -11 11 -13 -14 17 -16 -17 -18 -19
leaf_value=0.60740279880292214 21.206883547306088 10.34930785592675 10.731586283581995 -8.7695891775853099 84.026402893639016 -20.946164199526923 1.97170016766325 -0.71761490067378075 -16.415536229330822 -34.991668198952731 -2.8055530350836491 4.8146673294664506 -28.155983798195511 -1.9431034380302208 -16.968224925713429 16.887576744429836 7.6556951735511847 -7.3450445746199913
leaf_weight=36614 46692 14495 23565 1231 70801 665 116 43364 187 164 11055 43383 109 49367 151 1007 498 16336
leaf_count=36614 46692 14495 23565 1231 70801 665 116 43364 187 164 11055 43383 109 49367 151 1007 498 16336
internal_value=0.000704856 9.90148e-05 0.00046074 -0.00038448 0.00195429 0.000302691 -0.00202308 0.000357252 -0.00916158 -0.0123594 0.000642042 0.000433104 -0.000538136 -0.000675936 -0.00350297 -0.000486824 -0.00240317 -0.000616472
internal_weight=359800 242307 138608 103699 117493 115043 2637 112406 467 351 69042 54547 11164 67085 1382 2170 1163 65703
internal_count=359800 242307 138608 103699 117493 115043 2637 112406 467 351 69042 54547 11164 67085 1382 2170 1163 65703
is_linear=0
shrinkage=0.0229654


Tree=138
num_leaves=19
num_cat=0
split_feature=37 37 15 15 37 26 6 3 7 8 0 9 24 8 27 8 30 8
split_gain=507.69 77.7228 41.6363 32.5481 28.6703 25.7276 19.4791 33.4157 28.0471 19.159 18.7594 18.5518 21.5135 19.8222 27.5001 16.9171 16.4374 16.3989
threshold=27819.434989129277 22421.220383782642 12.881250000000003 11.268750000000002 31884.863887757954 12.919401041666669 1.0000000180025095e-35 1.5000000000000002 0.65793410509763428 -0.70710678118654757 5.5000000000000009 -0.6830127018922193 1.5812499999999992 -0.065263096110025884 7.9144717261904747 0.75023006073889131 4.3000000000000043 -0.65793410509763406
decision_type=2 2 2 2 2 2 2 2 2 2 2 2 2 2 2 2 2 2
left_child=1 3 6 15 -2 10 9 -8 -9 -3 -4 12 -5 16 -15 -1 17 -13
right_child=4 2 5 11 -6 -7 7 8 -10 -11 -12 13 -14 14 -16 -17 -18 -19
leaf_value=-0.74200409265126221 21.517956280121872 1.5095881707271104 4.9917775624606548 -4.121048498959798 91.486612865354317 4.7390973452942964 16.343106927052627 -23.92734609452862 -38.539914475679396 8.5812629243144425 -4.1161889132216514 -15.59282844934952 -10.917360443989335 0.21092555541643107 -13.058694695862984 3.2915453028406252 -4.7056608962268323 -1.4859665841679979
leaf_weight=37512 50903 14138 5659 11756 66590 26989 740 349 158 55943 29022 1267 3648 22460 68 13210 18637 751
leaf_count=37512 50903 14138 5659 11756 66590 26989 740 349 158 55943 29022 1267 3648 22460 68 13210 18637 751
internal_value=0.000700579 9.98678e-05 0.000472749 -0.000353823 0.00193943 3.57497e-05 0.000850578 -0.00199451 -0.00653631 0.000901203 -0.000378044 -0.000722552 -0.00140679 -0.000478475 -7.33971e-06 7.20811e-05 -0.000992332 -0.00296115
internal_weight=359800 242307 132998 109309 117493 61670 71328 1247 507 70081 34681 58587 15404 43183 22528 50722 20655 2018
internal_count=359800 242307 132998 109309 117493 61670 71328 1247 507 70081 34681 58587 15404 43183 22528 50722 20655 2018
is_linear=0
shrinkage=0.0229654


Tree=139
num_leaves=19
num_cat=0
split_feature=37 37 26 37 36 37 36 1 36 21 30 37 25 36 16 37 9 11
split_gain=499.561 71.0965 44.4121 36.2172 35.243 32.0178 33.4655 24.35 23.7242 20.8914 29.0844 20.2524 25.1739 20.1783 20.8593 20.2338 19.663 19.2332
threshold=27508.88673103532 20167.682146005318 17.642317708333337 31884.863887757954 28384.500000000004 23737.101329373709 21306.500000000004 1.5000000000000002 21816.500000000004 5.6686197916666679 1280.6937500000004 16571.864639373602 21.603906250000005 24825.500000000004 413.93750000000006 21971.225937209423 0.93301270189221952 108.00000000000001
decision_type=2 2 2 2 2 2 2 2 2 2 2 2 2 2 2 2 2 2
left_child=1 8 4 -2 5 6 -3 -8 11 10 16 12 -1 15 -15 -9 -6 -7
right_child=3 2 -4 -5 9 17 7 13 -10 -11 -12 -13 -14 14 -16 -17 -18 -19
leaf_value=-8.6338036998099827 19.451434120499847 3.4676481563412676 8.1754302132419152 89.385585389275761 -2.7202538712441733 7.1233888904483225 3.4121759885821552 -4.9714221656489448 -11.967856463675741 -5.4370817594342551 -18.698481718776495 -2.0263457190739218 -16.274590569089803 -12.690252328974871 -1.4673175059586125 0.016369594916707517 -53.74258934329697 0.83128801873419944
leaf_weight=1206 56473 24528 29526 66590 66 43057 8104 13044 3565 8408 716 48969 144 4564 2777 20752 120 27191
leaf_count=1206 56473 24528 29526 66590 66 43057 8104 13044 3565 8408 716 48969 144 4564 2777 20752 120 27191
internal_value=0.000696494 7.95176e-05 0.000295563 0.00188338 0.000138502 0.000227028 -0.000107123 -0.00045235 -0.000653622 -0.00123091 -0.00455234 -0.000525358 -0.00330021 -0.000679019 -0.00177035 -0.000441966 -0.0126433 0.000577928
internal_weight=359800 236737 182853 123063 153327 144017 73769 49241 53884 9310 902 50319 1350 41137 7341 33796 186 70248
internal_count=359800 236737 182853 123063 153327 144017 73769 49241 53884 9310 902 50319 1350 41137 7341 33796 186 70248
is_linear=0
shrinkage=0.0229654


Tree=140
num_leaves=19
num_cat=0
split_feature=35 3 0 15 15 26 11 11 0 16 27 0 14 16 10 29 33 28
split_gain=342.249 61.1213 48.0165 34.9437 34.4989 28.3747 26.1255 24.3003 24.0897 23.0074 19.7391 16.2651 16.7186 16.1516 15.2119 14.8766 19.4646 14.4096
threshold=30270.500000000004 4.5000000000000009 35.500000000000007 9.1062500000000028 15.306250000000004 7.2479166666666677 108.00000000000001 132.00000000000003 46.500000000000007 210.31250000000003 3.5291666666666668 32.500000000000007 73.312500000000014 274.56250000000006 0.93301270189221952 441.51875000000013 0.71180555555555569 2.5065588235294132
decision_type=2 2 2 2 2 2 2 2 2 2 2 2 2 2 2 2 2 2
left_child=1 2 3 6 7 -5 -1 13 14 -2 -11 12 -12 -3 -4 16 -6 -16
right_child=9 4 8 5 15 -7 -8 -9 -10 10 11 -13 -14 -15 17 -17 -18 -19
leaf_value=7.2387439279314201 51.657433161497778 3.0075666467798676 13.88713528201361 8.1564652264027409 -5.6013621265001436 -0.43576788848833231 1.015661212116588 -4.7059856339444002 0.96085135798232868 17.319194438732382 -43.359315040209601 17.420341885509416 -8.9567807160550252 -3.033385924799997 8.1769690265641906 7.303113512316135 -25.770834518820962 -43.348223718843002
leaf_weight=27197 78650 34517 33616 16469 21941 87353 16581 14553 10648 5147 307 363 373 8712 887 2115 114 257
leaf_count=27197 78650 34517 33616 16469 21941 87353 16581 14553 10648 5147 307 363 373 8712 887 2115 114 257
internal_value=0.000692537 0.000299095 0.000522209 0.000321298 -0.00022637 9.18423e-05 0.000865465 7.83771e-05 0.00117528 0.00196765 0.000619584 -0.00226131 -0.00435667 0.000351634 0.00146804 -0.000954912 -0.00113135 -0.00113623
internal_weight=359800 274960 193008 147600 81952 103822 43778 57782 45408 84840 6190 1043 680 43229 34760 24170 22055 1144
internal_count=359800 274960 193008 147600 81952 103822 43778 57782 45408 84840 6190 1043 680 43229 34760 24170 22055 1144
is_linear=0
shrinkage=0.0229654


Tree=141
num_leaves=19
num_cat=0
split_feature=35 3 0 8 15 26 15 11 3 0 16 30 26 9 9 30 26 14
split_gain=338.436 59.0376 47.3276 43.2532 33.9408 30.0361 27.4235 24.0914 24.0491 23.6396 23.4446 19.1487 28.6762 44.1825 17.96 24.7046 22.6567 21.0969
threshold=30270.500000000004 4.5000000000000009 35.500000000000007 0.19467261866128602 8.5187500000000025 7.2479166666666677 27.356250000000006 108.00000000000001 5.5000000000000009 46.500000000000007 174.43750000000003 489.68125000000003 13.87565104166667 0.25000000000000011 -0.6830127018922193 514.39375000000007 12.364973958333335 79.937500000000014
decision_type=2 2 2 2 2 2 2 2 2 2 2 2 2 2 2 2 2 2
left_child=1 2 4 8 7 -6 14 -1 11 -4 -2 -3 -13 -14 15 -5 -17 -18
right_child=10 3 9 6 5 -7 -8 -9 -10 -11 -12 12 13 -15 -16 16 17 -19
leaf_value=8.0475726543997723 51.491843786758189 -3.9989575270457758 13.134096106472757 0.57815719030162138 8.4468245474926054 -0.29410170675999298 -8.6545708302720374 1.2073237201438505 -1.6433943078113624 0.93878501362530598 11.684484711205721 -10.652980161618091 -48.757526225371073 -0.0073866419065836218 3.3124025405284101 -6.4635461780452719 -18.755525090785628 -11.789191070839577
leaf_weight=22979 75725 11572 34760 6417 17341 93147 571 14133 23368 10648 9115 7664 210 186 30195 1256 254 259
leaf_count=22979 75725 11572 34760 6417 17341 93147 571 14133 23368 10648 9115 7664 210 186 30195 1256 254 259
internal_value=0.00068775 0.000296506 0.000515784 -0.000219924 0.000316319 0.000114486 0.000334411 0.000917206 -0.000722075 0.00116415 0.00195574 -0.00131462 -0.00217402 -0.00820027 0.000408735 -0.000545379 -0.00294824 -0.00701497
internal_weight=359800 274960 193008 81952 147600 110488 38952 37112 43000 45408 84840 19632 8060 396 38381 8186 1769 513
internal_count=359800 274960 193008 81952 147600 110488 38952 37112 43000 45408 84840 19632 8060 396 38381 8186 1769 513
is_linear=0
shrinkage=0.0229654


Tree=142
num_leaves=19
num_cat=0
split_feature=36 15 1 15 16 21 9 1 25 7 30 14 1 24 23 31 25 30
split_gain=293.517 71.0725 42.4144 33.69 25.9137 21.0046 19.2213 16.6494 16.2642 21.2561 17.5939 18.0824 14.2419 13.9247 13.0297 12.8311 19.7266 34.8845
threshold=29801.500000000004 15.168750000000003 16.500000000000004 6.8437500000000018 194.56250000000003 8.0915364583333353 0.68301270189221941 22.500000000000004 6.7328125000000005 -0.79335334029123528 1702.23125 56.187500000000007 17.500000000000004 -3.9999999999999982 0.64999999999999991 213.18125000000006 20.338281250000005 7.8312499999999963
decision_type=2 2 2 2 2 2 2 2 2 2 2 2 2 2 2 2 2 2
left_child=1 2 3 -1 -2 -5 13 -4 -3 12 11 14 -10 -7 -11 16 -15 -18
right_child=4 8 7 5 -6 6 -8 -9 9 10 -12 -13 -14 15 -16 -17 17 -19
leaf_value=6.5413621534513826 44.771241078253546 4.0561747703591626 11.442558172484555 6.263815965823964 6.7303161369937969 -8.0462334081125615 -3.8819872817874055 1.9924127057915519 -1.9927465320999087 11.264552437309424 -19.147517543085932 -2.6226909222679056 9.0628360634287795 1.0235754803384691 -12.975227280748308 7.2317414018625863 -21.417552136428618 -2.5345700084395397
leaf_weight=28189 81235 8592 34868 25115 9709 2203 14452 11324 8689 469 420 48845 6348 63853 3670 7192 747 3880
leaf_count=28189 81235 8592 34868 25115 9709 2203 14452 11324 8689 469 420 48845 6348 63853 3670 7192 747 3880
internal_value=0.000681622 0.000300128 0.000536749 0.000344424 0.00180942 0.000173294 1.31087e-05 0.0011431 -0.000289091 -0.000407325 -0.000622084 -0.000584971 0.000355393 0.000155855 -0.00204242 0.000208252 0.000111339 -0.00133663
internal_weight=359800 268856 191823 145631 90944 117442 92327 46192 77033 68441 53404 52984 15037 77875 4139 75672 68480 4627
internal_count=359800 268856 191823 145631 90944 117442 92327 46192 77033 68441 53404 52984 15037 77875 4139 75672 68480 4627
is_linear=0
shrinkage=0.0229654


Tree=143
num_leaves=19
num_cat=0
split_feature=37 37 31 36 32 37 37 35 36 23 36 36 37 25 35 37 35 36
split_gain=483.323 70.6556 39.1389 40.9102 32.9684 31.778 26.8333 41.0791 25.4433 22.3101 21.9416 21.7356 19.1793 25.3751 17.0833 18.4986 17.0304 20.9409
threshold=27976.737459534634 21227.09264132009 29.774999999999991 27301.500000000004 1.0000000180025095e-35 31884.863887757954 24412.078114376811 25151.500000000004 25803.000000000004 -4.9749999999999961 21306.500000000004 22848.500000000004 16571.864639373602 21.603906250000005 32525.000000000004 26074.985478570168 21360.500000000004 20882.500000000004
decision_type=2 2 2 2 2 2 2 2 2 2 2 2 2 2 2 2 2 2
left_child=1 8 3 6 14 -2 7 10 9 -1 -3 -9 13 -11 15 -5 -14 -18
right_child=5 2 -4 4 -6 -7 -8 11 -10 12 -12 -13 16 -15 -16 -17 17 -19
leaf_value=3.1022301907827021 19.987581204882886 9.8425666213762533 6.6547577993590989 -14.182375836520896 4.1931423620236998 84.280081398891369 6.9845512287084111 -1.8794798561819797 -22.639454841883666 -7.7214334613462707 -0.2096884662055524 -12.26925389609762 -1.3643329830754962 -15.816885952418072 -33.734317655900334 -4.5008843585426002 -3.587831265528969 -10.718578369994271
leaf_weight=6786 48100 10332 54337 5281 5515 66590 39525 3182 828 1251 35294 3976 56298 147 204 7958 9006 5190
leaf_count=6786 48100 10332 54337 5281 5515 66590 39525 3182 828 1251 35294 3976 56298 147 204 7958 9006 5190
internal_value=0.000672176 9.64115e-05 0.000366578 0.000119856 -0.000851845 0.00190267 0.00031942 -1.94046e-05 -0.000466321 -0.000424176 0.000234355 -0.0016369 -0.000542989 -0.00320661 -0.00146526 -0.00136363 -0.000490166 -0.00120101
internal_weight=359800 245110 165604 111267 18958 114690 92309 52784 79506 78678 45626 7158 71892 1398 13443 13239 70494 14196
internal_count=359800 245110 165604 111267 18958 114690 92309 52784 79506 78678 45626 7158 71892 1398 13443 13239 70494 14196
is_linear=0
shrinkage=0.0229654


Tree=144
num_leaves=19
num_cat=0
split_feature=37 37 34 8 37 4 6 3 9 22 29 35 6 3 8 36 37 36
split_gain=475.869 68.9432 35.7473 37.5896 32.1051 25.6442 23.9021 22.76 31.9886 24.986 28.2273 21.3569 20.7665 27.7989 44.4162 20.6409 17.9798 21.1925
threshold=27976.737459534634 20167.682146005318 0.010416666666666668 -0.5 31884.863887757954 1.5000000000000002 1.0000000180025095e-35 4.5000000000000009 -0.6830127018922193 11.932248263888892 254.31875000000005 22354.500000000004 1.0000000180025095e-35 1.5000000000000002 -0.32075123873380501 21816.500000000004 24412.078114376811 26390.500000000004
decision_type=2 2 2 2 2 2 2 2 2 2 2 2 2 2 2 2 2 2
left_child=1 15 3 5 -2 6 -3 12 9 10 -9 -7 -5 -14 -15 -1 -13 -18
right_child=4 2 -4 7 -6 11 -8 8 -10 -11 -12 16 13 14 -16 -17 17 -19
leaf_value=-2.2670311585354366 19.528558228990104 6.4193002468864693 5.3474350254017242 3.9745861399774682 82.344554864907508 4.6749218457963595 -31.110414957867729 -22.829236984650873 0.50605286032964547 -3.9271981983145063 -6.2720837565564223 -10.624815364481391 5.8537011950964084 -29.568649074644483 -9.7142922236770985 -11.374558106565281 5.108774244657539 -9.2331371392728414
leaf_weight=50319 48100 87 57044 67132 66590 9190 150 704 24644 2505 956 10364 1256 168 1317 3565 8504 7205
leaf_count=50319 48100 87 57044 67132 66590 9190 150 704 24644 2505 956 10364 1256 168 1317 3565 8504 7205
internal_value=0.000669686 9.83791e-05 0.000302833 9.81039e-05 0.00189066 -0.00054276 -0.00807181 0.000328649 -0.000214516 -0.00207598 -0.00426105 -0.000492158 0.000552599 -0.00140675 -0.00353373 -0.000627197 -0.000827699 -0.000337851
internal_weight=359800 245110 191226 134182 114690 35500 237 98682 28809 4165 1660 35263 69873 2741 1485 53884 26073 15709
internal_count=359800 245110 191226 134182 114690 35500 237 98682 28809 4165 1660 35263 69873 2741 1485 53884 26073 15709
is_linear=0
shrinkage=0.0229654


Tree=145
num_leaves=19
num_cat=0
split_feature=35 15 11 25 3 16 6 8 1 15 35 6 22 29 3 1 22 15
split_gain=331.887 55.9316 66.369 26.3529 25.5379 24.7507 25.8435 24.2613 23.5828 23.9172 20.7769 20.1783 29.4807 17.3571 36.3209 32.6546 23.1137 17.2262
threshold=30270.500000000004 16.481250000000006 108.00000000000001 7.8789062500000009 4.5000000000000009 174.43750000000003 1.0000000180025095e-35 -0.70710678118654757 15.500000000000002 7.8312500000000016 23300.500000000004 1.0000000180025095e-35 9.2096788194444468 52.61875000000002 2.5000000000000004 6.5000000000000009 17.367013888888895 19.131250000000005
decision_type=2 2 2 2 2 2 2 2 2 2 2 2 2 2 2 2 2 2
left_child=1 2 3 -1 13 6 -2 -4 9 -5 -9 -11 -13 14 -3 16 -16 -17
right_child=5 4 7 8 -6 -7 -8 10 -10 11 -12 12 -14 -15 15 17 -18 -19
leaf_value=12.145647945571374 49.491574353489526 3.1800868874213277 -7.2851012000671096 5.8091109387427915 -5.1826143495820221 10.45417772961159 -21.86278163599944 -1.6927255397930918 7.9855667137017461 1.1528695874520141 4.5836697936309854 -19.74552778580825 -2.298698287248151 1.6704530568707059 -8.617602733201295 1.1872905358676846 -44.256994289040314 -14.982400576193731
leaf_weight=24211 74824 5680 15800 20539 19380 9115 901 32292 29431 56170 31567 355 897 33504 480 1838 206 2610
leaf_count=24211 74824 5680 15800 20539 19380 9115 901 32292 29431 56170 31567 355 897 33504 480 1838 206 2610
internal_value=0.000667325 0.000279885 0.000459739 0.000776426 -0.000316622 0.00192299 0.00205908 -6.3454e-05 0.000622122 0.000413025 0.000135903 0.000172455 -0.00271109 -1.25403e-05 -0.000812518 -0.00221244 -0.00687623 -0.00149316
internal_weight=359800 274960 211262 131603 63698 84840 75725 79659 107392 77961 63859 57422 1252 44318 10814 5134 686 4448
internal_count=359800 274960 211262 131603 63698 84840 75725 79659 107392 77961 63859 57422 1252 44318 10814 5134 686 4448
is_linear=0
shrinkage=0.0229654


Tree=146
num_leaves=19
num_cat=0
split_feature=37 37 36 37 23 26 29 30 36 9 37 37 36 9 30 37 3 36
split_gain=468.199 66.2747 39.4682 34.4403 27.6328 25.2176 24.678 28.4255 21.8345 20.6497 20.5471 19.5033 38.4988 17.3409 25.5284 21.9884 19.6806 17.051
threshold=27976.737459534634 22421.220383782642 28991.500000000004 32338.954424611878 -5.25 17.642317708333337 466.88125000000008 1280.6937500000004 24825.500000000004 0.93301270189221952 17512.56116814318 25822.820239056793 26113.500000000004 -0.5 876.6812500000002 18645.06207268274 3.5000000000000004 22260.500000000004
decision_type=2 2 2 2 2 2 2 2 2 2 2 2 2 2 2 2 2 2
left_child=1 4 5 -2 -1 11 -4 9 10 -8 -6 12 17 15 -15 -10 -17 -3
right_child=3 2 6 -5 8 -7 7 -9 13 -11 -12 -13 -14 14 -16 16 -18 -19
leaf_value=4.1814979237174548 19.634182063693917 9.8269288499752623 -4.0334927858914451 88.071195745928975 -5.8782788818135243 11.56064421968183 -6.0265654566769671 -18.560550721483462 -32.261513600518938 -55.615251075383618 -1.3152062305689851 7.7606756550647633 -6.4010344037596409 -0.27863600697559299 -25.389444424204545 -14.350163330436247 -38.325107065448364 1.2870065626450979
leaf_weight=7662 52379 15116 7491 62311 6885 19319 75 705 78 122 90669 32624 12052 2329 1204 372 110 48297
leaf_count=7662 52379 15116 7491 62311 6885 19319 75 705 78 122 90669 32624 12052 2329 1204 372 110 48297
internal_value=0.000662346 9.5662e-05 0.000434463 0.00187344 -0.00032525 0.000534949 -0.00109095 -0.00467965 -0.000425499 -0.012392 -0.000356555 0.000398356 0.000195525 -0.00206874 -0.00147361 -0.00582337 -0.00399274 0.000421658
internal_weight=359800 245110 135801 114690 109309 127408 8393 902 101647 197 97554 108089 75465 4093 3533 560 482 63413
internal_count=359800 245110 135801 114690 109309 127408 8393 902 101647 197 97554 108089 75465 4093 3533 560 482 63413
is_linear=0
shrinkage=0.0229654


Tree=147
num_leaves=19
num_cat=0
split_feature=35 15 0 15 3 30 0 3 27 26 35 3 0 15 0 3 3 21
split_gain=323.507 53.0241 34.5034 28.527 28.4838 19.7704 24.4182 30.3375 22.9874 17.9727 15.6717 15.6075 19.9504 15.5695 15.4915 15.5958 17.4936 13.5451
threshold=30270.500000000004 15.168750000000003 33.500000000000007 6.8437500000000018 4.5000000000000009 96.425000000000026 14.500000000000002 2.5000000000000004 -4.2217261904761898 6.2329427083333346 33748.000000000007 2.5000000000000004 4.5000000000000009 6.9312500000000012 47.500000000000007 4.5000000000000009 5.5000000000000009 6.3121093750000012
decision_type=2 2 2 2 2 2 2 2 2 2 2 2 2 2 2 2 2 2
left_child=1 2 3 -1 5 6 7 -3 -9 13 -2 -11 -13 -5 15 -4 -17 -6
right_child=10 4 14 9 17 -7 -8 8 -10 11 -12 12 -14 -15 -16 16 -18 -19
leaf_value=5.8558786002383307 23.04890738699596 -1.1954712369189999 11.98806204312382 -15.163545706990234 7.1895151710482432 1.9028094863028062 -2.7881576587877333 -42.907078776406479 -11.407032021431059 2.1254909568137288 77.499978697425931 4.1774526193265782 -2.1618120431663006 9.063059032786045 -0.56633592374494601 -1.6841681917539142 9.5132267694877033 -5.2510697349207645
leaf_weight=27409 34704 796 30897 851 2212 45415 10094 182 412 43751 50136 8731 48520 14163 5725 6270 6898 22634
leaf_count=27409 34704 796 30897 851 2212 45415 10094 182 412 43751 50136 8731 48520 14163 5725 6270 6898 22634
internal_value=0.000659729 0.000277212 0.000484649 0.00030383 -0.000213093 7.01891e-05 -0.000781112 -0.00363481 -0.00756235 0.000146404 0.00189944 3.61983e-05 -0.000213364 0.00088778 0.00100552 0.00115153 0.000489724 -0.000861827
internal_weight=359800 274960 193215 143425 81745 56899 11484 1390 594 116016 84840 101002 57251 15014 49790 44065 13168 24846
internal_count=359800 274960 193215 143425 81745 56899 11484 1390 594 116016 84840 101002 57251 15014 49790 44065 13168 24846
is_linear=0
shrinkage=0.0229654


Tree=148
num_leaves=19
num_cat=0
split_feature=36 15 6 0 15 0 36 29 4 3 3 1 0 4 29 3 9 23
split_gain=269.142 63.5978 37.4558 34.9533 30.5854 27.6827 21.2946 19.1897 18.1285 17.7156 16.2436 16.1572 15.8569 17.1357 14.2129 17.7033 18.8944 19.4832
threshold=29801.500000000004 14.681250000000004 1.0000000180025095e-35 34.500000000000007 6.8437500000000018 18.500000000000004 31946.500000000004 356.2937500000001 4.5000000000000009 4.5000000000000009 2.5000000000000004 22.500000000000004 35.500000000000007 11.500000000000002 37.943750000000009 2.5000000000000004 -0.93301270189221908 -0.84999999999999931
decision_type=2 2 2 2 2 2 2 2 2 2 2 2 2 2 2 2 2 2
left_child=1 3 6 4 -1 -4 -2 8 -6 12 -10 -5 14 -14 15 -3 -17 -18
right_child=2 9 5 11 7 -7 -8 -9 10 -11 -12 -13 13 -15 -16 16 17 -19
leaf_value=6.1732477161040151 14.480558563382587 -0.43522081811667118 -21.421958301627861 10.682395317637983 -3.7082342988346837 -11.740791960915216 53.257909845548184 6.1386228474834583 3.0596368727491128 -3.8098955664897645 -0.70315579827519015 1.7539916568843099 5.6756125908593384 -19.162929289934624 0.0019091871291032775 26.7731846866415 -28.944758874258781 -11.00374211044735
leaf_weight=28189 23360 5182 136 33073 14060 1608 65840 23863 31485 27175 42958 10952 13237 480 33756 469 636 3341
leaf_count=28189 23360 5182 136 33073 14060 1608 65840 23863 31485 27175 42958 10952 13237 480 33756 469 636 3341
internal_value=0.000651942 0.000286632 0.0017319 0.000525301 0.000348431 -0.00160126 0.00179707 0.000178751 2.29128e-05 -0.000236096 0.000165755 0.00108998 -6.39472e-06 0.000674212 -0.000221587 -0.000999906 -0.00206306 -0.00257718
internal_weight=359800 268856 90944 184580 140555 1744 89200 112366 88503 84276 74443 44025 57101 13717 43384 9628 4446 3977
internal_count=359800 268856 90944 184580 140555 1744 89200 112366 88503 84276 74443 44025 57101 13717 43384 9628 4446 3977
is_linear=0
shrinkage=0.0229654


Tree=149
num_leaves=19
num_cat=0
split_feature=37 37 36 37 0 36 21 37 18 5 30 36 36 37 8 30 32 21
split_gain=450.514 62.6771 40.9464 35.1373 29.042 25.3648 25.1832 24.4008 20.733 18.4547 18.2725 21.55 15.1274 14.8308 16.8962 14.3582 14.0739 16.5234
threshold=28146.982781622504 22905.088031179152 28472.500000000004 32499.598480193104 5.5000000000000009 22322.500000000004 5.8803385416666671 19161.366179972218 0.014375000000000002 1.0000000180025095e-35 1280.6937500000004 30145.500000000004 22917.500000000004 25301.641546275634 0.065263096110025676 1736.66875 1.0000000180025095e-35 8.0915364583333353
decision_type=2 2 2 2 2 2 2 2 2 2 2 2 2 2 2 2 2 2
left_child=1 4 8 -2 -1 7 10 -6 -3 -10 11 -4 -11 14 -14 -12 17 -8
right_child=3 2 6 -5 5 -7 16 -9 9 12 15 -13 13 -15 -16 -17 -18 -19
leaf_value=1.9441477831849761 19.701541911927759 7.4099834494894665 -10.181727008526298 86.972780172420514 -3.2126614594861365 -5.4290059436216707 3.605550275476161 0.38844280024188083 4.1495462624270685 11.243129917956693 -11.250007433568827 -52.098697408268265 -21.5245939545329 1.0981927695368305 -2.9367724907852595 -60.091896862073455 3.1730853269715666 -11.804981822581546
leaf_weight=23778 50987 55515 120 60879 28865 22425 2188 46922 43576 2413 989 154 2401 4759 4223 96 4697 4813
leaf_count=23778 50987 55515 120 60879 28865 22425 2188 46922 43576 2413 989 154 2401 4759 4223 96 4697 4813
internal_value=0.000643708 9.78514e-05 0.000457215 0.00185352 -0.00027316 -0.000447513 -0.000760354 -0.000246754 0.000598044 0.000291891 -0.00371942 -0.00901853 -0.000440131 -0.000790262 -0.00149289 -0.00238121 -0.000416589 -0.00106905
internal_weight=359800 247934 125944 111866 121990 98212 13057 75787 112887 57372 1359 274 13796 11383 6624 1085 11698 7001
internal_count=359800 247934 125944 111866 121990 98212 13057 75787 112887 57372 1359 274 13796 11383 6624 1085 11698 7001
is_linear=0
shrinkage=0.0229654


Tree=150
num_leaves=19
num_cat=0
split_feature=37 37 36 37 1 35 37 11 36 35 36 36 3 35 37 36 35 25
split_gain=444.08 65.5882 36.711 29.8403 28.0568 25.7775 26.1905 25.5071 24.1846 23.3447 22.5799 21.1972 20.6607 19.4966 52.4758 36.5141 19.582 15.5214
threshold=28497.962273516761 22905.088031179152 28891.000000000004 32499.598480193104 1.5000000000000002 23358.500000000004 19161.366179972218 108.00000000000001 20030.500000000004 34061.000000000007 22734.500000000004 21250.500000000004 4.5000000000000009 25257.500000000004 25822.820239056793 25267.500000000004 30043.500000000004 20.800260416666671
decision_type=2 2 2 2 2 2 2 2 2 2 2 2 2 2 2 2 2 2
left_child=1 4 7 -2 -1 6 8 13 17 12 -7 -8 -4 -3 15 -15 -17 -6
right_child=3 2 9 -5 5 10 11 -9 -10 -11 -12 -13 -14 14 -16 16 -18 -19
leaf_value=2.4915443669357331 20.679173727482922 9.6036655803803086 -1.1098441415964673 84.975414709977045 -1.7983860081223668 -4.4323311601382036 2.1265033298891138 1.3245014540220732 -9.2772992105659533 -41.307549317300442 -13.21923088980763 -2.1864874740036262 -20.59940690847754 1.5498515455442394 10.030682797927057 -7.3968193704620351 -30.130015847114887 -10.278548440184558
leaf_weight=18514 45318 37322 9292 60879 24581 8561 30675 45421 4114 99 3569 29978 2388 10091 22112 4715 173 1998
leaf_count=18514 45318 37322 9292 60879 24581 8561 30675 45421 4114 99 3569 29978 2388 10091 22112 4715 173 1998
internal_value=0.000641027 0.000118928 0.000474496 0.00188782 -0.000264689 -0.000412008 -0.000279921 0.000594747 -0.000826569 -0.000748876 -0.0014067 -3.29405e-06 -0.00065475 0.000856516 0.000483629 -0.000565894 -0.00219506 -0.000572947
internal_weight=359800 253603 131613 106197 121990 103476 91346 119834 30693 11779 12130 60653 11680 74413 37091 14979 4888 26579
internal_count=359800 253603 131613 106197 121990 103476 91346 119834 30693 11779 12130 60653 11680 74413 37091 14979 4888 26579
is_linear=0
shrinkage=0.0229654


Tree=151
num_leaves=19
num_cat=0
split_feature=37 37 15 37 11 26 8 4 35 8 37 35 15 22 12 25 22 0
split_gain=438.792 59.9435 51.2748 37.2221 31.9108 27.5341 20.6287 21.5027 23.6649 19.128 18.8955 22.7101 16.2559 16.0531 15.3339 14.1791 29.0985 15.9587
threshold=28146.982781622504 21002.429534868792 9.9812500000000028 32338.954424611878 108.00000000000001 13.401171875000001 -0.32075123873380501 3.5000000000000004 28882.500000000004 -0.55438071450436044 25946.294400098846 25901.500000000004 22.243750000000006 9.8517795138888911 11.031250000000004 7.9539062500000011 3.5196614583333337 45.500000000000007
decision_type=2 2 2 2 2 2 2 2 2 2 2 2 2 2 2 2 2 2
left_child=1 9 4 -2 -3 6 7 8 14 -1 11 -7 -13 -6 -4 -8 -17 -18
right_child=3 2 5 -5 13 10 15 -9 -10 -11 -12 12 -14 -15 -16 16 17 -19
leaf_value=-5.9488053120184752 18.489400248530547 9.1559051032542502 -16.475871624251539 80.553953071191842 -4.3786263894962278 3.2687837464092677 2.9467457874585348 -3.2598496624514732 -25.173346517844756 -0.91803529539505269 10.838446733746094 -3.928262534666918 -30.264489111953701 5.1140963322862207 13.344038213748929 -23.832985158811162 0.08212185544386745 -6.2020586996721319
leaf_weight=18589 49555 35251 3149 62311 9369 31023 21938 16514 1802 55250 11228 5006 579 12724 1180 241 19876 4215
leaf_count=18589 49555 35251 3149 62311 9369 31023 21938 16514 1802 55250 11228 5006 579 12724 1180 241 19876 4215
internal_value=0.000639432 0.000100723 0.000333278 0.0018334 0.000895645 5.7064e-05 -0.000236769 -0.000804727 -0.00196616 -0.000447589 0.000480374 0.000227597 -0.00112051 0.000211328 -0.00104562 4.11959e-05 -0.000340536 -0.000261103
internal_weight=359800 247934 174095 111866 57344 116751 68915 22645 6131 73839 47836 36608 5585 22093 4329 46270 24332 24091
internal_count=359800 247934 174095 111866 57344 116751 68915 22645 6131 73839 47836 36608 5585 22093 4329 46270 24332 24091
is_linear=0
shrinkage=0.0229654


Tree=152
num_leaves=19
num_cat=0
split_feature=37 37 36 37 35 37 36 21 30 9 37 35 36 35 36 37 36 36
split_gain=433.041 63.2486 33.8677 31.9903 28.2582 29.8105 25.8566 22.0897 21.6834 28.7361 21.5907 52.2668 26.4746 25.6505 20.1288 19.8302 16.9275 16.7215
threshold=28497.962273516761 23220.445692615929 28730.500000000004 32499.598480193104 24939.500000000004 19839.233453344215 21132.500000000004 5.8803385416666671 1280.6937500000004 0.93301270189221952 26202.290285372062 25310.500000000004 23203.500000000004 29696.500000000004 20158.000000000004 24916.726285846918 28227.500000000004 26594.500000000004
decision_type=2 2 2 2 2 2 2 2 2 2 2 2 2 2 2 2 2 2
left_child=1 4 10 -2 5 14 -7 8 9 -4 11 17 -13 15 -1 -14 -8 -3
right_child=3 2 7 -5 -6 6 16 -9 -10 -11 -12 12 13 -15 -16 -17 -18 -19
leaf_value=-1.6569988583890436 19.75219982023853 8.4883273501923977 -2.4898992812552572 81.173965088949018 -9.2636893958109727 3.5287295955097187 -0.9939667132530593 -2.0871709532099705 -17.506123840962459 -52.497382181891318 10.198484631788929 9.4131709430027826 -7.5766436041395613 -26.28353279361485 -6.4970150027841109 -0.53308960752804968 -24.126911647152784 -2.1380412983848625
leaf_weight=37640 45318 42226 124 60879 5070 30733 47647 11756 1118 140 33776 6500 6726 995 9124 13544 382 6102
leaf_count=37640 45318 42226 124 60879 5070 30733 47647 11756 1118 140 33776 6500 6726 995 9124 13544 382 6102
internal_value=0.000636942 0.000121373 0.000495073 0.00186814 -0.000230611 -0.000162719 0.000109984 -0.00060691 -0.00335341 -0.00927315 0.000626846 0.000412359 -0.000381723 -0.000773793 -0.000622017 -0.000597078 -0.000222869 0.000868568
internal_weight=359800 253603 123007 106197 130596 125526 78762 13138 1382 264 109869 76093 27765 21265 46764 20270 48029 48328
internal_count=359800 253603 123007 106197 130596 125526 78762 13138 1382 264 109869 76093 27765 21265 46764 20270 48029 48328
is_linear=0
shrinkage=0.0229654


Tree=153
num_leaves=19
num_cat=0
split_feature=36 11 25 6 16 16 3 24 33 21 24 24 8 28 10 28 26 26
split_gain=252.521 47.2976 38.736 37.1468 39.5211 34.6759 32.3658 28.8108 34.6805 25.3532 26.8559 25.3495 22.7538 17.8713 17.6176 21.5473 26.1981 17.5751
threshold=29801.500000000004 108.00000000000001 6.7328125000000005 1.0000000180025095e-35 5.0625000000000009 194.56250000000003 4.5000000000000009 -0.10000000000000096 1.0000000180025095e-35 19.956380208333339 2.4750000000000014 -2.8249999999999975 -0.70710678118654757 0.72332589285714299 -0.9330127018922193 0.94538352272727277 15.297265625000003 18.747265625000004
decision_type=2 2 2 2 2 2 2 2 2 2 2 2 2 2 2 2 2 2
left_child=1 2 -1 5 7 -2 -7 8 -5 10 11 14 -3 -12 15 -4 -17 -14
right_child=3 12 9 4 -6 6 -8 -9 -10 -11 13 -13 17 -15 -16 16 -18 -19
leaf_value=10.568681939112578 39.1642580124538 -6.9166583268986912 -3.1265257772751709 29.251120967032332 7.0892103008541332 9.3328842123158928 -20.096379313464301 15.426231832619305 -56.038774984820797 11.498126887373772 -10.042202344578062 2.6988255729622095 -0.28400053539082454 -1.1513699418730035 -2.3148645832937689 -25.469445662633859 -4.9280008911185966 7.0844913332832373
leaf_weight=22239 79706 22362 782 115 1169 8339 1155 184 276 9815 2954 113454 71182 10983 7343 179 286 7277
leaf_count=22239 79706 22362 782 115 1169 8339 1155 184 276 9815 2954 113454 71182 10983 7343 179 286 7277
internal_value=0.000632538 0.000278688 0.000514632 0.00167862 -0.00164076 0.00174352 0.000431539 -0.0065701 -0.0100966 0.000378451 0.000297089 0.000406153 -0.000114552 -0.000657967 -0.000796704 -0.0033205 -0.00723534 6.96348e-05
internal_weight=359800 268856 168035 90944 1744 89200 9494 575 391 145796 135981 122044 100821 13937 8590 1247 465 78459
internal_count=359800 268856 168035 90944 1744 89200 9494 575 391 145796 135981 122044 100821 13937 8590 1247 465 78459
is_linear=0
shrinkage=0.0229654


Tree=154
num_leaves=19
num_cat=0
split_feature=37 37 37 26 11 23 3 14 24 9 24 32 30 0 11 37 26 32
split_gain=425.535 60.6113 34.4875 29.4744 27.2153 23.9673 18.3177 17.1057 22.4196 19.7509 16.979 16.9368 16.3767 27.4796 14.406 14.4494 17.212 13.5833
threshold=28497.962273516761 22027.651292515438 32499.598480193104 17.416015625000004 108.00000000000001 -4.4874999999999972 3.5000000000000004 89.062500000000014 2.4750000000000014 -0.5 2.575000000000002 495.60000000000008 9.362500000000006 34.500000000000007 132.00000000000003 16571.864639373602 19.462109375000001 1.0000000180025095e-35
decision_type=2 2 2 2 2 2 2 2 2 2 2 2 2 2 2 2 2 2
left_child=1 5 -2 4 10 17 -5 8 14 -10 -3 12 13 -8 15 16 -7 -1
right_child=2 3 -4 6 -6 7 11 -9 9 -11 -12 -13 -14 -15 -16 -17 -18 -19
leaf_value=-7.4541346188893876 18.889844458365797 4.3957223356280473 78.477028739491686 15.278265737082229 -1.2747039049336211 -6.3197710887045524 -22.01959162607692 0.80598937385387348 -13.058058226247542 -4.3454259363502947 -3.3516712804249948 9.665494136168661 -1.5919445184891838 0.50546050178926649 -7.611080935971092 -0.97153354801298897 -14.425771445783047 3.3073302676059946
leaf_weight=939 45318 73056 60879 16763 49878 949 207 16695 2133 6040 6830 3712 3481 255 13455 48211 125 10874
leaf_count=939 45318 73056 60879 16763 49878 949 207 16695 2133 6040 6830 3712 3481 255 13455 48211 125 10874
internal_value=0.000624304 0.000113223 0.00184479 0.000398322 0.000260583 -0.000328909 0.00113031 -0.000459843 -0.000615548 -0.00174692 0.000523381 0.000199504 -0.000848608 -0.00491122 -0.000468166 -0.000286339 -0.00292093 0.000642129
internal_weight=359800 253603 106197 154182 129764 99421 24418 87608 70913 8173 79886 7655 3943 462 62740 49285 1074 11813
internal_count=359800 253603 106197 154182 129764 99421 24418 87608 70913 8173 79886 7655 3943 462 62740 49285 1074 11813
is_linear=0
shrinkage=0.0229654


Tree=155
num_leaves=19
num_cat=0
split_feature=35 15 0 1 14 0 6 36 16 29 6 26 0 15 25 30 16 26
split_gain=299.084 51.3707 27.2904 47.3957 24.4188 23.4061 22.5153 22.4525 20.1895 24.6648 19.1486 20.891 19.8914 18.7106 13.9767 13.369 20.6384 19.0542
threshold=31263.500000000004 10.993750000000004 36.500000000000007 21.500000000000004 63.062500000000007 33.500000000000007 1.0000000180025095e-35 38074.500000000007 215.56250000000003 67.406250000000014 1.0000000180025095e-35 7.5406250000000012 19.500000000000004 6.3187500000000023 21.039843750000006 6.2124999999999995 167.06250000000003 20.899348958333338
decision_type=2 2 2 2 2 2 2 2 2 2 2 2 2 2 2 2 2 2
left_child=1 5 4 -4 -3 10 8 -8 -2 -10 13 12 -12 -1 -6 16 -16 -18
right_child=6 2 3 -5 14 -7 7 -9 9 -11 11 -13 -14 -15 15 -17 17 -19
leaf_value=7.0536686363787808 47.460651410581683 -5.0486948125486943 8.6618671478430151 -2.3215881574684429 0.32861312062927717 9.044359748230784 -13.193464097427418 -43.959140336123127 -19.322836880138709 9.2140676816997793 -37.664708950847178 -2.313600592821889 2.3311649573532627 1.9962575159931342 6.9663781554243247 -1.9823496487020917 -28.004000156357073 -4.0794191881479414
leaf_weight=20687 69122 26852 25396 16403 97931 26754 568 64 78 3848 180 1828 119 68193 225 1053 305 194
leaf_count=20687 69122 26852 25396 16403 97931 26754 568 64 78 3848 180 1828 119 68193 225 1053 305 194
internal_value=0.000620219 0.000284218 2.68587e-05 0.000535634 -0.000141175 0.000652157 0.00192501 -0.00239102 0.00196235 0.000360334 0.000476609 -0.00167679 -0.00730438 0.000528142 2.43686e-05 -0.00199413 -0.00439642 -0.00700008
internal_weight=359800 286120 168359 41799 126560 117761 73680 632 73048 3926 91007 2127 299 88880 99708 1777 724 499
internal_count=359800 286120 168359 41799 126560 117761 73680 632 73048 3926 91007 2127 299 88880 99708 1777 724 499
is_linear=0
shrinkage=0.0229654


Tree=156
num_leaves=19
num_cat=0
split_feature=25 7 16 15 7 6 3 32 26 0 16 6 8 11 9 8 19 33
split_gain=125.123 73.986 47.796 45.4322 35.8743 31.8159 31.6984 33.144 31.5164 24.4021 44.9726 34.2596 24.1205 21.9837 21.1211 20.9992 20.2981 19.0943
threshold=7.5393229166666673 -0.70710678118654735 184.68750000000003 8.5187500000000025 -0.44134171618254464 1.0000000180025095e-35 4.5000000000000009 152.13125000000005 17.182682291666669 11.500000000000002 171.81250000000003 1.0000000180025095e-35 -0.32075123873380501 108.00000000000001 -0.6830127018922193 -0.44134171618254459 5.4125000000000014 0.78125000000000011
decision_type=2 2 2 2 2 2 2 2 2 2 2 2 2 2 2 2 2 2
left_child=4 2 -2 -3 -1 13 9 8 14 17 11 12 -11 -6 -8 -15 -13 -5
right_child=1 3 -4 6 5 -7 7 -9 -10 10 -12 16 -14 15 -16 -17 -18 -19
leaf_value=40.859304817972458 19.650336658165049 4.2339886816751111 3.3716202703373419 -1.5685543123643813 11.678115077485584 -12.373784166730859 -10.254567082591446 1.6533040428605827 -23.206976255516008 22.180742618320174 -2.387096104331496 1.7323610062118227 2.5662859332225998 23.494473896087769 -3.3274475117802984 0.4246235448687331 -14.297047189767511 -22.945385911456274
leaf_weight=38064 31493 47934 31171 29800 33856 1440 6199 13433 323 19784 32493 546 24977 8235 22835 16383 758 76
leaf_count=38064 31493 47934 31171 29800 33856 1440 6199 13433 323 19784 32493 546 24977 8235 22835 16383 758 76
internal_value=0.000614347 0.000352364 0.0010406 0.000135815 0.00131443 0.000964169 -5.94697e-05 -0.00058876 -0.00102111 0.000149398 0.000361855 0.000823345 0.000930243 0.00104722 -0.000941745 0.00052502 -0.00284602 -0.000409251
internal_weight=359800 261822 62664 199158 97978 59914 151224 42790 29357 108434 78558 46065 44761 58474 29034 24618 1304 29876
internal_count=359800 261822 62664 199158 97978 59914 151224 42790 29357 108434 78558 46065 44761 58474 29034 24618 1304 29876
is_linear=0
shrinkage=0.0229654


Tree=157
num_leaves=19
num_cat=0
split_feature=36 15 11 6 16 0 1 14 3 33 25 16 3 25 0 15 27 36
split_gain=247.897 54.9765 52.7256 39.962 32.9474 26.3959 41.7552 26.7292 24.8716 34.8028 20.8201 20.3758 18.99 16.1545 15.86 15.1027 14.8964 13.9571
threshold=31379.500000000004 10.993750000000004 132.00000000000003 1.0000000180025095e-35 3.5625000000000004 36.500000000000007 21.500000000000004 63.062500000000007 3.5000000000000004 1.0000000180025095e-35 6.7328125000000005 167.06250000000003 4.5000000000000009 4.3210937500000011 33.500000000000007 7.3812500000000023 5.5598214285714285 29272.500000000004
decision_type=2 2 2 2 2 2 2 2 2 2 2 2 2 2 2 2 2 2
left_child=1 2 10 11 8 7 -7 16 9 -5 -1 -2 -13 -9 15 -12 -3 -15
right_child=3 5 -4 4 -6 6 -8 13 -10 -11 14 12 -14 17 -16 -17 -18 -19
leaf_value=15.608925908336719 48.501225858279057 -6.773099835570183 -0.88974939221331373 54.280525847274923 1.2153200603516723 8.3239457301470345 -1.8975330714595218 10.497372022203971 19.578561787525921 -58.568181447786117 6.1041660490466709 13.718292778712391 -12.850615951627484 -0.70083394744079797 9.566449038902979 1.6343358043082146 3.9132997752018648 8.7678397376797612
leaf_weight=14805 63241 22696 31521 96 833 25020 16309 4913 114 213 22797 7133 946 85022 15939 35615 4069 8518
leaf_count=14805 63241 22696 31521 96 833 25020 16309 4913 114 213 22797 7133 946 85022 15939 35615 4069 8518
internal_value=0.000605283 0.000302267 0.000675525 0.00180449 -0.00225631 3.18116e-05 0.000535058 -0.000134288 -0.00747597 -0.0108584 0.000960953 0.001876 0.00078996 4.06578e-05 0.00080435 0.000629139 -0.000777812 -2.6761e-05
internal_weight=359800 287224 120677 72576 1256 166547 41329 125218 423 309 89156 71320 8079 98453 74351 58412 26765 93540
internal_count=359800 287224 120677 72576 1256 166547 41329 125218 423 309 89156 71320 8079 98453 74351 58412 26765 93540
is_linear=0
shrinkage=0.0229654


Tree=158
num_leaves=19
num_cat=0
split_feature=37 37 37 26 11 8 19 5 26 22 8 37 22 26 10 10 16 19
split_gain=416.769 55.8004 38.8362 37.6648 29.819 17.4196 17.2446 18.7062 14.7786 14.6369 13.7853 13.1676 21.4819 12.6082 12.5313 12.2833 14.4415 12.1656
threshold=28497.962273516761 21227.09264132009 33138.221006374057 17.416015625000004 108.00000000000001 -0.55438071450436044 11.406250000000002 1.0000000180025095e-35 18.441536458333335 9.7324218750000018 -0.5 16571.864639373602 22.108723958333336 20.375130208333339 0.6830127018922193 0.93301270189221952 162.31250000000003 7.2562500000000005
decision_type=2 2 2 2 2 2 2 2 2 2 2 2 2 2 2 2 2 2
left_child=1 5 15 4 6 11 7 9 -7 17 -6 12 13 -1 -9 16 -2 -3
right_child=2 3 -4 -5 10 8 -8 14 -10 -11 -12 -13 -14 -15 -16 -17 -18 -19
leaf_value=-7.9408302722133621 23.271861595316995 -3.7964953716316625 85.309596751348906 8.2809180246445457 -7.7623764160930744 -1.3510644203166304 11.415105154768488 -3.4810623179257343 3.2434200965165116 5.2240845196991685 -0.063679549924212875 -5.0099894322541765 -7.2677398205820989 -16.642252981547777 3.9349957770548136 2.9827838038126182 8.6148555395979667 3.9367094357925487
leaf_weight=961 35475 9960 55219 28449 16463 51495 8954 16719 8062 38694 39523 18801 109 78 4618 4868 10635 10717
leaf_count=961 35475 9960 55219 28449 16463 51495 8954 16719 8062 38694 39523 18801 109 78 4618 4868 10635 10717
internal_value=0.000600177 9.43872e-05 0.00180803 0.000324595 0.000175306 -0.000409707 0.000434965 0.000328882 -0.000212969 0.000538481 -0.000240541 -0.000997059 -0.0033848 -0.00236727 -0.000254334 0.00135095 0.00146678 4.52045e-05
internal_weight=359800 253603 106197 174097 145648 79506 89662 80708 59557 59371 55986 19949 1148 1039 21337 50978 46110 20677
internal_count=359800 253603 106197 174097 145648 79506 89662 80708 59557 59371 55986 19949 1148 1039 21337 50978 46110 20677
is_linear=0
shrinkage=0.0229654


Tree=159
num_leaves=19
num_cat=0
split_feature=37 37 36 37 15 1 11 35 11 15 35 36 15 21 33 10 36 21
split_gain=412.371 57.3693 37.603 35.476 32.1464 29.6011 25.8577 24.2919 22.4809 26.0878 21.6565 19.2396 17.0429 15.3088 14.7119 14.5889 15.6637 17.6813
threshold=28798.095678294521 23324.640518476092 28730.500000000004 33138.221006374057 17.843750000000004 1.5000000000000002 108.00000000000001 24939.500000000004 132.00000000000003 13.918750000000003 34388.000000000007 25739.500000000004 9.8062500000000021 19.956380208333339 0.12152777777777779 1.0000000180025095e-35 26178.500000000004 12.226692708333333
decision_type=2 2 2 2 2 2 2 2 2 2 2 2 2 2 2 2 2 2
left_child=1 5 4 -2 6 -1 12 8 9 13 -4 14 -3 -7 -11 -6 17 -17
right_child=3 2 10 -5 15 7 -8 -9 -10 11 -12 -13 -14 -15 -16 16 -18 -19
leaf_value=2.6745615338851865 19.21807005306469 12.92895040721881 -4.1955518749751173 83.350426976296106 3.1288456697658988 0.40466711045839338 2.5346317803117611 -9.1020591430678852 -5.0650627848680001 -2.9916930967880222 -41.50167513446317 -15.617627122381618 5.6040961118582375 8.716847565653449 5.6235478722988121 2.3436992740972831 -13.565228716936357 -24.259506570563186
leaf_weight=20032 46670 21286 14846 55219 9719 47533 34847 5361 26990 25156 120 1336 35486 4311 2757 3904 3948 279
leaf_count=20032 46670 21286 14846 55219 9719 47533 34847 5361 26990 25156 120 1336 35486 4311 2757 3904 3948 279
internal_value=0.000596156 0.000107485 0.000462224 0.00183313 0.000609836 -0.000223226 0.000783545 -0.00036694 -0.000292095 -0.000101017 -0.000617485 -0.000649413 0.00108581 0.000208374 -0.000520554 -0.00028176 -0.000999564 -2.03136e-05
internal_weight=359800 257911 124435 101889 109469 133476 91619 113444 108083 81093 14966 29249 56772 51844 27913 17850 8131 4183
internal_count=359800 257911 124435 101889 109469 133476 91619 113444 108083 81093 14966 29249 56772 51844 27913 17850 8131 4183
is_linear=0
shrinkage=0.0229654


Tree=160
num_leaves=19
num_cat=0
split_feature=37 37 15 37 11 3 36 28 30 36 37 36 4 26 36 0 10 25
split_gain=407.245 55.1272 48.4965 36.3277 31.2431 25.6329 22.9695 23.0087 18.6647 23.8354 20.4838 18.4581 18.7913 22.1449 18.4494 18.4383 16.8701 35.4226
threshold=28798.095678294521 21227.09264132009 9.9812500000000028 33138.221006374057 132.00000000000003 4.5000000000000009 30369.500000000004 -1.5856880252100838 819.53125000000011 26315.500000000004 26202.290285372062 25803.000000000004 6.5000000000000009 10.529817708333335 31532.000000000004 22.500000000000004 0.6830127018922193 8.48463541666667
decision_type=2 2 2 2 2 2 2 2 2 2 2 2 2 2 2 2 2 2
left_child=1 11 4 -2 14 8 -7 -8 10 -10 -4 -1 13 -13 -3 -14 -11 -18
right_child=3 2 5 -5 -6 6 7 -9 9 16 -12 12 15 -15 -16 -17 17 -19
leaf_value=-1.527647950171235 18.776719215449578 8.6873909814723618 1.5259633373422368 81.436250336290755 -0.0093617684499109725 -2.2932321235996147 -37.266977586169844 -17.287990192349007 2.2502443411238873 -2.9332169987946681 9.3593300948272056 -32.475284954264673 -2.3104113963176656 10.586810796113234 -10.845573434713536 -36.864671151729326 -4.5220772658471837 -26.217763825639548
leaf_weight=78678 46670 42257 41689 55219 15618 29232 174 924 18461 8442 17047 215 93 380 327 140 2797 1437
leaf_count=78678 46670 42257 41689 55219 15618 29232 174 924 18461 8442 17047 215 93 380 327 140 2797 1437
internal_value=0.000594177 0.000108554 0.000332693 0.00182343 0.000876838 6.92194e-05 -0.000508071 -0.003769 0.000264041 -0.000190512 0.000505008 -0.000394397 -0.00380538 -0.00164039 0.00119907 -0.00933401 -0.000957315 -0.00214033
internal_weight=359800 257911 178405 101889 58202 120203 30330 1098 89873 31137 58736 79506 828 595 42584 233 12676 4234
internal_count=359800 257911 178405 101889 58202 120203 30330 1098 89873 31137 58736 79506 828 595 42584 233 12676 4234
is_linear=0
shrinkage=0.0229654


Tree=161
num_leaves=19
num_cat=0
split_feature=37 37 37 15 11 26 5 36 36 36 25 26 10 36 25 37 26 26
split_gain=401.629 49.3771 47.6052 47.3131 27.6608 27.2597 23.2261 23.586 19.9357 17.2965 17.1525 18.9615 27.8105 16.4284 17.5295 26.538 17.9713 16.2284
threshold=28146.982781622504 32190.447664565985 20103.978074904768 8.7437500000000021 132.00000000000003 17.642317708333337 1.0000000180025095e-35 29919.500000000004 31796.500000000004 21368.500000000004 6.3820312500000016 6.4535156250000005 0.25000000000000017 20158.000000000004 20.800260416666671 16571.864639373602 19.184244791666668 8.6251302083333368
decision_type=2 2 2 2 2 2 2 2 2 2 2 2 2 2 2 2 2 2
left_child=2 -2 13 4 8 6 -5 9 -4 -8 -11 12 -12 14 -1 -16 -17 -6
right_child=1 -3 3 5 17 -7 7 -9 -10 10 11 -13 -14 -15 15 16 -18 -19
leaf_value=-0.71986107207043015 14.544986726686931 65.998499658145491 7.6262058766899328 0.67304301729012106 -8.9269892109676743 5.5060381610914089 3.4347894374331922 -27.030076094833412 -13.158491040335193 2.3537312937182655 -43.601056498557526 -4.3148916571706835 0.92478635560975464 -5.1118502666541046 -13.77535664714253 -19.488074268834136 -2.7156161264795675 3.6839902403698082
leaf_weight=37614 48189 63677 34751 90625 4340 21377 6744 1091 130 5294 542 21553 445 12016 217 430 2230 8535
leaf_count=37614 48189 63677 34751 90625 4340 21377 6744 1091 130 5294 542 21553 445 12016 217 430 2230 8535
internal_value=0.000589901 0.00173219 7.45093e-05 0.000239458 0.000867815 3.62512e-05 -9.21205e-05 -0.000588541 0.00120361 -0.000483643 -0.000736471 -0.00101276 -0.0041254 -0.000539418 -0.000318127 -0.00204589 -0.00141591 -4.19174e-05
internal_weight=359800 111866 247934 195427 47756 147671 126294 35669 34881 34578 27834 22540 987 52507 40491 2877 2660 12875
internal_count=359800 111866 247934 195427 47756 147671 126294 35669 34881 34578 27834 22540 987 52507 40491 2877 2660 12875
is_linear=0
shrinkage=0.0229654


Tree=162
num_leaves=19
num_cat=0
split_feature=37 37 37 36 1 15 21 11 35 11 15 9 30 30 15 36 31 25
split_gain=394.951 49.7157 44.8612 34.8579 27.8511 26.2737 25.3363 25.0022 24.207 20.759 22.8312 18.1674 27.5534 16.4686 15.973 15.5474 15.4618 14.3575
threshold=28497.962273516761 23324.640518476092 32810.018203595908 28472.500000000004 1.5000000000000002 18.031250000000004 5.8803385416666671 108.00000000000001 25151.500000000004 132.00000000000003 13.856250000000003 0.93301270189221952 1310.6187500000003 1736.66875 9.8062500000000021 25739.500000000004 227.73750000000004 3.1252604166666669
decision_type=2 2 2 2 2 2 2 2 2 2 2 2 2 2 2 2 2 2
left_child=1 4 -2 5 -1 7 11 14 9 10 16 13 -13 -5 -3 -12 -6 -11
right_child=2 3 -4 6 8 -7 -8 -9 -10 17 15 12 -14 -15 -16 -17 -18 -19
leaf_value=2.6013965431642525 16.371255414631175 12.120298104438783 72.799224282191162 -4.3768766356735833 0.35087893443273255 -1.9584846686092596 -1.656832944774381 2.145351185593197 -9.2319767701353417 -22.301122759366759 -2.1888381226929532 -47.606380259313482 -22.507335877161633 -56.681459202322614 5.1432981625356042 -14.72116760496197 8.7769246061885475 -4.7158620096123727
leaf_weight=20032 48145 20441 58052 1032 47947 16227 13842 33669 4504 271 28541 156 274 118 34368 1383 3877 26921
leaf_count=20032 48145 20441 58052 1032 47947 16227 13842 33669 4504 271 28541 156 274 118 34368 1383 3877 26921
internal_value=0.000584858 9.24855e-05 0.00176067 0.000431427 -0.000212558 0.000581565 -0.00058791 0.00073736 -0.000351959 -0.000283747 -0.00010091 -0.00334307 -0.00737029 -0.00183723 0.00103994 -0.000605985 0.000190729 -0.000833417
internal_weight=359800 253603 106197 120127 133476 104705 15422 88478 113444 108940 81748 1580 430 1150 54809 29924 51824 27192
internal_count=359800 253603 106197 120127 133476 104705 15422 88478 113444 108940 81748 1580 430 1150 54809 29924 51824 27192
is_linear=0
shrinkage=0.0229654


Tree=163
num_leaves=19
num_cat=0
split_feature=10 7 8 8 7 8 18 26 3 3 26 4 14 34 27 33 32 3
split_gain=110.295 80.4925 56.6292 39.6479 27.3703 44.2686 29.2109 26.7083 21.9178 20.4581 25.4626 56.4773 17.8282 17.6952 16.4571 16.2832 16.2755 14.9685
threshold=0.25000000000000017 -0.55438071450436044 -0.70710678118654757 -0.5 -0.44134171618254464 0.065263096110025676 0.011250000000000001 7.323046875000002 4.5000000000000009 3.5000000000000004 17.416015625000004 5.5000000000000009 86.187500000000014 0.038194444444444454 7.9144717261904747 0.67013888888888895 45.712499999999999 4.5000000000000009
decision_type=2 2 2 2 2 2 2 2 2 2 2 2 2 2 2 2 2 2
left_child=2 -2 9 -3 5 -4 -6 -5 -7 -1 13 -12 17 15 16 -11 -9 -8
right_child=1 3 4 7 6 8 12 14 -10 10 11 -13 -14 -15 -16 -17 -18 -19
leaf_value=0.082943451650003955 42.464986554682987 19.978667372596 1.4267882352162899 6.5430124589884446 2.8322627398298654 14.957689182481378 -1.0582690357539659 -0.2064753117237656 2.7679040716958054 -6.5420138108354493 -18.297539842410277 -7.0039994390859279 1.3022999693994426 7.2873431578762364 -12.370695777232225 -13.215317897439119 -9.428925611943745 -5.9846056201022328
leaf_weight=31392 43440 34752 27600 31333 57234 26176 17431 29029 10624 14434 506 4689 19315 4099 171 80 315 7180
leaf_count=31392 43440 34752 27600 31333 57234 26176 17431 29029 10624 14434 506 4689 19315 4099 171 80 315 7180
internal_value=0.000580007 0.00108666 0.000260904 0.000714186 0.000473291 0.000843373 0.000237691 0.000360741 0.00136482 -0.0003761 -0.000883775 -0.00230538 -0.000207769 -0.000486995 -0.000134999 -0.000863299 -9.36021e-05 -0.000617643
internal_weight=359800 139040 220760 95600 165560 64400 101160 60848 36800 55200 23808 5195 43926 18613 29515 14514 29344 24611
internal_count=359800 139040 220760 95600 165560 64400 101160 60848 36800 55200 23808 5195 43926 18613 29515 14514 29344 24611
is_linear=0
shrinkage=0.0229654


Tree=164
num_leaves=19
num_cat=0
split_feature=37 37 35 37 37 10 36 37 6 3 35 36 27 1 36 37 35 36
split_gain=387.317 59.1229 29.8877 29.5706 28.0586 27.9815 41.9479 26.1264 31.3372 41.2915 28.7348 24.3925 19.85 19.0356 18.1604 17.8413 26.2539 17.1834
threshold=29664.30767982973 23685.696251002981 24939.500000000004 33303.976748242778 19839.233453344215 1.0000000180025095e-35 26178.500000000004 27508.88673103532 1.0000000180025095e-35 3.5000000000000004 31391.500000000004 21132.500000000004 1.9003348214285711 1.5000000000000002 22796.500000000004 26605.106371552731 25310.500000000004 25803.000000000004
decision_type=2 2 2 2 2 2 2 2 2 2 2 2 2 2 2 2 2 2
left_child=1 2 4 -2 17 15 -7 8 10 -10 -8 -6 -9 -13 -4 16 -3 -1
right_child=3 5 14 -5 11 6 7 12 9 -11 -12 13 -14 -15 -16 -17 -18 -19
leaf_value=-2.2004965014609388 20.329263674090072 8.9807739493106702 -4.0849611965291421 79.662196274907942 3.5593968087645216 6.3345730217638891 -5.3857953692039571 6.1019634056983447 -32.993432007621578 0.56338620883423662 -31.192848840753815 3.4397745365202601 -10.018888842091522 -1.7526216504544554 -12.834669001933319 11.3950196080803 -0.60591415648438463 -25.100535321916954
leaf_weight=46426 36765 25423 4481 53802 31829 26807 13168 10830 272 239 408 9917 4110 47617 2919 25164 19285 338
leaf_count=46426 36765 25423 4481 53802 31829 26807 13168 10830 272 239 408 9917 4110 47617 2919 25164 19285 338
internal_value=0.000572412 0.000135396 -0.000183097 0.00187155 -0.000105829 0.00049904 0.000115744 -0.000489183 -0.00119873 -0.00678176 -0.000988582 0.000132684 0.00017985 -0.000149526 -0.00160448 0.000805328 0.000530011 -0.000561612
internal_weight=359800 269233 143527 90567 136127 125706 55834 29027 14087 511 13576 89363 14940 57534 7400 69872 44708 46764
internal_count=359800 269233 143527 90567 136127 125706 55834 29027 14087 511 13576 89363 14940 57534 7400 69872 44708 46764
is_linear=0
shrinkage=0.0229654


Tree=165
num_leaves=19
num_cat=0
split_feature=37 37 37 22 35 37 0 26 37 6 0 16 37 35 35 24 0 10
split_gain=381.118 56.922 30.4662 28.7311 27.7115 26.6186 26.1983 21.1703 20.3774 28.3079 46.1956 23.6144 17.7619 27.5637 16.9419 15.9771 14.8852 14.2065
threshold=29664.30767982973 23685.696251002981 33303.976748242778 10.797656250000001 24939.500000000004 19839.233453344215 14.500000000000002 20.375130208333339 27508.88673103532 1.0000000180025095e-35 22.500000000000004 30.812500000000004 26535.342741169527 26149.500000000004 28441.500000000004 2.4750000000000014 5.5000000000000009 -0.68301270189221952
decision_type=2 2 2 2 2 2 2 2 2 2 2 2 2 2 2 2 2 2
left_child=1 4 -2 6 5 15 -3 16 9 14 11 -11 13 -5 -8 -1 -7 -15
right_child=2 3 -4 12 -6 7 8 -9 -10 10 -12 -13 -14 17 -16 -17 -18 -19
leaf_value=-1.7050919106723332 19.86239382056764 6.2032960885398865 77.832721361188334 7.1631304914287668 -7.6688411441081268 2.683502342663902 -1.0349687634233498 10.689129259354145 3.8026426136069915 -25.696673644479048 -6.9308252230523699 -10.508394343458585 11.060128482287631 -6.309273306608147 -14.321004711930485 -6.0780003418951036 -0.64816860183629621 2.8843475019660998
leaf_weight=41778 36765 22399 53802 30653 7400 19295 17288 5114 17002 252 828 225 23068 5548 3960 4986 64954 4483
leaf_count=41778 36765 22399 53802 30653 7400 19295 17288 5114 17002 252 828 225 23068 5548 3960 4986 64954 4483
internal_value=0.000569157 0.000135652 0.00185786 0.000492463 -0.000176856 -0.000102455 0.000140267 0.000129857 -0.00021511 -0.00066769 -0.00395075 -0.00964355 0.000834726 0.000546081 -0.000466052 -0.000546388 4.27694e-05 -0.00049887
internal_weight=359800 269233 90567 125706 143527 136127 61954 89363 39555 22553 1305 477 63752 40684 21248 46764 84249 10031
internal_count=359800 269233 90567 125706 143527 136127 61954 89363 39555 22553 1305 477 63752 40684 21248 46764 84249 10031
is_linear=0
shrinkage=0.0229654


Tree=166
num_leaves=19
num_cat=0
split_feature=35 15 11 16 27 35 15 11 11 11 0 24 35 23 16 0 4 32
split_gain=276.826 44.0598 59.8416 20.6005 28.459 19.7949 19.1976 15.0728 14.5725 13.3999 13.3202 14.413 12.9638 12.5245 18.1834 16.6977 21.004 12.5088
threshold=31263.500000000004 16.481250000000006 84.000000000000014 259.18750000000006 3.8784598214285726 27702.500000000004 7.4562500000000016 1.0000000180025095e-35 108.00000000000001 132.00000000000003 32.500000000000007 2.0500000000000016 35774.500000000007 2.8062500000000008 421.56250000000006 23.500000000000004 7.5000000000000009 31.018750000000004
decision_type=2 2 2 2 2 2 2 2 2 2 2 2 2 2 2 2 2 2
left_child=1 2 6 12 -5 9 -1 17 -6 -4 11 -8 -2 -11 15 -15 -17 -3
right_child=3 7 5 4 8 -7 10 -9 -10 13 -12 -13 -14 14 -16 16 -18 -19
leaf_value=8.2696470101111963 25.703943298445729 -2.6828066741332264 0.89295818418841155 11.51282129376275 -43.675384450538033 7.1147482796140755 2.9764446750789513 -1.087836232115571 -34.66939860664511 -1.3953273030407762 6.7851972267343248 -2.449585781758711 85.337030650362109 -7.6349767513976072 -3.3735136167163415 -36.807501743351629 -6.4959105833121855 -13.419609465081546
leaf_weight=21872 38434 3747 45382 1937 158 17205 53110 61426 193 37170 27307 7606 32958 1452 6259 1027 512 2045
leaf_count=21872 38434 3747 45382 1937 158 17205 53110 61426 193 37170 27307 7606 32958 1452 6259 1027 512 2045
internal_value=0.00056654 0.000243283 0.000401204 0.00182184 -0.000323202 1.99513e-05 0.000779376 -0.000271001 -0.00634002 -0.000114024 0.00062807 0.000438611 0.00189058 -0.000388364 -0.00114455 -0.00261749 -0.00428419 -0.00139093
internal_weight=359800 286120 218902 73680 2288 109007 109895 67218 351 91802 88023 60716 71392 46420 9250 2991 1539 5792
internal_count=359800 286120 218902 73680 2288 109007 109895 67218 351 91802 88023 60716 71392 46420 9250 2991 1539 5792
is_linear=0
shrinkage=0.0229654


Tree=167
num_leaves=19
num_cat=0
split_feature=37 37 10 37 35 1 37 37 6 26 21 37 35 35 37 35 14 24
split_gain=374.375 59.9829 26.5387 26.2729 26.2716 26.2375 25.8534 22.5479 34.4021 20.5459 19.9721 19.0911 30.6855 16.2772 19.2696 15.0363 14.6498 16.8638
threshold=30152.371458841222 23737.101329373709 1.0000000180025095e-35 33633.706528732488 24939.500000000004 6.5000000000000009 19975.385879885547 27293.166056024627 1.0000000180025095e-35 20.375130208333339 8.9501302083333361 26202.290285372062 25310.500000000004 29595.000000000004 24820.000308201481 21242.000000000004 89.062500000000014 2.4750000000000014
decision_type=2 2 2 2 2 2 2 2 2 2 2 2 2 2 2 2 2 2
left_child=1 4 11 -2 6 -4 16 8 13 15 -10 12 -3 -7 -15 -8 17 -1
right_child=3 2 5 -5 -6 7 9 -9 10 -11 -12 -13 -14 14 -16 -17 -18 -19
leaf_value=-2.4814202435918027 21.669469712533271 8.7311750569345019 6.2633832873468656 81.79036995959035 -7.428155189816267 -2.5898540498782183 2.2169572127650063 2.571630042833942 -14.799582580618395 10.601083976992895 -39.730875764950987 10.409219601594577 -1.8940163875891596 -37.671131343143387 -15.529320083418845 -1.0008096112160203 1.0791229145696892 -7.0678837208452601
leaf_weight=36009 33984 23511 22210 50958 7687 14103 31264 20545 545 5001 119 31340 15526 214 1809 51394 9552 4029
leaf_count=36009 33984 23511 22210 50958 7687 14103 31264 20545 545 5001 119 31340 15526 214 1809 51394 9552 4029
internal_value=0.000559774 0.000147957 0.000506285 0.00189234 -0.000173251 0.000149452 -0.000100078 -0.000222365 -0.00084667 0.000136992 -0.00596962 0.000808196 0.000469286 -0.000635728 -0.00256218 5.05108e-05 -0.000519141 -0.00071194
internal_weight=359800 274858 129922 84942 144936 59545 137249 37335 16790 87659 664 70377 39037 16126 2023 82658 49590 40038
internal_count=359800 274858 129922 84942 144936 59545 137249 37335 16790 87659 664 70377 39037 16126 2023 82658 49590 40038
is_linear=0
shrinkage=0.0229654


Tree=168
num_leaves=19
num_cat=0
split_feature=25 7 15 7 5 6 34 0 23 6 0 11 0 9 29 22 22 9
split_gain=108.992 68.0837 42.0292 37.0042 28.6599 26.1609 24.8761 21.4875 28.7812 23.5931 21.2542 21.0613 19.3439 18.1823 26.8218 33.5328 29.4597 22.5491
threshold=6.9348958333333348 -0.79335334029123528 8.5187500000000025 -0.44134171618254464 1.0000000180025095e-35 1.0000000180025095e-35 0.031250000000000007 11.500000000000002 1.7750000000000008 1.0000000180025095e-35 36.500000000000007 108.00000000000001 47.500000000000007 -0.6830127018922193 56.006250000000001 14.673914930555558 13.908506944444447 0.68301270189221941
decision_type=2 2 2 2 2 2 2 2 2 2 2 2 2 2 2 2 2 2
left_child=3 10 -3 -1 7 11 13 -4 9 12 -2 -5 -9 -6 15 16 -15 -16
right_child=1 2 4 5 6 -7 -8 8 -10 -11 -12 -13 -14 14 17 -17 -18 -19
leaf_value=39.107036773521905 6.0711710011196036 4.0448443623564225 -1.4362651992936217 11.021460079080599 -9.0758426373988996 -12.980391039900438 1.5260867523699386 6.6690401708175679 -1.4703618857441396 -7.5785970242580047 14.046575186639277 3.9501496521288106 -3.7642341713400067 -14.91576016069283 1.0203128773382457 -4.9353830793634108 -54.920247914182198 -6.7889386952349895
leaf_weight=33750 27950 51177 31451 29021 7506 1201 14003 50539 34277 1542 26721 21334 2814 241 13928 549 192 11604
leaf_count=33750 27950 51177 31451 29021 7506 1201 14003 50539 34277 1542 26721 21334 2814 241 13928 549 192 11604
internal_value=0.000554923 0.000332098 0.000151725 0.00127192 -2.32042e-05 0.000884923 -0.00049768 0.000165696 0.000347731 0.000673755 0.00105735 0.000964816 0.000754695 -0.000833019 -0.000550532 -0.00427503 -0.00905357 -0.000407282
internal_weight=359800 274494 219823 85306 168646 51556 48023 120623 89172 54895 54671 50355 53353 34020 26514 982 433 25532
internal_count=359800 274494 219823 85306 168646 51556 48023 120623 89172 54895 54671 50355 53353 34020 26514 982 433 25532
is_linear=0
shrinkage=0.0229654


Tree=169
num_leaves=19
num_cat=0
split_feature=37 37 15 37 10 11 36 37 36 10 37 0 1 27 36 8 4 6
split_gain=370.714 55.2531 33.452 28.6951 26.6156 25.2481 24.4351 21.861 21.0667 19.2625 22.7941 17.5973 17.0266 16.2909 14.5966 14.078 13.9907 29.4214
threshold=30152.371458841222 23685.696251002981 13.068750000000003 33633.706528732488 1.0000000180025095e-35 108.00000000000001 24825.500000000004 19975.385879885547 21132.500000000004 -0.68301270189221952 18031.999696501833 7.5000000000000009 1.5000000000000002 2.6148251488095244 34058.500000000007 -0.89495246814786256 11.500000000000002 1.0000000180025095e-35
decision_type=2 2 2 2 2 2 2 2 2 2 2 2 2 2 2 2 2 2
left_child=1 6 5 15 -4 14 7 -1 -9 -8 -11 -12 -10 -6 -3 -2 -17 -18
right_child=3 2 4 -5 13 -7 9 8 12 10 11 -13 -14 -15 -16 16 17 -19
leaf_value=-1.9994308135102108 5.7309211146275354 9.5549084141646485 3.756233272178068 79.339379162226493 -1.2322329340134719 2.326625642901436 0.88714901587938388 3.422629890588528 3.4040778151842419 -23.902503925438076 1.1102521760052795 -14.077257924417566 -1.6545060454220792 -11.217001831749803 -35.219367053735397 26.22252577479496 10.95362676530865 -49.970442634976614
leaf_weight=49084 6824 43757 32695 50958 21693 27059 3735 31686 8898 84 1760 5111 43169 5863 264 24164 2829 167
leaf_count=49084 6824 43757 32695 50958 21693 27059 3735 31686 8898 84 1760 5111 43169 5863 264 24164 2829 167
internal_value=0.000548732 0.000138933 0.000479327 0.00187477 8.12258e-05 0.000816778 -0.000172536 -8.75311e-05 0.000138007 -0.00122883 -0.00194323 -0.00179786 -0.000146128 -0.00044454 0.00115612 0.00135789 0.00159219 0.000111914
internal_weight=359800 274858 131331 84942 60251 71080 143527 132837 83753 10690 6955 6871 52067 27556 44021 33984 27160 2996
internal_count=359800 274858 131331 84942 60251 71080 143527 132837 83753 10690 6955 6871 52067 27556 44021 33984 27160 2996
is_linear=0
shrinkage=0.0229654


Tree=170
num_leaves=19
num_cat=0
split_feature=37 37 35 37 36 37 36 36 35 1 36 35 37 11 24 16 32 0
split_gain=367.295 53.8681 46.1847 39.1795 30.1801 28.8001 26.6623 26.4777 23.9481 18.6769 21.7365 18.8089 16.9313 16.4754 15.7754 15.4934 14.0782 15.1178
threshold=30152.371458841222 25822.820239056793 26282.500000000004 22372.022079668532 28814.000000000004 33633.706528732488 25267.500000000004 26113.500000000004 34388.000000000007 2.5000000000000004 21132.500000000004 22354.500000000004 19435.448731896166 108.00000000000001 -1.350000000000001 482.06250000000006 0.625000000000001 4.5000000000000009
decision_type=2 2 2 2 2 2 2 2 2 2 2 2 2 2 2 2 2 2
left_child=1 2 3 9 -3 -2 14 13 -6 -1 12 -12 -11 -5 -4 -8 17 -9
right_child=5 4 6 7 8 -7 15 16 -10 10 11 -13 -14 -15 -16 -17 -18 -19
leaf_value=1.0809024049337328 20.523548611911988 8.7662420316714265 -15.602229929850852 5.7318452555181949 0.39049863731423962 77.517317875509278 -11.927239375996994 5.084993783357592 -28.696444669956961 -2.1863969128406997 -2.8480067600282011 -9.5474560603421033 1.6427577566515155 1.2202522390086608 -1.123044178220016 6.2577492687334839 2.0260572644964445 -10.825609729630818
leaf_weight=26559 33984 51153 1876 41848 21883 50958 3957 1499 314 29847 20555 6404 23841 25766 7422 457 6113 5364
leaf_count=26559 33984 51153 1876 41848 21883 50958 3957 1499 314 29847 20555 6404 23841 25766 7422 457 6113 5364
internal_value=0.000545668 0.000137763 -5.62088e-05 3.77385e-05 0.000670646 0.00186558 -0.00134289 0.000420325 -3.65219e-05 -0.000249863 -0.000423815 -0.000955877 -0.000156644 0.000602683 -0.000645146 -0.00281266 -0.000529889 -0.00124381
internal_weight=359800 274858 201508 187796 73350 84942 13712 80590 22197 107206 80647 26959 53688 67614 9298 4414 12976 6863
internal_count=359800 274858 201508 187796 73350 84942 13712 80590 22197 107206 80647 26959 53688 67614 9298 4414 12976 6863
is_linear=0
shrinkage=0.0229654


Tree=171
num_leaves=19
num_cat=0
split_feature=35 11 25 21 6 3 25 9 24 9 22 16 21 30 3 0 6 30
split_gain=267.743 42.6347 26.5219 25.9188 24.8213 24.3431 25.3574 25.2425 23.6087 32.4495 56.1682 22.8376 38.2242 21.9884 22.7918 21.5082 21.3362 25.2725
threshold=31263.500000000004 108.00000000000001 6.7328125000000005 19.956380208333339 1.0000000180025095e-35 3.5000000000000004 20.560677083333335 0.25000000000000011 2.5250000000000021 -0.93301270189221908 12.494748263888889 135.56250000000003 14.399218750000003 9.362500000000006 4.5000000000000009 11.500000000000002 1.0000000180025095e-35 884.70625000000018
decision_type=2 2 2 2 2 2 2 2 2 2 2 2 2 2 2 2 2 2
left_child=1 2 -1 5 11 15 8 13 -7 10 -10 -2 -13 14 -8 -4 -17 -18
right_child=4 -3 3 -5 -6 6 7 -9 9 -11 -12 12 -14 -15 -16 16 17 -19
leaf_value=8.7223897749094217 38.914197573961495 -0.96829009695376211 -0.3916499963313711 10.229530237103647 -32.033506757124833 0.7107812558630725 -21.095713309706259 -15.082763635839411 -31.905233707931004 -3.2902313486860941 -0.31891227916316717 14.562962377928038 -25.533412843062873 3.1296445622282665 -10.616033789227494 6.2185196211065108 0.00012996566020098541 -22.106657203173537
leaf_weight=23767 62564 107295 22076 9875 632 55215 203 337 246 5026 300 10367 117 1008 344 58210 1630 588
leaf_count=23767 62564 107295 22076 9875 632 55215 203 337 246 5026 300 10367 117 1008 344 58210 1630 588
internal_value=0.000542732 0.000224822 0.000441971 0.000332474 0.00177726 0.000255038 -8.61399e-05 -0.00270438 -4.64687e-06 -0.00142936 -0.00674661 0.00181647 0.000824512 -0.00146949 -0.00517666 0.000514233 0.000738353 -0.00147235
internal_weight=359800 286120 178825 155058 73680 145183 62679 1892 60787 5572 546 73048 10484 1555 547 82504 60428 2218
internal_count=359800 286120 178825 155058 73680 145183 62679 1892 60787 5572 546 73048 10484 1555 547 82504 60428 2218
is_linear=0
shrinkage=0.0229654


Tree=172
num_leaves=19
num_cat=0
split_feature=37 37 36 37 15 36 37 3 0 22 33 25 10 33 37 36 37 22
split_gain=362.873 54.0983 39.1236 35.9601 31.2281 27.6069 27.1019 19.8116 21.7086 15.4331 13.7872 13.7449 18.557 13.4498 13.4073 13.2147 14.7533 12.0554
threshold=30396.612590994228 25822.820239056793 26113.500000000004 20773.091153354329 8.1062500000000028 28814.000000000004 33943.756258948641 4.5000000000000009 6.5000000000000009 10.797656250000001 0.69791666666666674 7.6033854166666668 0.6830127018922193 0.9965277777777779 28318.349165525371 21250.500000000004 23685.696251002981 3.3818142361111119
decision_type=2 2 2 2 2 2 2 2 2 2 2 2 2 2 2 2 2 2
left_child=1 2 3 10 13 -3 -2 9 -9 11 -1 -4 -13 -5 17 -6 -17 -7
right_child=6 5 7 4 15 14 -8 8 -10 -11 -12 12 -14 -15 -16 16 -18 -19
leaf_value=-1.5152008273949167 21.041399956750674 8.5865230442434388 1.270120249200742 6.8918503134235758 4.6832451120007024 -52.842514416036408 80.374988794823039 9.164666976449567 -16.954064113068455 0.69266273460851424 -16.542666176636391 -6.618799992201378 -19.187607573660792 -14.164676662860613 4.9887325804238811 -1.7322329937794154 2.2929659967362195 -3.9968944939320039
leaf_weight=67668 34042 51870 2072 24993 16790 70 48156 613 3206 6753 91 3416 1166 511 15164 41369 32860 8990
leaf_count=67668 34042 51870 2072 24993 16790 70 48156 613 3206 6753 91 3416 1166 511 15164 41369 32860 8990
internal_value=0.000537434 0.000140571 -5.64367e-05 4.13992e-05 0.000286035 0.000662277 0.00187773 -0.00110308 -0.00256234 -0.000687403 -0.000379294 -0.00147235 -0.00217425 0.000996272 2.21843e-05 8.70233e-05 -4.45824e-05 -0.000676795
internal_weight=359800 277602 201508 184282 116523 76094 82198 17226 3819 13407 67759 6654 4582 25504 24224 91019 74229 9060
internal_count=359800 277602 201508 184282 116523 76094 82198 17226 3819 13407 67759 6654 4582 25504 24224 91019 74229 9060
is_linear=0
shrinkage=0.0229654


Tree=173
num_leaves=19
num_cat=0
split_feature=35 11 25 31 6 36 8 3 25 36 24 10 6 33 0 16 31 35
split_gain=261.822 41.315 24.7984 25.2237 23.8036 26.6436 23.3558 23.3444 24.2491 23.2269 22.6264 22.2339 29.0259 26.9685 24.0081 21.5054 19.0908 22.0335
threshold=31263.500000000004 108.00000000000001 6.7328125000000005 216.90625000000003 1.0000000180025095e-35 37457.000000000007 -0.70710678118654757 3.5000000000000004 20.560677083333335 32237.500000000004 2.4750000000000014 0.93301270189221952 1.0000000180025095e-35 0.010416666666666668 11.500000000000002 204.81250000000003 19.656249999999993 32525.000000000004
decision_type=2 2 2 2 2 2 2 2 2 2 2 2 2 2 2 2 2 2
left_child=1 2 -1 7 9 -6 -3 11 10 16 -9 14 -13 -14 -4 -16 -2 -18
right_child=4 6 3 -5 5 -7 -8 8 -10 -11 -12 12 13 -15 15 -17 17 -19
leaf_value=8.4520777756969654 15.015767224571883 -6.6852189932248454 -0.35826036686454982 9.9982910729785832 -8.4511470805856135 -55.140846745939299 0.30358971854257305 0.69291244328766433 -10.314460169318286 48.587143200910042 -5.9414919635853298 -4.9995356249571623 23.985313187327939 -39.523533384893589 8.3647328768190778 2.4757407166325835 23.657798453016714 -31.334526211822919
leaf_weight=23767 20406 24492 20935 9840 544 88 82803 55008 1912 52464 5785 2354 114 278 33460 25372 83 95
leaf_count=23767 20406 24492 20935 9840 544 88 82803 55008 1912 52464 5785 2354 114 278 33460 25372 83 95
internal_value=0.000535264 0.000220889 0.000434651 0.000328771 0.00175607 -0.00268172 -0.00013538 0.000252525 -8.14895e-05 0.00179446 -1.39764e-06 0.000506356 -0.00152545 -0.00731144 0.000576302 0.00081397 0.00114068 -0.00634774
internal_weight=359800 286120 178825 155058 73680 632 107295 145218 62705 73048 60793 82513 2746 392 79767 58832 20584 178
internal_count=359800 286120 178825 155058 73680 632 107295 145218 62705 73048 60793 82513 2746 392 79767 58832 20584 178
is_linear=0
shrinkage=0.0229654


Tree=174
num_leaves=19
num_cat=0
split_feature=7 29 12 15 0 3 32 29 4 4 3 11 27 24 11 3 33 4
split_gain=103.87 55.7352 51.7674 36.3415 24.2082 22.4295 24.8385 28.1313 27.1973 21.6186 19.3185 19.0144 17.131 17.9506 17.2387 14.3404 13.6624 15.4934
threshold=-0.70710678118654735 438.26875000000007 13.206250000000002 8.5187500000000025 36.500000000000007 4.5000000000000009 152.13125000000005 56.006250000000001 5.5000000000000009 2.5000000000000004 5.5000000000000009 132.00000000000003 6.3151971726190483 7.6562500000000009 108.00000000000001 3.5000000000000004 0.71180555555555569 10.500000000000002
decision_type=2 2 2 2 2 2 2 2 2 2 2 2 2 2 2 2 2 2
left_child=2 3 -1 11 -4 9 7 8 10 -5 -7 -2 14 -14 -3 -6 17 -9
right_child=1 12 4 5 15 6 -8 16 -10 -11 -12 -13 13 -15 -16 -17 -18 -19
leaf_value=31.24741210571878 4.8980163137593919 12.253498534515629 0.9401046113252397 10.06006008507013 16.133724097081867 -6.6788524859910456 1.827490969860087 -4.3472603461824093 -10.273027238937003 0.14014842128450788 -47.767897341103847 -0.59091513408294205 -0.4253883217775814 -27.290646696640938 4.7179076769346215 2.2785150544508115 -24.85481319936482 2.8378223534293223
leaf_weight=48086 38939 30388 22287 14290 11220 132 13433 25563 1551 103202 261 13060 177 107 22777 8359 128 5840
leaf_count=48086 38939 30388 22287 14290 11220 132 13433 25563 1551 103202 261 13060 177 107 22777 8359 128 5840
internal_value=0.000528753 0.000303467 0.00120459 0.000139438 0.000614152 -2.79384e-05 -0.000452473 -0.000787238 -0.00346844 0.000141555 -0.00886476 0.000668615 0.000967573 -0.00465777 0.000997623 0.00120334 -0.000621933 -0.000591412
internal_weight=359800 269848 89952 216399 41866 164400 46908 33475 1944 117492 393 51999 53449 284 53165 19579 31531 31403
internal_count=359800 269848 89952 216399 41866 164400 46908 33475 1944 117492 393 51999 53449 284 53165 19579 31531 31403
is_linear=0
shrinkage=0.0229654


Tree=175
num_leaves=19
num_cat=0
split_feature=37 37 35 37 22 15 37 36 36 37 36 35 11 24 36 9 26 13
split_gain=358.302 52.7953 44.6814 35.7386 27.0251 26.565 25.641 24.6077 18.6833 25.2081 17.8137 17.3189 17.158 15.3657 14.7501 19.3086 17.0836 14.6148
threshold=30652.222152087903 25822.820239056793 26282.500000000004 21227.09264132009 10.669835069444447 8.5687500000000032 33633.706528732488 25267.500000000004 27301.500000000004 27899.708278299851 27231.500000000004 32525.000000000004 132.00000000000003 -1.350000000000001 25803.000000000004 -0.24999999999999994 10.529817708333335 3.2687500000000007
decision_type=2 2 2 2 2 2 2 2 2 2 2 2 2 2 2 2 2 2
left_child=1 2 3 14 8 12 -2 13 -3 11 -7 -10 -5 -4 -1 -16 -17 -14
right_child=6 4 7 5 -6 10 -8 -9 9 -11 -12 -13 17 -15 15 16 -18 -19
leaf_value=-1.3022556239157896 19.67672152024182 9.596846635745413 -15.389320054780617 7.8701636609402676 9.05645001141405 1.1664391548005208 72.01052257838721 -10.823424342320852 -5.906105209436781 3.2623998436891508 -7.4243249034355543 -34.806428655475536 -10.823374765318734 -1.2281375390902445 -29.04710667214918 -28.043967140536694 11.370106822760876 4.6439118735917839
leaf_weight=78527 28389 16552 1876 19287 34665 76698 50958 4414 8322 19230 5335 176 2235 7422 216 232 380 4886
leaf_count=78527 28389 16552 1876 19287 34665 76698 50958 4414 8322 19230 5335 176 2235 7422 216 232 380 4886
internal_value=0.000520456 0.000134974 -6.22491e-05 3.01566e-05 0.000638389 0.000301169 0.00188295 -0.00132781 0.000262432 -0.000102039 9.72279e-05 -0.00114368 0.000934687 -0.000657495 -0.000340191 -0.00338934 -0.00130588 -2.87026e-05
internal_weight=359800 280453 201508 187796 78945 108441 79347 13712 44280 27728 82033 8498 26408 9298 79355 828 612 7121
internal_count=359800 280453 201508 187796 78945 108441 79347 13712 44280 27728 82033 8498 26408 9298 79355 828 612 7121
is_linear=0
shrinkage=0.0229654


Tree=176
num_leaves=19
num_cat=0
split_feature=37 37 35 37 37 22 23 15 35 15 35 14 35 28 35 37 25 37
split_gain=353.921 51.1572 42.5035 40.4896 26.2671 25.963 18.6232 17.7216 15.9412 15.0749 13.8484 13.3573 14.028 13.3099 13.2326 16.0484 15.4774 21.7461
threshold=30652.222152087903 25822.820239056793 25661.500000000004 22027.651292515438 33943.756258948641 10.669835069444447 -4.9749999999999961 14.093750000000004 34388.000000000007 8.6937500000000032 21922.000000000004 86.937500000000014 29696.500000000004 -2.0038298565840931 22466.500000000004 19161.366179972218 20.800260416666671 16571.864639373602
decision_type=2 2 2 2 2 2 2 2 2 2 2 2 2 2 2 2 2 2
left_child=1 2 3 6 -2 7 -1 -3 -9 -5 -11 12 -4 -14 15 16 -8 -18
right_child=4 5 11 9 -6 -7 14 8 -10 10 -12 -13 13 -15 -16 -17 17 -19
leaf_value=2.9788405509445237 20.123488346850504 6.0157348544982625 -5.7531972529889908 6.9647052906999862 75.382471049795768 8.848464933447362 -2.1510310686576215 -1.3893739746933105 -23.353196318693509 9.4170797715230616 0.47509285612634583 0.63379117461863943 8.5484447015859271 -27.864622007537918 -5.8731886190741687 0.022490632286006753 -12.612883734635137 -7.4817830686442068
leaf_weight=8613 31191 25875 16052 20864 48156 34665 28015 17891 514 12866 48038 4163 205 808 10734 48749 249 2152
leaf_count=8613 31191 25875 16052 20864 48156 34665 28015 17891 514 12866 48038 4163 205 808 10734 48749 249 2152
internal_value=0.000516945 0.000133828 -6.03116e-05 5.41397e-05 0.00187108 0.000629371 -0.000259419 0.000260876 -0.00028387 0.000431907 0.000249398 -0.0010323 -0.00131683 -0.0039379 -0.000357156 -0.000254559 -0.000668516 -0.0024381
internal_weight=359800 280453 201508 180280 79347 78945 98512 44280 18405 81768 60904 21228 17065 1013 89899 79165 30416 2401
internal_count=359800 280453 201508 180280 79347 78945 98512 44280 18405 81768 60904 21228 17065 1013 89899 79165 30416 2401
is_linear=0
shrinkage=0.0229654


Tree=177
num_leaves=19
num_cat=0
split_feature=35 11 6 21 4 1 25 21 30 3 16 16 23 25 10 16 3 7
split_gain=249.901 40.7015 26.5029 24.4001 23.543 29.0132 23.5008 24.5685 22.9134 23.5518 22.2965 19.0336 18.015 15.5433 28.3959 14.3146 15.4225 14.2109
threshold=31795.000000000004 108.00000000000001 1.0000000180025095e-35 15.123307291666668 11.500000000000002 16.500000000000004 6.7328125000000005 19.956380208333339 22.237499999999997 4.5000000000000009 100.06250000000001 468.31250000000006 1.7750000000000008 14.144531250000002 -0.9330127018922193 127.18750000000001 4.5000000000000009 -0.79335334029123528
decision_type=2 2 2 2 2 2 2 2 2 2 2 2 2 2 2 2 2 2
left_child=1 6 3 11 -4 -6 -1 8 13 17 -5 15 -3 14 -8 -2 -17 -10
right_child=2 12 4 10 5 -7 7 -9 9 -11 -12 -13 -14 -15 -16 16 -18 -19
leaf_value=8.0989722288031327 38.409975107610215 0.30989086629744972 -0.32249731007981502 13.64017600541783 -1.3374222991331828 -49.841988667445698 -26.382778230613422 9.6055822181566679 9.8441352425767157 -0.65562292642987807 -31.063753911579241 -34.832486853096533 -5.1062210202453047 -2.5255034889501484 -8.3099630068413184 29.742149478049864 -7.2692326307422599 2.2264682016764881
leaf_weight=24900 57390 80092 296 69 72 80 122 9885 14796 39827 78 179 29246 10786 438 8014 2054 81476
leaf_count=24900 57390 80092 296 69 72 80 122 9885 14796 39827 78 179 29246 10786 438 8014 2054 81476
internal_value=0.000512605 0.000219818 0.00176374 0.00180053 -0.00380365 -0.0111503 0.000429995 0.000326242 0.000251935 0.000334596 -0.00754578 0.00182085 -0.000130477 -0.000739605 -0.00447005 0.00184069 0.00104197 0.000528907
internal_weight=359800 291568 68232 67784 448 152 182230 157330 147445 136099 147 67637 109338 11346 560 67458 10068 96272
internal_count=359800 291568 68232 67784 448 152 182230 157330 147445 136099 147 67637 109338 11346 560 67458 10068 96272
is_linear=0
shrinkage=0.0229654


Tree=178
num_leaves=19
num_cat=0
split_feature=37 37 26 27 26 1 37 37 25 9 22 13 24 37 22 8 24 32
split_gain=346.838 60.1602 26.656 27.1079 25.3838 22.806 20.2843 16.7476 16.9745 14.8263 19.7605 14.6933 12.9702 12.5298 12.4678 21.0274 10.576 9.95506
threshold=31742.305191497588 25822.820239056793 10.47330729166667 -1.0000000180025095e-35 19.946614583333339 1.5000000000000002 16571.864639373602 21798.629662579697 20.800260416666671 0.93301270189221952 6.0568576388888902 12.481250000000003 2.5250000000000021 33943.756258948641 22.108723958333336 -0.65793410509763406 7.6562500000000009 653.46875000000011
decision_type=2 2 2 2 2 2 2 2 2 2 2 2 2 2 2 2 2 2
left_child=1 4 3 -3 5 -1 -6 8 12 -9 -11 -8 -7 -2 17 -16 -5 -10
right_child=13 2 -4 16 6 7 11 9 14 10 -12 -13 -14 -15 15 -17 -18 -19
leaf_value=2.5056455867070833 23.235229731308184 7.9098468787103791 9.0671704406005258 -1.9099817075983456 -13.350177668151746 -1.436452058853126 -12.086391862072306 0.50355293090657605 -11.313447500596419 9.6419368866643147 -7.1893806004022895 7.1954844731798948 -5.4424104383108398 72.922137582467997 -26.984314511391489 7.4070772356812045 -28.617844592431744 3.8595613711578824
leaf_weight=24972 19860 26229 40753 23189 123 64339 67 81032 1345 1928 7248 12510 7299 48156 118 64 105 463
leaf_count=24972 19860 26229 40753 23189 123 64339 67 81032 1345 1928 7248 12510 7299 48156 118 64 105 463
internal_value=0.000506031 0.000161774 0.000654447 0.000296464 -5.8944e-05 -0.000125793 0.000934891 -0.000224333 -0.000481342 -1.45621e-05 -0.000889484 0.00102566 -0.000423224 0.00198287 -0.00257351 -0.00830288 -0.000273684 -0.00199677
internal_weight=359800 291784 90276 49523 201508 188808 12700 163836 73628 90208 9176 12577 71638 68016 1990 182 23294 1808
internal_count=359800 291784 90276 49523 201508 188808 12700 163836 73628 90208 9176 12577 71638 68016 1990 182 23294 1808
is_linear=0
shrinkage=0.0229654


Tree=179
num_leaves=19
num_cat=0
split_feature=35 11 6 21 4 0 19 21 30 8 36 24 7 5 0 33 28 9
split_gain=236.573 39.2204 25.5902 23.3553 22.9076 28.1901 21.682 22.7346 23.6617 20.5507 20.2886 19.9748 17.024 29.0485 18.4592 18.2668 16.4497 24.5052
threshold=31795.000000000004 108.00000000000001 1.0000000180025095e-35 15.123307291666668 11.500000000000002 34.500000000000007 11.256250000000001 19.956380208333339 22.237499999999997 -0.70710678118654757 30729.500000000004 2.4750000000000014 -0.70710678118654735 1.0000000180025095e-35 17.500000000000004 0.39930555555555564 0.80498397435897451 -0.93301270189221908
decision_type=2 2 2 2 2 2 2 2 2 2 2 2 2 2 2 2 2 2
left_child=1 6 3 12 -4 -6 7 8 -1 -3 -5 -10 -2 -14 15 -15 17 -13
right_child=2 9 4 10 5 -7 -8 -9 11 -11 -12 16 13 14 -16 -17 -18 -19
leaf_value=-3.3759433535110484 47.142352625849938 -6.1769743390840697 -0.38398580519829462 -33.237776419598859 -1.262844338157487 -48.676035116209867 10.399126122222922 9.2687522512336518 2.5321585310777404 0.26878572922285104 2.5655048257337341 -18.325830631541756 35.474083134698262 -28.267637149808834 4.8356599012929671 -0.6231359740075072 0.057012066656280863 -3.7884157101540659
leaf_weight=11349 35654 25161 296 66 72 80 12585 9885 132830 84177 81 486 24815 373 6304 491 11764 3331
leaf_count=11349 35654 25161 296 66 72 80 12585 9885 132830 84177 81 486 24815 373 6304 491 11764 3331
internal_value=0.000500988 0.000216116 0.0017183 0.00175446 -0.00375238 -0.0109992 0.000422434 0.000354204 0.000288074 -0.000127747 -0.00738955 0.000365361 0.00177433 0.00138964 0.000101883 -0.00304611 -0.000412555 -0.00172256
internal_weight=359800 291568 68232 67784 448 152 182230 169645 159760 109338 147 148411 67637 31983 7168 864 15581 3817
internal_count=359800 291568 68232 67784 448 152 182230 169645 159760 109338 147 148411 67637 31983 7168 864 15581 3817
is_linear=0
shrinkage=0.0229654


Tree=180
num_leaves=19
num_cat=0
split_feature=37 37 36 37 10 1 29 0 9 36 37 11 36 37 3 36 25 3
split_gain=337.608 57.3623 33.4321 32.8264 21.5287 18.9522 17.151 17.7862 16.4883 17.2261 18.2231 15.5971 15.8789 20.4734 15.0678 14.9555 14.0275 13.5031
threshold=31742.305191497588 26074.985478570168 26113.500000000004 23426.150605651444 1.0000000180025095e-35 1.5000000000000002 188.86875000000006 5.5000000000000009 -0.24999999999999994 27301.500000000004 28146.982781622504 132.00000000000003 21132.500000000004 21168.251015623839 1.0000000180025095e-35 23088.500000000004 3.1252604166666669 2.5000000000000004
decision_type=2 2 2 2 2 2 2 2 2 2 2 2 2 2 2 2 2 2
left_child=1 2 3 5 -3 14 -4 -8 -6 -10 -11 12 13 -7 -1 -5 -13 -17
right_child=-2 4 6 15 8 11 7 -9 9 10 -12 16 -14 -15 -16 17 -18 -19
leaf_value=-2.8175455555881679 44.452847446408541 9.0914852763486813 -1.315157609661098 10.395049123360858 9.5937479210279442 -0.28484234360613481 2.0631023849130141 -11.43663490700253 10.237825502143 -9.5419087422904045 0.9516435325208108 -21.382065284459859 -2.1010607100275251 8.5962848767216133 3.8044542444423244 5.7248872772215913 -4.1548080709636261 -0.64202176043666781
leaf_weight=3076 68016 35210 8675 15466 15003 39705 2185 8917 9955 6205 18255 287 35798 9220 17066 17244 27910 21607
leaf_count=3076 68016 35210 8675 15466 15003 39705 2185 8917 9955 6205 18255 287 35798 9220 17066 17244 27910 21607
internal_value=0.000494414 0.000154769 -5.10401e-05 4.37422e-05 0.000658558 -0.000150465 -0.000949063 -0.00154689 0.000349375 7.2403e-05 -0.00025538 -0.000266221 -0.000110513 0.000158423 0.000498485 0.000519499 -0.000734075 0.000279065
internal_weight=359800 291784 207156 187379 84628 133062 19777 11102 49418 34415 24460 112920 84723 48925 20142 54317 28197 38851
internal_count=359800 291784 207156 187379 84628 133062 19777 11102 49418 34415 24460 112920 84723 48925 20142 54317 28197 38851
is_linear=0
shrinkage=0.0229654


Tree=181
num_leaves=19
num_cat=0
split_feature=36 15 11 25 25 36 7 7 14 12 0 15 14 29 10 3 34 26
split_gain=202.221 44.445 48.7326 18.4566 18.3855 16.759 20.4032 16.5806 16.9398 14.451 14.1894 14.3586 14.1338 13.6802 13.4032 12.5674 16.7786 20.2658
threshold=32394.000000000004 11.531250000000004 132.00000000000003 5.5132812500000004 4.4231770833333348 36686.500000000007 -0.60876142900872077 -0.79335334029123528 65.562500000000014 22.831250000000008 33.500000000000007 7.3812500000000023 86.937500000000014 1.5750000000000031 0.93301270189221952 4.5000000000000009 0.045138888888888895 17.092187500000005
decision_type=2 2 2 2 2 2 2 2 2 2 2 2 2 2 2 2 2 2
left_child=1 2 3 -1 14 6 -2 8 9 13 11 -5 15 -6 -3 -9 17 -17
right_child=5 4 -4 10 7 -7 -8 12 -10 -11 -12 -13 -14 -15 -16 16 -18 -19
leaf_value=14.948272157701297 31.143853714817947 11.823086168988171 -1.3490561603996729 5.2992111499125176 -9.4032433673239471 65.471226899789542 10.511383387453479 -0.9124529238227389 9.4998348498152225 15.734546609453625 7.826586234241514 1.3916073252778689 1.4652208605203851 -0.12725741932859952 -8.7967889738443503 -5.1769079226274304 1.2521128351975146 -21.33036235917065
leaf_weight=12417 19816 7216 35401 24279 1925 26376 16496 64086 11239 2480 20137 44123 28254 15097 786 21949 7397 326
leaf_count=12417 19816 7216 35401 24279 1925 26376 16496 64086 11239 2480 20137 44123 28254 15097 786 21949 7397 326
internal_value=0.000489563 0.000239477 0.000544455 0.000801546 -1.92145e-05 0.00167485 0.00135483 -7.54272e-05 0.000401247 -8.00754e-06 0.000685261 0.000527518 -0.000195525 -0.000246626 0.00105385 -0.000331212 -0.000721964 -0.00103667
internal_weight=359800 297112 136357 100956 160755 62688 36312 152753 30741 19502 88539 68402 122012 17022 8002 93758 29672 22275
internal_count=359800 297112 136357 100956 160755 62688 36312 152753 30741 19502 88539 68402 122012 17022 8002 93758 29672 22275
is_linear=0
shrinkage=0.0229654


Tree=182
num_leaves=19
num_cat=0
split_feature=37 37 35 37 35 36 16 21 22 6 36 23 37 16 35 36 11 35
split_gain=330.141 55.9822 36.021 35.0514 26.5755 22.0439 21.0569 21.4922 18.8281 18.7414 18.5499 18.1175 15.5576 15.3336 14.9024 19.5009 17.5516 13.411
threshold=31884.863887757954 26202.290285372062 26282.500000000004 22421.220383782642 32953.500000000007 25267.500000000004 509.81250000000006 14.47526041666667 10.598220486111112 1.0000000180025095e-35 26113.500000000004 -5.25 24768.647113330317 9.1875000000000018 22466.500000000004 21978.500000000004 132.00000000000003 30149.500000000004
decision_type=2 2 2 2 2 2 2 2 2 2 2 2 2 2 2 2 2 2
left_child=1 2 3 11 8 12 7 9 -3 -6 -5 -1 -4 -11 16 -16 -13 -7
right_child=-2 4 5 10 6 17 -8 -9 -10 13 -12 14 -14 -15 15 -17 -18 -19
leaf_value=3.4059527199807609 44.074195536465439 4.3558233502572037 -6.791780741705538 3.9143513447517946 -1.9456810000168976 -8.3535742276102969 -39.761670282465083 -35.467121366799958 9.6087410269371087 -40.277157088881822 -2.5636829072445804 -0.034274963805841628 3.1604625299693789 -9.3406755049030021 -2.1415678082552545 -8.5887718638468424 -4.2577261944872724 -23.864371455860553
leaf_weight=7662 66590 44966 5080 68790 4345 6220 67 65 33632 80 15337 65253 5630 72 9651 5083 20860 417
leaf_count=7662 66590 44966 5080 68790 4345 6220 67 65 33632 80 15337 65253 5630 72 9651 5083 20860 417
internal_value=0.000486052 0.000154534 -4.52454e-05 4.50163e-05 0.000658579 -0.00104759 -0.00103243 -0.000844716 0.00075817 -0.000655206 0.000396838 -0.000227751 -0.000403128 -0.00858181 -0.000309547 -0.000984454 -0.00019407 -0.00208754
internal_weight=359800 293210 209983 192636 83227 17347 4629 4562 78598 4497 84127 108509 10710 152 100847 14734 86113 6637
internal_count=359800 293210 209983 192636 83227 17347 4629 4562 78598 4497 84127 108509 10710 152 100847 14734 86113 6637
is_linear=0
shrinkage=0.0229654


Tree=183
num_leaves=19
num_cat=0
split_feature=37 37 35 37 26 27 36 23 35 36 36 27 37 36 37 35 37 35
split_gain=324.972 53.6928 38.244 36.6366 25.8008 25.4782 24.4555 18.9474 17.5718 21.8167 17.1862 16.0237 14.1639 13.1238 20.8621 18.3378 16.9038 19.1173
threshold=31884.863887757954 25822.820239056793 25661.500000000004 22853.533310929546 10.47330729166667 -1.0000000180025095e-35 23616.500000000004 -5.25 34061.000000000007 31379.500000000004 25441.500000000004 -2.5879092261904746 35190.496756701024 21816.500000000004 19911.45470056358 22466.500000000004 18031.999696501833 15979.500000000002
decision_type=2 2 2 2 2 2 2 2 2 2 2 2 2 2 2 2 2 2
left_child=1 2 3 7 5 8 -4 -1 -3 -10 -5 -11 -2 14 -9 16 17 -15
right_child=12 4 6 10 -6 -7 -8 13 9 11 -12 -13 -14 15 -16 -17 -18 -19
leaf_value=3.5493553612125193 25.682778455215857 8.5835810915459376 0.045026406866785627 5.2405864539838314 8.4929882591024128 -2.3917341377517674 -7.2425871727332805 -1.8725184138365147 -0.88105336911230625 -36.175627762132933 -0.9811972204407533 -23.898678506268144 88.592802297763825 7.0859454539652544 1.5684688122748882 -6.8939054857124082 -1.1398048511245087 -22.771897202118499
leaf_weight=8323 29759 25843 8152 45028 41128 23854 13076 42962 620 68 16683 189 36831 145 35432 8840 22612 255
leaf_count=8323 29759 25843 8152 45028 41128 23854 13076 42962 620 68 16683 189 36831 145 35432 8840 22612 255
internal_value=0.00048235 0.000153437 -5.62088e-05 5.23563e-05 0.000614117 0.000266736 -0.000978204 -0.000183829 0.000753767 -0.00244318 0.000506154 -0.00806917 0.00193063 -0.000263596 -0.000103879 -0.00065669 -0.000315161 -0.00499498
internal_weight=359800 293210 201508 180280 91702 50574 21228 118569 26720 877 61711 257 66590 110246 78394 31852 23012 400
internal_count=359800 293210 201508 180280 91702 50574 21228 118569 26720 877 61711 257 66590 110246 78394 31852 23012 400
is_linear=0
shrinkage=0.0229654


Tree=184
num_leaves=19
num_cat=0
split_feature=37 37 15 35 37 35 35 37 23 16 37 35 1 37 4 4 8 35
split_gain=323.426 55.2459 34.6693 31.2237 26.4665 24.2707 20.3998 23.3826 19.0381 18.9135 16.297 15.6944 18.221 15.6077 15.432 13.2825 14.3632 14.0118
threshold=32034.330985655582 27434.633048687825 6.918750000000002 28274.500000000004 23324.640518476092 34388.000000000007 25257.500000000004 25583.618629345867 -5.6499999999999968 232.56250000000003 19975.385879885547 22354.500000000004 2.5000000000000004 20884.631928884504 7.5000000000000009 3.5000000000000004 -0.5 26833.500000000004
decision_type=2 2 2 2 2 2 2 2 2 2 2 2 2 2 2 2 2 2
left_child=1 2 10 4 8 15 -6 -8 -4 -7 -1 13 -13 -10 -5 16 17 -3
right_child=-2 5 3 14 6 9 7 -9 11 -11 -12 12 -14 -15 -16 -17 -18 -19
leaf_value=-1.0054507049508918 43.535284010749471 26.515623874473238 4.5542232375479026 -13.95628423877735 4.7768763880664045 -6.040900330946541 -3.9835869470074576 2.3589435116163968 -1.6837357984158674 -29.720963001909674 6.356256849163997 2.0294980667558948 -5.6862020695213831 1.5185342365393082 -0.83138613965672703 11.590450413703172 8.9926520029500576 -5.6058339817005889
leaf_weight=6363 65144 1720 5255 5373 44549 1714 16312 21890 53924 257 22588 4326 23838 27997 2904 35978 12305 7363
leaf_count=6363 65144 1720 5255 5373 44549 1714 16312 21890 53924 257 22588 4326 23838 27997 2904 35978 12305 7363
internal_value=0.000479989 0.000156238 -1.66875e-06 -0.000106076 -4.83326e-05 0.000782466 0.000265063 -0.000124319 -0.00027318 -0.00172328 0.000742562 -0.000337644 -0.000805306 -0.000176864 -0.00148802 0.000868559 0.000415327 -0.000277365
internal_weight=359800 294656 235319 206368 198091 59337 82751 38202 115340 1971 28951 110085 28164 81921 8277 57366 21388 9083
internal_count=359800 294656 235319 206368 198091 59337 82751 38202 115340 1971 28951 110085 28164 81921 8277 57366 21388 9083
is_linear=0
shrinkage=0.0229654


Tree=185
num_leaves=19
num_cat=0
split_feature=37 37 15 11 10 27 37 37 37 34 0 10 31 22 21 4 18 15
split_gain=319.665 53.1586 33.5914 36.2236 18.3106 19.8647 16.6848 13.9195 12.63 14.3118 15.0377 17.6204 12.2412 18.7053 14.8362 13.2725 11.8251 11.6688
threshold=32034.330985655582 27508.88673103532 11.056250000000004 132.00000000000003 1.0000000180025095e-35 1.7462425595238089 21168.251015623839 35190.496756701024 19228.289749810432 0.031250000000000007 17.500000000000004 -0.68301270189221952 19.656249999999993 14.525737847222222 14.12174479166667 5.5000000000000009 0.088750000000000023 8.5687500000000032
decision_type=2 2 2 2 2 2 2 2 2 2 2 2 2 2 2 2 2 2
left_child=1 2 3 6 -3 16 -1 -2 -4 10 -10 -12 13 -5 15 -15 -6 -8
right_child=7 4 8 12 5 -7 17 -9 9 -11 11 -13 -14 14 -16 -17 -18 -19
leaf_value=0.40943689196471861 24.944094332585273 13.40730786236896 -3.2951929895418908 -4.6765044521735719 11.258174827777525 -3.2267475649659434 7.292441594049488 85.558426764543213 0.24698288327188578 1.592116402143489 0.21393662535550914 -6.1111965275005167 0.75622786387459495 -3.4691262115393351 -8.7141276226252025 -37.223549235861974 1.2747767642845689 2.7743669192624236
leaf_weight=26114 28313 18519 19896 14241 19846 10386 26186 36831 36800 32539 16712 30677 11511 65 203 148 9168 21645
leaf_count=26114 28313 18519 19896 14241 19846 10386 26186 36831 36800 32539 16712 30677 11511 65 203 148 9168 21645
internal_value=0.000476542 0.000154679 2.10516e-06 0.000321681 0.000778308 0.000498361 0.00058155 0.00193237 -0.000232068 -0.000140907 -0.000298998 -0.000569471 -0.000412654 -0.00085284 -0.00565302 -0.00988699 0.000806884 0.000836446
internal_weight=359800 294656 236737 100113 57919 39400 73945 65144 136624 116728 84189 47389 26168 14657 416 213 29014 47831
internal_count=359800 294656 236737 100113 57919 39400 73945 65144 136624 116728 84189 47389 26168 14657 416 213 29014 47831
is_linear=0
shrinkage=0.0229654


Tree=186
num_leaves=19
num_cat=0
split_feature=37 37 35 37 36 35 3 36 37 35 35 26 27 36 27 26 37 35
split_gain=317.163 51.3948 31.7152 30.609 25.5685 23.8129 33.1848 17.3425 18.9494 33.4841 16.9613 16.8343 16.8202 16.3321 21.1083 14.7891 14.167 13.5519
threshold=32034.330985655582 27362.417557133838 28274.500000000004 22027.651292515438 28472.500000000004 34388.000000000007 1.5000000000000002 21929.500000000004 25357.176074945422 25199.500000000004 23117.500000000004 10.47330729166667 -1.0000000180025095e-35 30858.000000000004 1.0641183035714283 13.401171875000001 35190.496756701024 36136.000000000007
decision_type=2 2 2 2 2 2 2 2 2 2 2 2 2 2 2 2 2 2
left_child=1 2 3 10 7 11 -7 -5 9 15 -1 12 -3 -8 17 -9 -2 -15
right_child=16 5 -4 4 -6 6 13 8 -10 -11 -12 -13 -14 14 -16 -17 -18 -19
leaf_value=-0.70669858299382948 24.371243005847557 10.639162509839203 -7.9276567387847763 8.9161572724146811 -6.4795714611214743 -38.906839320463803 4.3912271577492223 -0.26414911715400552 5.4041275997277936 -4.4948454500141057 -6.6884301574314398 12.334899963150292 0.11940852286455063 -23.285713284577721 7.0884146476242629 4.4211428730715294 83.593542506483303 -22.921550934028126
leaf_weight=91754 28313 17682 8497 19014 7457 110 1134 29523 31178 14534 7605 23595 17442 368 295 24402 36831 66
leaf_count=91754 28313 17682 8497 19014 7457 110 1134 29523 31178 14534 7605 23595 17442 368 295 24402 36831 66
internal_value=0.000475904 0.000155303 8.24612e-07 5.27315e-05 0.000290245 0.000750807 -0.00173084 0.000372224 0.000250935 3.72028e-05 -0.000248725 0.000834192 0.000515486 -0.00100712 -0.00368896 0.000300882 0.00192603 -0.00691079
internal_weight=359800 294656 233964 225467 126108 60692 1973 118651 99637 68459 99359 58719 35124 1863 729 53925 65144 434
internal_count=359800 294656 233964 225467 126108 60692 1973 118651 99637 68459 99359 58719 35124 1863 729 53925 65144 434
is_linear=0
shrinkage=0.0229654


Tree=187
num_leaves=19
num_cat=0
split_feature=35 3 14 0 0 6 32 29 14 4 0 21 4 0 3 9 0 0
split_gain=216.424 28.451 26.5556 26.0102 26.5791 25.296 24.3628 39.05 27.4068 22.5846 28.1901 22.1492 20.8865 19.9231 25.8802 19.82 20.1502 19.0856
threshold=31795.000000000004 4.5000000000000009 86.812500000000014 35.500000000000007 46.500000000000007 1.0000000180025095e-35 103.6375 57.906250000000007 53.812500000000007 11.500000000000002 34.500000000000007 15.123307291666668 10.500000000000002 31.500000000000004 4.5000000000000009 0.93301270189221952 20.500000000000004 17.500000000000004
decision_type=2 2 2 2 2 2 2 2 2 2 2 2 2 2 2 2 2 2
left_child=1 3 6 -1 -5 11 7 8 -3 -7 -11 13 -9 14 15 -2 -17 -16
right_child=5 2 -4 4 -6 9 -8 12 -10 10 -12 -13 -14 -15 17 16 -18 -19
leaf_value=1.2036307950914173 40.486503374274946 -32.859802122022629 2.8404419648246075 8.0347984867802626 -0.88798320490645444 -0.68089618414009245 0.98206510732347863 -4.3802182134308634 -23.472903641369214 -2.9991952168911364 -49.259289054715211 -21.983245163274791 4.8985319824347089 38.914297336730165 -18.32277310118554 14.301380912891714 -24.561220042054774 3.7809054178297097
leaf_weight=154960 22266 109 19918 39296 10720 296 25387 35771 1056 72 80 147 4351 36459 864 888 920 6240
leaf_count=154960 22266 109 19918 39296 10720 296 25387 35771 1056 72 80 147 4351 36459 864 888 920 6240
internal_value=0.00047118 0.000198709 -0.000150323 0.000346157 0.000801512 0.0016355 -0.000370139 -0.000714377 -0.0048592 -0.00380365 -0.0109992 0.00167145 -0.000594026 0.0016908 0.00126458 0.00162401 -0.000688454 4.65516e-05
internal_weight=359800 291568 86592 204976 50016 68232 66674 41287 1165 448 152 67784 40122 67637 31178 24074 1808 7104
internal_count=359800 291568 86592 204976 50016 68232 66674 41287 1165 448 152 67784 40122 67637 31178 24074 1808 7104
is_linear=0
shrinkage=0.0229654


Tree=188
num_leaves=19
num_cat=0
split_feature=37 37 15 11 35 21 6 35 36 37 37 36 37 36 37 35 21 37
split_gain=310.854 49.4526 32.8124 34.7695 22.7736 36.8737 18.3254 17.3076 16.7009 17.4536 16.1128 15.8767 15.3285 12.8586 15.2887 18.0139 15.0757 12.7313
threshold=32034.330985655582 27736.99555956195 11.056250000000004 132.00000000000003 32525.000000000004 14.544401041666669 1.0000000180025095e-35 28197.500000000004 31532.000000000004 21168.251015623839 35034.858621994994 29919.500000000004 19574.565316963995 28472.500000000004 25822.820239056793 25199.500000000004 6.0920572916666682 23737.101329373709
decision_type=2 2 2 2 2 2 2 2 2 2 2 2 2 2 2 2 2 2
left_child=1 2 3 8 11 6 -6 12 9 -1 -2 -3 -4 14 15 17 -15 -14
right_child=10 4 7 -5 5 -7 -8 -9 -10 -11 -12 -13 13 16 -16 -17 -18 -19
leaf_value=0.40351873877050787 22.331538832825757 13.229883523627269 -3.0929509525230023 -2.5866616653951531 -0.47610104349044124 -34.929283540008832 -33.797565532187228 -6.818044892457892 -11.112139680129504 5.310140506956337 78.48280734957541 4.919915231655402 -0.53752429873348972 -19.786793554434254 5.6383876108540854 -3.7958784738572944 -5.1789350214102647 5.2136211825133945
leaf_weight=26114 26854 27277 23572 26582 6052 111 177 8113 239 48739 38290 20159 53031 607 14363 16580 5919 17021
leaf_count=26114 26854 27277 23572 26582 6052 111 177 8113 239 48739 38290 20159 53031 607 14363 16580 5919 17021
internal_value=0.000466074 0.000148678 8.10395e-06 0.000321734 0.000778354 -0.000514367 -0.000280569 -0.000220966 0.000574411 0.000593763 0.0019017 0.000951131 -0.000157263 -4.09878e-05 2.28529e-05 -9.21987e-05 -0.00102897 6.89107e-05
internal_weight=359800 294656 240880 101674 53776 6340 6229 139206 75092 74853 65144 47436 131093 107521 100995 86632 6526 70052
internal_count=359800 294656 240880 101674 53776 6340 6229 139206 75092 74853 65144 47436 131093 107521 100995 86632 6526 70052
is_linear=0
shrinkage=0.0229654


Tree=189
num_leaves=19
num_cat=0
split_feature=35 11 15 16 21 29 27 22 3 22 8 26 15 16 3 16 4 26
split_gain=210.59 36.4722 50.8429 22.5836 31.2537 21.4224 26.6869 28.358 35.9965 23.141 20.8205 21.9063 20.6366 16.2398 14.8586 16.4031 14.4249 21.952
threshold=31795.000000000004 84.000000000000014 18.781250000000004 127.18750000000001 14.399218750000003 61.943750000000001 -4.0730282738095234 14.525737847222222 3.5000000000000004 20.112630208333339 -0.70710678118654757 18.441536458333335 7.4562500000000016 2.1875000000000004 4.5000000000000009 468.31250000000006 11.500000000000002 6.9141927083333341
decision_type=2 2 2 2 2 2 2 2 2 2 2 2 2 2 2 2 2 2
left_child=1 2 12 -2 14 6 9 8 -8 -4 -3 -12 -1 -10 15 -5 -16 -18
right_child=3 10 5 4 -6 -7 7 -9 13 -11 11 -13 -14 -15 16 -17 17 -19
leaf_value=7.0414431082253364 30.914248273796947 -4.7484385336231041 -36.035531568879463 23.597045849005223 -28.61570405177331 -1.0909123792987978 -2.3572012920672725 -3.6660605169509966 -1.4679810074478639 6.5154458348410547 -0.12401573532645256 6.463721055824065 2.6372315647095088 -34.911295619352657 -3.6415648614735563 -33.461235536080849 1.161831264560256 -28.795571894601849
leaf_weight=22244 57893 33548 130 7994 112 16978 328 3603 62 65 100944 11292 102101 273 1905 168 87 73
leaf_count=22244 57893 33548 130 7994 112 16978 328 3603 62 65 100944 11292 102101 273 1905 168 87 73
internal_value=0.000464095 0.000195322 0.000452175 0.00161261 0.000623947 -0.000580696 -0.00199692 -0.00161716 -0.00598209 -0.010305 -6.15313e-05 8.85175e-05 0.000630258 -0.011277 0.000756082 0.00119638 -0.000984232 -0.00760729
internal_weight=359800 291568 145784 68232 10339 21439 4461 4266 663 195 145784 112236 124345 335 10227 8162 2065 160
internal_count=359800 291568 145784 68232 10339 21439 4461 4266 663 195 145784 112236 124345 335 10227 8162 2065 160
is_linear=0
shrinkage=0.0229654


Tree=190
num_leaves=19
num_cat=0
split_feature=35 6 7 32 26 4 0 23 18 14 7 12 14 35 24 36 29 7
split_gain=206.68 25.8816 24.8106 32.8989 24.6554 24.3844 27.2506 19.3944 28.5249 27.3176 22.9881 15.5301 15.2618 13.9489 13.8319 13.1316 13.8222 12.8955
threshold=31664.000000000004 1.0000000180025095e-35 -0.70710678118654735 28.593750000000011 19.946614583333339 11.500000000000002 34.500000000000007 1.7250000000000021 0.014375000000000002 86.812500000000014 -0.5 13.731250000000005 61.812500000000007 19508.500000000004 -1.3249999999999993 36853.500000000007 510.63125000000008 -0.32075123873380551
decision_type=2 2 2 2 2 2 2 2 2 2 2 2 2 2 2 2 2 2
left_child=4 2 -2 15 7 -3 -7 8 17 10 12 -6 14 -13 -10 16 -4 -1
right_child=1 5 3 -5 11 6 -8 -9 9 -11 -12 13 -14 -15 -16 -17 -18 -19
leaf_value=6.8185476853642211 38.593206370616457 -0.23278874701206337 4.4869420383608061 -45.087835622305654 -10.629157589750552 -2.8641009123601742 -57.160677259534197 -1.4271900500432626 -15.14556522336752 2.5002349040030509 -3.1702576456356217 -1.1709567116298885 4.2899686159838648 11.044668899971478 0.78037332229045298 46.680076474773763 26.197343096833706 1.9359285803556099
leaf_weight=22832 36184 320 14900 69 75 72 88 71749 1558 37764 42505 3043 16346 12204 2799 7824 10135 79333
leaf_count=22832 36184 320 14900 69 75 72 88 71749 1558 37764 42505 3043 16346 12204 2799 7824 10135 79333
internal_value=0.000458415 0.00158242 0.00161933 0.0011632 0.000188878 -0.00373188 -0.0110521 0.000138902 0.000253546 -2.01969e-05 -0.000312174 0.00108547 0.000315368 0.00113675 -0.000892367 0.00119646 0.000939807 0.000524092
internal_weight=359800 69592 69112 32928 290208 480 160 274886 203137 100972 63208 15322 20703 15247 4357 32859 25035 102165
internal_count=359800 69592 69112 32928 290208 480 160 274886 203137 100972 63208 15322 20703 15247 4357 32859 25035 102165
is_linear=0
shrinkage=0.0229654


Tree=191
num_leaves=19
num_cat=0
split_feature=37 37 15 11 36 26 37 11 35 3 37 35 27 35 37 36 35 36
split_gain=304.153 46.9025 29.4707 25.8259 20.3873 18.4736 17.2618 16.6026 14.3242 23.4719 15.6512 14.6577 14.6502 14.2098 17.7138 18.2361 13.8406 13.0168
threshold=32034.330985655582 23737.101329373709 11.531250000000004 108.00000000000001 24825.500000000004 10.247005208333336 35034.858621994994 132.00000000000003 34388.000000000007 1.5000000000000002 29434.265035654997 25257.500000000004 3.8784598214285726 24939.500000000004 20825.599656332084 20762.500000000004 21360.500000000004 34381.500000000007
decision_type=2 2 2 2 2 2 2 2 2 2 2 2 2 2 2 2 2 2
left_child=1 4 3 -3 7 8 -2 13 10 -10 11 -4 -13 14 16 -16 -1 -14
right_child=6 2 5 -5 -6 -7 -8 -9 9 -11 -12 12 17 -15 15 -17 -18 -19
leaf_value=0.016616680597208552 20.928497566348828 9.0974807962756898 3.1007755301560702 1.9829365275827939 -6.3204696196575707 3.3137928073714487 75.237725497796305 -3.0471193808117163 -35.978123528224963 -11.346517290902025 7.1768352419201662 -3.5345362845146919 -19.355072932694636 -5.3130622170600965 9.1494953000776675 0.9898705123257554 -5.0576849249426932 -58.118405718397355
leaf_weight=43370 26854 39092 8790 24306 11105 44643 38290 33506 142 1036 11148 19063 1309 5000 10352 33723 7880 191
leaf_count=43370 26854 39092 8790 24306 11105 44643 38290 33506 142 1036 11148 19063 1309 5000 10352 33723 7880 191
internal_value=0.00045484 0.000140884 0.000425961 0.000801931 -0.000153603 0.000149836 0.00187491 -7.51436e-05 -0.000197866 -0.00269424 -0.000125258 -0.000403477 -0.000739007 7.26791e-05 0.000135275 0.000472856 -0.000155044 -0.00292426
internal_weight=359800 294656 149720 63398 144936 86322 65144 133831 41679 1178 40501 29353 20563 100325 95325 44075 51250 1500
internal_count=359800 294656 149720 63398 144936 86322 65144 133831 41679 1178 40501 29353 20563 100325 95325 44075 51250 1500
is_linear=0
shrinkage=0.0229654


Tree=192
num_leaves=19
num_cat=0
split_feature=37 37 15 10 37 11 36 27 6 7 27 13 36 10 37 11 37 1
split_gain=297.933 40.9084 29.1053 24.8085 24.4842 19.7731 19.4108 18.3719 16.7729 20.1665 20.2029 19.6853 18.3466 16.2205 19.589 15.8405 15.6136 15.0995
threshold=31462.010697715847 23737.101329373709 9.8062500000000021 1.0000000180025095e-35 34421.048494538794 108.00000000000001 24825.500000000004 2.4156063988095249 1.0000000180025095e-35 0.25881904510252096 -2.5879092261904746 6.7062500000000016 28648.500000000004 -0.68301270189221952 18031.999696501833 132.00000000000003 27976.737459534634 2.5000000000000004
decision_type=2 2 2 2 2 2 2 2 2 2 2 2 2 2 2 2 2 2
left_child=1 6 5 16 -2 -3 15 8 -5 10 -10 -12 -11 -8 -15 -1 -4 -16
right_child=4 2 3 7 -6 -7 13 -9 9 12 11 -13 -14 14 17 -17 -18 -19
leaf_value=0.30261401789387493 15.743978303594918 10.039240278389956 2.4701306653676922 0.9304368579993556 65.233650209761933 2.7629245921068302 0.93035864401388324 -8.0426860318074436 -37.387391857175629 -21.850924978345681 23.643149403242671 -62.292094304463262 -8.0698550605537829 -21.551834289104725 1.69577939598317 -2.9771410381726802 13.813340054138603 -12.205217225839519
leaf_weight=100325 26892 25793 42911 37759 43909 16618 3874 10188 130 159 648 61 199 84 1618 33506 9597 5529
leaf_count=100325 26892 25793 42911 37759 43909 16618 3874 10188 130 159 648 61 199 84 1618 33506 9597 5529
internal_value=0.000449862 0.000122766 0.000396825 0.000185979 0.00178502 0.000902187 -0.000149642 -0.000184867 4.22098e-05 -0.00263421 -0.000687046 0.000838934 -0.00719754 -0.00107227 -0.0017147 -7.30844e-05 0.000533066 -0.00158512
internal_weight=359800 288999 144063 101652 70801 42411 144936 49144 38956 1197 839 709 358 11105 7231 133831 52508 7147
internal_count=359800 288999 144063 101652 70801 42411 144936 49144 38956 1197 839 709 358 11105 7231 133831 52508 7147
is_linear=0
shrinkage=0.0229654


Tree=193
num_leaves=19
num_cat=0
split_feature=37 37 26 35 37 26 35 35 10 37 35 3 11 13 25 8 8 27
split_gain=294.295 52.0414 28.2356 26.9639 27.1297 22.2293 21.7568 17.3937 16.6946 16.6553 16.0512 35.0391 14.4052 13.8945 13.8575 13.8107 14.4823 13.5812
threshold=32659.076238648933 27736.99555956195 19.946614583333339 28274.500000000004 22421.220383782642 10.47330729166667 21865.500000000004 22354.500000000004 -0.9330127018922193 16571.864639373602 34388.000000000007 1.5000000000000002 108.00000000000001 12.481250000000003 3.1252604166666669 -0.5 0.99572243068690536 -1.0000000180025095e-35
decision_type=2 2 2 2 2 2 2 2 2 2 2 2 2 2 2 2 2 2
left_child=1 2 3 4 7 10 -6 12 -5 -4 17 -12 -1 -11 -14 -8 -17 -3
right_child=-2 5 9 8 6 -7 15 -9 -10 13 11 -13 14 -15 -16 16 -18 -19
leaf_value=0.30644998920659189 42.752410162495664 10.499659093952152 -13.248728012306159 -32.866000279911312 12.532224923152079 12.894534809035401 -2.6422944577135543 -4.8366960141963622 -5.5697245313676547 -11.863813592563586 -47.006949921069456 -4.5054532578002293 -22.73326248455631 7.462449451526151 -2.637035495048456 2.1248699177508921 -4.6230950622561453 1.1612480204049749
leaf_weight=53241 59446 17601 123 420 13270 21366 25610 16232 9966 67 129 2338 165 13889 31997 72249 3651 18040
leaf_count=53241 59446 17601 123 420 13270 21366 25610 16232 9966 67 129 2338 165 13889 31997 72249 3651 18040
internal_value=0.00044584 0.000153641 3.43231e-06 -5.85169e-05 -3.66097e-06 0.000762013 0.000238298 -0.000276913 -0.00120156 0.00100138 0.000429562 -0.00136191 -0.000145935 0.00107554 -0.000529685 0.000123978 0.000279579 0.000553564
internal_weight=359800 300354 240880 226801 216415 59474 114780 101635 10386 14079 38108 2467 85403 13956 32162 101510 75900 35641
internal_count=359800 300354 240880 226801 216415 59474 114780 101635 10386 14079 38108 2467 85403 13956 32162 101510 75900 35641
is_linear=0
shrinkage=0.0229654


Tree=194
num_leaves=19
num_cat=0
split_feature=35 11 15 7 5 32 15 6 4 29 30 4 8 26 7 33 8 30
split_gain=194.593 33.8229 47.2918 24.9844 32.0695 27.4804 19.8889 19.5284 38.8521 19.1617 23.353 21.9625 18.7784 21.294 18.6139 16.9047 16.7509 15.7651
threshold=31664.000000000004 84.000000000000014 18.668750000000006 -0.70710678118654735 1.0000000180025095e-35 28.593750000000011 7.4562500000000016 1.0000000180025095e-35 11.500000000000002 61.943750000000001 210.00625000000005 6.5000000000000009 -0.70710678118654757 18.441536458333335 0.75023006073889154 0.39930555555555564 -0.065263096110025884 35.031250000000007
decision_type=2 2 2 2 2 2 2 2 2 2 2 2 2 2 2 2 2 2
left_child=1 2 6 7 5 -5 -1 -2 -9 10 17 -12 -3 -14 -6 -16 -10 -4
right_child=3 12 9 4 14 -7 -8 8 16 -11 11 -13 13 -15 15 -17 -18 -19
leaf_value=6.6843324527689996 36.266946453882099 -4.6444370761497051 -16.552825481230091 25.074881215914274 1.0955006975280586 -44.457493945659472 2.478541812185358 21.269131441078564 -14.458966518095327 -1.1200743025403512 -29.554930370816294 15.131902054098788 -0.20498023496901935 6.1615118211905129 -29.863470112100625 -2.4257013842858486 -56.264907352967391 0.083818596378368221
leaf_weight=22156 36184 33336 1680 25539 6512 69 101162 248 64 17203 459 151 100480 11288 390 514 72 2293
leaf_count=22156 36184 33336 1680 25539 6512 69 101162 248 64 17203 459 151 100480 11288 390 514 72 2293
internal_value=0.000441947 0.00018041 0.000428338 0.00153259 0.0010747 0.00145982 0.0006026 0.00194611 -0.00320559 -0.00055806 -0.00187762 -0.00606136 -6.75173e-05 7.51624e-05 -0.000255171 -0.00334319 -0.01307 -0.00123526
internal_weight=359800 290208 145104 69592 33024 25608 123318 36568 384 21786 4583 610 145104 111768 7416 904 136 3973
internal_count=359800 290208 145104 69592 33024 25608 123318 36568 384 21786 4583 610 145104 111768 7416 904 136 3973
is_linear=0
shrinkage=0.0229654


Tree=195
num_leaves=19
num_cat=0
split_feature=35 11 6 16 19 9 0 3 32 8 31 0 3 34 24 3 27 3
split_gain=190.125 33.2767 23.1617 21.809 21.5137 21.3906 19.4208 29.983 21.1681 17.7198 16.1334 15.7494 13.7211 24.0017 26.2234 24.5059 19.7199 17.6275
threshold=32660.500000000004 84.000000000000014 1.0000000180025095e-35 509.81250000000006 11.556250000000002 0.25000000000000011 30.500000000000004 4.5000000000000009 12.500000000000002 -0.70710678118654757 213.18125000000006 17.500000000000004 2.5000000000000004 0.17708333333333334 -4.3062499999999995 4.5000000000000009 -2.4658296130952375 3.5000000000000004
decision_type=2 2 2 2 2 2 2 2 2 2 2 2 2 2 2 2 2 2
left_child=1 4 3 6 10 -4 7 8 -2 -3 12 -9 -1 -14 15 -15 17 -16
right_child=2 9 5 -5 -6 -7 -8 11 -10 -11 -12 -13 13 14 16 -17 -18 -19
leaf_value=3.434184675271247 33.006981004905604 -4.1906202031196065 -37.15918679972247 -34.128422991861243 11.317479654635063 -6.0876791598672337 38.138042772678489 -18.237554991402515 -31.120999475235962 0.58908536233669828 7.9998789500465568 0.91675782895701308 1.3836410834561006 -18.391701941190046 -22.350355935325204 0.87195657783817937 -0.59858826159073553 -3.2745982512685048
leaf_weight=57185 19281 35068 96 80 9200 192 34671 736 65 114876 8460 4791 64875 228 659 147 7478 1712
leaf_count=57185 19281 35068 96 80 9200 192 34671 736 65 114876 8460 4791 64875 228 659 147 7478 1712
internal_value=0.000435819 0.000199858 0.00161692 0.0016483 0.000441775 -0.00488015 0.0016644 0.00117472 0.00160091 -4.20576e-05 0.000371444 -0.000317036 0.000309263 0.000105165 -0.000929039 -0.00688962 -0.00070209 -0.00252707
internal_weight=359800 299888 59912 59624 149944 288 59544 24873 19346 149944 140744 5527 132284 75099 10224 375 9849 2371
internal_count=359800 299888 59912 59624 149944 288 59544 24873 19346 149944 140744 5527 132284 75099 10224 375 9849 2371
is_linear=0
shrinkage=0.0229654


Tree=196
num_leaves=19
num_cat=0
split_feature=37 37 15 26 26 36 21 30 37 12 23 37 37 0 36 37 4 36
split_gain=286.947 51.5886 30.3121 20.6744 20.3157 19.1424 19.4079 22.8961 17.45 17.2475 17.1418 16.103 14.7915 14.0401 16.4787 13.9163 13.6769 13.2708
threshold=32810.018203595908 27508.88673103532 6.918750000000002 19.608203125000003 10.47330729166667 28384.500000000004 5.6686197916666679 1280.6937500000004 23478.941376416547 13.668750000000003 -0.29999999999999954 16571.864639373602 19975.385879885547 4.5000000000000009 21132.500000000004 35190.496756701024 11.500000000000002 23203.500000000004
decision_type=2 2 2 2 2 2 2 2 2 2 2 2 2 2 2 2 2 2
left_child=1 2 12 5 10 8 7 -7 13 -5 16 -11 -1 -4 -15 -2 -3 -10
right_child=15 4 3 9 -6 6 -8 -9 17 11 -12 -13 -14 14 -16 -17 -18 -19
leaf_value=-1.1509100574920463 22.553634724905148 11.16194432952417 1.3016575493528897 -12.021799779115652 11.56464234527421 -37.822560494945868 -5.0464743227586082 -13.781575156289737 6.8081246479478237 -11.356771809064661 0.057267297355409995 5.8854350717981454 5.7119191196681598 -0.5496648127397501 -3.4830483680863895 72.020148041332746 -10.57147451643076 0.094074757725886471
leaf_weight=6363 21221 15330 16884 63 23906 172 8337 667 13193 140 23722 12369 22730 50342 43893 36831 2053 61584
leaf_count=6363 21221 15330 16884 63 23906 172 8337 667 13193 140 23722 12369 22730 50342 43893 36831 2053 61584
internal_value=0.000431415 0.000146949 -1.04089e-05 -0.00010768 0.000719967 -0.000165855 -0.00118982 -0.00451918 -0.000115311 0.000794985 0.000410366 0.000855351 0.000683839 -0.000297838 -0.000407107 0.00191004 0.000958224 0.000155924
internal_weight=359800 301748 236737 207644 65011 195072 9176 839 185896 12572 41105 12509 29093 111119 94235 58052 17383 74777
internal_count=359800 301748 236737 207644 65011 195072 9176 839 185896 12572 41105 12509 29093 111119 94235 58052 17383 74777
is_linear=0
shrinkage=0.0229654


Tree=197
num_leaves=19
num_cat=0
split_feature=7 16 26 16 16 26 3 6 10 16 22 27 6 10 3 12 3 10
split_gain=92.5436 84.28 45.5038 28.4253 22.5951 21.1088 20.6624 20.6074 19.8756 27.3349 18.3407 29.6806 15.4557 24.5423 18.2509 20.1728 14.9917 14.0908
threshold=-0.70710678118654735 129.18750000000003 5.2191406250000005 167.06250000000003 0.56250000000000011 18.853515625000004 3.5000000000000004 1.0000000180025095e-35 -0.68301270189221952 4.0625000000000009 3.6414496527777787 6.3151971726190483 1.0000000180025095e-35 0.93301270189221952 2.5000000000000004 4.2062500000000016 3.5000000000000004 0.6830127018922193
decision_type=2 2 2 2 2 2 2 2 2 2 2 2 2 2 2 2 2 2
left_child=1 8 7 4 5 10 -6 -2 9 -1 11 17 -10 -14 -15 -16 -3 -4
right_child=2 16 3 -5 6 -7 -8 -9 12 -11 -12 -13 13 14 15 -17 -18 -19
leaf_value=-32.832058624451612 10.946303834761201 7.0906725199052039 5.3025400972631305 -2.4037876136526997 7.6937445039104144 6.2927046395722268 0.67977820636487307 -11.170875135904575 26.859958725331882 3.9814042283829534 0.12099979365866304 -21.86150823132111 17.94798849935405 -65.896844255654699 -40.994910435377705 38.627782458265031 -1.192053135074858 -14.690646594406619
leaf_weight=338 34578 22971 696 61031 32148 7503 24356 1097 44201 3962 107013 192 607 96 104 184 17489 1234
leaf_count=338 34578 22971 696 61031 32148 7503 24356 1097 44201 3962 107013 192 607 96 104 184 17489 1234
internal_value=0.000426756 0.00106468 0.000214107 9.77075e-05 0.000247929 6.53298e-05 0.000624859 0.000978162 0.00170027 0.000208291 -1.5677e-05 -0.00212987 0.00184223 -0.000994163 -0.00553801 -0.0026474 0.00028721 -0.00127321
internal_weight=359800 89952 269848 234173 173142 116638 56504 35675 49492 4300 109135 2122 45192 991 384 288 40460 1930
internal_count=359800 89952 269848 234173 173142 116638 56504 35675 49492 4300 109135 2122 45192 991 384 288 40460 1930
is_linear=0
shrinkage=0.0229654


Tree=198
num_leaves=19
num_cat=0
split_feature=37 37 15 35 37 23 35 37 25 23 22 9 37 37 35 21 10 35
split_gain=282.601 48.7464 29.456 22.7964 22.9386 20.0014 18.3114 22.4334 17.3323 16.8301 16.6733 14.7469 14.686 14.3059 14.144 18.6855 13.7753 12.9046
threshold=32810.018203595908 27899.708278299851 6.918750000000002 28274.500000000004 23634.054453938876 3.3000000000000025 25257.500000000004 25822.820239056793 4.1111979166666677 -5.6499999999999968 10.217057291666668 -0.5 35683.73035002665 19975.385879885547 31391.500000000004 8.7402343750000018 0.93301270189221952 36682.500000000007
decision_type=2 2 2 2 2 2 2 2 2 2 2 2 2 2 2 2 2 2
left_child=1 2 13 4 9 10 -6 -8 -7 -4 -3 -5 16 -1 -13 -16 -2 -18
right_child=12 5 3 11 6 8 7 -9 -10 -11 -12 14 -14 -15 15 -17 17 -19
leaf_value=-1.1307992676278411 27.75950874999965 5.1047346213746101 4.3656773009548839 1.2784804414327446 4.958790336635678 -19.641455954478968 -3.4779897513559179 2.7359052428027932 -3.3405860988723086 -1.39393483164103 13.574537914525461 -6.871570774674888 78.285986389602272 5.6341279279228296 -19.154302690161266 -45.089523218496424 9.6892237161036388 -16.299147124874466
leaf_weight=6363 20647 34175 5407 3141 38830 257 18169 23259 4054 117416 19529 6944 32644 23424 629 151 4007 754
leaf_count=6363 20647 34175 5407 3141 38830 257 18169 23259 4054 117416 19529 6944 32644 23424 629 151 4007 754
internal_value=0.000422479 0.000140176 -2.23301e-06 -9.6436e-05 -4.16039e-05 0.000738464 0.000260335 -7.55017e-05 -0.000766579 -0.000238904 0.000859279 -0.00112132 0.00188986 0.000674383 -0.00166086 -0.00459308 0.00147583 0.000362256
internal_weight=359800 301748 243733 213946 203081 58015 80258 41428 4311 122823 53704 10865 58052 29787 7724 780 25408 4761
internal_count=359800 301748 243733 213946 203081 58015 80258 41428 4311 122823 53704 10865 58052 29787 7724 780 25408 4761
is_linear=0
shrinkage=0.0229654


Tree=199
num_leaves=19
num_cat=0
split_feature=7 10 26 15 1 3 32 26 26 14 10 32 21 30 26 8 7 3
split_gain=90.6644 61.1052 43.8131 31.2443 26.1497 18.7394 25.3624 27.9483 20.8673 20.6089 18.0174 20.6926 28.2461 21.3131 18.0634 17.3231 18.3502 17.0465
threshold=-0.70710678118654735 1.0000000180025095e-35 5.2191406250000005 8.7437500000000021 17.500000000000004 4.5000000000000009 152.13125000000005 17.182682291666669 8.0907552083333361 86.812500000000014 0.6830127018922193 0.087500000000001257 10.587109375000002 301.58125000000013 6.5186197916666684 0.44134171618254503 0.13052619222005182 3.5000000000000004
decision_type=2 2 2 2 2 2 2 2 2 2 2 2 2 2 2 2 2 2
left_child=1 4 -2 -4 -1 8 7 9 -5 10 11 12 14 -13 15 16 -7 -6
right_child=2 -3 3 5 17 6 -8 -9 -10 -11 -12 13 -14 -15 -16 -17 -18 -19
leaf_value=-0.68646657527240118 9.1827182905235247 26.557705555739993 2.9713237554549017 6.124529374120983 12.97073491738265 -18.2406646085978 1.9426659134539619 -21.320848881411163 -0.29682619842874247 0.96529683608104266 0.68851931282898116 -11.052752390146452 -16.470919589213132 0.74531446303304716 -5.1452033521828833 -0.92551182245874042 -35.708790349490208 1.1456585836816713
leaf_weight=23136 35675 43680 59647 24133 13248 455 13096 315 99632 10907 5406 3246 2419 6541 7125 555 696 9888
leaf_count=23136 35675 43680 59647 24133 13248 455 13096 315 99632 10907 5406 3246 2419 6541 7125 555 696 9888
internal_value=0.000420245 0.00105166 0.000209767 9.55499e-05 0.000470108 -5.953e-05 -0.000431113 -0.000733808 9.28711e-05 -0.000676357 -0.00102282 -0.0013267 -0.0019985 -0.000554483 -0.00139623 -0.00351885 -0.00512582 0.00101605
internal_weight=359800 89952 269848 234173 46272 174526 50761 37665 123765 37350 26443 21037 11250 9787 8831 1706 1151 23136
internal_count=359800 89952 269848 234173 46272 174526 50761 37665 123765 37350 26443 21037 11250 9787 8831 1706 1151 23136
is_linear=0
shrinkage=0.0229654


Tree=200
num_leaves=19
num_cat=0
split_feature=37 37 15 35 37 35 31 23 37 15 6 4 16 22 35 9 35 35
split_gain=279.822 45.711 27.5104 21.0311 21.6518 20.5153 17.839 15.4804 15.3092 14.9464 14.9031 17.942 15.4691 22.5424 15.9765 14.0552 13.9007 13.7023
threshold=32810.018203595908 27899.708278299851 6.918750000000002 28274.500000000004 22905.088031179152 32374.500000000004 29.774999999999991 -5.6499999999999968 35683.73035002665 15.956250000000004 1.0000000180025095e-35 11.500000000000002 123.06250000000001 13.33715277777778 34388.000000000007 0.93301270189221952 22354.500000000004 30749.500000000004
decision_type=2 2 2 2 2 2 2 2 2 2 2 2 2 2 2 2 2 2
left_child=1 2 -1 4 7 9 -6 -4 -2 -3 12 -12 -7 14 -14 -5 -9 -17
right_child=8 5 3 15 6 10 -8 16 -10 -11 11 -13 13 -15 -16 17 -18 -19
leaf_value=3.5116181857211313 23.199374922407724 12.015349635891686 4.0626089336695355 -3.8941011856062131 -0.11379414472526198 3.191837817017023 3.9956098083496481 -0.86571300509192983 76.021372800085445 3.2148600850240867 -0.69245857658172971 -41.894558296174097 -0.39619165097292686 -32.513485984779514 -23.54391315135933 -8.1500953426094913 -4.3315973588643688 -36.905039805480826
leaf_weight=29787 25408 33547 4921 8970 64307 7493 33414 79089 32644 13858 131 108 1998 87 793 1379 21350 516
leaf_count=29787 25408 33547 4921 8970 64307 7493 33414 79089 32644 13858 131 108 1998 87 793 1379 21350 516
internal_value=0.000413097 0.000132184 -5.71929e-06 -9.67581e-05 -4.40917e-05 0.000711546 0.000202132 -0.000272463 0.00187325 0.000915855 -0.000201299 -0.00587107 -7.06389e-05 -0.00150177 -0.00114292 -0.00108116 -0.000334081 -0.00287825
internal_weight=359800 301748 243733 213946 203081 58015 97721 105360 58052 47405 10610 239 10371 2878 2791 10865 100439 1895
internal_count=359800 301748 243733 213946 203081 58015 97721 105360 58052 47405 10610 239 10371 2878 2791 10865 100439 1895
is_linear=0
shrinkage=0.0229654


Tree=201
num_leaves=19
num_cat=0
split_feature=37 37 26 35 37 35 26 15 37 23 35 4 4 6 35 24 35 21
split_gain=275.38 52.0155 26.6421 22.5628 24.4707 23.0858 19.3287 19.2395 16.791 16.0634 15.1662 14.7734 14.7073 21.7508 21.0432 14.5347 15.0651 19.3902
threshold=33467.892597773149 27899.708278299851 19.946614583333339 28274.500000000004 22090.039410927366 21360.500000000004 10.47330729166667 6.918750000000002 19574.565316963995 -0.29999999999999954 22711.500000000004 7.5000000000000009 11.500000000000002 1.0000000180025095e-35 29383.500000000004 -0.84999999999999931 31538.000000000004 8.5368489583333353
decision_type=2 2 2 2 2 2 2 2 2 2 2 2 2 2 2 2 2 2
left_child=1 2 3 4 10 -6 9 -7 -4 12 -1 15 -3 -14 -15 -5 -17 -18
right_child=-2 6 8 11 5 7 -8 -9 -10 -11 -12 -13 13 14 -16 16 17 -19
leaf_value=-0.82354307850011299 45.788619314646894 11.668549117335381 -2.5645425452827819 -19.683251589956853 13.24835190529377 6.6676837877850952 12.215111084673255 -0.041436810912582417 9.2449119880538007 0.70142138685130062 -5.8186027970325895 0.39110935955417092 -0.27643831111714123 8.0054578494018589 -65.116993577067305 -4.035407277532844 -11.075821713130717 -44.498050242742529
leaf_weight=84052 52382 15311 2726 1908 12014 12382 21094 99856 11482 25090 9794 4040 1985 94 111 4970 371 138
leaf_count=84052 52382 15311 2726 1908 12014 12382 21094 99856 11482 25090 9794 4040 1985 94 111 4970 371 138
internal_value=0.000409714 0.000147451 -5.24817e-06 -6.49864e-05 -1.28674e-05 0.000198544 0.000731857 9.61275e-05 0.000959802 0.000450293 -0.000292775 -0.00105974 0.000984307 -0.000776 -0.00789786 -0.00167041 -0.00106926 -0.00483221
internal_weight=359800 307418 243733 229525 218098 124252 63685 112238 14208 42591 93846 11427 17501 2190 205 7387 5479 509
internal_count=359800 307418 243733 229525 218098 124252 63685 112238 14208 42591 93846 11427 17501 2190 205 7387 5479 509
is_linear=0
shrinkage=0.0229654


Tree=202
num_leaves=19
num_cat=0
split_feature=37 37 31 35 37 10 35 37 8 4 6 35 1 35 37 4 37 6
split_gain=270.42 49.8393 23.0258 19.4456 23.6854 18.4068 18.2241 19.7868 17.8532 20.8358 27.1256 39.9452 16.2804 16.0017 15.5177 15.0501 14.6772 14.6628
threshold=33467.892597773149 28146.982781622504 200.68125000000001 28274.500000000004 23834.951018298565 -0.9330127018922193 25257.500000000004 25822.820239056793 -0.5 11.500000000000002 1.0000000180025095e-35 29383.500000000004 1.5000000000000002 22354.500000000004 22202.067321382412 2.5000000000000004 19574.565316963995 1.0000000180025095e-35
decision_type=2 2 2 2 2 2 2 2 2 2 2 2 2 2 2 2 2 2
left_child=1 2 3 4 12 -5 -6 17 -3 -10 -11 -12 -1 14 -14 -15 -4 -8
right_child=-2 8 16 5 6 -7 7 -9 9 10 11 -13 13 15 -16 -17 -18 -19
leaf_value=1.8276018363365321 44.737064947743384 2.681730634966772 -2.2114412819616529 -31.482704437148293 5.6176271098155706 -4.4606624731795517 -2.6661405415638213 2.605218238592439 11.831114863141433 -0.26902353442500582 54.786011828641655 -62.602050097293485 -1.0844430077211933 3.2393935735932446 5.1865075562174807 -4.6458712832777049 7.3718059588623923 -17.184977370992421
leaf_weight=20035 52382 25054 3084 440 37824 12668 17651 26680 31700 2438 146 146 68059 3330 12000 31927 13964 272
leaf_count=20035 52382 25054 3084 440 37824 12668 17651 26680 31700 2438 146 146 68059 3330 12000 31927 13964 272
internal_value=0.000407416 0.000147526 4.29798e-06 -5.58404e-05 -4.13368e-06 -0.000914902 0.000302771 -1.16878e-05 0.000744511 0.0010839 -0.000841224 -0.00745589 -0.000191035 -0.000296019 -0.000116492 -0.000703677 0.000818769 -0.000601844
internal_weight=359800 307418 247934 230886 217778 13108 82427 44603 59484 34430 2730 292 135351 115316 80059 35257 17048 17923
internal_count=359800 307418 247934 230886 217778 13108 82427 44603 59484 34430 2730 292 135351 115316 80059 35257 17048 17923
is_linear=0
shrinkage=0.0229654


Tree=203
num_leaves=19
num_cat=0
split_feature=35 11 15 7 3 29 27 32 22 3 15 26 7 33 36 10 22 22
split_gain=174.033 34.9071 42.3854 23.2729 30.1088 19.0252 26.9083 26.0367 24.107 33.5301 17.4845 14.8083 14.4056 15.2771 14.8735 29.4145 23.5848 22.8005
threshold=33092.000000000007 84.000000000000014 18.668750000000006 -0.65793410509763395 4.5000000000000009 61.943750000000001 -4.0730282738095234 692.28125000000011 14.525737847222222 3.5000000000000004 6.668750000000002 20.159505208333339 0.75023006073889154 0.37847222222222227 31379.500000000004 0.93301270189221952 7.3659288194444459 5.3467447916666684
decision_type=2 2 2 2 2 2 2 2 2 2 2 2 2 2 2 2 2 2
left_child=1 2 10 -2 -5 6 7 -4 9 -8 -1 -3 14 -14 -6 -16 17 -17
right_child=3 11 5 4 12 -7 8 -9 -10 -11 -12 -13 13 -15 15 16 -18 -19
leaf_value=7.1155214797008535 37.01439131560992 -0.66331845378184051 -34.13489972619579 27.511988074249331 13.265079442415228 -0.82495440105846707 -0.91365667968033237 10.97467156794046 -3.4147113636676378 -30.718096328107215 2.6038648300167284 8.031262700445911 -30.706306183861415 -5.6782919527349929 -2.6973017744290768 -24.48456395927483 -28.417907684985817 7.8652377450656559
leaf_weight=15966 32496 145682 137 18240 2320 18559 338 62 3719 339 112920 6358 223 417 1760 63 76 125
leaf_count=15966 32496 145682 137 18240 2320 18559 338 62 3719 339 112920 6358 223 417 1760 63 76 125
internal_value=0.000406075 0.000189868 0.000435926 0.00158598 0.00103079 -0.000468751 -0.00179175 -0.0100517 -0.00141784 -0.00540382 0.000598448 -5.61899e-05 -0.000551096 -0.00376776 -7.71857e-05 -0.0015159 -0.00866422 -0.00429991
internal_weight=359800 304080 152040 55720 23224 23154 4595 199 4396 677 128886 152040 4984 640 4344 2024 264 188
internal_count=359800 304080 152040 55720 23224 23154 4595 199 4396 677 128886 152040 4984 640 4344 2024 264 188
is_linear=0
shrinkage=0.0229654


Tree=204
num_leaves=19
num_cat=0
split_feature=37 37 36 22 37 35 37 36 36 16 35 3 22 27 10 35 37 36
split_gain=266.556 47.722 24.5141 34.2396 29.6078 21.7271 18.7089 23.5965 18.2264 19.7233 23.3043 23.585 21.4419 17.4429 18.5202 17.0319 17.2828 23.6009
threshold=33467.892597773149 27508.88673103532 27231.500000000004 10.73559027777778 23834.951018298565 25257.500000000004 25583.618629345867 23776.500000000004 27598.000000000004 129.18750000000003 34388.000000000007 1.5000000000000002 8.6250434027777789 -2.3872209821428547 0.93301270189221952 24939.500000000004 20355.288483892313 20762.500000000004
decision_type=2 2 2 2 2 2 2 2 2 2 2 2 2 2 2 2 2 2
left_child=1 2 4 -4 15 -6 7 -7 -3 12 -11 -12 -10 -13 -15 16 -1 -18
right_child=-2 8 3 -5 5 6 -8 -9 9 10 11 13 -14 14 -16 -17 17 -19
leaf_value=-1.5511963720211484 43.0735167891809 17.29623690192928 -9.3033351990241382 1.5204647441453285 7.4059086320480683 6.075013212664369 3.7965779390550569 -5.1401764235497662 1.7845524660367609 0.23984167123062533 -41.753769099676859 -28.16320307638464 10.785557752783278 3.5187099823764418 -27.476663166700352 -6.0390070759713108 5.1977943189643208 -0.35726694804536607
leaf_weight=57950 52382 13554 11846 9479 32407 6026 20750 10114 19864 15735 208 61 20583 615 61 8229 19314 60622
leaf_count=57950 52382 13554 11846 9479 32407 6026 20750 10114 19864 15735 208 61 20583 615 61 8229 19314 60622
internal_value=0.000399501 0.000141475 -1.48713e-05 -0.000757616 5.86578e-05 0.000449618 6.84792e-05 -0.000517931 0.000665136 0.000485503 -0.000178987 -0.00368176 0.000759533 -0.00175435 -0.000693039 -0.00012676 -6.61883e-05 0.000152727
internal_weight=359800 307418 236737 21325 215412 69297 36890 16140 70681 57127 16680 945 40447 737 676 146115 137886 79936
internal_count=359800 307418 236737 21325 215412 69297 36890 16140 70681 57127 16680 945 40447 737 676 146115 137886 79936
is_linear=0
shrinkage=0.0229654


Tree=205
num_leaves=19
num_cat=0
split_feature=36 3 1 4 27 3 13 3 7 7 6 6 10 3 12 1 30 1
split_gain=153.311 22.8014 24.1237 41.5947 25.5073 34.1329 27.314 23.1535 23.0235 22.6928 26.3602 20.9368 22.7681 23.6567 49.7954 30.2929 33.292 20.159
threshold=32952.500000000007 4.5000000000000009 16.500000000000004 11.500000000000002 1.2241443452380969 1.0000000180025095e-35 0.25625000000000014 1.5000000000000002 -0.065263096110025953 -0.70710678118654735 1.0000000180025095e-35 1.0000000180025095e-35 0.25000000000000017 1.0000000180025095e-35 15.231250000000005 4.5000000000000009 1702.23125 3.5000000000000004
decision_type=2 2 2 2 2 2 2 2 2 2 2 2 2 2 2 2 2 2
left_child=1 2 11 8 6 -6 7 -5 -4 10 -2 12 -1 14 15 16 -14 -3
right_child=9 17 3 4 5 -7 -8 -9 -10 -11 -12 -13 13 -15 -16 -17 -18 -19
leaf_value=0.23092296925438358 35.018244673214205 2.7067980249171937 6.9773123316465337 3.7179815407295935 20.94963070846617 -37.370106165939895 3.7249686677506375 -22.099975525711979 -2.6056971520378043 13.929044450915958 -41.342105142485906 -4.7778083649249732 -3.2253101241626791 6.9188716724289927 -27.407861625790389 15.889463738413443 -20.241638557012298 -1.4361358321242605
leaf_weight=104840 30968 17080 48456 152 143 336 1232 217 5000 25720 504 5320 3323 35072 149 4341 667 76280
leaf_count=104840 30968 17080 48456 152 143 336 1232 217 5000 25720 504 5320 3323 35072 149 4341 667 76280
internal_value=0.000397778 0.000191687 0.000324844 0.000735078 -0.00245112 -0.00710058 -0.00106005 -0.0065411 0.000859055 0.00148822 0.00190177 0.000176627 0.000227376 0.000668735 -0.000419769 -0.000184418 -0.00162887 -0.000106759
internal_weight=359800 302608 209248 55536 2080 479 1601 369 53456 57192 31472 153712 148392 43552 8480 8331 3990 93360
internal_count=359800 302608 209248 55536 2080 479 1601 369 53456 57192 31472 153712 148392 43552 8480 8331 3990 93360
is_linear=0
shrinkage=0.0229654


Tree=206
num_leaves=19
num_cat=0
split_feature=37 37 36 37 13 23 10 3 30 21 30 36 3 17 16 36 1 3
split_gain=261.309 52.3628 24.6871 27.2576 25.5742 20.7559 22.5034 31.2346 19.7151 18.6289 22.5438 17.5193 17.2578 17.0066 15.6111 15.3684 13.4452 19.9649
threshold=34107.426737346999 28146.982781622504 28384.500000000004 21058.27068631602 19.231250000000006 3.3000000000000025 0.93301270189221952 2.5000000000000004 997.8687500000002 5.6686197916666679 1280.6937500000004 21250.500000000004 4.5000000000000009 71.562500000000014 121.06250000000001 30145.500000000004 3.5000000000000004 5.5000000000000009
decision_type=2 2 2 2 2 2 2 2 2 2 2 2 2 2 2 2 2 2
left_child=1 2 3 -1 11 6 14 8 -8 10 15 -5 -13 -10 -3 -4 -14 -18
right_child=-2 5 9 4 -6 -7 7 -9 13 -11 -12 12 16 -15 -16 -17 17 -19
leaf_value=-1.2599299076171255 49.864764633609433 11.72259752982524 -11.819066918839686 5.9389061443026936 9.661748572662674 -6.3699186325500641 10.660855843152504 8.5257599801775825 2.9023421781996568 -4.1279297887564299 -14.299885349990449 1.2939641324887214 2.3893594406160221 -35.514122223087369 4.0420458825211529 -44.806924571703362 -5.0818502487186432 0.27815596635411638
leaf_weight=75176 46733 38750 105 18320 14957 4768 655 3987 440 12821 1026 92645 6379 1423 15110 133 14073 12299
leaf_count=75176 46733 38750 105 18320 14957 4768 655 3987 440 12821 1026 92645 6379 1423 15110 133 14073 12299
internal_value=0.000394906 0.000155787 3.55697e-06 5.97978e-05 0.00023046 0.000735261 0.000850479 -0.000425416 -0.00242788 -0.000930193 -0.00359016 0.000136403 3.94857e-05 -0.0036328 0.00100458 -0.00995811 -0.000413645 -0.000642495
internal_weight=359800 313067 247934 233849 158673 65133 60365 6505 2518 14085 1264 143716 125396 1863 53860 238 32751 26372
internal_count=359800 313067 247934 233849 158673 65133 60365 6505 2518 14085 1264 143716 125396 1863 53860 238 32751 26372
is_linear=0
shrinkage=0.0229654


Tree=207
num_leaves=19
num_cat=0
split_feature=37 37 36 37 26 26 23 4 36 26 0 28 14 14 37 4 26 37
split_gain=256.799 44.4817 28.5669 23.1296 22.7734 19.3886 20.4631 17.4039 16.2495 14.7996 19.2887 14.5813 20.1877 19.2302 14.2687 17.2155 14.022 13.423
threshold=33467.892597773149 26074.985478570168 26113.500000000004 20825.599656332084 17.715755208333338 10.41861979166667 -0.27500000000000019 11.500000000000002 21479.500000000004 11.993098958333336 5.5000000000000009 2.4639444444444436 90.812500000000014 79.812500000000014 36373.894888711664 11.500000000000002 5.2191406250000005 23834.951018298565
decision_type=2 2 2 2 2 2 2 2 2 2 2 2 2 2 2 2 2 2
left_child=1 2 3 -1 8 6 7 -3 -5 10 -4 13 -13 16 15 -2 -9 -10
right_child=14 5 9 4 -6 -7 -8 11 17 -11 -12 12 -14 -15 -16 -17 -18 -19
leaf_value=-1.2600023736224759 28.742103955291224 7.7613023421785678 3.0630724623461001 4.3046277996786815 5.9388177791453938 6.8717724094465407 -0.9701699080846593 -27.803945833048893 -1.807509967805256 -0.84116784781027965 -10.259381825407539 -34.529306304185212 -55.305733279111777 4.1387383042075712 82.625667888563783 3.5212533918394304 1.8871246350406485 1.9542189771932041
leaf_weight=69070 20413 22969 2222 22169 20261 41542 32564 289 41895 8229 9326 300 90 2306 26990 4979 202 33984
leaf_count=69070 20413 22969 2222 22169 20261 41542 32564 289 41895 8229 9326 300 90 2306 26990 4979 202 33984
internal_value=0.000391523 0.000138263 -5.39224e-05 3.36922e-05 0.000228647 0.000535345 0.00026673 0.000745085 8.38062e-05 -0.000884035 -0.00141436 -0.00084526 -0.00500528 -0.000265206 0.00187785 0.00148707 -0.00439196 -7.59974e-05
internal_weight=359800 307418 207156 187379 118309 100262 58720 26156 98048 19777 11548 3187 390 2797 52382 25392 491 75879
internal_count=359800 307418 207156 187379 118309 100262 58720 26156 98048 19777 11548 3187 390 2797 52382 25392 491 75879
is_linear=0
shrinkage=0.0229654


Tree=208
num_leaves=19
num_cat=0
split_feature=37 37 15 36 23 37 35 37 10 22 36 16 11 22 36 36 28 23
split_gain=254.754 50.3662 25.5474 20.6367 20.076 20.0469 25.8245 22.568 19.8899 17.0928 15.5417 15.0232 14.156 13.6127 15.194 13.2855 22.127 12.1518
threshold=34107.426737346999 28146.982781622504 6.668750000000002 28384.500000000004 3.3000000000000025 25357.176074945422 25199.500000000004 22689.98080292749 0.93301270189221952 3.3818142361111119 23203.500000000004 121.06250000000001 108.00000000000001 8.5501302083333357 34381.500000000007 32663.500000000004 -3.731757305194805 -5.6499999999999968
decision_type=2 2 2 2 2 2 2 2 2 2 2 2 2 2 2 2 2 2
left_child=1 2 -1 5 8 6 7 17 11 -5 -8 12 -3 14 -10 -13 -17 -4
right_child=-2 4 3 9 -6 -7 10 -9 13 -11 -12 15 -14 -15 -16 16 -18 -19
leaf_value=3.6261493403109517 48.021432088522381 14.102447629413019 3.6553104071264464 -55.899986480665987 -6.3650081486219658 3.1977063559440615 -0.38664625733317876 2.5127291133939171 -2.8608637948784299 -5.4521562682538045 -6.4318387573465827 8.2217682717615848 5.5567290525239175 20.039421587802348 -29.779629921730194 -30.096076492854813 -4.2479368954970074 -1.266603151453924
leaf_weight=26710 46733 25299 4887 99 4768 41337 7216 47182 3791 13193 12345 11507 13451 1574 1140 97 3506 94965
leaf_count=26710 46733 25299 4887 99 4768 41337 7216 47182 3791 13193 12345 11507 13451 1574 1140 97 3506 94965
internal_value=0.000388587 0.000152486 3.18646e-06 -7.78164e-05 0.000720805 -2.17358e-05 -0.000134061 -2.97699e-05 0.00083412 -0.000955107 -0.000917982 0.000978993 0.0012185 -0.000365399 -0.000958949 0.000364772 -0.000852199 -0.000225349
internal_weight=359800 313067 247934 221224 65133 207932 166595 147034 60365 13292 19561 53860 38750 6505 4931 15110 3603 99852
internal_count=359800 313067 247934 221224 65133 207932 166595 147034 60365 13292 19561 53860 38750 6505 4931 15110 3603 99852
is_linear=0
shrinkage=0.0229654


Tree=209
num_leaves=19
num_cat=0
split_feature=37 37 26 11 8 37 35 37 35 26 14 8 37 13 14 24 35 37
split_gain=251.347 48.8667 24.6544 22.3823 20.5921 17.3037 17.1867 19.1821 16.6166 12.704 12.6343 12.2885 12.1373 11.6144 20.1962 11.3597 10.9096 12.5486
threshold=34107.426737346999 28146.982781622504 20.159505208333339 84.000000000000014 -0.5 16571.864639373602 27558.500000000004 23530.509437321645 21360.500000000004 10.47330729166667 52.312500000000007 -0.70710678118654757 21058.27068631602 13.656250000000004 76.312500000000014 6.6812500000000021 25257.500000000004 25704.880355702509
decision_type=2 2 2 2 2 2 2 2 2 2 2 2 2 2 2 2 2 2
left_child=1 2 3 6 9 -4 7 8 12 -3 -10 -5 -1 -11 -15 -6 -9 -18
right_child=-2 4 5 11 15 -7 -8 16 10 13 -12 -13 -14 14 -16 -17 17 -19
leaf_value=0.37344181971947116 46.918600263202627 -0.37996225310882525 -12.763878384160504 -6.2007446103787736 10.16227684404363 6.8632898559212201 -3.7176854806118196 7.2034934722373185 -8.204501957914033 14.18609955616631 -1.0532951499449463 -0.81420289765426701 6.5229536028136454 -33.538284108571247 -5.3052139316791873 -11.575054801065406 -2.2892135027687011 4.8498437885488395
leaf_weight=29114 46733 20745 107 25499 37140 12893 10772 22222 2568 6517 25148 92726 7819 78 431 222 8149 10917
leaf_count=29114 46733 20745 107 25499 37140 12893 10772 22222 2568 6517 25148 92726 7819 78 431 222 8149 10917
internal_value=0.000384948 0.000150432 3.37171e-06 -5.04989e-05 0.000710227 0.000976913 0.00017511 0.000263978 1.70157e-05 0.000236592 -0.000408001 -0.000273215 0.000335965 0.00108061 -0.00226045 0.00106228 0.000650672 0.00024765
internal_weight=359800 313067 247934 234934 65133 13000 116709 105937 64649 27771 27716 118225 36933 7026 509 37362 41288 19066
internal_count=359800 313067 247934 234934 65133 13000 116709 105937 64649 27771 27716 118225 36933 7026 509 37362 41288 19066
is_linear=0
shrinkage=0.0229654


Tree=210
num_leaves=19
num_cat=0
split_feature=37 37 15 8 36 22 37 35 37 35 36 35 23 25 13 28 35 36
split_gain=247.563 46.9843 24.3771 20.0566 18.8544 25.9744 21.2973 23.5101 21.3863 14.8826 13.7655 11.6989 11.57 11.2984 11.3982 14.7621 20.8077 12.9579
threshold=34107.426737346999 28146.982781622504 6.7562500000000023 -0.5 27900.500000000004 3.3818142361111119 25301.641546275634 25199.500000000004 22689.98080292749 32525.000000000004 23203.500000000004 21633.500000000004 -5.6499999999999968 11.289843750000001 13.656250000000004 3.4709568439407135 32525.000000000004 30369.500000000004
decision_type=2 2 2 2 2 2 2 2 2 2 2 2 2 2 2 2 2 2
left_child=1 2 -1 13 6 -6 7 8 12 -7 -9 -10 -4 -3 -15 16 17 -16
right_child=-2 3 4 -5 5 9 -8 10 11 -11 -12 -13 -14 14 15 -17 -18 -19
leaf_value=3.4222676691134666 45.841095421732412 -0.25160993623733885 3.6211173583218588 9.6865828038136819 -50.410941394479337 -3.7809355438526948 3.5680059788591052 -0.53689170812912734 13.833717382096417 -31.049303591865236 -6.1967522008946769 1.4159160599625125 -1.2363624884254381 12.686781638265177 23.709267554896797 37.483258934003857 -54.666270009909731 -17.667958643855762
leaf_weight=28164 46733 20994 4827 37362 158 17693 38220 7044 7713 191 11612 38113 94199 6276 151 213 69 68
leaf_count=28164 46733 20994 4827 37362 158 17693 38220 7044 7713 191 11612 38113 94199 6276 151 213 69 68
internal_value=0.000382076 0.000149331 5.13163e-06 0.000698239 -7.63876e-05 -0.000787662 -1.27731e-05 -0.000126858 -2.80305e-05 -0.000705759 -0.000894193 0.000382172 -0.000217859 0.000230804 0.0010461 -0.00228737 -0.00567756 -0.00221265
internal_weight=359800 313067 247934 65133 219770 18042 201728 163508 144852 17884 18656 45826 99026 27771 6777 501 288 219
internal_count=359800 313067 247934 65133 219770 18042 201728 163508 144852 17884 18656 45826 99026 27771 6777 501 288 219
is_linear=0
shrinkage=0.0229654


Tree=211
num_leaves=19
num_cat=0
split_feature=37 37 15 8 26 4 3 11 15 30 13 3 3 4 3 7 33 37
split_gain=244.227 47.1342 23.6895 20.074 19.1808 18.4952 26.272 16.4471 19.1039 17.3663 16.4423 32.6741 16.9402 16.1725 15.7974 26.268 22.7408 16.1794
threshold=34270.409831791323 28146.982781622504 6.668750000000002 -0.5 19.608203125000003 5.5000000000000009 2.5000000000000004 132.00000000000003 18.906250000000004 35.031250000000007 14.431250000000002 2.5000000000000004 3.5000000000000004 11.500000000000002 3.5000000000000004 -0.65793410509763395 1.0000000180025095e-35 31322.269345415203
decision_type=2 2 2 2 2 2 2 2 2 2 2 2 2 2 2 2 2 2
left_child=1 2 -1 -3 7 6 -6 8 -4 10 11 -10 -13 -5 15 16 -15 -18
right_child=-2 3 4 13 5 -7 -8 -9 9 -11 -12 12 -14 14 -16 -17 17 -19
leaf_value=3.4442753439439722 46.459848226672982 2.3050896471278817 0.46710466399554146 10.779007337777839 16.879356334588579 5.8905920021914513 -13.513450824258594 -3.2298824280094451 -9.1453875704480634 -2.161857196658624 -7.1068793040156759 -37.291946587079224 -11.322426276135751 -16.169876232957929 11.384901862192882 -3.6586816513992577 -60.162511609582793 -33.975459497404856
leaf_weight=26710 45265 28499 130261 34867 341 12725 464 51801 278 23809 1334 121 90 212 1361 1358 118 186
leaf_count=26710 45265 28499 130261 34867 341 12725 464 51801 278 23809 1334 121 90 212 1361 1358 118 186
internal_value=0.000378374 0.000151394 5.68739e-06 0.000693814 -7.23144e-05 0.000765514 -0.00261035 -0.000126894 -9.08926e-06 -0.000582199 -0.0027425 -0.00634484 -0.0131589 0.00103863 -0.000514681 -0.00188233 -0.00629323 -0.0103193
internal_weight=359800 314535 247934 66601 221224 13530 805 207694 155893 25632 1823 489 211 38102 3235 1874 516 304
internal_count=359800 314535 247934 66601 221224 13530 805 207694 155893 25632 1823 489 211 38102 3235 1874 516 304
is_linear=0
shrinkage=0.0229654


Tree=212
num_leaves=19
num_cat=0
split_feature=37 37 36 37 32 8 33 30 4 4 6 3 26 1 3 36 9 13
split_gain=241.845 45.0483 22.3081 29.3038 28.1303 18.4751 14.8563 14.3082 17.7147 14.0588 31.7363 20.05 20.5153 13.8212 18.9993 14.5148 12.0237 12.5725
threshold=34270.409831791323 27819.434989129277 27231.500000000004 24218.596483362879 1.0000000180025095e-35 -0.32075123873380501 0.25347222222222227 1736.66875 1.5000000000000002 11.500000000000002 1.0000000180025095e-35 2.5000000000000004 4.0790364583333343 1.5000000000000002 1.0000000180025095e-35 25441.500000000004 -0.5 13.656250000000004
decision_type=2 2 2 2 2 2 2 2 2 2 2 2 2 2 2 2 2 2
left_child=1 2 3 13 7 16 -6 -4 -9 -7 -11 -12 -13 14 -1 -15 17 -3
right_child=-2 5 4 -5 6 9 -8 8 -10 10 11 12 -14 15 -16 -17 -18 -19
leaf_value=-3.601059591667565 45.392878813319122 11.820498284934468 -7.9292540892173458 3.7326447540874095 1.2880386814559037 9.5291025535112226 -18.139181215787598 -53.115369149095685 1.5281711781940395 1.4853093271864244 -60.010736554238548 -39.805273985531265 53.972040341564053 -0.57861868329057187 3.5508906855863009 -7.5622406930227823 -0.09300418424623523 -15.478047063791978
leaf_weight=3345 45265 11181 12795 60988 11540 33452 68 149 107 2458 72 69 127 127615 18783 6917 24218 651
leaf_count=3345 45265 11181 12795 60988 11540 33452 68 149 107 2458 72 69 127 127615 18783 6917 24218 651
internal_value=0.000373906 0.000148036 -2.01869e-06 7.21521e-05 -0.000656673 0.000651431 0.000165791 -0.0013882 -0.00676403 0.00101808 -0.000567817 -0.00807217 -0.004265 -9.41132e-05 0.000437763 -0.000181597 0.000283484 0.000883524
internal_weight=359800 314535 242307 217648 24659 72228 11608 13051 256 36178 2726 268 196 156660 22128 134532 36050 11832
internal_count=359800 314535 242307 217648 24659 72228 11608 13051 256 36178 2726 268 196 156660 22128 134532 36050 11832
is_linear=0
shrinkage=0.0229654


Tree=213
num_leaves=19
num_cat=0
split_feature=37 37 15 8 36 37 32 4 6 30 33 30 1 36 37 24 30 37
split_gain=239.96 43.6281 22.6629 18.7662 17.6221 21.7834 20.9632 15.2476 26.7813 15.067 25.7499 14.7609 14.1204 15.3003 14.7228 14.044 13.8103 13.8004
threshold=34270.409831791323 28146.982781622504 6.668750000000002 -0.5 27675.500000000004 23478.941376416547 1.0000000180025095e-35 11.500000000000002 1.0000000180025095e-35 1530.6437500000002 1.0000000180025095e-35 1773.0562500000003 1.5000000000000002 20281.000000000004 20411.727015907407 6.6812500000000021 1438.3812500000001 19091.612530663104
decision_type=2 2 2 2 2 2 2 2 2 2 2 2 2 2 2 2 2 2
left_child=1 2 -1 -3 5 12 11 15 -9 10 -10 -6 -4 14 16 -5 -14 -15
right_child=-2 3 4 7 6 -7 -8 8 9 -11 -12 -13 13 17 -16 -17 -18 -19
leaf_value=3.3724464883884289 44.35041278885879 2.1946845461480349 1.6868134548886247 10.590367982502821 -8.7565551715632424 2.1153594408565302 0.49851794972511865 0.78302384192921382 52.742976006788496 59.111862460446169 -56.369372471736483 -46.159939018158873 -0.74964853610701965 -9.1811804858131794 6.3212841114474436 -12.00172770385781 -16.124046222570058 -2.1806555936994481
leaf_weight=26710 45265 28499 18185 34672 11404 79432 9156 2943 68 72 152 148 34561 2855 9517 195 71 55895
leaf_count=26710 45265 28499 18185 34672 11404 79432 9156 2943 68 72 152 148 34561 2855 9517 195 71 55895
internal_value=0.000370395 0.000145407 5.22425e-06 0.000667263 -7.10687e-05 -5.19965e-06 -0.00070888 0.00100066 -0.000507582 -0.0071413 -0.0101257 -0.0013594 -0.000199072 -0.000303329 1.97149e-05 0.0011406 -0.000200132 -0.000546088
internal_weight=359800 314535 247934 66601 221224 200516 20708 38102 3235 292 220 11552 121084 102899 44149 34867 34632 58750
internal_count=359800 314535 247934 66601 221224 200516 20708 38102 3235 292 220 11552 121084 102899 44149 34867 34632 58750
is_linear=0
shrinkage=0.0229654


Tree=214
num_leaves=19
num_cat=0
split_feature=35 11 15 7 3 16 25 7 33 8 33 15 30 31 3 13 16 31
split_gain=145.435 33.2769 37.0844 26.6071 28.9204 18.5234 15.0574 14.6934 14.0312 13.7789 13.7533 13.7445 17.0888 23.7173 19.5691 42.0164 18.2985 13.4024
threshold=33092.000000000007 108.00000000000001 11.831250000000002 -0.65793410509763395 4.5000000000000009 417.81250000000006 8.2200520833333357 0.75023006073889154 0.38541666666666669 -0.70710678118654757 0.32291666666666669 18.668750000000006 35.031250000000007 178.28125000000003 2.5000000000000004 14.431250000000002 556.68750000000011 232.08125000000004
decision_type=2 2 2 2 2 2 2 2 2 2 2 2 2 2 2 2 2 2
left_child=1 2 6 -2 5 10 -1 -6 -9 -3 -5 -4 13 14 -13 -16 -17 -8
right_child=3 9 11 4 7 -7 17 8 -10 -11 -12 12 -14 -15 15 16 -18 -19
leaf_value=8.8527452899856538 30.763906015188184 -5.3086101599505735 1.166578757119703 9.9492062287754326 -1.2892956941950988 -30.058834515217935 2.1231467463346716 -31.350386870521227 -7.3852713672564088 -0.0020865404180761171 33.970056707290617 -6.6295997585839981 -1.2106666567708608 5.572988388397941 -34.058757754263382 -6.9813690896864768 -55.263678909836706 9.8497802503907614
leaf_weight=20336 32496 26853 71702 8273 4344 91 63663 230 410 87177 9876 507 26995 698 177 550 116 5306
leaf_count=20336 32496 26853 71702 8273 4344 91 63663 230 410 87177 9876 507 26995 698 177 550 116 5306
internal_value=0.000366821 0.000169174 0.000355266 0.00144544 0.000851809 0.00127544 0.000695996 -0.000698546 -0.00394718 -0.000140978 0.00132726 5.32278e-05 -0.000368247 -0.00239073 -0.0041678 -0.00631208 -0.00366895 0.000534069
internal_weight=359800 304080 190050 55720 23224 18240 89305 4984 640 114030 18149 100745 29043 2048 1350 843 666 68969
internal_count=359800 304080 190050 55720 23224 18240 89305 4984 640 114030 18149 100745 29043 2048 1350 843 666 68969
is_linear=0
shrinkage=0.0229654


Tree=215
num_leaves=19
num_cat=0
split_feature=37 37 15 30 26 4 6 11 11 12 24 15 30 34 27 22 15 27
split_gain=235.23 40.9547 20.6316 18.2398 16.608 17.1353 16.7503 15.2968 15.1741 15.0954 15.0407 14.8947 15.7282 17.1178 57.167 14.1126 12.4713 11.9653
threshold=34270.409831791323 27362.417557133838 6.3187500000000023 744.1187500000002 19.608203125000003 5.5000000000000009 1.0000000180025095e-35 108.00000000000001 132.00000000000003 14.281250000000004 7.6562500000000009 18.906250000000004 35.031250000000007 0.42708333333333343 -3.2047433035714286 18.531380208333335 16.481250000000006 5.1450148809523801
decision_type=2 2 2 2 2 2 2 2 2 2 2 2 2 2 2 2 2 2
left_child=1 2 -1 -3 8 9 -7 10 11 -6 16 -4 13 14 -13 -11 -5 -8
right_child=-2 3 4 7 5 6 17 -9 -10 15 -12 12 -14 -15 -16 -17 -18 -19
leaf_value=3.3703259108825994 42.769793282292596 9.0483760424330466 0.38099232913453546 9.9777609091879764 -23.896102591464679 6.1302119647602247 -0.33762164047501586 -1.1455932650458562 -3.2063985228605096 -13.56223216072218 -7.6436741182611101 -37.397689938365332 -1.879476617948229 2.5240084493330692 -13.95760934643749 5.9099416087719101 0.5219493673471699 -24.174105759544361
leaf_weight=20830 45265 26777 125503 21631 68 12489 85 20727 49937 261 124 123 22424 583 1105 477 11312 79
leaf_count=20830 45265 26777 125503 21631 68 12489 85 20727 49937 261 124 123 22424 583 1105 477 11312 79
internal_value=0.000362545 0.000139785 -1.39972e-05 0.000586342 -8.14166e-05 0.000699422 0.000906238 0.000342556 -0.000134049 -0.00254728 0.00064916 -1.84351e-05 -0.000539666 -0.00259835 -0.00413677 -0.00159326 0.00067921 -0.0063855
internal_weight=359800 314535 233964 80571 213134 13459 12653 53794 199675 806 33067 149738 24235 1811 1228 738 32943 164
internal_count=359800 314535 233964 80571 213134 13459 12653 53794 199675 806 33067 149738 24235 1811 1228 738 32943 164
is_linear=0
shrinkage=0.0229654


Tree=216
num_leaves=19
num_cat=0
split_feature=35 15 0 4 16 33 5 15 16 16 9 26 20 30 35 22 26 16
split_gain=139.598 23.9423 23.4093 25.8122 27.8961 33.7759 17.9132 17.5601 16.9268 30.0496 22.2356 18.0964 15.8358 23.9804 17.8382 34.0565 24.9393 17.2636
threshold=34061.000000000007 9.9812500000000028 29.500000000000004 11.500000000000002 103.56250000000001 0.17013888888888892 1.0000000180025095e-35 13.706250000000004 167.06250000000003 1.0000000180025095e-35 -0.6830127018922193 18.246484375000005 7.3750000000000027 4.3000000000000043 19152.500000000004 9.0492187500000032 8.2282552083333353 551.31250000000011
decision_type=2 2 2 2 2 2 2 2 2 2 2 2 2 2 2 2 2 2
left_child=1 -1 3 -2 -5 7 -7 -6 9 10 -3 -12 13 -10 15 16 -15 -18
right_child=2 8 -4 4 5 6 -8 -9 12 -11 11 -13 -14 14 -16 -17 17 -19
leaf_value=2.6467128481518145 20.104029411481729 -3.3914059819450291 35.065321232692433 0.49281635709490196 -19.394135341070129 11.864363807037041 -33.724531488521862 -39.457334383091528 -14.335407386756144 3.9765013195506418 0.14872175502675516 10.232261623000332 8.0910623074345942 20.725573995198499 -2.7507933116220031 9.3582252455192201 -53.415712941411854 -1.827061050222571
leaf_weight=103323 15176 17591 29416 2149 62 315 63 187 2585 52060 64275 2892 4533 200 57641 7024 211 97
leaf_count=103323 15176 17591 29416 2149 62 315 63 187 2585 52060 64275 2892 4533 200 57641 7024 211 97
internal_value=0.000358077 0.00018194 0.00151984 0.00086632 -0.00116978 -0.00543185 -0.00110574 -0.0119992 4.06244e-05 0.000190816 -7.59209e-05 0.000114439 -0.000243629 -0.000331544 -0.0002455 0.000805558 -0.00493666 -0.00903704
internal_weight=359800 312432 47368 17952 2776 627 378 249 209109 136818 84758 67167 72291 67758 65173 7532 508 308
internal_count=359800 312432 47368 17952 2776 627 378 249 209109 136818 84758 67167 72291 67758 65173 7532 508 308
is_linear=0
shrinkage=0.0229654


Tree=217
num_leaves=19
num_cat=0
split_feature=37 37 35 37 8 34 37 35 26 16 28 33 1 3 37 35 14 3
split_gain=231.45 40.1451 26.0117 22.3939 19.9339 18.5214 13.8355 15.8606 13.4028 18.3742 13.5153 16.8326 13.0687 12.2716 11.0169 10.2789 12.704 11.6828
threshold=34421.048494538794 26202.290285372062 26282.500000000004 21227.09264132009 -0.5 0.031250000000000007 29664.30767982973 30377.500000000004 10.47330729166667 194.56250000000003 0.8608330369843521 0.38541666666666669 9.5000000000000018 1.0000000180025095e-35 36373.894888711664 21360.500000000004 75.937500000000014 3.5000000000000004
decision_type=2 2 2 2 2 2 2 2 2 2 2 2 2 2 2 2 2 2
left_child=1 2 3 15 8 12 7 -6 10 -10 -3 -12 -5 -14 -2 -1 17 -17
right_child=14 4 -4 5 6 -7 -8 -9 9 -11 11 -13 13 -15 -16 16 -18 -19
leaf_value=-0.55223371831230372 24.110024542890379 1.3002331550827582 -4.8350860329609979 1.7937929117092453 4.1226742177459803 4.3640576435099288 11.279363970481908 -6.7732866800815348 15.413326416698375 -4.087762088074439 -13.126200247921012 15.893852404220285 4.8693332920493004 -2.9569515877656958 72.296327305902068 -27.93566615882353 -0.23064093649326003 -5.7850201742772844
leaf_weight=64345 16919 19173 17347 43899 40116 34034 24908 2326 7687 3849 6683 1166 5548 29800 26990 924 6703 7383
leaf_count=64345 16919 19173 17347 43899 40116 34034 24908 2326 7687 3849 6683 1166 5548 29800 26990 924 6703 7383
internal_value=0.000353481 0.000136321 -4.75422e-05 2.91605e-05 0.000500864 0.000236403 0.000739258 0.000487099 8.44571e-05 0.000739767 -0.000195302 -0.000998025 4.3962e-05 -0.000284696 0.00191578 -0.000266683 -0.000807844 -0.001408
internal_weight=359800 315891 209983 192636 105908 113281 67350 42442 38558 11536 27022 7849 79247 35348 43909 79355 15010 8307
internal_count=359800 315891 209983 192636 105908 113281 67350 42442 38558 11536 27022 7849 79247 35348 43909 79355 15010 8307
is_linear=0
shrinkage=0.0229654


Tree=218
num_leaves=19
num_cat=0
split_feature=37 37 36 37 32 30 35 35 11 37 36 36 9 25 31 32 11 30
split_gain=228.835 39.2558 20.9584 27.568 24.9083 19.0175 18.6989 16.5692 15.6088 15.2031 16.3214 14.9566 14.9363 14.4207 14.3403 14.7912 14.1738 13.693
threshold=34421.048494538794 27819.434989129277 27231.500000000004 24218.596483362879 1.0000000180025095e-35 735.28125000000011 25151.500000000004 25661.500000000004 132.00000000000003 25583.618629345867 25109.500000000004 22917.500000000004 -0.93301270189221908 3.1252604166666669 291.45625000000007 1127.2562500000001 108.00000000000001 44.818750000000016
decision_type=2 2 2 2 2 2 2 2 2 2 2 2 2 2 2 2 2 2
left_child=1 2 3 6 -4 -3 8 -5 14 10 -9 -8 -13 -10 15 -1 -7 -12
right_child=-2 5 4 7 -6 16 11 9 13 -11 17 12 -14 -15 -16 -17 -18 -19
leaf_value=0.25692514503246694 41.941693081162079 10.163543179921543 -8.2850546329042203 6.9420134912800302 0.6895922489332531 6.043963878159019 -1.6564767837629091 0.03134162340296049 -18.359947561303844 3.4675045473126165 -12.040187288394524 -35.103595223436038 -7.7671126215297992 -2.2955005998176841 9.4194558615390047 -21.946895836305885 -0.95569264430708689 -4.8171945878647291
leaf_weight=106901 43909 22117 13051 29672 11608 31704 5064 7162 535 20867 442 257 4111 36317 3411 64 19763 2845
leaf_count=106901 43909 22117 13051 29672 11608 31704 5064 7162 535 20867 442 257 4111 36317 3411 64 19763 2845
internal_value=0.000349779 0.000133849 -7.23149e-06 6.46605e-05 -0.000641772 0.000598417 -9.66053e-05 0.000478904 -3.31e-05 0.000110442 -0.00060463 -0.00108789 -0.00207256 -0.000442333 0.000103533 5.67883e-05 0.000356393 -0.00194441
internal_weight=359800 315891 242307 217648 24659 73584 156660 60988 147228 31316 10449 9432 4368 36852 110376 106965 51467 3287
internal_count=359800 315891 242307 217648 24659 73584 156660 60988 147228 31316 10449 9432 4368 36852 110376 106965 51467 3287
is_linear=0
shrinkage=0.0229654


Tree=219
num_leaves=19
num_cat=0
split_feature=37 37 4 23 15 13 0 22 5 35 18 37 32 35 4 16 16 23
split_gain=225.363 39.3027 21.0457 20.456 20.0099 16.2808 15.7475 15.6043 22.9296 26.0913 15.1349 13.8682 14.1046 12.7624 13.0103 14.0043 12.7499 16.0881
threshold=34574.61961582378 28146.982781622504 11.500000000000002 2.3750000000000018 6.5812500000000016 14.931250000000004 4.5000000000000009 8.5501302083333357 1.0000000180025095e-35 36288.500000000007 0.051250000000000011 21168.251015623839 34.837500000000013 30149.500000000004 3.5000000000000004 3.0625000000000004 410.06250000000006 3.6249999999999978
decision_type=2 2 2 2 2 2 2 2 2 2 2 2 2 2 2 2 2 2
left_child=1 4 3 10 -1 6 -6 8 9 -4 -3 -7 16 -8 -15 -16 17 -13
right_child=-2 2 7 -5 5 11 13 -9 -10 -11 -12 12 -14 14 15 -17 -18 -19
leaf_value=3.1764489421065831 42.90572216533581 11.843995047636136 -23.67194143637569 -2.2556808687496073 1.7088926566923675 -1.1647887443189351 -1.227594095111127 17.54661137921379 4.1977816203994278 -34.500534695223735 3.9094294402884069 -9.632940628325624 3.9794899737911678 -22.388817857144144 -14.435189369481282 4.5791068045562442 1.1918202986582085 -25.090413385686265
leaf_weight=25595 42534 31812 3055 9188 23085 17929 139700 1848 2442 148 20839 262 37486 1470 359 1316 553 179
leaf_count=25595 42534 31812 3055 9188 23085 17929 139700 1848 2442 148 20839 262 37486 1470 359 1316 553 179
internal_value=0.000347226 0.000136779 0.000620144 0.000759423 1.6118e-06 -6.83883e-05 -0.00018297 -0.000529311 -0.00112895 -0.00240696 0.000933909 0.000268661 0.000514454 -0.00027291 -0.00171967 -0.000335912 -0.00218564 -0.00509822
internal_weight=359800 317266 69332 61839 247934 222339 165930 7493 5645 3203 52651 56409 38480 142845 3145 1675 994 441
internal_count=359800 317266 69332 61839 247934 222339 165930 7493 5645 3203 52651 56409 38480 142845 3145 1675 994 441
is_linear=0
shrinkage=0.0229654


Tree=220
num_leaves=19
num_cat=0
split_feature=36 11 25 8 21 3 24 21 16 7 22 23 16 14 4 8 25 24
split_gain=121.151 32.2372 28.4275 18.9185 23.0657 19.2719 17.402 16.5138 19.1752 29.9741 16.2761 12.4726 14.8831 23.2604 14.289 12.4128 13.7531 16.8092
threshold=34693.000000000007 108.00000000000001 2.8908854166666669 -0.70710678118654757 7.5399739583333343 5.5000000000000009 7.6562500000000009 20.160286458333335 164.68750000000003 -0.55438071450436044 3.3818142361111119 2.8062500000000008 354.18750000000006 65.062500000000014 6.5000000000000009 -0.44134171618254459 8.349739583333335 -3.9999999999999982
decision_type=2 2 2 2 2 2 2 2 2 2 2 2 2 2 2 2 2 2
left_child=1 2 -1 4 -2 -6 7 8 9 -4 -8 -3 13 14 -13 -11 -17 -18
right_child=3 11 6 -5 5 -7 10 -9 -10 15 -12 12 -14 -15 -16 16 17 -19
leaf_value=18.900148647687281 26.58960499171361 0.030534587561832784 8.5262433390897172 31.448932191401141 -2.3088956121698812 -72.398875290153285 -18.760993547286958 7.2442318326494526 -0.54892620557647598 6.7700202019486895 -2.5685134873792328 -33.862690175080687 -1.6235238199229274 -7.3764315028854153 -10.069605066872526 3.1711481509114177 -8.4446550312802415 0.016548069892358026
leaf_weight=7145 8845 96989 24189 28112 4794 73 143 9064 54204 18849 237 1033 15527 5194 498 25117 1076 58711
leaf_count=7145 8845 96989 24189 28112 4794 73 143 9064 54204 18849 237 1033 15527 5194 498 25117 1076 58711
internal_value=0.000343332 0.000190497 0.000369612 0.00150529 0.000805933 -0.000463838 0.00031657 0.000326327 0.000278718 0.000432089 -0.00459308 -0.000108027 -0.000598389 -0.00150086 -0.00398857 0.000262363 0.000144007 -4.54414e-05
internal_weight=359800 317976 198735 41824 13712 4867 191590 191210 182146 127942 380 119241 22252 6725 1531 103753 84904 59787
internal_count=359800 317976 198735 41824 13712 4867 191590 191210 182146 127942 380 119241 22252 6725 1531 103753 84904 59787
is_linear=0
shrinkage=0.0229654


Tree=221
num_leaves=19
num_cat=0
split_feature=35 11 15 25 7 4 13 14 7 14 24 5 5 0 4 28 22 13
split_gain=134.149 32.7908 35.6557 16.1077 14.4346 20.0106 18.4864 16.4127 13.8935 14.0657 17.2664 12.8332 12.3181 12.9339 18.1872 12.6084 22.3872 14.6269
threshold=35575.000000000007 108.00000000000001 11.831250000000002 8.48463541666667 -0.7502300607388912 11.500000000000002 9.2187500000000036 74.687500000000014 -0.60876142900872077 70.562500000000014 -3.6499999999999972 1.0000000180025095e-35 1.0000000180025095e-35 34.500000000000007 11.500000000000002 -1.7877073053728059 4.6904079861111123 7.4437500000000023
decision_type=2 2 2 2 2 2 2 2 2 2 2 2 2 2 2 2 2 2
left_child=1 2 3 -1 -2 11 7 -7 9 10 -4 -6 13 -3 -15 16 -16 -17
right_child=4 12 8 -5 5 6 -8 -9 -10 -11 -12 -13 -14 14 15 17 -18 -19
leaf_value=8.8627059411714217 46.312145143648557 -0.90818754886722708 -10.41480569073771 2.5387217559138824 36.878766542200658 -41.59929537564522 -28.353289237534145 -0.14384793137428634 -0.42948361364664656 8.1096613666429391 1.8783220686501765 0.22208482461631782 -2.7506772834380535 4.8129010096223688 -5.5053639826914464 3.3254554337570399 -68.831105955304153 -49.062933496471302
leaf_weight=25022 20112 62580 1461 69478 9976 111 75 1974 74130 12637 20417 2520 35727 22317 171 856 113 123
leaf_count=25022 20112 62580 1461 69478 9976 111 75 1974 74130 12637 20417 2520 35727 22317 171 856 113 123
internal_value=0.000340269 0.000195236 0.000373911 0.000700141 0.00169612 0.00114796 -0.000893099 -0.000490149 9.01538e-05 0.000470753 0.000118407 0.00150076 -0.000102555 4.61122e-05 0.000504499 -0.00217653 -0.00643678 -0.000940667
internal_weight=359800 325032 203145 94500 34768 14656 2160 2085 108645 34515 21878 12496 121887 86160 23580 1263 284 979
internal_count=359800 325032 203145 94500 34768 14656 2160 2085 108645 34515 21878 12496 121887 86160 23580 1263 284 979
is_linear=0
shrinkage=0.0229654


Tree=222
num_leaves=19
num_cat=0
split_feature=37 37 36 37 10 3 22 13 13 23 36 37 23 37 3 27 17 36
split_gain=218.908 37.6436 22.9105 24.4179 22.3076 25.0426 20.8853 26.7408 20.5107 20.0397 17.303 14.9613 14.7808 16.5745 14.4396 14.3261 14.042 12.6481
threshold=34724.425522802536 28798.095678294521 28730.500000000004 22027.651292515438 0.93301270189221952 2.5000000000000004 8.5501302083333357 7.7562500000000023 19.231250000000006 1.9250000000000014 22260.500000000004 25301.641546275634 0.25000000000000072 33793.841047580718 4.5000000000000009 2.8740327380952393 71.562500000000014 26113.500000000004
decision_type=2 2 2 2 2 2 2 2 2 2 2 2 2 2 2 2 2 2
left_child=1 2 3 -1 9 6 7 15 10 -3 -5 17 -9 -14 -4 16 -6 -12
right_child=-2 4 14 8 5 -7 -8 12 -10 -11 11 -13 13 -15 -16 -17 -18 -19
leaf_value=-0.89382772880840788 42.251910379428601 9.8751030373579525 -3.2881751030960515 5.7638580049081618 1.8601196849684845 6.5127574447142651 7.7496348171187837 -48.415905298460451 9.430251296751921 -0.79994944971084125 -0.27525460244429767 2.5596369071956535 -27.869981225142663 -31.251969466811698 -15.456107937778883 38.493310464271943 -34.235911992762546 -5.5882612860086107
leaf_weight=99341 41169 43000 12315 21287 412 4223 838 63 13467 10570 51094 48319 136 67 2957 325 1086 9131
leaf_count=99341 41169 43000 12315 21287 412 4223 838 63 13467 10570 51094 48319 136 67 2957 325 1086 9131
internal_value=0.000335162 0.000131545 1.04271e-05 6.47302e-05 0.000645997 -0.000558878 -0.0021914 -0.00342008 0.00025655 0.000806812 0.00016806 5.06516e-05 -0.0102222 -0.00720639 -0.000852331 -0.00242756 -0.00337582 -0.000190854
internal_weight=359800 318631 257911 242639 60720 7150 2927 2089 143298 53570 129831 108544 266 203 15272 1823 1498 60225
internal_count=359800 318631 257911 242639 60720 7150 2927 2089 143298 53570 129831 108544 266 203 15272 1823 1498 60225
is_linear=0
shrinkage=0.0229654


Tree=223
num_leaves=19
num_cat=0
split_feature=35 35 15 3 7 4 16 15 3 16 15 28 15 16 31 29 4 3
split_gain=129.814 24.7473 19.1497 19.0572 19.4379 15.4781 30.3779 26.9573 16.2115 18.0674 15.3949 14.4442 29.0275 13.9777 13.3931 12.5591 19.305 36.1543
threshold=35575.000000000007 29696.500000000004 6.3187500000000023 4.5000000000000009 -0.19467261866128624 11.500000000000002 52.187500000000007 14.956250000000004 4.5000000000000009 96.187500000000014 13.018750000000004 3.6502987838971208 15.381250000000003 139.68750000000003 213.18125000000006 374.91875000000005 3.5000000000000004 1.5000000000000002
decision_type=2 2 2 2 2 2 2 2 2 2 2 2 2 2 2 2 2 2
left_child=1 2 -1 10 -5 -2 11 8 -8 -10 -3 -7 -13 -12 -4 16 17 -15
right_child=5 3 14 4 -6 6 7 -9 9 -11 13 12 -14 15 -16 -17 -18 -19
leaf_value=3.8230198452159767 37.446271654851884 16.29920452497004 -0.028753393652416113 3.6125059928520025 -6.1351472069055495 35.73636880307027 25.806682761008769 -39.167139107992902 -6.0223626561822288 -36.409402771154419 6.9328897370094653 -36.811421778210715 0.9493530407811781 -51.304877994412216 3.9712796885122268 9.0673993084658644 -0.98122823092900002 -3.2376874772215234
leaf_weight=23630 29536 20187 230639 10208 5184 3633 664 426 95 65 16455 67 282 438 13723 1944 1956 668
leaf_count=23630 29536 20187 230639 10208 5184 3633 664 426 95 65 16455 67 282 438 13723 1944 1956 668
internal_value=0.000331971 0.000189301 9.68519e-05 0.000623657 -6.68431e-05 0.00166573 0.000514439 -0.00260887 -0.000183946 -0.00674609 0.000878848 0.00149489 -0.00296774 0.000450619 3.64835e-05 -0.000611983 -0.00152853 -0.00395354
internal_weight=359800 325032 267992 57040 15392 34768 5232 1250 824 160 41648 3982 349 21461 244362 5006 3062 1106
internal_count=359800 325032 267992 57040 15392 34768 5232 1250 824 160 41648 3982 349 21461 244362 5006 3062 1106
is_linear=0
shrinkage=0.0229654


Tree=224
num_leaves=19
num_cat=0
split_feature=35 3 35 0 3 26 36 35 22 1 36 35 7 3 22 9 36 36
split_gain=128.143 24.7431 30.1638 21.3399 25.2185 20.9851 20.6921 30.8935 17.8969 15.6496 15.569 26.4298 14.121 15.3058 14.4454 14.4459 30.9432 24.7195
threshold=35575.000000000007 4.5000000000000009 29696.500000000004 9.5000000000000018 5.5000000000000009 21.610286458333338 19178.500000000004 18411.500000000004 4.6904079861111123 11.500000000000002 15401.000000000002 18934.500000000004 -0.7502300607388912 4.5000000000000009 5.9915364583333348 0.25000000000000011 34381.500000000007 37063.000000000007
decision_type=2 2 2 2 2 2 2 2 2 2 2 2 2 2 2 2 2 2
left_child=1 2 5 -3 6 -1 -5 -8 -9 10 11 -6 -2 14 -14 16 -16 -18
right_child=12 3 -4 4 9 -7 7 8 -10 -11 -12 -13 13 -15 15 -17 17 -19
leaf_value=0.87574145912323764 43.798028337049473 2.4571780058090105 9.1035045435648936 2.9346971675537317 0.48245947315702636 12.612865682149513 -26.486731822862694 8.7894752948347357 -4.6579160839714726 3.5289248391509234 -2.0174771916734566 -16.645439552652011 37.786726033876342 -3.3327160466556753 72.70497309905501 23.940728359566211 -39.610072361326047 -0.52335415016062914
leaf_weight=183011 20112 19232 41648 6096 160 5101 128 2120 28208 23704 15504 120 7950 2920 526 2626 353 281
leaf_count=183011 20112 19232 41648 6096 160 5101 128 2120 28208 23704 15504 120 7950 2920 526 2626 353 281
internal_value=0.000327375 0.000185627 0.000314655 -0.000125539 -0.000298393 0.000190841 -0.000733094 -0.000977553 -0.000930035 0.000103986 -0.000456282 -0.00582337 0.00165252 0.00111035 0.00148054 0.000312999 -0.00182139 -0.00523785
internal_weight=359800 325032 229760 95272 76040 188112 36552 30456 30328 39488 15784 280 34768 14656 11736 3786 1160 634
internal_count=359800 325032 229760 95272 76040 188112 36552 30456 30328 39488 15784 280 34768 14656 11736 3786 1160 634
is_linear=0
shrinkage=0.0229654


Tree=225
num_leaves=19
num_cat=0
split_feature=35 11 25 24 30 31 7 26 28 30 8 30 25 26 26 10 13 14
split_gain=127.08 31.5282 24.9163 25.4812 23.4743 22.3255 18.742 18.6689 27.8418 14.955 14.3265 13.7531 25.6608 25.9874 19.583 12.4465 43.6316 15.9668
threshold=36288.500000000007 108.00000000000001 8.349739583333335 -3.9999999999999982 319.80625000000003 213.18125000000006 -0.79335334029123528 15.297265625000003 0.94538352272727277 1717.5250000000001 -0.70710678118654757 6.2124999999999995 20.800260416666671 20.375130208333339 15.139973958333334 0.93301270189221952 8.8687500000000039 89.562500000000014
decision_type=2 2 2 2 2 2 2 2 2 2 2 2 2 2 2 2 2 2
left_child=1 2 -1 4 7 6 -5 8 -4 11 -3 12 14 -14 -8 -2 -17 -18
right_child=15 10 3 5 -6 -7 9 -9 -10 -11 -12 -13 13 -15 -16 16 17 -19
leaf_value=5.7212301035697051 42.408765748056503 -4.7589973595531472 -9.7427303920468873 5.2359411856420923 9.2251820349218594 7.7409227787063406 -19.404143190416207 -4.5338795987944911 -24.470620099961614 -14.5715765785071 0.27177165275210324 0.56176911566070264 -24.283248404385219 4.1613573445443457 -0.22825222950579896 20.455750721655335 -4.2736038260501985 -31.96789311115284
leaf_weight=53650 24840 30237 747 26061 793 9466 90 1535 208 276 93759 111112 321 193 2208 4133 68 103
leaf_count=53650 24840 30237 747 26061 793 9466 90 1535 208 276 93759 111112 321 193 2208 4133 68 103
internal_value=0.000323482 0.000195347 0.000369051 0.000219733 -0.00178169 0.000263618 0.000190766 -0.00287759 -0.00539867 6.39493e-05 -9.41611e-05 7.68847e-05 -0.00150925 -0.00614794 -0.0004717 0.00177725 0.000637098 -0.0107306
internal_weight=359800 330656 206660 153010 3283 149727 140261 2490 955 114200 123996 113924 2812 514 2298 29144 4304 171
internal_count=359800 330656 206660 153010 3283 149727 140261 2490 955 114200 123996 113924 2812 514 2298 29144 4304 171
is_linear=0
shrinkage=0.0229654


Tree=226
num_leaves=19
num_cat=0
split_feature=35 35 8 9 6 4 5 24 15 21 35 1 33 15 28 29 35 36
split_gain=123.776 28.2231 21.9509 28.1184 21.2675 62.8272 19.2287 19.2126 18.0589 16.7493 31.6721 13.5232 12.7404 14.0021 13.696 16.2881 15.9805 15.4875
threshold=36288.500000000007 29696.500000000004 -0.32075123873380501 0.93301270189221952 1.0000000180025095e-35 11.500000000000002 1.0000000180025095e-35 7.6562500000000009 6.3187500000000023 14.986588541666668 32525.000000000004 7.5000000000000009 0.73263888888888895 15.168750000000003 3.3023337482219071 414.31875000000008 31006.500000000004 28730.500000000004
decision_type=2 2 2 2 2 2 2 2 2 2 2 2 2 2 2 2 2 2
left_child=1 8 3 6 7 -6 9 -4 -1 -3 -11 -8 13 -5 15 16 -15 -18
right_child=-2 2 4 12 5 -7 11 -9 -10 10 -12 -13 -14 14 -16 -17 17 -19
leaf_value=3.7094540488606795 37.570280211574293 11.794891623362984 11.262773296040161 -0.92227745669994421 11.130076069627481 -54.806572907374957 -16.247451311384637 -17.029760502668815 0.16120393683099823 19.756273547030428 -33.11995037124403 -0.97886115878258806 -20.518585640133562 -13.542137987412856 7.923111505053174 -7.443422572748764 -81.435326924479767 -16.057257141230895
leaf_weight=23630 29144 20641 27975 2959 288 128 584 113 244362 113 78 7432 100 419 346 954 142 392
leaf_count=23630 29144 20641 27975 2959 288 128 584 113 244362 113 78 7432 100 419 346 954 142 392
internal_value=0.000319652 0.000193194 0.000631967 0.000239335 0.00110251 -0.00405207 0.000522071 0.00117885 9.05962e-05 0.000889866 -0.00587963 -0.000433753 -0.00129613 -0.00114034 -0.00250448 -0.00326718 -0.00539073 -0.00802499
internal_weight=359800 330656 62664 34160 28504 416 28848 28088 267992 20832 191 8016 5312 5212 2253 1907 953 534
internal_count=359800 330656 62664 34160 28504 416 28848 28088 267992 20832 191 8016 5312 5212 2253 1907 953 534
is_linear=0
shrinkage=0.0229654


Tree=227
num_leaves=19
num_cat=0
split_feature=35 35 1 6 10 3 15 15 24 26 10 10 13 14 30 25 32 15
split_gain=121.915 27.3677 19.9135 22.6819 67.6475 19.1126 17.9903 17.6372 14.8187 14.2921 12.5648 12.5529 43.3045 15.9668 12.3793 28.5354 30.569 22.351
threshold=36288.500000000007 29696.500000000004 16.500000000000004 1.0000000180025095e-35 0.93301270189221952 4.5000000000000009 12.618750000000004 6.3187500000000023 7.6562500000000009 19.946614583333339 0.25000000000000017 0.93301270189221952 8.8687500000000039 89.562500000000014 7.8312499999999963 20.800260416666671 577.03125000000011 14.543750000000005
decision_type=2 2 2 2 2 2 2 2 2 2 2 2 2 2 2 2 2 2
left_child=1 7 5 8 -5 6 -3 -1 -4 14 -8 -2 -13 -14 15 -9 -17 -18
right_child=11 2 3 4 -6 -7 10 9 -10 -11 -12 12 13 -15 -16 16 17 -19
leaf_value=3.6242649197213259 40.572014251757842 15.23631616910439 11.277013217675016 11.072742399357175 -53.608838349483747 -3.1389844390347541 -8.2597727258766174 -1.7037845808925856 -17.965968422874603 4.895216232076474 4.513642158005907 19.12315919268568 -5.0382756152554249 -32.096554221898494 0.12218743527798083 -27.043877414358782 4.5577245941656175 -24.113573621202882
leaf_weight=23630 24840 12022 25073 264 112 10104 3458 7574 87 12411 11544 4133 68 103 223442 345 446 144
leaf_count=23630 24840 12022 25073 264 112 10104 3458 7574 87 12411 11544 4133 68 103 223442 345 446 144
internal_value=0.000315503 0.000189999 0.000622072 0.00111571 -0.00448314 0.000282552 0.000601159 8.8968e-05 0.00119939 3.10326e-05 7.07241e-05 0.00173943 0.000594411 -0.0107306 -9.59396e-06 -0.000869333 -0.00465449 -0.00147913
internal_weight=359800 330656 62664 25536 376 37128 27024 267992 25160 244362 15002 29144 4304 171 231951 8509 935 590
internal_count=359800 330656 62664 25536 376 37128 27024 267992 25160 244362 15002 29144 4304 171 231951 8509 935 590
is_linear=0
shrinkage=0.0229654


Tree=228
num_leaves=19
num_cat=0
split_feature=37 37 4 3 30 17 3 1 3 7 24 16 13 11 31 14 0 29
split_gain=208.978 33.8209 21.4789 30.8051 20.8666 24.6111 19.6954 17.9151 26.1065 17.5739 19.4808 17.0507 15.6 15.5231 19.8675 13.7017 13.5087 14.4004
threshold=34876.514806393076 26605.106371552731 11.500000000000002 2.5000000000000004 990.00625000000014 78.937500000000014 4.5000000000000009 1.5000000000000002 1.0000000180025095e-35 0.65793410509763428 7.6562500000000009 131.31250000000003 8.5562500000000021 132.00000000000003 291.45625000000007 73.062500000000014 34.500000000000007 405.45625000000013
decision_type=2 2 2 2 2 2 2 2 2 2 2 2 2 2 2 2 2 2
left_child=1 7 6 4 -4 -6 11 8 -1 10 -8 -3 15 14 -9 -7 17 -13
right_child=-2 2 3 -5 5 12 9 13 -10 -11 -12 16 -14 -15 -16 -17 -18 -19
leaf_value=-3.6592494071701842 40.489398994333698 8.2627889236144636 4.6265385988266985 5.1449095298628746 -3.0163934833070352 -70.294295522145163 1.0747457005650052 -0.25568574417172679 4.125710518172407 -12.270527163402626 -21.291349999361739 -4.2500960800991949 -31.817895016686197 -3.2465384631658369 10.06169818652779 -31.961232351116756 6.8614795706867717 13.566217044390305
leaf_weight=4020 39734 46495 969 5651 991 62 17985 138708 23779 1427 86 12599 136 47685 4302 1646 9688 3837
leaf_count=4020 39734 46495 969 5651 991 62 17985 138708 23779 1427 86 12599 136 47685 4302 1646 9688 3837
internal_value=0.000311865 0.000116856 0.000463098 -0.000579297 -0.002177 -0.00317141 0.00057009 -4.41031e-05 0.000500548 -7.79725e-05 0.000115774 0.000744093 -0.00474004 -0.000123501 -3.85398e-06 -0.00414399 0.000274629 -0.000126312
internal_weight=359800 320066 101572 9455 3804 2835 92117 218494 27799 19498 18071 72619 1844 190695 143010 1708 26124 16436
internal_count=359800 320066 101572 9455 3804 2835 92117 218494 27799 19498 18071 72619 1844 190695 143010 1708 26124 16436
is_linear=0
shrinkage=0.0229654


Tree=229
num_leaves=19
num_cat=0
split_feature=35 11 12 8 7 16 36 11 4 13 16 3 36 14 16 3 21 14
split_gain=118.975 30.3716 21.5772 15.3329 14.9205 24.3417 13.9313 13.8003 12.7198 43.0601 23.799 26.6432 30.752 15.9668 10.7318 13.5284 10.4581 10.2118
threshold=36288.500000000007 84.000000000000014 3.9812500000000011 -0.70710678118654757 -0.60876142900872077 92.562500000000014 34693.000000000007 1.0000000180025095e-35 11.500000000000002 8.8687500000000039 92.562500000000014 3.5000000000000004 32663.500000000004 89.562500000000014 0.31250000000000006 3.5000000000000004 21.613281250000004 85.562500000000014
decision_type=2 2 2 2 2 2 2 2 2 2 2 2 2 2 2 2 2 2
left_child=1 2 -1 -3 5 -4 14 -7 -2 10 -10 -12 -13 -11 -5 -16 17 -6
right_child=8 3 4 6 16 7 -8 -9 9 13 11 12 -14 -15 15 -17 -18 -19
leaf_value=10.292490363904513 38.957522007353212 -3.7465321011018582 10.501445116331906 -0.78582981010834629 0.039510268760895167 -4.7536946223357051 13.56043319960156 3.648656056088377 30.21114929162108 -5.0288199063015231 10.138940070403548 15.223338988638281 -41.462460004599286 -31.323291714474003 5.4326205713228006 -0.62896435578876408 9.8793973141012259 2.1970902335722009
leaf_weight=11310 24840 40316 17434 71257 75138 5398 6116 19501 3632 68 296 75 130 103 26579 21060 2762 33785
leaf_count=11310 24840 40316 17434 71257 75138 5398 6116 19501 3632 68 296 75 130 103 26579 21060 2762 33785
internal_value=0.000308354 0.000184373 0.000404473 -3.57271e-05 0.000333377 0.000700523 8.98689e-05 0.000239717 0.001715 0.000562396 0.00102964 -0.00366255 -0.0100264 -0.0107306 3.4884e-05 0.000301729 0.000194214 0.000158826
internal_weight=359800 330656 165328 165328 154018 42333 125012 24899 29144 4304 4133 501 205 171 118896 47639 111685 108923
internal_count=359800 330656 165328 165328 154018 42333 125012 24899 29144 4304 4133 501 205 171 118896 47639 111685 108923
is_linear=0
shrinkage=0.0229654


Tree=230
num_leaves=19
num_cat=0
split_feature=35 11 19 7 16 1 1 1 10 16 10 13 16 3 36 36 22 11
split_gain=116.779 29.2324 20.689 14.8099 24.0795 14.737 17.6419 13.2461 15.4089 14.8 12.4735 43.0194 22.8229 25.5463 29.5865 12.7844 12.4716 14.4698
threshold=36288.500000000007 84.000000000000014 11.556250000000002 -0.60876142900872077 121.06250000000001 16.500000000000004 21.500000000000004 9.5000000000000018 0.6830127018922193 496.06250000000006 0.93301270189221952 8.8687500000000039 92.562500000000014 3.5000000000000004 32663.500000000004 37273.500000000007 6.1957899305555566 132.00000000000003
decision_type=2 2 2 2 2 2 2 2 2 2 2 2 2 2 2 2 2 2
left_child=1 2 3 4 -1 7 -7 -3 9 16 -2 12 -12 -14 -15 -13 -9 -18
right_child=10 5 -4 -5 -6 6 -8 8 -10 -11 11 15 13 14 -16 -17 17 -19
leaf_value=9.5757008350602959 38.062846583552727 0.11966809623206581 10.161466057624583 0.93821552409240783 1.0562514741865749 4.5624770021804952 -2.0832504254980471 4.4986171526548331 5.3308948855489833 -0.349324575846369 29.517337893892012 -36.38258713472775 9.906095165569381 14.873728783483338 -40.510257655347573 -13.996760772893637 -6.1453078024802137 -17.775735069831576
leaf_weight=20469 24840 73256 11103 111872 21884 30900 14992 3044 7120 14172 3632 61 296 75 130 110 11795 10049
leaf_count=20469 24840 73256 11103 111872 21884 30900 14992 3044 7120 14172 3632 61 296 75 130 110 11795 10049
internal_value=0.000304844 0.000182011 0.000397944 0.000329013 0.00069477 -3.39213e-05 0.000315867 -0.000168324 -0.000472934 -0.000652039 0.00169845 0.000557061 0.00102408 -0.00357087 -0.00980231 -0.0107306 -0.000989373 -0.00118128
internal_weight=359800 330656 165328 154225 42353 165328 45892 119436 46180 39060 29144 4304 4133 501 205 171 24888 21844
internal_count=359800 330656 165328 154225 42353 165328 45892 119436 46180 39060 29144 4304 4133 501 205 171 24888 21844
is_linear=0
shrinkage=0.0229654


Tree=231
num_leaves=19
num_cat=0
split_feature=37 37 4 36 37 15 3 26 3 18 32 7 16 26 36 14 12 16
split_gain=202.944 33.5441 25.123 22.3086 23.6494 23.3614 22.0246 18.2042 19.1328 16.9658 16.1489 15.0827 14.9982 27.9784 21.7525 13.5593 23.6584 13.5573
threshold=35034.858621994994 28798.095678294521 11.500000000000002 28730.500000000004 21453.201029702428 8.7437500000000021 2.5000000000000004 17.642317708333337 3.5000000000000004 0.063750000000000015 473.01250000000005 -0.89495246814786256 105.43750000000001 6.7871093750000009 36288.500000000007 92.562500000000014 9.9062500000000036 127.18750000000001
decision_type=2 2 2 2 2 2 2 2 2 2 2 2 2 2 2 2 2 2
left_child=1 3 9 4 -1 -6 11 -7 -9 -3 -10 -4 -8 -14 -15 -13 -17 -11
right_child=-2 2 6 -5 5 7 12 8 10 17 -12 15 13 14 -16 16 -18 -19
leaf_value=-1.0853155898259379 40.36705210266561 11.014956129917355 -45.839598632050247 -5.5260389926312152 4.6230389130857379 -0.34434531157584025 8.8821660269860061 10.342086037355886 -5.8828059136991255 4.9360961008245834 4.0609964012750295 -13.815881627600641 12.735000247811097 -33.038993374223402 58.384544951083321 2.9172770161510284 -34.807645583412096 -6.5106361957684733
leaf_weight=85152 38290 33943 110 15272 38518 101634 3905 11283 2784 17370 3268 2838 329 199 73 145 155 4532
leaf_count=85152 38290 33943 110 15272 38518 101634 3905 11283 2784 17370 3268 2838 329 199 73 145 155 4532
internal_value=0.000302227 0.000114002 0.000586386 -2.48424e-06 5.11008e-05 0.000217818 -0.000638553 5.8664e-05 0.000746525 0.000756467 -0.000295226 -0.00208018 0.000400595 -0.00297671 -0.00842628 -0.00178717 -0.00643031 0.000258154
internal_weight=359800 321510 63599 257911 242639 157487 7754 118969 17335 55845 6052 3248 4506 601 272 3138 300 21902
internal_count=359800 321510 63599 257911 242639 157487 7754 118969 17335 55845 6052 3248 4506 601 272 3138 300 21902
is_linear=0
shrinkage=0.0229654


Tree=232
num_leaves=19
num_cat=0
split_feature=35 11 15 26 1 8 30 27 1 9 21 21 16 15 16 14 3 26
split_gain=114.548 28.5222 36.0294 18.9349 14.0288 16.4951 13.7228 15.0322 12.6706 13.4879 16.9588 15.915 18.7768 15.6785 18.1297 18.6401 11.6252 11.4007
threshold=36288.500000000007 84.000000000000014 14.831250000000004 8.0907552083333361 16.500000000000004 0.82968937203783688 382.94375000000008 0.26445312499999846 9.5000000000000018 0.68301270189221941 7.8773437500000005 12.352994791666669 9.9375000000000018 25.281250000000004 375.68750000000006 61.812500000000007 2.5000000000000004 9.6891927083333353
decision_type=2 2 2 2 2 2 2 2 2 2 2 2 2 2 2 2 2 2
left_child=1 2 3 -1 8 -6 7 -4 -3 11 -11 -10 -13 14 15 -12 -5 -8
right_child=-2 4 6 16 5 -7 17 -9 9 10 13 12 -14 -15 -16 -17 -18 -19
leaf_value=9.1938796262149385 32.849743895140996 0.12027134001832979 -5.6506496916573248 4.194993706455314 4.9127231367269237 -1.3413379969353512 -0.64662900254412725 0.15873554369333462 4.5752727312640129 -2.1392390653193405 -52.572307857381453 -34.29554023808118 -4.4617711347370177 23.274164166628172 -7.4657102045133206 -29.060238016291684 1.0454192308025341 4.2165734176222864
leaf_weight=25597 29144 73256 8863 37726 27184 18708 23567 9852 12278 6547 454 164 20102 631 3232 2772 47747 11976
leaf_count=25597 29144 73256 8863 37726 27184 18708 23567 9852 12278 6547 454 164 20102 631 3232 2772 47747 11976
internal_value=0.000298525 0.000176872 0.000390165 0.000627119 -3.64216e-05 0.000304858 -9.48955e-05 -0.000598217 -0.000167555 -0.000465475 -0.00107181 -0.000211419 -0.000606715 -0.00185013 -0.00218772 -0.00340566 0.000463027 0.000170126
internal_weight=359800 330656 165328 111070 165328 45892 54258 18715 119436 46180 13636 32544 20266 7089 6458 3226 85473 35543
internal_count=359800 330656 165328 111070 165328 45892 54258 18715 119436 46180 13636 32544 20266 7089 6458 3226 85473 35543
is_linear=0
shrinkage=0.0229654


Tree=233
num_leaves=19
num_cat=0
split_feature=37 37 36 37 36 26 8 9 23 30 5 37 33 1 36 37 21 37
split_gain=196.024 31.8446 21.5494 22.7792 21.2811 20.1132 17.4599 14.9279 14.0425 13.3651 12.9775 12.7124 15.6756 12.6297 18.2283 11.9175 11.4354 11.301
threshold=35034.858621994994 28798.095678294521 28730.500000000004 22689.98080292749 22038.500000000004 17.567838541666671 -0.89495246814786256 0.25000000000000011 -1.2874999999999992 726.29375000000016 1.0000000180025095e-35 25301.641546275634 0.9965277777777779 1.5000000000000002 21132.500000000004 36739.182209703904 15.123307291666668 20411.727015907407
decision_type=2 2 2 2 2 2 2 2 2 2 2 2 2 2 2 2 2 2
left_child=1 2 3 13 -5 11 16 -7 -9 -8 -4 12 -6 -1 17 -2 -3 -15
right_child=15 6 10 4 5 7 9 8 -10 -11 -12 -13 -14 14 -16 -17 -18 -19
leaf_value=1.4640562950428899 20.344348163126892 -1.598235539146355 -3.2665141613543311 9.2638372898833126 -1.1967995513988696 6.7041304706917444 12.928142409209176 5.3408482126895125 -11.780544707460043 5.1275949505591951 -15.054871403624501 2.1783186431358215 -20.607944736116377 -1.0165117916199555 -3.0161369369521651 65.449491535441865 -16.95176249969488 2.6451770597594435
leaf_weight=17751 14059 12232 12315 14409 47851 16024 12940 473 585 38366 2957 46754 400 45619 35691 24231 61 17082
leaf_count=17751 14059 12232 12315 14409 47851 16024 12940 473 585 38366 2957 46754 400 45619 35691 24231 61 17082
internal_value=0.000293419 0.000108431 -5.06651e-06 4.75988e-05 0.000260815 0.000154015 0.000568692 0.000879521 -0.00176256 0.00075495 -0.000841804 2.35686e-05 -0.000237931 -0.000184624 -0.000286344 0.00184671 -0.000208674 -5.05084e-05
internal_weight=359800 321510 257911 242639 126496 112087 63599 17082 1058 51306 15272 95005 48251 116143 98392 38290 12293 62701
internal_count=359800 321510 257911 242639 126496 112087 63599 17082 1058 51306 15272 95005 48251 116143 98392 38290 12293 62701
is_linear=0
shrinkage=0.0229654


Tree=234
num_leaves=19
num_cat=0
split_feature=35 11 15 25 4 28 15 3 0 4 6 35 32 26 15 3 4 28
split_gain=110.84 27.9493 34.3771 19.3994 14.1403 32.2111 30.8786 13.7357 14.2619 19.755 19.993 24.4702 14.2244 27.4225 14.2979 13.3314 29.7089 24.0617
threshold=36288.500000000007 84.000000000000014 14.093750000000004 8.48463541666667 11.500000000000002 3.6502987838971208 14.831250000000004 4.5000000000000009 34.500000000000007 11.500000000000002 1.0000000180025095e-35 28030.500000000004 152.13125000000005 17.092187500000005 8.7437500000000021 2.5000000000000004 11.500000000000002 2.7219068877551025
decision_type=2 2 2 2 2 2 2 2 2 2 2 2 2 2 2 2 2 2
left_child=1 2 3 -1 -2 -6 -7 8 -3 -10 -11 -12 13 -9 -15 16 -5 -18
right_child=4 7 -4 15 5 6 -8 12 9 10 11 -13 -14 14 -16 -17 17 -19
leaf_value=8.5053354484156269 35.164700866264859 -0.37872857803391624 -0.26247783815521392 4.6193598206547133 19.061565558853861 -33.965683926147875 -10.342507314159766 -3.0447287831888246 4.606446774862726 -7.5585600882551915 -19.825441452590564 -52.461642353165111 1.6286358776469665 -2.8173513127673004 -25.076726409434869 0.80232063497113337 -6.2662110578723205 -39.964380170749607
leaf_weight=28025 24840 84648 61722 32669 3931 73 300 36198 30496 1548 148 76 11735 163 316 42327 368 217
leaf_count=28025 24840 84648 61722 32669 3931 73 300 36198 30496 1548 148 76 11735 163 316 42327 368 217
internal_value=0.000291887 0.000172218 0.000383359 0.00063896 0.00164959 0.000434337 -0.00601534 -3.8922e-05 9.57777e-05 0.000506594 -0.00185071 -0.00826345 -0.000364224 -0.000586893 -0.0060458 0.000447604 0.000791711 -0.00433791
internal_weight=359800 330656 165328 103606 29144 4304 373 165328 116916 32268 1772 224 48412 36677 479 75581 33254 585
internal_count=359800 330656 165328 103606 29144 4304 373 165328 116916 32268 1772 224 48412 36677 479 75581 33254 585
is_linear=0
shrinkage=0.0229654


Tree=235
num_leaves=19
num_cat=0
split_feature=35 36 15 25 10 35 13 0 27 14 21 8 0 14 5 24 10 13
split_gain=108.65 26.462 23.6633 14.7467 23.7972 13.7976 13.7487 13.4683 22.9946 21.1285 12.6793 12.4496 13.852 22.1811 14.1163 16.2325 15.9624 28.1224
threshold=36866.500000000007 36686.500000000007 9.6562500000000036 4.4231770833333348 0.93301270189221952 17955.000000000004 22.031250000000004 38.500000000000007 -2.5470424107142846 80.187500000000014 5.2751302083333345 0.99572243068690536 35.500000000000007 87.437500000000014 1.0000000180025095e-35 7.6562500000000009 0.93301270189221952 6.9562500000000016
decision_type=2 2 2 2 2 2 2 2 2 2 2 2 2 2 2 2 2 2
left_child=1 2 5 4 -4 -1 11 10 9 -9 -6 12 13 -5 16 -16 -14 -18
right_child=-2 -3 3 6 7 -7 -8 8 -10 -11 -12 -13 14 -15 15 -17 17 -19
leaf_value=-2.5996133797102816 35.399416993120475 17.384883126996435 8.9226127425246435 -1.8865330545816099 5.3487230017748821 2.8560694155343587 8.6190734739943942 -24.725616675732663 -3.0826107643353926 21.128955352754016 -32.480303738457778 -4.8130361813518299 3.724241881720443 1.9649757231464631 -1.1208435348768908 -22.957183406302558 -3.6546702516120586 -44.851782706403796
leaf_weight=5358 24992 11856 11781 116122 602 94364 5862 187 304 62 192 4316 33889 32662 15801 63 1161 226
leaf_count=5358 24992 11856 11781 116122 602 94364 5862 187 304 62 192 4316 33889 32662 15801 63 1161 226
internal_value=0.000288185 0.000179151 0.000140032 8.64182e-06 0.000755367 0.000434151 -3.80165e-05 -0.00213628 -0.00488794 -0.0100624 -0.00021982 -6.94898e-05 -4.31453e-05 -0.000155218 0.000282914 -0.000286054 0.000538785 -0.00187598
internal_weight=359800 334808 322952 223230 13128 99722 210102 1347 553 249 794 204240 199924 148784 51140 15864 35276 1387
internal_count=359800 334808 322952 223230 13128 99722 210102 1347 553 249 794 204240 199924 148784 51140 15864 35276 1387
is_linear=0
shrinkage=0.0229654


Tree=236
num_leaves=19
num_cat=0
split_feature=36 7 11 12 14 3 29 21 6 14 6 10 7 27 18 3 27 4
split_gain=100.925 27.6089 22.4173 26.6072 18.002 14.7835 12.3481 10.4406 9.95294 9.81813 21.2845 19.557 25.1344 12.2698 11.4004 12.4027 9.94945 14.4216
threshold=36686.500000000007 -0.79335334029123528 84.000000000000014 3.9812500000000011 66.812500000000014 3.5000000000000004 333.6062500000001 21.613281250000004 1.0000000180025095e-35 85.562500000000014 1.0000000180025095e-35 0.6830127018922193 0.44134171618254497 7.9144717261904747 0.051250000000000011 4.5000000000000009 -1.0000000180025095e-35 9.5000000000000018
decision_type=2 2 2 2 2 2 2 2 2 2 2 2 2 2 2 2 2 2
left_child=1 4 3 -3 5 -1 8 9 -2 14 13 -12 -13 -11 15 -5 -16 -18
right_child=6 2 -4 7 -6 -7 -8 -9 -10 10 11 12 -14 -15 16 -17 17 -19
leaf_value=7.0383151016380614 11.873490889017027 10.105685897721607 -0.83328409883832266 1.9686616073207801 9.2664054339091368 -1.4336825167874796 37.189030340256402 9.5794933090854837 -45.23630760067261 2.7766175018040764 -0.15038721067998415 -7.3265894864197358 -25.935326436224635 -9.1496828588641019 -4.0176178115008856 -1.4087276593246161 2.4416607939711943 -11.775450948479529
leaf_weight=17552 6720 12297 136848 44511 27471 14705 19555 3067 101 34420 496 211 167 106 10733 18831 10365 1644
leaf_count=17552 6720 12297 136848 44511 27471 14705 19555 3067 101 34420 496 211 167 106 10733 18831 10365 1644
internal_value=0.000285568 0.000177387 7.97635e-05 0.000287605 0.000624735 0.000256801 0.0016531 0.000186986 0.000811752 0.000153577 0.000475527 -0.00306381 -0.00699898 0.000565122 2.11823e-05 0.000179541 -0.000419885 3.42311e-05
internal_weight=359800 333424 273696 136848 59728 32257 26376 124551 6821 121484 35400 874 378 34526 86084 63342 22742 12009
internal_count=359800 333424 273696 136848 59728 32257 26376 124551 6821 121484 35400 874 378 34526 86084 63342 22742 12009
is_linear=0
shrinkage=0.0229654


Tree=237
num_leaves=19
num_cat=0
split_feature=37 37 36 37 35 36 16 30 35 37 3 36 32 1 18 27 15 33
split_gain=189.598 29.1831 21.1227 26.1082 21.2828 21.0046 17.0609 23.5296 22.3839 19.0731 24.2119 25.8323 16.0954 16.8982 15.9036 14.7237 13.9852 13.5585
threshold=35034.858621994994 27293.166056024627 26178.500000000004 23426.150605651444 30149.500000000004 27525.500000000004 89.312500000000014 1151.3437500000002 34388.000000000007 32190.447664565985 1.5000000000000002 31379.500000000004 0.037499999999998763 1.5000000000000002 0.051250000000000011 1.1278459821428577 9.9812500000000028 0.25347222222222227
decision_type=2 2 2 2 2 2 2 2 2 2 2 2 2 2 2 2 2 2
left_child=1 2 3 -1 12 -3 7 -7 14 10 -10 -12 13 -4 -8 -13 -5 -14
right_child=-2 5 4 16 -6 6 8 -9 9 -11 11 15 17 -15 -16 -17 -18 -19
leaf_value=-0.5944555941680012 37.126499572877208 13.592296154674925 3.889659014582612 6.126439083000415 -20.455067788898628 7.7478804410787649 4.4006801514476663 -0.63638476575072966 -37.414952988850935 -8.0623560992577161 18.191242471492643 -26.588493981100338 0.33525364455725432 -7.9810190985159046 -5.1386102739978181 -0.23174383591162664 1.1868781655997824 -18.095342523515978
leaf_weight=133310 38290 15204 2704 24109 812 27097 15822 18203 118 2539 332 238 16937 13508 9265 97 41144 71
leaf_count=133310 38290 15204 2704 24109 812 27097 15822 18203 118 2539 332 238 16937 13508 9265 97 41144 71
internal_value=0.000282504 0.000100573 -3.47055e-05 5.58976e-05 -0.000563338 0.000454452 0.000294144 0.00057084 -0.000147035 -0.00191793 -0.00504654 -0.00335013 -0.000473549 -0.000991315 8.76068e-05 -0.00784937 0.000432293 1.99841e-05
internal_weight=359800 321510 232595 198563 34032 88915 73711 45300 28411 3324 785 667 33220 16212 25087 335 65253 17008
internal_count=359800 321510 232595 198563 34032 88915 73711 45300 28411 3324 785 667 33220 16212 25087 335 65253 17008
is_linear=0
shrinkage=0.0229654


Tree=238
num_leaves=19
num_cat=0
split_feature=37 37 4 30 3 36 37 26 3 32 15 18 8 30 17 23 30 17
split_gain=187.328 36.0179 28.5574 22.3067 28.9393 20.5454 20.4332 23.8316 25.9042 20.1958 19.3794 19.0159 17.6111 20.641 16.9227 15.6827 16.0198 15.3675
threshold=35846.50295650318 28798.095678294521 11.500000000000002 1000.8062500000002 2.5000000000000004 28891.000000000004 21058.27068631602 17.642317708333337 3.5000000000000004 495.60000000000008 6.918750000000002 0.063750000000000015 -0.70710678118654757 33.48125000000001 78.937500000000014 3.3749999999999978 521.75000000000011 42.562500000000007
decision_type=2 2 2 2 2 2 2 2 2 2 2 2 2 2 2 2 2 2
left_child=1 5 11 -4 14 6 -1 10 -9 12 -8 -3 13 -10 -5 -13 -17 -18
right_child=-2 2 3 4 -6 -7 7 8 9 -11 -12 15 -14 -15 -16 16 17 -19
leaf_value=-1.1430068935091116 47.157077257766915 10.870249765377192 19.797476231371235 -6.7045824828329597 0.079248697361479326 -5.6162569382300118 4.9395535810488242 9.4901008414111949 -23.599227754797997 4.5626414709273968 -0.23165740652720698 3.6042716966789339 -2.1774685658842081 -7.783584040291764 -29.81076622036667 -34.622308315689452 -50.178325313802212 -6.021480120489314
leaf_weight=75238 31257 37096 2181 1055 4068 13701 16509 17558 296 4770 125832 22887 3594 413 1903 75 143 1224
leaf_count=75238 31257 37096 2181 1055 4068 13701 16509 17558 296 4770 125832 22887 3594 413 1903 75 143 1224
internal_value=0.000278036 0.000116406 0.000575891 -0.000616851 -0.00124666 -9.42967e-06 3.91206e-05 0.000179296 0.000809839 -0.000186548 6.13257e-05 0.000754671 -0.00132733 -0.00463519 -0.0029751 0.000255717 -0.00206721 -0.00150023
internal_weight=359800 328543 70632 9207 7026 257911 244210 168972 26631 9073 142341 61425 4303 709 2958 24329 1442 1367
internal_count=359800 328543 70632 9207 7026 257911 244210 168972 26631 9073 142341 61425 4303 709 2958 24329 1442 1367
is_linear=0
shrinkage=0.0229654


Tree=239
num_leaves=19
num_cat=0
split_feature=37 37 4 22 26 18 36 37 35 13 15 26 36 35 37 35 9 21
split_gain=184.338 34.5483 26.8747 21.5335 19.5932 18.2304 18.1838 17.4306 24.84 17.1113 16.4612 15.6561 25.8202 15.9572 15.3689 14.5173 14.183 23.848
threshold=35846.50295650318 28798.095678294521 11.500000000000002 8.5501302083333357 19.946614583333339 0.063750000000000015 28891.000000000004 22027.651292515438 21360.500000000004 9.4437500000000032 6.918750000000002 4.5654947916666675 34381.500000000007 33092.000000000007 19777.377895503061 34697.500000000007 0.93301270189221952 6.3863281250000012
decision_type=2 2 2 2 2 2 2 2 2 2 2 2 2 2 2 2 2 2
left_child=1 4 5 9 6 -3 7 -1 -9 11 -10 12 -4 -14 -6 -8 -12 -18
right_child=-2 2 3 -5 14 -7 15 8 10 -11 16 -13 13 -15 -16 -17 17 -19
leaf_value=-1.0520048060100391 46.074095694596046 10.6206100343435 -10.016351137496052 19.34281909393474 -2.6754223869207299 2.2296963067883175 -5.3712553296757051 12.670527537935172 5.0950631224572076 -28.632979814337517 0.31344977919998629 -6.6524378526680588 0.98210139769342153 -32.536415769747144 7.3685753093837763 -37.519615936618237 5.1241326029081016 -7.9057689438947989
leaf_weight=92439 31257 37096 940 2181 3022 24329 13406 12101 13930 88 99701 5702 72 224 11821 66 3565 7860
leaf_count=92439 31257 37096 940 2181 3022 24329 13406 12101 13930 88 99701 5702 72 224 11821 66 3565 7860
internal_value=0.000275483 0.000115148 0.000565161 -0.000591907 -8.09401e-06 0.000738595 -5.7558e-05 -9.4423e-06 0.000154831 -0.0012107 5.86917e-05 -0.00108306 -0.00342623 -0.00934133 0.000801925 -0.000877568 -3.4595e-05 -0.000801025
internal_weight=359800 328543 70632 9207 257911 61425 243068 229596 137157 7026 125056 6938 1236 296 14843 13472 111126 11425
internal_count=359800 328543 70632 9207 257911 61425 243068 229596 137157 7026 125056 6938 1236 296 14843 13472 111126 11425
is_linear=0
shrinkage=0.0229654


Tree=240
num_leaves=19
num_cat=0
split_feature=37 37 4 35 3 35 11 15 30 3 37 35 17 3 17 8 35 35
split_gain=180.431 33.2881 26.1437 22.2859 19.5527 23.6151 19.4394 24.7377 19.226 23.8552 17.7489 17.5281 24.8772 16.9296 15.5159 15.347 15.5623 14.8999
threshold=35846.50295650318 29664.30767982973 11.500000000000002 31538.000000000004 3.5000000000000004 32525.000000000004 132.00000000000003 11.268750000000002 1000.8062500000002 2.5000000000000004 22905.088031179152 36866.500000000007 61.687500000000007 2.5000000000000004 78.937500000000014 -0.89495246814786256 39830.500000000007 36288.500000000007
decision_type=2 2 2 2 2 2 2 2 2 2 2 2 2 2 2 2 2 2
left_child=1 3 13 6 5 -5 7 10 -4 14 -1 -11 -13 -3 -10 -15 -17 -16
right_child=-2 2 8 4 -6 -7 -8 -9 9 11 -12 12 -14 15 17 16 -18 -19
leaf_value=0.36552097730616617 45.015985245887165 15.48974286892622 19.415003817404788 -22.269250449626874 -4.5710164730687097 -31.256203530025005 -2.0375269980754815 -0.42082463725994262 -6.351480998445818 7.4747509336804914 4.8764814285566604 -37.545095710904235 -6.568183159698231 -5.0761950797895379 -27.371166528130235 5.8492172117772849 -28.940791386920083 -34.226649834824258
leaf_weight=41933 31257 23660 1997 355 2622 261 66671 113738 1005 3006 43653 153 473 5422 1631 21694 126 143
leaf_count=41933 31257 23660 1997 355 2622 261 66671 113738 1005 3006 43653 153 473 5422 1631 21694 126 143
internal_value=0.000272866 0.000114239 0.000606758 5.74073e-06 -0.00188801 -0.00556986 2.87937e-05 0.000142339 -0.000579598 -0.00119251 0.000437273 3.28801e-05 -0.00346315 0.00080272 -0.00279403 0.000412403 0.000684121 -0.00408562
internal_weight=359800 328543 59310 269233 3238 616 265995 199324 8408 6411 85586 3632 626 50902 2779 27242 21820 1774
internal_count=359800 328543 59310 269233 3238 616 265995 199324 8408 6411 85586 3632 626 50902 2779 27242 21820 1774
is_linear=0
shrinkage=0.0229654


Tree=241
num_leaves=19
num_cat=0
split_feature=35 11 15 35 16 3 10 8 33 18 26 3 8 35 31 19 8 26
split_gain=102.691 26.3611 32.9397 17.0531 14.0113 11.926 14.3991 11.8389 11.2423 12.9992 11.0458 10.2698 10.5232 10.0746 9.86374 10.3195 9.85506 9.41058
threshold=37282.500000000007 108.00000000000001 11.831250000000002 27865.500000000004 115.31250000000001 4.5000000000000009 -0.68301270189221952 -0.70710678118654757 0.98958333333333348 0.18875000000000006 3.2561197916666673 4.5000000000000009 -0.44134171618254459 17955.000000000004 259.13125000000002 11.256250000000001 0.99572243068690536 18.747265625000004
decision_type=2 2 2 2 2 2 2 2 2 2 2 2 2 2 2 2 2 2
left_child=1 2 3 14 -5 -6 -7 -3 13 -10 -4 -2 -13 -9 15 -1 -12 -15
right_child=11 7 10 4 5 6 -8 8 9 -11 16 12 -14 17 -16 -17 -18 -19
leaf_value=1.3901908721891376 45.903220218302771 -4.4954217083374663 11.398650908614631 15.488948612377383 6.7190751502032855 -39.123463517605352 -6.7249283735617276 -5.5981859186694969 4.5102566525715941 -19.253086526988312 0.32273653132002056 -10.081539386632388 27.870239761153851 0.39895523209015804 10.453579474516626 8.616285112849166 -4.8884306200021541 5.8951296585025013
leaf_weight=62947 18136 31248 2898 17767 5173 91 1522 4179 1115 1345 108517 1496 2504 81951 3734 6260 2131 6786
leaf_count=62947 18136 31248 2898 17767 5173 91 1522 4179 1115 1345 108517 1496 2504 81951 3734 6260 2131 6786
internal_value=0.000272866 0.000173527 0.000330705 0.000640339 0.00116384 0.000276154 -0.00144797 -8.84344e-05 3.86707e-05 -0.00149369 6.48435e-05 0.00178818 0.000734893 7.92406e-05 0.000464119 0.000402086 2.81859e-05 0.000131136
internal_weight=359800 337664 211040 97494 24553 6786 1613 126624 95376 2460 113546 22136 4000 92916 72941 69207 110648 88737
internal_count=359800 337664 211040 97494 24553 6786 1613 126624 95376 2460 113546 22136 4000 92916 72941 69207 110648 88737
is_linear=0
shrinkage=0.0229654


Tree=242
num_leaves=19
num_cat=0
split_feature=37 37 10 3 3 13 15 28 33 35 16 15 13 37 24 35 35 16
split_gain=178.149 32.6338 25.4586 19.4501 19.1982 20.4637 32.5185 21.8194 20.971 19.402 47.679 16.9219 15.0054 21.8229 15.8507 14.7561 14.4445 22.8785
threshold=35846.50295650318 28798.095678294521 0.93301270189221952 2.5000000000000004 2.5000000000000004 7.7562500000000023 17.568750000000005 -2.513443732193732 0.26041666666666669 36866.500000000007 85.812500000000014 6.3187500000000023 20.031250000000004 19574.565316963995 -4.9750000000000005 28882.500000000004 36136.000000000007 4.0625000000000009
decision_type=2 2 2 2 2 2 2 2 2 2 2 2 2 2 2 2 2 2
left_child=1 11 3 -3 5 7 16 8 -4 -6 -11 -1 15 -14 -15 -13 17 -7
right_child=-2 2 4 -5 9 6 -8 -9 -10 10 -12 12 13 14 -16 -17 -18 -19
leaf_value=2.9219602173255983 43.455754809455492 13.101121006960961 -37.149740110089567 2.7853086656103412 9.3877700240061142 -45.545202295979955 3.1273633911736649 -4.4667886885146926 -8.4011467305495255 1.9707980311961204 -39.790163368565295 -0.36128322103226301 -5.6903743975921639 -14.351414037930665 8.1089894128113276 -5.3908869153170285 -34.00365561459931 -2.5648444152435546
leaf_weight=22678 31257 28976 152 32449 4501 114 235 2922 421 487 157 207859 2132 140 13383 11719 89 129
leaf_count=22678 31257 28976 152 32449 4501 114 235 2922 421 487 157 207859 2132 140 13383 11719 89 129
internal_value=0.000269483 0.000111862 0.000549229 0.000718031 -0.000576941 -0.00175718 -0.00580413 -0.00110063 -0.00519828 0.000354859 -0.00337349 -7.91592e-06 -6.56745e-05 0.000621262 0.000961718 -0.00011465 -0.0104313 -0.00753228
internal_weight=359800 328543 70632 61425 9207 4062 567 3495 573 5145 644 257911 235233 15655 13523 219578 332 243
internal_count=359800 328543 70632 61425 9207 4062 567 3495 573 5145 644 257911 235233 15655 13523 219578 332 243
is_linear=0
shrinkage=0.0229654


Tree=243
num_leaves=19
num_cat=0
split_feature=35 11 15 25 36 36 15 30 31 18 35 13 31 16 21 5 0 4
split_gain=100.946 25.4924 31.6926 17.2079 11.5569 11.2477 11.0679 13.1984 21.9496 15.4083 16.5497 17.2383 23.3192 18.7678 11.0281 9.90891 19.6168 10.5883
threshold=37282.500000000007 108.00000000000001 11.831250000000002 8.48463541666667 36853.500000000007 36853.500000000007 18.668750000000006 35.031250000000007 178.28125000000003 0.28000000000000008 19773.500000000004 14.431250000000002 66.343750000000043 569.31250000000011 20.602994791666671 1.0000000180025095e-35 18.500000000000004 11.500000000000002
decision_type=2 2 2 2 2 2 2 2 2 2 2 2 2 2 2 2 2 2
left_child=1 2 3 -1 6 -3 -4 8 9 10 -8 12 -12 -13 -5 -2 -17 -18
right_child=15 5 4 14 -6 -7 7 -9 -10 -11 11 13 -14 -15 -16 16 17 -19
leaf_value=8.2375772731756829 44.207078026532528 -0.88021776467040491 0.84624064980590408 1.6908498295923244 14.426336332560258 14.560989375122141 0.97770506908762622 -1.33087149118097 5.6802525025627624 3.2895093269378477 -7.4611417842180652 -11.768551104936671 -35.823006641038724 -56.465112865384882 8.9105720648480631 -24.594906244169117 25.078131592498323 -18.153231460588035
leaf_weight=27584 18136 122043 76451 65329 5459 4581 237 29582 698 284 83 485 185 82 4581 216 3376 408
leaf_count=27584 18136 122043 76451 65329 5459 4581 237 29582 698 284 83 485 185 82 4581 216 3376 408
internal_value=0.000267121 0.000168631 0.000323196 0.000626912 6.24164e-05 -8.89785e-05 1.03474e-05 -0.000350913 -0.00213106 -0.00383434 -0.00509438 -0.00661459 -0.0114142 -0.00434601 0.000435262 0.00176951 0.000734893 0.00111914
internal_weight=359800 337664 211040 97494 113546 126624 108087 31636 2054 1356 1072 835 268 567 69910 22136 4000 3784
internal_count=359800 337664 211040 97494 113546 126624 108087 31636 2054 1356 1072 835 268 567 69910 22136 4000 3784
is_linear=0
shrinkage=0.0229654


Tree=244
num_leaves=19
num_cat=0
split_feature=37 37 4 3 35 16 36 37 3 16 13 14 28 14 3 0 27 0
split_gain=175.813 31.3277 21.1951 23.2373 23.6972 48.7209 20.0408 23.4585 19.4189 18.8582 17.9139 34.2154 18.5221 23.4609 17.5883 17.552 17.324 15.5109
threshold=35846.50295650318 27152.532109597381 11.500000000000002 2.5000000000000004 33580.500000000007 96.187500000000014 26113.500000000004 23426.150605651444 3.5000000000000004 137.56250000000003 7.5937500000000018 90.187500000000014 -1.6865069356872622 73.062500000000014 4.5000000000000009 6.5000000000000009 2.7672247023809522 44.500000000000007
decision_type=2 2 2 2 2 2 2 2 2 2 2 2 2 2 2 2 2 2
left_child=1 6 8 10 -5 -6 7 -1 9 17 12 -12 13 -4 -8 -16 -10 -3
right_child=-2 2 3 4 5 -7 14 -9 16 -11 11 -13 -14 -15 15 -17 -18 -19
leaf_value=-0.56436538055638785 41.862518180961018 11.882204563613813 -37.119367781214137 15.020776022817493 -0.7228990804281239 -35.207959323405774 -1.8093522697718334 2.8379544522146238 2.5994839391513676 1.9657801403616337 -8.0663353262480033 -36.032256303017078 -4.8719367550590329 -11.292098497954699 9.3810982874381352 -10.447445180130035 -5.3032286647669071 -2.2516454709976212
leaf_weight=133062 31257 34421 115 3668 2143 307 26258 63584 25911 18730 408 298 2934 812 853 6040 5549 3450
leaf_count=133062 31257 34421 115 3668 2143 307 26258 63584 25911 18730 408 298 2934 812 853 6040 5549 3450
internal_value=0.000263483 0.000106899 0.000449001 -0.00051691 0.000408407 -0.00134043 -4.0105e-05 4.79522e-05 0.000566201 0.000820451 -0.00175647 -0.00512005 -0.00114143 -0.00397126 -0.000562445 -0.00159488 0.000108768 0.00111525
internal_weight=359800 328543 98746 10685 6118 2450 229797 196646 88061 56601 4567 706 3861 927 33151 6893 31460 37871
internal_count=359800 328543 98746 10685 6118 2450 229797 196646 88061 56601 4567 706 3861 927 33151 6893 31460 37871
is_linear=0
shrinkage=0.0229654


Tree=245
num_leaves=19
num_cat=0
split_feature=37 37 35 36 4 35 37 36 11 15 37 34 22 23 21 36 35 25
split_gain=173.632 26.5355 24.2047 19.2397 18.4539 19.903 17.8478 20.5868 14.9593 18.5928 14.698 14.2831 14.2251 13.4439 16.9565 13.3833 15.3149 15.6105
threshold=35190.496756701024 25301.641546275634 25199.500000000004 23203.500000000004 11.500000000000002 34880.500000000007 21227.09264132009 21250.500000000004 84.000000000000014 12.568750000000003 36939.885737871497 0.031250000000000007 8.6250434027777789 4.3375000000000021 3.0083333333333337 34381.500000000007 36288.500000000007 5.667447916666668
decision_type=2 2 2 2 2 2 2 2 2 2 2 2 2 2 2 2 2 2
left_child=1 2 6 -4 8 12 -1 -8 9 13 -2 -9 -6 -3 -15 -7 17 -17
right_child=10 4 3 -5 5 15 7 11 -10 -11 -12 -13 -14 14 -16 16 -18 -19
leaf_value=-1.0086284218022414 15.90869255091914 8.4493188363924094 0.54119691969628869 -6.3909146190454882 -5.5947396785670671 -6.8449062643041865 6.755999210753858 -0.85765691066935756 1.3152233620506413 1.849364938459471 58.996099813457739 3.1043150093892939 17.056506289022042 -22.009436779879863 -5.1016335204126841 -29.624733354297089 -27.82227425405139 1.0222378376284877
leaf_weight=78915 14032 29302 8107 13026 7307 1055 16410 49902 61146 31009 22799 22467 2227 97 1139 63 432 365
leaf_count=78915 14032 29302 8107 13026 7307 1055 16410 49902 61146 31009 22799 22467 2227 97 1139 63 432 365
internal_value=0.000261377 9.10101e-05 -8.44417e-05 -0.000816879 0.000337988 -0.000543796 7.86092e-06 0.000231235 0.00042027 0.000673026 0.00175531 6.47052e-05 -0.000114658 0.00107525 -0.0012709 -0.0026803 -0.00480671 -0.00172777
internal_weight=359800 322969 188827 21133 134142 11449 167694 88779 122693 61547 36831 72369 9534 30538 1236 1915 860 428
internal_count=359800 322969 188827 21133 134142 11449 167694 88779 122693 61547 36831 72369 9534 30538 1236 1915 860 428
is_linear=0
shrinkage=0.0229654


Tree=246
num_leaves=19
num_cat=0
split_feature=37 37 35 3 35 26 35 37 35 15 16 30 35 17 15 27 17 30
split_gain=171.647 30.5814 21.0215 18.1271 21.3868 17.8011 17.1607 14.6772 21.6136 17.8623 14.1398 20.3795 16.6711 15.8027 15.4922 15.4223 12.6919 12.4322
threshold=35846.50295650318 29664.30767982973 31538.000000000004 3.5000000000000004 32525.000000000004 22.151953125000009 39170.500000000007 22421.220383782642 21865.500000000004 8.7437500000000021 82.437500000000014 1134.6437500000004 35225.000000000007 45.062500000000007 14.956250000000004 -2.4266741071428553 27.812500000000004 4.3000000000000043
decision_type=2 2 2 2 2 2 2 2 2 2 2 2 2 2 2 2 2 2
left_child=1 2 5 4 -4 7 10 -1 17 -10 11 -3 -12 14 15 -14 -11 -9
right_child=-2 6 3 -5 -6 -7 -8 8 9 16 12 -13 13 -15 -16 -17 -18 -19
leaf_value=-0.91227607539004985 40.263985208148696 12.840966142625684 -21.681555576018262 -4.3836582976663987 -30.366483940226676 9.7090718597536618 -26.94908512244497 -15.885487347074806 3.5662767622227913 3.647613254658812 4.1717933514882715 2.7703139000837602 -38.04688456690883 -3.5630484152318234 -34.099790135078926 -1.8029817516079647 -1.052751475326994 11.574190940198163
leaf_weight=106842 31257 19784 355 2622 261 5433 326 501 30827 11080 17463 18623 93 2545 137 339 97545 13767
leaf_count=106842 31257 19784 355 2622 261 5433 326 501 30827 11080 17463 18623 93 2545 137 339 97545 13767
internal_value=0.00025959 0.000104872 8.78669e-07 -0.00183837 -0.00538345 2.32681e-05 0.000576943 -3.86036e-06 0.000139836 5.27317e-05 0.000605984 0.000866248 0.000120201 -0.00142778 -0.00488772 -0.00275372 -8.57304e-05 0.000991176
internal_weight=359800 328543 269233 3238 616 265995 59310 260562 153720 139452 58984 38407 20577 3114 569 432 108625 14268
internal_count=359800 328543 269233 3238 616 265995 59310 260562 153720 139452 58984 38407 20577 3114 569 432 108625 14268
is_linear=0
shrinkage=0.0229654


Tree=247
num_leaves=19
num_cat=0
split_feature=37 37 15 37 0 3 3 15 26 37 8 3 0 26 9 37 28 37
split_gain=169.732 24.4844 16.8769 15.3129 14.7161 22.285 13.843 12.2562 11.6262 10.8202 15.2881 10.5492 20.7165 12.6554 26.5023 13.7415 15.3806 11.9202
threshold=35190.496756701024 25583.618629345867 9.6562500000000036 37983.0710143713 4.5000000000000009 1.0000000180025095e-35 4.5000000000000009 5.9687500000000009 10.47330729166667 30520.511841956639 -0.89495246814786256 1.0000000180025095e-35 10.500000000000002 19.608203125000003 0.25000000000000011 17350.890228859495 3.9125000000000014 18031.999696501833
decision_type=2 2 2 2 2 2 2 2 2 2 2 2 2 2 2 2 2 2
left_child=1 4 6 -2 5 -1 -3 -6 9 -4 -11 12 -9 -13 -15 -16 -17 -14
right_child=3 2 8 -5 7 -7 -8 11 -10 10 -12 13 17 14 15 16 -18 -19
leaf_value=-3.6219413337367437 19.465300454082612 8.8440307422563667 -2.2690886070572676 78.435860679689398 2.466863327653988 3.5789684289726114 -0.23121347613680043 -3.221766182342908 3.2934556803717605 -6.9999934453458694 5.5572948747113617 -1.6936381987089228 -12.971213436222092 4.319967543256432 -14.344686321252512 -24.107253243287069 -3.8696206091385261 5.8115312899207945
leaf_weight=3748 21116 25930 30188 15715 12700 21939 8535 5568 36655 5672 20148 127168 364 9199 66 97 333 14659
leaf_count=3748 21116 25930 30188 15715 12700 21939 8535 5568 36655 5672 20148 127168 364 9199 66 97 333 14659
internal_value=0.000257675 8.92325e-05 0.000337414 0.00173474 -7.1872e-05 0.000440497 0.000771289 -0.000149221 0.000176039 -3.20649e-05 0.000313084 -0.000204576 0.000280055 -0.000277488 0.000522318 -0.00464864 -0.00315107 0.000723526
internal_weight=359800 322969 127128 36831 195841 25687 34465 170154 92663 56008 25820 157454 20591 136863 9695 496 430 15023
internal_count=359800 322969 127128 36831 195841 25687 34465 170154 92663 56008 25820 157454 20591 136863 9695 496 430 15023
is_linear=0
shrinkage=0.0229654


Tree=248
num_leaves=19
num_cat=0
split_feature=7 16 25 15 14 3 32 21 16 25 9 10 16 3 21 15 32 10
split_gain=59.5392 48.9656 29.1222 18.8887 15.8608 20.4642 21.1327 27.7091 18.3779 17.7455 15.5374 15.1873 18.1925 14.0065 13.8146 35.1454 13.7548 17.1628
threshold=-0.79335334029123528 121.06250000000001 3.046614583333334 6.668750000000002 86.812500000000014 4.5000000000000009 103.6375 16.086848958333338 2.1875000000000004 22.846354166666668 -0.6830127018922193 -0.68301270189221952 11.562500000000002 3.5000000000000004 14.832161458333333 18.781250000000004 1.2625000000000004 0.6830127018922193
decision_type=2 2 2 2 2 2 2 2 2 2 2 2 2 2 2 2 2 2
left_child=1 11 -2 -4 5 -5 7 10 -6 -8 -7 12 -1 -3 16 -16 17 -12
right_child=2 13 3 4 8 6 9 -9 -10 -11 14 -13 -14 -15 15 -17 -18 -19
leaf_value=-28.710527570198405 12.106019248527055 5.5629008416197969 3.1291882255575634 0.16560768424286304 0.22961837776490732 -8.6404871738106994 1.5226752212649333 -52.321127441763359 7.1797073385321424 -7.5822663705629738 -7.9768162993988545 16.421531305179922 1.9166747547974572 -1.5818684980339897 -0.33950821151030253 -30.72572171181957 1.5428523051404821 0.24785347785242937
leaf_weight=325 13712 20225 30181 124951 47149 5620 16254 120 17892 903 13275 37095 1884 15431 421 212 6336 7814
leaf_count=325 13712 20225 30181 124951 47149 5620 16254 120 17892 903 13275 37095 1884 15431 421 212 6336 7814
internal_value=0.000256526 0.000832404 0.000104975 5.27532e-05 -1.5088e-05 -0.000128388 -0.000516277 -0.000849499 0.000291336 0.000140146 -0.000810247 0.00139146 -0.000458476 0.000216154 -0.000589482 -0.00394366 -0.000512064 -0.000793972
internal_weight=359800 74960 284840 271128 240947 175906 50955 33798 65041 17157 33678 39304 2209 35656 28058 633 27425 21089
internal_count=359800 74960 284840 271128 240947 175906 50955 33798 65041 17157 33678 39304 2209 35656 28058 633 27425 21089
is_linear=0
shrinkage=0.0229654


Tree=249
num_leaves=19
num_cat=0
split_feature=37 37 4 3 22 13 23 3 36 37 22 27 37 14 25 22 10 36
split_gain=167.823 27.0635 21.8877 20.578 21.7229 29.1533 23.6023 20.3393 19.803 25.0769 18.3174 16.6388 14.1056 13.0796 16.5904 12.7594 24.4917 12.3574
threshold=35846.50295650318 28318.349165525371 11.500000000000002 2.5000000000000004 8.5501302083333357 7.7562500000000023 0.22499999999999978 2.5000000000000004 27094.500000000004 23834.951018298565 10.669835069444447 2.7672247023809522 33793.841047580718 72.812500000000014 5.4346354166666675 3.3818142361111119 0.6830127018922193 22796.500000000004
decision_type=2 2 2 2 2 2 2 2 2 2 2 2 2 2 2 2 2 2
left_child=1 8 7 4 5 13 -7 -3 9 17 15 -9 -8 14 -4 16 -10 -1
right_child=-2 2 3 -5 -6 6 12 11 10 -11 -12 -13 -14 -15 -16 -17 -18 -19
leaf_value=0.036200821680485128 38.429202112726237 11.050655545935163 -35.702529383473575 3.978232001492565 11.459697731295075 -42.105241812596006 -21.241500236648317 3.9223205838152846 8.1837611254972895 2.9232755820410801 0.20502883837562291 -4.7723389154824361 -25.31973284138682 -16.916871875110896 37.17465295896173 -6.009295139884534 -44.518827012396635 -2.467061715466532
leaf_weight=110507 31257 32187 104 5467 1127 85 157 29183 163 72533 15152 6690 96 2574 62 16867 224 35365
leaf_count=110507 31257 32187 104 5467 1127 85 157 29183 163 72533 15152 6690 96 2574 62 16867 224 35365
internal_value=0.000252824 9.98394e-05 0.000474246 -0.000548016 -0.00175586 -0.00275466 -0.00911822 0.000619519 -1.61977e-05 6.24069e-05 -0.000545965 0.000243463 -0.00560065 -0.00196966 -0.00821774 -0.00105763 -0.00518057 -0.000111118
internal_weight=359800 328543 77732 9672 4205 3078 338 68060 250811 218405 32406 35873 253 2740 166 17254 387 145872
internal_count=359800 328543 77732 9672 4205 3078 338 68060 250811 218405 32406 35873 253 2740 166 17254 387 145872
is_linear=0
shrinkage=0.0229654


Tree=250
num_leaves=19
num_cat=0
split_feature=35 36 15 28 18 26 35 7 3 4 3 23 16 35 31 1 1 35
split_gain=93.9254 21.9423 19.8952 15.6345 14.8162 18.0372 13.42 12.8455 14.7859 34.0067 25.0072 16.6249 13.223 17.7631 14.7555 14.9995 12.1048 11.9195
threshold=37282.500000000007 36853.500000000007 9.5437500000000028 -4.4133713942307677 0.13812500000000003 3.1251302083333337 26621.500000000004 -0.79335334029123528 3.5000000000000004 11.500000000000002 1.0000000180025095e-35 0.22499999999999978 121.06250000000001 23117.500000000004 143.88125000000002 22.500000000000004 17.500000000000004 17055.000000000004
decision_type=2 2 2 2 2 2 2 2 2 2 2 2 2 2 2 2 2 2
left_child=1 2 4 -4 6 -6 -1 8 9 16 -11 -12 14 -14 15 17 -5 -9
right_child=-2 -3 3 7 5 -7 -8 12 -10 10 11 -13 13 -15 -16 -17 -18 -19
leaf_value=1.4068330616870517 30.721535153721749 14.376847117161697 8.3077428840538676 3.0247174791373519 -14.447288847694599 0.14044682869937639 8.8382639162642604 -7.8056313468137084 -0.62328598109558331 28.688145486133948 -48.770649578568175 -13.032791949669084 0.34648674167097521 -5.8790327636690378 4.2496262830551412 -4.3540356285433441 9.6932174051126605 0.2960719544296424
leaf_weight=62609 22136 12216 7375 12257 1844 7509 25520 2184 20376 118 172 66 24133 30709 8129 8840 11636 101971
leaf_count=62609 22136 12216 7375 12257 1844 7509 25520 2184 20376 118 172 66 24133 30709 8129 8840 11636 101971
internal_value=0.00024976 0.000154756 0.000118889 1.4709e-06 0.000393476 -0.000475612 0.000485711 -3.33042e-05 0.000314697 0.000697893 -0.00634774 -0.0106336 -0.000121557 -0.000417416 1.24001e-05 -5.55868e-05 0.000802871 2.14981e-05
internal_weight=359800 337664 325448 227966 97482 9353 88129 220591 44625 24249 356 238 175966 54842 121124 112995 23893 104155
internal_count=359800 337664 325448 227966 97482 9353 88129 220591 44625 24249 356 238 175966 54842 121124 112995 23893 104155
is_linear=0
shrinkage=0.0229654


Tree=251
num_leaves=19
num_cat=0
split_feature=37 37 4 35 3 23 22 3 13 16 35 15 25 3 35 11 21 15
split_gain=164.487 26.5331 24.1438 19.4277 18.1185 18.3942 17.8773 23.3837 34.1844 21.1121 36.2376 18.8171 18.399 17.3362 19.6837 17.1055 21.7382 17.8213
threshold=36029.311559945709 29664.30767982973 11.500000000000002 31538.000000000004 2.5000000000000004 4.5000000000000036 8.5501302083333357 2.5000000000000004 7.7562500000000023 96.187500000000014 36866.500000000007 17.656250000000004 5.667447916666668 3.5000000000000004 32525.000000000004 132.00000000000003 21.613281250000004 8.5687500000000032
decision_type=2 2 2 2 2 2 2 2 2 2 2 2 2 2 2 2 2 2
left_child=1 3 4 15 -3 -6 7 8 12 -9 -11 -10 -4 14 -5 16 17 -1
right_child=-2 2 6 13 5 -7 -8 9 11 10 -12 -13 -14 -15 -16 -17 -18 -19
leaf_value=2.3675699725806663 39.297722471150763 13.862673215993839 -22.192546909983651 -21.236156975037161 3.4779666421315096 -15.23097472853893 17.498967396771032 7.3455630424323388 -34.106676304393716 -6.4122861402801483 -39.235065190422532 25.515310895057983 -11.406630813976122 -4.4093483612873987 -29.347777637531689 -1.9868914819572319 9.8211645536163346 -0.15017932500963657
leaf_weight=43181 29812 24262 886 355 27174 626 2038 3193 230 393 148 61 1744 2622 261 66671 5419 150724
leaf_count=43181 29812 24262 886 355 27174 626 2038 3193 230 393 148 61 1744 2622 261 66671 5419 150724
internal_value=0.000246122 9.85322e-05 0.000532036 7.0807e-07 0.000719108 0.000318872 -0.000588335 -0.00116466 -0.0027038 3.93623e-05 -0.00415585 -0.0101726 -0.0018774 -0.00176744 -0.00523432 2.22321e-05 0.000128743 8.86497e-05
internal_weight=359800 329988 60755 269233 52062 27800 8693 6655 2921 3734 541 291 2630 3238 616 265995 199324 193905
internal_count=359800 329988 60755 269233 52062 27800 8693 6655 2921 3734 541 291 2630 3238 616 265995 199324 193905
is_linear=0
shrinkage=0.0229654


Tree=252
num_leaves=19
num_cat=0
split_feature=37 37 4 3 35 16 3 13 14 27 16 23 6 13 14 35 37 35
split_gain=162.217 25.7681 21.6338 20.6315 20.7837 43.7794 19.841 18.6195 33.2907 16.9159 18.4825 24.1122 16.0624 15.4802 15.5894 15.4485 16.2412 17.2578
threshold=36029.311559945709 28318.349165525371 11.500000000000002 2.5000000000000004 33580.500000000007 96.187500000000014 2.5000000000000004 7.5937500000000018 90.187500000000014 2.7672247023809522 1.8125000000000002 0.87499999999999878 1.0000000180025095e-35 1.7562500000000003 74.562500000000014 28274.500000000004 22421.220383782642 21808.500000000004
decision_type=2 2 2 2 2 2 2 2 2 2 2 2 2 2 2 2 2 2
left_child=1 15 6 7 -5 12 -3 13 -9 -8 11 -11 -6 14 -4 16 -1 -18
right_child=-2 2 3 4 5 -7 9 8 -10 10 -12 -13 -14 -15 -16 -17 17 -19
leaf_value=-0.77305326154994147 38.39523420458098 10.665085074216684 -38.498336896401561 16.97253756737036 2.775637769958442 -32.89522862580138 3.8127152508535418 -7.6172475273426929 -34.449764625877862 -3.561755895772003 -0.23979118175830766 -20.186233424605636 -33.699043517769688 -1.2236776338137905 -11.518983325664706 -4.448548774855241 10.085341459917984 0.69964200279953237
leaf_weight=109199 29812 32789 211 3044 2144 321 29685 399 292 1318 4861 567 64 2654 828 14949 13905 112758
leaf_count=109199 29812 32789 211 3044 2144 321 29685 399 292 1318 4861 567 64 2654 828 14949 13905 112758
internal_value=0.000243569 9.70011e-05 0.000458194 -0.00054271 0.000384474 -0.00115417 0.00060217 -0.00172136 -0.00518134 0.000233304 -0.000804776 -0.00273514 -2.08011e-06 -0.00107396 -0.00345034 -1.70218e-05 2.83536e-05 0.000205299
internal_weight=359800 329988 79177 9957 5573 2529 69220 4384 691 36431 6746 1885 2208 3693 1039 250811 235862 126663
internal_count=359800 329988 79177 9957 5573 2529 69220 4384 691 36431 6746 1885 2208 3693 1039 250811 235862 126663
is_linear=0
shrinkage=0.0229654


Tree=253
num_leaves=19
num_cat=0
split_feature=37 37 35 3 4 26 35 16 26 13 16 14 3 15 3 15 23 25
split_gain=159.35 24.8593 23.1347 31.4095 22.6082 19.8733 23.087 19.6014 18.0719 17.7262 17.3229 17.2729 16.3962 14.4176 13.9937 12.4605 11.2531 18.2286
threshold=36029.311559945709 30520.511841956639 32374.500000000004 3.5000000000000004 11.500000000000002 4.4667968750000009 36514.500000000007 4.5625000000000009 22.151953125000009 9.3687500000000039 75.562500000000014 77.062500000000014 3.5000000000000004 6.3187500000000023 2.5000000000000004 17.393750000000008 4.7750000000000039 4.1111979166666677
decision_type=2 2 2 2 2 2 2 2 2 2 2 2 2 2 2 2 2 2
left_child=1 2 8 -4 14 11 -7 15 13 10 -8 -6 -12 -1 -3 -5 -16 -18
right_child=-2 4 3 7 5 6 9 -9 -10 -11 12 -13 -14 -15 16 -17 17 -19
leaf_value=2.7404548194335758 37.513471950107522 14.371361731770866 -26.038379763140515 -9.9466852018268987 -29.715973789447844 6.157327690011539 -3.7391162319009887 3.2026080985733167 9.3452586398490674 -29.47976097814643 -2.3559268524194081 -9.79028198276613 -34.817956415373992 -0.23616970674941859 3.6848683100130679 -19.108521772046149 -22.999159886740639 -0.90744004610482909
leaf_weight=22843 29812 20062 498 609 342 5526 739 1703 5567 73 127 782 171 247512 22799 276 105 254
leaf_count=22843 29812 20062 498 609 342 5526 739 1703 5567 73 127 782 171 247512 22799 276 105 254
internal_value=0.00024025 9.49829e-05 9.77862e-06 -0.00196761 0.000561297 -0.000580054 -0.000101745 -0.000951272 3.18944e-05 -0.00312412 -0.00235412 -0.00340395 -0.00702834 5.22423e-06 0.000766222 -0.00372377 0.0003816 -0.00365272
internal_weight=359800 329988 279008 3086 50980 7760 6636 2588 275922 1110 1037 1124 298 270355 43220 885 23158 359
internal_count=359800 329988 279008 3086 50980 7760 6636 2588 275922 1110 1037 1124 298 270355 43220 885 23158 359
is_linear=0
shrinkage=0.0229654


Tree=254
num_leaves=19
num_cat=0
split_feature=37 37 4 28 36 26 36 37 36 3 37 3 22 21 33 26 21 22
split_gain=156.692 26.5091 25.0414 29.1336 27.1723 18.6218 16.2759 18.4073 17.4834 16.5885 14.782 14.271 12.7344 34.1606 19.4713 12.3083 12.1654 12.0746
threshold=36373.894888711664 30520.511841956639 11.500000000000002 -2.9044451678240746 35400.000000000007 20.375130208333339 30145.500000000004 25822.820239056793 26113.500000000004 4.5000000000000009 19777.377895503061 2.5000000000000004 6.5518663194444455 5.6686197916666679 0.24652777777777782 2.4003906250000004 14.986588541666668 7.655642361111112
decision_type=2 2 2 2 2 2 2 2 2 2 2 2 2 2 2 2 2 2
left_child=1 5 11 4 15 6 7 8 -1 -8 -7 -3 -11 -14 -15 -4 -13 -5
right_child=-2 2 3 17 -6 10 9 -9 -10 12 -12 16 13 14 -16 -17 -18 -19
leaf_value=-0.15439370160864566 41.832312666793577 14.278303573689431 -53.811700994988946 -10.52125026914009 -39.114111354482048 -3.1592131662032163 -2.5911913225698666 2.4873624402421206 -4.9885973945501894 -1.1714694579216731 7.7800158603070342 3.7109340294264497 -41.127497382042655 -10.349081499274394 -67.421313336259971 -4.9680020115817722 -27.091626307848973 11.243516306045162
leaf_weight=174273 26990 21282 61 4285 192 2389 11584 61639 15906 973 10161 24163 136 1832 115 462 92 3265
leaf_count=174273 26990 21282 61 4285 192 2389 11584 61639 15906 973 10161 24163 136 1832 115 462 92 3265
internal_value=0.000236675 0.000100195 0.000566943 -0.000596017 -0.00502669 1.01902e-05 -3.05276e-05 1.27496e-05 -9.90326e-05 -0.000774926 0.000874699 0.000778021 -0.00228001 -0.00329322 -0.00251593 -0.00231411 0.000397196 -0.000176423
internal_weight=359800 332810 53802 8265 715 279008 266458 251818 190179 14640 12550 45537 3056 2083 1947 523 24255 7550
internal_count=359800 332810 53802 8265 715 279008 266458 251818 190179 14640 12550 45537 3056 2083 1947 523 24255 7550
is_linear=0
shrinkage=0.0229654


Tree=255
num_leaves=19
num_cat=0
split_feature=35 11 15 25 24 4 28 22 3 6 0 30 11 35 7 0 30 30
split_gain=85.6181 26.0354 30.006 21.5517 13.5711 12.4066 41.9363 22.4999 16.0022 15.1496 13.2761 11.927 14.9453 13.0365 11.5814 11.0702 10.9393 13.3744
threshold=37282.500000000007 84.000000000000014 14.831250000000004 8.5497395833333361 -3.9999999999999982 11.500000000000002 2.7219068877551025 8.6250434027777789 2.5000000000000004 1.0000000180025095e-35 35.500000000000007 382.94375000000008 1.0000000180025095e-35 21965.500000000004 -0.79335334029123528 35.500000000000007 319.80625000000003 11.181249999999997
decision_type=2 2 2 2 2 2 2 2 2 2 2 2 2 2 2 2 2 2
left_child=1 2 3 -1 16 8 9 10 -6 -7 -8 12 -4 -13 15 -3 17 -5
right_child=-2 14 11 4 5 6 7 -9 -10 -11 -12 13 -14 -15 -16 -17 -18 -19
leaf_value=7.3855913431460944 27.91390896626719 -1.5532423240221724 -8.237211526268176 0.017628231433140015 4.108696554056924 16.041551874141526 -19.972750775102785 42.376836081566111 0.65505012286646991 -18.021061957702436 -46.333767695462306 4.7248240610741021 -1.0888522897927231 -0.20075976568153722 -0.94273760034598841 5.1849768904968254 7.9344390231377782 -12.562556356887052
leaf_weight=32056 22136 12468 3645 392 34538 846 180 73 43877 148 74 5872 15072 31160 138052 18312 341 558
leaf_count=32056 22136 12468 3645 392 34538 846 180 73 43877 148 74 5872 15072 31160 138052 18312 341 558
internal_value=0.000236484 0.000145778 0.000347436 0.000562402 0.000362988 0.000400806 -0.00180629 -0.00894036 0.000437987 0.000540634 -0.0121699 -8.86088e-05 -0.000561098 0.000150201 -5.58791e-05 0.000346943 -0.00197278 -0.00323933
internal_weight=359800 337664 168832 113083 81027 79736 1321 327 78415 994 254 55749 18717 37032 168832 30780 1291 950
internal_count=359800 337664 168832 113083 81027 79736 1321 327 78415 994 254 55749 18717 37032 168832 30780 1291 950
is_linear=0
shrinkage=0.0229654


Tree=256
num_leaves=19
num_cat=0
split_feature=35 11 19 26 18 33 28 21 31 35 24 30 21 24 26 25 5 17
split_gain=83.4803 25.4417 21.0078 12.544 11.4253 16.991 13.7493 14.1304 13.3787 11.304 10.5683 11.8825 15.6411 11.51 10.3945 10.2678 9.65408 11.0633
threshold=37282.500000000007 84.000000000000014 11.556250000000002 22.770963541666671 0.051250000000000011 0.98958333333333348 -2.0038298565840931 13.44205729166667 15.293749999999999 29696.500000000004 2.4750000000000014 44.818750000000016 18.736067708333341 -4.7249999999999952 20.159505208333339 6.1734375000000012 1.0000000180025095e-35 78.937500000000014
decision_type=2 2 2 2 2 2 2 2 2 2 2 2 2 2 2 2 2 2
left_child=1 2 3 10 9 6 7 -6 -9 14 11 12 -1 -14 -3 -2 -13 -18
right_child=15 4 -4 -5 5 -7 -8 8 -10 -11 -12 16 13 -15 -16 -17 17 -19
leaf_value=-3.3735148681193365 43.364228550142336 -0.49212641985170491 8.5502985598146246 11.560988494531648 -5.2777078240471536 -14.110841132401017 -0.6443518389985986 -23.338244475050338 -7.9880387994336592 6.0939627698340297 -1.6190740575291207 3.0256891257731562 -7.9832250526255537 2.847629114107967 6.9075117213633428 11.074616925321193 -1.2717874488255063 2.8897055296974918
leaf_weight=11237 14333 80180 11737 2616 6779 2086 53348 456 870 19855 15376 83146 551 9208 5258 7803 19574 15387
leaf_count=11237 14333 80180 11737 2616 6779 2086 53348 456 870 19855 15376 83146 551 9208 5258 7803 19574 15387
internal_value=0.00023208 0.000142514 0.000341859 0.000271837 -5.68312e-05 -0.00030003 -0.000230839 -0.00111214 -0.00328028 8.99267e-05 0.000245132 0.000308285 -0.000195134 0.000477475 -2.47829e-05 0.00159832 0.000397778 7.75784e-05
internal_weight=359800 337664 168832 157095 168832 63539 61453 8105 1326 105293 154479 139103 20996 9759 85438 22136 118107 34961
internal_count=359800 337664 168832 157095 168832 63539 61453 8105 1326 105293 154479 139103 20996 9759 85438 22136 118107 34961
is_linear=0
shrinkage=0.0229654


Tree=257
num_leaves=19
num_cat=0
split_feature=36 26 4 11 23 10 14 8 30 26 16 6 10 23 24 24 36 36
split_gain=71.8002 28.4795 24.1199 22.5158 14.5897 15.1021 14.4289 13.8227 17.8629 17.9858 13.099 14.2398 17.3714 24.2893 18.3526 13.954 13.6632 12.7916
threshold=36853.500000000007 3.0100260416666673 11.500000000000002 84.000000000000014 4.7750000000000039 0.6830127018922193 73.062500000000014 -0.70710678118654757 1717.5250000000001 6.586588541666667 162.31250000000003 1.0000000180025095e-35 0.6830127018922193 -0.72499999999999909 0.025000000000000248 7.6562500000000009 28065.500000000004 31796.500000000004
decision_type=2 2 2 2 2 2 2 2 2 2 2 2 2 2 2 2 2 2
left_child=1 2 4 10 -1 -6 -4 -5 -9 -10 11 15 -13 14 -14 -3 -17 -12
right_child=-2 3 6 7 5 -7 -8 8 9 -11 17 12 13 -15 -16 16 -18 -19
leaf_value=15.055795177413646 20.156180220442518 2.3169551085359643 -64.376445974876432 -4.0262600002480484 -19.195052968736878 51.066668735728065 -9.2370900732614061 0.4682222717846895 -5.9122820696346778 -17.923553067821846 0.3642538336449116 0.37899113956878822 -33.835237741827704 -4.8416800426673552 -2.1745117806390546 -2.6842091924764762 -18.130260315664842 -9.5474930068009982
leaf_weight=12898 25064 110525 76 39296 93 93 736 116400 3628 570 45080 1683 219 658 106 188 109 2378
leaf_count=12898 25064 110525 76 39296 93 93 736 116400 3628 570 45080 1683 219 658 106 188 109 2378
internal_value=0.00023042 0.000141647 0.00115951 9.75623e-05 0.00139786 -0.00498819 -0.00268118 -9.54557e-05 2.64317e-05 -0.00144532 0.000289319 0.000423296 -0.00123527 -0.00366091 -0.00879752 0.000463196 -0.00450802 -3.10669e-05
internal_weight=359800 334736 13896 320840 13084 186 812 159894 120598 4198 160946 113488 2666 983 325 110822 297 47458
internal_count=359800 334736 13896 320840 13084 186 812 159894 120598 4198 160946 113488 2666 983 325 110822 297 47458
is_linear=0
shrinkage=0.0229654


Tree=258
num_leaves=19
num_cat=0
split_feature=35 25 5 26 6 10 16 0 25 0 16 0 4 22 36 36 16 36
split_gain=81.464 19.5053 18.0232 18.4801 17.8795 21.7422 30.1539 22.7334 21.3472 19.5494 31.2424 22.6625 21.8155 26.4212 26.7234 24.6894 35.8867 19.8563
threshold=37282.500000000007 2.2028645833333331 1.0000000180025095e-35 21.610286458333338 1.0000000180025095e-35 0.6830127018922193 17.687500000000004 14.500000000000002 20.140364583333337 11.500000000000002 174.43750000000003 45.500000000000007 11.500000000000002 8.5501302083333357 36853.500000000007 35218.500000000007 52.187500000000007 27675.500000000004
decision_type=2 2 2 2 2 2 2 2 2 2 2 2 2 2 2 2 2 2
left_child=1 -1 3 4 9 8 7 -7 -6 -3 11 12 -11 14 15 -14 -17 -13
right_child=-2 2 -4 -5 5 6 -8 -9 -10 10 -12 17 13 -15 -16 16 -18 -19
leaf_value=13.194461936398742 26.439623606609764 -0.67369804494946162 -0.79049173498339831 10.218137563923252 0.79380945081783438 -3.4808698334024997 6.3768797133443593 -28.239112940519398 -18.398253943390067 6.0558842254771061 -0.32629871272215466 0.29954999873892485 -9.4218521918863711 20.069020816299229 12.397596590190142 -18.265961696627215 -42.148216942155052 -12.193524911696702
leaf_weight=7827 22136 54139 96325 5357 4916 742 704 1032 202 79408 64248 12647 3330 2386 1488 651 461 1801
leaf_count=7827 22136 54139 96325 5357 4916 742 704 1032 202 79408 64248 12647 3330 2386 1488 651 461 1801
internal_value=0.000227931 0.000139453 0.000112565 0.000221598 0.000190292 -0.000905193 -0.00267096 -0.00426685 -5.02564e-05 0.00022802 0.00035134 0.000600861 0.000739666 -0.000379443 -0.00120055 -0.00209284 -0.00505569 -0.000241925
internal_weight=359800 337664 329837 233512 228155 7596 2478 1774 5118 220559 166420 102172 87724 8316 5930 4442 1112 14448
internal_count=359800 337664 329837 233512 228155 7596 2478 1774 5118 220559 166420 102172 87724 8316 5930 4442 1112 14448
is_linear=0
shrinkage=0.0229654


Tree=259
num_leaves=19
num_cat=0
split_feature=37 37 10 3 22 13 18 28 33 37 18 14 1 3 30 13 37 3
split_gain=152.217 24.4122 21.3628 22.0484 22.4095 29.0188 20.3446 18.8892 22.3071 17.1289 16.1175 15.5093 15.029 30.9112 20.6529 15.3683 22.5531 13.5569
threshold=36373.894888711664 28318.349165525371 0.93301270189221952 2.5000000000000004 8.5501302083333357 8.5562500000000021 0.051250000000000011 -2.0038298565840931 0.26041666666666669 33467.892597773149 0.063750000000000015 82.937500000000014 1.5000000000000002 1.0000000180025095e-35 1688.0562500000003 20.531250000000004 19161.366179972218 3.5000000000000004
decision_type=2 2 2 2 2 2 2 2 2 2 2 2 2 2 2 2 2 2
left_child=1 12 6 4 5 7 -3 8 11 -9 -7 -4 13 14 -1 -14 -17 -8
right_child=-2 2 3 -5 -6 10 17 9 -10 -11 -12 -13 15 -15 -16 16 -18 -19
leaf_value=-2.804331732369457 39.407821884352977 8.1409704464057686 -52.551175576023688 4.0753420339344082 11.130908325612797 -31.094549694747474 4.9196555996622804 -29.676115767492018 -8.8363432688513193 6.2442608307262439 -21.697181400922187 -28.395996171508536 -0.70883645924427441 3.9296532054898323 -20.83159320093344 -6.0579095448223423 7.2614102687514039 -3.1869695433179559
leaf_weight=3972 26990 42861 184 5754 1228 107 17657 1064 568 1396 88 73 207171 25341 259 1755 12313 11019
leaf_count=3972 26990 42861 184 5754 1228 107 17657 1064 568 1396 88 73 207171 25341 259 1755 12313 11019
internal_value=0.000226846 9.23282e-05 0.00043632 -0.000532977 -0.0016985 -0.0026397 0.000578076 -0.00212876 -0.0051359 -0.00112026 -0.0112472 -0.01075 -2.0135e-05 0.000466111 -0.001351 -8.51293e-05 0.000649392 0.000104592
internal_weight=359800 332810 81999 10462 4708 3480 71537 3285 825 2460 195 257 250811 29572 4231 221239 14068 28676
internal_count=359800 332810 81999 10462 4708 3480 71537 3285 825 2460 195 257 250811 29572 4231 221239 14068 28676
is_linear=0
shrinkage=0.0229654


Tree=260
num_leaves=19
num_cat=0
split_feature=7 16 25 24 11 12 21 22 4 33 5 25 13 22 22 1 25 4
split_gain=52.8792 45.5051 27.978 18.736 16.7869 11.3628 11.3693 15.2436 11.2341 11.0102 10.8406 10.8288 10.8083 14.5107 13.6158 9.96071 9.90973 9.05527
threshold=-0.79335334029123528 82.437500000000014 3.046614583333334 -2.6374999999999984 84.000000000000014 8.2062500000000025 18.736067708333341 17.367013888888895 11.500000000000002 0.78819444444444453 1.0000000180025095e-35 3.1252604166666669 11.831250000000002 18.655859375000002 20.905512152777778 9.5000000000000018 20.800260416666671 2.5000000000000004
decision_type=2 2 2 2 2 2 2 2 2 2 2 2 2 2 2 2 2 2
left_child=1 17 8 -3 5 -4 7 9 -2 -7 -5 -6 13 -9 -15 -13 -14 -1
right_child=2 3 4 10 11 6 -8 12 -10 -11 -12 15 16 14 -16 -17 -18 -19
leaf_value=30.309495221900871 12.298821548603929 -6.8526033872754004 3.2039284851560361 5.1312158831976067 -13.313277134245018 0.47234866310684687 3.1719426050195527 -1.575241914964713 -10.253903585439355 -12.263783509299218 -1.0276841727642059 0.30711165625392739 -1.8137031822021388 -11.939982682771639 0.82250802972051384 -2.688455635517311 -10.65424975937113 9.5171666221717821
leaf_weight=12028 12873 4232 38827 26666 1852 76460 11687 405 839 150 10254 70437 7512 200 84 62670 844 21780
leaf_count=12028 12873 4232 38827 26666 1852 76460 11687 405 839 150 10254 70437 7512 200 84 62670 844 21780
internal_value=0.000224739 0.000767454 8.19157e-05 0.000254588 3.07304e-05 0.000210632 7.81384e-05 -1.35397e-05 0.00109401 9.17298e-05 0.000420493 -0.000150784 -0.000905159 -0.0036698 -0.00764975 -0.000126519 -0.000677199 0.00139173
internal_weight=359800 74960 284840 41152 271128 136169 97342 85655 13712 76610 36920 134959 9045 689 284 133107 8356 33808
internal_count=359800 74960 284840 41152 271128 136169 97342 85655 13712 76610 36920 134959 9045 689 284 133107 8356 33808
is_linear=0
shrinkage=0.0229654


Tree=261
num_leaves=19
num_cat=0
split_feature=35 7 15 16 24 25 3 14 18 16 16 10 16 10 27 3 7 3
split_gain=78.2156 19.4613 19.7174 18.3184 17.2109 15.1979 13.386 13.125 23.2607 15.2222 14.0152 12.0799 15.4543 12.726 12.9266 12.6805 11.7545 18.298
threshold=37282.500000000007 -0.79335334029123528 6.231250000000002 82.437500000000014 -2.6374999999999984 2.2028645833333331 3.5000000000000004 87.312500000000014 0.051250000000000011 191.93750000000003 1.0625000000000002 -0.68301270189221952 11.562500000000002 0.93301270189221952 -2.5879092261904746 3.5000000000000004 -0.82968937203783699 4.5000000000000009
decision_type=2 2 2 2 2 2 2 2 2 2 2 2 2 2 2 2 2 2
left_child=1 3 -3 11 -5 -4 -6 8 9 -7 -9 12 -1 -13 15 -15 -2 -18
right_child=16 2 5 4 6 7 -8 10 -10 -11 -12 13 -14 14 -16 -17 17 -19
leaf_value=-28.516376378702315 37.632003163121105 3.3746039405358843 11.292093080221433 -6.9026697895388098 6.8618776950539804 1.0558556471179912 -0.62203677768734034 0.21153501860800161 -3.119028347667876 -2.1960903493540136 5.9388461268138801 11.481639420905621 2.1333286321230474 -32.075466658058744 2.4032459444348548 23.818606923364293 20.398739025464991 -16.398479027414307
leaf_weight=325 12752 25400 5554 4183 20538 85165 15346 45913 60161 38267 15644 17351 852 135 2742 88 7896 1488
leaf_count=325 12752 25400 5554 4183 20538 85165 15346 45913 60161 38267 15644 17351 852 135 2742 88 7896 1488
internal_value=0.000222952 0.000136257 5.39318e-05 0.000505493 0.000215342 -7.84119e-06 0.00037785 -3.47548e-05 -0.000132056 4.84122e-05 0.000255445 0.00104639 -0.00121559 0.00117744 -0.000213001 -0.00553024 0.00154541 0.000928503
internal_weight=359800 337664 276104 61560 40067 250704 35884 245150 183593 123432 61557 21493 1177 20316 2965 223 22136 9384
internal_count=359800 337664 276104 61560 40067 250704 35884 245150 183593 123432 61557 21493 1177 20316 2965 223 22136 9384
is_linear=0
shrinkage=0.0229654


Tree=262
num_leaves=19
num_cat=0
split_feature=35 7 28 16 24 16 18 35 30 28 22 35 7 10 16 4 28 33
split_gain=76.9369 19.0844 18.1786 17.6863 16.0261 15.5541 16.3835 13.8237 13.1269 22.5971 16.0464 16.8451 11.7464 11.7257 14.9837 11.747 11.2116 11.0863
threshold=37282.500000000007 -0.79335334029123528 -5.2542892156862733 82.437500000000014 -2.6374999999999984 167.06250000000003 0.014375000000000002 23117.500000000004 4.3000000000000043 2.2242764366855985 19.440451388888892 19443.500000000004 -0.82968937203783699 -0.68301270189221952 9.1875000000000018 11.500000000000002 -1.0476205406911914 0.98958333333333348
decision_type=2 2 2 2 2 2 2 2 2 2 2 2 2 2 2 2 2 2
left_child=1 3 -3 13 -5 6 -4 8 9 10 11 -7 -2 14 -1 -15 -14 -8
right_child=12 2 5 4 -6 7 17 -9 -10 -11 -12 -13 16 15 -16 -17 -18 -19
leaf_value=-28.533771932005639 36.767768821622958 9.7804426135039844 1.6250234060283484 -6.7441471551129135 2.7212983741162668 -32.10518427050539 -0.20795976926232609 -4.420170051386636 1.4462712190722036 -0.25259184987178318 -8.6492621522495678 -24.15483331277148 32.338618966538284 11.217958876417102 2.0022619531192687 -1.4309543013798702 0.68808689076914731 -10.76622569479272
leaf_weight=307 12752 7497 101052 4183 35884 135 97362 36044 28665 2002 485 248 4973 17351 870 2965 4411 2614
leaf_count=307 12752 7497 101052 4183 35884 135 97362 36044 28665 2002 485 248 4973 17351 870 2965 4411 2614
internal_value=0.000221356 0.000135372 5.38487e-05 0.000501016 0.000215915 2.2717e-05 0.000124042 -0.000278695 7.24611e-05 -0.00140833 -0.00450312 -0.00801691 0.00153296 0.0010325 -0.00119607 0.00116161 0.000916267 -8.43951e-05
internal_weight=359800 337664 276104 61560 40067 268607 201028 67579 31535 2870 868 383 22136 21493 1177 20316 9384 99976
internal_count=359800 337664 276104 61560 40067 268607 201028 67579 31535 2870 868 383 22136 21493 1177 20316 9384 99976
is_linear=0
shrinkage=0.0229654


Tree=263
num_leaves=19
num_cat=0
split_feature=37 37 3 13 6 7 23 0 18 35 28 0 27 3 23 25 35 37
split_gain=148.929 22.6446 21.7639 19.4453 16.5878 37.2348 17.916 20.3131 15.3838 12.8039 12.6317 21.2634 15.8514 32.6734 10.6084 10.182 11.3776 11.5047
threshold=36373.894888711664 23834.951018298565 3.5000000000000004 17.306250000000006 1.0000000180025095e-35 0.25881904510252096 1.4624999999999992 46.500000000000007 0.063750000000000015 24939.500000000004 2.5910545822102429 34.500000000000007 -2.5879092261904746 2.5000000000000004 -5.8624999999999972 2.2028645833333331 39170.500000000007 32810.018203595908
decision_type=2 2 2 2 2 2 2 2 2 2 2 2 2 2 2 2 2 2
left_child=1 9 3 4 6 10 7 -3 15 14 12 -12 13 -6 -1 -4 17 -17
right_child=-2 2 8 -5 5 -7 -8 -9 -10 -11 11 -13 -14 -15 -16 16 -18 -19
leaf_value=3.6911315074368014 37.27181598073588 4.9981949379629231 15.76141014195594 11.425373945307495 33.061599469046982 -17.58416408218222 -0.94622476204530837 -5.8643909148725806 -3.0642317040470717 -5.1936509569614984 22.600997593513249 -48.400624621586282 10.545328009930362 -26.668247151626176 -0.52930184567103555 -0.14884376894673323 -30.150355116072937 9.6022949293110358
leaf_weight=5837 26990 69404 2647 11313 148 396 28432 3738 25784 8353 102 121 1555 105 133546 35633 152 5544
leaf_count=5837 26990 69404 2647 11313 148 396 28432 3738 25784 8353 102 121 1555 105 133546 35633 152 5544
internal_value=0.000218484 8.54277e-05 0.000254678 0.000448379 0.00035002 -0.0015263 0.000394853 0.000585015 -6.55119e-05 -0.000126598 -0.000270248 -0.00542725 0.000365821 -0.00496525 -7.42594e-05 0.000195626 0.000107189 0.00013034
internal_weight=359800 332810 185074 115314 104001 2427 101574 73142 69760 147736 2031 223 1808 253 139383 43976 41329 41177
internal_count=359800 332810 185074 115314 104001 2427 101574 73142 69760 147736 2031 223 1808 253 139383 43976 41329 41177
is_linear=0
shrinkage=0.0229654


Tree=264
num_leaves=19
num_cat=0
split_feature=37 37 4 28 3 26 23 37 26 18 3 30 24 16 3 13 30 23
split_gain=146.055 23.6765 20.5516 21.1826 18.3221 17.3667 16.7687 14.3064 14.0946 13.3016 12.4617 14.1298 12.3856 12.0854 14.8318 24.6071 24.0974 19.3928
threshold=36558.079481930494 29664.30767982973 11.500000000000002 -2.9569200664136615 2.5000000000000004 20.159505208333339 4.7750000000000039 16571.864639373602 3.2561197916666673 0.063750000000000015 3.5000000000000004 1530.6437500000002 0.47499999999999837 85.812500000000014 2.5000000000000004 7.7562500000000023 1009.1687500000002 0.34999999999999992
decision_type=2 2 2 2 2 2 2 2 2 2 2 2 2 2 2 2 2 2
left_child=1 5 4 10 -3 -1 9 -7 -8 -6 11 -4 -13 14 15 -5 -17 -18
right_child=-2 2 3 13 6 7 8 -9 -10 -11 -12 12 -14 -15 -16 16 17 -19
leaf_value=-0.25565169776225888 38.893251990864037 12.339692055877817 -40.053173909030967 -0.1326849314217263 6.0011044168661654 -11.621320909999236 -20.734378217629175 4.9281063978486213 -9.150240394343097 -1.7606502007758202 11.094709927786035 -3.4523281555630314 -19.328329569420038 -17.787452818388797 11.579983171249964 -1.0871082529210949 -36.553420802826309 -25.545220472811966
leaf_weight=255468 25585 26066 258 2735 16888 107 117 13658 399 12093 191 273 61 1541 3810 263 97 190
leaf_count=255468 25585 26066 258 2735 16888 107 117 13658 399 12093 191 273 61 1541 3810 263 97 190
internal_value=0.000216697 8.86761e-05 0.000482125 -0.000509828 0.00065028 -6.28648e-06 0.000258251 0.000788315 -0.00384537 0.000331315 -0.00412673 -0.00577239 -0.00265409 -0.000181894 0.000218487 -0.000912324 -0.00534468 -0.00994634
internal_weight=359800 334215 64982 9419 55563 269233 29497 13765 516 28981 783 592 334 8636 7095 3285 550 287
internal_count=359800 334215 64982 9419 55563 269233 29497 13765 516 28981 783 592 334 8636 7095 3285 550 287
is_linear=0
shrinkage=0.0229654


Tree=265
num_leaves=19
num_cat=0
split_feature=37 37 4 28 26 16 11 37 14 15 22 33 27 26 1 37 22 33
split_gain=143.558 26.0594 21.6288 21.5233 17.2906 14.3502 17.5244 14.2766 13.4012 13.1362 12.4592 10.4159 11.9459 12.3667 9.93119 9.83469 9.75666 9.26133
threshold=36939.885737871497 30152.371458841222 11.500000000000002 -2.9044451678240746 20.375130208333339 89.312500000000014 84.000000000000014 16571.864639373602 74.562500000000014 6.3187500000000023 8.5501302083333357 0.98958333333333348 -1.0000000180025095e-35 6.3089843750000005 1.5000000000000002 19777.377895503061 9.0492187500000032 0.21875000000000003
decision_type=2 2 2 2 2 2 2 2 2 2 2 2 2 2 2 2 2 2
left_child=1 4 5 8 9 6 -3 -6 17 -1 -5 14 -13 -14 -11 -9 -8 -4
right_child=-2 2 3 10 7 -7 16 15 -10 11 -12 12 13 -15 -16 -17 -18 -19
leaf_value=2.4078177014159263 45.002996968972745 12.758507497211957 -42.4345516470405 -8.2623511039898698 -11.385399801175994 2.0250983948221215 1.4613328440295514 -1.9395328166214312 -14.488375720265676 1.6347430018335645 19.430688910305673 0.57977753077569083 -14.40025105134821 -30.48302375688732 -0.68342887226864324 7.0339786674822964 10.94727825400372 -21.23812854001617
leaf_weight=21657 22799 17054 67 6340 96 17910 13416 2293 643 25517 2150 1243 1204 102 212620 10126 4436 127
leaf_count=21657 22799 17054 67 6340 96 17910 13416 2293 643 25517 2150 1243 1204 102 212620 10126 4436 127
internal_value=0.000213569 9.42534e-05 0.00051897 -0.000500575 -1.77125e-06 0.000699015 0.000970171 0.000832186 -0.00401414 -4.1555e-05 -0.000154185 -9.03021e-05 -0.00155055 -0.00308433 -7.46717e-05 0.000900383 0.000467233 -0.00930454
internal_weight=359800 337001 62143 9327 274858 52816 34906 12515 837 262343 8490 240686 2549 1306 238137 12419 17852 194
internal_count=359800 337001 62143 9327 274858 52816 34906 12515 837 262343 8490 240686 2549 1306 238137 12419 17852 194
is_linear=0
shrinkage=0.0229654


Tree=266
num_leaves=19
num_cat=0
split_feature=35 11 15 25 25 16 25 8 33 18 33 0 21 17 35 32 6 30
split_gain=73.0073 22.5131 28.3844 16.3102 12.0637 13.3229 11.2462 10.6466 10.6771 12.0635 10.618 10.3692 10.0055 9.21693 9.89583 11.2937 9.6503 29.2322
threshold=37475.500000000007 108.00000000000001 11.831250000000002 8.48463541666667 5.8164062500000009 121.06250000000001 2.8908854166666669 -0.70710678118654757 0.98958333333333348 0.088750000000000023 0.17013888888888892 45.500000000000007 20.602994791666671 63.312500000000007 15369.500000000002 374.80625000000003 1.0000000180025095e-35 860.9312500000002
decision_type=2 2 2 2 2 2 2 2 2 2 2 2 2 2 2 2 2 2
left_child=1 2 3 -1 -2 -6 -4 -3 -9 -10 -7 -8 13 14 15 -5 -15 -18
right_child=4 7 6 12 5 10 11 8 9 -11 -12 -13 -14 16 -16 -17 17 -19
leaf_value=7.0614985234316237 41.757520478736645 -4.5007979274116847 12.52063498118966 12.940896583400038 13.205536557968347 -33.528020724020884 0.31248608345282775 0.33431298411627974 6.6470049655192209 -16.835936949012261 -5.2009040369928909 -3.2799924385276631 7.4785342483353894 3.034600177668008 0.15694754112527945 -11.24692693686908 2.7651055269209044 -28.608662505470072
leaf_weight=27892 12859 31458 2180 75 7308 94 105330 93211 979 1513 443 6591 4581 35160 29052 114 696 264
leaf_count=27892 12859 31458 2180 75 7308 94 105330 93211 979 1513 443 6591 4581 35160 29052 114 696 264
internal_value=0.000212804 0.00013197 0.000276916 0.000563936 0.00153672 0.000826989 3.08149e-05 -0.000109607 1.08705e-05 -0.00147266 -0.00266433 -1.00536e-06 0.000376682 0.000303964 8.64008e-07 -0.00523709 0.000549339 -0.00172241
internal_weight=359800 339096 211935 97834 20704 7845 114101 127161 95703 2492 537 111921 69942 65361 29241 189 36120 960
internal_count=359800 339096 211935 97834 20704 7845 114101 127161 95703 2492 537 111921 69942 65361 29241 189 36120 960
is_linear=0
shrinkage=0.0229654


Tree=267
num_leaves=19
num_cat=0
split_feature=35 11 15 25 21 13 31 32 16 16 24 25 7 33 3 8 26 35
split_gain=71.9947 21.4777 28.6771 18.7153 14.058 24.8228 17.4581 15.6978 25.334 15.079 13.7624 12.8869 16.9822 11.7972 13.1655 11.232 12.7751 11.4571
threshold=37282.500000000007 84.000000000000014 18.668750000000006 8.349739583333335 14.911588541666669 13.956250000000002 102.21875000000001 95.256250000000023 164.68750000000003 13.562500000000002 -3.6499999999999972 5.8164062500000009 -0.89495246814786256 0.67708333333333348 3.5000000000000004 -0.70710678118654757 18.441536458333335 35051.500000000007
decision_type=2 2 2 2 2 2 2 2 2 2 2 2 2 2 2 2 2 2
left_child=1 2 3 -1 -4 6 7 8 -6 -7 -5 -2 -13 -14 -15 -3 17 -17
right_child=11 15 4 10 5 9 -8 -9 -10 -11 -12 12 13 14 -16 16 -18 -19
leaf_value=5.7237964142114519 38.831916975664193 -3.4283147720475537 -0.8401001268619398 -4.4631757946406614 -5.9080114714816361 -21.838363918592087 -25.759138673405374 -5.8023061410552321 -27.656680889337082 -0.19524479520125482 1.5410710875184117 24.50652897040613 3.652739402716044 30.212609957343243 -17.3188133505023 -0.41099683013021476 4.5081636333581745 10.610545245990425
leaf_weight=38289 13538 41664 22956 2691 235 168 150 738 141 2860 100604 4450 3353 239 556 110536 11292 5340
leaf_count=38289 13538 41664 22956 2691 235 168 150 738 141 2860 100604 4450 3353 239 556 110536 11292 5340
internal_value=0.000211272 0.000128095 0.000311253 0.000442556 -0.000371013 -0.0015774 -0.00428058 -0.0032902 -0.0071095 -0.000448993 0.000281801 0.00148005 0.000784745 -0.000272396 -0.00278762 -5.50629e-05 5.21548e-05 -1.97e-05
internal_weight=359800 337664 168832 141584 27248 4292 1264 1114 376 3028 103295 22136 8598 4148 795 168832 127168 115876
internal_count=359800 337664 168832 141584 27248 4292 1264 1114 376 3028 103295 22136 8598 4148 795 168832 127168 115876
is_linear=0
shrinkage=0.0229654


Tree=268
num_leaves=19
num_cat=0
split_feature=37 37 4 35 35 28 36 18 26 37 35 36 36 37 35 35 36 37
split_gain=142.849 25.2593 21.0012 23.8781 20.5713 19.2091 20.0701 17.203 15.5356 14.2198 21.6824 16.5906 13.1201 20.4493 17.3777 12.7851 20.3714 22.1471
threshold=36939.885737871497 30152.371458841222 11.500000000000002 39170.500000000007 30882.500000000004 -2.9044451678240746 35754.000000000007 0.063750000000000015 22.151953125000009 22905.088031179152 21746.500000000004 22204.500000000004 30145.500000000004 25822.820239056793 25310.500000000004 36514.500000000007 34381.500000000007 34876.514806393076
decision_type=2 2 2 2 2 2 2 2 2 2 2 2 2 2 2 2 2 2
left_child=1 4 7 5 8 6 -4 -3 9 -1 -11 -12 13 14 -13 -7 -17 -18
right_child=-2 2 3 -5 -6 15 -8 -9 -10 10 11 12 -14 -15 -16 16 17 -19
leaf_value=-0.83167382993317984 42.971064829729215 9.7975387427977214 -8.0780047273206588 -39.141952700879926 -6.7790528712869698 3.5786553639441778 -35.928031263743385 1.6468467316729316 8.0350620517676354 14.898562929861015 6.6280263774786459 0.37194361452515745 -5.2815014095479986 2.5662973006050009 -4.0360118792707205 12.792853759488427 -23.744838046937087 -22.531081439928567
leaf_weight=119192 22799 31339 613 67 6686 6870 218 21477 5499 10141 11623 37737 10404 53813 19763 547 309 703
leaf_count=119192 22799 31339 613 67 6686 6870 218 21477 5499 10141 11623 37737 10404 53813 19763 547 309 703
internal_value=0.000209867 9.08461e-05 0.000508992 -0.000495651 -3.69299e-06 -0.00039681 -0.00372808 0.000686406 2.76779e-05 2.38691e-06 0.000156394 7.85379e-05 -6.22554e-07 7.22718e-05 -0.000228855 -6.83866e-05 -0.00194595 -0.00387598
internal_weight=359800 337001 62143 9327 274858 9260 831 52816 268172 262673 143481 133340 121717 111313 57500 8429 1559 1012
internal_count=359800 337001 62143 9327 274858 9260 831 52816 268172 262673 143481 133340 121717 111313 57500 8429 1559 1012
is_linear=0
shrinkage=0.0229654


Tree=269
num_leaves=19
num_cat=0
split_feature=37 37 36 37 35 36 37 36 36 35 37 35 27 35 37 3 0 31
split_gain=140.926 24.3394 19.2748 18.4189 17.3072 17.783 16.965 20.0798 16.9193 17.9257 16.9868 22.6336 21.7577 16.5852 15.1117 13.6749 15.0101 12.9119
threshold=36939.885737871497 29664.30767982973 28891.000000000004 25822.820239056793 25661.500000000004 23997.500000000004 21227.09264132009 21250.500000000004 31796.500000000004 39830.500000000007 33303.976748242778 33580.500000000007 -2.5879092261904746 34388.000000000007 35683.73035002665 4.5000000000000009 45.500000000000007 118.69375000000001
decision_type=2 2 2 2 2 2 2 2 2 2 2 2 2 2 2 2 2 2
left_child=1 2 3 4 6 -6 -1 -8 -3 10 11 -10 -13 15 -11 16 -4 -7
right_child=-2 8 13 -5 5 17 7 -9 9 14 -12 12 -14 -15 -16 -17 -18 -19
leaf_value=-0.9548553193880609 41.984216753754644 9.3067957476754373 -1.0587604852457304 2.9876817386802887 0.2140004125556195 -4.8518090724327951 6.3400791220692403 0.39572063935299778 0.4876759600559184 -34.199543084653776 5.7581279420670732 -35.068902564292998 -7.2757659697118964 -26.870218362428961 -8.9370290802431001 -13.345210848349746 -15.90976603423805 -10.956584471530443
leaf_weight=79158 22799 25048 14917 50265 9524 9644 17335 82100 12680 108 26811 114 2854 177 153 3966 827 1320
leaf_count=79158 22799 25048 14917 50265 9524 9644 17335 82100 12680 108 26811 114 2854 177 153 3966 827 1320
internal_value=0.000208655 9.04372e-05 -7.48067e-06 4.73961e-05 -5.17837e-05 -0.000683985 2.07418e-05 0.00022045 0.000479451 0.000201593 0.000238476 -0.000362797 -0.0021681 -0.000695533 -0.00579855 -0.000632685 -0.000329077 -0.00131458
internal_weight=359800 337001 269233 249346 199081 20488 178593 99435 67768 42720 42459 15648 2968 19887 261 19710 15744 10964
internal_count=359800 337001 269233 249346 199081 20488 178593 99435 67768 42720 42459 15648 2968 19887 261 19710 15744 10964
is_linear=0
shrinkage=0.0229654


Tree=270
num_leaves=19
num_cat=0
split_feature=35 7 35 3 11 19 4 4 3 33 0 0 25 7 33 3 35 29
split_gain=68.1426 21.8595 18.9389 19.1548 17.7277 21.8184 13.777 13.4748 24.3692 23.4503 12.4398 10.7288 9.06961 11.4909 11.2831 9.43094 8.29141 16.2086
threshold=38086.000000000007 -0.79335334029123528 34227.000000000007 3.5000000000000004 84.000000000000014 11.556250000000002 7.5000000000000009 11.500000000000002 1.0000000180025095e-35 1.0000000180025095e-35 37.500000000000007 35.500000000000007 5.8164062500000009 -0.89495246814786256 0.6840277777777779 3.5000000000000004 25199.500000000004 69.481250000000003
decision_type=2 2 2 2 2 2 2 2 2 2 2 2 2 2 2 2 2 2
left_child=1 2 3 7 5 -3 16 11 -9 -10 -11 -1 -2 -14 -15 -16 -5 -18
right_child=12 4 -4 6 -6 -7 -8 8 9 10 -12 -13 13 14 15 -17 17 -19
leaf_value=2.6622172261684831 46.452249273282895 0.69415402259160919 12.523229376115131 0.6207757085747927 -0.88886056913467504 7.4801587190554066 3.7574770291659134 11.737185284471007 -18.722626683418156 -23.652757464984738 -51.917667121736372 8.7938593203351019 28.319266223123186 6.310537058041338 36.990255053775826 -19.127036849165858 -7.9325385975250295 -2.3300466223533367
leaf_weight=11776 10656 127712 13040 6072 139504 11792 7624 352 144 66 94 15888 3334 2057 149 380 2180 6980
leaf_count=11776 10656 127712 13040 6072 139504 11792 7624 352 144 66 94 15888 3334 2057 149 380 2180 6980
internal_value=0.000205846 0.000136391 0.000518417 0.000319333 4.84648e-05 0.000231524 -0.000175235 0.00071848 -0.0025346 -0.00729756 -0.0133486 0.000795621 0.00164399 0.000923272 -0.000225569 -0.00321689 -0.000574135 -0.00101038
internal_weight=359800 343224 64216 51176 279008 139504 22856 28320 656 304 160 27664 16576 5920 2586 529 15232 9160
internal_count=359800 343224 64216 51176 279008 139504 22856 28320 656 304 160 27664 16576 5920 2586 529 15232 9160
is_linear=0
shrinkage=0.0229654


Tree=271
num_leaves=19
num_cat=0
split_feature=36 25 15 7 25 14 23 23 10 19 29 24 9 23 32 27 16 24
split_gain=59.119 30.799 17.1256 16.9687 15.8974 11.3508 11.674 10.4355 10.4341 22.6295 12.4494 11.7346 19.0132 17.4258 13.4353 10.9223 10.3513 16.0753
threshold=36853.500000000007 2.2028645833333331 6.668750000000002 -0.79335334029123528 8.48463541666667 87.437500000000014 -0.94999999999999873 -5.8624999999999972 -0.9330127018922193 6.7750000000000021 225.64375000000004 1.5812499999999992 -0.6830127018922193 -1.787499999999999 208.90000000000006 -2.1963727678571439 82.437500000000014 -2.6374999999999984
decision_type=2 2 2 2 2 2 2 2 2 2 2 2 2 2 2 2 2 2
left_child=1 -1 -3 16 -2 7 -7 -5 9 -9 -11 -10 13 14 -13 -16 -4 -18
right_child=4 2 3 5 -6 6 -8 8 11 10 -12 12 -14 -15 15 -17 17 -19
leaf_value=14.420858985809083 22.724851965978388 2.9302234189274476 6.1790117114832732 4.1712768924565671 2.7594626178673747 -0.63275174286878566 3.0965025581893708 2.0333242181251419 -0.87300316399926536 -14.86623030338858 2.7785811986638524 -15.520107603062817 -1.7575816015196692 -5.622060127185188 -15.537119809334197 -1.7496956022388304 -7.0764272702147277 2.3637185971074914
leaf_weight=9768 18727 33203 17815 4977 6337 25169 32640 20879 122250 321 129 821 22630 5084 93 694 4021 34242
leaf_count=9768 18727 33203 17815 4977 6337 25169 32640 20879 122250 321 129 821 22630 5084 93 694 4021 34242
internal_value=0.000203676 0.000123123 8.4931e-05 2.86906e-05 0.00127948 -5.67394e-05 0.000222825 -0.000147596 -0.00017744 0.000298144 -0.00479722 -0.000244363 -0.00065696 -0.00173236 -0.00381614 -0.00167207 0.000387739 0.000174838
internal_weight=359800 334736 324968 291765 25064 235687 57809 177878 172901 21329 450 151572 29322 6692 1608 787 56078 38263
internal_count=359800 334736 324968 291765 25064 235687 57809 177878 172901 21329 450 151572 29322 6692 1608 787 56078 38263
is_linear=0
shrinkage=0.0229654


Tree=272
num_leaves=19
num_cat=0
split_feature=37 37 10 35 3 30 13 23 35 26 30 3 36 37 27 35 35 36
split_gain=137.09 22.2963 20.0976 23.8139 22.5025 23.3523 35.5845 29.2342 23.8737 20.9798 42.3162 20.051 19.6615 22.3242 19.5535 15.2859 14.6162 14.5236
threshold=36939.885737871497 28497.962273516761 0.93301270189221952 39170.500000000007 2.5000000000000004 1000.8062500000002 7.7562500000000023 0.32499999999999668 36136.000000000007 4.4667968750000009 1350.5687500000001 2.5000000000000004 27231.500000000004 24218.596483362879 2.7672247023809522 24939.500000000004 32087.000000000004 23032.500000000004
decision_type=2 2 2 2 2 2 2 2 2 2 2 2 2 2 2 2 2 2
left_child=1 12 11 4 5 -4 9 -8 -9 10 -7 -3 13 15 -13 -1 -14 -17
right_child=-2 2 3 -5 -6 6 7 8 -10 -11 -12 14 16 -15 -16 17 -18 -19
leaf_value=-0.1450173618247653 40.280638819905953 9.8617565685526696 12.659330453038823 -38.970542737050813 5.5030282352517661 -47.096690331329647 -38.267081655064018 -13.413148197929464 -31.40465481805721 -9.8415824498319289 -7.0129820593875225 3.301568675129622 -2.7910159844189599 2.869101974746922 -5.4192713768395375 -0.86638677071686132 -23.385081317381204 -8.3378916971849382
leaf_weight=145446 22799 34458 1343 67 5776 223 114 190 76 2427 729 31245 31722 64768 6750 6171 453 5043
leaf_count=145446 22799 34458 1343 67 5776 223 114 190 76 2427 729 31245 31722 64768 6750 6171 453 5043
internal_value=0.000201378 8.4781e-05 0.000410523 -0.000506729 -0.000422658 -0.00153403 -0.00246272 -0.00912573 -0.00495569 -0.0017134 -0.00460273 0.000549087 -2.23402e-05 5.47409e-05 0.000185259 -9.35269e-05 -0.000552811 -0.000910506
internal_weight=359800 337001 83398 10945 10878 5102 3759 380 266 3379 952 72453 253603 221428 37995 156660 32175 11214
internal_count=359800 337001 83398 10945 10878 5102 3759 380 266 3379 952 72453 253603 221428 37995 156660 32175 11214
is_linear=0
shrinkage=0.0229654


Tree=273
num_leaves=19
num_cat=0
split_feature=37 37 4 30 26 18 26 37 30 11 15 27 29 11 27 16 16 22
split_gain=133.918 21.8436 19.4366 19.9052 16.3845 14.5853 13.7542 13.4727 13.267 12.3455 21.7497 11.1894 23.6119 10.6195 10.3371 10.2703 9.45614 12.3919
threshold=36939.885737871497 30520.511841956639 11.500000000000002 1134.6437500000004 20.375130208333339 0.063750000000000015 2.4003906250000004 19777.377895503061 1611.8375000000003 84.000000000000014 18.668750000000006 -4.2217261904761898 13.081250000000002 1.0000000180025095e-35 -0.17645089285714285 182.31250000000003 92.562500000000014 11.609375000000002
decision_type=2 2 2 2 2 2 2 2 2 2 2 2 2 2 2 2 2 2
left_child=1 4 5 -4 9 -3 -5 -6 16 10 -1 12 -12 15 -10 -13 -7 -18
right_child=-2 2 3 6 7 8 -8 -9 14 -11 11 13 -14 -15 -16 -17 17 -19
leaf_value=1.1113277986281633 39.355577477443035 9.3528723762925985 9.8792950336706475 -31.822427961812128 -3.1454912480242703 6.4650949279381367 -11.862324862053228 6.6999781165887713 14.931122365562514 -1.1835112291501522 -30.587162698481858 -3.68183912392076 -3.8415778837884957 -1.4933157238919075 -11.010788607733483 -18.435674197203209 -0.85840618114337408 -21.242693876244079
leaf_weight=111665 22799 29060 3642 131 2389 12316 5138 10161 714 133919 89 1926 365 17447 2304 1047 4303 385
leaf_count=111665 22799 29060 3642 131 2389 12316 5138 10161 714 133919 89 1926 365 17447 2304 1047 4303 385
internal_value=0.000199272 8.40314e-05 0.000489579 -0.000497141 -2.63309e-07 0.000668721 -0.00139954 0.000810652 0.00019178 -3.84569e-05 0.000118675 -0.000561758 -0.0041277 -0.000482476 -0.00121143 -0.00175118 0.000440832 -0.00043697
internal_weight=359800 337001 57993 8911 279008 49082 5269 12550 20022 266458 132539 20874 454 20420 3018 2973 17004 4688
internal_count=359800 337001 57993 8911 279008 49082 5269 12550 20022 266458 132539 20874 454 20420 3018 2973 17004 4688
is_linear=0
shrinkage=0.0229654


Tree=274
num_leaves=19
num_cat=0
split_feature=37 37 35 36 16 22 4 35 28 37 35 13 37 29 35 35 15 15
split_gain=131.515 21.1795 20.0839 18.4543 22.7713 18.0155 17.3278 29.3721 18.466 16.8925 21.3496 14.8733 18.0045 13.8567 13.7889 12.8443 14.661 12.6891
threshold=36939.885737871497 30520.511841956639 32374.500000000004 31796.500000000004 85.812500000000014 7.655642361111112 11.500000000000002 34227.000000000007 -2.6959885057471262 33633.706528732488 36682.500000000007 22.031250000000004 19091.612530663104 69.481250000000003 29696.500000000004 37846.000000000007 15.443750000000003 6.3187500000000023
decision_type=2 2 2 2 2 2 2 2 2 2 2 2 2 2 2 2 2 2
left_child=1 2 11 -3 5 -5 9 14 -9 10 -6 17 -13 -4 -8 16 -10 -1
right_child=-2 3 13 4 6 -7 7 8 15 -11 -12 12 -14 -15 -16 -17 -18 -19
leaf_value=2.3596159494877278 38.451760546995082 11.609997177764722 -23.419907086069944 0.17072940837812775 -7.6193586380663048 9.9314825447385768 -33.966374991891691 -44.082292937993323 5.3924970992238546 4.7563303048440329 -38.630582592887762 -6.6069808111385937 9.6938191616663332 -8.4940352576517046 11.451911151486437 -39.300152633146368 -28.684680606095839 -0.32808670475907059
leaf_weight=23076 22799 17744 64 14978 4934 13146 118 90 227 5803 99 1122 8694 3022 603 81 170 243030
leaf_count=23076 22799 17744 64 14978 4934 13146 118 90 227 5803 99 1122 8694 3022 603 81 170 243030
internal_value=0.000198506 8.4304e-05 1.3006e-06 0.000483639 0.000211629 0.000570297 -0.000620303 -0.00313748 -0.00704326 -0.000320871 -0.00129451 2.19066e-05 0.000899806 -0.0018411 -6.0519e-05 -0.00524649 -0.00354604 -1.04769e-05
internal_weight=359800 337001 279008 57993 40249 28124 12125 1289 568 10836 5033 275922 9816 3086 721 478 397 266106
internal_count=359800 337001 279008 57993 40249 28124 12125 1289 568 10836 5033 275922 9816 3086 721 478 397 266106
is_linear=0
shrinkage=0.0229654


Tree=275
num_leaves=19
num_cat=0
split_feature=37 37 4 22 11 31 28 18 22 36 26 36 16 3 37 8 26 36
split_gain=129.068 22.7184 17.3713 18.1984 15.693 20.565 13.3457 11.7931 11.6111 11.4309 10.3123 9.59725 16.8414 26.2168 15.5409 11.0764 10.6913 10.3285
threshold=37144.710925868676 32810.018203595908 11.500000000000002 7.655642361111112 132.00000000000003 291.45625000000007 -5.2542892156862733 0.051250000000000011 4.2907552083333345 33738.500000000007 2.4003906250000004 31796.500000000004 121.06250000000001 4.5000000000000009 30152.371458841222 0.89495246814786289 8.0907552083333361 27675.500000000004
decision_type=2 2 2 2 2 2 2 2 2 2 2 2 2 2 2 2 2 2
left_child=1 4 7 10 5 6 -1 -3 9 -9 -4 14 15 -14 17 -13 -17 -8
right_child=-2 2 3 -5 -6 -7 11 8 -10 -11 -12 12 13 -15 -16 16 -18 -19
leaf_value=9.1331479413382954 41.196953029070585 11.615694960830963 -30.411698283039456 12.89608836296677 -1.8867461793347216 8.860709436042379 0.5197736961494247 6.813190193484445 6.3762789032916452 -12.638401220785932 -12.012631011773751 1.1489676016738422 -5.9562624377052584 -29.290915774481036 8.9051378434543089 -2.1599172181524811 -29.65683391480097 -2.0819612802533678
leaf_weight=4721 21354 17110 104 2604 75461 5670 165659 1187 10515 1183 3995 8174 3470 639 11049 199 126 26580
leaf_count=4721 21354 17110 104 2604 75461 5670 165659 1187 10515 1183 3995 8174 3470 639 11049 199 126 26580
internal_value=0.000196017 8.67601e-05 0.000626295 -0.000430666 2.11429e-05 0.000116782 8.16844e-05 0.000862495 0.000337753 -0.00111436 -0.00138442 5.52713e-05 -0.000559563 -0.0017667 9.34035e-05 2.4049e-05 -0.00413377 4.52645e-05
internal_weight=359800 338446 36698 6703 301748 226287 220617 29995 12885 2370 4099 215896 12608 4109 203288 8499 325 192239
internal_count=359800 338446 36698 6703 301748 226287 220617 29995 12885 2370 4099 215896 12608 4109 203288 8499 325 192239
is_linear=0
shrinkage=0.0229654


Tree=276
num_leaves=19
num_cat=0
split_feature=37 37 4 22 13 15 13 37 26 33 3 8 9 22 33 26 37 3
split_gain=124.889 22.4614 16.382 17.54 20.7456 15.9524 12.667 18.3144 11.3465 17.7679 20.111 13.8827 10.9756 16.8778 12.3525 18.5858 11.3841 15.4274
threshold=37144.710925868676 32810.018203595908 11.500000000000002 7.655642361111112 9.2187500000000036 5.9687500000000009 22.031250000000004 19091.612530663104 4.4667968750000009 0.33680555555555564 2.5000000000000004 -0.5 0.93301270189221952 6.2687065972222236 0.30208333333333343 11.492317708333333 22689.98080292749 3.5000000000000004
decision_type=2 2 2 2 2 2 2 2 2 2 2 2 2 2 2 2 2 2
left_child=1 5 -3 4 8 -1 12 -8 9 10 11 -4 16 -14 -15 -16 -7 -18
right_child=-2 2 3 -5 -6 6 7 -9 -10 -11 -12 -13 13 14 15 -17 17 -19
leaf_value=3.1067914244986023 40.250848156085638 7.9320611724840902 -50.62837125475766 12.599924420113101 -29.756944882534604 -0.83953696159467972 -6.9024540839670339 9.366847413678137 -3.2576194223388657 -7.7110404088472793 14.99452026790159 -30.397115847845921 4.0617829924813948 -3.9927823795823074 -19.629164022735225 -21.587712069339965 2.2142410110405275 -0.96710035807580641
leaf_weight=21068 21354 29995 101 2604 114 98287 1043 8001 3055 676 82 71 6218 20585 814 85 90151 55496
leaf_count=21068 21354 29995 101 2604 114 98287 1043 8001 3055 676 82 71 6218 20585 814 85 90151 55496
internal_value=0.000194166 8.66922e-05 0.000623166 -0.000403256 -0.0013396 2.14473e-05 -2.43006e-05 0.000821209 -0.00106327 -0.0032843 -0.00846284 -0.0129247 -5.24515e-05 -0.000485638 -0.000790598 -0.00342565 -3.25737e-06 0.000125623
internal_weight=359800 338446 36698 6703 4099 301748 280680 9044 3985 930 254 172 271636 27702 21484 899 243934 145647
internal_count=359800 338446 36698 6703 4099 301748 280680 9044 3985 930 254 172 271636 27702 21484 899 243934 145647
is_linear=0
shrinkage=0.0229654


Tree=277
num_leaves=19
num_cat=0
split_feature=35 11 19 25 7 33 3 10 7 16 11 8 26 29 34 26 35 26
split_gain=59.5546 20.2981 17.736 16.0167 17.4127 13.8119 14.6117 11.9359 11.4135 19.3655 14.9954 10.4661 12.2846 10.9248 10.5269 12.4806 11.2109 9.95301
threshold=37282.500000000007 84.000000000000014 11.556250000000002 5.8164062500000009 -0.89495246814786256 0.67708333333333348 3.5000000000000004 0.6830127018922193 -0.60876142900872077 92.562500000000014 1.0000000180025095e-35 -0.70710678118654757 18.441536458333335 48.91875000000001 0.46180555555555564 16.822005208333337 26833.500000000004 22.770963541666671
decision_type=2 2 2 2 2 2 2 2 2 2 2 2 2 2 2 2 2 2
left_child=1 2 8 -2 -5 -6 -7 -8 9 -1 -11 -3 14 -14 -13 16 -16 -10
right_child=3 11 -4 4 5 6 7 -9 17 10 -12 12 13 -15 15 -17 -18 -19
leaf_value=7.1330016219601831 32.573089981211083 -3.3621203444269523 7.1172348858506238 20.962087458844007 1.5732928283630494 26.475966921591755 -23.244718379789685 -14.391461652445932 0.37488345246336485 -5.2346628575459011 2.646857821877886 -0.035729897874271645 4.835195847739767 -16.873255546644273 -12.748449820301087 -2.7670542275875576 -82.664179854393495 8.8527656832853925
leaf_weight=18951 13538 41664 11737 4450 3353 239 127 429 111151 5413 19759 114548 10976 316 303 945 80 1821
leaf_count=18951 13538 41664 11737 4450 3353 239 127 429 111151 5413 19759 114548 10976 316 303 945 80 1821
internal_value=0.000192251 0.000116601 0.000294658 0.00134622 0.000571064 -0.000499392 -0.00322093 -0.00526222 0.000230319 0.000543544 0.000126085 -6.14561e-05 4.20417e-05 0.000765107 -2.84203e-05 -0.00206135 -0.00555847 0.000107985
internal_weight=359800 337664 168832 22136 8598 4148 795 556 157095 44123 25172 168832 127168 11292 115876 1328 383 112972
internal_count=359800 337664 168832 22136 8598 4148 795 556 157095 44123 25172 168832 127168 11292 115876 1328 383 112972
is_linear=0
shrinkage=0.0229654


Tree=278
num_leaves=19
num_cat=0
split_feature=37 37 15 4 30 11 21 26 28 15 6 30 12 23 17 11 14 33
split_gain=120.428 22.5413 15.4131 14.7252 16.8023 12.6325 13.8949 13.1879 11.7985 11.0844 16.3022 19.0108 21.1683 14.716 14.5954 12.5893 12.58 11.1525
threshold=37353.276481140922 32810.018203595908 5.9687500000000009 11.500000000000002 1126.8062500000003 156.00000000000003 22.782421875000004 21.610286458333338 -1.8237962249614783 18.668750000000006 1.0000000180025095e-35 892.41875000000016 19.468750000000004 3.1125000000000025 79.937500000000014 1.0000000180025095e-35 63.062500000000007 0.78819444444444453
decision_type=2 2 2 2 2 2 2 2 2 2 2 2 2 2 2 2 2 2
left_child=1 2 -1 8 -5 7 -7 9 -3 10 -4 12 -12 -14 -13 16 -11 -17
right_child=-2 3 5 4 -6 6 -8 -9 -10 15 11 14 13 -15 -16 17 -18 -19
leaf_value=3.0268333371876555 43.408927022472902 15.854050850728033 0.57570704342223422 12.770974234279185 -11.801193555941147 -2.7688662194409335 -25.247365702638497 7.6536890077951778 4.8659393345061863 -18.647074913546103 2.3409661731236806 -7.1598025751610326 0.38707396119886223 -29.593440352441302 -16.522404187711935 -0.98954637186626782 -4.2110362638304792 -11.462256096013993
leaf_weight=21068 19947 8547 194320 2658 4260 34042 265 5273 22640 947 2506 1296 88 119 1219 37580 2562 463
leaf_count=21068 19947 8547 194320 2658 4260 34042 265 5273 22640 947 2506 1296 88 119 1219 37580 2562 463
internal_value=0.000188102 8.6313e-05 1.9849e-05 0.000612632 -0.000345908 -2.51188e-05 -0.000437994 3.23733e-05 0.000825258 7.52504e-06 7.85816e-05 -0.00118693 0.000146444 -0.00691181 -0.00262527 -0.000333715 -0.00164992 -0.000212311
internal_weight=359800 339853 301748 38105 6918 280680 34307 246373 31187 241100 199548 5228 2713 207 2515 41552 3509 38043
internal_count=359800 339853 301748 38105 6918 280680 34307 246373 31187 241100 199548 5228 2713 207 2515 41552 3509 38043
is_linear=0
shrinkage=0.0229654


Tree=279
num_leaves=19
num_cat=0
split_feature=37 37 35 35 37 15 35 11 36 17 4 35 37 26 26 15 8 14
split_gain=118.693 22.0275 29.2466 16.9645 16.0717 20.7865 18.1679 14.9937 14.8078 14.0908 11.0766 27.4116 20.6074 14.3124 13.0858 15.7938 11.9112 11.0826
threshold=37353.276481140922 32810.018203595908 33580.500000000007 38550.000000000007 22905.088031179152 8.7437500000000021 23175.500000000004 132.00000000000003 34058.500000000007 27.812500000000004 11.500000000000002 36136.000000000007 34574.61961582378 4.4667968750000009 5.1378906250000007 14.606250000000003 -0.94490267940017736 91.062500000000014
decision_type=2 2 2 2 2 2 2 2 2 2 2 2 2 2 2 2 2 2
left_child=1 2 4 8 -1 7 -7 -6 -3 -8 -10 13 -13 16 15 -14 -12 -16
right_child=-2 3 -4 -5 5 6 9 -9 10 -11 11 12 14 -15 17 -17 -18 -19
leaf_value=-0.6831278754931881 42.412023262186899 13.415297642919635 -9.1186727611716716 -9.167041586157298 5.6944262813651392 6.9607700453882879 3.9478585958293295 -0.58309123392740081 5.3759092582168515 -0.83666574200714627 -27.628956423464878 -20.283456494212782 -13.841269572715756 12.280526401726785 -0.18453253752531043 -53.928854821676524 -11.413251291023569 -32.529131262035108
leaf_weight=121990 19947 13677 5172 1834 28192 17538 11901 10905 17748 106050 90 261 63 2957 855 73 392 155
leaf_count=121990 19947 13677 5172 1834 28192 17538 11901 10905 17748 106050 90 261 63 2957 855 73 392 155
internal_value=0.000187974 8.69212e-05 2.1219e-05 0.000607208 5.10763e-05 0.000192394 5.77827e-05 0.000658882 0.000716169 -4.47621e-05 0.000355144 -0.000617971 -0.00331831 0.000486821 -0.00199194 -0.00867957 -0.00318276 -0.00109143
internal_weight=359800 339853 301748 38105 296576 174586 135489 39097 36271 117951 22594 4846 1407 3439 1146 136 482 1010
internal_count=359800 339853 301748 38105 296576 174586 135489 39097 36271 117951 22594 4846 1407 3439 1146 136 482 1010
is_linear=0
shrinkage=0.0229654


Tree=280
num_leaves=19
num_cat=0
split_feature=37 37 11 21 28 16 11 28 17 16 16 9 3 18 14 28 24 3
split_gain=116.722 24.8952 14.0247 19.8411 12.593 10.9348 16.0366 10.3385 9.09849 8.98155 11.4148 15.4658 17.1432 11.2634 15.4808 13.4682 11.1326 14.1628
threshold=37762.658545106264 32810.018203595908 132.00000000000003 21.613281250000004 -5.2542892156862733 65.312500000000014 84.000000000000014 -1.2630747885835099 75.562500000000014 162.31250000000003 7.5625000000000009 -0.5 3.5000000000000004 0.088750000000000023 86.812500000000014 7.181021750805586 -1.5249999999999975 1.5000000000000002
decision_type=2 2 2 2 2 2 2 2 2 2 2 2 2 2 2 2 2 2
left_child=1 2 3 4 -1 6 -3 -7 -8 10 13 -12 -13 -6 -15 -16 17 -11
right_child=-2 5 -4 -5 9 7 8 -9 -10 16 11 12 -14 14 15 -17 -18 -19
leaf_value=8.7943351009363866 49.465439452411879 13.728222444634278 -1.7859961517491263 8.4620937552497288 0.68093168534402482 9.0700150352833528 10.730063407367398 -3.5739935055126 -0.40013407897053088 4.4512262788889458 7.4706290026085851 3.6585564264936217 -1.8681759861778808 -3.6757939831352968 0.66481140120651305 -13.688528538746287 -0.18965317744497123 -7.5486899596032062
leaf_weight=4721 17156 13053 75461 5545 76005 5338 4993 8274 9238 3260 12720 16015 14252 13321 15608 79 55689 9072
leaf_count=4721 17156 13053 75461 5545 76005 5338 4993 8274 9238 3260 12720 16015 14252 13321 15608 79 55689 9072
internal_value=0.000185613 9.30564e-05 2.09906e-05 0.000111403 7.73206e-05 0.000624788 0.000890032 9.31305e-05 0.000356802 5.16779e-05 0.000152068 0.0004673 0.00018491 2.30283e-05 -0.000361962 0.000126927 -0.000166752 -0.000791089
internal_weight=359800 342644 301748 226287 220742 40896 27284 13612 14231 216021 148000 42987 30267 105013 29008 15687 68021 12332
internal_count=359800 342644 301748 226287 220742 40896 27284 13612 14231 216021 148000 42987 30267 105013 29008 15687 68021 12332
is_linear=0
shrinkage=0.0229654


Tree=281
num_leaves=19
num_cat=0
split_feature=37 37 35 37 26 35 15 4 22 28 34 37 35 0 3 35 16 35
split_gain=114.974 23.956 23.1029 17.5894 13.3102 13.0303 12.6543 12.2622 17.9479 12.1972 14.4035 11.8579 15.5083 11.4935 14.1694 13.5051 11.1966 11.6072
threshold=37762.658545106264 33467.892597773149 33580.500000000007 27976.737459534634 22.151953125000009 28197.500000000004 13.193750000000003 7.5000000000000009 12.111024305555558 2.150606261022928 0.37847222222222227 23426.150605651444 19705.500000000004 6.5000000000000009 1.0000000180025095e-35 22354.500000000004 215.56250000000003 37664.500000000007
decision_type=2 2 2 2 2 2 2 2 2 2 2 2 2 2 2 2 2 2
left_child=1 2 3 4 5 11 -3 8 -7 10 -10 13 -13 14 -1 -15 17 -4
right_child=-2 6 16 -5 -6 7 -8 -9 9 -11 -12 12 -14 15 -16 -17 -18 -19
leaf_value=-2.6873571058214276 48.329445407482368 10.866297966288371 -4.0932034326855637 3.4182789972091876 6.837726736124738 -5.4702379886256427 2.1760847161809398 1.5445570465533875 -13.76737046983283 -0.91347172019795486 -32.974069927553934 27.576235902100262 0.82147141013501679 -0.47470799236085082 1.8996083240107029 -3.659885083232393 -23.559914779310681 -27.396375294782995
leaf_weight=4728 17156 17428 6498 54947 4985 6628 17798 4407 1074 458 105 3436 91021 73357 26638 28074 740 322
leaf_count=4728 17156 17428 6498 54947 4985 6628 17798 4407 1074 458 105 3436 91021 73357 26638 28074 740 322
internal_value=0.000183443 9.15818e-05 2.65798e-05 5.81914e-05 -2.5121e-05 -4.95248e-05 0.000658856 -0.000766238 -0.0012879 -0.0034413 -0.00467684 -9.55982e-06 0.000187138 -0.000149469 0.000234735 -0.000268278 -0.00122725 -0.000936127
internal_weight=359800 342644 307418 299858 244911 239926 35226 12672 8265 1637 1179 227254 94457 132797 31366 101431 7560 6820
internal_count=359800 342644 307418 299858 244911 239926 35226 12672 8265 1637 1179 227254 94457 132797 31366 101431 7560 6820
is_linear=0
shrinkage=0.0229654


Tree=282
num_leaves=19
num_cat=0
split_feature=37 37 15 11 13 37 21 15 36 0 11 15 11 33 24 6 22 3
split_gain=114.336 22.8674 14.446 12.2904 13.9222 16.9841 13.5394 12.0472 13.6431 12.6886 11.2903 11.2894 11.347 10.769 10.7054 10.3165 24.7483 14.9879
threshold=37762.658545106264 33467.892597773149 5.9687500000000009 156.00000000000003 20.531250000000004 19091.612530663104 22.782421875000004 13.193750000000003 32093.500000000004 34.500000000000007 156.00000000000003 18.668750000000006 1.0000000180025095e-35 0.22569444444444445 -4.9750000000000005 1.0000000180025095e-35 9.3210503472222239 3.5000000000000004
decision_type=2 2 2 2 2 2 2 2 2 2 2 2 2 2 2 2 2 2
left_child=1 2 -1 4 11 -6 13 10 -9 -10 -3 15 -13 -5 -7 -4 17 -17
right_child=-2 7 3 6 5 14 -8 8 9 -11 -12 12 -14 -15 -16 16 -18 -19
leaf_value=2.9366805072216939 47.21953993033668 13.020879317106484 0.52112465621236437 -1.1680615104268088 -5.2143030479007519 -12.721926935158706 -24.697813139883753 24.894751237421158 -4.5309396105291313 5.8869664289015802 -1.9929377071148668 -7.8116157812618798 -1.3247077766422828 -9.2354204615614268 8.0398064982154871 -15.147174036444097 2.2783526811048498 1.8716958811672273
leaf_weight=21348 17156 14781 191083 27213 1412 96 265 1786 9575 6437 2647 3554 38695 7474 11150 1899 2461 768
leaf_count=21348 17156 14781 191083 27213 1412 96 265 1786 9575 6437 2647 3554 38695 7474 11150 1899 2461 768
internal_value=0.000183187 9.15818e-05 2.80739e-05 -1.49318e-05 4.12269e-05 0.000783415 -0.000418413 0.000645817 0.000225551 1.31953e-05 0.001075 1.82992e-06 -0.0003387 -0.000378906 0.00108149 7.51543e-05 -0.000941367 -0.00247393
internal_weight=359800 342644 307418 286070 251118 12658 34952 35226 17798 16012 17428 238460 42249 34687 11246 196211 5128 2667
internal_count=359800 342644 307418 286070 251118 12658 34952 35226 17798 16012 17428 238460 42249 34687 11246 196211 5128 2667
is_linear=0
shrinkage=0.0229654


Tree=283
num_leaves=19
num_cat=0
split_feature=37 37 15 15 11 31 26 11 37 33 15 25 9 28 11 15 26 26
split_gain=113.927 24.3683 14.0277 12.1567 11.7556 16.5072 12.1469 11.1101 10.6526 10.6333 9.97446 13.1683 18.5522 12.4724 10.8837 10.4744 10.0492 9.8105
threshold=37983.0710143713 33467.892597773149 6.3187500000000023 13.193750000000003 156.00000000000003 356.94375000000008 21.610286458333338 156.00000000000003 21002.429534868792 0.22569444444444445 18.668750000000006 20.560677083333335 0.25000000000000011 7.6875113378684805 1.0000000180025095e-35 12.681250000000004 18.537369791666674 3.7464843750000001
decision_type=2 2 2 2 2 2 2 2 2 2 2 2 2 2 2 2 2 2
left_child=1 2 8 7 6 9 10 -3 -1 -6 11 -4 15 16 -12 -13 -14 -5
right_child=-2 3 4 17 5 -7 -8 -9 -10 -11 14 12 13 -15 -16 -17 -18 -19
leaf_value=-0.8443470581622976 49.087376601902712 13.003517549066798 0.59819951520991055 17.722867026630396 -1.1444592065226218 -27.175627623997741 7.2159132692908834 -1.5983372892368632 4.5573107436254157 -9.2422553855384795 -7.4941953720739249 0.38734429691928279 -0.69862239970643203 20.866788083983323 -1.1562204343682059 -9.4980603386068037 -14.620801387117428 0.49638384013194137
leaf_weight=6996 15715 15426 192011 1969 26739 208 5065 2786 19457 7322 3620 4294 129 128 39157 1914 378 16486
leaf_count=6996 15715 15426 192011 1969 26739 208 5065 2786 19457 7322 3620 4294 129 128 39157 1914 378 16486
internal_value=0.000182677 9.53431e-05 2.85968e-05 0.000654947 -1.90039e-05 -0.000417571 3.63618e-05 0.00107589 0.000534178 -0.000378183 1.30305e-05 8.14659e-05 -0.000908481 -0.00464733 -0.000305099 -0.000526044 -0.00626453 0.000239547
internal_weight=359800 344085 307418 36667 280965 34269 246696 18212 26453 34061 241631 198854 6843 635 42777 6208 507 18455
internal_count=359800 344085 307418 36667 280965 34269 246696 18212 26453 34061 241631 198854 6843 635 42777 6208 507 18455
is_linear=0
shrinkage=0.0229654


Tree=284
num_leaves=19
num_cat=0
split_feature=37 37 15 11 36 37 35 30 10 5 35 36 0 30 27 29 35 37
split_gain=112.053 22.258 22.4861 21.0692 18.4542 20.385 14.2113 13.5743 18.6607 13.2167 16.8763 12.5814 11.7778 11.4627 11.2571 12.6331 10.7688 12.9007
threshold=37762.658545106264 28497.962273516761 15.731250000000003 84.000000000000014 27231.500000000004 24218.596483362879 24939.500000000004 1736.66875 0.6830127018922193 1.0000000180025095e-35 32822.500000000007 23032.500000000004 47.500000000000007 923.06875000000002 -1.5241071428571424 23.050000000000001 25661.500000000004 26535.342741169527
decision_type=2 2 2 2 2 2 2 2 2 2 2 2 2 2 2 2 2 2
left_child=1 4 3 -3 5 6 -1 9 -9 10 12 -8 -6 -5 -13 -16 -7 -18
right_child=-2 2 -4 13 7 16 11 8 -10 -11 -12 14 -14 -15 15 -17 17 -19
leaf_value=-0.11500538009298909 45.076623578813063 9.6141269369517985 -0.71591160089026407 8.2513779054455316 -0.9132085185542238 5.284049466140984 -0.77791793106186335 5.391997132116459 -44.261532731230261 -8.3191841871650745 -24.78503616755297 -18.799970471953053 -14.985691070596813 -0.63177574350093058 -11.812317079857431 -2.4966935245450332 -1.4364419816408389 4.6648957578622978
leaf_weight=145446 17156 29362 30408 9115 25349 29914 6171 178 229 5928 126 1100 365 20156 648 3295 20399 14455
leaf_count=145446 17156 29362 30408 9115 25349 29914 6171 178 229 5928 126 1100 365 20156 648 3295 20399 14455
internal_value=0.000181464 9.07775e-05 0.000403154 0.000665975 -1.88991e-05 5.5778e-05 -8.5904e-05 -0.000532826 -0.00470029 -0.000479434 -0.000255072 -0.000873644 -0.000213989 0.00022996 -0.00172457 -0.00115147 0.000398477 0.000124137
internal_weight=359800 342644 89041 58633 253603 221428 156660 32175 407 31768 25840 11214 25714 29271 5043 3943 64768 34854
internal_count=359800 342644 89041 58633 253603 221428 156660 32175 407 31768 25840 11214 25714 29271 5043 3943 64768 34854
is_linear=0
shrinkage=0.0229654


Tree=285
num_leaves=19
num_cat=0
split_feature=37 37 35 29 16 35 4 37 29 35 15 37 15 35 30 28 26 15
split_gain=109.325 21.5885 27.5289 20.8021 16.7384 14.5429 21.1764 15.387 15.3084 14.5219 20.111 14.2138 18.4171 14.5937 19.1419 19.0872 14.935 13.8854
threshold=37762.658545106264 31462.010697715847 32374.500000000004 67.406250000000014 73.937500000000014 35225.000000000007 11.500000000000002 32034.330985655582 282.00625000000008 38847.500000000007 15.443750000000003 21738.779508258558 8.7437500000000021 21360.500000000004 4.3000000000000043 2.3412132352941173 18.967317708333336 14.481250000000003
decision_type=2 2 2 2 2 2 2 2 2 2 2 2 2 2 2 2 2 2
left_child=1 2 11 -4 -3 -6 7 -7 17 10 -8 -1 -13 14 15 -14 -15 -9
right_child=-2 4 3 -5 5 6 9 8 -10 -11 -12 12 13 16 -16 -17 -18 -19
leaf_value=-0.80083408468275008 44.041420485139511 6.9663242678033157 -36.286804972144715 -7.0792547147738993 3.7513863673371226 -27.989432962858842 -1.0047126304856528 -13.227899597304271 -0.028080817493364402 -35.667010742390914 -36.478638640272585 3.3395624807459505 -29.97098712773235 -0.61281881246444225 10.674049459727001 -2.4635551975498866 5.8735049304709923 -34.653578526225111
leaf_weight=92259 17156 36184 115 5231 11165 167 392 112 5183 86 270 44001 191 127364 11074 348 8416 86
leaf_count=92259 17156 36184 115 5231 11165 167 392 112 5183 86 270 44001 191 127364 11074 348 8416 86
internal_value=0.000179549 8.99732e-05 1.14352e-05 -0.00162124 0.000513078 -7.08914e-05 -0.000953487 -0.000464441 -0.000251377 -0.0045808 -0.00342747 4.22061e-05 0.000155075 3.1988e-05 0.000813371 -0.00341286 -3.48421e-05 -0.00651846
internal_weight=359800 342644 288999 5346 53645 17461 6296 5548 5381 748 662 283653 191394 147393 11613 539 135780 198
internal_count=359800 342644 288999 5346 53645 17461 6296 5548 5381 748 662 283653 191394 147393 11613 539 135780 198
is_linear=0
shrinkage=0.0229654


Tree=286
num_leaves=19
num_cat=0
split_feature=35 25 11 15 35 25 16 33 8 3 16 36 7 36 29 7 22 3
split_gain=52.7233 19.3744 17.6652 22.0706 13.1751 11.7457 18.5369 11.3875 11.0597 10.7231 13.3338 12.6988 11.0709 13.7063 9.5352 9.47744 9.2256 9.11362
threshold=38284.500000000007 2.2028645833333331 84.000000000000014 12.231250000000003 28984.500000000004 5.740885416666667 121.06250000000001 0.98263888888888895 -0.70710678118654757 4.5000000000000009 111.43750000000001 27994.500000000004 0.75023006073889154 27372.500000000004 600.55625000000009 -0.94490267940017747 9.6250434027777789 2.5000000000000004
decision_type=2 2 2 2 2 2 2 2 2 2 2 2 2 2 2 2 2 2
left_child=1 -1 3 4 17 -2 15 8 -4 -6 12 -12 -11 -14 16 -7 -13 -3
right_child=5 2 7 -5 9 6 -8 -9 -10 10 11 14 13 -15 -16 -17 -18 -19
leaf_value=11.522079993568104 38.866904957278422 3.0714702858064444 -3.3308917420206652 0.0017638400849514871 14.005891331884275 28.94488751760149 -17.366465361814402 -10.696766373786616 0.31733709434041402 10.824966390622846 2.2378147617687967 -7.0127199018705326 0.33070676463114818 -21.413814710652101 -29.907152784130716 0.4403647389401012 -33.654716642438672 0.55970412230802802
leaf_weight=8498 9808 28284 41613 86001 12760 2537 305 2724 123327 3200 541 396 308 130 135 2622 94 36517
leaf_count=8498 9808 28284 41613 86001 12760 2537 305 2724 123327 3200 541 396 308 130 135 2622 94 36517
internal_value=0.000177634 0.000119104 9.17168e-05 0.000257881 0.000526561 0.00149804 0.000644746 -7.51432e-05 -5.08207e-05 0.00108446 0.000159668 -0.00197747 0.000844632 -0.00257968 -0.00420726 0.000969987 -0.00271835 0.000375344
internal_weight=359800 344528 336030 168366 82365 15272 5464 167664 164940 17564 4804 1166 3638 438 625 5159 490 64801
internal_count=359800 344528 336030 168366 82365 15272 5464 167664 164940 17564 4804 1166 3638 438 625 5159 490 64801
is_linear=0
shrinkage=0.0229654


Tree=287
num_leaves=19
num_cat=0
split_feature=37 37 35 37 18 23 22 26 25 1 3 22 15 12 15 35 35 4
split_gain=108.072 22.6206 23.0085 16.6013 17.8448 14.8977 15.203 12.6091 12.5858 11.8481 33.5095 20.0361 11.5736 11.276 10.1436 9.83661 9.76207 15.2053
threshold=37983.0710143713 34724.425522802536 35401.500000000007 28497.962273516761 0.051250000000000011 3.3749999999999978 11.870095486111113 22.151953125000009 3.3682291666666671 1.5000000000000002 1.0000000180025095e-35 4.1880642361111118 11.881250000000003 4.5062500000000023 18.031250000000004 39830.500000000007 28197.500000000004 7.5000000000000009
decision_type=2 2 2 2 2 2 2 2 2 2 2 2 2 2 2 2 2 2
left_child=1 2 3 7 -5 -6 8 9 -7 10 11 12 -1 -14 -3 -4 -11 -18
right_child=-2 14 15 4 5 6 -8 -9 -10 16 -12 -13 13 -15 -16 -17 17 -19
leaf_value=-12.525860828716564 45.537393851205451 10.67313354264823 -7.6962910136528766 5.9024931574567576 0.37554882910936471 -22.624921897247706 -33.028929503219885 6.4635372791853376 -10.026150018360564 -0.30242444868043772 3.4724255517849136 -2.8472929270032874 -25.979167576711752 -15.661828046324795 -0.57569968354841006 -39.775193503652382 -6.8297335415422582 1.9136668964447019
leaf_weight=126 15715 19403 5058 36601 22016 69 84 5138 1158 202627 24978 3871 91 85 6051 77 10864 5788
leaf_count=126 15715 19403 5058 36601 22016 69 84 5138 1158 202627 24978 3871 91 85 6051 77 10864 5788
internal_value=0.000175464 9.0404e-05 3.77747e-05 6.2751e-05 0.000406516 -8.98847e-05 -0.00246821 -1.84941e-05 -0.00182114 -4.17838e-05 0.000393195 -0.00151177 -0.00720901 -0.011013 0.000749213 -0.00148705 -9.961e-05 -0.000634128
internal_weight=359800 344085 318631 313496 59928 23327 1311 253568 1227 248430 29151 4173 302 176 25454 5135 219279 16652
internal_count=359800 344085 318631 313496 59928 23327 1311 253568 1227 248430 29151 4173 302 176 25454 5135 219279 16652
is_linear=0
shrinkage=0.0229654


Tree=288
num_leaves=19
num_cat=0
split_feature=37 37 35 37 35 37 18 35 16 4 28 28 15 15 26 28 26 28
split_gain=107.535 21.8453 21.0117 16.0919 15.004 16.7508 14.1817 11.9369 13.2571 11.7317 15.7875 18.5194 25.1251 15.1439 14.5854 12.3079 11.2571 10.648
threshold=37983.0710143713 33467.892597773149 33580.500000000007 26605.106371552731 25661.500000000004 23834.951018298565 0.051250000000000011 38550.000000000007 34.562500000000007 11.500000000000002 -2.513443732193732 3.6502987838971208 14.306250000000004 14.306250000000004 2.8817708333333338 -1.8237962249614783 4.0790364583333343 1.0000000180025095e-35
decision_type=2 2 2 2 2 2 2 2 2 2 2 2 2 2 2 2 2 2
left_child=1 2 3 4 5 -1 -5 9 -9 15 13 -12 -13 14 -11 -3 -10 -17
right_child=-2 7 -4 6 -6 -7 -8 8 16 10 11 12 -14 -15 -16 17 -18 -19
leaf_value=-0.39252227441884302 44.49160897980353 17.846495577132863 -6.9024044231533086 3.9173392293324993 -2.7172816098097159 3.029266164498714 -0.51961943000970456 4.7528532774942658 5.8644215741078671 -24.580886030735851 9.3807133417141788 -32.89636353984568 -7.7217572009041575 -40.661738336562308 2.190464737942746 1.0049454713146955 -15.71904796889199 10.3645684514529
leaf_weight=143133 15715 8108 7560 51818 32456 42873 29578 1489 301 150 4887 106 447 179 530 9750 959 9761
leaf_count=143133 15715 8108 7560 51818 32456 42873 29578 1489 301 150 4887 106 447 179 530 9750 959 9761
internal_value=0.000174251 8.94029e-05 2.62063e-05 5.63533e-05 -4.63382e-05 3.3163e-05 0.000331971 0.000619246 -0.000836245 0.000737211 -0.000157137 0.000299732 -0.0036836 -0.00305047 -0.001486 0.000941184 -0.00256994 0.000628662
internal_weight=359800 344085 307418 299858 218462 186006 81396 36667 2749 33918 6299 5440 553 859 680 27619 1260 19511
internal_count=359800 344085 307418 299858 218462 186006 81396 36667 2749 33918 6299 5440 553 859 680 27619 1260 19511
is_linear=0
shrinkage=0.0229654


Tree=289
num_leaves=19
num_cat=0
split_feature=37 37 35 37 35 37 36 36 37 10 36 35 22 7 10 10 19 22
split_gain=107.367 21.6198 21.2518 15.4882 18.0103 16.4859 26.8378 16.5657 19.5537 18.3034 12.7072 12.2937 15.1781 12.4716 11.358 16.5034 11.2506 16.1888
threshold=37983.0710143713 34724.425522802536 35401.500000000007 23834.951018298565 25257.500000000004 25822.820239056793 23776.500000000004 27094.500000000004 30652.222152087903 1.0000000180025095e-35 24825.500000000004 32374.500000000004 12.975651041666667 0.75023006073889154 -0.68301270189221952 1.0000000180025095e-35 7.1000000000000014 10.407638888888892
decision_type=2 2 2 2 2 2 2 2 2 2 2 2 2 2 2 2 2 2
left_child=1 2 3 10 -5 6 -6 -7 9 -9 -1 16 13 -13 -12 -16 17 -11
right_child=-2 -3 -4 4 5 7 -8 8 -10 11 14 12 -14 -15 15 -17 -18 -19
leaf_value=-0.21594303771056325 43.469840985626163 7.4753474582674304 -8.1843476504087871 4.6444405860178835 5.8343671546694829 4.8188264124894227 -4.8655256560501003 1.1486008373168237 3.7344766961512592 -11.529615292812188 0.79899358109517205 -7.3480329852389206 -23.478572809949434 -27.489221742321615 -17.218745615953711 -2.6768226580854839 0.1195090703907717 0.42074808335092645
leaf_weight=135862 15715 25454 5135 43318 6783 26626 14834 18907 31526 7357 4118 1929 67 196 3158 4598 9637 4580
leaf_count=135862 15715 25454 5135 43318 6783 26626 14834 18907 31526 7357 4118 1929 67 196 3158 4598 9637 4580
internal_value=0.000172783 8.80013e-05 3.65494e-05 6.05534e-05 0.000212946 7.05607e-05 -0.000504948 0.00019395 1.76113e-05 -0.000302829 -0.000110431 -0.000727054 -0.00236569 -0.00202636 -0.000830886 -0.00134843 -0.000560563 -0.00103178
internal_weight=359800 344085 318631 313496 165760 122442 21617 100825 74199 42673 147736 23766 2192 2125 11874 7756 21574 11937
internal_count=359800 344085 318631 313496 165760 122442 21617 100825 74199 42673 147736 23766 2192 2125 11874 7756 21574 11937
is_linear=0
shrinkage=0.0229654


Tree=290
num_leaves=19
num_cat=0
split_feature=35 11 15 35 3 23 26 25 33 15 24 26 25 3 24 34 1 22
split_gain=51.5028 18.9273 24.6427 15.882 17.9098 12.9696 16.6651 11.6293 12.2936 10.5466 12.5653 9.91167 9.79441 11.0103 10.5448 9.74199 9.12766 9.19831
threshold=38284.500000000007 132.00000000000003 11.531250000000004 28984.500000000004 4.5000000000000009 4.7750000000000039 4.0790364583333343 5.740885416666667 0.6840277777777779 20.956250000000008 1.1250000000000004 2.5639322916666671 5.0830729166666675 2.5000000000000004 -4.3062499999999995 0.38541666666666669 12.500000000000002 11.994531250000003
decision_type=2 2 2 2 2 2 2 2 2 2 2 2 2 2 2 2 2 2
left_child=1 2 3 12 -5 16 -7 -2 -9 10 -10 -4 -1 14 -14 -16 -6 -18
right_child=7 -3 11 4 5 6 -8 8 9 -11 -12 -13 13 -15 15 -17 17 -19
leaf_value=6.6754349938015931 36.086370710519986 -1.2977076132627277 10.308103300169792 14.053671111754085 -6.6177277237258068 -22.591808737596882 6.8415091375873143 14.935454102918383 -23.088158357088908 -19.25679473449803 13.305291447060897 -0.049109523126961499 -8.2438839308847669 0.047838937884801924 2.0808932741145916 7.8962292192780676 12.020192832819969 -10.450391311181555
leaf_weight=7427 9808 86132 2319 17467 2787 103 101 4525 110 271 558 143225 375 45516 30819 4156 3736 365
leaf_count=7427 9808 86132 2319 17467 2787 103 101 4525 110 271 558 143225 375 45516 30819 4156 3736 365
internal_value=0.000171953 0.000114105 0.00021238 0.000467074 0.000983644 1.03624e-05 -0.00569632 0.00147699 0.000627934 -0.00176337 -0.000213152 1.48955e-05 0.000323388 0.000250085 0.000554158 0.000595229 0.000179376 0.000868553
internal_weight=359800 344528 258396 112852 24559 7092 204 15272 5464 939 668 145544 88293 80866 35350 34975 6888 4101
internal_count=359800 344528 258396 112852 24559 7092 204 15272 5464 939 668 145544 88293 80866 35350 34975 6888 4101
is_linear=0
shrinkage=0.0229654


Tree=291
num_leaves=19
num_cat=0
split_feature=37 37 35 37 18 0 13 24 4 27 37 32 24 11 35 27 10 37
split_gain=104.072 20.624 20.3269 15.2444 16.8474 12.1207 12.1612 11.0498 13.5311 14.113 10.5041 12.7968 12.5235 15.4259 10.0538 10.0286 10.4657 10.566
threshold=37983.0710143713 34724.425522802536 35401.500000000007 28497.962273516761 0.051250000000000011 3.5000000000000004 15.131250000000003 -3.9999999999999982 5.5000000000000009 3.0960379464285741 19777.377895503061 34.837500000000013 2.6250000000000018 132.00000000000003 39830.500000000007 1.9391927083333338 1.0000000180025095e-35 31462.010697715847
decision_type=2 2 2 2 2 2 2 2 2 2 2 2 2 2 2 2 2 2
left_child=1 2 3 5 15 -1 -7 8 9 -8 -9 12 -12 -14 -4 -5 -17 -18
right_child=-2 -3 14 4 -6 6 7 10 -10 -11 11 -13 13 -15 -16 16 17 -19
leaf_value=2.3358381358328493 42.004893864957388 7.1631054803487242 -7.1581294189202724 7.6947613915739952 -0.75657615873179551 -0.8253379395668875 -9.9087641101674109 -1.6256694700033565 -2.4618944494219539 -16.75713106895029 -3.1735999844115192 2.760278194626951 -37.533651595853499 2.4651431075034211 -38.85826529980281 8.3308619461569897 -9.6576361712448193 3.0583421003044511
leaf_weight=22215 15715 25454 5058 27199 23327 172621 347 11080 1411 67 729 44755 209 134 77 2996 3248 3158
leaf_count=22215 15715 25454 5058 27199 23327 172621 347 11080 1411 67 729 44755 209 134 77 2996 3248 3158
internal_value=0.000169336 8.58655e-05 3.56125e-05 5.90882e-05 0.000388505 -1.87658e-05 -6.79671e-05 0.000217486 -0.00154151 -0.00519218 0.000273896 0.000427316 -0.00205232 -0.00567105 -0.0013976 0.000695908 4.93408e-05 -0.000474652
internal_weight=359800 344085 318631 313496 59928 253568 231353 58732 1825 414 56907 45827 1072 343 5135 36601 9402 6406
internal_count=359800 344085 318631 313496 59928 253568 231353 58732 1825 414 56907 45827 1072 343 5135 36601 9402 6406
is_linear=0
shrinkage=0.0229654


Tree=292
num_leaves=19
num_cat=0
split_feature=37 37 35 37 36 36 37 22 9 35 37 3 35 36 23 29 29 0
split_gain=103.293 20.0358 19.5631 14.7679 17.5811 17.1912 16.3763 13.5341 16.2402 12.4494 12.9762 12.2543 13.6197 12.197 11.9945 11.9449 13.0844 17.9425
threshold=37983.0710143713 33467.892597773149 33580.500000000007 27819.434989129277 27094.500000000004 27598.000000000004 23834.951018298565 3.3818142361111119 0.68301270189221941 38550.000000000007 35683.73035002665 4.5000000000000009 31664.000000000004 34058.500000000007 3.3749999999999978 594.00625000000014 139.51875000000004 33.500000000000007
decision_type=2 2 2 2 2 2 2 2 2 2 2 2 2 2 2 2 2 2
left_child=1 2 3 4 6 -5 -1 8 -6 13 -11 12 -9 -3 -7 16 17 -16
right_child=-2 9 -4 5 7 14 -8 11 -10 10 -12 -13 -14 -15 15 -17 -18 -19
leaf_value=-0.43987998676913903 41.0402343002851 13.672140242841197 -6.5973331681150365 12.727884045911342 -39.406562195579255 2.0632320039659802 2.1915704868995154 -1.3854858667532817 12.259599002129757 -16.842226970504022 -0.44205773829021622 -8.4230134914810915 -48.341749469826574 3.7782843726370867 -31.971094901159304 -17.266478829665424 -3.0026319225326725 0.53591679111844648
leaf_weight=145872 15715 10630 7560 10375 173 44226 69720 21219 97 524 2225 5012 62 23288 67 221 2743 71
leaf_count=145872 15715 10630 7560 10375 173 44226 69720 21219 97 524 2225 5012 62 23288 67 221 2743 71
internal_value=0.000167422 8.42636e-05 2.37411e-05 5.28302e-05 -2.58432e-05 0.000382989 4.28435e-05 -0.000583321 -0.00569882 0.000591688 -0.000894724 -0.000530791 -0.000290184 0.000712159 0.000197395 -0.00118307 -0.000788365 -0.00768842
internal_weight=359800 344085 307418 299858 242155 57703 215592 26563 270 36667 2749 26293 21281 33918 47328 3102 2881 138
internal_count=359800 344085 307418 299858 242155 57703 215592 26563 270 36667 2749 26293 21281 33918 47328 3102 2881 138
is_linear=0
shrinkage=0.0229654


Tree=293
num_leaves=19
num_cat=0
split_feature=36 25 3 4 0 16 0 36 26 13 33 0 13 15 3 3 33 33
split_gain=37.3374 30.2185 17.2532 27.5454 31.0169 26.0994 28.9263 24.722 23.9533 22.1315 43.068 36.3541 21.4276 27.8845 50.6764 38.8655 32.1403 24.1212
threshold=38855.500000000007 2.2028645833333331 3.5000000000000004 11.500000000000002 11.500000000000002 137.56250000000003 45.500000000000007 28991.500000000004 17.567838541666671 7.5937500000000018 1.0000000180025095e-35 33.500000000000007 1.6562500000000004 12.118750000000004 1.5000000000000002 2.5000000000000004 0.44791666666666669 0.29513888888888895
decision_type=2 2 2 2 2 2 2 2 2 2 2 2 2 2 2 2 2 2
left_child=1 -1 3 4 -3 6 -6 -8 -7 12 -11 -12 13 -5 -15 17 -17 -16
right_child=-2 2 -4 9 5 8 7 -9 -10 10 11 -13 -14 14 15 16 -18 -19
leaf_value=13.125643031631355 19.759922608907019 -0.95131825547500337 -0.51161832033515198 -0.72838493346864674 6.6739564250763097 -0.97665591026197962 -0.20337451829002848 -20.692030612589654 6.9007798788790859 6.2298928618605141 -13.042585743442109 -41.630109856448904 1.340832768143938 29.202555705197963 -32.812610632194747 3.3085848564983351 -23.387657445725718 -16.079818332599508
leaf_weight=10650 12464 42692 146786 1959 62551 47694 10743 622 13358 463 475 211 7623 545 395 364 89 116
leaf_count=10650 12464 42692 146786 1959 62551 47694 10743 622 13358 463 475 211 7623 545 395 364 89 116
internal_value=0.000166081 0.000121764 8.36667e-05 0.000228203 0.000300802 0.000471464 0.000761702 -0.000304117 0.000120071 -0.000825554 -0.00385955 -0.0075123 -0.00051124 -0.00200782 -0.00435414 -0.00751855 -0.002621 -0.0118602
internal_weight=359800 347336 336686 189900 177660 134968 73916 11365 61052 12240 1149 686 11091 3468 1509 964 453 511
internal_count=359800 347336 336686 189900 177660 134968 73916 11365 61052 12240 1149 686 11091 3468 1509 964 453 511
is_linear=0
shrinkage=0.0229654


Tree=294
num_leaves=19
num_cat=0
split_feature=35 11 25 24 30 25 16 30 21 3 8 26 34 26 35 13 16 6
split_gain=48.1409 18.7849 18.0983 12.1149 15.3197 12.0331 17.1544 14.2866 10.9488 10.8876 9.19536 11.5195 9.60114 11.4099 10.2521 9.17361 9.04451 9.28339
threshold=38284.500000000007 84.000000000000014 8.349739583333335 -3.9999999999999982 326.23125000000005 5.740885416666667 34.562500000000007 1189.4687500000002 21.613281250000004 1.5000000000000002 -0.70710678118654757 18.441536458333335 0.46180555555555564 16.822005208333337 26833.500000000004 10.431250000000004 123.06250000000001 1.0000000180025095e-35
decision_type=2 2 2 2 2 2 2 2 2 2 2 2 2 2 2 2 2 2
left_child=1 2 16 4 9 -2 -7 -8 -5 -4 -3 12 -12 14 -14 -13 17 -1
right_child=5 10 3 8 -6 6 7 -9 -10 -11 11 15 13 -15 -16 -17 -18 -19
leaf_value=5.0179585079553934 33.758095467309353 -3.1758474062363646 2.4193722605415546 0.60302893382153944 11.195395491832523 17.331404168470979 34.62871338461553 -14.035104215882569 7.8348432491252549 -9.2959859265000748 -0.06183000725444833 -22.985880805032419 -11.827530273641907 -2.8204429999857492 -80.482262908309025 4.2903849690282163 -1.0456244636254928 -5.9205464738494875
leaf_weight=40043 9808 42968 473 118444 629 3746 613 1105 3544 1523 116676 62 303 945 80 11230 6391 1217
leaf_count=40043 9808 42968 473 118444 629 3746 613 1105 3544 1523 116676 62 303 945 80 11230 6391 1217
internal_value=0.000162634 0.000106706 0.000276282 0.00013072 -0.00141292 0.00142436 0.000560686 -0.00133943 0.000163937 -0.00239779 -6.28714e-05 3.38542e-05 -3.32013e-05 -0.00197489 -0.00531862 0.0007346 0.000656946 0.00078147
internal_weight=359800 344528 172264 124613 2625 15272 5464 1718 121988 1996 172264 129296 118004 1328 383 11292 47651 41260
internal_count=359800 344528 172264 124613 2625 15272 5464 1718 121988 1996 172264 129296 118004 1328 383 11292 47651 41260
is_linear=0
shrinkage=0.0229654


Tree=295
num_leaves=19
num_cat=0
split_feature=35 11 15 35 25 30 3 28 13 30 26 23 25 21 15 3 18 1
split_gain=47.4161 17.8571 22.8429 12.644 12.1447 11.8052 12.1649 11.7959 12.0061 13.779 18.8361 33.2818 13.2841 12.5349 17.5713 20.6912 18.2052 12.0184
threshold=37846.000000000007 132.00000000000003 8.6312500000000032 26621.500000000004 6.1734375000000012 1611.8375000000003 2.5000000000000004 -4.4133713942307677 20.531250000000004 21.024999999999999 15.297265625000003 -1.3875 20.560677083333335 18.736067708333341 18.906250000000004 2.5000000000000004 0.014375000000000002 9.5000000000000018
decision_type=2 2 2 2 2 2 2 2 2 2 2 2 2 2 2 2 2 2
left_child=1 2 3 -1 -2 -6 -7 -4 9 10 11 -9 13 14 -12 -16 -17 -14
right_child=4 -3 7 -5 5 6 -8 8 -10 -11 12 -13 17 -15 15 16 -18 -19
leaf_value=1.5888480069105759 27.188555861918331 -1.3157248943300104 7.2638518663613461 9.5466618025468151 10.715093206512389 47.715348929254226 -14.488766318701579 -22.530584573832655 5.3885975798763459 0.31393124982514731 -2.090833038838483 -2.4556418398785005 -3.9713986094219589 2.7457848115436789 10.226928245178801 -48.593568206162992 -19.469885443776203 -17.684219763259119
leaf_weight=39463 12084 85446 6605 17265 4983 272 677 233 8424 172943 4506 446 1060 4316 187 133 175 582
leaf_count=39463 12084 85446 6605 17265 4983 272 677 233 8424 172943 4506 446 1060 4316 187 133 175 582
internal_value=0.000160337 9.98082e-05 0.000195647 0.000602312 0.00130863 0.000457605 -0.00188999 8.00759e-05 4.74171e-05 8.72187e-06 -0.000756173 -0.00446794 -0.000526199 -0.000190536 -0.000973079 -0.00508023 -0.00873879 -0.00243081
internal_weight=359800 341784 256338 56728 18016 5932 949 199610 193005 184581 11638 679 10959 9317 5001 495 308 1642
internal_count=359800 341784 256338 56728 18016 5932 949 199610 193005 184581 11638 679 10959 9317 5001 495 308 1642
is_linear=0
shrinkage=0.0229654


Tree=296
num_leaves=19
num_cat=0
split_feature=35 11 15 10 16 26 7 16 24 10 26 16 26 27 33 10 9 35
split_gain=45.5488 17.5992 22.637 13.1972 13.3752 13.1422 13.6259 13.7049 12.8615 12.6007 14.5278 10.7671 17.1084 16.5961 14.5926 9.84901 10.9647 11.2961
threshold=38284.500000000007 132.00000000000003 8.5687500000000032 -0.24999999999999994 265.31250000000006 3.6252604166666669 -0.79335334029123528 75.562500000000014 -2.6999999999999975 0.93301270189221952 4.6667968750000011 53.687500000000007 4.1878906250000014 0.68960193452381013 0.10069444444444446 0.93301270189221952 0.68301270189221941 40221.000000000007
decision_type=2 2 2 2 2 2 2 2 2 2 2 2 2 2 2 2 2 2
left_child=1 2 3 -1 -5 -4 7 9 -9 -7 -11 -2 -13 -14 -15 16 -16 -18
right_child=11 -3 5 4 -6 6 -8 8 -10 10 -12 12 13 14 15 -17 17 -19
leaf_value=0.98387644335587465 26.900991063462172 -1.2727733443830989 6.7229082423639133 6.9928804594310749 -5.4525759997527148 8.3470330507093102 -0.27815102819177556 -7.3820381281579124 1.7385954586887269 -21.615446627083578 0.18941943040033685 25.53109599790686 15.626017011021609 -34.045613235118161 6.2963283292407191 -38.013468389968466 -5.2975085820231307 -26.346172544876172
leaf_weight=27778 11198 86132 8495 26814 1574 12255 151690 2724 24742 245 2079 2007 1081 64 466 65 238 153
leaf_count=27778 11198 86132 8495 26814 1574 12255 151690 2724 24742 245 2079 2007 1081 64 466 65 238 153
internal_value=0.000157975 0.000103573 0.000198338 0.000606212 0.000954438 8.50572e-05 4.62901e-05 0.000412116 0.000110036 0.000981216 -0.000569194 0.00138526 0.000374301 -0.00109216 -0.00324683 -0.00251075 -0.00185706 -0.00469293
internal_weight=359800 344528 258396 56166 28388 202230 193735 42045 27466 14579 2324 15272 4074 2067 986 922 857 391
internal_count=359800 344528 258396 56166 28388 202230 193735 42045 27466 14579 2324 15272 4074 2067 986 922 857 391
is_linear=0
shrinkage=0.0229654


Tree=297
num_leaves=19
num_cat=0
split_feature=37 11 15 37 21 30 28 27 32 15 35 37 10 28 30 21 14 25
split_gain=100.492 17.9551 22.781 23.8835 11.1969 26.6398 26.891 21.6804 22.1604 10.6631 9.76792 12.8985 11.7861 13.2831 16.8131 11.1859 9.264 13.7297
threshold=37983.0710143713 84.000000000000014 18.668750000000006 28407.181565572457 14.911588541666669 202.65625000000003 0.88858695652173803 -4.0730282738095234 495.60000000000008 10.156250000000004 27264.500000000004 23530.509437321645 -0.68301270189221952 0.8608330369843521 538.23125000000016 11.536848958333335 62.312500000000007 14.884114583333336
decision_type=2 2 2 2 2 2 2 2 2 2 2 2 2 2 2 2 2 2
left_child=1 2 3 10 -4 7 -7 8 -6 -5 11 -1 13 14 15 -12 17 -17
right_child=-2 -3 4 9 5 6 -8 -9 -10 -11 12 -13 -14 -15 -16 16 -18 -19
leaf_value=0.18175819999810322 38.324474920573991 -0.5830470497910627 -0.91367650084911411 12.59650141037219 -32.457925345631345 -27.713473762280366 -5.1877866107836113 -2.0203031847811932 -5.4120975324900362 4.1262291011950305 -36.896372172242764 3.3306496552007103 -0.0054812909512814943 -1.1486629784796609 7.152733940230279 -7.5171819572230376 -6.6144738940555987 -32.491097834928233
leaf_weight=59334 15715 171993 24229 13512 62 222 256 3614 138 22541 109 36645 8464 1747 329 250 539 101
leaf_count=59334 15715 171993 24229 13512 62 222 256 3614 138 22541 109 36645 8464 1747 329 250 539 101
internal_value=0.000157209 7.51865e-05 0.000241035 0.000358803 -0.000351796 -0.00143293 -0.0065437 -0.000792409 -0.00815272 0.00087032 0.000187281 0.000263179 -0.000444023 -0.00166172 -0.00339293 -0.00487584 -0.0040254 -0.00692888
internal_weight=359800 344085 172092 143571 28521 4292 478 3814 200 36053 107518 95979 11539 3075 1328 999 890 351
internal_count=359800 344085 172092 143571 28521 4292 478 3814 200 36053 107518 95979 11539 3075 1328 999 890 351
is_linear=0
shrinkage=0.0229654


Tree=298
num_leaves=19
num_cat=0
split_feature=35 3 4 22 13 23 1 3 33 26 22 27 21 26 1 23 1 36
split_gain=45.0746 13.0428 27.8478 36.4959 33.058 40.3693 30.6626 26.7058 26.8632 22.3662 29.8162 30.8587 26.5559 20.5362 19.1881 18.0278 21.8338 18.7102
threshold=38284.500000000007 3.5000000000000004 11.500000000000002 8.6786024305555571 7.5937500000000018 -0.25000000000000028 4.5000000000000009 1.0000000180025095e-35 0.71180555555555569 5.1378906250000007 6.4778645833333339 -1.7235119047619036 4.6644531250000014 4.4667968750000009 3.5000000000000004 1.5500000000000014 22.500000000000004 26879.500000000004
decision_type=2 2 2 2 2 2 2 2 2 2 2 2 2 2 2 2 2 2
left_child=1 2 6 4 9 -6 7 8 -1 10 -4 12 -12 -14 -3 16 -8 -18
right_child=-2 14 3 -5 5 -7 15 -9 -10 -11 11 -13 13 -15 -16 -17 17 -19
leaf_value=-2.9669453452011649 19.441383107362757 2.2756798248625314 -7.6942864387769614 9.9247237996706197 -38.462338063855249 -16.892761269417797 4.9000407027177397 0.28917841187191001 -19.374336563278138 -2.6351617932045199 4.8829692915663125 12.375806707263356 -37.757033099299704 -8.4636340575924685 -0.91725710448363718 0.9223900366213037 -0.49176546690626177 -14.498557360198205
leaf_weight=9157 15272 25656 2586 3317 161 552 84565 30000 763 5791 101 167 260 105 122656 50732 7048 911
leaf_count=9157 15272 25656 2586 3317 161 552 84565 30000 763 5791 101 167 260 105 122656 50732 7048 911
internal_value=0.000155358 0.00010124 0.000224088 -0.000801324 -0.00151095 -0.0062712 0.000297085 -0.000265782 -0.00129875 -0.00113425 -0.00266895 -0.00713633 -0.0101718 -0.0130557 -6.12877e-05 0.000453935 0.000644701 -0.000505245
internal_weight=359800 344528 196216 13040 9723 713 183176 39920 9920 9010 3219 633 466 365 148312 143256 92524 7959
internal_count=359800 344528 196216 13040 9723 713 183176 39920 9920 9010 3219 633 466 365 148312 143256 92524 7959
is_linear=0
shrinkage=0.0229654


Tree=299
num_leaves=19
num_cat=0
split_feature=35 25 11 31 16 35 16 10 13 11 23 30 18 6 4 35 0 29
split_gain=43.6766 18.4222 15.7852 14.9286 13.0591 17.3388 16.7385 18.1584 15.1793 15.7462 12.4141 18.6284 12.2739 11.7619 28.6526 27.1428 21.8846 16.289
threshold=39170.500000000007 2.2028645833333331 156.00000000000003 356.94375000000008 127.18750000000001 23358.500000000004 0.56250000000000011 -0.68301270189221952 22.431250000000006 1.0000000180025095e-35 2.4750000000000028 354.43750000000006 0.014375000000000002 1.0000000180025095e-35 11.500000000000002 26218.500000000004 36.500000000000007 316.8562500000001
decision_type=2 2 2 2 2 2 2 2 2 2 2 2 2 2 2 2 2 2
left_child=1 -1 4 -4 6 -6 10 -8 9 12 13 -12 -7 -3 -15 17 -17 -16
right_child=-2 2 3 -5 5 8 7 -9 -10 -11 11 -13 -14 14 15 16 -18 -19
leaf_value=10.754197007945299 27.136865071137937 0.72440146954965989 -2.1750270365613971 -25.783552694765859 1.9688782885249569 -4.9256829669670443 -0.30202268193528797 5.5461114412242827 10.721357242761295 -1.6565863610491796 -33.723013275989565 -6.1687492887582893 -15.563928169549474 0.2745250291164536 -13.051234641262505 -8.4100441514822695 -45.218144952403556 3.7610073175916621
leaf_weight=9006 11096 126118 41660 269 37791 4932 18884 50363 2946 49459 122 2162 1900 2213 278 103 140 358
leaf_count=9006 11096 126118 41660 269 37791 4932 18884 50363 2946 49459 122 2162 1900 2213 278 103 140 358
internal_value=0.000153699 0.000108563 8.13834e-05 -0.000335808 0.000140128 -7.86278e-05 0.000245864 0.000534844 -0.000323835 -0.000407936 9.36823e-05 -0.00158465 -0.00144139 0.00012335 -0.00127602 -0.00478381 -0.0113126 -0.00228932
internal_weight=359800 348704 339698 41929 297769 97028 200741 69247 59237 56291 131494 2284 6832 129210 3092 879 243 636
internal_count=359800 348704 339698 41929 297769 97028 200741 69247 59237 56291 131494 2284 6832 129210 3092 879 243 636
is_linear=0
shrinkage=0.0229654


Tree=300
num_leaves=19
num_cat=0
split_feature=35 25 7 14 18 6 23 16 8 16 25 22 33 36 4 33 16 24
split_gain=42.1279 15.4069 13.986 13.2441 21.1033 14.7562 12.9148 12.5195 12.2609 11.927 15.0271 16.4032 14.4444 11.0803 16.3796 14.0055 13.9154 12.5144
threshold=38284.500000000007 2.2028645833333331 -0.79335334029123528 86.812500000000014 0.051250000000000011 1.0000000180025095e-35 2.2750000000000021 194.56250000000003 1.0000000180025095e-35 55.187500000000007 5.667447916666668 7.2655381944444457 0.15625000000000003 38855.500000000007 11.500000000000002 1.0000000180025095e-35 55.187500000000007 -2.6999999999999975
decision_type=2 2 2 2 2 2 2 2 2 2 2 2 2 2 2 2 2 2
left_child=1 -1 13 4 7 8 -6 -4 -5 -2 -11 12 -12 14 16 -16 -3 -18
right_child=9 2 3 5 6 -7 -8 -9 -10 10 11 -13 -14 -15 15 -17 17 -19
leaf_value=9.6774612496763233 24.978386133938269 7.0594740018831157 0.96688427059559134 5.1180906801763388 -3.8629714024310262 -6.2310168668334942 0.42708539733884548 -1.7290725083169471 0.33840324712666264 17.607290354577977 -35.108299882051782 33.265168722200102 -12.730360145304097 20.128620749031782 5.5349039011576879 -17.944172604234115 -5.4131733033846832 2.0913594660710784
leaf_weight=8498 11251 15335 93151 28267 42047 1636 17739 42210 47245 2550 67 585 819 3209 985 1780 4227 38199
leaf_count=8498 11251 15335 93151 28267 42047 1636 17739 42210 47245 2550 67 585 819 3209 985 1780 4227 38199
internal_value=0.000150826 9.85067e-05 7.40843e-05 2.40378e-06 -9.83002e-05 0.000257136 -0.000457649 6.04162e-05 0.000303886 0.00133113 0.000257583 -0.00159087 -0.00356145 0.000380325 0.000310602 -0.00141613 0.00039326 0.000178956
internal_weight=359800 344528 336030 272295 195147 77148 59786 135361 75512 15272 4021 1471 886 63735 60526 2765 57761 42426
internal_count=359800 344528 336030 272295 195147 77148 59786 135361 75512 15272 4021 1471 886 63735 60526 2765 57761 42426
is_linear=0
shrinkage=0.0229654


Tree=301
num_leaves=19
num_cat=0
split_feature=37 11 37 16 35 17 30 26 35 31 24 26 16 35 37 3 37 35
split_gain=97.9459 16.7207 18.259 22.2022 15.5889 11.4986 16.5719 13.5088 13.3932 10.9412 10.4771 10.0655 12.6663 18.7796 9.74464 9.18885 9.18414 16.734
threshold=37983.0710143713 84.000000000000014 31462.010697715847 90.937500000000014 32374.500000000004 75.312500000000014 1717.5250000000001 6.586588541666667 37664.500000000007 13.087500000000009 4.731250000000002 22.770963541666671 738.56250000000011 20152.500000000004 20825.599656332084 3.5000000000000004 26074.985478570168 25661.500000000004
decision_type=2 2 2 2 2 2 2 2 2 2 2 2 2 2 2 2 2 2
left_child=1 2 4 10 11 14 -7 -8 -9 -6 -4 12 16 -14 -3 -16 17 -1
right_child=-2 5 3 -5 9 6 7 8 -10 -11 -12 -13 13 -15 15 -17 -18 -19
leaf_value=0.61704812584365909 36.305714983986476 -1.513372366838754 10.369293067284186 -1.6561343048108406 -6.2900737614434101 -1.5454501208185818 -7.6302541251271938 -11.570765801747518 -25.356483284454544 -20.246381854434215 -8.151900555462964 8.4507981914214731 -0.7342221276901878 -18.874114477706133 3.023665727488773 -0.74079980354939901 2.7747904713584006 -3.6564497733324606
leaf_weight=88541 15715 23870 18737 8227 2661 68277 4493 578 163 64 702 2616 543 258 45955 28657 37484 12259
leaf_count=88541 15715 23870 18737 8227 2661 68277 4493 578 163 64 702 2616 543 258 45955 28657 37484 12259
internal_value=0.000147954 6.69771e-05 0.000227023 0.000767506 0.000123488 -9.31605e-05 -0.000310502 -0.00155589 -0.00442882 -0.00159704 0.00119074 0.000156575 0.00013003 -0.00274954 6.90721e-05 0.000198283 0.00014671 3.258e-05
internal_weight=359800 344085 172092 27666 144426 171993 73511 5234 741 2725 19439 141701 139085 801 98482 74612 138284 100800
internal_count=359800 344085 172092 27666 144426 171993 73511 5234 741 2725 19439 141701 139085 801 98482 74612 138284 100800
is_linear=0
shrinkage=0.0229654


Tree=302
num_leaves=19
num_cat=0
split_feature=37 11 37 16 35 8 24 13 3 31 30 32 25 3 37 0 25 30
split_gain=96.2485 15.9627 17.2149 20.9277 14.7982 10.3386 10.227 11.1464 13.7529 10.0411 11.8555 13.717 13.5743 11.354 14.2082 15.181 13.3314 22.9319
threshold=37983.0710143713 84.000000000000014 31462.010697715847 90.937500000000014 32374.500000000004 -0.70710678118654757 4.731250000000002 8.0187500000000025 1.5000000000000002 291.45625000000007 21.024999999999999 508.72500000000008 14.363802083333335 4.5000000000000009 19911.45470056358 25.500000000000004 21.039843750000006 11.181249999999997
decision_type=2 2 2 2 2 2 2 2 2 2 2 2 2 2 2 2 2 2
left_child=1 2 4 6 9 -3 -4 -8 -9 10 11 13 -13 14 15 -1 -16 -18
right_child=-2 5 3 -5 -6 -7 7 8 -10 -11 -12 12 -14 -15 16 -17 17 -19
leaf_value=-9.9616126906090319 35.471939392881161 -3.526000946208002 10.131158011678419 -1.6181005032578137 -6.7938136445951205 0.058734692109929466 5.8519359534356168 -27.677175461222252 -3.4659913511870104 6.7992933902500825 0.91886396797802394 -15.568508554402435 0.97741677895625412 0.62136105571679723 -4.0384932606359571 -47.465673294619521 -26.713880246358368 0.37900550540982797
leaf_weight=608 15715 43142 18737 8227 2725 128851 403 106 193 3889 125711 122 6823 1614 2536 63 168 167
leaf_count=608 15715 43142 18737 8227 2725 128851 403 106 193 3889 125711 122 6823 1614 2536 63 168 167
internal_value=0.000145848 6.55755e-05 0.000221952 0.000746754 0.000121421 -9.08906e-05 0.00115766 -0.00156374 -0.00492335 0.000153658 0.000121183 -0.000565358 0.000100856 -0.00146273 -0.00219021 -0.00519888 -0.00148703 -0.00579277
internal_weight=359800 344085 172092 27666 144426 171993 19439 702 299 141701 137812 12101 6945 5156 3542 671 2871 335
internal_count=359800 344085 172092 27666 144426 171993 19439 702 299 141701 137812 12101 6945 5156 3542 671 2871 335
is_linear=0
shrinkage=0.0229654


Tree=303
num_leaves=19
num_cat=0
split_feature=35 25 3 10 30 13 23 6 1 1 3 33 26 33 3 3 16 8
split_gain=40.949 16.8877 14.9274 22.5855 32.6551 32.8244 35.7139 28.1355 62.3601 27.3675 23.0808 31.0318 20.9017 37.047 65.502 58.2674 19.7149 23.6145
threshold=39170.500000000007 2.2028645833333331 3.5000000000000004 0.93301270189221952 977.13125000000014 7.5937500000000018 -0.25000000000000028 1.0000000180025095e-35 17.500000000000004 4.5000000000000009 1.0000000180025095e-35 0.8090277777777779 5.1378906250000007 0.30208333333333343 1.5000000000000002 2.5000000000000004 137.56250000000003 0.94490267940017769
decision_type=2 2 2 2 2 2 2 2 2 2 2 2 2 2 2 2 2 2
left_child=1 -1 3 9 -5 7 -7 12 -9 10 11 -3 13 14 -6 -16 17 -11
right_child=-2 2 -4 4 5 6 -8 8 -10 16 -12 -13 -14 -15 15 -17 -18 -19
leaf_value=10.212433499084474 24.722535902245646 -3.1447228463602599 -0.4973805802706659 9.8974963432658623 0.53043390095959631 -35.861247179646234 -19.219922703401135 -7.3702519071438157 -40.046737363785724 5.4637118906208251 0.21984084255833386 -20.020149344943825 1.3589417104239419 -0.81436603710816335 -34.223563324461665 36.023549306687407 0.89788345604820019 -1.6122002660868811
leaf_weight=9006 11096 9375 145796 3272 491 166 573 495 140 69153 29031 377 5766 1671 379 119 61529 11365
leaf_count=9006 11096 9375 145796 3272 491 166 573 495 140 69153 29031 377 5766 1671 379 119 61529 11365
internal_value=0.00014489 0.000101186 7.51637e-05 0.000207172 -0.000714682 -0.00137792 -0.00603192 -0.000998353 -0.00565998 0.000273812 -0.000266883 -0.00123352 -0.000647043 -0.00233108 -0.00585397 -0.0117225 0.000421438 0.000657947
internal_weight=359800 348704 339698 193902 13072 9800 739 9061 635 180830 38783 9752 8426 2660 989 498 142047 80518
internal_count=359800 348704 339698 193902 13072 9800 739 9061 635 180830 38783 9752 8426 2660 989 498 142047 80518
is_linear=0
shrinkage=0.0229654


Tree=304
num_leaves=19
num_cat=0
split_feature=37 37 15 36 15 3 3 13 37 0 3 22 3 22 9 12 23 22
split_gain=95.1885 15.4285 12.9506 11.7882 15.5862 12.8759 12.4967 11.1181 15.4374 9.9254 23.4851 16.2717 11.8135 15.5389 21.7378 32.4988 15.5493 14.3161
threshold=37983.0710143713 34724.425522802536 5.6812500000000012 34870.500000000007 18.031250000000004 3.5000000000000004 5.5000000000000009 22.431250000000006 19019.042623416553 3.5000000000000004 1.0000000180025095e-35 4.1880642361111118 2.5000000000000004 17.670789930555561 -0.5 13.793750000000003 -2.3999999999999999 10.473133680555557
decision_type=2 2 2 2 2 2 2 2 2 2 2 2 2 2 2 2 2 2
left_child=1 2 -1 -3 -5 -6 -7 9 -9 10 11 -4 17 -14 -15 -16 -17 -11
right_child=-2 3 7 4 5 6 -8 8 -10 12 -12 -13 13 14 15 16 -18 -19
leaf_value=2.8557306689081376 34.453846400217593 13.781341350846095 -21.374625184565112 6.4557844759165821 -0.59114590490277152 -18.177500206187116 10.434447091900223 -6.6248948217667758 9.4375879492753469 -1.3263222150475085 4.0454519915141498 -3.027773763894003 -0.62690100667409854 3.1494826385881711 -11.514442123408065 0.49676231298121454 -7.2749992228792983 1.802430555157625
leaf_weight=18126 15715 8209 255 12789 3138 1011 307 909 7204 47306 17946 2779 142563 3571 570 4297 8612 64493
leaf_count=18126 15715 8209 255 12789 3138 1011 307 909 7204 47306 17946 2779 142563 3571 570 4297 8612 64493
internal_value=0.000142401 6.2572e-05 1.91072e-05 0.000606661 0.000265677 -0.000903979 -0.00280882 -1.68511e-05 0.00082175 -4.01198e-05 0.000441137 -0.00142758 -7.73207e-05 -0.000204125 -0.000859351 -0.00128142 -0.00104446 0.000103715
internal_weight=359800 344085 318631 25454 17245 4456 1318 300505 8113 292392 20980 3034 271412 159613 17050 13479 12909 111799
internal_count=359800 344085 318631 25454 17245 4456 1318 300505 8113 292392 20980 3034 271412 159613 17050 13479 12909 111799
is_linear=0
shrinkage=0.0229654


Tree=305
num_leaves=19
num_cat=0
split_feature=37 37 15 13 37 27 15 11 0 3 33 3 0 6 16 3 13 0
split_gain=94.5941 19.2072 12.5216 10.6504 13.4861 10.2008 9.29034 10.0182 9.2597 21.5967 14.9974 10.8359 26.5733 18.7433 32.2075 26.8945 18.1128 19.9582
threshold=38473.853897399989 34724.425522802536 5.9687500000000009 22.431250000000006 19019.042623416553 6.7970982142857137 13.193750000000003 132.00000000000003 3.5000000000000004 1.0000000180025095e-35 0.69097222222222232 1.0000000180025095e-35 10.500000000000002 1.0000000180025095e-35 17.687500000000004 2.5000000000000004 6.2812500000000009 22.500000000000004
decision_type=2 2 2 2 2 2 2 2 2 2 2 2 2 2 2 2 2 2
left_child=1 2 -1 8 5 -5 7 -3 9 10 -4 12 -10 -13 15 16 17 -15
right_child=-2 6 3 4 -6 -7 -8 -9 11 -11 -12 13 -14 14 -16 -17 -18 -19
leaf_value=2.5093554155219762 42.346041635192535 14.014508949732253 -2.9121698290425528 0.14761055800721154 9.1929831152094774 -10.121057719704783 1.878694695550897 0.99250888263141024 -3.6895641453110106 3.9308416786982976 -22.6792941683603 -0.58017643767330762 4.7742479291715609 -36.240998119009511 6.0996131643006049 -7.4924509584900507 -40.196873184073482 53.711276283262443
leaf_weight=21998 12842 10583 2751 528 7093 371 13824 3920 6714 17652 244 228197 30051 133 1175 1336 256 132
leaf_count=21998 12842 10583 2751 528 7093 371 13824 3920 6714 17652 244 228197 30051 133 1175 1336 256 132
internal_value=0.000142848 7.12081e-05 2.02604e-05 -1.89447e-05 0.000808042 -0.00184183 0.000644283 0.00105033 -4.18426e-05 0.000426785 -0.00137639 -7.79469e-05 0.000288278 -0.000136176 -0.00192994 -0.00381273 -0.00823845 -0.00402978
internal_weight=359800 346958 318631 296633 7992 899 28327 14503 288641 20647 2995 267994 36765 231229 3032 1857 521 265
internal_count=359800 346958 318631 296633 7992 899 28327 14503 288641 20647 2995 267994 36765 231229 3032 1857 521 265
is_linear=0
shrinkage=0.0229654


Tree=306
num_leaves=19
num_cat=0
split_feature=37 37 26 37 36 30 25 34 28 13 26 4 8 36 37 36 22 24
split_gain=94.251 18.7168 12.08 11.7147 11.5703 11.145 17.4154 35.8222 16.433 10.5311 12.0222 13.5304 12.9304 25.1396 10.075 10.162 9.82165 10.8101
threshold=38473.853897399989 34724.425522802536 20.375130208333339 16571.864639373602 34870.500000000007 7.8312499999999963 20.800260416666671 0.43402777777777785 0.43068181818181822 2.9812500000000011 8.4811197916666696 11.500000000000002 -0.89495246814786256 36853.500000000007 17921.267400100896 17409.500000000004 18.531380208333335 -1.0000000180025095e-35
decision_type=2 2 2 2 2 2 2 2 2 2 2 2 2 2 2 2 2 2
left_child=1 2 5 -4 -3 6 16 8 -8 10 11 -6 13 -13 15 -9 17 -1
right_child=-2 4 3 -5 9 -7 7 14 -10 -11 -12 12 -14 -15 -16 -17 -18 -19
leaf_value=-11.576676994979971 41.373547472471131 13.624989676783059 -9.7900752028513978 3.8774999700539357 5.1324791680514661 0.095524621945213883 -35.323117609943466 1.2617230694348152 -16.381737829939073 8.1781569186580541 -17.556305574296303 -41.842014901428684 -9.6852106912357225 43.227723020295791 2.1292029495956442 -24.806586592081786 0.1479900219837619 0.53790405432742627
leaf_weight=1022 12842 8722 96 12455 7640 296275 83 63 380 8973 1868 155 865 104 778 82 6622 775
leaf_count=1022 12842 8722 96 12455 7640 296275 83 63 380 8973 1868 155 865 104 778 82 6622 775
internal_value=0.000142784 7.12743e-05 2.09812e-05 0.000719282 0.000636987 -7.65305e-06 -0.000769417 -0.00315484 -0.00836774 0.000327408 -0.00016157 0.00019496 -0.0021576 -0.00665908 -0.000539923 -0.00609771 -0.00037671 -0.00188247
internal_weight=359800 346958 318631 12551 28327 306080 9805 1386 463 19605 10632 8764 1124 259 923 145 8419 1797
internal_count=359800 346958 318631 12551 28327 306080 9805 1386 463 19605 10632 8764 1124 259 923 145 8419 1797
is_linear=0
shrinkage=0.0229654


Tree=307
num_leaves=19
num_cat=0
split_feature=37 11 15 37 15 35 35 36 37 36 7 19 37 34 30 27 34 33
split_gain=94.0983 15.4897 22.1665 20.3615 10.3903 9.92058 9.36727 15.7805 11.779 9.77666 13.9824 10.5883 10.1252 10.7782 9.17665 19.6859 37.0942 9.0793
threshold=37983.0710143713 84.000000000000014 18.668750000000006 28407.181565572457 10.268750000000002 38550.000000000007 27487.500000000004 27094.500000000004 23374.762466709133 20345.500000000004 0.82968937203783699 5.8062500000000004 21227.09264132009 0.91319444444444453 35.031250000000007 -3.2047433035714286 0.43402777777777785 0.98958333333333348
decision_type=2 2 2 2 2 2 2 2 2 2 2 2 2 2 2 2 2 2
left_child=1 2 3 6 -5 17 8 -8 9 12 -11 -12 13 -1 15 16 -4 -3
right_child=-2 5 14 4 -6 -7 7 -9 -10 10 11 -13 -14 -15 -16 -17 -18 -19
leaf_value=0.85622160625738042 32.488628006616217 -0.32898617675885505 -29.695168392115033 11.691973505015017 3.5779949985156461 -12.915439106021712 1.3283126625372863 -5.9025084137439237 2.9579381419906299 0.18035833170238091 -4.2691391481405212 -1.0304635516508247 9.812747394416526 -15.165346385712667 -1.3848719834365908 -5.6921463778654564 10.487345453743083 -8.4511022654011789
leaf_weight=23181 15715 167260 127 13922 22131 1373 6021 3994 39886 22864 3446 4668 3384 74 26763 1533 98 3360
leaf_count=23181 15715 167260 127 13922 22131 1373 6021 3994 39886 22864 3446 4668 3384 74 26763 1533 98 3360
internal_value=0.000142209 6.2839e-05 0.00021688 0.00033305 0.000805347 -9.12911e-05 0.000174679 -0.000494163 0.000243379 3.33618e-05 -0.000244051 -0.00106308 0.00035596 0.000185165 -0.000367901 -0.00197518 -0.00831858 -7.5645e-05
internal_weight=359800 344085 172092 143571 36053 171993 107518 10015 97503 57617 30978 8114 26639 23255 28521 1758 225 170620
internal_count=359800 344085 172092 143571 36053 171993 107518 10015 97503 57617 30978 8114 26639 23255 28521 1758 225 170620
is_linear=0
shrinkage=0.0229654


Tree=308
num_leaves=19
num_cat=0
split_feature=36 28 15 19 0 13 16 16 9 28 14 34 27 33 36 24 24 30
split_gain=31.9099 21.7455 13.9491 11.6023 10.637 9.3845 11.3072 18.7403 16.6831 15.3303 19.016 15.751 11.9918 10.9975 10.3818 13.7876 15.4384 18.1202
threshold=38855.500000000007 -5.2542892156862733 6.5812500000000016 4.1812500000000012 31.500000000000004 22.856250000000006 121.06250000000001 1.0000000180025095e-35 -0.6830127018922193 2.5487284482758619 86.562500000000014 0.47569444444444448 7.9144717261904747 0.9965277777777779 28730.500000000004 2.9750000000000028 -1.5249999999999975 7.8312499999999963
decision_type=2 2 2 2 2 2 2 2 2 2 2 2 2 2 2 2 2 2
left_child=1 -1 -3 -2 -5 6 7 8 9 -4 11 -11 13 -10 15 16 -8 -18
right_child=3 2 5 4 -6 -7 14 -9 12 10 -12 -13 -14 -15 -16 -17 17 -19
leaf_value=9.6185827323941826 -5.8479399458847414 2.4334473413623572 -1.7165550275841215 5.4031530814463595 26.572100580185467 5.886996734863974 -4.1907081029121622 2.4476302516859936 0.59912816296205695 -12.19091763822021 -0.022511630569237554 4.2529180465420726 -9.94391258048719 -7.97844978891455 -4.8584821806564547 -8.6399193352504096 -9.1421686570962883 1.8312501067545288
leaf_weight=10222 629 32539 22812 3726 8109 6712 16003 68148 101427 1264 1161 196 260 3462 20703 3997 2803 55627
leaf_count=10222 629 32539 22812 3726 8109 6712 16003 68148 101427 1264 1161 196 260 3462 20703 3997 2803 55627
internal_value=0.000141444 0.000100474 6.88321e-05 0.00128314 0.00144468 2.0547e-05 1.41103e-06 0.000101347 -5.97604e-05 -0.000587567 -0.00225098 -0.00399535 6.79032e-05 8.01138e-05 -0.000198929 -7.81813e-05 -7.6208e-06 0.000165471
internal_weight=359800 347336 337114 12464 11835 304575 297863 198730 130582 25433 2621 1460 105149 104889 99133 78430 74433 58430
internal_count=359800 347336 337114 12464 11835 304575 297863 198730 130582 25433 2621 1460 105149 104889 99133 78430 74433 58430
is_linear=0
shrinkage=0.0229654


Tree=309
num_leaves=19
num_cat=0
split_feature=7 16 25 10 15 25 4 13 4 6 16 16 3 31 10 4 10 3
split_gain=31.5637 26.0788 20.1372 18.248 12.3737 11.0731 10.9703 10.9266 10.3373 10.1842 9.88634 12.2306 13.6773 13.0987 11.5534 11.1025 11.0882 15.8911
threshold=-0.89495246814786256 55.187500000000007 3.124739583333334 -0.68301270189221952 6.5812500000000016 3.1252604166666669 11.500000000000002 8.7937500000000028 11.500000000000002 1.0000000180025095e-35 121.06250000000001 1.0000000180025095e-35 1.5000000000000002 137.25625000000005 -0.68301270189221952 6.5000000000000009 -0.5 2.5000000000000004
decision_type=2 2 2 2 2 2 2 2 2 2 2 2 2 2 2 2 2 2
left_child=1 3 8 -1 -4 -6 -5 9 -2 -8 11 13 -13 15 -14 -7 17 -12
right_child=2 -3 4 6 5 10 7 -9 -10 -11 16 12 14 -15 -16 -17 -18 -19
leaf_value=-21.632024931164008 8.2183723519134215 1.7748608051758208 2.0349150028304139 15.251525774919186 -13.514387313266019 0.27462960184642193 8.3825223090138827 -32.93383936854719 -9.8211640443976229 -27.072261481020941 3.7058835632005511 6.2554099397093612 -1.9064992393727718 3.1909214637382988 2.4490062455322912 -1.7847614903951552 -4.4201246839704948 -2.0897498747395238
leaf_weight=368 14897 32381 29808 16251 1630 64173 3138 110 1004 224 18268 17791 13535 8417 29372 46735 36816 24882
leaf_count=368 14897 32381 29808 16251 1630 64173 3138 110 1004 224 18268 17791 13535 8417 29372 46735 36816 24882
internal_value=0.000139529 0.000660094 5.06494e-05 0.00131007 7.22635e-06 -4.32852e-05 0.00140461 0.000232829 0.000846489 0.000465866 -3.1455e-05 6.293e-05 0.000328337 -7.20766e-05 0.000106352 -0.000138362 -0.000243939 5.85453e-06
internal_weight=359800 52472 307328 20091 291427 261619 19723 3472 15901 3362 259989 180023 60698 119325 42907 110908 79966 43150
internal_count=359800 52472 307328 20091 291427 261619 19723 3472 15901 3362 259989 180023 60698 119325 42907 110908 79966 43150
is_linear=0
shrinkage=0.0229654


Tree=310
num_leaves=19
num_cat=0
split_feature=37 37 35 0 35 15 26 9 22 37 35 30 15 26 8 26 0 35
split_gain=94.0141 16.5676 21.9737 13.3703 11.8128 11.4331 9.76163 8.8499 15.2295 10.7693 11.2753 12.3639 11.2506 13.4426 12.3433 10.9137 10.4876 9.49147
threshold=38473.853897399989 34724.425522802536 37475.500000000007 18.500000000000004 38550.000000000007 5.9687500000000009 24.062109375000006 0.93301270189221952 6.2687065972222236 21058.27068631602 21360.500000000004 4.3000000000000043 12.281250000000004 18.967317708333336 -0.89495246814786256 19.946614583333339 47.500000000000007 21360.500000000004
decision_type=2 2 2 2 2 2 2 2 2 2 2 2 2 2 2 2 2 2
left_child=1 2 5 -4 -3 -1 7 9 -9 17 11 12 -11 -14 -15 16 -12 -7
right_child=-2 4 3 -5 -6 6 -8 8 -10 10 15 -13 13 14 -16 -17 -18 -19
leaf_value=2.3807677478416265 39.328904514342774 8.1409994554284566 -39.975318405825405 -13.846777266814577 -4.0639902889293973 -0.42271166548496619 11.054319309510728 3.6980215809131511 -3.9444118796764034 0.43030884558192484 0.28951714786999477 5.3554157498472543 22.110457200786534 -30.159193545332215 -15.503032313586523 5.928790404767704 -4.2351939701189787 -4.0470935408397324
leaf_weight=21949 12842 24642 171 805 3685 55862 1193 7143 23318 606 165900 18561 119 107 163 6716 4283 11735
leaf_count=21949 12842 24642 171 805 3685 55862 1193 7143 23318 606 165900 18561 119 107 163 6716 4283 11735
internal_value=0.000138061 6.66409e-05 1.93235e-05 -0.00342128 0.000598883 2.98948e-05 -7.64195e-06 -1.60399e-05 -0.00038669 2.67182e-05 0.000112749 0.000636023 -0.00185801 -0.00490598 -0.00774019 5.49019e-05 1.90679e-05 -0.000223311
internal_weight=359800 346958 318631 976 28327 317655 295706 294513 30461 264052 196455 19556 995 389 270 176899 170183 67597
internal_count=359800 346958 318631 976 28327 317655 295706 294513 30461 264052 196455 19556 995 389 270 176899 170183 67597
is_linear=0
shrinkage=0.0229654


Tree=311
num_leaves=19
num_cat=0
split_feature=35 11 15 35 3 23 16 3 16 13 36 16 36 0 36 21 14 26
split_gain=38.6736 15.4557 20.5582 14.4288 17.5232 13.0722 19.7164 10.7202 12.0419 10.3541 13.9564 10.3075 11.3806 11.1224 20.2162 9.85428 9.84821 9.2348
threshold=39170.500000000007 132.00000000000003 11.831250000000002 28984.500000000004 4.5000000000000009 4.7750000000000039 144.06250000000003 3.5000000000000004 72.312500000000014 1.2312500000000004 36288.500000000007 139.68750000000003 29186.500000000004 18.500000000000004 27525.500000000004 4.0730468750000011 79.937500000000014 2.5639322916666671
decision_type=2 2 2 2 2 2 2 2 2 2 2 2 2 2 2 2 2 2
left_child=1 2 3 -1 -5 11 -7 -2 -9 -10 16 13 -13 14 -6 -16 -11 -4
right_child=7 -3 17 4 5 6 -8 8 9 10 -12 12 -14 -15 15 -17 -18 -19
leaf_value=1.1435726943395239 39.114917807962115 -1.2068643736057003 9.2275185737050478 11.891974708511516 3.8206617414381432 -22.320203665220248 6.8468767121905696 13.150351544710807 -0.23771864408212831 -19.863615758302902 -5.1626672570929566 -0.46517106290851568 -31.19452653492019 6.9317149038276868 -5.0133688222615982 -22.562227260722754 -40.390240803517436 -0.1428991741061893
leaf_weight=92435 7008 87176 2289 19558 737 92 117 3151 622 61 170 598 408 5353 143 221 84 139577
leaf_count=92435 7008 87176 2289 19558 737 92 117 3151 622 61 170 598 408 5353 143 221 84 139577
internal_value=0.000138061 9.55883e-05 0.000183862 0.000405563 0.000870218 -6.01909e-05 -0.00572487 0.0014728 0.000538182 -0.00174753 -0.00513988 9.85112e-05 -0.00206369 0.000435539 -0.00166661 -0.00609467 -0.010374 -3.14041e-06
internal_weight=359800 348704 261528 119662 27227 7669 209 11096 4088 937 315 7460 1006 6454 1101 364 145 141866
internal_count=359800 348704 261528 119662 27227 7669 209 11096 4088 937 315 7460 1006 6454 1101 364 145 141866
is_linear=0
shrinkage=0.0229654


Tree=312
num_leaves=19
num_cat=0
split_feature=37 37 36 15 13 37 27 15 8 22 13 4 8 36 16 23 17 22
split_gain=93.8149 15.4171 11.4106 13.6144 11.1937 13.6073 10.0164 9.90774 9.18206 7.78961 8.24269 10.1172 7.47788 10.2185 7.56666 12.4083 26.8397 14.4465
threshold=38473.853897399989 34724.425522802536 34870.500000000007 18.031250000000004 22.031250000000004 19019.042623416553 6.7970982142857137 5.6812500000000012 -0.32075123873380501 7.655642361111112 8.4812500000000028 11.500000000000002 0.99572243068690536 27444.500000000004 121.06250000000001 3.8000000000000016 55.812500000000007 13.095963541666668
decision_type=2 2 2 2 2 2 2 2 2 2 2 2 2 2 2 2 2 2
left_child=1 4 -3 9 7 6 -6 -1 -5 10 -4 -12 14 -14 15 -9 -17 -18
right_child=-2 2 3 8 5 -7 -8 12 -10 -11 11 -13 13 -15 -16 16 17 -19
leaf_value=2.3522852029399144 38.057624773276963 12.842643992219102 4.17047703525723 -14.741725158887624 0.09779544748981453 7.6277929165146796 -9.7597792014554177 0.41872922914757921 2.1497240948326426 14.791902345426731 -0.77426190129038808 -33.528141827520535 -2.4733532856231131 -15.871801150520019 -1.2018678728713468 -22.606033161031366 3.0350982793794974 -38.806872499116345
leaf_weight=17498 12842 8722 10922 2663 682 8724 411 183106 2258 3514 155 93 6684 340 99403 576 1142 65
leaf_count=17498 12842 8722 10922 2663 682 8724 411 183106 2258 3514 155 93 6684 340 99403 576 1142 65
internal_value=0.000136529 6.51847e-05 0.000578615 0.000271181 1.95397e-05 0.000782981 -0.00163258 -4.72962e-06 -0.000774225 0.000621524 0.000324847 -0.00381522 -3.66101e-05 -0.000776848 -1.83211e-05 6.85526e-05 -0.00183801 0.000108453
internal_weight=359800 346958 28327 19605 318631 9817 1093 308814 4921 14684 11170 248 291316 7024 284292 184889 1783 1207
internal_count=359800 346958 28327 19605 318631 9817 1093 308814 4921 14684 11170 248 291316 7024 284292 184889 1783 1207
is_linear=0
shrinkage=0.0229654


Tree=313
num_leaves=19
num_cat=0
split_feature=35 25 7 36 4 0 11 29 4 24 27 30 26 16 18 26 30 1
split_gain=37.9521 15.2463 14.1659 12.3621 13.5346 13.6148 12.1335 12.167 10.8011 10.5505 10.8613 9.96851 13.9902 11.881 9.93108 9.85656 9.61595 9.44105
threshold=39170.500000000007 2.2028645833333331 -0.82968937203783699 38855.500000000007 11.500000000000002 36.500000000000007 60.000000000000007 344.56875000000008 10.500000000000002 4.4062500000000044 -2.5879092261904746 1717.5250000000001 6.3089843750000005 12.562500000000002 0.063750000000000015 4.0790364583333343 1782.0125000000003 9.5000000000000018
decision_type=2 2 2 2 2 2 2 2 2 2 2 2 2 2 2 2 2 2
left_child=1 14 3 4 5 8 7 -4 -3 10 15 17 16 -14 -1 -6 -13 -8
right_child=-2 2 6 -5 9 -7 11 -9 -10 -11 -12 12 13 -15 -16 -17 -18 -19
leaf_value=12.596258581299368 20.894358089626174 -0.32048469889908415 0.22216751377507027 19.15182629767363 -30.987870484626665 4.7698315773206543 0.40066203999828731 3.3937613778598821 17.326313030380391 -30.274575484332296 -4.9693060707311458 -8.9563227260652418 -17.483425259330403 5.580234124336962 -3.9607745704351172 -9.889006124984915 1.9369451572847436 -1.9577821464419916
leaf_weight=7343 11096 27941 78246 3899 84 22948 86651 27440 1547 111 2256 2791 802 326 1663 94 3251 81311
leaf_count=7343 11096 27941 78246 3899 84 22948 86651 27440 1547 111 2256 2791 802 326 1663 94 3251 81311
internal_value=0.000136082 9.40077e-05 6.92821e-05 0.000393158 0.000304543 0.000383925 1.374e-06 0.000195699 5.74759e-05 -0.001331 -0.00101523 -0.000115894 -0.00095449 -0.0033023 0.00102663 -0.00647676 -0.00051617 -8.00962e-05
internal_weight=359800 348704 339698 58880 54981 52436 280818 105686 29488 2545 2434 175132 7170 1128 9006 178 6042 167962
internal_count=359800 348704 339698 58880 54981 52436 280818 105686 29488 2545 2434 175132 7170 1128 9006 178 6042 167962
is_linear=0
shrinkage=0.0229654


Tree=314
num_leaves=19
num_cat=0
split_feature=37 37 36 15 3 3 15 3 36 37 37 24 0 0 36 24 10 4
split_gain=91.9774 14.9918 11.2707 12.9533 11.846 11.6962 10.1276 9.19286 22.1202 17.8569 17.7071 17.4059 13.4726 25.3766 23.3336 15.2316 16.7644 13.3344
threshold=38473.853897399989 34724.425522802536 34870.500000000007 18.031250000000004 3.5000000000000004 5.5000000000000009 5.6812500000000012 4.5000000000000009 24678.500000000004 20593.95767831185 21623.970797757989 2.5250000000000021 6.5000000000000009 18.500000000000004 27675.500000000004 7.6562500000000009 0.6830127018922193 11.500000000000002
decision_type=2 2 2 2 2 2 2 2 2 2 2 2 2 2 2 2 2 2
left_child=1 6 -3 -4 -5 -6 -1 9 -9 -8 11 -10 -12 14 -14 16 -15 -11
right_child=-2 2 3 4 5 -7 7 8 10 17 12 -13 13 15 -16 -17 -18 -19
leaf_value=2.4327923303545882 36.755503512503921 12.454644035388913 5.6416939636351326 -0.16583728048810262 -16.090891011037915 9.8671489166335373 -1.6690325363431586 0.33729584307565402 -14.236171089822349 1.25515320532757 5.7106847896987141 -35.279298944893661 -5.6727077410509734 -4.7304998332521508 -22.631245328067411 -19.398262727385887 1.8111665414988132 -4.9262526777384519
leaf_weight=18126 12842 8722 14684 3476 1111 334 29395 58356 442 168637 2217 122 2042 18576 945 109 9339 10325
leaf_count=18126 12842 8722 14684 3476 1111 334 29395 58356 442 168637 2217 122 2042 18576 945 109 9339 10325
internal_value=0.000134039 6.33976e-05 0.000569697 0.000264152 -0.000755558 -0.00250315 1.83865e-05 -1.34121e-05 -0.000204413 7.10598e-05 -0.000671999 -0.00470709 -0.000603509 -0.000727153 -0.0027394 -0.000512673 -0.000479217 0.000157225
internal_weight=359800 346958 28327 19605 4921 1445 318631 300505 92148 208357 33792 564 33228 31011 2987 28024 27915 178962
internal_count=359800 346958 28327 19605 4921 1445 318631 300505 92148 208357 33792 564 33228 31011 2987 28024 27915 178962
is_linear=0
shrinkage=0.0229654


Tree=315
num_leaves=19
num_cat=0
split_feature=37 11 15 37 21 22 16 32 3 4 13 26 15 8 8 26 13 37
split_gain=89.1614 15.0676 19.7464 21.4786 11.3744 29.6917 15.6232 27.3043 15.3669 10.1705 22.5448 17.7909 18.3834 9.85449 9.53048 11.0057 9.09331 8.79909
threshold=38473.853897399989 84.000000000000014 19.018750000000008 33633.706528732488 14.911588541666669 14.458376736111115 13.562500000000002 323.89375000000007 3.5000000000000004 11.500000000000002 9.2187500000000036 4.6667968750000011 14.306250000000004 0.19467261866128602 -0.70710678118654757 18.441536458333335 10.431250000000004 23931.502131029851
decision_type=2 2 2 2 2 2 2 2 2 2 2 2 2 2 2 2 2 2
left_child=1 2 3 17 -4 8 7 -7 -6 -5 11 12 -11 -10 -3 -16 -17 -1
right_child=-2 14 4 9 5 6 -8 -9 13 10 -12 -13 -14 -15 15 16 -18 -19
leaf_value=0.15974601879773381 35.911398343909184 -3.4041085102328301 -0.87359930042819944 12.606208412163479 -7.1107879908207225 -3.3347383106863449 -1.2917522462523798 -26.893047725076972 -29.342158060013354 -5.8383673341498659 -30.659585408583769 14.630013119101649 -31.237473257031038 -6.6204571900265057 -0.33767062308532197 -22.462696637427136 4.0545503091413533 2.4607553267406628
leaf_weight=65085 12842 43642 23123 11886 138 374 2983 120 175 449 74 2176 98 64 118553 62 11230 66726
leaf_count=65085 12842 43642 23123 11886 138 374 2983 120 175 449 74 2176 98 64 118553 62 11230 66726
internal_value=0.000133082 6.353e-05 0.000214878 0.000320024 -0.000356097 -0.00151116 -0.000847415 -0.00463027 -0.0076328 0.0011532 -9.27811e-05 0.000247112 -0.00345531 -0.011156 -8.78045e-05 1.08775e-05 0.000695959 0.000227213
internal_weight=359800 346958 173471 146494 26977 3854 3477 494 377 14683 2797 2723 547 239 173487 129845 11292 131811
internal_count=359800 346958 173471 146494 26977 3854 3477 494 377 14683 2797 2723 547 239 173487 129845 11292 131811
is_linear=0
shrinkage=0.0229654


Tree=316
num_leaves=19
num_cat=0
split_feature=25 7 36 14 18 6 36 23 22 23 27 8 3 26 9 22 36 8
split_gain=29.2885 22.4422 19.4582 13.7037 20.6658 13.8967 12.1481 15.0687 12.0885 10.8098 10.403 10.0432 10.6741 14.2219 15.048 14.4193 21.0325 12.8098
threshold=3.124739583333334 -0.89495246814786256 38855.500000000007 86.812500000000014 0.051250000000000011 1.0000000180025095e-35 31661.500000000004 4.4250000000000007 4.2907552083333345 -2.200000000000002 1.8597656249999999 0.44134171618254503 1.0000000180025095e-35 18.967317708333336 1.0000000180025095e-35 19.756597222222229 21431.500000000004 -0.65793410509763406
decision_type=2 2 2 2 2 2 2 2 2 2 2 2 2 2 2 2 2 2
left_child=6 2 -2 4 11 9 7 -1 -6 -5 -10 12 13 -3 15 16 17 -15
right_child=1 3 -4 5 8 -7 -8 -9 10 -11 -12 -13 -14 14 -16 -17 -18 -19
leaf_value=3.93950866918542 2.6088930870934819 6.9106280487279843 21.513360715662312 -0.83194252688719994 -9.0693119315123631 -6.0367027082562927 19.479162856143795 -22.269819364584318 -3.1845687829998877 2.5326875542252525 1.2348699589140557 1.232498789167628 -1.0998077211522819 -28.506631041708204 6.8374333526762312 9.1350426488762686 -7.1428133941124878 -8.9941430709798009
leaf_weight=10774 43125 10684 5857 15976 3954 1673 8553 64 46137 61733 16021 61589 72078 138 645 202 407 190
leaf_count=10774 43125 10684 5857 15976 3954 1673 8553 64 46137 61733 16021 61589 72078 138 645 202 407 190
internal_value=0.00013155 8.20972e-05 0.000536932 5.65028e-06 -9.07049e-05 0.000263034 0.000999696 0.000489059 -0.000427544 0.000307618 -0.000349221 6.18935e-05 -0.000100908 0.000525362 -0.00150683 -0.00336516 -0.00485867 -0.00918616
internal_weight=359800 340409 48982 291427 212045 79382 19391 10838 66112 77709 62158 145933 84344 12266 1582 937 735 328
internal_count=359800 340409 48982 291427 212045 79382 19391 10838 66112 77709 62158 145933 84344 12266 1582 937 735 328
is_linear=0
shrinkage=0.0229654


Tree=317
num_leaves=19
num_cat=0
split_feature=37 11 37 16 36 36 22 23 37 36 36 3 37 36 7 19 37 24
split_gain=86.4547 14.6228 16.2758 22.1471 11.9316 10.8119 12.1418 14.2219 10.7363 12.7643 12.254 11.7336 11.0227 9.9567 12.8186 12.1687 10.0709 9.50602
threshold=38473.853897399989 84.000000000000014 30273.138219804448 103.56250000000001 30145.500000000004 29694.500000000004 12.111024305555558 2.0750000000000024 26137.152025358548 27016.500000000004 25267.500000000004 3.5000000000000004 23426.150605651444 20281.000000000004 0.89495246814786289 5.8062500000000004 21227.09264132009 4.731250000000002
decision_type=2 2 2 2 2 2 2 2 2 2 2 2 2 2 2 2 2 2
left_child=1 2 4 17 8 -5 -7 -8 10 -10 12 -12 13 16 -15 -16 -1 -4
right_child=-2 -3 3 5 -6 6 7 -9 9 -11 11 -13 -14 14 15 -17 -18 -19
leaf_value=0.62897731677764745 34.871412131991548 -0.56241010148009241 8.751798008614033 19.62331107841759 -5.0717439004963962 -3.3506680307607719 -5.725294190148448 -26.088933030136364 7.3764738802673424 0.47173175908677284 -0.25008749409240205 -5.4086539679051526 3.1567087754740473 -0.13738887179697096 -4.4069991887303841 -0.93355571642194135 9.28127477779835 -6.979149932858939
leaf_weight=25283 12842 173487 24713 1542 6593 8043 193 102 12060 15729 10135 6410 22255 28058 3254 4520 3723 858
leaf_count=25283 12842 173487 24713 1542 6593 8043 193 102 12060 15729 10135 6410 22255 28058 3254 4520 3723 858
internal_value=0.000129635 6.11471e-05 0.000210245 0.000649168 9.75057e-05 -0.000274283 -0.00060099 -0.00517695 0.00014533 0.000546182 3.78481e-05 -0.000535096 0.00014669 -4.67531e-06 -0.000260726 -0.00108594 0.000311632 0.00100597
internal_weight=359800 346958 173471 35451 138020 9880 8338 295 131427 27789 103638 16545 87093 64838 35832 7774 29006 25571
internal_count=359800 346958 173471 35451 138020 9880 8338 295 131427 27789 103638 16545 87093 64838 35832 7774 29006 25571
is_linear=0
shrinkage=0.0229654


Tree=318
num_leaves=19
num_cat=0
split_feature=37 11 15 37 15 29 30 3 13 21 1 8 35 3 10 28 22 37
split_gain=83.6077 14.1208 18.9699 19.763 11.0044 9.82485 19.035 18.816 12.313 24.4871 12.0659 9.52436 9.44138 12.0062 13.1633 12.662 17.0312 11.3928
threshold=38473.853897399989 84.000000000000014 18.668750000000006 28407.181565572457 10.268750000000002 50.66875000000001 210.00625000000005 3.5000000000000004 14.431250000000002 17.326171875000004 20.500000000000004 0.25881904510252057 27264.500000000004 1.0000000180025095e-35 -0.68301270189221952 0.8608330369843521 11.809852430555559 26466.99420136926
decision_type=2 2 2 2 2 2 2 2 2 2 2 2 2 2 2 2 2 2
left_child=1 2 3 12 -5 6 8 -8 9 -4 -10 -9 17 -14 15 16 -15 -1
right_child=-2 -3 5 4 -6 -7 7 11 10 -11 -12 -13 13 14 -16 -17 -18 -19
leaf_value=0.70404535512667255 34.070575892411831 -0.54949412351320903 -5.1400690012497536 10.997653145996045 3.2308679239027933 -0.84115120692469969 -4.4199730599505838 -31.265474031991165 1.6821977805558372 -26.456522287185908 -17.96713014990867 -4.8664419906050176 -17.170461133689212 6.8584667343821648 0.33225745373474902 -1.4514393101132612 -16.814342563937473 6.3706178644974045
leaf_weight=88380 12842 173487 977 14433 22710 24732 186 132 2413 214 93 63 63 326 8404 1747 999 7599
leaf_count=88380 12842 173487 977 14433 22710 24732 186 132 2413 214 93 63 63 326 8404 1747 999 7599
internal_value=0.000128167 6.08161e-05 0.000207332 0.000314506 0.000771202 -0.00033081 -0.00137522 -0.00626275 -0.00087153 -0.00279403 4.21553e-05 -0.0112472 0.000156737 -0.000463925 -0.000409039 -0.00169549 -0.00338848 0.000231355
internal_weight=359800 346958 173471 144661 37143 28810 4078 381 3697 1191 2506 195 107518 11539 11476 3072 1325 95979
internal_count=359800 346958 173471 144661 37143 28810 4078 381 3697 1191 2506 195 107518 11539 11476 3072 1325 95979
is_linear=0
shrinkage=0.0229654


Tree=319
num_leaves=19
num_cat=0
split_feature=36 28 7 3 4 7 28 13 33 23 7 24 16 16 33 26 3 13
split_gain=26.8833 18.9528 13.9269 13.1745 26.3168 21.955 21.0429 25.6404 37.6865 32.1293 20.0648 15.9786 15.1855 14.3473 13.801 34.1915 16.9203 20.8898
threshold=38855.500000000007 -5.2542892156862733 -0.82968937203783699 3.5000000000000004 11.500000000000002 -0.79335334029123528 -2.2002989130434778 7.5937500000000018 1.0000000180025095e-35 0.22499999999999978 1.0000000180025095e-35 -1.6499999999999979 84.062500000000014 58.312500000000007 0.25347222222222227 4.4667968750000009 1.5000000000000002 -0.7437499999999998
decision_type=2 2 2 2 2 2 2 2 2 2 2 2 2 2 2 2 2 2
left_child=1 -1 -2 4 5 13 14 11 -9 10 -10 -8 -5 -3 15 16 -6 -18
right_child=2 3 -4 12 6 -7 7 8 9 -11 -12 -13 -14 -15 -16 -17 17 -19
leaf_value=9.0283947958000308 21.799006309089513 12.83977010729364 1.2322431563732479 0.38569653858498387 -25.655030188768237 0.72353123547688902 18.763916786628005 5.5937016046797732 -39.95708458544523 -13.485637639568882 -4.4610823334243221 -3.9413473043217651 -2.3082228323125236 4.037556398750981 -7.1495942005236479 1.6540811567210274 -5.5852316678039688 -35.465373825803425
leaf_weight=10222 8200 9697 4264 89389 118 143729 2223 463 182 439 65 6394 57997 23830 1965 330 61 232
leaf_count=10222 8200 9697 4264 89389 118 143729 2223 463 182 439 65 6394 57997 23830 1965 330 61 232
internal_value=0.000126508 8.89033e-05 0.00117443 5.9363e-05 0.000185899 0.000257644 -0.000833767 -0.000337215 -0.00355974 -0.00697666 -0.0136026 9.248e-05 -0.000103525 0.000786839 -0.00262583 -0.00529661 -0.00971699 -0.0126741
internal_weight=359800 347336 12464 337114 189728 177256 12472 9766 1149 686 247 8617 147386 33527 2706 741 411 293
internal_count=359800 347336 12464 337114 189728 177256 12472 9766 1149 686 247 8617 147386 33527 2706 741 411 293
is_linear=0
shrinkage=0.0229654


Tree=320
num_leaves=19
num_cat=0
split_feature=25 7 36 36 25 15 4 18 4 15 4 26 28 15 36 6 24 4
split_gain=27.0905 20.2539 17.5206 12.2857 10.8133 12.9817 11.4357 10.4194 11.5191 8.60844 9.79739 14.3146 11.0764 17.8673 11.0645 8.29552 7.88341 9.63267
threshold=3.124739583333334 -0.89495246814786256 38855.500000000007 32952.500000000007 3.1252604166666669 8.1062500000000028 7.5000000000000009 0.063750000000000015 11.500000000000002 10.781250000000004 11.500000000000002 4.6667968750000011 2.3412132352941173 16.743750000000002 36853.500000000007 1.0000000180025095e-35 -1.5249999999999975 7.5000000000000009
decision_type=2 2 2 2 2 2 2 2 2 2 2 2 2 2 2 2 2 2
left_child=3 2 9 7 -3 6 -6 -1 -9 -2 16 14 -13 -14 -12 -8 17 -11
right_child=1 4 -4 -5 5 -7 15 8 -10 10 11 12 13 -15 -16 -17 -18 -19
leaf_value=6.6330352609731404 7.4488800207539674 -13.162531984884438 20.024685898722872 21.579254370262205 0.41067361014856085 -0.33004171396025 4.5967209047557027 -3.3468009650954071 -64.904455078934333 -6.3366469119379047 -12.751601643066159 2.9287367452651241 -35.295847990536238 -0.72573249555330654 -27.120603855516247 -6.9059223593449808 2.7410198526435696 5.7293425439611116
leaf_weight=9434 11069 1630 5857 7316 37750 232461 19233 2569 72 4588 97 937 117 205 91 353 24010 2011
leaf_count=9434 11069 1630 5857 7316 37750 232461 19233 2569 72 4588 97 937 117 205 91 353 24010 2011
internal_value=0.000125678 7.81168e-05 0.000510207 0.000960613 5.49268e-06 1.59841e-05 0.00032548 0.000510659 -0.000764354 0.000350139 0.000159474 -0.00168709 -0.000804428 -0.00447897 -0.00759813 0.000775754 0.000246768 -0.000456246
internal_weight=359800 340409 48982 19391 291427 289797 57336 12075 2641 43125 32056 1447 1259 322 188 19586 30609 6599
internal_count=359800 340409 48982 19391 291427 289797 57336 12075 2641 43125 32056 1447 1259 322 188 19586 30609 6599
is_linear=0
shrinkage=0.0229654


Tree=321
num_leaves=19
num_cat=0
split_feature=37 37 35 26 0 27 37 15 35 30 34 35 26 3 0 22 35 15
split_gain=81.566 14.8911 21.9885 11.1981 10.0012 10.7165 9.87384 17.5601 16.4389 16.6501 14.2155 11.1093 10.4219 11.1745 10.8979 10.5252 12.1748 9.23014
threshold=38757.320078214347 34724.425522802536 36288.500000000007 24.062109375000006 18.500000000000004 -3.5664806547619041 21738.779508258558 6.918750000000002 21360.500000000004 4.3000000000000043 0.43402777777777785 22946.500000000004 18.967317708333336 3.5000000000000004 47.500000000000007 18.655859375000002 25042.500000000004 17.306250000000002
decision_type=2 2 2 2 2 2 2 2 2 2 2 2 2 2 2 2 2 2
left_child=1 2 3 6 17 -6 11 -8 9 10 -9 -1 14 -14 -10 16 -15 -4
right_child=-2 -3 4 -5 5 -7 7 8 12 -11 -12 -13 13 15 -16 -17 -18 -19
leaf_value=-0.41704424874769036 36.443705624352361 5.030777933998964 -19.593518320985726 9.9682002200005524 -43.09615120847856 -6.4108931894252406 3.8837304227252472 -27.188075216396051 -0.21100874048177323 9.2007441737653242 -4.3038050558007717 -5.177433933333397 7.9148598684428082 -2.2072719872926228 -4.625729802720306 2.976113226780698 -11.159225574897249 -40.679021661590966
leaf_weight=85004 11387 29782 228 1399 68 2369 24447 208 170661 12909 423 6978 5945 792 4139 2565 425 71
leaf_count=85004 11387 29782 228 1399 68 2369 24447 208 170661 12909 423 6978 5945 792 4139 2565 425 71
internal_value=0.000123699 6.11884e-05 1.52872e-05 3.3042e-05 -0.00203465 -0.0015483 2.39224e-05 0.000106656 3.49815e-05 0.000807351 -0.00283519 -0.000176219 -2.16925e-05 0.000709952 -6.24059e-05 -0.000265966 -0.00202481 -0.00599866
internal_weight=359800 348413 318631 315895 2736 2437 314496 222514 198067 13540 631 91982 184527 9727 174800 3782 1217 299
internal_count=359800 348413 318631 315895 2736 2437 314496 222514 198067 13540 631 91982 184527 9727 174800 3782 1217 299
is_linear=0
shrinkage=0.0229654


Tree=322
num_leaves=19
num_cat=0
split_feature=37 37 35 0 36 26 23 23 3 35 7 35 36 7 35 36 0 3
split_gain=80.4258 14.305 21.3341 13.587 10.9527 10.7378 9.99097 29.1525 11.3555 26.9559 31.5685 38.2977 22.8113 11.3306 10.6532 11.0978 8.90894 19.4114
threshold=38757.320078214347 34724.425522802536 37475.500000000007 18.500000000000004 34870.500000000007 24.062109375000006 -1.0000000180025095e-35 1.0000000180025095e-35 1.5000000000000002 37475.500000000007 -0.82968937203783699 33580.500000000007 36520.500000000007 -0.82968937203783699 32374.500000000004 38285.500000000007 2.5000000000000004 1.0000000180025095e-35
decision_type=2 2 2 2 2 2 2 2 2 2 2 2 2 2 2 2 2 2
left_child=1 2 5 -4 -3 16 -6 8 14 10 -10 -12 -13 -11 15 -8 17 -1
right_child=-2 4 3 -5 6 -7 7 -9 9 13 11 12 -14 -15 -16 -17 -18 -19
leaf_value=-5.1038485663955102 35.606761021762495 11.816498837468977 -39.273437832911583 -13.399432941629263 7.2624920926838774 9.739276425651612 -23.103310931236408 3.2825625788751664 -4.1173611929286986 -16.955360320717567 30.176374721326219 -79.540625341673376 -81.428407718638823 29.445842606558994 7.7810029617199357 9.9844652801007712 -0.04736426255336193 5.2286322571098713
leaf_weight=2140 11387 8982 171 805 8165 1399 109 10399 286 247 96 122 235 433 619 89 301322 12794
leaf_count=2140 11387 8982 171 805 8165 1399 109 10399 286 247 96 122 235 433 619 89 301322 12794
internal_value=0.000122997 6.09247e-05 1.59359e-05 -0.00337422 0.00054225 2.63522e-05 0.00025284 -0.00015177 -0.00253071 -0.00377254 -0.00680882 -0.0105803 -0.014043 -0.000472817 -0.000373855 -0.00501063 1.74716e-05 0.000564985
internal_weight=359800 348413 318631 976 29782 317655 20800 12635 2236 1419 739 453 357 680 817 198 316256 14934
internal_count=359800 348413 318631 976 29782 317655 20800 12635 2236 1419 739 453 357 680 817 198 316256 14934
is_linear=0
shrinkage=0.0229654


Tree=323
num_leaves=19
num_cat=0
split_feature=35 11 25 10 23 21 14 5 30 32 26 0 6 16 36 16 13 25
split_gain=32.8504 14.5263 17.2773 18.1095 16.2977 16.0239 15.1347 13.2407 12.8525 19.5014 24.5852 12.3302 28.7479 10.4401 14.8481 10.0062 13.1741 9.4262
threshold=39506.500000000007 132.00000000000003 4.3210937500000011 0.93301270189221952 4.8750000000000036 21.613281250000004 80.312500000000014 1.0000000180025095e-35 21.024999999999999 495.60000000000008 15.297265625000003 36.500000000000007 1.0000000180025095e-35 632.81250000000011 21534.500000000004 90.937500000000014 2.3312500000000007 20.338281250000005
decision_type=2 2 2 2 2 2 2 2 2 2 2 2 2 2 2 2 2 2
left_child=1 2 3 4 -1 8 11 -6 9 13 -11 -5 -13 17 -15 -2 -17 -4
right_child=15 -3 5 6 7 -7 -8 -9 -10 10 -12 12 -14 14 -16 16 -18 -19
leaf_value=7.9102712724019026 24.806013939099891 -1.2133364844878358 -3.6955242304040361 -6.4832894031016348 7.6401479348471364 6.9162945193637855 2.1528099860478087 -22.119149647595645 0.67303934404585886 -20.785275044569012 1.0076472520871973 -13.6731712082165 -21.56593421600336 -1.6508048335785293 -46.951347259070808 7.5670077660925443 -23.154997175506839 -12.331192423872205
leaf_weight=18587 7924 87524 5838 687 100 5545 1354 117 219014 145 9814 315 75 63 61 1468 312 857
leaf_count=18587 7924 87524 5838 687 100 5545 1354 117 219014 145 9814 315 75 63 61 1468 312 857
internal_value=0.000121784 8.52505e-05 0.000170658 0.000798679 0.00103982 0.0001154 -0.00106655 -0.00521749 8.67028e-05 -0.000525886 0.000121987 -0.0030983 -0.00635965 -0.00147209 -0.00807493 0.00143983 -0.000116117 -0.0013498
internal_weight=359800 350096 262572 21235 18804 241337 2431 217 235792 16778 9959 1077 390 6819 124 9704 1780 6695
internal_count=359800 350096 262572 21235 18804 241337 2431 217 235792 16778 9959 1077 390 6819 124 9704 1780 6695
is_linear=0
shrinkage=0.0229654


Tree=324
num_leaves=19
num_cat=0
split_feature=37 37 36 8 36 21 21 3 24 24 6 3 23 7 24 14 19 4
split_gain=80.0566 13.4601 18.2199 18.2874 17.3228 14.8706 14.0545 13.0251 11.3434 15.1947 12.3807 10.5065 25.9155 13.1691 10.4782 14.3488 12.8087 10.9604
threshold=38757.320078214347 30152.371458841222 31796.500000000004 -0.89495246814786256 30145.500000000004 16.543880208333338 10.832291666666668 4.5000000000000009 -1.0000000180025095e-35 1.0000000180025095e-35 1.0000000180025095e-35 4.5000000000000009 4.8750000000000036 0.75023006073889154 4.2750000000000039 90.937500000000014 5.3687500000000004 11.500000000000002
decision_type=2 2 2 2 2 2 2 2 2 2 2 2 2 2 2 2 2 2
left_child=1 4 11 6 -1 7 -4 -6 10 -10 -5 -3 13 -13 -11 -16 17 -17
right_child=-2 2 3 8 5 -7 -8 -9 9 14 -12 12 -14 -15 15 16 -18 -19
leaf_value=0.10910033784068403 34.438372368245588 11.85992252008894 -4.7119493872372553 6.5999434311760883 -2.4752085987928241 -26.036353755268504 -17.138095816287219 -15.216419136928204 -13.020858572753005 2.3856076693891892 -25.146106574286325 3.2209838512565705 -21.586033916589464 -39.155703292402478 -0.58162376429607765 -7.6064136720166386 -5.9573993814588597 -27.430891039989589
leaf_weight=262380 11387 15728 9940 19873 9739 232 591 2507 3108 16802 168 5213 105 167 1329 161 232 138
leaf_count=262380 11387 15728 9940 19873 9739 232 591 2507 3108 16802 168 5213 105 167 1329 161 232 138
internal_value=0.000119295 5.73653e-05 0.000333296 0.000103196 -1.64767e-05 -0.000852507 -0.000752138 -0.000743385 0.00031863 -4.43062e-05 0.000712878 0.000901056 3.55891e-05 0.00025612 0.000203295 -0.00143225 -0.00462336 -0.00776523
internal_weight=359800 348413 73555 52342 274858 12478 10531 12246 41811 21770 20041 21213 5485 5380 18662 1860 531 299
internal_count=359800 348413 73555 52342 274858 12478 10531 12246 41811 21770 20041 21213 5485 5380 18662 1860 531 299
is_linear=0
shrinkage=0.0229654


Tree=325
num_leaves=19
num_cat=0
split_feature=37 37 36 15 3 3 1 3 37 36 3 10 22 3 6 1 17 1
split_gain=78.637 13.0748 10.2905 11.4844 11.6553 10.7665 9.02145 18.6655 9.49655 20.4881 20.2261 18.444 25.2871 20.0064 19.1366 77.839 19.2657 18.1716
threshold=38757.320078214347 34724.425522802536 34870.500000000007 18.031250000000004 3.5000000000000004 5.5000000000000009 1.0000000180025095e-35 1.0000000180025095e-35 22027.651292515438 22204.500000000004 4.5000000000000009 0.93301270189221952 8.6786024305555571 3.5000000000000004 1.0000000180025095e-35 17.500000000000004 71.562500000000014 5.5000000000000009
decision_type=2 2 2 2 2 2 2 2 2 2 2 2 2 2 2 2 2 2
left_child=1 6 -3 -4 -5 -6 7 -1 -8 -10 11 17 13 14 16 -16 -13 -11
right_child=-2 2 3 4 5 -7 8 -9 9 10 -12 12 -14 -15 15 -17 -18 -19
leaf_value=-4.9773090954634744 33.647481063923266 11.351983425947662 4.9098835416741462 0.0068833974187903022 -15.253165788009159 9.6345386779676883 -0.86545694480894819 5.1429421396052355 5.0871618621985588 -3.3904388238867735 -2.2002479935862107 6.5938750581564873 8.6105784203488795 7.0975272218991039 -4.480500743315166 -40.610579646630732 -15.469884074000541 1.8174059771332907
leaf_weight=2144 11387 8982 15669 3627 1160 344 92247 12856 22508 12131 45827 1205 2495 1255 369 160 3374 122060
leaf_count=2144 11387 8982 15669 3627 1160 344 92247 12856 22508 12131 45827 1205 2495 1255 369 160 3374 122060
internal_value=0.000118019 5.66403e-05 0.000516803 0.000236279 -0.000706731 -0.00240648 1.36295e-05 0.000563418 -1.35312e-05 7.13134e-05 -6.73599e-06 0.000127776 -0.000887194 -0.00165554 -0.00229384 -0.00642945 -0.00181607 0.000194774
internal_weight=359800 348413 29782 20800 5131 1504 318631 15000 303631 211384 188876 143049 8858 6363 5108 529 4579 134191
internal_count=359800 348413 29782 20800 5131 1504 318631 15000 303631 211384 188876 143049 8858 6363 5108 529 4579 134191
is_linear=0
shrinkage=0.0229654


Tree=326
num_leaves=19
num_cat=0
split_feature=37 37 36 36 37 23 30 23 36 35 36 37 35 6 35 3 7 36
split_gain=77.9172 12.7548 19.174 16.7069 16.2391 15.2875 15.1394 13.8205 15.3256 11.4791 11.881 11.0556 11.8532 10.6244 13.5727 10.3806 14.9309 16.2652
threshold=38757.320078214347 29434.265035654997 27675.500000000004 29801.500000000004 25301.641546275634 -1.0000000180025095e-35 1781.9937500000003 1.0000000180025095e-35 33893.500000000007 25199.500000000004 23203.500000000004 22905.088031179152 21746.500000000004 1.0000000180025095e-35 30270.500000000004 4.5000000000000009 0.65793410509763428 29919.500000000004
decision_type=2 2 2 2 2 2 2 2 2 2 2 2 2 2 2 2 2 2
left_child=1 2 4 -3 9 13 15 8 -7 11 -11 -1 -13 -5 -15 -4 17 -17
right_child=-2 3 6 5 -6 7 -8 -9 -10 10 -12 12 -14 14 -16 16 -18 -19
leaf_value=-0.42261083252741122 32.874752901823904 10.72933997939181 -1.4891530628574305 4.5360669261673294 2.9049315721310358 3.1342640429849138 -32.166930226699527 0.32807827836392234 -21.861212624278217 0.92178121350823283 -4.5098593363106341 11.860517920124595 0.85629825598647991 28.353010025404213 -34.557612334746025 -0.47816928645452533 -15.44412104278906 -21.161896044074467
leaf_weight=118408 11387 12886 27809 28606 46887 1938 313 35222 3156 8107 12008 7816 38610 98 129 3860 616 1944
leaf_count=118408 11387 12886 27809 28606 46887 1938 313 35222 3156 8107 12008 7816 38610 98 129 3860 616 1944
internal_value=0.00011655 5.54538e-05 -2.16568e-05 0.000305842 5.35513e-05 0.000164364 -0.000526432 -0.000124408 -0.00124249 -4.3224e-05 -0.000561148 1.99792e-05 0.000320346 0.000568142 -0.00438063 -0.000480456 -0.00131282 -0.000952012
internal_weight=359800 348413 266378 82035 231836 69149 34542 40316 5094 184949 20115 164834 46426 28833 227 34229 6420 5804
internal_count=359800 348413 266378 82035 231836 69149 34542 40316 5094 184949 20115 164834 46426 28833 227 34229 6420 5804
is_linear=0
shrinkage=0.0229654


Tree=327
num_leaves=19
num_cat=0
split_feature=37 11 37 35 37 17 14 22 33 10 28 11 26 14 17 10 35 33
split_gain=76.9434 13.8411 14.986 11.0401 11.238 10.4152 16.1719 13.3087 17.5825 18.8883 27.3916 17.6902 12.9586 10.7415 10.7165 10.2678 10.1489 9.24837
threshold=38757.320078214347 84.000000000000014 33793.841047580718 33580.500000000007 30152.371458841222 75.312500000000014 86.812500000000014 7.7066406250000004 0.14236111111111113 0.93301270189221952 -0.45594965675057159 156.00000000000003 1.2430989583333336 67.562500000000014 99.687500000000014 0.6830127018922193 30377.500000000004 0.010416666666666668
decision_type=2 2 2 2 2 2 2 2 2 2 2 2 2 2 2 2 2 2
left_child=1 2 3 4 16 -3 7 8 9 13 -11 -10 -8 -7 -12 17 -1 -9
right_child=-2 5 -4 -5 -6 6 12 15 11 10 14 -13 -14 -15 -16 -17 -18 -19
leaf_value=0.58483222018652004 32.119770757959039 0.38257334077013821 7.0551063636457112 -5.0365514031247391 6.2525863235046062 -24.099393584352146 -22.282624866335862 -1.9298959481211904 -0.70749209565556592 -49.039642757027821 -8.7224322531834737 -14.409253847607287 1.0509951368738091 -11.389897133182691 -49.689541974055558 7.4910463354207835 -5.2432027741077567 -8.3962619446529807
leaf_weight=132726 11387 99318 19029 4466 13922 179 202 23072 7972 157 269 3406 28498 2658 63 3742 4043 4691
leaf_count=132726 11387 99318 19029 4466 13922 179 202 23072 7972 157 269 3406 28498 2658 63 3742 4043 4691
internal_value=0.000116168 5.54538e-05 0.000200219 0.00012562 0.000158969 -8.9277e-05 -0.000293732 -0.00055966 -0.00113015 -0.00259897 -0.00676752 -0.00070079 0.000134432 -0.00188046 -0.00302977 -0.0002934 9.56942e-05 -0.00044561
internal_weight=359800 348413 174186 155157 150691 174227 74909 46209 14704 3326 489 11378 28700 2837 332 31505 136769 27763
internal_count=359800 348413 174186 155157 150691 174227 74909 46209 14704 3326 489 11378 28700 2837 332 31505 136769 27763
is_linear=0
shrinkage=0.0229654


Tree=328
num_leaves=19
num_cat=0
split_feature=35 11 25 4 31 23 14 30 34 25 3 3 16 27 4 30 16 3
split_gain=30.0612 13.3749 15.4777 16.943 15.9202 14.9628 13.9742 12.3545 17.4171 16.4886 12.343 12.1506 12.6575 12.4546 13.2484 11.3004 10.4548 17.7623
threshold=39506.500000000007 132.00000000000003 4.3210937500000011 11.500000000000002 291.45625000000007 4.8750000000000036 81.812500000000014 21.024999999999999 0.36458333333333343 14.144531250000002 4.5000000000000009 3.5000000000000004 121.06250000000001 3.7276599702380939 1.5000000000000002 1928.5375000000001 617.56250000000011 3.5000000000000004
decision_type=2 2 2 2 2 2 2 2 2 2 2 2 2 2 2 2 2 2
left_child=1 2 3 5 7 -1 -5 8 16 -10 -7 -2 13 -13 -15 -14 -4 -18
right_child=11 -3 4 6 -6 10 -8 -9 9 -11 -12 12 15 14 -16 -17 17 -19
leaf_value=7.6200459090725623 32.689174945588974 -1.1811546177449179 -4.8507325005539235 -11.591239613374826 6.6915298163328822 7.0300959274217609 3.3326411509322171 0.62171699071483599 -21.464462041670735 1.0925947939578469 -21.188495424407051 13.322537508586107 -19.812642799311764 6.6942702829393914 -20.982972006776855 4.1145446741390765 -45.859445790386779 21.494048009463313
leaf_weight=18587 6168 87524 7245 1270 5670 100 1161 218995 122 9141 117 2846 227 155 152 156 91 73
leaf_count=18587 6168 87524 7245 1270 5670 100 1161 218995 122 9141 117 2846 227 155 152 156 91 73
internal_value=0.000115082 8.01339e-05 0.000162087 0.000756501 0.000109785 0.000989745 -0.00104766 8.08532e-05 -0.000521791 0.000142062 -0.00500582 0.00137594 0.000302655 0.000781538 -0.00361312 -0.00363969 -0.00135176 -0.00708567
internal_weight=359800 350096 262572 21235 241337 18804 2431 235667 16672 9263 217 9704 3536 3153 307 383 7409 164
internal_count=359800 350096 262572 21235 241337 18804 2431 235667 16672 9263 217 9704 3536 3153 307 383 7409 164
is_linear=0
shrinkage=0.0229654


Tree=329
num_leaves=19
num_cat=0
split_feature=35 25 11 31 3 0 13 4 3 25 24 14 28 28 24 9 3 4
split_gain=30.4282 13.1164 12.6595 12.7558 11.5829 11.324 10.9138 12.9601 20.0142 19.7338 14.5623 11.6985 14.6602 10.834 10.7122 28.3171 28.4495 30.5033
threshold=39506.500000000007 2.2028645833333331 156.00000000000003 356.94375000000008 3.5000000000000004 31.500000000000004 20.531250000000004 5.5000000000000009 3.5000000000000004 20.560677083333335 -2.6999999999999975 86.812500000000014 7.181021750805586 0.26856776989755732 1.6374999999999997 -0.6830127018922193 4.5000000000000009 8.5000000000000018
decision_type=2 2 2 2 2 2 2 2 2 2 2 2 2 2 2 2 2 2
left_child=1 -1 6 13 -2 -6 11 8 10 -10 -8 14 -13 -4 -3 16 -16 -18
right_child=4 2 3 -5 5 -7 7 -9 9 -11 -12 12 -14 -15 15 -17 17 -19
leaf_value=8.006544647983393 31.938454675377383 0.35330337483283852 -4.808431724099866 -26.240123687898745 -11.278561108303711 9.4542423541372571 -15.5028024593902 5.7759540391825217 -6.7451210530859589 -15.873029434954365 16.317815978383411 1.7293493340673387 -13.281202001302253 0.47484458886144976 -3.2913102076445608 -0.30423433065312616 4.5823530636069361 -17.751134939345501
leaf_weight=9169 6168 176785 20860 269 1040 2496 61 12322 398 146 683 71744 90 20930 4927 29606 519 1587
leaf_count=9169 6168 176785 20860 269 1040 2496 61 12322 398 146 683 71744 90 20930 4927 29606 519 1587
internal_value=0.000114508 7.93468e-05 5.62942e-05 -0.000316751 0.00138304 0.000335129 0.000108792 0.00074414 -0.00144782 -0.00479572 0.00100011 7.84788e-05 0.000331978 -0.000284663 -6.84357e-06 -0.000364235 -0.00167416 -0.00390826
internal_weight=359800 350096 340927 42059 9704 3536 298868 13610 1288 544 744 285258 71834 41790 213424 36639 7033 2106
internal_count=359800 350096 340927 42059 9704 3536 298868 13610 1288 544 744 285258 71834 41790 213424 36639 7033 2106
is_linear=0
shrinkage=0.0229654


Tree=330
num_leaves=19
num_cat=0
split_feature=37 37 36 0 3 30 3 4 6 16 0 30 0 23 0 36 25 4
split_gain=75.8352 14.4148 9.39245 9.18128 22.565 14.9382 9.75767 38.5255 25.953 36.8734 19.8663 17.5498 17.6967 16.0097 18.3599 14.4507 19.9354 12.6995
threshold=39042.268978538174 34724.425522802536 34870.500000000007 3.5000000000000004 1.0000000180025095e-35 1626.0312500000002 2.5000000000000004 11.500000000000002 1.0000000180025095e-35 0.43750000000000006 10.500000000000002 990.00625000000014 12.500000000000002 1.7750000000000008 47.500000000000007 36686.500000000007 8.48463541666667 8.5000000000000018
decision_type=2 2 2 2 2 2 2 2 2 2 2 2 2 2 2 2 2 2
left_child=1 3 -3 4 5 -1 7 10 11 -10 -5 -9 -13 14 17 16 -14 -12
right_child=-2 2 -4 6 -6 -7 -8 8 9 -11 13 12 15 -15 -16 -17 -18 -19
leaf_value=-2.9056168110688434 37.731956276918169 11.137634115563261 2.3957957720102687 -1.6377248568090865 3.8059589080296443 -19.653414615626218 -0.63905316786782429 4.8768189137617064 -38.422432369449915 11.54323487024234 2.8713082636376144 0.032322677221129893 -12.006552557740832 -0.251090242697318 -4.2017616281670449 9.9323303516795036 -27.258321878335561 8.3964418428033394
leaf_weight=2955 9971 9271 21927 20888 19280 261 173860 1552 226 134 44091 1568 1629 33604 2975 354 942 14312
leaf_count=2955 9971 9271 21927 20888 19280 261 173860 1552 226 134 44091 1568 1629 33604 2975 354 942 14312
internal_value=0.000112083 5.57939e-05 0.000526913 9.66538e-06 0.00045694 -0.00132394 -2.4312e-05 0.000132881 -0.00160095 -0.00759134 0.000228723 -0.0012442 -0.00197146 0.000369741 0.000590355 -0.00302672 -0.00362569 0.000680001
internal_weight=359800 349829 31198 318631 22496 3216 296135 122275 6405 360 115870 6045 4493 94982 61378 2925 2571 58403
internal_count=359800 349829 31198 318631 22496 3216 296135 122275 6405 360 115870 6045 4493 94982 61378 2925 2571 58403
is_linear=0
shrinkage=0.0229654


Tree=331
num_leaves=19
num_cat=0
split_feature=37 37 13 37 27 15 3 1 22 3 13 32 15 30 15 0 0 3
split_gain=75.1976 13.6108 9.42023 13.1625 9.47987 8.58381 8.49923 16.2446 12.7806 17.7717 54.8022 22.4093 22.8488 16.7639 11.8424 11.0323 11.3776 19.0109
threshold=39042.268978538174 36204.943172306936 22.031250000000004 19019.042623416553 6.7970982142857137 5.6812500000000012 2.5000000000000004 1.5000000000000002 17.591102430555559 3.5000000000000004 14.256250000000003 568.21875000000011 17.018750000000008 25.987500000000011 19.731250000000006 47.500000000000007 10.500000000000002 1.0000000180025095e-35
decision_type=2 2 2 2 2 2 2 2 2 2 2 2 2 2 2 2 2 2
left_child=1 2 5 4 -4 -1 15 -8 -9 10 11 12 -10 -14 -12 16 17 -7
right_child=-2 -3 3 -5 -6 6 7 8 9 -11 14 -13 13 -15 -16 -17 -18 -19
leaf_value=2.2251973194758077 36.865426471287762 6.6925949269012346 0.047130170932067415 7.0375229591494977 -9.0470386234233242 -3.9857132098918644 2.4825304836673512 -0.6595177613468387 -5.1735023376631348 -1.5722647142058621 -1.0436051094511853 -21.785146413570796 -29.867102681671597 -21.041664005163828 -38.142631692187045 -4.694848495620076 1.8974149797145301 0.75764255882793341
leaf_weight=18010 9971 18415 682 8724 411 9889 15864 144257 460 12744 2941 258 108 74 295 3018 94038 19641
leaf_count=18010 9971 18415 682 8724 411 9889 15864 144257 460 12744 2941 258 108 74 295 3018 94038 19641
internal_value=0.000111189 5.51374e-05 2.13707e-05 0.000722158 -0.00165359 -2.13376e-08 -2.89197e-05 -0.00013168 -0.000200712 -0.000798619 -0.00210664 -0.00711928 -0.00482202 -0.0117098 -0.000712524 0.000114767 0.000148273 -0.000244975
internal_weight=359800 349829 331414 9817 1093 321597 303587 177001 161137 16880 4136 900 642 182 3236 126586 123568 29530
internal_count=359800 349829 331414 9817 1093 321597 303587 177001 161137 16880 4136 900 642 182 3236 126586 123568 29530
is_linear=0
shrinkage=0.0229654


Tree=332
num_leaves=19
num_cat=0
split_feature=37 37 35 11 15 37 11 22 14 23 10 25 16 35 24 37 16 0
split_gain=74.0132 13.1841 21.1815 9.21646 15.0165 12.5576 11.9734 10.7753 14.4229 13.2882 10.7406 12.2087 10.4243 15.6523 13.0604 9.56652 8.91292 9.84435
threshold=39042.268978538174 34724.425522802536 36288.500000000007 60.000000000000007 9.8062500000000021 23010.499539348642 1.0000000180025095e-35 10.669835069444447 44.187500000000007 -4.1999999999999993 1.0000000180025095e-35 6.3820312500000016 117.81250000000001 22890.500000000004 -2.3749999999999982 20713.858809328627 292.93750000000006 18.500000000000004
decision_type=2 2 2 2 2 2 2 2 2 2 2 2 2 2 2 2 2 2
left_child=1 2 3 4 5 -1 12 8 -5 10 -10 -12 -6 -14 -15 -9 17 -4
right_child=-2 -3 16 7 6 -7 -8 15 9 -11 11 -13 13 14 -16 -17 -18 -19
leaf_value=0.33069935233569925 36.018796876993719 4.5937812862974123 -29.582692334175992 -28.993766582174427 -0.29763770960916491 5.294240505866485 0.98147967434727756 -0.95999661741913289 -3.5088086193056029 -1.1796265506206254 -18.296223922801659 -22.247868227339048 1.1548152977911341 -21.072703903524275 -6.9679048208030707 1.3883404678323232 -25.9630419450951 -6.4205019610190828
leaf_weight=16568 9971 31198 299 389 16561 21322 55001 35624 1982 83843 1006 465 3402 694 4944 74094 85 2352
leaf_count=16568 9971 31198 299 389 16561 21322 55001 35624 1982 83843 1006 465 3402 694 4944 74094 85 2352
internal_value=0.000110614 5.50061e-05 1.08907e-05 2.83165e-05 0.000188426 0.000565498 1.11691e-05 -6.77899e-05 -0.000257586 -0.000237925 -0.00163412 -0.00312086 -0.000399098 -0.00102633 -0.00176864 8.38928e-05 -0.00200108 -0.00176637
internal_weight=359800 349829 318631 315895 118492 37890 80602 197403 87685 87296 3453 1471 25601 9040 5638 109718 2736 2651
internal_count=359800 349829 318631 315895 118492 37890 80602 197403 87685 87296 3453 1471 25601 9040 5638 109718 2736 2651
is_linear=0
shrinkage=0.0229654


Tree=333
num_leaves=19
num_cat=0
split_feature=37 11 37 36 35 14 8 26 13 9 34 26 35 21 36 24 24 21
split_gain=73.8628 13.0355 13.5254 12.3523 11.1614 10.7734 9.16819 13.9795 11.9726 11.3749 9.17298 9.97619 14.3085 9.16724 9.04576 8.7437 8.47872 8.32634
threshold=39042.268978538174 60.000000000000007 27152.532109597381 27525.500000000004 27052.500000000004 82.062500000000014 -0.70710678118654757 18.441536458333335 10.356250000000003 0.68301270189221941 0.44791666666666669 16.822005208333337 26833.500000000004 8.2860677083333361 25109.500000000004 5.1250000000000036 -1.6124999999999998 2.3868489583333337
decision_type=2 2 2 2 2 2 2 2 2 2 2 2 2 2 2 2 2 2
left_child=1 2 4 -4 -1 -5 9 10 -9 -3 -8 12 -12 17 16 -7 -6 -11
right_child=-2 6 3 5 14 15 7 8 -10 13 11 -13 -14 -15 -16 -17 -18 -19
leaf_value=0.62258794539601481 35.191610477544884 -0.82748928089351492 11.6264758308805 0.55239945691718806 -11.80993700004684 7.7549647350347515 -0.061715861889667191 -20.178323619633517 4.0363580152491885 -17.245459100053456 -7.9903362041681412 -1.7309629703318921 -73.966986199494784 -14.166926929355716 -6.1720581063278033 -7.2038930737103124 5.7317124044979968 -1.8243197184131608
leaf_weight=79239 9971 39081 6584 23567 559 14433 147555 64 14016 426 480 1339 104 7030 3931 592 2322 8507
leaf_count=79239 9971 39081 6584 23567 559 14433 147555 64 14016 426 480 1339 104 7030 3931 592 2322 8507
internal_value=0.000110295 5.47436e-05 0.00023568 0.000557461 6.67471e-05 0.000400609 -5.38725e-05 3.2407e-05 0.000724193 -0.000310244 -3.27554e-05 -0.00160865 -0.00411332 -0.000826801 -0.000825298 0.000881169 0.000152253 -0.000338581
internal_weight=359800 349829 131227 45176 86051 38592 218602 163558 14080 55044 149478 1923 584 15963 6812 15025 2881 8933
internal_count=359800 349829 131227 45176 86051 38592 218602 163558 14080 55044 149478 1923 584 15963 6812 15025 2881 8933
is_linear=0
shrinkage=0.0229654


Tree=334
num_leaves=19
num_cat=0
split_feature=37 37 35 0 0 11 31 15 37 26 13 26 25 35 25 31 8 17
split_gain=72.8527 12.86 21.7181 10.7475 12.4887 9.97622 12.8541 12.6542 19.7075 9.6227 9.15675 8.81766 8.38737 8.31037 12.9763 9.67805 8.19634 8.14227
threshold=39042.268978538174 36204.943172306936 37664.500000000007 18.500000000000004 40.500000000000007 156.00000000000003 356.94375000000008 8.6312500000000032 21168.251015623839 22.770963541666671 20.531250000000004 10.247005208333336 20.800260416666671 15979.500000000002 19.947135416666672 185.35625000000007 0.99572243068690536 75.562500000000014
decision_type=2 2 2 2 2 2 2 2 2 2 2 2 2 2 2 2 2 2
left_child=1 2 5 -4 -5 7 11 8 13 -8 12 17 16 14 -1 -16 -9 -7
right_child=-2 -3 3 4 -6 6 9 10 -10 -11 -12 -13 -14 -15 15 -17 -18 -19
leaf_value=2.8083146343963787 34.383420752020861 6.4146261310891131 -33.185914294752465 -7.6770903247854632 -24.787248751622464 -2.0848038979069243 -27.735730513185402 0.051773919361193133 3.3484726501827913 7.7795613547420137 4.0097581060852887 0.23061431792962442 -5.1883374863084004 -0.68711700049238089 -12.279450391268128 -4.496215311466834 -3.5771476492359775 -8.5787436652517695
leaf_weight=211 9971 18415 210 1816 115 10664 194 207138 45975 75 9807 22701 3078 16900 137 74 4873 7446
leaf_count=211 9971 18415 210 1816 115 10664 194 207138 45975 75 9807 22701 3078 16900 137 74 4873 7446
internal_value=0.000109849 5.46779e-05 2.18558e-05 -0.00228367 -0.00174708 3.68468e-05 -0.000297969 8.45725e-05 0.000371419 -0.00530168 3.83964e-06 -0.000264988 -2.74509e-05 -0.000288758 -0.00347202 -0.00749913 -1.01713e-05 -0.00064293
internal_weight=359800 349829 331414 2141 1931 329273 41080 288193 63297 269 224896 40811 215089 17322 422 211 212011 18110
internal_count=359800 349829 331414 2141 1931 329273 41080 288193 63297 269 224896 40811 215089 17322 422 211 212011 18110
is_linear=0
shrinkage=0.0229654


Tree=335
num_leaves=19
num_cat=0
split_feature=37 37 35 36 37 35 8 17 26 36 37 36 35 18 14 27 37 14
split_gain=72.3814 12.5488 19.2878 23.1657 25.7835 10.829 11.1898 10.4582 10.032 8.86875 8.37261 18.1112 16.0864 11.8727 16.4873 14.6529 14.174 12.7761
threshold=39042.268978538174 34724.425522802536 36288.500000000007 32663.500000000004 32975.980006800011 37664.500000000007 -0.70710678118654757 61.312500000000007 24.062109375000006 32952.500000000007 22421.220383782642 22204.500000000004 19705.500000000004 0.051250000000000011 86.812500000000014 1.9391927083333338 28497.962273516761 63.062500000000007
decision_type=2 2 2 2 2 2 2 2 2 2 2 2 2 2 2 2 2 2
left_child=1 2 8 5 -5 -4 -7 -6 10 -3 -1 -12 -13 16 15 17 -14 -15
right_child=-2 9 3 4 7 6 -8 -9 -10 -11 11 12 13 14 -16 -17 -18 -19
leaf_value=-0.60195793590804247 33.593791434036589 15.385507666131062 13.500152728503382 -33.556625027457606 -28.417894069214274 0.8049844649180713 -34.735112412991249 -7.6156182474858483 8.9035831063468844 2.9965642704412869 5.462349850174034 14.802666221357409 -0.17519785249499606 -15.482444381574121 2.0218589308444845 1.0598109611203204 3.9321911912202685 -3.7551183950844789
leaf_weight=108879 9971 3897 964 89 225 259 185 1014 1399 27301 18745 4501 78527 2976 19404 14369 37605 29490
leaf_count=108879 9971 3897 964 89 225 259 185 1014 1399 27301 18745 4501 78527 2976 19404 14369 37605 29490
internal_value=0.00010921 5.42184e-05 1.1179e-05 -0.00190875 -0.00408466 0.000143534 -0.00282412 -0.00322702 2.78076e-05 0.000493788 1.91759e-05 0.000105402 3.71386e-05 3.66456e-06 -0.000241688 -0.000474901 0.000143608 -0.000745141
internal_weight=359800 349829 318631 2736 1328 1408 444 1239 315895 31198 314496 205617 186872 182371 66239 46835 116132 32466
internal_count=359800 349829 318631 2736 1328 1408 444 1239 315895 31198 314496 205617 186872 182371 66239 46835 116132 32466
is_linear=0
shrinkage=0.0229654


Tree=336
num_leaves=19
num_cat=0
split_feature=37 37 35 8 35 37 4 3 27 15 13 37 1 3 33 37 27 3
split_gain=71.5246 11.8432 14.9804 14.1961 8.75746 19.986 8.69591 19.8061 17.4927 10.2034 8.58424 12.1261 8.9499 26.0244 19.7526 9.80814 8.86528 8.79965
threshold=39042.268978538174 30273.138219804448 30377.500000000004 -0.89495246814786256 39830.500000000007 37144.710925868676 3.5000000000000004 1.5000000000000002 3.3978422619047608 19.018750000000008 22.856250000000006 19019.042623416553 1.5000000000000002 1.0000000180025095e-35 0.69097222222222232 28318.349165525371 7.4714657738095251 5.5000000000000009
decision_type=2 2 2 2 2 2 2 2 2 2 2 2 2 2 2 2 2 2
left_child=1 2 10 -3 -5 -6 7 8 -4 -10 12 16 13 14 -1 -14 -12 -15
right_child=-2 3 6 4 5 -7 -8 -9 9 -11 11 -13 15 17 -16 -17 -18 -19
leaf_value=-2.3098691448425432 32.822296276242888 -2.7592714972345456 -8.5585559752803881 4.1504086106313149 -22.433384910274139 1.8344238304345688 -1.1901452957524556 -5.3590365752804514 -24.282892921995238 -93.172207804701017 0.84528614917687972 7.8869559725800418 -0.47532155943327281 4.3150578138835192 -18.986885997364773 3.6940321795988242 -8.7549918633103587 -1.0490758742209012
leaf_weight=3948 9971 15072 309 57027 357 1125 5220 4220 93 122 538 6614 211302 21246 326 17762 325 4223
leaf_count=3948 9971 15072 309 57027 357 1125 5220 4220 93 122 538 6614 211302 21246 326 17762 325 4223
internal_value=0.000109146 5.4481e-05 -1.44817e-05 0.00031339 0.000475291 -0.00126759 -0.000888746 -0.00160041 -0.00581148 -0.0108418 1.82321e-05 0.000785376 -3.9309e-06 0.000370853 -0.00128744 -5.25951e-05 -0.00177496 0.000649134
internal_weight=359800 349829 276248 73581 58509 1482 9964 4744 524 215 266284 7477 258807 29743 4274 229064 863 25469
internal_count=359800 349829 276248 73581 58509 1482 9964 4744 524 215 266284 7477 258807 29743 4274 229064 863 25469
is_linear=0
shrinkage=0.0229654


Tree=337
num_leaves=19
num_cat=0
split_feature=26 4 28 15 17 3 3 1 14 3 9 27 4 6 16 13 33 15
split_gain=20.049 28.346 20.2907 16.9355 26.2907 21.9188 19.5868 21.4763 16.059 14.5741 13.3426 13.2959 12.5489 30.1594 30.2729 24.8979 41.0404 24.7644
threshold=4.8615885416666682 11.500000000000002 -0.7819366479550921 14.093750000000004 82.562500000000014 2.5000000000000004 1.5000000000000002 18.500000000000004 75.187500000000014 2.5000000000000004 0.93301270189221952 -0.20442708333333345 11.500000000000002 1.0000000180025095e-35 0.43750000000000006 7.7562500000000023 1.0000000180025095e-35 17.106250000000006
decision_type=2 2 2 2 2 2 2 2 2 2 2 2 2 2 2 2 2 2
left_child=1 2 -1 8 -5 6 -6 -8 -3 10 12 -4 -2 15 -15 -14 -17 -18
right_child=9 3 11 4 5 -7 7 -9 -10 -11 -12 -13 13 14 -16 16 17 -19
leaf_value=8.9026081009686528 2.0864193303189729 -23.043439987680191 5.8599578956228378 -4.5232327344655259 -0.20882666866779237 2.5916372900069473 -39.779620674631531 -7.9591074741653047 0.8419653217564389 -0.44794895449704802 -3.2528579919001777 -5.6186739418380665 1.5477091763028119 -36.843780569602139 11.122965956607914 2.0060908077564399 -30.55151856315765 9.9642118380537781
leaf_weight=28887 114122 312 2399 926 78 146 190 82 3775 181815 13830 5170 6871 250 134 464 274 75
leaf_count=28887 114122 312 2399 926 78 146 190 82 3775 181815 13830 5170 6871 250 134 464 274 75
internal_value=0.000108572 0.00058036 0.000812382 -0.000955051 -0.00311373 -0.00738042 -0.0104985 -0.0134077 -0.000203975 4.62799e-05 0.000226075 -0.000246069 0.000302597 -0.000572712 -0.00685374 -0.000258824 -0.0040592 -0.0100087
internal_weight=359800 41965 36456 5509 1422 496 350 272 4087 317835 136020 7569 122190 8068 384 7684 813 349
internal_count=359800 41965 36456 5509 1422 496 350 272 4087 317835 136020 7569 122190 8068 384 7684 813 349
is_linear=0
shrinkage=0.0229654


Tree=338
num_leaves=19
num_cat=0
split_feature=37 11 15 37 11 26 19 26 22 26 35 24 5 0 18 22 35 17
split_gain=70.2414 12.1771 19.1891 17.842 9.34333 9.12094 9.09013 7.54317 10.0459 22.879 14.0017 11.3157 12.1931 11.0293 9.52256 7.36033 10.8306 9.15099
threshold=39042.268978538174 60.000000000000007 14.831250000000004 26466.99420136926 36.000000000000007 19.608203125000003 1.7750000000000015 1.0000000180025095e-35 3.5196614583333337 6.586588541666667 39830.500000000007 1.3250000000000017 1.0000000180025095e-35 40.500000000000007 0.088750000000000023 12.858897569444446 21965.500000000004 90.562500000000014
decision_type=2 2 2 2 2 2 2 2 2 2 2 2 2 2 2 2 2 2
left_child=1 2 3 -1 15 7 -7 -3 9 14 11 12 -11 -13 -9 16 -4 -18
right_child=-2 5 4 -5 -6 6 -8 8 -10 10 -12 13 -14 -15 -16 -17 17 -19
leaf_value=0.70061145506628775 31.981701814666806 24.34862280154945 4.5543160030468197 5.7829538846341899 1.4752413105189792 3.5083405945441108 -10.413340971466141 1.0880833867723507 -0.33424923605053708 -27.527406952183007 -26.854525184038494 -1.5510101083173611 -6.4461721507271346 -16.853919781045882 -8.3284801045573627 -4.2055053915728475 -4.6822621413256433 1.0908592042868515
leaf_weight=56456 9971 1047 2533 32425 15975 10294 65 5663 196734 137 98 609 103 133 3719 8697 7693 7448
leaf_count=56456 9971 1047 2533 32425 15975 10294 65 5663 196734 137 98 609 103 133 3719 8697 7693 7448
internal_value=0.0001057 5.15268e-05 0.000226404 0.000418091 -0.000175931 -5.34523e-05 0.000611657 -8.6538e-05 -9.63634e-05 -0.000789806 -0.00395515 -0.0031291 -0.00746376 -0.00172705 -0.00042543 -0.000441438 -0.000172299 -0.000404826
internal_weight=359800 349829 131227 88881 42346 218602 10359 208243 207196 10462 1080 982 240 742 9382 26371 17674 15141
internal_count=359800 349829 131227 88881 42346 218602 10359 208243 207196 10462 1080 982 240 742 9382 26371 17674 15141
is_linear=0
shrinkage=0.0229654


Tree=339
num_leaves=19
num_cat=0
split_feature=35 26 7 14 24 15 36 0 3 22 3 4 30 36 0 36 0 0
split_gain=26.2701 12.7621 12.2151 10.8406 10.6157 9.27595 8.36671 8.14744 15.8432 11.599 9.36191 26.6364 18.8415 23.6579 19.7093 20.3906 18.4681 17.4812
threshold=40221.000000000007 1.0000000180025095e-35 -0.89495246814786256 61.812500000000007 -2.3749999999999982 5.6812500000000012 30729.500000000004 2.5000000000000004 1.0000000180025095e-35 4.1880642361111118 2.5000000000000004 11.500000000000002 977.13125000000014 36853.500000000007 12.500000000000002 23997.500000000004 10.500000000000002 20.500000000000004
decision_type=2 2 2 2 2 2 2 2 2 2 2 2 2 2 2 2 2 2
left_child=1 -1 3 4 -3 -4 -2 8 9 -7 11 16 -13 14 -14 -16 -9 -18
right_child=6 2 5 -5 -6 7 -8 10 -10 -11 -12 12 13 -15 15 -17 17 -19
leaf_value=22.605394737519024 -11.26864899327138 -9.561529043185244 2.3130217916362459 5.123851908715185 1.3741040561291473 -24.230765355340417 19.567211985017359 -1.5093089153238117 4.649843968365059 -2.855474846691501 -0.80870245026075427 6.1619909175581924 -1.6741174524808662 12.536747612057765 -31.747058878508746 -18.21440293768697 5.1975711138672009 1.0104015265859114
leaf_weight=2037 88 2502 18630 28799 16366 157 6864 21688 12008 1857 154480 1825 1756 1225 92 3697 26643 59086
leaf_count=2037 88 2502 18630 28799 16366 157 6864 21688 12008 1857 154480 1825 1756 1225 92 3697 26643 59086
internal_value=0.0001057 7.81552e-05 6.76307e-05 0.000409376 -1.85008e-05 1.3894e-05 0.00150372 -1.86135e-05 0.000521152 -0.00136378 -4.65943e-05 0.000109312 -0.00112088 -0.00167915 -0.00231725 -0.00324934 0.000207746 0.000359205
internal_weight=359800 352848 350811 47667 18868 303144 6952 284514 14022 2014 270492 116012 8595 6770 5545 3789 107417 85729
internal_count=359800 352848 350811 47667 18868 303144 6952 284514 14022 2014 270492 116012 8595 6770 5545 3789 107417 85729
is_linear=0
shrinkage=0.0229654


Tree=340
num_leaves=19
num_cat=0
split_feature=37 37 26 37 14 0 3 3 0 33 6 16 3 25 23 0 24 15
split_gain=68.2878 11.6417 9.80014 9.80615 7.99533 7.91505 14.6714 9.59685 24.1772 19.8209 16.3248 27.964 18.7744 15.3609 17.5666 15.1537 14.7495 11.6232
threshold=39042.268978538174 34724.425522802536 20.375130208333339 19911.45470056358 40.312500000000007 2.5000000000000004 1.0000000180025095e-35 1.0000000180025095e-35 10.500000000000002 0.71180555555555569 1.0000000180025095e-35 32.062500000000007 2.5000000000000004 4.4231770833333348 -0.37499999999999978 21.500000000000004 0.025000000000000248 10.718750000000004
decision_type=2 2 2 2 2 2 2 2 2 2 2 2 2 2 2 2 2 2
left_child=1 2 5 4 -4 6 -1 8 9 -7 -9 12 13 -12 16 -10 -15 -11
right_child=-2 -3 3 -5 -6 7 -8 10 15 17 11 -13 -14 14 -16 -17 -18 -19
leaf_value=-4.6723535723682588 30.986241252773414 4.1456353679077349 -6.7594717930239545 4.456283770852175 -1.1999140322727524 -1.753326381642063 4.4602057273657554 -0.37299557804388772 10.548293316905053 -12.724706550452783 -5.8949050145425437 7.4662062963835663 -6.7284158905921529 -39.771742033053165 -8.5458729963332765 1.8827420540402304 -2.5209068790998681 -17.165983117311772
leaf_weight=2056 9971 31198 151 10025 2375 7581 12428 248044 10434 251 145 1109 1580 225 157 21630 61 379
leaf_count=2056 9971 31198 151 10025 2375 7581 12428 248044 10434 251 145 1109 1580 225 157 21630 61 379
internal_value=0.000104678 5.12642e-05 9.80953e-06 0.000638772 -0.000640049 -1.59815e-05 0.000508017 -4.20092e-05 0.000287103 -0.000824808 -9.47506e-05 -0.00170506 -0.00322236 -0.00672558 -0.0088492 0.000571843 -0.0122375 -0.00473889
internal_weight=359800 349829 318631 12551 2526 306080 14484 291596 40275 8211 251321 3277 2168 588 443 32064 286 630
internal_count=359800 349829 318631 12551 2526 306080 14484 291596 40275 8211 251321 3277 2168 588 443 32064 286 630
is_linear=0
shrinkage=0.0229654


Tree=341
num_leaves=19
num_cat=0
split_feature=37 37 35 0 0 36 35 37 36 35 37 36 35 37 35 3 36 16
split_gain=66.7161 11.1464 20.2925 10.276 9.9469 12.2601 20.4541 8.27192 18.3057 15.1386 11.5733 16.5544 15.1479 14.2667 14.2484 17.238 14.1501 14.4424
threshold=39042.268978538174 36204.943172306936 37664.500000000007 40.500000000000007 18.500000000000004 32093.500000000004 39830.500000000007 22421.220383782642 22204.500000000004 19705.500000000004 25822.820239056793 27525.500000000004 25310.500000000004 30152.371458841222 32374.500000000004 3.5000000000000004 31796.500000000004 75.562500000000014
decision_type=2 2 2 2 2 2 2 2 2 2 2 2 2 2 2 2 2 2
left_child=1 2 7 4 -4 -6 -7 -1 -9 -10 12 -12 -11 14 -13 -16 -15 -18
right_child=-2 -3 3 -5 5 6 -8 8 9 10 11 13 -14 16 15 -17 17 -19
leaf_value=-0.54997086621897517 30.274629551198139 5.9640397514232397 -31.316374214257284 -23.900932268423972 8.0561126447473033 -7.7591516022365576 -40.576758479948559 5.5035777533341905 14.182724751632174 0.020344664933931039 4.0179605484488103 -1.4141519971668741 -3.5436341818620041 6.6847226671520037 -25.468441884302138 -5.9363951147244078 2.1317239047821874 -4.9245998372394082
leaf_weight=109309 9971 18415 210 115 515 1189 112 19078 4501 49169 35427 36482 21172 17974 322 1158 23010 11671
leaf_count=109309 9971 18415 210 115 515 1189 112 19078 4501 49169 35427 36482 21172 17974 322 1158 23010 11671
internal_value=0.000103338 5.05421e-05 1.99848e-05 -0.00220858 -0.00182952 -0.00128232 -0.00246953 3.44754e-05 0.000115619 5.10557e-05 2.0874e-05 0.000152576 -0.000215122 -1.19873e-05 -0.000351359 -0.00256033 0.000232685 -3.83407e-05
internal_weight=359800 349829 331414 2141 2026 1816 1301 329273 219964 200886 196385 126044 70341 90617 37962 1480 52655 34681
internal_count=359800 349829 331414 2141 2026 1816 1301 329273 219964 200886 196385 126044 70341 90617 37962 1480 52655 34681
is_linear=0
shrinkage=0.0229654


Tree=342
num_leaves=19
num_cat=0
split_feature=7 16 26 31 4 11 15 9 30 16 36 33 4 36 3 28 36 36
split_gain=20.1339 18.4754 13.7201 13.0477 13.2008 11.7887 15.1187 11.8 11.2901 10.608 10.7865 10.6271 10.4555 12.5121 20.1101 20.3715 10.9973 13.349
threshold=-0.89495246814786256 49.312500000000007 1.0000000180025095e-35 9.2437500000000021 6.5000000000000009 60.000000000000007 9.8062500000000021 -0.6830127018922193 961.20625000000018 1.0000000180025095e-35 31122.500000000004 0.065972222222222238 11.500000000000002 38855.500000000007 2.5000000000000004 3.4121625175315553 34870.500000000007 38285.500000000007
decision_type=2 2 2 2 2 2 2 2 2 2 2 2 2 2 2 2 2 2
left_child=1 3 -2 12 -5 6 8 9 -4 11 -11 -8 -1 14 15 16 -14 -18
right_child=2 -3 5 4 -6 -7 7 -9 -10 10 -12 -13 13 -15 -16 -17 17 -19
leaf_value=11.910165670979881 22.535770521445489 1.26221112787685 1.178252641966316 -23.884293710584767 10.325399422879817 -0.52161961918664601 -3.9023308861200308 0.75969117976334055 7.8145639332185954 1.1507445817167081 -20.95653235144983 -14.264238498428156 -35.398702068422857 26.742567376733959 4.6459757378882784 -36.98396293096939 -0.31387478806108421 -31.662578869874931
leaf_weight=15563 2170 32853 26960 295 289 190715 6346 61564 11334 7687 461 91 72 1216 1512 92 487 93
leaf_count=15563 2170 32853 26960 295 289 190715 6346 61564 11334 7687 461 91 72 1216 1512 92 487 93
internal_value=0.000103402 0.000519164 3.24162e-05 0.00107681 -0.00230441 1.94767e-05 0.000203742 1.65571e-05 0.000575964 -0.000570789 -2.02934e-05 -0.00126761 0.00118054 4.10097e-05 -0.000971144 -0.00406216 -0.00263468 -0.00158382
internal_weight=359800 52472 307328 19619 584 305158 114443 76149 38294 14585 8148 6437 19035 3472 2256 744 652 580
internal_count=359800 52472 307328 19619 584 305158 114443 76149 38294 14585 8148 6437 19035 3472 2256 744 652 580
is_linear=0
shrinkage=0.0229654


Tree=343
num_leaves=19
num_cat=0
split_feature=37 11 31 37 35 17 16 30 32 16 16 13 32 35 12 31 9 29
split_gain=64.3319 11.9866 13.972 14.7299 17.5569 17.2984 11.87 11.6343 16.9311 10.1022 8.67175 8.29678 16.2444 20.5293 20.9346 11.8944 10.3642 21.324
threshold=39042.268978538174 132.00000000000003 291.45625000000007 34876.514806393076 36288.500000000007 47.062500000000007 109.43750000000001 21.024999999999999 495.60000000000008 632.81250000000011 94.437500000000014 15.943750000000003 532.2437500000002 26348.500000000004 13.268750000000002 23.349999999999984 0.25000000000000011 21.931250000000006
decision_type=2 2 2 2 2 2 2 2 2 2 2 2 2 2 2 2 2 2
left_child=1 2 3 4 7 10 -5 8 9 -1 -6 12 -9 14 -14 -13 -17 -18
right_child=-2 -3 -4 6 5 -7 -8 11 -10 -11 -12 15 13 -15 -16 16 17 -19
leaf_value=-4.937591548855754 29.520521162686538 -1.3087084266216154 6.1422655275875107 8.7409394165634122 -10.978547820113034 -6.015171341688764 -2.6582223029977508 0.37041326589528395 0.40716351217925295 -41.12366582248135 -34.305422319898376 -13.739153514492871 -14.631477803573684 -28.774605305963679 -1.3401004088128599 4.6407973109875602 -8.9214910688292086 2.309760538540373
leaf_weight=6695 9971 87480 5670 17719 62 2183 4495 190455 9853 124 119 574 193 67 1085 18318 1124 3613
leaf_count=6695 9971 87480 5670 17719 62 2183 4495 190455 9853 124 119 574 193 67 1085 18318 1124 3613
internal_value=0.000102189 5.03452e-05 0.000127971 0.000103062 4.95129e-05 -0.00191961 0.000668265 6.95688e-05 -0.000514903 -0.00139463 -0.00874208 0.000114801 6.47774e-05 -0.00245021 -0.00180057 0.00052085 0.000602151 -0.000355365
internal_weight=359800 349829 262349 256679 234465 2364 22214 232101 16672 6819 181 215429 191800 1345 1278 23629 23055 4737
internal_count=359800 349829 262349 256679 234465 2364 22214 232101 16672 6819 181 215429 191800 1345 1278 23629 23055 4737
is_linear=0
shrinkage=0.0229654


Tree=344
num_leaves=19
num_cat=0
split_feature=35 26 11 29 31 24 28 26 30 26 23 32 13 32 17 24 4 6
split_gain=23.1132 12.347 12.1519 10.899 11.4812 12.5653 17.0469 21.6957 12.9319 13.792 31.7388 11.3466 10.4968 18.3022 19.9909 12.6886 12.1554 26.9055
threshold=40221.000000000007 1.0000000180025095e-35 108.00000000000001 344.56875000000008 259.13125000000002 2.6750000000000016 -1.9652067348678599 12.485546875000002 21.024999999999999 15.297265625000003 -3.0999999999999965 495.60000000000008 14.256250000000003 532.2437500000002 52.812500000000007 -3.6499999999999972 10.500000000000002 1.0000000180025095e-35
decision_type=2 2 2 2 2 2 2 2 2 2 2 2 2 2 2 2 2 2
left_child=1 -1 3 4 5 8 7 -7 9 10 -3 -11 13 16 -15 -14 -10 -18
right_child=-2 2 -4 -5 -6 6 -8 -9 12 11 -12 -13 15 14 -16 -17 17 -19
leaf_value=21.084187525077496 16.768108955675171 -20.256136381779761 -0.71809367940014224 2.6684942940476586 4.3164663150370464 -0.98512773339339277 -2.6868169908018418 -17.781024434176764 -0.041066943749909775 -4.9167889743000419 -4.5112823244895406 0.72668715793064609 -10.859488250426065 -18.448562731597281 0.24686333135277014 2.9828197503314899 7.035873853500517 -20.204093087832916
leaf_weight=2037 6952 124 131523 60080 6423 83 11932 68 89380 5283 457 6756 388 306 337 26750 10477 444
leaf_count=2037 6952 124 131523 60080 6423 83 11932 68 89380 5283 457 6756 388 306 337 26750 10477 444
internal_value=9.98913e-05 7.40548e-05 6.37029e-05 0.00016838 6.89217e-05 2.89351e-05 -0.000681759 -0.00834967 8.99671e-05 -0.00061144 -0.00406737 -0.000444658 0.000159077 5.128e-05 -0.0038109 0.000560045 7.60393e-05 0.0007993
internal_weight=359800 352848 350811 219288 159208 152785 12083 151 140702 12620 581 12039 128082 100944 643 27138 100301 10921
internal_count=359800 352848 350811 219288 159208 152785 12083 151 140702 12620 581 12039 128082 100944 643 27138 100301 10921
is_linear=0
shrinkage=0.0229654


Tree=345
num_leaves=19
num_cat=0
split_feature=35 11 15 35 23 13 30 32 25 30 28 15 10 3 35 9 8 11
split_gain=22.2483 11.6985 16.7208 12.4762 10.7587 9.34732 10.7816 10.6124 14.7497 14.808 19.4952 13.8393 25.6963 27.1993 11.597 10.5379 30.3987 10.3612
threshold=40221.000000000007 132.00000000000003 8.6312500000000032 26621.500000000004 2.8062500000000008 20.031250000000004 21.024999999999999 561.26250000000016 20.338281250000005 7.8312499999999963 0.75000000000000056 18.456250000000008 -0.68301270189221952 3.5000000000000004 24500.500000000004 -0.93301270189221908 0.60876142900872032 1.0000000180025095e-35
decision_type=2 2 2 2 2 2 2 2 2 2 2 2 2 2 2 2 2 2
left_child=1 2 3 -1 -5 6 7 8 11 10 -10 15 13 14 -13 16 -4 -17
right_child=-2 -3 5 4 -6 -7 -8 -9 9 -11 -12 12 -14 -15 -16 17 -18 -19
leaf_value=0.92854877991516838 16.383022476524449 -1.0987296367760961 3.0794307694592926 9.2926276525899461 -3.9754405033883846 4.0939323508931738 0.26024556890560291 0.6728145209391565 -31.229507081981094 -1.3991608515965472 -12.902560938046323 -48.54669038353255 3.6071751396410154 -2.5521577436793295 -14.732715130823376 -6.9854500034982214 -22.761154401285761 1.3644745561030445
leaf_weight=39463 6952 88212 206 17496 1666 9794 185114 4530 130 295 258 142 340 166 79 976 90 3891
leaf_count=39463 6952 88212 206 17496 1666 9794 185114 4530 130 295 258 142 340 166 79 976 90 3891
internal_value=9.82318e-05 7.28832e-05 0.000149229 0.00049143 0.000972213 5.18479e-05 1.7287e-05 -0.000677814 -0.00126724 -0.00446195 -0.00741049 -0.000896782 -0.00386337 -0.00791031 -0.0131869 -0.000479058 -0.00468618 -0.00022319
internal_weight=359800 352848 264636 58625 19162 206011 196217 11103 6573 683 388 5890 727 387 221 5163 296 4867
internal_count=359800 352848 264636 58625 19162 206011 196217 11103 6573 683 388 5890 727 387 221 5163 296 4867
is_linear=0
shrinkage=0.0229654


Tree=346
num_leaves=19
num_cat=0
split_feature=37 11 15 37 17 14 30 33 4 27 11 4 30 3 19 35 36 35
split_gain=60.9817 10.9454 14.9641 16.4281 10.4324 14.6712 12.071 17.8006 18.8362 21.1842 16.4947 13.4634 10.1887 10.0186 12.7772 9.63245 9.70309 14.405
threshold=39042.268978538174 84.000000000000014 19.018750000000008 33633.706528732488 75.312500000000014 86.812500000000014 1126.8062500000003 0.14236111111111113 11.500000000000002 -1.5241071428571424 156.00000000000003 10.500000000000002 1717.5250000000001 2.5000000000000004 7.8062500000000012 33580.500000000007 32663.500000000004 36288.500000000007
decision_type=2 2 2 2 2 2 2 2 2 2 2 2 2 2 2 2 2 2
left_child=1 2 3 15 -3 6 11 8 -8 -10 -9 -6 -7 -14 -15 -1 -17 -18
right_child=-2 4 -4 -5 5 12 7 10 9 -11 -12 -13 13 14 -16 16 17 -19
leaf_value=0.91281218780256324 28.51764597380479 0.39711560495126902 -1.7133283595213442 8.2990168010243561 -3.0694833893429094 1.5206733436928466 -12.780912167150293 -0.69172251458298084 -47.202124919650643 -20.689327143075126 -13.837745245434203 10.984980083418099 -18.062152489498303 -17.71549523108764 1.4530559684078965 -1.9000124791807445 -8.9080766075750439 -32.740691045291129
leaf_weight=128988 9971 99615 27232 15850 29450 26569 2643 8049 156 330 3392 2422 669 137 1504 1946 793 84
leaf_count=128988 9971 99615 27232 15850 29450 26569 2643 8049 156 330 3392 2422 669 137 1504 1946 793 84
internal_value=9.72105e-05 4.67346e-05 0.000175209 0.000266435 -8.17079e-05 -0.000285661 -0.000538408 -0.00108601 -0.00262095 -0.00677621 -0.00066622 -0.000288076 0.000120795 -0.00134213 -0.000376459 0.000182436 -0.00114461 -0.00315022
internal_weight=359800 349829 174893 147661 174936 75321 46442 14570 3129 486 11441 31872 28879 2310 1641 131811 2823 877
internal_count=359800 349829 174893 147661 174936 75321 46442 14570 3129 486 11441 31872 28879 2310 1641 131811 2823 877
is_linear=0
shrinkage=0.0229654


Tree=347
num_leaves=19
num_cat=0
split_feature=37 37 26 8 36 37 36 15 36 25 4 8 9 23 25 22 22 16
split_gain=59.5273 9.87643 9.09652 7.94611 10.7844 7.70085 15.6237 11.3993 10.2063 14.4287 17.4488 29.8753 9.50537 14.0868 16.4432 9.90295 8.63398 10.9613
threshold=39042.268978538174 36939.885737871497 24.062109375000006 0.99572243068690536 27094.500000000004 20825.599656332084 20525.500000000004 6.918750000000002 20281.000000000004 20.800260416666671 5.5000000000000009 -0.75023006073889131 0.93301270189221952 -4.7249999999999961 6.4515625000000005 6.1957899305555566 5.6278211805555562 96.187500000000014
decision_type=2 2 2 2 2 2 2 2 2 2 2 2 2 2 2 2 2 2
left_child=1 2 3 5 -5 8 -7 -8 9 -1 11 -11 16 14 -14 -15 -9 -18
right_child=-2 -3 -4 4 -6 6 7 12 -10 10 -12 -13 13 15 -16 -17 17 -19
leaf_value=0.49916856827238809 27.862726572293774 6.6334278473866046 8.1879415600402314 -2.0563994868197715 -14.916963617358457 5.4195126047142832 2.7151352471361694 -1.7917028863452789 -2.3903977564655872 -14.305517175102471 -3.5166897290751042 0.95171921820584215 -16.007764369701238 3.2871276957711775 -24.341195177979294 -3.3251277625822455 1.5125827944986923 -0.58976174026248129
leaf_weight=44276 9971 12828 1399 6985 456 13995 25959 27497 20874 152 3196 149 314 6330 232 21338 88032 75817
leaf_count=44276 9971 12828 1399 6985 456 13995 25959 27497 20874 152 3196 149 314 6330 232 21338 88032 75817
internal_value=9.54233e-05 4.55529e-05 2.17456e-05 1.4042e-05 -0.000728066 3.08692e-05 8.80869e-05 4.55438e-05 -0.000185437 -3.36418e-07 -0.00142048 -0.00670651 -8.26311e-06 -0.000401777 -0.0040547 -0.00032969 4.97605e-05 0.000112957
internal_weight=359800 349829 337001 335602 7441 328161 259514 245519 68647 47773 3497 301 219560 28214 546 27668 191346 163849
internal_count=359800 349829 337001 335602 7441 328161 259514 245519 68647 47773 3497 301 219560 28214 546 27668 191346 163849
is_linear=0
shrinkage=0.0229654


Tree=348
num_leaves=19
num_cat=0
split_feature=37 11 37 16 26 19 3 13 37 27 36 37 37 36 6 16 3 7
split_gain=58.0905 10.7561 11.5897 10.3443 8.54533 8.31026 7.98917 11.386 9.73491 11.0015 10.4021 13.6253 9.32216 9.20316 8.84993 18.4373 11.3671 11.4376
threshold=39042.268978538174 60.000000000000007 33793.841047580718 73.937500000000014 19.608203125000003 1.7750000000000015 1.0000000180025095e-35 1.0062500000000003 29003.814788121697 -2.2336867559523799 21534.500000000004 23374.762466709133 20713.858809328627 25499.500000000004 1.0000000180025095e-35 41.812500000000007 2.5000000000000004 0.82968937203783699
decision_type=2 2 2 2 2 2 2 2 2 2 2 2 2 2 2 2 2 2
left_child=1 2 -1 -4 6 -6 7 8 9 -3 -11 -12 13 -9 -8 16 17 -16
right_child=-2 4 3 -5 5 -7 14 12 -10 10 11 -13 -14 -15 15 -17 -18 -19
leaf_value=0.57336896536172355 27.222847662654654 -0.079021423939991342 10.850937178839796 -0.13207010103990408 3.3160335158073893 -9.8885045523186275 -0.70049255384288678 -1.1748811862473787 2.7407380536203685 1.6670092727147678 -15.032887804775196 -12.653933609306806 5.6030848171266854 -28.982832644604397 -30.463028912189088 8.710325776256937 -7.1378743870072601 -32.187577379240111
leaf_weight=116394 9971 976 9657 5176 10294 65 176348 4756 2349 315 211 778 20202 148 316 666 1088 90
leaf_count=116394 9971 976 9657 5176 10294 65 176348 4756 2349 315 211 778 20202 148 316 666 1088 90
internal_value=9.36361e-05 4.43712e-05 0.000208729 0.000813303 -5.42928e-05 0.000589488 -8.63175e-05 0.000262208 -0.000784366 -0.00185335 -0.00323347 -0.00439106 0.000455174 -0.000443011 -0.000144373 -0.00160545 -0.00302209 -0.00630135
internal_weight=359800 349829 131227 14833 218602 10359 208243 29735 4629 2280 1304 989 25106 4904 178508 2160 1494 406
internal_count=359800 349829 131227 14833 218602 10359 208243 29735 4629 2280 1304 989 25106 4904 178508 2160 1494 406
is_linear=0
shrinkage=0.0229654


Tree=349
num_leaves=19
num_cat=0
split_feature=35 26 11 7 14 21 14 28 18 28 23 6 29 17 28 23 4 34
split_gain=19.9806 12.4814 11.135 10.5098 10.3262 9.88809 9.54914 14.7243 12.7288 14.4903 12.9146 11.3192 9.66849 9.14193 9.03793 8.66303 8.06751 9.57318
threshold=40730.000000000007 1.0000000180025095e-35 156.00000000000003 -0.82968937203783699 75.312500000000014 23.378255208333339 86.937500000000014 7.181021750805586 0.051250000000000011 -4.2968679950186788 2.2750000000000021 1.0000000180025095e-35 164.08125000000004 29.187500000000004 0.26856776989755732 2.3750000000000018 6.5000000000000009 0.55208333333333348
decision_type=2 2 2 2 2 2 2 2 2 2 2 2 2 2 2 2 2 2
left_child=1 -1 3 4 -3 13 8 11 9 12 -10 -8 -5 -4 -15 16 -11 -18
right_child=-2 2 5 6 -6 -7 7 -9 10 15 -12 -13 -14 14 -16 -17 17 -19
leaf_value=21.172969991780597 18.555764795217222 1.1107607110941775 3.0666749312698509 -4.9272624447258844 6.8405046603331785 -31.316171635329152 1.6158539961954819 -12.776271464158587 -2.954594072386155 1.5999442675203257 1.9515058644263181 -5.3422210041637772 8.180420759295119 -5.4836268506520822 -0.37402145745216453 -1.8170572121453477 -0.780727584547391 5.3895858278559574
leaf_weight=2099 5472 36864 6759 164 18320 153 67301 89 39089 51440 15079 1393 7013 18479 18597 30134 39084 2271
leaf_count=2099 5472 36864 6759 164 18320 153 67301 89 39089 51440 15079 1393 7013 18479 18597 30134 39084 2271
internal_value=9.26149e-05 7.13473e-05 6.08254e-05 0.000109604 0.000396768 -0.000280985 4.69824e-05 0.00027789 -3.92074e-05 8.39497e-05 -0.000335018 0.000289985 0.00108699 -0.000260643 -0.000402248 2.53887e-05 0.000135251 -0.000103568
internal_weight=359800 354328 352229 308241 55184 43988 253057 68783 184274 130106 54168 68694 7177 43835 37076 122929 92795 41355
internal_count=359800 354328 352229 308241 55184 43988 253057 68783 184274 130106 54168 68694 7177 43835 37076 122929 92795 41355
is_linear=0
shrinkage=0.0229654


Tree=350
num_leaves=19
num_cat=0
split_feature=35 28 3 10 22 1 6 1 3 17 15 3 3 33 28 35 8 15
split_gain=19.9274 10.9312 11.0961 16.8367 30.7751 21.9415 20.3231 73.0054 23.693 17.7218 18.3196 36.6077 17.5185 29.7692 16.9613 16.9515 16.7032 25.3639
threshold=40730.000000000007 -5.2542892156862733 3.5000000000000004 0.93301270189221952 8.6786024305555571 4.5000000000000009 1.0000000180025095e-35 17.500000000000004 2.5000000000000004 70.562500000000014 11.831250000000002 1.0000000180025095e-35 1.0000000180025095e-35 0.80208333333333348 1.8645833333333328 17055.000000000004 -0.065263096110025884 16.118750000000006
decision_type=2 2 2 2 2 2 2 2 2 2 2 2 2 2 2 2 2 2
left_child=1 -1 3 5 6 12 8 -8 9 -5 -11 14 13 -3 16 -14 17 -12
right_child=-2 2 -4 4 -6 -7 7 -9 -10 10 11 -13 15 -15 -16 -17 -18 -19
leaf_value=6.5558416614127015 18.129624068685175 -2.8549062113921351 -0.47457134631710901 3.8063832203439643 9.5874959468007503 2.3081401690514127 -3.0116650361640027 -36.770115915663055 20.787668812707334 -2.2612686664743045 0.62802654765726751 -22.754746890993768 -14.135429607488913 -19.824893332987493 21.071913673279958 0.39879220117451275 2.5507883378043141 -37.891605065270063
leaf_weight=9617 5472 9327 148085 2096 3437 144100 599 168 1537 2468 194 2052 626 451 746 28250 367 208
leaf_count=9617 5472 9327 148085 2096 3437 144100 599 168 1537 2468 194 2052 626 451 746 28250 367 208
internal_value=9.02532e-05 6.9014e-05 4.77082e-05 0.000160783 -0.000610557 0.000219332 -0.00123135 -0.00482962 -0.000945886 -0.00144017 -0.00207202 -0.00312451 -0.000266526 -0.0011067 -0.000416864 1.79741e-05 -0.0028102 -0.00604413
internal_weight=359800 354328 344711 196626 13872 182754 10435 767 9668 8131 6035 3567 38654 9778 1515 28876 769 402
internal_count=359800 354328 344711 196626 13872 182754 10435 767 9668 8131 6035 3567 38654 9778 1515 28876 769 402
is_linear=0
shrinkage=0.0229654


Tree=351
num_leaves=19
num_cat=0
split_feature=35 11 15 35 17 33 3 36 1 36 3 32 31 34 35 1 0 11
split_gain=19.0354 10.5514 13.5524 11.6032 10.6243 9.65938 8.61607 13.4112 8.53328 10.763 8.02632 7.74917 30.0598 28.6745 8.60555 7.63401 9.31283 7.53042
threshold=40221.000000000007 108.00000000000001 11.268750000000002 34388.000000000007 67.937500000000014 0.98958333333333348 4.5000000000000009 34693.000000000007 21.500000000000004 31796.500000000004 2.5000000000000004 361.08125000000007 138.85625000000005 0.42708333333333343 15979.500000000002 9.5000000000000018 34.500000000000007 1.0000000180025095e-35
decision_type=2 2 2 2 2 2 2 2 2 2 2 2 2 2 2 2 2 2
left_child=1 2 3 10 -3 15 -2 -8 17 -10 -1 -12 13 -13 -14 -6 -17 -4
right_child=6 4 8 -5 5 -7 7 -9 9 -11 11 12 14 -15 -16 16 -18 -19
leaf_value=2.5343888320175236 22.066436985404959 0.66696017297907539 -1.5590864546165513 11.716129185156724 0.32091732070064771 -9.4519174547097489 -14.310662446739675 8.3667588033164062 -2.1631642693231514 -24.863285674487493 0.91571908950613312 -6.6997800594838743 -9.5993892666320111 -17.945831364564793 0.75724537963075333 -7.7613292775759639 -0.33206804138680412 0.79340898181235309
leaf_weight=36173 5904 65101 21281 8750 28080 2868 352 696 10071 186 39916 1116 81 225 6142 19557 16712 96589
leaf_count=36173 5904 65101 21281 8750 28080 2868 352 696 10071 186 39916 1116 81 225 6142 19557 16712 96589
internal_value=8.90405e-05 6.55936e-05 0.000162871 0.000374866 -9.65352e-05 -0.000299056 0.00127909 -0.000639876 9.98372e-06 -0.000625352 0.000291635 9.52862e-05 -0.000578689 -0.00369741 9.33674e-05 -0.000240935 -0.00046103 6.52704e-05
internal_weight=359800 352848 220530 92403 132318 67217 6952 1048 128127 10257 83653 47480 7564 1341 6223 64349 36269 117870
internal_count=359800 352848 220530 92403 132318 67217 6952 1048 128127 10257 83653 47480 7564 1341 6223 64349 36269 117870
is_linear=0
shrinkage=0.0229654


Tree=352
num_leaves=19
num_cat=0
split_feature=37 11 15 37 30 26 26 26 22 22 21 14 23 17 14 11 3 9
split_gain=55.1141 9.72571 16.6981 16.5095 9.07111 11.1568 10.7775 12.5282 17.5332 8.50696 16.9037 13.6453 13.0021 10.1627 12.3569 15.4838 9.94091 11.6134
threshold=39042.268978538174 60.000000000000007 14.831250000000004 26466.99420136926 382.94375000000008 9.6891927083333353 12.853515625000002 11.80143229166667 12.975651041666667 10.669835069444447 11.145442708333336 44.187500000000007 -4.1999999999999993 75.312500000000014 86.812500000000014 156.00000000000003 4.5000000000000009 -0.6830127018922193
decision_type=2 2 2 2 2 2 2 2 2 2 2 2 2 2 2 2 2 2
left_child=1 2 3 -1 6 -6 7 -4 -9 11 -11 -3 -13 16 15 -15 -14 -18
right_child=-2 9 4 -5 5 -7 -8 8 -10 10 -12 12 13 14 -16 -17 17 -19
leaf_value=0.54924163988129326 26.278177459103269 -27.761935098030602 -0.068355983457817293 5.2484130640959901 -1.3142064799973554 3.5132817762606838 -1.7374388113856001 -20.007508577392972 -9.4748154881576117 6.8043021565985446 0.0017240449855823684 -10.20628600135103 2.7597122908186278 -2.7977607305665479 0.13164675483597157 -12.817890421040365 -12.670317265184156 -1.4799631122466674
leaf_weight=56456 9971 399 806 32425 19403 9462 11544 75 1056 9596 100690 3546 31409 26798 27872 5306 861 12125
leaf_count=56456 9971 399 806 32425 19403 9462 11544 75 1056 9596 100690 3546 31409 26798 27872 5306 861 12125
internal_value=8.78278e-05 3.98416e-05 0.000196128 0.000374941 -0.000179185 5.05216e-05 -0.000671024 -0.00225623 -0.00381538 -5.39776e-05 8.80002e-05 -0.000198538 -0.000182864 -0.0001364 -0.00033137 -0.000638516 0.000126997 -0.000407456
internal_weight=359800 349829 131227 88881 42346 28865 13481 1937 1131 218602 110286 108316 107917 104371 59976 32104 44395 12986
internal_count=359800 349829 131227 88881 42346 28865 13481 1937 1131 218602 110286 108316 107917 104371 59976 32104 44395 12986
is_linear=0
shrinkage=0.0229654


Tree=353
num_leaves=19
num_cat=0
split_feature=35 26 3 36 11 21 11 8 26 30 26 24 30 3 1 35 21 16
split_gain=18.3586 12.3974 10.4117 11.902 10.2085 14.2201 8.15766 7.93594 12.3881 7.77871 21.7099 9.14977 8.24194 9.52685 11.7862 10.5445 12.7387 12.4239
threshold=40730.000000000007 1.0000000180025095e-35 4.5000000000000009 34693.000000000007 60.000000000000007 8.0915364583333353 1.0000000180025095e-35 -0.82968937203783677 18.747265625000004 1717.5250000000001 6.586588541666667 1.9500000000000006 1582.4375000000002 1.0000000180025095e-35 4.5000000000000009 17230.500000000004 12.781380208333337 464.18750000000006
decision_type=2 2 2 2 2 2 2 2 2 2 2 2 2 2 2 2 2 2
left_child=1 -1 -2 -4 5 -3 -7 -6 9 12 -11 -12 13 14 -9 16 17 -15
right_child=2 4 3 -5 7 6 -8 8 -10 10 11 -13 -14 15 -16 -17 -18 -19
leaf_value=20.464897736589375 26.354743857868112 3.7581546543472579 -13.77192510284239 12.76989543484205 -2.8709695685788441 -0.91175514557955717 1.0333311536485774 -1.685584278799966 3.5307168612633348 -1.8592073270942728 -23.102502819771214 -8.5582161997698094 4.845399735628285 -25.267458114069637 6.4087712647420894 -0.36747011070790619 -2.4823410334553211 0.26366927066127638
leaf_weight=2099 4688 34120 280 504 41424 32740 65265 5511 13263 8349 252 616 6350 317 16157 126393 1307 165
leaf_count=2099 4688 34120 280 504 41424 32740 65265 5511 13263 8349 252 616 6350 317 16157 126393 1307 165
internal_value=8.67427e-05 6.63566e-05 0.0014068 -0.00104282 5.58702e-05 0.000215445 7.48682e-05 -3.992e-05 2.64769e-05 -2.76694e-05 -0.000675981 -0.00413272 1.05859e-05 -2.37546e-05 0.000421619 -9.90409e-05 -0.00184981 -0.00504095
internal_weight=359800 354328 5472 784 352229 132125 98005 220104 178680 165417 9217 868 156200 149850 21668 128182 1789 482
internal_count=359800 354328 5472 784 352229 132125 98005 220104 178680 165417 9217 868 156200 149850 21668 128182 1789 482
is_linear=0
shrinkage=0.0229654


Tree=354
num_leaves=19
num_cat=0
split_feature=37 37 26 8 36 3 10 30 0 3 12 16 14 23 0 23 3 33
split_gain=53.6872 9.98752 8.35458 7.71308 9.89031 8.1373 36.7111 25.689 22.6949 21.9704 21.0636 50.3256 41.348 21.6443 20.3338 20.5468 19.7232 21.2558
threshold=39354.389669697441 36939.885737871497 24.062109375000006 0.99572243068690536 27094.500000000004 2.5000000000000004 0.93301270189221952 977.13125000000014 10.500000000000002 1.0000000180025095e-35 8.5437500000000028 4.0625000000000009 77.062500000000014 0.22499999999999978 10.500000000000002 1.7750000000000008 1.0000000180025095e-35 0.71875000000000011
decision_type=2 2 2 2 2 2 2 2 2 2 2 2 2 2 2 2 2 2
left_child=1 2 3 5 -5 6 14 -8 -9 -10 12 13 -11 -12 16 -16 17 -1
right_child=-2 -3 -4 4 -6 -7 7 8 9 10 11 -13 -14 -15 15 -17 -18 -19
leaf_value=-2.770204784374819 31.753826116628183 6.2163815163843168 7.8060394097685331 -2.0946880277065207 -14.485465326616181 -0.35250367803891169 7.3707041986770925 1.1068547524280816 -5.1911349808863925 -35.118871092649542 -32.755381507303447 -6.0239423595257344 -7.2298308880755275 -27.987142941126802 4.0751743500217481 -0.27752249883873892 0.64957003137738889 -16.397278522757201
leaf_weight=9152 8520 14279 1399 6985 456 190723 2050 1849 1880 362 340 496 1755 229 64215 34568 19794 748
leaf_count=9152 8520 14279 1399 6985 456 190723 2050 1849 1880 362 340 496 1755 229 64215 34568 19794 748
internal_value=8.553e-05 4.1841e-05 1.66346e-05 9.25189e-06 -0.000721893 2.58305e-05 0.000160546 -0.00126065 -0.00193034 -0.00272572 -0.00388867 -0.00652304 -0.0025634 -0.011184 0.000259672 0.000418075 -0.000267288 -0.0011042
internal_weight=359800 351280 337001 335602 7441 328161 137438 8961 6911 5062 3182 1065 2117 569 128477 98783 29694 9900
internal_count=359800 351280 337001 335602 7441 328161 137438 8961 6911 5062 3182 1065 2117 569 128477 98783 29694 9900
is_linear=0
shrinkage=0.0229654


Tree=355
num_leaves=19
num_cat=0
split_feature=37 11 15 37 17 14 26 22 33 11 33 26 26 26 35 26 12 14
split_gain=52.3798 9.09544 13.914 14.7703 9.18621 13.1574 12.0212 10.726 16.8942 12.0212 10.5806 9.99088 10.7222 9.88779 8.80749 8.69918 8.83934 10.6274
threshold=39042.268978538174 84.000000000000014 19.018750000000008 33633.706528732488 75.312500000000014 86.812500000000014 1.2430989583333336 7.7066406250000004 0.12152777777777779 156.00000000000003 0.079861111111111119 7.1850260416666671 9.5550781250000032 4.4667968750000009 33580.500000000007 4.4667968750000009 2.7312500000000006 92.562500000000014
decision_type=2 2 2 2 2 2 2 2 2 2 2 2 2 2 2 2 2 2
left_child=1 2 3 14 15 7 -7 8 10 -10 -6 13 -13 -12 -1 -3 17 -17
right_child=-2 4 -4 -5 5 6 -8 -9 9 -11 11 12 -14 -15 -16 16 -18 -19
leaf_value=0.83753857710066781 24.905056476536799 6.8285733764955499 -1.7009393863264237 7.6477295914952483 -11.999768147201385 -20.92737200439176 0.91123890360920456 -1.9873847338394426 -0.89387927423645197 -12.475154414765782 -41.388826650946783 -47.876616846011714 2.0424010946218112 -1.1976765004036867 -6.2655578750913783 -6.2057077025808924 0.13767920591732538 -55.946855165521974
leaf_weight=128988 9971 8859 27232 15850 2394 210 28669 31528 8382 3490 94 230 63 261 2823 887 89656 213
leaf_count=128988 9971 8859 27232 15850 2394 210 28669 31528 8382 3490 94 230 63 261 2823 887 89656 213
internal_value=8.63597e-05 3.9579e-05 0.000156694 0.000244661 -7.7507e-05 -0.000268892 0.000116024 -0.000508243 -0.00101569 -0.00062443 -0.00254265 -0.00514595 -0.00828479 -0.00255531 0.000165013 6.7203e-05 1.51913e-07 -0.00204601
internal_weight=359800 349829 174893 147661 174936 75321 28879 46442 14914 11872 3042 648 293 355 131811 99615 90756 1100
internal_count=359800 349829 174893 147661 174936 75321 28879 46442 14914 11872 3042 648 293 355 131811 99615 90756 1100
is_linear=0
shrinkage=0.0229654


Tree=356
num_leaves=19
num_cat=0
split_feature=26 4 28 7 3 28 22 3 26 0 3 23 26 3 0 0 4 13
split_gain=17.2929 25.5093 18.4671 13.7724 13.7443 24.222 46.8656 46.6976 14.24 14.1554 24.3509 13.751 12.3913 12.1176 12.3569 12.3507 19.4779 35.3228
threshold=4.8615885416666682 11.500000000000002 -0.7819366479550921 -0.70710678118654735 3.5000000000000004 -1.1399596774193543 6.4778645833333339 2.5000000000000004 4.4667968750000009 37.500000000000007 2.5000000000000004 1.0000000180025095e-35 2.8817708333333338 2.5000000000000004 47.500000000000007 34.500000000000007 11.500000000000002 7.4437500000000023
decision_type=2 2 2 2 2 2 2 2 2 2 2 2 2 2 2 2 2 2
left_child=1 2 3 -1 5 6 9 8 -8 12 11 -11 -3 14 15 -2 -17 -18
right_child=13 4 -4 -5 -6 -7 7 -9 -10 10 -12 -13 -14 -15 -16 16 17 -19
leaf_value=20.455266224086152 0.46881997169231632 -11.969474881850859 -1.6611785330938875 4.9822900061898761 5.0861988550033281 29.443505576532544 -35.13318191245834 11.678837230717962 -12.409635419631368 -2.3302978397045822 -21.356953582171407 -33.172998704238189 2.5686836273981166 -0.47903799592747731 -4.4353782633975012 4.5505566554321843 -4.1985903270252063 -29.481804551586666
leaf_weight=7144 96582 343 7569 21743 1624 726 258 137 81 469 117 68 1686 181815 2809 34514 1804 311
leaf_count=7144 96582 343 7569 21743 1624 726 258 137 81 469 117 68 1686 181815 2809 34514 1804 311
internal_value=8.41896e-05 0.000522352 0.000742458 0.00100704 -0.000934207 -0.00167585 -0.00254517 -0.00918616 -0.0137589 -0.00136697 -0.00430514 -0.00223667 -0.000419919 2.63373e-05 0.000190281 0.000222067 0.000581142 -0.00155817
internal_weight=359800 41965 36456 28887 5509 3885 3159 476 339 2683 654 537 2029 317835 136020 133211 36629 2115
internal_count=359800 41965 36456 28887 5509 3885 3159 476 339 2683 654 537 2029 317835 136020 133211 36629 2115
is_linear=0
shrinkage=0.0229654


Tree=357
num_leaves=19
num_cat=0
split_feature=37 37 35 11 15 37 31 28 13 25 30 31 15 16 35 37 16 36
split_gain=50.651 9.22605 29.2746 8.14244 10.338 17.1146 10.0934 8.34071 8.23221 8.33324 14.0802 25.2018 16.7744 16.0292 8.73631 13.9588 11.7913 11.3207
threshold=39354.389669697441 37353.276481140922 39830.500000000007 156.00000000000003 8.5687500000000032 21168.251015623839 356.94375000000008 0.26856776989755732 20.531250000000004 20.800260416666671 6.2124999999999995 180.66250000000005 14.031250000000004 235.31250000000003 21360.500000000004 22090.039410927366 777.06250000000011 26594.500000000004
decision_type=2 2 2 2 2 2 2 2 2 2 2 2 2 2 2 2 2 2
left_child=1 2 3 4 5 -1 7 -5 9 14 11 -11 -13 -14 15 17 -16 -6
right_child=-2 -3 -4 6 8 -7 -8 -9 -10 10 -12 12 13 -15 16 -17 -18 -19
leaf_value=-0.98965895270466731 30.221755631169124 7.1835298991518481 -20.366343679359034 -3.9022717234373672 0.44751843571889743 2.945042695538119 -25.331183875743104 0.51454985406348486 3.5141420457376951 -25.681524863057568 -0.052173331031189686 -1.1076855553029425 2.3231852425967143 -22.541066025679999 -0.44799700492570271 11.887055775955313 -34.812624221747605 -18.740323455483285
leaf_weight=17049 8520 11427 610 21473 42726 46614 269 20578 9881 139 1977 744 89 163 169493 7667 101 280
leaf_count=17049 8520 11427 610 21473 42726 46614 269 20578 9881 139 1977 744 89 163 169493 7667 101 280
internal_value=8.3296e-05 4.08603e-05 1.92791e-05 2.83173e-05 7.07937e-05 0.00033018 -0.000269702 -0.000241336 8.55528e-11 -2.8694e-05 -0.00120878 -0.00324753 -0.00196912 -0.00709011 -1.20213e-05 0.000252573 -9.10794e-05 9.16353e-05
internal_weight=359800 351280 339853 339243 296923 63663 42320 42051 233260 223379 3112 1135 996 252 220267 50673 169594 43006
internal_count=359800 351280 339853 339243 296923 63663 42320 42051 233260 223379 3112 1135 996 252 220267 50673 169594 43006
is_linear=0
shrinkage=0.0229654


Tree=358
num_leaves=19
num_cat=0
split_feature=35 25 3 15 36 11 15 25 7 21 22 3 27 22 35 27 7 36
split_gain=16.7848 11.3554 10.8777 11.9327 9.39386 9.31228 13.1487 12.4044 13.5194 9.61587 31.3634 14.6389 13.6542 10.8292 7.87016 8.95532 13.7055 7.48761
threshold=40730.000000000007 1.0000000180025095e-35 4.5000000000000009 16.206250000000008 31122.500000000004 84.000000000000014 19.356250000000006 8.48463541666667 -0.32075123873380551 14.911588541666669 14.458376736111115 3.5000000000000004 -4.0730282738095234 18.655859375000002 23062.500000000004 -1.4274367559523808 -0.44134171618254464 24944.500000000004
decision_type=2 2 2 2 2 2 2 2 2 2 2 2 2 2 2 2 2 2
left_child=1 -1 -2 4 -4 6 7 8 -3 17 11 -11 13 -12 -14 16 -16 -8
right_child=2 5 3 -5 -6 -7 9 -9 -10 10 12 -13 14 -15 15 -17 -18 -19
leaf_value=15.951297095876308 24.69576715567618 8.2355371698255198 -11.123024733641049 -15.749309132668326 12.666407337916876 -0.39370317399561688 2.4128875563306065 0.46898082284233727 1.2475281944504706 -7.956651538585624 -27.736444601916592 -26.192814669808961 3.6730163843751327 -3.0687112963998322 0.59926062268184033 -4.7009442536087551 -35.53289605378091 -2.2217920026563118
leaf_weight=2479 4688 17680 62 181 541 175883 6962 105488 27302 127 62 215 1454 100 93 1263 96 15124
leaf_count=2479 4688 17680 62 181 541 175883 6962 105488 27302 127 62 215 1454 100 93 1263 96 15124
internal_value=8.16364e-05 6.21437e-05 0.00134385 -0.00115999 0.000392278 5.1231e-05 0.00016935 0.000251067 0.000570383 -0.000312919 -0.00144797 -0.00804461 -0.000712616 -0.0072015 -0.000350882 -0.00154684 -0.00620917 -0.000137672
internal_weight=359800 354328 5472 784 603 351849 175966 150470 44982 25496 3410 342 3068 162 2906 1452 189 22086
internal_count=359800 354328 5472 784 603 351849 175966 150470 44982 25496 3410 342 3068 162 2906 1452 189 22086
is_linear=0
shrinkage=0.0229654


Tree=359
num_leaves=19
num_cat=0
split_feature=25 7 14 18 23 16 14 7 14 8 16 10 28 21 33 17 9 4
split_gain=15.5877 10.7858 11.1808 13.7447 10.8856 10.1619 10.272 10.1106 9.5697 9.21034 8.98615 9.80368 10.6446 12.4291 12.5876 9.30016 8.55855 15.4853
threshold=3.124739583333334 -0.89495246814786256 87.187500000000014 0.051250000000000011 -0.72499999999999909 361.06250000000006 64.562500000000014 -0.70710678118654735 76.687500000000014 -0.5 199.56250000000003 -0.9330127018922193 -2.241972222222222 2.3868489583333337 0.79513888888888895 26.312500000000004 -0.6830127018922193 9.5000000000000018
decision_type=2 2 2 2 2 2 2 2 2 2 2 2 2 2 2 2 2 2
left_child=7 8 3 10 -4 6 9 -1 -2 -5 15 -12 13 14 -13 -3 17 -8
right_child=1 2 4 5 -6 -7 16 -9 -10 -11 11 12 -14 -15 -16 -17 -18 -19
leaf_value=15.628346261489677 0.89290442007802262 2.9317155181455621 -0.1747109183753926 -23.387446998424242 3.0058985600143471 2.1488789656682763 -1.8377897802886887 2.5280992841140768 6.9104103863347568 -2.7624564101672422 3.3948026177290469 -32.360657153875927 -3.2114961839958669 8.0726834316455598 3.6620495656733567 0.21997732033140197 -1.7324830072602428 -10.897510866015459
leaf_weight=6072 33666 16239 37722 1277 38439 12107 6181 13319 15316 1325 6682 65 33224 5354 67 86141 42685 3919
leaf_count=6072 33666 16239 37722 1277 38439 12107 6181 13319 15316 1325 6682 65 33224 5354 67 86141 42685 3919
internal_value=8.09343e-05 4.4857e-05 -8.1403e-06 -9.27509e-05 0.000231008 -0.000364281 -0.000496028 0.000714272 0.000360174 -0.00190466 3.12688e-05 -0.000237688 -0.000377912 0.000559274 -0.00640248 0.000150516 -0.00042659 -0.00102776
internal_weight=359800 340409 291427 215266 76161 67494 55387 19391 48982 2602 147772 45392 38710 5486 132 102380 52785 10100
internal_count=359800 340409 291427 215266 76161 67494 55387 19391 48982 2602 147772 45392 38710 5486 132 102380 52785 10100
is_linear=0
shrinkage=0.0229654


Tree=360
num_leaves=19
num_cat=0
split_feature=37 37 36 16 36 37 22 22 37 35 3 0 3 23 37 0 35 10
split_gain=49.0361 8.48272 17.4518 20.9522 17.4423 16.0198 13.9202 13.8495 11.007 11.0007 15.2524 11.7925 10.184 25.1751 10.4332 10.054 9.95508 9.86401
threshold=39354.389669697441 30273.138219804448 31796.500000000004 75.562500000000014 27675.500000000004 27434.633048687825 3.5196614583333337 7.655642361111112 36939.885737871497 32374.500000000004 3.5000000000000004 17.500000000000004 4.5000000000000009 4.8750000000000036 36373.894888711664 46.500000000000007 39830.500000000007 0.6830127018922193
decision_type=2 2 2 2 2 2 2 2 2 2 2 2 2 2 2 2 2 2
left_child=1 4 12 7 5 -1 17 8 16 15 -11 -12 -3 14 -14 -8 -4 -6
right_child=-2 2 3 -5 6 -7 9 -9 -10 10 11 -13 13 -15 -16 -17 -18 -19
leaf_value=0.051128033602510746 29.011081843461742 10.915115542162926 -1.9771358057577382 -4.4879553433376334 -2.1058510115010702 6.9572588434296634 -1.4469241674797246 6.6974023637595836 6.2162545141553718 -22.848244743601079 -26.463807564305746 -0.43795376507049333 2.3508654276501386 -21.360387091070361 -11.696658328700723 -11.021056343183465 -19.935833982091808 -29.53379374897769
leaf_weight=219888 8520 15131 14405 17371 346 13443 39796 15010 7765 346 180 1053 5055 89 76 807 130 389
leaf_count=219888 8520 15131 14405 17371 346 13443 39796 15010 7765 346 180 1053 5055 89 76 807 130 389
internal_value=8.17641e-05 4.00104e-05 0.000256552 4.28809e-05 -1.88047e-05 5.94581e-05 -0.000444304 0.000349621 -1.33878e-05 -0.000389707 -0.00227036 -0.0010747 0.000830664 -4.39949e-05 0.000166053 -0.000316571 -0.000386312 -0.0035776
internal_weight=359800 351280 75032 54681 276248 233331 42917 37310 22300 42182 1579 1233 20351 5220 5131 40603 14535 735
internal_count=359800 351280 75032 54681 276248 233331 42917 37310 22300 42182 1579 1233 20351 5220 5131 40603 14535 735
is_linear=0
shrinkage=0.0229654


Tree=361
num_leaves=19
num_cat=0
split_feature=37 11 15 37 36 23 17 14 26 22 33 11 26 37 26 19 14 26
split_gain=46.5276 8.69567 12.2294 17.8018 10.8264 9.21368 8.99911 12.2766 11.8802 9.95547 15.5618 12.6002 8.95073 18.9822 8.71299 8.3656 10.7808 8.09492
threshold=39354.389669697441 84.000000000000014 10.268750000000002 28407.181565572457 31796.500000000004 3.3749999999999978 75.312500000000014 86.812500000000014 1.2430989583333336 7.7066406250000004 0.14236111111111113 156.00000000000003 4.0790364583333343 32975.980006800011 4.4667968750000009 12.756250000000001 92.562500000000014 6.0933593750000012
decision_type=2 2 2 2 2 2 2 2 2 2 2 2 2 2 2 2 2 2
left_child=1 2 3 4 -1 -5 14 9 -9 10 -8 17 13 -7 -3 -16 -17 -12
right_child=-2 6 -4 5 -6 12 7 8 -10 -11 11 -13 -14 -15 15 16 -18 -19
leaf_value=0.76337693061913703 28.34483048542333 6.8652624433092839 0.063618531635666511 9.6923182084183033 -14.155888777838793 -21.33056879703852 -15.942841404720252 -20.751942549418732 0.85496098043696522 -1.8929222576963718 3.3188583612335627 -12.188138993180962 4.1240920959799121 2.0097931583351785 0.13169014992792993 -6.3129577323450512 -54.654796044235077 -5.3015572912862066
leaf_weight=45165 8520 9037 115059 14318 159 95 3398 211 28888 31574 4544 3503 646 156 89725 898 214 3690
leaf_count=45165 8520 9037 115059 14318 159 95 3398 211 28888 31574 4544 3503 646 156 89725 898 214 3690
internal_value=8.05514e-05 3.98797e-05 0.000154168 0.000418384 0.000190213 0.00109808 -7.43543e-05 -0.000263014 0.000107255 -0.000493686 -0.000977945 -0.000581717 -0.00115979 -0.00484012 6.88453e-05 1.18834e-06 -0.00197849 -9.09244e-05
internal_weight=359800 351280 175598 60539 45324 15215 175682 75808 29099 46709 15135 11737 897 251 99874 90837 1112 8234
internal_count=359800 351280 175598 60539 45324 15215 175682 75808 29099 46709 15135 11737 897 251 99874 90837 1112 8234
is_linear=0
shrinkage=0.0229654


Tree=362
num_leaves=19
num_cat=0
split_feature=35 29 5 36 11 15 35 23 31 30 34 24 16 35 1 35 29 12
split_gain=15.5177 9.97196 9.23473 10.6725 9.04899 13.088 10.9094 9.97623 8.33407 11.0205 13.4527 17.3467 11.5099 21.1159 14.9188 13.2523 12.7625 17.7821
threshold=40730.000000000007 746.06875000000002 1.0000000180025095e-35 34224.500000000007 132.00000000000003 8.6312500000000032 26621.500000000004 2.8062500000000008 291.45625000000007 21.024999999999999 0.031250000000000007 -2.9749999999999979 129.18750000000003 30882.500000000004 21.500000000000004 17055.000000000004 135.06875000000005 14.706250000000004
decision_type=2 2 2 2 2 2 2 2 2 2 2 2 2 2 2 2 2 2
left_child=1 4 -2 -4 5 6 -1 -8 9 -7 12 -12 14 -14 15 16 17 -11
right_child=2 -3 3 -5 -6 8 7 -9 -10 10 11 -13 13 -15 -16 -17 -18 -19
leaf_value=0.74568832412952157 23.568511292781036 17.864528120603531 -16.027840552498358 6.7003165563046547 -1.0116769112331512 -2.6649312223310515 7.9710068102458571 -4.4389190764891415 6.2876350307457773 1.8287754512595855 -4.6987522335579932 3.1421660336087984 -0.96102247459814094 -9.2386021731486192 -2.6493558431824948 1.0735619030977561 -14.654591895598731 -17.630503877591536
leaf_weight=39396 4688 1840 216 568 88054 13095 17028 1648 3759 800 2463 28174 36834 6350 13188 101191 386 122
leaf_count=39396 4688 1840 216 568 88054 13095 17028 1648 3759 800 2463 28174 36834 6350 13188 101191 386 122
internal_value=7.98492e-05 6.11067e-05 0.00129348 -0.00101352 5.23044e-05 0.00011945 0.000424017 0.000881185 3.37423e-05 1.3863e-05 5.83867e-05 0.000499007 -2.65834e-05 -0.000346523 9.28448e-05 0.000186391 -0.00211043 -0.000642633
internal_weight=359800 354328 5472 784 352488 264434 58072 18676 206362 202603 189508 30637 158871 43184 115687 102499 1308 922
internal_count=359800 354328 5472 784 352488 264434 58072 18676 206362 202603 189508 30637 158871 43184 115687 102499 1308 922
is_linear=0
shrinkage=0.0229654


Tree=363
num_leaves=19
num_cat=0
split_feature=26 10 28 14 3 27 7 15 17 27 12 27 3 0 3 13 22 28
split_gain=15.6868 25.0295 17.4447 14.4405 21.2062 21.2698 13.8158 12.5296 13.3706 12.1032 11.7399 16.4777 11.3138 13.8328 11.0763 16.389 19.5616 35.4055
threshold=4.8615885416666682 0.93301270189221952 -0.7819366479550921 75.187500000000014 2.5000000000000004 -1.6571986607142855 -0.60876142900872077 14.418750000000003 83.437500000000014 -0.11754092261904868 2.5687500000000005 0.058649553571426878 2.5000000000000004 38.500000000000007 3.5000000000000004 17.181250000000006 15.645876736111111 -1.0000000180025095e-35
decision_type=2 2 2 2 2 2 2 2 2 2 2 2 2 2 2 2 2 2
left_child=1 2 6 4 5 -3 -1 -5 -9 -4 11 -2 13 -10 15 16 -12 -18
right_child=10 3 9 7 -6 -7 -8 8 12 -11 14 -13 -14 -15 -16 -17 17 -19
leaf_value=17.321213552274809 -7.8950019085345211 -34.94983371907778 5.1293445923224166 0.455841183998628 4.9639179248532237 -6.789039740074104 4.4069824786931333 -1.7830834471425423 -35.434573057740231 -5.4468302969994244 1.1018168843161795 -27.647354188980017 -0.69429321346789441 -4.2454740574245129 -0.57342006037524085 4.5862400092779785 -6.7858096611993304 0.4752424056851684
leaf_weight=8340 1992 244 2482 3847 407 247 20547 445 149 5087 132050 135 99 71 136302 21996 9163 16197
leaf_count=8340 1992 244 2482 3847 407 247 20547 445 149 5087 132050 135 99 71 136302 21996 9163 16197
internal_value=7.87642e-05 0.000496084 0.00071411 -0.000946713 -0.00361104 -0.00682414 0.000971262 -0.000427831 -0.00311416 -0.000267308 2.36638e-05 -0.00167679 -0.00670244 -0.00960372 3.51202e-05 0.000153687 7.16348e-05 -0.000512556
internal_weight=359800 41965 36456 5509 898 491 28887 4611 764 7569 317835 2127 319 220 315708 179406 157410 25360
internal_count=359800 41965 36456 5509 898 491 28887 4611 764 7569 317835 2127 319 220 315708 179406 157410 25360
is_linear=0
shrinkage=0.0229654


Tree=364
num_leaves=19
num_cat=0
split_feature=37 37 36 3 10 28 13 14 0 7 14 27 7 33 3 0 3 36
split_gain=45.5067 8.4425 17.431 20.0367 26.436 30.1677 21.4592 24.4298 19.359 15.4011 14.877 13.0904 15.5269 12.9203 22.1152 18.7347 17.2917 12.5018
threshold=39354.389669697441 23834.951018298565 23667.500000000004 3.5000000000000004 0.93301270189221952 -2.2002989130434778 7.5937500000000018 90.187500000000014 46.500000000000007 -0.60876142900872077 78.937500000000014 -0.11754092261904868 0.82968937203783699 0.25347222222222227 2.5000000000000004 36.500000000000007 2.5000000000000004 29388.500000000004
decision_type=2 2 2 2 2 2 2 2 2 2 2 2 2 2 2 2 2 2
left_child=1 -1 -3 4 8 10 -7 -8 -4 -9 13 -5 -13 14 -6 -15 -17 -10
right_child=-2 2 3 11 5 6 7 9 17 -11 -12 12 -14 15 -16 16 -18 -19
leaf_value=-0.40224290384952543 27.514370909746685 5.8731100824174236 2.9613956489871107 0.86783156265089167 -33.908199220473435 2.6809136931699853 -0.87393250480478368 -29.549085611450568 -6.0030442308357754 -9.3272977444361516 -8.6636593779894628 -2.1195012291552029 -13.816711530632441 -3.1462757446433245 22.517959946019971 -22.33810306807672 -20.287781604238873 -20.029979788466868
leaf_weight=147736 8520 19751 102986 27438 237 7284 616 188 2589 290 1293 38571 1527 402 70 101 65 136
leaf_count=147736 8520 19751 102986 27438 237 7284 616 188 2589 290 1293 38571 1527 402 70 101 65 136
internal_value=7.74876e-05 3.72646e-05 0.000133182 6.35135e-05 0.000246273 -0.000850151 -0.000225323 -0.00322439 0.000355655 -0.00712024 -0.00326473 -0.000251091 -0.000515573 -0.00557731 -0.00937318 -0.00352568 -0.0100162 -0.00155491
internal_weight=359800 351280 203544 183793 116257 10546 8378 1094 105711 478 2168 67536 40098 875 307 568 166 2725
internal_count=359800 351280 203544 183793 116257 10546 8378 1094 105711 478 2168 67536 40098 875 307 568 166 2725
is_linear=0
shrinkage=0.0229654


Tree=365
num_leaves=19
num_cat=0
split_feature=26 4 18 15 35 17 7 19 27 27 13 23 26 30 26 16 30 15
split_gain=15.0603 22.5632 14.1599 13.2104 21.9267 15.7147 11.4376 10.8588 16.7 10.652 10.7325 10.2276 9.85781 12.5875 9.21452 10.078 9.17187 8.91
threshold=4.8615885416666682 11.500000000000002 0.24000000000000005 14.093750000000004 33580.500000000007 87.937500000000014 -0.70710678118654735 12.956250000000002 0.058649553571426878 -2.2336867559523799 -1.1937499999999996 4.8750000000000036 2.8817708333333338 1495.0187500000004 1.2430989583333336 0.43750000000000006 1233.7562500000001 7.9062500000000018
decision_type=2 2 2 2 2 2 2 2 2 2 2 2 2 2 2 2 2 2
left_child=1 2 6 12 9 -6 -1 17 -9 10 -5 -8 13 16 15 -4 -3 -2
right_child=7 3 14 4 5 -7 11 8 -10 -11 -12 -13 -14 -15 -16 -17 -18 -19
leaf_value=15.561632432343048 1.3847404902001554 -14.816378443329585 -22.042148468396281 4.8363988691040429 -14.708877278307765 -34.984447910260037 4.8222060897143519 -7.5726304269150146 -26.695114963826477 8.9587535890428729 -10.766130654218163 -11.597329638506073 1.8804896519747978 -4.93226813843697 -0.77391445929930536 9.0874723715145755 -46.60826449099892 -0.10579822835625527
leaf_weight=7596 52495 61 175 208 252 184 22414 1947 135 454 324 508 3262 636 5641 122 128 263258
leaf_count=7596 52495 61 175 208 252 184 22414 1947 135 454 324 508 3262 636 5641 122 128 263258
internal_value=7.67855e-05 0.000485686 0.000692692 -0.000884183 -0.00279073 -0.00707925 0.000892338 2.27968e-05 -0.0016303 -0.000894393 -0.00309947 0.000636403 -0.000220832 -0.00246356 -0.000333381 -0.00427605 -0.00766729 3.36969e-05
internal_weight=359800 41965 36456 5509 1422 436 30518 317835 2082 986 532 22922 4087 825 5938 297 189 315753
internal_count=359800 41965 36456 5509 1422 436 30518 317835 2082 986 532 22922 4087 825 5938 297 189 315753
is_linear=0
shrinkage=0.0229654


Tree=366
num_leaves=19
num_cat=0
split_feature=37 37 13 37 27 0 15 30 11 13 6 10 23 22 26 29 22 27
split_gain=44.8323 9.64607 7.97605 11.6649 8.86528 8.37708 7.81007 8.78162 6.69008 8.51099 6.25093 14.0655 21.4784 25.3279 12.7495 11.9821 14.3695 12.3755
threshold=39716.83368484956 35190.496756701024 22.856250000000006 19019.042623416553 7.4714657738095251 3.5000000000000004 13.193750000000003 1271.0062500000001 60.000000000000007 0.85625000000000029 1.0000000180025095e-35 0.6830127018922193 -0.69999999999999873 4.6904079861111123 6.9819010416666671 5.0625000000000027 18.210156250000001 1.7462425595238089
decision_type=2 2 2 2 2 2 2 2 2 2 2 2 2 2 2 2 2 2
left_child=1 2 5 4 -4 -1 7 -3 -9 -10 -7 14 13 -13 -12 16 17 -16
right_child=-2 6 3 -5 -6 10 -8 8 9 -11 11 12 -14 -15 15 -17 -18 -19
leaf_value=1.7675299203948149 32.899859949434742 15.351667749594919 0.46829484154567236 7.2530363076900715 -8.2255994407120454 -0.14518788113881595 0.28977152913488835 9.5517124394199762 7.1258682041924795 -4.6966187053162294 -29.404608288004528 9.8050739944793168 -2.0954348988122007 -26.084817941555052 -7.9833191836713571 1.9867000415974394 1.6694815393612423 -29.845337615303237
leaf_weight=22414 7049 4917 538 6729 325 285637 14055 3513 3232 4065 68 196 1666 628 104 4435 165 64
leaf_count=22414 7049 4917 538 6729 325 285637 14055 3513 3232 4065 68 196 1666 628 104 4435 165 64
internal_value=7.58281e-05 3.95897e-05 3.12169e-06 0.000738692 -0.00177496 -1.45855e-05 0.000435064 0.000786639 0.000420643 2.42338e-05 -4.7324e-05 -0.000709714 -0.00211208 -0.00514492 1.23471e-05 0.000153167 -0.00404826 -0.00877607
internal_weight=359800 352751 322969 7592 863 315377 29782 15727 10810 7297 292963 7326 2490 824 4836 4768 333 168
internal_count=359800 352751 322969 7592 863 315377 29782 15727 10810 7297 292963 7326 2490 824 4836 4768 333 168
is_linear=0
shrinkage=0.0229654


Tree=367
num_leaves=19
num_cat=0
split_feature=37 37 0 3 30 3 0 0 29 30 37 4 26 12 4 37 15 37
split_gain=44.2248 9.25414 7.37164 18.594 13.6589 10.4673 23.1704 14.5566 12.7194 11.62 11.2119 13.856 10.6337 9.8481 9.7266 13.5919 8.94497 16.2124
threshold=39716.83368484956 36739.182209703904 3.5000000000000004 1.0000000180025095e-35 1626.0312500000002 1.0000000180025095e-35 10.500000000000002 20.500000000000004 490.7937500000001 1596.1875000000002 18324.567058026765 7.5000000000000009 20.375130208333339 18.481250000000006 5.5000000000000009 17512.56116814318 10.718750000000004 25301.641546275634
decision_type=2 2 2 2 2 2 2 2 2 2 2 2 2 2 2 2 2 2
left_child=1 2 3 4 -1 6 9 -8 10 13 11 -9 -7 -4 15 -14 -11 -18
right_child=-2 -3 5 -5 -6 12 7 8 -10 16 -12 -13 14 -15 -16 -17 17 -19
leaf_value=-2.6278114305541997 32.144301211954371 5.5890434455210141 -1.4560143474682246 3.3678519364909123 -18.079214305992917 -0.50516610339733325 9.4645638951646553 -6.7908182455545836 -10.312701068590886 -6.1330310381689142 3.4855154845267631 -18.524400213432674 -9.8180898416242837 -14.644676051889846 3.5634575766707566 -5.9730365203721112 -6.3514948186832942 -23.395794538651064
leaf_weight=2955 7049 17182 6716 19280 261 259176 10517 195 1438 278 24197 63 64 159 9523 396 258 93
leaf_count=2955 7049 17182 6716 19280 261 259176 10517 195 1438 278 24197 63 64 159 9523 396 258 93
internal_value=7.51259e-05 3.91339e-05 1.25173e-05 0.000414063 -0.00120254 -1.6336e-05 0.000312418 0.000551902 0.000259251 -0.000849573 0.000382679 -0.00437945 -6.99732e-05 -0.000576223 0.000665521 -0.00259609 -0.0038373 -0.00627459
internal_weight=359800 352751 335569 22496 3216 313073 43914 36410 25893 7504 24455 258 269159 6875 9983 460 629 351
internal_count=359800 352751 335569 22496 3216 313073 43914 36410 25893 7504 24455 258 269159 6875 9983 460 629 351
is_linear=0
shrinkage=0.0229654


Tree=368
num_leaves=19
num_cat=0
split_feature=37 37 35 35 9 0 37 35 26 0 16 6 7 10 0 35 35 24
split_gain=43.4315 8.78573 20.7007 8.90157 8.76726 8.44555 7.49242 18.4839 13.1061 9.49132 9.53377 14.3196 30.1609 21.0066 34.3476 39.2093 12.6703 11.2836
threshold=39716.83368484956 36558.079481930494 37664.500000000007 39830.500000000007 0.25000000000000011 40.500000000000007 22853.533310929546 21746.500000000004 20.375130208333339 47.500000000000007 121.06250000000001 1.0000000180025095e-35 0.25881904510252096 0.93301270189221952 36.500000000000007 28030.500000000004 24146.500000000004 -1.5249999999999975
decision_type=2 2 2 2 2 2 2 2 2 2 2 2 2 2 2 2 2 2
left_child=1 2 6 5 -5 -4 -1 -8 9 10 11 -9 13 -13 -15 -16 -12 -18
right_child=-2 -3 3 4 -6 -7 7 8 -10 -11 16 12 -14 14 15 -17 17 -19
leaf_value=-0.49836944076392053 31.406094189850929 5.1709703068260087 -5.5081595558699181 -38.180199403498186 -20.920965869896744 -19.947065840467683 10.477955451623949 1.1847610037373124 6.7611287787371124 -4.8101350654673798 4.4756654139380068 7.0563290162904799 -15.419833297151119 10.904939230734778 -15.573174791861717 -38.620671284709175 -6.2114604767080088 -1.0241310271560184
leaf_weight=120590 7049 18536 2181 68 256 160 10780 122963 5248 3549 10723 1312 593 351 211 112 11439 43679
leaf_count=120590 7049 18536 2181 68 256 160 10780 122963 5248 3549 10723 1312 593 351 211 112 11439 43679
internal_value=7.50621e-05 3.93944e-05 1.2403e-05 -0.00200355 -0.00557124 -0.00150977 2.86073e-05 0.000111148 6.12626e-05 3.07727e-05 5.25948e-05 0.000169979 -0.00152361 -0.000166516 -0.00346185 -0.00886621 -0.000171226 -0.000311744
internal_weight=359800 352751 334215 2665 324 2341 331550 210960 200180 194932 191383 125542 2579 1986 674 323 65841 55118
internal_count=359800 352751 334215 2665 324 2341 331550 210960 200180 194932 191383 125542 2579 1986 674 323 65841 55118
is_linear=0
shrinkage=0.0229654


Tree=369
num_leaves=19
num_cat=0
split_feature=37 37 35 36 37 10 8 36 15 35 8 35 37 11 0 23 0 13
split_gain=42.624 8.81912 17.3511 20.401 25.621 18.9508 15.7283 9.35067 12.2842 9.3403 9.46606 8.39051 11.5807 8.2354 7.68443 7.66291 7.44576 7.44376
threshold=39716.83368484956 34876.514806393076 36288.500000000007 32663.500000000004 32975.980006800011 0.93301270189221952 -0.94490267940017736 34870.500000000007 18.031250000000004 37664.500000000007 -0.70710678118654757 39170.500000000007 37353.276481140922 60.000000000000007 20.500000000000004 0.64999999999999991 40.500000000000007 22.431250000000006
decision_type=2 2 2 2 2 2 2 2 2 2 2 2 2 2 2 2 2 2
left_child=1 2 17 9 -5 14 -7 11 13 -4 -11 -3 15 -9 -6 -13 -16 -1
right_child=-2 7 3 4 5 6 -8 8 -10 10 -12 12 -14 -15 16 -17 -18 -19
leaf_value=0.007841193706383769 30.684840393885199 11.670686024185956 12.536414875499712 -32.59947815073663 -19.637295726046819 -27.45794361478503 -10.875628530244784 9.8307103337855395 -4.7184628776632769 1.2244464506457913 -32.389827136615054 -5.7688269032433315 5.6534761445069197 0.51913169950300453 1.6125187689760756 -27.846235136052034 -13.289898253767154 3.9368592125099173
leaf_weight=308322 7049 7895 996 89 145 112 311 6549 5615 292 199 161 825 11447 797 193 120 8683
leaf_count=308322 7049 7895 996 89 145 112 311 6549 5615 292 199 161 825 11447 797 193 120 8683
internal_value=7.54451e-05 4.01105e-05 3.41549e-06 -0.00171734 -0.00353965 -0.00282235 -0.00693306 0.000399444 0.00015864 0.000211585 -0.00238073 0.00102603 -0.000781097 0.000451243 -0.00118503 -0.00425574 -0.000408218 2.00311e-05
internal_weight=359800 352751 320066 3061 1574 1485 423 32685 23611 1487 491 9074 1179 17996 1062 354 917 317005
internal_count=359800 352751 320066 3061 1574 1485 423 32685 23611 1487 491 9074 1179 17996 1062 354 917 317005
is_linear=0
shrinkage=0.0229654


Tree=370
num_leaves=19
num_cat=0
split_feature=21 36 25 3 4 30 1 3 30 36 1 6 12 15 36 36 15 25
split_gain=14.9131 11.8213 10.8317 7.89015 18.0371 27.7247 20.2064 16.8131 25.0637 16.7052 16.2512 48.217 29.5933 29.7017 15.5224 25.0123 22.3326 24.3539
threshold=1.0000000180025095e-35 38855.500000000007 8.5497395833333361 3.5000000000000004 11.500000000000002 977.13125000000014 4.5000000000000009 1.0000000180025095e-35 1596.1875000000002 24678.500000000004 15.500000000000002 1.0000000180025095e-35 9.8312500000000025 15.231250000000003 36853.500000000007 35218.500000000007 15.031250000000004 9.2528645833333361
decision_type=2 2 2 2 2 2 2 2 2 2 2 2 2 2 2 2 2 2
left_child=-1 3 -3 4 6 -6 7 8 -2 -5 14 12 -12 -14 15 -7 -17 -18
right_child=1 2 -4 9 5 10 -8 -9 -10 -11 11 -13 13 -15 -16 16 17 -19
leaf_value=19.962446237302501 -2.6278881257875719 12.442006455217502 -3.0759144830329275 0.56227525964877101 8.9413447648912037 -2.4697370802713801 2.0859081042972467 0.020971282535676004 -15.19759686947874 -1.8556131862545655 -7.7914776002347548 -30.91157248192226 -29.684356984025527 -25.414223196678638 16.176853696433231 -8.5176521953184192 -40.406089299824032 0.02163120564997436
leaf_weight=2559 9051 9141 3118 85263 2805 4920 142312 29838 788 65130 2255 212 99 184 1175 589 252 109
leaf_count=2559 9051 9141 3118 85263 2805 4920 142312 29838 788 65130 2255 212 99 184 1175 589 252 109
internal_value=7.3977e-05 6.14634e-05 0.000762267 3.65603e-05 0.000133115 -0.000707189 0.000191293 -0.000267005 -0.00109027 -8.83689e-05 -0.00128367 -0.0027809 -0.00190202 -0.00890214 -0.000699231 -0.00118153 -0.00459308 -0.00909074
internal_weight=359800 357241 12259 344982 194589 12600 181989 39677 9839 150393 9795 2750 2538 283 7045 5870 950 361
internal_count=359800 357241 12259 344982 194589 12600 181989 39677 9839 150393 9795 2750 2538 283 7045 5870 950 361
is_linear=0
shrinkage=0.0229654


Tree=371
num_leaves=19
num_cat=0
split_feature=37 37 35 15 36 35 37 0 3 4 22 13 23 28 37 3 26 33
split_gain=41.5954 8.68535 17.7484 14.1502 12.8226 13.7251 16.4458 13.2917 10.8812 18.995 20.212 21.2261 23.355 18.1542 22.3446 16.7293 17.6193 35.3718
threshold=39716.83368484956 23834.951018298565 23300.500000000004 8.5187500000000025 21132.500000000004 27194.500000000004 21453.201029702428 6.5000000000000009 3.5000000000000004 11.500000000000002 8.6077690972222243 8.4062500000000036 0.16249999999999834 -1.4845811818703374 33467.892597773149 1.5000000000000002 5.1378906250000007 0.25347222222222227
decision_type=2 2 2 2 2 2 2 2 2 2 2 2 2 2 2 2 2 2
left_child=1 4 -3 -4 5 6 -1 -6 9 -5 11 13 -13 15 -15 -11 17 -17
right_child=-2 2 3 8 7 -7 -8 -9 -10 10 -12 12 -14 14 -16 16 -18 -19
leaf_value=-0.083430339159321715 29.932246753680499 9.0680406921368988 2.9309871857726799 1.700656120178881 1.0892163229669762 -22.182959690901821 5.5736634563010758 -2.3011763353733641 -1.3368450692963563 -1.4128761976559245 8.2295825298558754 -26.502362460390749 -19.529369678265336 -18.709409424350554 10.434124416472555 -32.254331460818072 11.34650870461687 -11.662906935633577
leaf_weight=64177 7049 13821 38502 86283 15367 322 12567 55303 58185 604 2121 68 247 1794 2356 318 195 521
leaf_count=64177 7049 13821 38502 86283 15367 322 12567 55303 58185 604 2121 68 247 1794 2356 318 195 521
internal_value=7.41047e-05 3.9199e-05 0.000135934 7.84837e-05 -9.50414e-05 0.000109842 0.000129694 -0.000318467 -2.07255e-05 0.000131391 -0.000923196 -0.00159437 -0.00739996 -0.00127841 -0.000470376 -0.00332564 -0.00509948 -0.00654473
internal_weight=359800 352751 205015 191194 147736 77066 76744 70670 152692 94507 8224 6103 315 5788 4150 1638 1034 839
internal_count=359800 352751 205015 191194 147736 77066 76744 70670 152692 94507 8224 6103 315 5788 4150 1638 1034 839
is_linear=0
shrinkage=0.0229654


Tree=372
num_leaves=19
num_cat=0
split_feature=37 11 25 16 35 37 11 37 27 24 22 29 23 28 3 24 24 9
split_gain=40.3963 8.965 11.5895 9.27806 11.6074 9.21326 8.66694 8.09619 10.6916 8.03699 7.9505 16.1444 12.436 9.54292 18.9488 11.8125 10.5467 11.9144
threshold=39716.83368484956 60.000000000000007 8.48463541666667 121.06250000000001 35401.500000000007 34876.514806393076 1.0000000180025095e-35 35510.355415441394 -1.7235119047619036 1.6000000000000025 10.669835069444447 208.91875000000002 -4.1999999999999993 -1.0000000180025095e-35 2.5000000000000004 3.2125000000000012 -2.8249999999999975 -0.5
decision_type=2 2 2 2 2 2 2 2 2 2 2 2 2 2 2 2 2 2
left_child=1 2 3 5 -5 9 -4 8 -6 -1 12 13 -3 15 16 -12 17 -15
right_child=-2 10 6 4 7 -7 -8 -9 -10 -11 11 -13 -14 14 -16 -17 -18 -19
leaf_value=2.9288853096568901 29.244840466786826 -9.847539896314073 -1.0879761866420634 1.1072240653914416 -35.403011468025518 11.839694191245487 0.91656151415979692 -4.9738718346130977 -11.91931024757141 -2.448344897266896 -1.5071763464360695 6.721019957281694 -0.91646826346605581 12.769316096447982 -0.85451274049953541 -45.644423122546044 3.7475929512930626 -10.115376793057933
leaf_weight=22049 7049 3551 31330 4102 68 8035 62463 728 274 3237 32286 9684 106628 467 39165 119 27236 1329
leaf_count=22049 7049 3551 31330 4102 68 8035 62463 728 274 3237 32286 9684 106628 467 39165 119 27236 1329
internal_value=7.34026e-05 3.90037e-05 0.000188465 0.000524005 -0.000380981 0.000664474 5.07579e-05 -0.00251117 -0.00542575 0.000449209 -5.06777e-05 8.71673e-05 -0.000188656 9.58861e-07 0.000155141 -0.000323521 0.000599765 -0.00110479
internal_weight=359800 352751 132286 38493 5172 33321 93793 1070 342 25286 220465 110286 110179 100602 68197 32405 29032 1796
internal_count=359800 352751 132286 38493 5172 33321 93793 1070 342 25286 220465 110286 110179 100602 68197 32405 29032 1796
is_linear=0
shrinkage=0.0229654


Tree=373
num_leaves=19
num_cat=0
split_feature=37 37 16 30 4 4 3 19 0 28 15 28 4 0 28 29 15 33
split_gain=38.8728 8.35614 16.1221 15.6012 9.95736 9.60942 19.4902 13.7849 14.2229 11.9651 13.0988 10.5909 11.9659 16.3317 14.5405 9.9521 9.39192 13.5638
threshold=39716.83368484956 30273.138219804448 75.562500000000014 1134.6437500000004 11.500000000000002 11.500000000000002 2.5000000000000004 4.5812500000000007 28.500000000000004 -1.4541666666666668 14.956250000000004 -1.1399596774193543 10.500000000000002 38.500000000000007 0.97227153000458089 490.7937500000001 15.656250000000004 0.19097222222222224
decision_type=2 2 2 2 2 2 2 2 2 2 2 2 2 2 2 2 2 2
left_child=1 -1 3 -3 -4 11 7 8 -7 10 -9 -5 15 -14 -15 -13 -6 -18
right_child=-2 2 4 5 16 6 -8 9 -10 -11 -12 12 13 14 -16 -17 17 -19
leaf_value=-0.085755759306211141 28.573220746372805 7.3360831784902771 -0.61421578234095298 7.3093923497013229 -4.6296616798623935 -4.2255240249227848 4.7089175563109871 -10.669379432203847 -30.245831767526202 -4.6431363340163774 -27.707272161877853 4.5915802590934236 -1.6566432848940076 -6.0049233319177731 -22.494388910573342 -5.174558234541859 -25.568029588928386 18.797514662390366
leaf_weight=276248 7049 21356 23073 10205 1536 62 2780 918 68 1568 194 7651 706 126 140 5308 583 229
leaf_count=276248 7049 21356 23073 10205 1536 62 2780 918 68 1568 194 7651 706 126 140 5308 583 229
internal_value=7.35941e-05 3.98501e-05 0.000252249 0.000487434 -0.00022034 0.000147252 -0.000710736 -0.00205953 -0.00936282 -0.00170527 -0.00352742 0.000345966 -6.57755e-05 -0.00252336 -0.0073731 0.000118558 -0.00164514 -0.00364279
internal_weight=359800 352751 76503 51082 25421 29726 5590 2810 130 2680 1112 24136 13931 972 266 12959 2348 812
internal_count=359800 352751 76503 51082 25421 29726 5590 2810 130 2680 1112 24136 13931 972 266 12959 2348 812
is_linear=0
shrinkage=0.0229654


Tree=374
num_leaves=19
num_cat=0
split_feature=21 36 25 11 21 15 25 21 32 13 35 25 25 4 25 35 23 11
split_gain=14.7983 10.4817 10.5807 8.74568 9.92519 9.42202 11.1658 9.15349 14.9711 11.2213 8.80497 20.2862 8.72269 14.6405 10.3214 10.4428 8.48935 8.70841
threshold=1.0000000180025095e-35 38855.500000000007 8.5497395833333361 156.00000000000003 23.378255208333339 8.1062500000000028 14.072135416666669 18.843619791666672 664.94375000000025 14.156250000000004 15979.500000000002 19.947135416666672 4.3210937500000011 11.500000000000002 2.4122395833333337 33901.500000000007 5.3000000000000043 60.000000000000007
decision_type=2 2 2 2 2 2 2 2 2 2 2 2 2 2 2 2 2 2
left_child=-1 3 -3 5 -5 6 16 8 10 -10 11 -8 13 -7 -15 -16 17 -2
right_child=1 2 -4 4 -6 12 7 -9 9 -11 -12 -13 -14 14 15 -17 -18 -19
leaf_value=19.254554468673415 5.2345588316924392 11.960698888175383 -3.0839998902956238 -1.7191246947147791 -30.699725523727576 4.843715464617004 7.1685526992386004 2.4063107288321004 -19.169792613605814 -4.7370541621466176 -0.94963232582996837 -12.050160343050253 -0.090710378971560507 -58.798770450603556 0.27489474372489942 -21.438564947512276 -8.5055195629119797 1.8194249484037455
leaf_weight=2559 15885 9141 3118 42927 153 15938 145 6107 61 61 13224 123 227821 65 1193 576 872 19831
leaf_count=2559 15885 9141 3118 42927 153 15938 145 6107 61 61 13224 123 227821 65 1193 576 872 19831
internal_value=7.17431e-05 5.92777e-05 0.000719179 3.5828e-05 -0.000270275 7.95075e-05 0.000347444 -9.30447e-05 -0.000424423 -0.0084332 -0.000352005 -0.00447311 1.80756e-05 0.000508103 -0.00143502 -0.00110478 0.000584869 0.000639528
internal_weight=359800 357241 12259 344982 43080 301902 56309 19721 13614 122 13492 268 245593 17772 1834 1769 36588 35716
internal_count=359800 357241 12259 344982 43080 301902 56309 19721 13614 122 13492 268 245593 17772 1834 1769 36588 35716
is_linear=0
shrinkage=0.0229654


Tree=375
num_leaves=19
num_cat=0
split_feature=37 37 35 23 26 8 36 0 3 4 3 21 36 33 36 37 6 21
split_gain=37.8037 7.91734 27.0912 9.1019 7.2306 7.07059 9.8541 7.48301 11.6814 12.534 22.2972 27.9803 18.3003 14.8066 9.05423 11.6868 9.25909 20.6699
threshold=39716.83368484956 37353.276481140922 39830.500000000007 2.5374999999999992 24.062109375000006 0.99572243068690536 26879.500000000004 35.500000000000007 1.5000000000000002 11.500000000000002 1.0000000180025095e-35 8.5501302083333357 31379.500000000004 1.0000000180025095e-35 25161.500000000004 28318.349165525371 1.0000000180025095e-35 9.3326822916666696
decision_type=2 2 2 2 2 2 2 2 2 2 2 2 2 2 2 2 2 2
left_child=1 2 4 -4 5 7 -7 -1 9 -9 -11 -12 -13 -14 -10 -16 -17 -18
right_child=-2 -3 3 -5 -6 6 -8 8 14 10 11 12 13 -15 15 16 17 -19
leaf_value=-0.13545229725160152 27.837124876532179 6.2405226723459517 -14.985746179698443 -20.954583887792051 6.7357224617466915 -1.7879175581256472 -13.190575047173361 5.1340720304635266 2.4923818973168403 13.829129177971232 -1.1368511418745804 -37.958550214566387 3.3442446342708529 -24.913772345292152 -2.2245771370999021 1.6760237116569427 -6.8751725696008288 -39.11529452387353
leaf_weight=249219 7049 12898 482 128 1399 6913 528 21097 15360 733 412 121 109 74 19634 23300 280 64
leaf_count=249219 7049 12898 482 128 1399 6913 528 21097 15360 733 412 121 109 74 19634 23300 280 64
internal_value=7.09133e-05 3.76366e-05 1.6441e-05 -0.00481897 2.51356e-05 1.83129e-05 -0.000681771 3.40795e-05 0.000225569 0.000669833 -0.00139631 -0.00427875 -0.00956388 -0.00498211 5.47524e-05 -0.000115257 0.000228644 -0.00351157
internal_weight=359800 352751 339853 610 339243 337844 7441 330403 81184 22546 1449 716 304 183 58638 43278 23644 344
internal_count=359800 352751 339853 610 339243 337844 7441 330403 81184 22546 1449 716 304 183 58638 43278 23644 344
is_linear=0
shrinkage=0.0229654


Tree=376
num_leaves=19
num_cat=0
split_feature=37 37 36 36 37 1 16 22 36 37 4 28 22 19 7 14 7 37
split_gain=37.246 7.7194 9.20004 8.79533 16.7895 14.1273 12.5236 10.9631 10.9324 17.8624 16.2727 13.0241 14.0003 10.8766 10.4844 8.75168 9.38968 9.68383
threshold=39716.83368484956 34724.425522802536 34870.500000000007 31796.500000000004 30520.511841956639 21.500000000000004 75.562500000000014 7.5425781250000012 27231.500000000004 24870.637002989264 1.5000000000000002 0.079999999999999197 3.2511718750000003 7.0000000000000018 -0.13052619222005171 77.312500000000014 -0.79335334029123528 37762.658545106264
decision_type=2 2 2 2 2 2 2 2 2 2 2 2 2 2 2 2 2 2
left_child=1 3 -3 4 8 6 7 -5 9 -1 11 14 -13 -7 -10 16 -4 -18
right_child=-2 2 15 5 -6 13 -8 -9 10 -11 -12 12 -14 -15 -16 -17 17 -19
leaf_value=-0.20143605163202291 27.197833920305598 8.2379128931048253 0.63733954835244955 -2.9241297054776365 6.6350952755966484 -28.217777946392861 -5.996276224093223 3.6421271991970632 0.32362267121718774 2.8287488699507835 -1.0901593283838924 -26.552468675227797 3.2255892509259021 -9.420879307357934 -18.177468722251781 3.2540958908846123 -16.512408585926142 9.4058908763881171
leaf_weight=173594 7049 9793 4336 7419 16063 139 12090 10083 495 51904 43600 85 1223 304 1632 17302 2038 651
leaf_count=173594 7049 9793 4336 7419 16063 139 12090 10083 495 51904 43600 85 1223 304 1632 17302 2038 651
internal_value=7.02112e-05 3.71808e-05 0.000365481 2.0254e-06 4.09501e-05 -0.000371988 -0.000311048 8.16164e-05 -1.5757e-06 6.48538e-05 -0.000320056 -0.00184191 -3.86267e-05 -0.00444274 -0.00295084 0.000126217 -0.000557381 -0.00162355
internal_weight=359800 352751 34120 318631 288596 30035 29592 17502 272533 225498 47035 3435 1308 443 2127 24327 7025 2689
internal_count=359800 352751 34120 318631 288596 30035 29592 17502 272533 225498 47035 3435 1308 443 2127 24327 7025 2689
is_linear=0
shrinkage=0.0229654


Tree=377
num_leaves=19
num_cat=0
split_feature=37 11 30 11 26 16 22 21 14 28 3 16 26 26 32 4 18 12
split_gain=36.2367 8.54061 11.0419 12.8484 8.74594 8.86784 7.96249 15.1164 13.3419 9.1786 18.4482 8.61485 8.55506 13.8419 19.6268 13.4654 11.691 10.0663
threshold=39716.83368484956 60.000000000000007 489.68125000000003 1.0000000180025095e-35 13.338671875000005 162.31250000000003 10.669835069444447 11.145442708333336 44.187500000000007 -1.0000000180025095e-35 2.5000000000000004 693.68750000000011 19.608203125000003 17.004817708333338 159.50625000000002 5.5000000000000009 0.36375000000000007 10.756250000000003
decision_type=2 2 2 2 2 2 2 2 2 2 2 2 2 2 2 2 2 2
left_child=1 2 3 4 5 -1 8 11 -3 -9 -11 -8 13 16 -15 -14 -12 -18
right_child=-2 6 -4 -5 -6 -7 7 9 -10 10 12 -13 15 14 -16 -17 17 -19
leaf_value=-3.286926565665679 26.573224542314062 -26.879937234222464 1.9210805546860763 0.76127062329288431 -1.0316575885476502 -16.095889148900138 6.8004077826982332 -1.6176184874761295 -1.0960374189082294 3.1705784609464045 1.028544584419004 -40.615247574360986 -11.768263046287741 -12.831918021652687 -3.3896231030812682 4.1060070195994509 -27.601418828191857 -6.1446001338129212
leaf_weight=3142 7049 399 74907 37643 15530 1064 9501 32445 109780 29051 19558 95 277 974 10042 5930 163 2250
leaf_count=3142 7049 399 74907 37643 15530 1064 9501 32445 109780 29051 19558 95 277 974 10042 5930 163 2250
internal_value=6.99559e-05 3.73761e-05 0.000183257 -5.64739e-05 -0.000531081 -0.00146005 -5.01568e-05 8.7792e-05 -0.00018824 4.78977e-06 0.000155974 0.000958727 -0.000169103 -0.000316282 -0.000980658 0.000613077 1.68288e-05 -0.00149137
internal_weight=359800 352751 132286 57379 19736 4206 220465 110286 110179 100690 68245 9596 39194 32987 11016 6207 21971 2413
internal_count=359800 352751 132286 57379 19736 4206 220465 110286 110179 100690 68245 9596 39194 32987 11016 6207 21971 2413
is_linear=0
shrinkage=0.0229654


Tree=378
num_leaves=19
num_cat=0
split_feature=37 11 37 36 16 36 26 30 16 11 13 37 24 10 36 15 33 19
split_gain=35.0845 8.43117 9.8592 17.4124 17.3737 18.2472 15.0948 13.6227 11.9189 11.8411 9.54538 11.0659 9.64182 9.52748 20.7914 25.6048 13.6899 13.6414
threshold=39716.83368484956 156.00000000000003 30273.138219804448 30145.500000000004 75.562500000000014 31532.000000000004 17.642317708333337 556.2437500000002 191.93750000000003 60.000000000000007 20.531250000000004 19161.366179972218 -4.9750000000000005 0.93301270189221952 36853.500000000007 16.031250000000004 0.18402777777777782 5.5562500000000012
decision_type=2 2 2 2 2 2 2 2 2 2 2 2 2 2 2 2 2 2
left_child=1 2 3 10 9 -6 -5 -7 -8 -4 -1 -12 -13 -9 15 -15 17 -17
right_child=-2 -3 4 6 5 7 8 13 -10 -11 11 12 -14 14 -16 16 -18 -19
leaf_value=0.075798972944970275 25.962959574109661 -1.7263886028156312 7.2640345298714344 -4.2564786382916946 8.3001250486358487 -17.701714594048198 -35.362312126239047 -1.8925171813628732 -1.1298327484866904 2.1996439336500231 -3.9656237565654839 -13.249728001203529 5.3057250091918586 -12.369188655712614 11.934276798957672 -3.8082783346530045 -4.3766657803122442 -33.697425705241059
leaf_weight=216642 7049 44105 18031 11390 6216 622 84 13690 63 26784 1517 95 11912 744 544 61 65 186
leaf_count=216642 7049 44105 18031 11390 6216 622 84 13690 63 26784 1517 95 11912 744 544 61 65 186
internal_value=7.00197e-05 3.79621e-05 8.04042e-05 1.20955e-05 0.000327038 -0.000199473 -0.00085854 -0.00061166 -0.00817069 0.000587011 5.57358e-05 0.000647664 0.000881166 -0.00047613 -0.00215301 -0.00403199 -0.0095542 -0.012022
internal_weight=359800 352751 308646 241703 66943 22128 11537 15912 147 44815 230166 13524 12007 15290 1600 1056 312 247
internal_count=359800 352751 308646 241703 66943 22128 11537 15912 147 44815 230166 13524 12007 15290 1600 1056 312 247
is_linear=0
shrinkage=0.0229654


Tree=379
num_leaves=19
num_cat=0
split_feature=37 37 35 23 35 37 35 32 0 37 23 30 3 25 4 28 35 37
split_gain=34.5818 9.0287 25.0346 7.96909 7.0787 8.56507 16.4043 11.6995 24.4246 11.0856 9.01249 16.7219 10.5796 9.36796 8.64458 21.3952 16.5467 16.239
threshold=40097.014493550079 37353.276481140922 39830.500000000007 2.5374999999999992 37664.500000000007 32810.018203595908 32374.500000000004 28.593750000000011 34.500000000000007 29434.265035654997 3.2375000000000025 506.00625000000008 1.0000000180025095e-35 4.1111979166666677 11.500000000000002 -2.513443732193732 36682.500000000007 35190.496756701024
decision_type=2 2 2 2 2 2 2 2 2 2 2 2 2 2 2 2 2 2
left_child=1 2 4 -4 5 6 9 -8 -9 -1 -11 12 -12 -13 -7 -16 -17 -18
right_child=-2 -3 3 -5 -6 14 7 8 -10 10 11 13 -14 -15 15 16 17 -19
leaf_value=-0.063210154005166719 33.523905733734338 6.1718502330343803 -14.730128084668147 -20.479451564176653 -4.6063077561385111 4.3983497709886077 -4.0484325856502981 -47.317398806160696 6.8631516107133335 5.2893226078737676 -30.244912473683151 -19.628481343642243 -4.537982987309948 -0.044873066241433807 -16.33255996583927 6.8664877705025766 -17.52094110341762 -2.0282899246761388
leaf_weight=264775 5662 14285 482 128 3760 27790 10773 86 108 23972 68 109 62 1581 801 4522 355 481
leaf_count=264775 5662 14285 482 128 3760 27790 10773 86 108 23972 68 109 62 1581 801 4522 355 481
internal_value=6.97644e-05 4.12958e-05 1.75222e-05 -0.00463073 2.58803e-05 3.69862e-05 -1.94966e-06 -0.000873846 -0.00646346 3.09587e-05 0.000485451 -0.00107256 -0.00900951 -0.000462026 0.000382813 -0.000395621 0.000127729 -0.00284046
internal_weight=359800 354138 339853 610 339243 335483 301534 10967 194 290567 25792 1820 130 1690 33949 6159 5358 836
internal_count=359800 354138 339853 610 339243 335483 301534 10967 194 290567 25792 1820 130 1690 33949 6159 5358 836
is_linear=0
shrinkage=0.0229654


Tree=380
num_leaves=19
num_cat=0
split_feature=21 7 11 15 21 22 21 36 23 15 32 34 36 3 31 22 4 23
split_gain=13.9419 11.8556 7.84618 11.1316 12.9138 16.6119 12.8811 12.248 11.0301 9.11873 8.89136 10.9967 8.82844 10.4719 8.17045 11.1598 10.596 10.9066
threshold=1.0000000180025095e-35 -0.89495246814786256 60.000000000000007 19.356250000000006 14.911588541666669 14.458376736111115 10.357161458333335 23264.500000000004 0.37500000000000272 8.1062500000000028 326.9187500000001 0.32291666666666669 40256.000000000007 1.5000000000000002 16.800000000000018 15.974956597222224 9.5000000000000018 -0.92499999999999793
decision_type=2 2 2 2 2 2 2 2 2 2 2 2 2 2 2 2 2 2
left_child=-1 -2 3 6 12 7 9 -6 10 -3 -7 -12 -5 -14 15 -8 -16 -18
right_child=1 2 -4 4 5 8 14 -9 -10 -11 11 -13 13 -15 16 -17 17 -19
leaf_value=18.254552114260633 2.6387656862634272 6.0313544246438608 -0.50550945140289294 -0.57117748495786813 -24.72130952717287 -3.3119104993926154 -1.1949391320599132 1.2896932717740262 -0.21457349225768202 2.0039181058023177 -25.943045379150906 -3.8341183558432212 7.6333439650496437 -53.569005322340239 1.090749466947661 -13.121420828590313 -11.386476649513442 0.7605026986668374
leaf_weight=2559 52083 10305 190715 12935 156 259 23427 65 1000 30991 80 117 108 124 34274 163 211 228
leaf_count=2559 52083 10305 190715 12935 156 259 23427 65 1000 30991 80 117 108 124 34274 163 211 228
internal_value=6.89984e-05 5.68992e-05 2.24276e-06 0.00015257 -0.000434121 -0.00233215 0.000240009 -0.00819896 -0.00144165 0.000550333 -0.0044017 -0.00807869 -0.000192381 -0.00463268 2.0207e-05 -0.00030958 0.000244321 -0.00330095
internal_weight=359800 357241 305158 114443 14844 1677 99599 221 1456 41296 456 197 13167 232 58303 23590 34713 439
internal_count=359800 357241 305158 114443 14844 1677 99599 221 1456 41296 456 197 13167 232 58303 23590 34713 439
is_linear=0
shrinkage=0.0229654


Tree=381
num_leaves=19
num_cat=0
split_feature=37 37 35 23 0 3 37 35 15 9 23 19 4 3 3 14 28 0
split_gain=34.521 8.40014 24.2129 7.10659 7.02006 14.1408 8.46914 18.5853 10.7503 9.3639 15.1524 17.0735 8.71173 21.1236 20.4689 27.1231 37.1083 23.6254
threshold=40097.014493550079 37353.276481140922 39830.500000000007 2.5374999999999992 2.5000000000000004 1.0000000180025095e-35 23426.150605651444 22946.500000000004 8.4562500000000025 0.93301270189221952 -5.1000000000000032 9.5562500000000021 11.500000000000002 2.5000000000000004 1.0000000180025095e-35 90.937500000000014 2.2242764366855985 28.500000000000004
decision_type=2 2 2 2 2 2 2 2 2 2 2 2 2 2 2 2 2 2
left_child=1 2 4 -4 5 -1 -6 -8 -9 12 11 -11 -10 14 -14 -16 -17 -18
right_child=-2 -3 3 -5 6 -7 7 8 9 10 -12 -13 13 -15 15 16 17 -19
leaf_value=-4.4117809747151489 32.633383819656025 5.9819622871425508 -14.445073184073593 -19.997523353072598 -0.64257684208437871 4.4706244799371486 8.7897085497797143 2.346231383186848 0.47780353559404271 -49.475214685422714 -2.7855413172911501 6.8759407192959987 4.761841265721201 1.785539623551097 -10.523527677865822 4.3706786724874354 -19.324902929661839 -28.539314088028153
leaf_weight=2144 5662 14285 482 128 126478 12856 14225 35291 115994 101 19346 75 1918 7163 2990 240 210 212
leaf_count=2144 5662 14285 482 128 126478 12856 14225 35291 115994 101 19346 75 1918 7163 2990 240 210 212
internal_value=6.72751e-05 3.88315e-05 1.59004e-05 -0.00455543 2.41202e-05 0.000509832 1.65037e-06 9.55127e-05 3.35335e-05 -5.22204e-05 -0.000520904 -0.00722888 1.88574e-05 -0.000551365 -0.00161211 -0.00262102 -0.00682718 -0.0109276
internal_weight=359800 354138 339853 610 339243 15000 324243 197765 183540 148249 19522 176 128727 12733 5570 3652 662 422
internal_count=359800 354138 339853 610 339243 15000 324243 197765 183540 148249 19522 176 128727 12733 5570 3652 662 422
is_linear=0
shrinkage=0.0229654


Tree=382
num_leaves=19
num_cat=0
split_feature=37 11 37 35 17 16 16 35 31 17 10 3 13 37 11 17 37 35
split_gain=33.6368 8.47409 10.4882 16.2216 16.5627 13.7246 9.36214 10.0649 9.00241 8.77543 8.60129 10.9204 8.5161 9.96087 8.25702 9.81149 8.06055 12.4093
threshold=40097.014493550079 156.00000000000003 34876.514806393076 36288.500000000007 51.062500000000007 85.812500000000014 115.56250000000001 38847.500000000007 356.94375000000008 29.187500000000004 0.6830127018922193 2.5000000000000004 20.531250000000004 19161.366179972218 84.000000000000014 91.562500000000014 30273.138219804448 30377.500000000004
decision_type=2 2 2 2 2 2 2 2 2 2 2 2 2 2 2 2 2 2
left_child=1 2 3 12 5 -5 14 -8 9 -3 -6 -12 16 -14 -4 -16 17 -1
right_child=-2 8 6 4 10 -7 7 -9 -10 -11 11 -13 13 -15 15 -17 -18 -19
leaf_value=0.039735858267734521 31.883944815466112 3.1062633594334961 8.6975336176903628 -0.59182880108752156 3.9297717052500287 -31.098481858961073 0.67356617289482912 -11.450029576427198 -24.18846752095418 -2.544082514540011 -10.631937657754362 -7.1015277986143444 -3.8613970797956076 4.7093529070642113 8.1090580563168135 -3.498094295503543 2.5681037164569296 -4.5711952546653487
leaf_weight=219471 5662 6845 14186 87 904 159 3561 1054 269 37136 141 1424 1517 12093 5063 5864 35763 8601
leaf_count=219471 5662 6845 14186 87 904 159 3561 1054 269 37136 141 1424 1517 12093 5063 5864 35763 8601
internal_value=6.58709e-05 3.77939e-05 8.0245e-05 3.67238e-05 -0.00172981 -0.00741241 0.000490394 -0.000460303 -0.000259496 -0.000233878 -0.00116362 -0.00219382 5.40105e-05 0.000614211 0.000665103 0.000190625 2.51124e-05 -2.51532e-05
internal_weight=359800 354138 309888 280160 2715 246 29728 4615 44250 43981 2469 1565 277445 13610 25113 10927 263835 228072
internal_count=359800 354138 309888 280160 2715 246 29728 4615 44250 43981 2469 1565 277445 13610 25113 10927 263835 228072
is_linear=0
shrinkage=0.0229654


Tree=383
num_leaves=19
num_cat=0
split_feature=37 37 3 11 36 0 3 30 3 0 0 6 7 30 28 3 0 4
split_gain=32.6277 10.0372 7.83578 8.85967 7.39927 6.82411 16.5639 12.216 9.62071 20.7996 14.4753 14.0459 21.8354 22.2998 16.7347 12.9002 13.7602 32.0889
threshold=40588.166703123112 37353.276481140922 1.0000000180025095e-35 60.000000000000007 37273.500000000007 3.5000000000000004 1.0000000180025095e-35 1626.0312500000002 1.0000000180025095e-35 10.500000000000002 21.500000000000004 1.0000000180025095e-35 0.65793410509763428 1208.3437500000002 -1.6865069356872622 3.5000000000000004 36.500000000000007 11.500000000000002
decision_type=2 2 2 2 2 2 2 2 2 2 2 2 2 2 2 2 2 2
left_child=1 5 -3 -4 -5 6 7 -1 9 -7 -11 -10 15 14 -14 16 -13 -18
right_child=-2 2 3 4 -6 8 -8 -9 11 10 -12 12 13 -15 -16 -17 17 -19
leaf_value=-2.427884751656074 41.790497016778744 23.315219416113713 9.725665906504025 6.7226187679424765 -5.8216304956713518 -3.0251574513551285 3.2353526200530438 -17.222237548240706 -0.21423060104856992 9.0106808945777548 1.5536678715379726 -0.1556418206466601 -42.603913439469316 -2.1611413467196279 -10.395096252646786 9.7897575577921163 19.405985285879567 -30.050481041634896
leaf_weight=2955 4218 2882 4679 3418 4750 7504 19280 261 269277 11608 25728 800 66 431 439 1024 192 288
leaf_count=2955 4218 2882 4679 3418 4750 7504 19280 261 269277 11608 25728 800 66 431 439 1024 192 288
internal_value=6.53602e-05 4.15414e-05 0.000608702 0.000365924 -9.05345e-05 1.52922e-05 0.000401813 -0.00112399 -1.21065e-05 0.000299616 0.00052136 -6.33973e-05 -0.00156647 -0.00452438 -0.00779914 -0.000364815 -0.00190182 -0.00497584
internal_weight=359800 355582 15729 12847 8168 339853 22496 3216 317357 44840 37336 272517 3240 936 505 2304 1280 480
internal_count=359800 355582 15729 12847 8168 339853 22496 3216 317357 44840 37336 272517 3240 936 505 2304 1280 480
is_linear=0
shrinkage=0.0229654


Tree=384
num_leaves=19
num_cat=0
split_feature=37 26 37 36 37 0 12 36 37 22 0 9 9 36 37 37 36 5
split_gain=32.1606 7.86672 7.03993 8.1235 14.7762 13.8197 10.8927 9.92886 16.7686 12.0617 9.22092 8.72572 8.65011 8.2145 18.5859 14.9444 12.3177 10.0892
threshold=40097.014493550079 1.0000000180025095e-35 34724.425522802536 31796.500000000004 30520.511841956639 44.500000000000007 8.5437500000000028 27525.500000000004 27434.633048687825 3.5196614583333337 6.5000000000000009 -0.93301270189221908 0.68301270189221941 20525.500000000004 22905.088031179152 21227.09264132009 25267.500000000004 1.0000000180025095e-35
decision_type=2 2 2 2 2 2 2 2 2 2 2 2 2 2 2 2 2 2
left_child=1 -1 3 4 7 -5 -7 8 10 12 -3 -11 -9 15 -15 -12 -16 -18
right_child=-2 2 -4 5 -6 6 -8 9 -10 11 13 -13 -14 14 16 -17 17 -19
leaf_value=14.75558792380656 30.466928071927668 1.2301563230134727 2.7817243840428754 -1.750925961309775 6.1431270881758859 -8.7839784512576387 -27.512196086901284 -25.616773351609471 7.6706237907580821 6.9009565307617518 -0.030451733773295697 -2.0145436088596398 -2.0120395199355126 -2.4437299832179744 1.4974138713633034 7.437185378778663 -0.5932590406629914 -4.8125597953863481
leaf_weight=1763 5662 42179 34995 29518 15707 306 137 435 12086 2915 42156 37890 406 43762 50887 9465 22982 6549
leaf_count=1763 5662 42179 34995 29518 15707 306 137 435 12086 2915 42156 37890 406 43762 50887 9465 22982 6549
internal_value=6.42751e-05 3.68212e-05 2.91651e-05 -4.92035e-06 3.25922e-05 -0.000364782 -0.0043909 -6.99826e-06 5.20667e-05 -0.000333292 5.9e-06 -0.000277183 -0.00305568 -6.72628e-05 -0.000168477 0.000176219 3.87812e-05 -0.000334321
internal_weight=359800 354138 352375 317380 287419 29961 443 271712 230066 41646 217980 40805 841 175801 124180 51621 80418 29531
internal_count=359800 354138 352375 317380 287419 29961 443 271712 230066 41646 217980 40805 841 175801 124180 51621 80418 29531
is_linear=0
shrinkage=0.0229654


Tree=385
num_leaves=19
num_cat=0
split_feature=37 37 35 11 35 37 35 16 35 9 23 22 11 27 35 37 15 0
split_gain=31.9381 9.53378 23.4205 6.93625 6.87662 8.07757 15.3449 8.98541 7.88657 7.82904 19.744 14.4668 12.0584 17.8839 11.7014 20.1302 10.4008 11.5301
threshold=40588.166703123112 37353.276481140922 39830.500000000007 60.000000000000007 37664.500000000007 32810.018203595908 33580.500000000007 207.56250000000003 36288.500000000007 0.93301270189221952 -5.1000000000000032 6.1957899305555566 132.00000000000003 -0.75671502976190463 30623.000000000004 27586.121524324124 18.056250000000002 32.500000000000007
decision_type=2 2 2 2 2 2 2 2 2 2 2 2 2 2 2 2 2 2
left_child=1 2 4 -3 5 6 9 -8 -9 -1 12 -12 13 -11 -13 -16 -17 -18
right_child=-2 3 -4 -5 -6 -7 7 8 -10 10 11 14 -14 -15 15 16 17 -19
leaf_value=0.27287436851198432 40.131075701383807 10.801413425840419 -16.667303568304231 2.5083962100720942 -4.4586484630938816 2.7923198335779293 -4.4344205330933839 -17.99519521848055 -27.534465375663277 4.8945282971084092 4.5119902805159509 -1.8408486088884521 -30.220692588285957 -43.627618350020121 -32.127959211454247 -1.2117983665147682 -19.345902810154392 -2.7071668185860309
leaf_weight=267601 4218 5762 610 9967 3760 33949 4299 598 61 225 6004 19341 111 155 260 1879 514 486
leaf_count=267601 4218 5762 610 9967 3760 33949 4299 598 61 225 6004 19341 111 155 260 1879 514 486
internal_value=6.49134e-05 4.13477e-05 1.57652e-05 0.000594102 2.38494e-05 3.47956e-05 -3.01593e-06 -0.00127009 -0.00376716 1.81664e-05 -0.000340419 -0.000261711 -0.00490646 -0.00296133 -0.000529185 -0.00182977 -0.0012771 -0.00316923
internal_weight=359800 355582 339853 15729 339243 335483 301534 4958 659 296576 28975 28484 491 380 22480 3139 2879 1000
internal_count=359800 355582 339853 15729 339243 335483 301534 4958 659 296576 28975 28484 491 380 22480 3139 2879 1000
is_linear=0
shrinkage=0.0229654


Tree=386
num_leaves=19
num_cat=0
split_feature=37 37 35 11 26 26 11 26 30 31 31 26 23 21 5 15 37 35
split_gain=31.9319 9.32677 22.2633 6.71705 6.53661 6.36025 6.43328 7.72473 9.4602 12.1366 8.96179 8.09893 7.284 10.4285 6.63904 6.63673 13.3766 7.63377
threshold=40588.166703123112 37353.276481140922 39830.500000000007 60.000000000000007 24.062109375000006 1.0000000180025095e-35 156.00000000000003 10.247005208333336 301.58125000000013 53.281250000000021 356.94375000000008 18.047656250000006 -4.0312499999999973 8.9501302083333361 1.0000000180025095e-35 8.1062500000000028 23426.150605651444 15979.500000000002
decision_type=2 2 2 2 2 2 2 2 2 2 2 2 2 2 2 2 2 2
left_child=1 2 4 -3 5 -1 15 12 9 -9 -11 -10 13 14 -8 16 17 -7
right_child=-2 3 -4 -5 -6 6 7 8 11 10 -12 -13 -14 -15 -16 -17 -18 -19
leaf_value=13.55475416813313 39.209449137098495 10.553354549493392 -16.284532126096732 2.450789865349261 6.2916069390181413 -8.031201264904487 -19.243307435901301 -8.9355516158634014 3.8771565124671139 1.229863623780862 -23.668157459119826 -50.835808002524374 -3.6818549607681366 1.8108364238933419 -39.657290642666915 -0.015240514060424514 3.6717284679095394 -0.17917633680634537
leaf_weight=1434 4218 5762 610 9967 1399 431 363 4266 9738 8711 269 62 18204 384 109 240608 28707 24558
leaf_count=1434 4218 5762 610 9967 1399 431 363 4266 9738 8711 269 62 18204 384 109 240608 28707 24558
internal_value=6.51049e-05 4.15414e-05 1.62382e-05 0.000588261 2.41202e-05 1.76332e-05 1.11275e-05 -0.000254383 2.85001e-05 -0.000371718 0.000107411 0.000569448 -0.000596426 -0.00266678 -0.00495313 4.9114e-05 0.000279968 -0.000108536
internal_weight=359800 355582 339853 15729 339243 337844 336410 42106 23046 13246 8980 9800 19060 856 472 294304 53696 24989
internal_count=359800 355582 339853 15729 339243 337844 336410 42106 23046 13246 8980 9800 19060 856 472 294304 53696 24989
is_linear=0
shrinkage=0.0229654


Tree=387
num_leaves=19
num_cat=0
split_feature=37 37 3 3 13 37 27 28 0 3 22 3 0 0 25 28 30 29
split_gain=31.7817 8.95624 8.18944 6.66629 6.65175 9.25335 8.89326 6.95793 6.45523 12.7742 7.42917 7.39909 22.9225 14.1955 13.5042 13.5848 13.2802 10.7536
threshold=40588.166703123112 37353.276481140922 1.0000000180025095e-35 2.5000000000000004 22.431250000000006 19019.042623416553 7.1070126488095244 9.4997336800573908 2.5000000000000004 1.0000000180025095e-35 4.1880642361111118 1.0000000180025095e-35 10.500000000000002 21.500000000000004 20.800260416666671 2.1882247899159677 1688.0562500000003 490.7937500000001
decision_type=2 2 2 2 2 2 2 2 2 2 2 2 2 2 2 2 2 2
left_child=1 4 -3 -4 8 6 -6 -8 9 10 -1 12 16 -14 17 -16 -10 -15
right_child=-2 2 3 -5 5 -7 7 -9 11 -11 -12 -13 13 14 15 -17 -18 -19
leaf_value=-18.669267767563902 38.308988103742898 22.492038405257013 -2.146441083063344 7.4377209623888048 0.73731855762513843 5.9240275900188539 -9.2108827348699833 4.3147123317837135 -1.8549528358714618 4.2267292776101026 -2.7763658345937023 -0.34108561435985746 8.8527889747196067 3.0755499815802603 -17.928405365697984 -0.26220931024506611 -11.684403271727861 -9.9304554899363229
leaf_weight=175 4218 2882 6101 6746 598 7714 262 109 7963 12776 1969 271683 11567 22431 187 210 613 1596
leaf_count=175 4218 2882 6101 6746 598 7714 262 109 7963 12776 1969 271683 11567 22431 187 210 613 1596
internal_value=6.4339e-05 4.0831e-05 0.000576581 0.000328384 1.60355e-05 0.000643497 -0.00147178 -0.004265 -4.15992e-07 0.000466389 -0.00117398 -2.24388e-05 0.000251828 0.000506067 0.000192193 -0.00400882 -0.000815143 0.000261607
internal_weight=359800 355582 15729 12847 339853 8683 969 371 331170 14920 2144 316250 44567 35991 24424 397 8576 24027
internal_count=359800 355582 15729 12847 339853 8683 969 371 331170 14920 2144 316250 44567 35991 24424 397 8576 24027
is_linear=0
shrinkage=0.0229654


Tree=388
num_leaves=19
num_cat=0
split_feature=37 37 35 11 26 16 8 0 14 35 4 11 16 27 35 16 0 26
split_gain=31.2925 8.54968 21.1261 6.65096 6.54226 6.27032 6.25751 6.46165 12.1891 12.3084 11.5353 10.994 12.3885 15.9785 12.3253 16.6597 15.2166 10.4779
threshold=40588.166703123112 37353.276481140922 39830.500000000007 60.000000000000007 24.062109375000006 115.31250000000001 0.99572243068690536 35.500000000000007 74.062500000000014 23652.500000000004 9.5000000000000018 132.00000000000003 500.56250000000006 2.4156063988095249 18096.500000000004 292.93750000000006 26.500000000000004 3.1251302083333337
decision_type=2 2 2 2 2 2 2 2 2 2 2 2 2 2 2 2 2 2
left_child=1 2 4 5 6 -3 7 8 9 11 17 -1 13 -13 -15 16 -16 -11
right_child=-2 3 -4 -5 -6 -7 -8 -9 -10 10 -12 12 -14 14 15 -17 -18 -19
leaf_value=0.93869074606829428 37.429206526243775 13.664418959926769 -15.902718015972344 2.3314922820946897 6.1178732156886158 -1.1964623524008295 -2.581416784259503 1.1115654996918791 0.43580987860966375 11.062044064712939 3.0879395959946963 -4.8683388857957368 1.4501427498378043 -36.632012251183028 0.61359464424750698 -4.7004360704789541 -34.709633087677716 -5.4533252534219159
leaf_weight=35790 4218 4566 610 9967 1399 1196 7441 81184 165399 1220 5100 4733 5223 253 115 833 229 30324
leaf_count=35790 4218 4566 610 9967 1399 1196 7441 81184 165399 1220 5100 4733 5223 253 115 833 229 30324
internal_value=6.33177e-05 3.99914e-05 1.57652e-05 0.00056344 2.34432e-05 0.00118454 1.69534e-05 3.17858e-05 -2.61796e-05 -0.000251792 -0.000567555 -6.52307e-06 -0.00062809 -0.00132546 -0.00345284 -0.00246434 -0.00671605 -0.000731393
internal_weight=359800 355582 339853 15729 339243 5762 337844 330403 249219 83820 36644 47176 11386 6163 1430 1177 344 31544
internal_count=359800 355582 339853 15729 339243 5762 337844 330403 249219 83820 36644 47176 11386 6163 1430 1177 344 31544
is_linear=0
shrinkage=0.0229654


Tree=389
num_leaves=19
num_cat=0
split_feature=29 11 15 36 14 27 29 11 4 29 24 31 24 22 9 27 36 22
split_gain=12.5726 8.5129 11.0107 14.3826 9.30493 11.4385 19.6305 9.93734 9.2903 8.13555 10.3575 9.49203 10.2693 11.5502 9.91372 21.9849 10.5455 8.33275
threshold=746.06875000000002 84.000000000000014 19.356250000000006 38855.500000000007 72.812500000000014 -4.2217261904761898 18.456250000000008 1.0000000180025095e-35 1.5000000000000002 241.78125000000003 -3.6499999999999972 30.631249999999998 1.7250000000000012 7.8246961805555566 -0.93301270189221908 1.4254464285714292 27525.500000000004 10.217057291666668
decision_type=2 2 2 2 2 2 2 2 2 2 2 2 2 2 2 2 2 2
left_child=1 2 3 9 7 6 -6 -4 -9 10 -1 12 13 -12 15 -14 -17 -11
right_child=-2 -3 4 -5 5 -7 -8 8 -10 17 11 -13 14 -15 -16 16 -18 -19
leaf_value=-4.4937651051308229 17.269185687051273 -0.35684230514894621 -10.965434146988343 13.100988740759083 -26.312602675144664 0.52147756656927846 -2.9114564523427151 -18.71341813555518 -2.5730208985025529 1.6794152444582644 -15.839369112626912 1.245444745795748 -4.6756085163631624 0.080798328185118173 -3.0390717055511121 -25.285452521870493 -4.7086527362955932 6.9712004056485641
leaf_weight=2756 2493 178643 1576 4410 66 17257 246 113 6823 55197 156 45419 470 32873 4922 161 61 6158
leaf_count=2756 2493 178643 1576 4410 66 17257 246 113 6823 55197 156 45419 470 32873 4922 161 61 6158
internal_value=6.33177e-05 5.19781e-05 0.000164068 0.000238605 -0.000271999 2.99339e-05 -0.0043281 -0.000895198 -0.000521158 0.000200139 5.70843e-05 0.000102503 -0.000162065 -7.71786e-06 -0.00107014 -0.00364393 -0.00959995 0.000402564
internal_weight=359800 357307 178664 152583 26081 17569 312 8512 6936 148173 86818 84062 38643 33029 5614 692 222 61355
internal_count=359800 357307 178664 152583 26081 17569 312 8512 6936 148173 86818 84062 38643 33029 5614 692 222 61355
is_linear=0
shrinkage=0.0229654


Tree=390
num_leaves=19
num_cat=0
split_feature=37 37 28 13 13 37 27 28 1 37 5 15 4 22 13 18 0 0
split_gain=30.805 8.01724 6.97604 7.25127 6.46587 9.68535 7.75586 7.39619 6.45443 6.88189 12.4976 14.8347 12.6559 19.0685 14.1927 16.8263 12.3849 9.72468
threshold=40588.166703123112 36739.182209703904 -1.9652067348678599 4.3437500000000009 22.856250000000006 19019.042623416553 7.4714657738095251 9.4997336800573908 1.5000000000000002 23324.640518476092 1.0000000180025095e-35 10.031250000000004 11.500000000000002 8.6077690972222243 8.3312500000000025 0.038125000000000013 30.500000000000004 11.500000000000002
decision_type=2 2 2 2 2 2 2 2 2 2 2 2 2 2 2 2 2 2
left_child=1 4 -3 -4 8 6 -6 -8 -1 -10 11 -11 17 14 -14 16 -16 -13
right_child=-2 2 3 -5 5 -7 7 -9 9 10 -12 12 13 -15 15 -17 -18 -19
leaf_value=1.341240634537558 36.450601371774191 9.1537466669506102 -1.1336558510739936 9.2401459193940614 0.33222793168236936 6.2846428466295166 -9.0523002742304364 3.8730057576726451 -0.79070779825104476 3.1990016032901556 -1.4862215826135561 -5.3428385217473231 -9.778161137653596 8.1707405439037526 -6.2439922555114133 -9.5827416348531589 -27.56657352523936 0.81331732488950415
leaf_weight=29881 4218 7385 9458 3170 538 6729 219 106 109749 42287 43943 3767 5255 1915 71 195 75 90839
leaf_count=29881 4218 7385 9458 3170 538 6729 219 106 109749 42287 43943 3767 5255 1915 71 195 75 90839
internal_value=6.23603e-05 3.92163e-05 0.000485747 0.000157855 1.25857e-05 0.000675169 -0.0016153 -0.00441642 -2.75176e-06 -3.5007e-05 4.92238e-05 0.00015242 2.63133e-06 -0.000904735 -0.00158164 -0.00612186 -0.0120175 7.46693e-05
internal_weight=359800 355582 20013 12628 335569 7592 863 325 327977 298096 188347 144404 102117 7511 5596 341 146 94606
internal_count=359800 355582 20013 12628 335569 7592 863 325 327977 298096 188347 144404 102117 7511 5596 341 146 94606
is_linear=0
shrinkage=0.0229654


Tree=391
num_leaves=19
num_cat=0
split_feature=37 11 15 37 36 4 14 30 29 24 29 28 24 30 28 7 32 29
split_gain=30.6695 7.8352 12.4896 16.3298 9.44898 7.68531 16.1373 14.4004 18.9062 10.9963 10.9823 9.99523 22.8262 9.56334 14.6568 16.1693 12.7706 9.17198
threshold=40588.166703123112 60.000000000000007 10.031250000000004 28407.181565572457 31532.000000000004 4.5000000000000009 45.062500000000007 1142.6125000000002 220.40625000000003 2.825000000000002 479.64375000000007 -1.0000000180025095e-35 3.2125000000000012 210.00625000000005 -3.0116843971631195 -0.13052619222005171 291.01875000000007 56.006250000000001
decision_type=2 2 2 2 2 2 2 2 2 2 2 2 2 2 2 2 2 2
left_child=1 2 3 4 -1 6 9 8 11 -3 -9 12 13 14 15 -7 -17 -15
right_child=-2 5 -4 -5 -6 7 -8 10 -10 -11 -12 -13 -14 17 -16 16 -18 -19
leaf_value=0.9033103336539875 35.613498405524908 -26.414773980322153 0.087137605405199825 9.1016003276745501 -14.035697409021779 -4.7607024344950535 -1.1782686494174415 -6.3091048780147645 5.3963130732940607 4.3048921217560707 -0.1057134054401833 0.94671144227287352 -34.269692893782853 -14.546179168594133 -2.5492861427611881 -21.652776012268706 4.8431958250330327 0.93846331250934478
leaf_weight=32679 4218 460 88697 11823 145 622 83847 7280 20950 189 8108 67119 229 633 13759 345 81 18616
leaf_count=32679 4218 460 88697 11823 145 622 83847 7280 20950 189 8108 67119 229 633 13759 345 81 18616
internal_value=6.12114e-05 3.81184e-05 0.00017729 0.000490562 0.000226968 -4.53855e-05 -0.000217815 6.03889e-05 0.000143663 -0.00382521 -0.000601745 1.39056e-05 -0.000305111 -0.00025652 -0.000695306 -0.00331333 -0.00676024 8.10096e-05
internal_weight=359800 355582 133344 44647 32824 222238 84496 137742 122354 649 15388 101404 34285 34056 14807 1048 426 19249
internal_count=359800 355582 133344 44647 32824 222238 84496 137742 122354 649 15388 101404 34285 34056 14807 1048 426 19249
is_linear=0
shrinkage=0.0229654


Tree=392
num_leaves=19
num_cat=0
split_feature=26 10 28 3 28 30 18 33 27 27 12 27 36 26 36 3 0 30
split_gain=11.7969 17.4086 15.6676 14.0096 20.7596 68.8243 14.928 14.7287 12.6652 12.1654 11.1613 15.8983 9.81272 9.79953 8.92404 8.33037 25.7022 13.2456
threshold=4.8615885416666682 0.93301270189221952 -0.7819366479550921 2.5000000000000004 -1.0476205406911914 1290.4750000000004 0.026250000000000006 0.010416666666666668 -1.2078683035714286 -2.1197916666666674 2.5687500000000005 0.058649553571426878 37273.500000000007 3.1251302083333337 27738.000000000004 1.0000000180025095e-35 10.500000000000002 96.425000000000026
decision_type=2 2 2 2 2 2 2 2 2 2 2 2 2 2 2 2 2 2
left_child=1 2 -1 4 5 7 9 -3 -4 -7 11 -2 13 -11 -13 16 -12 -18
right_child=10 3 8 -5 -6 6 -8 -9 -10 12 15 14 -14 -15 -16 -17 17 -19
leaf_value=5.9649654392401859 -7.7647845238798094 -8.6978800246176728 8.5225440773635448 3.2202406967661088 29.999173083812519 7.5863876849393481 -43.184837920431534 -30.898461705880493 -4.5063088861869938 -12.417804213965713 -2.6318869702307652 -21.183447470413491 19.916304843174526 -5.6223241672943436 -40.5984314667596 -0.1140216662188617 -1.4563530872205499 7.1849535565517444
leaf_weight=28887 1992 95 1405 2441 589 813 118 231 6164 258 9695 61 264 700 74 269678 7843 28492
leaf_count=28887 1992 95 1405 2441 589 813 118 231 6164 258 9695 61 264 700 74 269678 7843 28492
internal_value=6.14029e-05 0.000423299 0.000605129 -0.000779965 -0.00181298 -0.0027338 -0.0012448 -0.0125676 -0.000324956 -0.000784322 1.36203e-05 -0.0016444 -0.00223264 -0.00331296 -0.00927122 2.47908e-05 0.00031033 0.000590648
internal_weight=359800 41965 36456 5509 3068 2479 2153 326 7569 2035 317835 2127 1222 958 135 315708 46030 36335
internal_count=359800 41965 36456 5509 3068 2479 2153 326 7569 2035 317835 2127 1222 958 135 315708 46030 36335
is_linear=0
shrinkage=0.0229654


Tree=393
num_leaves=19
num_cat=0
split_feature=37 11 37 15 13 37 24 17 34 28 1 3 21 15 24 14 3 29
split_gain=30.2195 7.07859 7.64625 10.7059 9.21721 9.04014 8.80975 7.56566 7.87654 7.97129 7.41682 14.1008 12.4288 13.728 11.1958 7.41125 7.36953 10.5622
threshold=39716.83368484956 156.00000000000003 30273.138219804448 15.656250000000004 20.531250000000004 19161.366179972218 -4.9750000000000005 29.187500000000004 0.57986111111111127 0.24048063255152832 2.5000000000000004 1.0000000180025095e-35 4.3683593750000007 12.331250000000004 2.6750000000000016 71.812500000000014 1.0000000180025095e-35 10.156249999999996
decision_type=2 2 2 2 2 2 2 2 2 2 2 2 2 2 2 2 2 2
left_child=1 2 4 -4 10 -6 -7 -3 9 -9 11 12 13 -1 -15 -10 17 -12
right_child=-2 7 3 -5 5 6 -8 8 15 -11 16 -13 -14 14 -16 -17 -18 -19
leaf_value=-1.44230598840636 20.933985418510815 2.6094793041950792 3.9089577076210507 -0.7427329595205634 -3.5565951685968553 -13.068905499964627 4.7016470762537539 -4.912304545050632 -30.374773364164586 -0.042189632558082397 -4.8404273661239881 1.893049009257443 -1.7009812330163978 -32.332067944785734 -4.3157764744779099 7.1162919161964506 -0.67765059788378224 2.6478564239116702
leaf_weight=186 7049 6927 43404 23539 1517 95 11979 18345 172 18594 2584 33210 5225 86 73 67 164237 22511
leaf_count=186 7049 6927 43404 23539 1517 95 11979 18345 172 18594 2584 33210 5225 86 73 67 164237 22511
internal_value=6.15944e-05 3.18423e-05 7.07313e-05 0.00028793 1.05753e-05 0.000591582 0.000801526 -0.000240302 -0.000370135 -0.000343247 -2.40413e-05 0.000265304 -0.000803995 -0.00502576 -0.00998056 -0.00452582 -8.33067e-05 0.000283236
internal_weight=359800 352751 308646 66943 241703 13591 12074 44105 37178 36939 228112 38780 5570 345 159 239 189332 25095
internal_count=359800 352751 308646 66943 241703 13591 12074 44105 37178 36939 228112 38780 5570 345 159 239 189332 25095
is_linear=0
shrinkage=0.0229654


Tree=394
num_leaves=19
num_cat=0
split_feature=29 7 3 3 12 35 24 9 29 13 13 14 6 13 11 24 9 0
split_gain=11.6213 9.6522 15.3281 17.1821 10.5534 9.13841 8.4185 7.28477 15.8628 26.4725 12.9578 7.07389 8.86752 8.78393 10.7923 7.89062 21.502 11.914
threshold=746.06875000000002 -0.79335334029123528 3.5000000000000004 5.5000000000000009 4.2062500000000016 40730.000000000007 6.6812500000000021 0.25000000000000011 69.481250000000003 13.756250000000003 22.031250000000004 86.812500000000014 1.0000000180025095e-35 2.9812500000000011 36.000000000000007 1.1000000000000025 -0.6830127018922193 11.500000000000002
decision_type=2 2 2 2 2 2 2 2 2 2 2 2 2 2 2 2 2 2
left_child=1 2 5 4 -4 -1 -6 -5 9 -9 -11 15 13 14 -13 -3 17 -17
right_child=-2 11 3 7 6 -7 -8 8 -10 10 -12 12 -14 -15 -16 16 -18 -19
leaf_value=3.86160870145922 16.213260862097211 0.0068757926161413154 8.4337876516561181 9.4031382911977008 -2.4090379531734856 27.148185894715073 -14.177020907205012 -35.824942561763201 3.167723014722565 15.355673384799866 -19.771791853387434 6.8484284500473551 -3.9956856659421751 1.6947920049601977 -1.8655316111797258 -8.9032535736893035 -0.46381254602092997 -4.3688322567425546
leaf_weight=40059 2493 149008 1504 5520 19684 2552 73 87 4672 202 69 3385 1662 53394 22611 2805 42508 7512
leaf_count=40059 2493 149008 1504 5520 19684 2552 73 87 4672 202 69 3385 1662 53394 22611 2805 42508 7512
internal_value=6.15305e-05 5.06284e-05 0.000283342 -9.81106e-05 -0.000474085 0.000568112 -0.000615255 0.000659575 2.73942e-05 -0.00463157 -0.00109319 -1.05943e-05 0.000170628 0.000205384 -0.000140817 -8.33696e-05 -0.000324537 -0.00126502
internal_weight=359800 357307 74422 31811 21261 42611 19757 10550 5030 358 271 282885 81052 79390 25996 201833 52825 10317
internal_count=359800 357307 74422 31811 21261 42611 19757 10550 5030 358 271 282885 81052 79390 25996 201833 52825 10317
is_linear=0
shrinkage=0.0229654


Tree=395
num_leaves=19
num_cat=0
split_feature=37 11 29 22 29 23 10 25 17 35 27 22 11 5 12 28 17 22
split_gain=29.9454 7.20134 11.522 7.44747 14.2601 11.4699 8.59409 12.2353 10.0679 8.46237 13.5505 9.87905 13.2947 8.7829 15.25 11.39 10.1406 8.66278
threshold=40588.166703123112 60.000000000000007 344.56875000000008 10.669835069444447 208.91875000000002 -4.1999999999999993 1.0000000180025095e-35 6.3820312500000016 37.187500000000007 18411.500000000004 1.7856026785714296 9.0492187500000032 132.00000000000003 1.0000000180025095e-35 14.556250000000004 2.0378310104529618 72.312500000000014 3.5196614583333337
decision_type=2 2 2 2 2 2 2 2 2 2 2 2 2 2 2 2 2 2
left_child=1 2 -1 5 -5 6 -3 -8 -9 10 -7 12 -12 16 -15 -16 -11 -18
right_child=-2 3 -4 4 -6 9 7 8 -10 13 11 -13 -14 14 15 -17 17 -19
leaf_value=0.15567978382931333 34.037637362385148 -2.5628795634526043 2.8608144994013252 0.050448172401821437 6.3170941709731423 0.42402359637625925 -12.224354031692894 1.2974544364408078 -22.345245419299157 2.7394674886939008 -18.628980020193282 -6.1252570288213324 -52.15422439083288 -2.1646262806806522 -33.864937619122138 -6.648439398767632 -7.4729812142616723 -0.5883663855159158
leaf_weight=96424 4218 1982 36920 100602 9684 717 1101 115 358 29520 186 233 98 30694 61 87 4775 42025
leaf_count=96424 4218 1982 36920 100602 9684 717 1101 115 358 29520 186 233 98 30694 61 87 4775 42025
internal_value=6.25518e-05 3.9733e-05 0.000173157 -4.0322e-05 9.36226e-05 -0.000172273 -0.00145568 -0.00272258 -0.00581175 -0.00013017 -0.0020211 -0.00485516 -0.00773061 -0.000108396 -0.000435451 -0.00778962 2.37719e-05 -0.000186471
internal_weight=359800 355582 133344 222238 110286 111952 3556 1574 473 108396 1234 517 284 107162 30842 148 76320 46800
internal_count=359800 355582 133344 222238 110286 111952 3556 1574 473 108396 1234 517 284 107162 30842 148 76320 46800
is_linear=0
shrinkage=0.0229654


Tree=396
num_leaves=19
num_cat=0
split_feature=37 37 35 11 3 26 16 9 23 11 19 15 33 35 17 35 37 17
split_gain=29.4745 7.2297 18.1964 7.30503 8.58759 8.18956 7.34397 5.92866 15.4303 12.9871 15.197 12.4185 8.0995 9.28973 8.32718 7.91773 11.0238 10.3825
threshold=40588.166703123112 36739.182209703904 38550.000000000007 60.000000000000007 1.0000000180025095e-35 3.7464843750000001 115.31250000000001 0.93301270189221952 -5.1000000000000032 132.00000000000003 9.2187500000000036 9.9062500000000036 0.38541666666666669 22297.500000000004 33.437500000000007 36136.000000000007 29664.30767982973 50.562500000000007
decision_type=2 2 2 2 2 2 2 2 2 2 2 2 2 2 2 2 2 2
left_child=1 2 7 6 -5 -6 -3 15 9 10 11 -9 13 -10 -15 16 -1 -17
right_child=-2 3 -4 4 5 -7 -8 8 12 -11 -12 -13 -14 14 -16 17 -18 -19
leaf_value=0.055846225123707807 33.255949101344989 12.265167675115761 -12.018449798651602 16.2940143442686 6.0975945552359274 -4.5423516485861937 -1.8098994697226451 -4.4112546763278768 3.2493913727751949 -28.824839835537919 8.3480087397178977 -47.092993245780058 3.776229553738502 2.9587246682377337 -4.2228072487003141 -21.057184520027732 3.170869073350731 -2.171598993989341
leaf_weight=245733 4218 5734 1164 2397 3666 6621 1595 114 4899 111 217 79 5850 3044 20396 841 46402 6719
leaf_count=245733 4218 5734 1164 2397 3666 6621 1595 114 4899 111 217 79 5850 3044 20396 841 46402 6719
internal_value=6.14029e-05 3.87642e-05 1.34754e-05 0.000462797 0.000129276 -0.000159175 0.00104001 2.34527e-05 -0.000260685 -0.00418314 -0.00229654 -0.00698482 -0.000200911 -0.000361511 -0.000551601 5.63609e-05 7.535e-05 -0.000677419
internal_weight=359800 355582 335569 20013 12684 10287 7329 334405 34710 521 410 193 34189 28339 23440 299695 292135 7560
internal_count=359800 355582 335569 20013 12684 10287 7329 334405 34710 521 410 193 34189 28339 23440 299695 292135 7560
is_linear=0
shrinkage=0.0229654


Tree=397
num_leaves=19
num_cat=0
split_feature=37 37 3 24 36 15 13 10 24 36 3 7 26 37 3 37 33 23
split_gain=28.8193 7.04682 9.62713 9.64381 10.8085 10.0644 9.83618 15.738 18.3115 11.9379 13.1025 10.6726 10.1122 9.7044 9.03489 8.78519 13.1897 10.838
threshold=40588.166703123112 34724.425522802536 1.0000000180025095e-35 -1.8374999999999979 35950.500000000007 13.193750000000003 2.5312500000000009 0.93301270189221952 -0.48750000000000043 40727.500000000007 3.5000000000000004 -0.94490267940017747 3.8569010416666676 36029.311559945709 5.5000000000000009 36373.894888711664 0.46180555555555564 0.062500000000000125
decision_type=2 2 2 2 2 2 2 2 2 2 2 2 2 2 2 2 2 2
left_child=1 -1 -3 -4 -5 -6 7 9 -9 10 -7 -11 -12 -13 15 17 -17 -14
right_child=-2 2 3 4 5 6 -8 8 -10 11 12 13 14 -15 -16 16 -18 -19
leaf_value=0.018414063214309533 32.492212630875486 10.464383389899069 10.675519611093867 4.4288714601237906 1.833669084993278 3.2698596016767079 -0.91321998593734022 -33.885170109882509 -2.7359501365742935 -5.6508648455818387 9.0924707769404716 5.2977209522135968 -79.536162999897357 -58.441427482163284 1.9281663491837671 -2.7905287177991656 -20.730039379770822 -1.1779303077829404
leaf_weight=318631 4218 6681 5663 10055 6723 1917 3556 137 107 245 321 67 183 286 270 438 227 75
leaf_count=318631 4218 6681 5663 10055 6723 1917 3556 137 107 245 321 67 183 286 270 438 227 75
internal_value=6.09561e-05 3.85705e-05 0.000338785 0.000164635 -3.20117e-05 -0.000432101 -0.000991775 -0.00173436 -0.00739787 -0.00139138 -0.000869486 -0.0043857 -0.00246643 -0.00694167 -0.00344 -0.00452093 -0.00312537 -0.008118
internal_weight=359800 355582 36951 30270 24607 14552 7829 4273 244 4029 3431 598 1514 353 1193 923 665 258
internal_count=359800 355582 36951 30270 24607 14552 7829 4273 244 4029 3431 598 1514 353 1193 923 665 258
is_linear=0
shrinkage=0.0229654


Tree=398
num_leaves=19
num_cat=0
split_feature=29 7 3 3 4 13 16 6 1 13 29 26 25 14 26 24 16 16
split_gain=11.0973 9.50238 13.9757 16.3404 9.78973 23.836 15.3452 13.7261 15.5042 10.0834 21.102 15.8386 9.35973 8.0189 7.82812 7.82011 7.62633 7.34454
threshold=746.06875000000002 -0.79335334029123528 3.5000000000000004 5.5000000000000009 11.500000000000002 9.0437500000000028 46.312500000000007 1.0000000180025095e-35 17.500000000000004 17.568750000000005 14.200000000000001 15.070052083333335 3.124739583333334 62.562500000000007 16.111328125000004 6.6812500000000021 437.81250000000006 127.18750000000001
decision_type=2 2 2 2 2 2 2 2 2 2 2 2 2 2 2 2 2 2
left_child=1 2 4 12 6 7 -1 -6 -9 10 11 -8 -4 14 -13 -14 -16 -3
right_child=-2 17 3 -5 5 -7 9 8 -10 -11 -12 13 15 -15 16 -17 -18 -19
leaf_value=10.636972567876615 15.490176514556493 0.25605557849416277 7.560879937988239 4.8838773513079543 1.2199470246662332 -28.824809151994479 -27.584278926211301 2.1505933688932672 -33.655500588126252 7.93251126168356 1.8208493514739887 -20.999173664554394 -2.230521209607482 0.22589267792406956 -1.1606109456208493 -13.549224842000928 -26.639551150640557 -1.3569019867267877
leaf_weight=13765 2493 203815 1486 10550 2644 76 125 120 120 7117 17833 103 19702 425 206 73 77 79070
leaf_count=13765 2493 203815 1486 10550 2644 76 125 120 120 7117 17833 103 19702 425 206 73 77 79070
internal_value=6.03178e-05 4.96643e-05 0.000280564 -8.36719e-05 0.000552483 -0.000721548 0.000647591 -0.000387004 -0.00564566 0.000318141 3.90323e-05 -0.00332213 -0.000450321 -0.00214929 -0.00454548 -0.00058241 -0.00257245 -1.10814e-05
internal_weight=359800 357307 74422 31811 42611 2960 39651 2884 240 25886 18769 936 21261 811 386 19775 283 282885
internal_count=359800 357307 74422 31811 42611 2960 39651 2884 240 25886 18769 936 21261 811 386 19775 283 282885
is_linear=0
shrinkage=0.0229654


Tree=399
num_leaves=19
num_cat=0
split_feature=29 11 25 15 14 0 0 17 24 13 36 30 31 18 19 11 15 30
split_gain=11.1028 7.65699 9.9342 9.75118 12.1699 8.61282 9.02739 7.2271 11.0032 11.491 11.9345 10.4073 8.26573 9.38277 7.83109 9.09903 8.96938 7.82829
threshold=746.06875000000002 84.000000000000014 8.349739583333335 19.856250000000006 45.062500000000007 28.500000000000004 45.500000000000007 85.687500000000014 -3.9999999999999982 16.168750000000006 30610.500000000004 326.23125000000005 23.918750000000014 0.026250000000000006 8.8812500000000032 1.0000000180025095e-35 15.956250000000004 11.181249999999997
decision_type=2 2 2 2 2 2 2 2 2 2 2 2 2 2 2 2 2 2
left_child=1 2 3 5 -5 -1 -7 8 11 14 12 17 13 -11 15 16 -10 -4
right_child=-2 -3 7 4 -6 6 -8 -9 9 10 -12 -13 -14 -15 -16 -17 -18 -19
leaf_value=1.1690557372058463 15.134438276500999 -0.34338122434295354 -2.6582984036564854 -49.056311420892108 -1.433665702170364 7.6302851688840923 -0.78246425423759391 1.3945605300454249 -2.0263555453203104 -17.165783324106723 -21.235029225254362 7.8075711816852591 2.1647512990903155 6.0722141819380839 6.5778931332702619 -0.49996748699161447 -10.042665514342518 -8.5795075666926426
leaf_weight=24888 2493 178643 804 75 5889 17793 3772 41914 9398 120 90 437 20331 78 2231 47788 2162 894
leaf_count=24888 2493 178643 804 75 5889 17793 3772 41914 9398 120 90 437 20331 78 2231 47788 2162 894
internal_value=5.99348e-05 4.92787e-05 0.000155584 0.000421349 -0.000452839 0.000533584 0.000869523 4.52407e-05 -7.72566e-05 -3.49797e-05 0.00043427 -0.00170493 0.000470853 -0.00419873 -0.000192102 -0.000242315 -0.000820477 -0.00251835
internal_weight=359800 357307 178664 52417 5964 46453 21565 126247 84333 82198 20619 2135 20529 198 61579 59348 11560 1698
internal_count=359800 357307 178664 52417 5964 46453 21565 126247 84333 82198 20619 2135 20529 198 61579 59348 11560 1698
is_linear=0
shrinkage=0.0229654


Tree=400
num_leaves=19
num_cat=0
split_feature=26 16 16 10 9 28 14 26 26 26 25 33 8 14 0 10 25 14
split_gain=10.6271 7.5931 14.7286 19.9171 14.0192 16.218 16.504 17.2068 15.8786 13.983 13.6802 12.453 11.1313 21.4985 10.7177 9.58204 10.3237 9.44415
threshold=1.0000000180025095e-35 90.937500000000014 0.18750000000000003 -0.5 -0.6830127018922193 2.7219068877551025 85.937500000000014 19.762369791666668 18.747265625000004 7.6691406250000007 16.331510416666671 0.093750000000000014 -0.32075123873380501 64.312500000000014 14.500000000000002 0.25000000000000017 14.072135416666669 79.687500000000014
decision_type=2 2 2 2 2 2 2 2 2 2 2 2 2 2 2 2 2 2
left_child=-1 2 4 14 5 9 7 10 12 11 15 -2 13 -6 -4 -7 -17 -12
right_child=1 -3 3 -5 8 6 -8 -9 -10 -11 17 -13 -14 -15 -16 16 -18 -19
leaf_value=15.336167769281511 -8.5137494741614166 -0.56800077436894569 -2.2632961835464798 5.2557105600812575 -21.033830472256344 3.6062097477545123 -0.83903899537122895 -0.8617174731984113 4.9154312614282816 -0.87803798028984803 -14.358596131125328 -36.510639352759213 0.57162489263142446 -3.6976366508051766 1.2370095346973831 -9.8503275917890072 -14.890983229301499 -9.0141922700376202
leaf_weight=2559 548 134883 8739 41462 274 159 1170 489 6013 26980 233 97 111972 10089 13658 241 173 61
leaf_count=2559 548 134883 8739 41462 274 159 1170 489 6013 26980 233 97 111972 10089 13658 241 173 61
internal_value=5.90412e-05 4.84778e-05 0.00013094 0.000425403 1.23015e-05 -0.00043332 -0.00219471 -0.00391902 0.000116985 -0.00027226 -0.00586187 -0.00361394 6.03539e-05 -0.000659732 -0.000126429 -0.0037955 -0.00563596 -0.00988919
internal_weight=359800 357241 222358 63859 158499 30151 2526 1356 128348 27625 867 645 122335 10363 22397 573 414 294
internal_count=359800 357241 222358 63859 158499 30151 2526 1356 128348 27625 867 645 122335 10363 22397 573 414 294
is_linear=0
shrinkage=0.0229654


Tree=401
num_leaves=19
num_cat=0
split_feature=29 16 16 10 9 28 26 26 15 23 30 22 5 26 0 27 29 9
split_gain=10.4577 7.10778 14.0121 18.1875 12.6992 15.3814 15.0109 12.4018 14.4081 10.9574 20.179 10.2918 22.0343 17.8286 9.61892 8.606 8.55518 11.6154
threshold=746.06875000000002 90.937500000000014 0.31250000000000006 -0.5 -0.6830127018922193 2.5487284482758619 18.747265625000004 7.6691406250000007 9.2562500000000032 2.8062500000000008 354.43750000000006 10.669835069444447 1.0000000180025095e-35 11.549609375000001 14.500000000000002 4.2925037202380958 257.03125000000006 -0.93301270189221908
decision_type=2 2 2 2 2 2 2 2 2 2 2 2 2 2 2 2 2 2
left_child=1 2 4 14 5 7 9 -1 11 -6 -11 12 -9 -14 -4 -7 17 -10
right_child=-2 -3 3 -5 6 15 -8 8 16 10 -12 -13 13 -15 -16 -17 -18 -19
leaf_value=-11.811466578099399 14.606075920535176 -0.55024106336582035 -2.1720220518524154 5.1063561864393883 0.4073745126129828 -7.3451429795239145 4.7266751314748774 5.2736518679433741 0.60377969866464654 -32.30163969295193 -5.5820768778689711 3.2811546496780339 -14.049858068946683 -18.779316505826674 1.203482238074149 6.619347354516937 4.0592351443920132 -4.0981074710976984
leaf_weight=647 2493 134938 8373 40681 120918 2620 6080 557 5767 99 2336 8359 304 62 13455 264 1762 10085
leaf_count=647 2493 134938 8373 40681 120918 2620 6080 557 5767 99 2336 8359 304 62 13455 264 1762 10085
internal_value=5.89136e-05 4.85716e-05 0.000128362 0.000419894 1.4366e-05 -0.000407803 0.000113609 -0.000240719 -0.000165136 5.87015e-05 -0.00146658 0.000567084 -0.00173422 -0.00611156 -0.00011489 -0.0020035 -0.000550992 -0.000719733
internal_weight=359800 357307 222369 62509 159860 30427 129433 27543 26896 123353 2435 9282 923 366 21828 2884 17614 15852
internal_count=359800 357307 222369 62509 159860 30427 129433 27543 26896 123353 2435 9282 923 366 21828 2884 17614 15852
is_linear=0
shrinkage=0.0229654


Tree=402
num_leaves=19
num_cat=0
split_feature=35 25 11 21 30 32 25 25 30 25 34 3 10 28 29 34 24 10
split_gain=10.5748 7.87741 6.99999 10.5625 10.7859 14.5797 11.1817 8.94437 24.2887 9.73852 7.55297 9.47179 9.75325 10.3746 10.2244 8.97342 14.7753 14.2636
threshold=41270.500000000007 1.0000000180025095e-35 132.00000000000003 21.613281250000004 21.024999999999999 495.60000000000008 13.852864583333336 20.800260416666671 12.868749999999999 22.348437500000003 0.47569444444444448 1.5000000000000002 -0.9330127018922193 4.6351136363636378 27.531250000000011 0.024305555555555556 -3.6499999999999972 -0.9330127018922193
decision_type=2 2 2 2 2 2 2 2 2 2 2 2 2 2 2 2 2 2
left_child=1 -1 3 4 5 7 -7 -3 9 -9 15 -12 -13 14 -14 -6 -17 -18
right_child=-2 2 -4 -5 10 6 -8 8 -10 -11 11 12 13 -15 -16 16 17 -19
leaf_value=10.453630952996949 12.699195073742395 -3.9626535492556223 -0.98534576964653531 4.6844700089052358 0.27232557510020217 -19.56453956930407 0.40641257886842708 -22.495196495332355 1.7599279301582718 -5.5870102969182511 5.8270821758250975 -59.381994185129663 -7.3883921102713357 17.657742525098012 -21.42147072914663 -5.1762769295434889 8.0971588679462894 1.1069758313205702
leaf_weight=2554 4080 6118 88261 5545 200496 104 9855 268 338 95 313 122 262 193 61 1531 7690 31914
leaf_count=2554 4080 6118 88261 5545 200496 104 9855 268 338 95 313 122 262 193 61 1531 7690 31914
internal_value=5.89136e-05 4.55797e-05 3.63893e-05 9.54057e-05 7.4202e-05 -0.000488929 7.12553e-05 -0.00130706 -0.00376423 -0.00788922 0.000113151 -0.00192948 -0.0035348 -0.00215412 -0.00467129 0.00012119 0.000430165 0.000515742
internal_weight=359800 355720 353166 264905 259360 16778 9959 6819 701 363 242582 951 638 516 323 241631 41135 39604
internal_count=359800 355720 353166 264905 259360 16778 9959 6819 701 363 242582 951 638 516 323 241631 41135 39604
is_linear=0
shrinkage=0.0229654


Tree=403
num_leaves=19
num_cat=0
split_feature=37 37 11 3 26 30 26 3 22 15 14 33 3 33 29 1 3 30
split_gain=27.88 6.66572 7.05806 8.10575 7.35343 10.8555 8.88608 8.01026 7.81721 7.72912 7.20125 6.84352 10.3419 6.62881 7.02744 6.26762 17.2539 13.3043
threshold=40588.166703123112 36739.182209703904 60.000000000000007 1.0000000180025095e-35 3.7464843750000001 1233.7562500000001 6.7871093750000009 2.5000000000000004 3.3818142361111119 22.856250000000006 86.437500000000014 0.26041666666666669 1.5000000000000002 0.15625000000000003 490.7937500000001 1.5000000000000002 1.0000000180025095e-35 1626.0312500000002
decision_type=2 2 2 2 2 2 2 2 2 2 2 2 2 2 2 2 2 2
left_child=1 15 -3 -4 -5 -6 7 13 10 -9 -8 12 -10 14 -7 16 17 -1
right_child=-2 2 3 4 5 6 8 9 11 -11 -12 -13 -14 -15 -16 -17 -18 -19
leaf_value=-1.9100370271959075 31.026623515373643 8.370025791585979 15.43449151086911 5.6369622082383071 9.0731618774054521 -31.77680132273828 -27.8699601622396 3.9174107840222363 -35.63961402428771 -14.201030800477048 -5.9061910372882087 -6.3387244691674498 6.1566036310400412 -10.481958005210604 -20.887203243794644 -0.093699043867556273 2.5190321461483545 -14.636212550707937
leaf_weight=3942 4218 7329 2397 3666 2154 81 84 1984 106 73 62 671 76 1170 160 305593 25688 346
leaf_count=3942 4218 7329 2397 3666 2154 81 84 1984 106 73 62 671 76 1170 160 305593 25688 346
internal_value=5.92965e-05 3.72788e-05 0.000444436 0.000116601 -0.00016364 -0.000620527 -0.00126626 -0.00071651 -0.0031747 0.000197612 -0.00808508 -0.00233423 -0.00628394 -0.00204915 -0.00551742 1.29963e-05 0.000329894 -0.00101866
internal_weight=359800 355582 20013 12684 10287 6621 4467 3468 999 2057 146 853 182 1411 241 335569 29976 4288
internal_count=359800 355582 20013 12684 10287 6621 4467 3468 999 2057 146 853 182 1411 241 335569 29976 4288
is_linear=0
shrinkage=0.0229654


Tree=404
num_leaves=19
num_cat=0
split_feature=37 37 35 3 36 11 15 13 37 27 28 26 1 3 30 3 3 0
split_gain=26.6149 6.60551 18.186 6.86455 10.0533 7.05145 6.7949 5.76149 9.1371 8.95634 6.61397 6.36726 5.86331 16.3197 13.4367 10.2255 9.1982 15.5702
threshold=40588.166703123112 36739.182209703904 38550.000000000007 1.0000000180025095e-35 37273.500000000007 84.000000000000014 13.193750000000003 22.431250000000006 19019.042623416553 6.7970982142857137 9.4997336800573908 16.822005208333337 1.5000000000000002 1.0000000180025095e-35 1626.0312500000002 5.5000000000000009 1.0000000180025095e-35 10.500000000000002
decision_type=2 2 2 2 2 2 2 2 2 2 2 2 2 2 2 2 2 2
left_child=1 2 7 -3 -5 6 -6 12 9 -9 -11 -10 13 14 -1 -15 17 -14
right_child=-2 3 -4 4 5 -7 -8 8 11 10 -12 -13 16 15 -16 -17 -18 -19
leaf_value=-1.8661722457948191 30.314084418624169 15.818225780975414 -11.56703636580114 7.0219409082458419 8.7388061536770216 -7.3906730244676027 -4.3791149795665838 1.1452049497861454 -21.500039535962181 -8.2337162615072579 4.2208315363143099 5.950974347514828 -2.8293016493692109 3.5916859343058762 -14.30008594429373 -1.5548506308412868 -0.4080804628594073 3.4201695231352418
leaf_weight=3942 4218 3808 1164 7298 2286 4549 2072 574 88 285 110 7626 6432 21317 346 4244 254376 35065
leaf_count=3942 4218 3808 1164 7298 2286 4549 2072 574 88 285 110 7626 6432 21317 346 4244 254376 35065
internal_value=5.83391e-05 3.68267e-05 1.26541e-05 0.000442141 0.000235961 -0.000281814 0.000378365 2.26286e-05 0.000606469 -0.00149548 -0.00415703 0.000870506 7.0648e-06 0.000313833 -0.000997238 0.000533772 -2.38833e-05 0.000293148
internal_weight=359800 355582 335569 20013 16205 8907 4358 334405 8683 969 395 7714 325722 29849 4288 25561 295873 41497
internal_count=359800 355582 335569 20013 16205 8907 4358 334405 8683 969 395 7714 325722 29849 4288 25561 295873 41497
is_linear=0
shrinkage=0.0229654


Tree=405
num_leaves=19
num_cat=0
split_feature=37 37 35 9 37 35 36 37 17 0 37 35 3 9 0 29 9 24
split_gain=25.5135 6.67206 17.0684 12.876 9.67431 7.49876 11.6711 12.5337 10.5266 10.1918 9.55533 13.0923 10.6737 16.9337 13.1715 15.4266 8.70753 9.9441
threshold=40588.166703123112 36739.182209703904 39170.500000000007 0.25000000000000011 35683.73035002665 36136.000000000007 33738.500000000007 35683.73035002665 58.312500000000007 26.500000000000004 33303.976748242778 33580.500000000007 1.5000000000000002 0.68301270189221941 35.500000000000007 309.50625000000008 0.68301270189221941 -0.82499999999999896
decision_type=2 2 2 2 2 2 2 2 2 2 2 2 2 2 2 2 2 2
left_child=1 2 5 4 -4 10 -7 8 9 -8 11 -1 13 -13 15 -15 17 -14
right_child=-2 -3 3 -5 -6 6 7 -9 -10 -11 -12 12 16 14 -16 -17 -18 -19
leaf_value=0.10954525079025298 29.617909073610178 3.9149420593231929 -32.914047000882356 -9.1813627321574529 -14.042884172969583 3.4300030318849006 -28.610686227808632 -1.6613495714763133 -6.2877103347080991 -9.2975833655608451 3.9467154427085909 3.8913600765119831 -14.273922277716361 -67.711130020584562 3.8646933767698108 -20.19361512420436 2.007069228299323 -3.5260182932762927
leaf_weight=299082 4218 20013 78 410 70 3204 177 3068 2278 347 21199 283 724 106 89 186 2176 2092
leaf_count=299082 4218 20013 78 410 70 3204 177 3068 2278 347 21199 283 724 106 89 186 2176 2092
internal_value=5.81476e-05 3.7085e-05 1.2791e-05 -0.00400043 -0.00980685 1.94755e-05 -0.000631713 -0.00124021 -0.00235063 -0.00528555 3.76044e-05 4.80813e-06 -0.0010898 -0.00382526 -0.00698607 -0.00934346 -0.00072595 -0.00156909
internal_weight=359800 355582 335569 558 148 335011 9074 5870 2802 524 325937 304738 5656 664 381 292 4992 2816
internal_count=359800 355582 335569 558 148 335011 9074 5870 2802 524 325937 304738 5656 664 381 292 4992 2816
is_linear=0
shrinkage=0.0229654


Tree=406
num_leaves=19
num_cat=0
split_feature=37 6 7 37 10 32 8 3 13 0 36 37 0 4 0 33 4 9
split_gain=25.5465 6.37876 12.5413 17.6197 11.1051 24.194 21.4015 9.56923 12.5433 9.05011 8.84968 13.7174 9.51793 21.3274 29.0239 34.0265 19.5127 7.6659
threshold=40588.166703123112 1.0000000180025095e-35 0.82968937203783699 23737.101329373709 -0.68301270189221952 312.13125000000008 0.32075123873380501 3.5000000000000004 8.0937500000000036 26.500000000000004 22917.500000000004 20103.978074904768 23.500000000000004 11.500000000000002 36.500000000000007 1.0000000180025095e-35 3.5000000000000004 0.93301270189221952
decision_type=2 2 2 2 2 2 2 2 2 2 2 2 2 2 2 2 2 2
left_child=1 17 4 -4 -3 7 9 8 10 -7 -6 -12 16 -14 -15 -16 -13 -1
right_child=-2 2 3 -5 5 6 -8 -9 -10 -11 11 12 13 14 15 -17 -18 -19
leaf_value=0.42274081000447283 28.937721680081502 5.2307666109099493 -4.7376489143106584 -17.519781513148256 5.1313643893845002 -21.6587581215048 0.11882217782191926 7.8875232737707934 12.191559037017306 -38.36999160326004 -25.368684977085699 -24.060660566309775 8.7571320815272067 7.8868352159989366 32.932745046863602 -32.037457224794188 -3.6984823813158672 -1.5822310011933731
leaf_weight=312238 4218 1872 1413 99 470 74 117 1248 656 96 68 192 803 239 104 182 431 35280
leaf_count=312238 4218 1872 1413 99 470 74 117 1248 656 96 68 192 803 239 104 182 431 35280
internal_value=5.69987e-05 3.59225e-05 -0.000602614 -0.00248792 -0.000167544 -0.000765514 -0.0072257 -0.000343462 -0.00101866 -0.0124283 -0.00176323 -0.00242394 -0.00207054 -0.000971879 -0.00457121 -0.00950736 -0.00441245 5.07394e-05
internal_weight=359800 355582 8064 1512 6552 4680 287 4393 3145 170 2489 2019 1951 1328 525 286 623 347518
internal_count=359800 355582 8064 1512 6552 4680 287 4393 3145 170 2489 2019 1951 1328 525 286 623 347518
is_linear=0
shrinkage=0.0229654


Tree=407
num_leaves=19
num_cat=0
split_feature=37 11 37 15 36 3 36 37 36 37 4 0 28 12 22 36 37 36
split_gain=25.0808 6.57542 7.68836 9.80712 9.79178 8.53679 8.0976 15.0787 12.21 15.417 11.98 11.9737 11.9688 9.32772 8.4923 8.46015 11.4456 10.1799
threshold=40588.166703123112 156.00000000000003 34876.514806393076 19.231250000000006 33893.500000000007 1.5000000000000002 31796.500000000004 30152.371458841222 27525.500000000004 26466.99420136926 1.5000000000000002 44.500000000000007 0.053349358974359447 8.5437500000000028 3.3818142361111119 25267.500000000004 23530.509437321645 20281.000000000004
decision_type=2 2 2 2 2 2 2 2 2 2 2 2 2 2 2 2 2 2
left_child=1 2 6 -4 -5 -6 7 8 9 15 12 -8 -10 -13 -14 16 17 -1
right_child=-2 -3 3 4 5 -7 11 -9 10 -11 -12 13 14 -15 -16 -17 -18 -19
leaf_value=0.93578857361235501 28.273155068194374 -1.5015764273682692 4.9654262009257808 19.133441134886411 2.1655038847304855 -9.4282592619119292 -1.5612502090677194 6.0311525449838435 -12.883907147053304 4.8648358380659982 -1.2895309613641937 -6.5340312555777169 -15.237212887424349 -26.870867858405955 3.2690864807667941 -1.9735291387460954 2.3976619611573535 -0.8538995040453643
leaf_weight=50991 4218 44441 25469 885 1631 2996 27125 16812 1606 21214 31608 257 62 130 899 25818 38927 64711
leaf_count=50991 4218 44441 25469 885 1631 2996 27125 16812 1606 21214 31608 257 62 130 899 25818 38927 64711
internal_value=5.69349e-05 3.60517e-05 7.33749e-05 0.00041667 -0.000461641 -0.000884965 3.54122e-05 7.61551e-05 2.87852e-05 9.68105e-05 -0.000372621 -0.000338738 -0.00188143 -0.00434978 0.000145774 2.79612e-05 9.22158e-05 -2.23893e-05
internal_weight=359800 355582 311141 30981 5512 4627 280160 252648 235836 201661 34175 27512 2567 387 961 180447 154629 115702
internal_count=359800 355582 311141 30981 5512 4627 280160 252648 235836 201661 34175 27512 2567 387 961 180447 154629 115702
is_linear=0
shrinkage=0.0229654


Tree=408
num_leaves=19
num_cat=0
split_feature=37 37 35 0 27 16 0 27 37 25 0 3 3 37 37 35 13 0
split_gain=24.804 6.35033 16.7948 7.65161 7.50873 10.498 7.00732 6.93827 6.8286 6.46637 5.69639 10.7834 7.27008 7.23451 6.79153 17.4382 8.87859 8.64898
threshold=40588.166703123112 36558.079481930494 37664.500000000007 18.500000000000004 -0.20442708333333345 129.18750000000003 40.500000000000007 0.41556919642856999 35683.73035002665 6.6619791666666677 2.5000000000000004 1.0000000180025095e-35 5.5000000000000009 27152.532109597381 23426.150605651444 22946.500000000004 20.531250000000004 45.500000000000007
decision_type=2 2 2 2 2 2 2 2 2 2 2 2 2 2 2 2 2 2
left_child=1 2 10 7 -3 -6 -5 -4 -8 -7 11 13 -13 -1 -12 -16 17 -17
right_child=-2 4 3 6 5 9 8 -9 -10 -11 14 12 -14 -15 15 16 -18 -19
leaf_value=-2.740052404807598 27.623850500310461 9.4234847023605983 -38.388292868530932 -4.6636568566637067 2.2212922109482589 -6.2306538504028923 -23.217571198105649 -3.2431703506263991 -9.1661855277384738 -25.922430360623675 -0.54739370333063975 5.048334658718229 -1.5784028018282921 -28.690297412266119 8.3396246377695569 0.24444334471160739 4.5886177697683683 -3.0173433564292771
leaf_weight=2047 4218 8642 125 2261 11572 1015 81 116 82 138 126478 10720 2136 97 14225 157078 6829 11940
leaf_count=2047 4218 8642 125 2261 11572 1015 81 116 82 138 126478 10720 2136 97 14225 157078 6829 11940
internal_value=5.5786e-05 3.50183e-05 1.0479e-05 -0.00180535 0.000418853 6.40686e-05 -0.00141734 -0.005708 -0.00601609 -0.00202566 2.50747e-05 0.00046237 0.000713828 -0.00104544 4.35303e-06 9.11261e-05 2.8562e-05 -4.23923e-06
internal_weight=359800 355582 334215 2665 21367 12725 2424 241 163 1153 331550 15000 12856 2144 316550 190072 175847 169018
internal_count=359800 355582 334215 2665 21367 12725 2424 241 163 1153 331550 15000 12856 2144 316550 190072 175847 169018
is_linear=0
shrinkage=0.0229654


Tree=409
num_leaves=19
num_cat=0
split_feature=25 7 0 16 35 35 35 25 17 3 25 35 27 25 17 3 9 3
split_gain=9.0507 7.9399 7.47855 7.4545 14.9106 11.751 10.5265 21.846 9.99103 9.85667 8.83868 8.69713 15.169 8.56422 9.72952 10.1512 19.6486 8.55617
threshold=1.0000000180025095e-35 -0.89495246814786256 34.500000000000007 121.06250000000001 23117.500000000004 38847.500000000007 17055.000000000004 13.928906250000002 25.687500000000004 5.5000000000000009 3.248697916666667 34880.500000000007 -2.1197916666666674 20.800260416666671 85.187500000000014 4.5000000000000009 0.25000000000000011 1.5000000000000002
decision_type=2 2 2 2 2 2 2 2 2 2 2 2 2 2 2 2 2 2
left_child=-1 2 -2 6 13 10 7 9 -8 17 -6 -12 -13 -5 15 -15 -17 -3
right_child=1 3 -4 4 5 -7 8 -9 -10 -11 11 12 -14 14 -16 16 -18 -19
leaf_value=10.697100807350225 -0.86304294328373909 -12.174223175211958 3.1418440866338657 2.5794231390028921 16.878447061566156 -11.615360137829082 2.6246430923825126 -0.15391398556816799 0.19730325584579522 -19.520364760497809 -2.4026942001418878 -30.394893848690909 -5.65286868525593 1.3702009692574835 -17.215726572494834 -3.1430546216185054 -11.732011450953188 5.6931111617574848
leaf_weight=3018 14839 716 37036 29877 1284 1084 18919 2557 193181 101 48304 217 2266 4013 496 1528 208 156
leaf_count=3018 14839 716 37036 29877 1284 1084 18919 2557 193181 101 48304 217 2266 4013 496 1528 208 156
internal_value=5.49562e-05 4.43626e-05 0.000307017 -3.23788e-07 -0.000176799 -0.000421461 7.27422e-05 -0.00117104 9.34426e-05 -0.00409979 -0.000372194 -0.000419769 -0.0017453 0.00018323 -0.000590224 -0.000323968 -0.0017912 -0.00331313
internal_weight=359800 356782 51875 304907 89277 53155 215630 3530 212100 973 52071 50787 2483 36122 6245 5749 1736 872
internal_count=359800 356782 51875 304907 89277 53155 215630 3530 212100 973 52071 50787 2483 36122 6245 5749 1736 872
is_linear=0
shrinkage=0.0229654


Tree=410
num_leaves=19
num_cat=0
split_feature=37 11 15 37 4 30 4 29 25 9 11 20 26 6 29 0 27 22
split_gain=23.6364 6.49895 11.4462 13.2534 7.75879 14.4228 17.8831 10.6579 10.2126 7.69742 9.10985 8.07485 7.66381 7.58005 7.84768 18.7049 7.39274 17.9195
threshold=40588.166703123112 60.000000000000007 9.8062500000000021 28407.181565572457 4.5000000000000009 1142.6125000000002 10.500000000000002 479.64375000000007 4.623697916666667 -0.6830127018922193 1.0000000180025095e-35 1.750000000000002 1.0000000180025095e-35 1.0000000180025095e-35 287.26875000000013 34.500000000000007 -0.40907738095238239 6.2687065972222236
decision_type=2 2 2 2 2 2 2 2 2 2 2 2 2 2 2 2 2 2
left_child=1 2 3 -1 12 6 8 16 -6 10 -4 -12 -3 -8 15 -15 17 -7
right_child=-2 4 9 -5 5 7 13 -9 -10 -11 11 -13 -14 14 -16 -17 -18 -19
leaf_value=0.78034548648432733 26.918000697892833 16.672166427507495 -5.0031914600895551 8.4001709225627756 -25.33632153699433 -20.204117069413272 7.5714694279747539 -0.12646544258304757 0.27338760005902907 0.58593090202843034 -1.5867833335162609 4.583890573520728 -1.5243333146617739 -1.3658675468134254 4.9213230345909924 -36.158151193442734 -4.0709016752216654 -5.9153894408291077
leaf_weight=31119 4218 1185 5539 11141 68 396 13238 8108 108608 73350 9105 3090 83311 172 203 65 4924 1960
leaf_count=31119 4218 1185 5539 11141 68 396 13238 8108 108608 73350 9105 3090 83311 172 203 65 4924 1960
internal_value=5.3935e-05 3.3662e-05 0.000160412 0.000472785 -4.23888e-05 6.38901e-05 0.000147229 -0.00059876 4.87305e-05 1.54811e-05 -0.00041388 -6.30865e-05 -0.00021564 0.000929832 -0.00203557 -0.00487409 -0.0012366 -0.00229459
internal_weight=359800 355582 133344 42260 222238 137742 122354 15388 108676 91084 17734 12195 84496 13678 440 237 7280 2356
internal_count=359800 355582 133344 42260 222238 137742 122354 15388 108676 91084 17734 12195 84496 13678 440 237 7280 2356
is_linear=0
shrinkage=0.0229654


Tree=411
num_leaves=19
num_cat=0
split_feature=37 37 35 37 8 25 3 36 14 11 35 9 37 36 36 9 23 11
split_gain=23.3379 6.22593 16.2746 7.07348 9.18612 9.01264 6.90931 9.75065 8.82415 8.11232 6.54291 13.0022 10.0938 6.83369 6.4903 5.98576 15.0858 12.3873
threshold=40588.166703123112 36739.182209703904 37664.500000000007 34107.426737346999 -0.70710678118654757 5.1773437500000012 1.0000000180025095e-35 37273.500000000007 67.812500000000014 84.000000000000014 39170.500000000007 0.25000000000000011 35683.73035002665 34870.500000000007 37846.000000000007 0.93301270189221952 -5.1000000000000032 132.00000000000003
decision_type=2 2 2 2 2 2 2 2 2 2 2 2 2 2 2 2 2 2
left_child=1 2 15 4 5 -4 -3 -8 14 -10 13 12 -12 -5 -9 -1 17 -17
right_child=-2 6 3 10 -6 -7 7 8 9 -11 11 -13 -14 -15 -16 16 -18 -19
leaf_value=0.28940026401117808 26.299817804286203 15.127493807290318 -33.457045024972004 6.3891452818602845 -26.44962518138156 1.7759225840059421 6.5226629181709308 -21.526968662206372 4.1885662356409972 -6.4078348145902604 -32.184271777739809 -5.1908981474898424 -13.625702437785323 -7.5710365703653109 -5.7037268509526236 -12.691003496344809 -1.123790983241977 -28.29785276990733
leaf_weight=298043 4218 3808 87 753 179 212 7298 103 4110 4414 77 379 70 1231 280 410 34017 111
leaf_count=298043 4218 3808 87 753 179 212 7298 103 4110 4414 77 379 70 1231 280 410 34017 111
internal_value=5.38711e-05 3.37266e-05 1.02588e-05 -0.00167706 -0.00423755 -0.00177425 0.000427223 0.000220372 -0.000289549 -0.000136327 -0.00118944 -0.00346664 -0.00926428 -0.00058571 -0.00369965 2.54182e-05 -0.000260786 -0.00413906
internal_weight=359800 355582 335569 2988 478 299 20013 16205 8907 8524 2510 526 147 1984 383 332581 34538 521
internal_count=359800 355582 335569 2988 478 299 20013 16205 8907 8524 2510 526 147 1984 383 332581 34538 521
is_linear=0
shrinkage=0.0229654


Tree=412
num_leaves=19
num_cat=0
split_feature=37 37 27 16 23 1 3 30 3 3 0 0 6 16 3 29 6 23
split_gain=22.9015 5.94387 7.37624 10.1914 6.27503 5.94644 14.8567 11.7697 9.41809 9.23541 15.0729 13.4726 12.0648 25.4287 18.2246 11.4503 10.8911 10.4802
threshold=40588.166703123112 36558.079481930494 -0.20442708333333345 129.18750000000003 1.4624999999999992 1.5000000000000002 1.0000000180025095e-35 1688.0562500000003 5.5000000000000009 1.0000000180025095e-35 10.500000000000002 21.500000000000004 1.0000000180025095e-35 32.062500000000007 2.5000000000000004 506.48125000000005 1.0000000180025095e-35 0.32499999999999668
decision_type=2 2 2 2 2 2 2 2 2 2 2 2 2 2 2 2 2 2
left_child=1 5 -3 -4 -5 6 7 -1 -8 10 -7 16 -11 14 17 -13 -12 -14
right_child=-2 2 3 4 -6 9 8 -9 -10 12 11 15 13 -15 -16 -17 -18 -19
leaf_value=-2.0141836348667757 25.695831733624885 8.9172311840393927 2.0532188230719637 -18.862351999143694 -3.0702258304622636 -2.7688147361451252 3.5127962833252386 -13.768123217363774 -1.4809489760841057 -0.27615025647164598 11.639161336822179 1.8847156428553662 -27.802052048479212 7.7350845207899912 -4.9025462500380597 -12.676528077420084 -2.585712703195314 6.783895843296917
leaf_weight=3977 4218 8642 11572 398 755 6432 21440 311 4248 258498 10403 23592 476 1109 1503 1090 1056 80
leaf_count=3977 4218 8642 11572 398 755 6432 21440 311 4248 258498 10403 23592 476 1109 1503 1090 1056 80
internal_value=5.34882e-05 3.35328e-05 0.00040488 5.32401e-05 -0.00200574 9.7919e-06 0.000318402 -0.00093297 0.000527289 -2.06148e-05 0.000293076 0.000475372 -7.16522e-05 -0.00148028 -0.0029903 0.00017325 0.00112612 -0.00654266
internal_weight=359800 355582 21367 12725 1153 334215 29976 4288 25688 304239 42573 36141 261666 3168 2059 24682 11459 556
internal_count=359800 355582 21367 12725 1153 334215 29976 4288 25688 304239 42573 36141 261666 3168 2059 24682 11459 556
is_linear=0
shrinkage=0.0229654


Tree=413
num_leaves=19
num_cat=0
split_feature=25 7 14 16 35 35 36 35 21 10 25 3 4 22 35 3 16 36
split_gain=8.86582 7.46774 7.3173 7.15144 14.2098 11.422 11.4203 10.5652 24.1968 32.2843 8.32889 8.35393 35.02 10.3364 20.7527 21.4804 45.4556 18.9677
threshold=1.0000000180025095e-35 -0.89495246814786256 61.812500000000007 127.18750000000001 23117.500000000004 39170.500000000007 33568.000000000007 17055.000000000004 12.781380208333337 -0.5 20.800260416666671 1.0000000180025095e-35 9.5000000000000018 10.08190104166667 19637.500000000004 5.5000000000000009 496.06250000000006 25739.500000000004
decision_type=2 2 2 2 2 2 2 2 2 2 2 2 2 2 2 2 2 2
left_child=-1 2 -2 7 10 -6 -7 8 9 -3 11 12 -5 14 15 16 -13 -17
right_child=1 3 -4 4 5 6 -8 -9 -10 -11 -12 13 -14 -15 -16 17 -18 -19
leaf_value=10.139672139450342 -0.29945706006696293 -19.09270082608591 3.5587031434265075 11.711864707782984 -2.6034929428295381 -13.571238282141415 -6.3761698325290572 0.40762480554931729 -1.0086631824727139 4.7935419145689711 -2.53373789549762 -48.255448553402147 -33.620613593926137 2.1357215086048962 0.066121121453330406 23.401126413533479 -6.8313970215463531 -52.683699293946894
leaf_weight=3018 18953 366 32922 6933 50624 268 632 213964 2895 286 6213 171 111 19354 2427 307 290 66
leaf_count=3018 18953 366 32922 6933 50624 268 632 213964 2895 286 6213 171 111 19354 2427 307 290 66
internal_value=5.25946e-05 4.21097e-05 0.000296835 -1.22762e-06 -0.000176689 -0.000421029 -0.0029855 6.92729e-05 -0.00117385 -0.00517074 0.000174264 0.000334427 0.00102503 0.000119321 -0.00107679 -0.00420206 -0.00751731 -0.000104668
internal_weight=359800 356782 51875 304907 87396 51524 900 217511 3547 652 35872 29659 7044 22615 3261 834 461 373
internal_count=359800 356782 51875 304907 87396 51524 900 217511 3547 652 35872 29659 7044 22615 3261 834 461 373
is_linear=0
shrinkage=0.0229654


Tree=414
num_leaves=19
num_cat=0
split_feature=25 7 0 3 9 4 3 36 35 23 3 31 4 13 36 16 35 34
split_gain=8.55929 7.13902 10.8434 9.50008 8.66124 6.95969 18.7395 27.4501 35.8345 8.42237 7.06914 6.54165 11.584 7.54556 7.12422 6.44738 13.6446 11.554
threshold=1.0000000180025095e-35 -0.82968937203783699 34.500000000000007 1.0000000180025095e-35 0.68301270189221941 11.500000000000002 2.5000000000000004 38855.500000000007 38550.000000000007 -1.1624999999999992 3.5000000000000004 118.69375000000001 5.5000000000000009 19.231250000000006 24337.500000000004 127.18750000000001 23117.500000000004 0.92708333333333348
decision_type=2 2 2 2 2 2 2 2 2 2 2 2 2 2 2 2 2 2
left_child=-1 2 4 -4 -2 10 7 8 9 -7 -5 -12 -13 14 -14 -3 -17 -18
right_child=1 15 3 5 -6 6 -8 -9 -10 -11 11 12 13 -15 -16 16 17 -19
leaf_value=9.9068104223511941 0.92016665003878173 0.26621428285807308 10.019198489890588 5.605959245073632 -5.65010056479524 -36.754109855436035 5.7460734254899739 6.7342361023920274 11.223263530494496 -31.45170350591971 1.2948892804469354 -12.788713101576104 5.413393595586796 0.77022028399847853 -11.300615524763097 1.1305002570447296 -2.94685153491722 -20.54124691838981
leaf_weight=3018 15838 209782 6370 17733 6427 62 1584 472 142 230 15503 266 141 1671 256 33424 46777 104
leaf_count=3018 15838 209782 6370 17733 6427 62 1584 472 142 230 15503 266 141 1671 256 33424 46777 104
internal_value=5.13818e-05 4.10799e-05 0.000255324 0.000462616 -0.000158329 0.000325233 -0.000848521 -0.00348283 -0.00765161 -0.0122535 0.000407399 8.45898e-05 -0.00104889 -0.000468636 -0.00331465 -8.1779e-06 -0.000183168 -0.000435932
internal_weight=359800 356782 66695 44430 22265 38060 2490 906 434 292 35570 17837 2334 2068 397 290087 80305 46881
internal_count=359800 356782 66695 44430 22265 38060 2490 906 434 292 35570 17837 2334 2068 397 290087 80305 46881
is_linear=0
shrinkage=0.0229654


Tree=415
num_leaves=19
num_cat=0
split_feature=37 11 30 4 24 11 24 17 4 31 14 28 29 28 5 30 27 4
split_gain=22.5141 6.24755 10.1744 12.0635 23.6501 10.4989 8.4565 11.3028 9.25789 18.4006 12.1456 8.00062 7.87691 7.75354 7.41632 7.44125 7.23014 7.18787
threshold=40588.166703123112 60.000000000000007 489.68125000000003 9.5000000000000018 2.4750000000000014 1.0000000180025095e-35 1.3250000000000017 89.687500000000014 8.5000000000000018 5.1624999999999996 71.812500000000014 4.1325543478260878 30.40625 6.2274925595238111 1.0000000180025095e-35 672.59375000000011 4.5711867559523816 4.5000000000000009
decision_type=2 2 2 2 2 2 2 2 2 2 2 2 2 2 2 2 2 2
left_child=1 2 3 5 11 -1 14 8 -8 -10 -11 12 -5 -9 15 -4 -15 -3
right_child=-2 17 6 4 -6 -7 7 13 9 10 -12 -13 -14 16 -16 -17 -18 -19
leaf_value=-1.660600243623318 25.009103266867111 -1.3030617741750197 6.9388789802964483 -26.765928345913192 -19.334052791041334 1.060055794768922 -1.1369316382808545 2.6965647584830545 -5.7983690717555225 -38.167658989295788 -5.353442419967382 11.813428443904325 -3.5930861003551944 -18.118163231927738 0.19456019270463012 2.9210997044554929 -0.6950699665610236 0.32024679041177173
leaf_weight=17924 4218 84496 6605 97 116 34035 7456 8787 2327 66 61 500 4707 107 16144 34269 143 137742
leaf_count=17924 4218 84496 6605 97 116 34035 7456 8787 2327 66 61 500 4707 107 16144 34269 143 137742
internal_value=5.14457e-05 3.16599e-05 0.000155934 -7.48849e-05 -0.0011059 3.26632e-05 0.00033028 -9.0058e-05 -0.000625697 -0.00184921 -0.0103616 -0.000881553 -0.0011693 0.000497326 0.000469958 0.000634563 -0.00349074 -4.29054e-05
internal_weight=359800 355582 133344 57379 5420 51959 75965 18947 9910 2454 127 5304 4804 9037 57018 40874 250 222238
internal_count=359800 355582 133344 57379 5420 51959 75965 18947 9910 2454 127 5304 4804 9037 57018 40874 250 222238
is_linear=0
shrinkage=0.0229654


Tree=416
num_leaves=19
num_cat=0
split_feature=26 4 3 29 3 35 26 27 12 27 35 36 27 23 6 8 36 23
split_gain=9.07909 16.1075 14.8097 14.996 70.1757 14.0033 11.7588 10.6194 10.4617 15.2815 9.07836 8.92652 8.05998 9.26547 7.63873 15.3119 19.4264 7.06977
threshold=4.8615885416666682 11.500000000000002 2.5000000000000004 514.9937500000002 1.5000000000000002 35774.500000000007 2.5639322916666671 -0.030040922619047446 2.7312500000000006 0.058649553571426878 29074.500000000004 34693.000000000007 -0.20442708333333345 0.61250000000000016 1.0000000180025095e-35 -0.19467261866128607 28302.500000000004 -5.8624999999999972
decision_type=2 2 2 2 2 2 2 2 2 2 2 2 2 2 2 2 2 2
left_child=1 7 3 4 -3 -6 -5 11 9 -2 -11 14 -8 -14 -1 16 -16 -10
right_child=8 2 -4 6 5 -7 12 -9 17 10 -12 -13 13 -15 15 -17 -18 -19
leaf_value=3.5555203204852037 -6.7107915975093642 -1.5317338138383949 3.5741283721296604 -17.080579220628881 -15.819649605017405 -33.696959518993474 3.3186414041499392 -0.47752808992698209 2.9240038669741408 -23.169232491959825 -31.600540140446547 14.807642335488612 -19.118353383763473 -0.058662546117401175 -26.764655712249315 6.612733923450195 5.2768488158307205 0.026140824839641551
leaf_weight=19339 2365 740 2441 331 199 119 1394 10393 6731 61 89 6275 112 173 94 267 88 308589
leaf_count=19339 2365 740 2441 331 199 119 1394 10393 6731 61 89 6275 112 173 94 267 88 308589
internal_value=5.16371e-05 0.000369121 -0.000788302 -0.00185041 -0.00406344 -0.0130859 -0.000685534 0.000544024 9.71848e-06 -0.00146559 -0.00857375 0.000791537 9.43785e-05 -0.00342467 0.0005522 -0.00240907 -0.00754578 2.14855e-05
internal_weight=359800 41965 5509 3068 1058 318 2010 36456 317835 2515 150 26063 1679 285 19788 449 182 315320
internal_count=359800 41965 5509 3068 1058 318 2010 36456 317835 2515 150 26063 1679 285 19788 449 182 315320
is_linear=0
shrinkage=0.0229654


Tree=417
num_leaves=19
num_cat=0
split_feature=7 0 3 25 4 16 13 35 12 16 35 34 35 25 35 21 4 4
split_gain=8.17474 10.7436 8.99614 8.35655 6.68619 7.79194 13.0306 6.46993 8.03674 6.30371 12.633 11.6132 10.3871 10.5958 10.3746 23.9383 14.8757 17.7805
threshold=-0.82968937203783699 34.500000000000007 1.0000000180025095e-35 3.124739583333334 10.500000000000002 1.0000000180025095e-35 12.143750000000004 25151.500000000004 4.7062500000000016 127.18750000000001 23117.500000000004 0.92708333333333348 39170.500000000007 3.046614583333334 17055.000000000004 12.781380208333337 8.5000000000000018 4.5000000000000009
decision_type=2 2 2 2 2 2 2 2 2 2 2 2 2 2 2 2 2 2
left_child=1 4 -3 -4 5 6 -1 -7 -9 14 -11 12 13 -12 15 16 17 -2
right_child=9 2 3 -5 -6 7 -8 8 -10 10 11 -13 -14 -15 -16 -17 -18 -19
leaf_value=-6.880910399279891 20.967871491564193 9.9124000175424616 14.819399593160558 1.4642818390979762 5.4873238001906541 2.3242021051260959 -30.110930184842076 7.5869937505645657 -5.3455767039586704 1.1041448975372623 16.814866756093227 -20.082560723710547 -10.164552274236788 -2.8804719306828792 0.38789822302732363 -1.0297702069031123 -0.17103073657354659 -18.690881988393418
leaf_weight=1196 80 6432 2802 35742 2928 8801 129 879 8555 33424 1270 104 939 44873 208187 2888 206 365
leaf_count=1196 80 6432 2802 35742 2928 8801 129 879 8555 33424 1270 104 939 44873 208187 2888 206 365
internal_value=5.10627e-05 0.000278932 0.000483859 0.000351178 -0.000130922 -0.000284132 -0.00198456 -0.000160575 -0.000578395 -1.52394e-06 -0.000174356 -0.000416323 -0.00039939 -0.00035073 6.4278e-05 -0.00116871 -0.00514693 -0.00750891
internal_weight=359800 67464 44976 38544 22488 19560 1325 18235 9434 292336 80610 47186 47082 46143 211726 3539 651 445
internal_count=359800 67464 44976 38544 22488 19560 1325 18235 9434 292336 80610 47186 47082 46143 211726 3539 651 445
is_linear=0
shrinkage=0.0229654


Tree=418
num_leaves=19
num_cat=0
split_feature=37 8 36 37 36 35 36 8 16 16 35 13 4 36 30 23 13 6
split_gain=21.8123 6.13654 8.3318 6.62709 18.3146 14.4928 11.5797 18.1402 11.1967 16.5541 11.693 10.0359 10.3394 9.56349 9.55936 9.10378 8.72164 8.25551
threshold=40588.166703123112 0.99572243068690536 26879.500000000004 22853.533310929546 22204.500000000004 19705.500000000004 20345.500000000004 0.55438071450436011 89.312500000000014 1.0000000180025095e-35 38847.500000000007 2.3312500000000007 1.5000000000000002 33568.000000000007 1459.5062500000001 -0.82499999999999873 19.231250000000006 1.0000000180025095e-35
decision_type=2 2 2 2 2 2 2 2 2 2 2 2 2 2 2 2 2 2
left_child=1 3 -3 6 -5 -6 -1 15 9 17 16 13 14 -12 -13 -8 -10 -7
right_child=-2 2 -4 4 5 8 7 -9 10 -11 11 12 -14 -15 -16 -17 -18 -19
leaf_value=0.56830240122388576 24.224056678171479 -1.6057954636771383 -12.088723632663568 6.5756947863489161 15.32951732432686 -0.02851774595067065 -3.6731721865409819 0.73372123208409623 -1.3074106909674252 2.8975149395638464 -10.388898931762471 -38.152502647930099 -33.883631354479292 0.91186415719158398 4.9219153194544107 -2.2743455094957645 3.5545230967521038 -7.8292431718505586
leaf_weight=57689 4218 6944 528 14148 3966 76801 10002 22093 75333 49750 418 79 214 1154 187 27190 7904 1182
leaf_count=57689 4218 6944 528 14148 3966 76801 10002 22093 75333 49750 418 79 214 1154 187 27190 7904 1182
internal_value=5.04244e-05 3.09494e-05 -0.000620238 4.49268e-05 0.00011621 6.40104e-05 -9.59263e-05 -0.000321326 3.84012e-05 0.000174453 -0.000165356 -0.00187797 -0.00478446 -0.000990493 -0.00176126 -0.000630944 -0.000123136 -3.43672e-05
internal_weight=359800 355582 7472 348110 231136 216988 116974 59285 213022 127733 85289 2052 480 1572 266 37192 83237 77983
internal_count=359800 355582 7472 348110 231136 216988 116974 59285 213022 127733 85289 2052 480 1572 266 37192 83237 77983
is_linear=0
shrinkage=0.0229654


Tree=419
num_leaves=19
num_cat=0
split_feature=25 5 36 16 36 24 9 27 11 30 24 22 22 20 36 34 25 29
split_gain=7.94684 6.78382 18.4975 13.7864 11.2252 15.874 29.8205 15.7935 11.073 10.626 19.6788 15.0091 10.7661 16.6303 11.8242 10.6098 18.9474 10.5926
threshold=1.0000000180025095e-35 1.0000000180025095e-35 24678.500000000004 121.06250000000001 29919.500000000004 2.8750000000000018 -0.93301270189221908 -3.0602120535714277 132.00000000000003 389.08125000000001 -3.6499999999999972 20.320399305555558 13.529079861111112 2.0812500000000012 24393.500000000004 0.89930555555555569 23.489843750000002 96.068750000000037
decision_type=2 2 2 2 2 2 2 2 2 2 2 2 2 2 2 2 2 2
left_child=-1 9 15 -4 5 -5 -7 -6 -9 10 -2 12 13 14 -12 -3 -17 -15
right_child=1 2 3 4 7 6 -8 8 -10 -11 11 -13 -14 17 -16 16 -18 -19
leaf_value=9.3305417772813026 -5.9563704432728279 0.7410453635297557 -1.1894779691865589 -2.9880246208243926 -39.172724228003666 -42.602923664162425 -8.0746885196077773 -16.986484967824424 -2.798266590665575 1.3736749380947746 -5.2501806657692542 4.7087065957115257 -0.036433387172398558 -26.212867946981515 0.84324239405719581 2.7929018488734263 -19.913715720250632 11.044302782450803
leaf_weight=3018 4167 61949 30220 6331 73 131 327 1535 900 160705 4471 6166 74960 216 4291 152 98 90
leaf_count=3018 4167 61949 30220 6331 73 131 327 1535 900 160705 4471 6166 74960 216 4291 152 98 90
internal_value=5.01053e-05 4.01787e-05 -0.000118399 -0.000506939 -0.0012803 -0.000795282 -0.00492402 -0.00259322 -0.00227768 0.000103417 -9.00255e-05 -1.87401e-05 -9.89916e-05 -0.000846387 -0.000662595 0.000128453 -0.00459308 -0.0061091
internal_weight=359800 356782 101716 39517 9297 6789 458 2508 2435 255066 94361 90194 84028 9068 8762 62199 250 306
internal_count=359800 356782 101716 39517 9297 6789 458 2508 2435 255066 94361 90194 84028 9068 8762 62199 250 306
is_linear=0
shrinkage=0.0229654


Tree=420
num_leaves=19
num_cat=0
split_feature=35 8 11 31 30 34 16 3 4 22 34 15 34 15 10 21 30 19
split_gain=7.77439 11.8358 6.27623 10.1801 11.0974 13.2872 9.41363 14.804 8.49235 8.02051 7.01675 13.2975 8.06161 14.219 13.9051 17.98 11.3409 20.3486
threshold=41270.500000000007 -0.94490267940017736 132.00000000000003 291.45625000000007 21.024999999999999 0.36458333333333343 617.56250000000011 3.5000000000000004 7.5000000000000009 23.249175347222224 0.47569444444444448 11.431250000000002 0.024305555555555556 7.9687500000000018 -0.9330127018922193 13.576432291666668 231.11875000000003 4.7312500000000011
decision_type=2 2 2 2 2 2 2 2 2 2 2 2 2 2 2 2 2 2
left_child=2 -2 3 4 5 6 -1 -8 9 -7 12 -12 13 -6 15 -14 17 -16
right_child=1 -3 -4 -5 10 8 7 -9 -10 -11 11 -13 14 -15 16 -17 -18 -19
leaf_value=-4.2840603928410772 -9.5906269535403403 13.388528495474592 -0.92350498139771742 4.3720095341978924 2.3359993173535623 -0.94574068411847256 -40.127194567208321 22.366912085065177 5.4570018468179313 -17.766748452771786 -19.032486275846164 1.6927191845299265 -37.602669247820621 -0.13065479335568003 0.27871077743174222 7.4582514427773221 5.5731865036966601 -11.697382750495667
leaf_weight=7245 248 3832 88930 5670 34768 6958 91 73 2226 79 357 587 62 167613 26858 7825 6045 333
leaf_count=7245 248 3832 88930 5670 34768 6958 91 73 2226 79 357 587 62 167613 26858 7825 6045 333
internal_value=5.01691e-05 0.00104695 3.87363e-05 9.44304e-05 7.3526e-05 -0.000499751 -0.00122468 -0.00666557 8.00803e-05 -0.000311014 0.000112625 -0.00186351 0.000120286 6.07212e-05 0.000413425 0.00128032 0.000207709 7.68591e-06
internal_weight=359800 4080 355720 266790 261120 16672 7409 164 9263 7037 244448 944 243504 202381 41123 7887 33236 27191
internal_count=359800 4080 355720 266790 261120 16672 7409 164 9263 7037 244448 944 243504 202381 41123 7887 33236 27191
is_linear=0
shrinkage=0.0229654


Tree=421
num_leaves=19
num_cat=0
split_feature=37 8 37 35 18 28 30 9 14 30 35 30 28 32 21 32 8 9
split_gain=21.0966 6.02606 6.27979 15.0196 10.4146 11.2818 13.8292 10.6113 8.92697 8.83714 8.79354 10.0473 19.9912 11.27 14.3074 18.711 8.54105 10.9826
threshold=40588.166703123112 0.99572243068690536 22905.088031179152 21808.500000000004 0.014375000000000002 -1.0000000180025095e-35 1717.5250000000001 -0.5 44.187500000000007 4.3000000000000043 25310.500000000004 258.41875000000005 1.8645833333333328 179.44375000000002 16.978776041666674 489.84375000000006 0.44134171618254503 -0.6830127018922193
decision_type=2 2 2 2 2 2 2 2 2 2 2 2 2 2 2 2 2 2
left_child=1 2 16 9 7 8 -7 -5 -6 -4 -9 12 13 -12 15 -15 -1 -18
right_child=-2 -3 3 4 5 6 -8 10 -10 -11 11 -13 -14 14 -16 -17 17 -19
leaf_value=-1.1365259752399319 23.485678139450741 -2.4505070083311904 -12.394027040896164 3.6956364445777115 -40.27535399051574 1.1580265635952385 -7.663068690639343 2.4666301209344765 -2.0848364802890376 12.135318631091847 0.51487714628918824 0.32002627490919922 -0.32043290736204921 -8.5112006179458657 -6.6254658462343752 -33.401479572085357 -1.6422194995192221 1.403765565177328
leaf_weight=73456 4218 7472 483 28890 110 65674 3143 20531 45904 10166 552 48261 4565 432 1005 86 12965 31887
leaf_count=73456 4218 7472 483 28890 110 65674 3143 20531 45904 10166 552 48261 4565 432 1005 86 12965 31887
internal_value=5.03606e-05 3.12078e-05 4.50588e-05 0.000115046 7.41192e-05 -7.67773e-05 0.000109359 0.000240216 -0.000355157 0.000957305 9.68766e-05 -5.47561e-05 -0.000892331 -0.00276138 -0.00378032 -0.00688076 -9.08848e-05 0.000158831
internal_weight=359800 355582 348110 229802 219153 114831 68817 104322 46014 10649 75432 54901 6640 2075 1523 518 118308 44852
internal_count=359800 355582 348110 229802 219153 114831 68817 104322 46014 10649 75432 54901 6640 2075 1523 518 118308 44852
is_linear=0
shrinkage=0.0229654


Tree=422
num_leaves=19
num_cat=0
split_feature=26 4 3 28 29 3 18 26 8 26 8 12 12 7 14 6 18 28
split_gain=8.38646 15.9288 14.9953 20.9035 31.8537 41.1017 13.5777 12.8181 13.4623 12.6578 12.4877 10.2454 8.94569 8.81074 7.19284 10.0217 9.49947 13.8975
threshold=4.8615885416666682 11.500000000000002 2.5000000000000004 -1.0476205406911914 514.9937500000002 1.5000000000000002 0.24000000000000005 1.2430989583333336 -0.19467261866128607 2.5639322916666671 0.25881904510252057 2.5687500000000005 3.8687500000000008 -0.70710678118654735 87.312500000000014 1.0000000180025095e-35 0.051250000000000011 -2.241972222222222
decision_type=2 2 2 2 2 2 2 2 2 2 2 2 2 2 2 2 2 2
left_child=1 6 3 4 5 12 13 8 -8 -6 -7 -2 -3 -1 16 -16 -13 -18
right_child=11 2 -4 -5 9 10 7 -9 -10 -11 -12 14 -14 -15 15 -17 17 -19
leaf_value=10.640719131430089 -10.584998715834692 -21.717172539499909 3.3685692793473927 29.325359606840319 -19.896441365396516 -31.202944037491278 0.2587736228814711 -1.227242215541682 -22.36774538894301 -0.73389183378992351 -8.5512317968681284 0.27202311364832543 -1.5109906552100454 3.0352437432088917 1.3355172000204443 -4.4005871795282419 -6.7953422435155479 -0.91997318901197334
leaf_weight=7596 2127 81 2441 589 282 203 141 5641 156 1488 112 165287 313 22922 70042 1602 9468 69309
leaf_count=7596 2127 81 2441 589 282 203 141 5641 156 1488 112 165287 313 22922 70042 1602 9468 69309
internal_value=4.92117e-05 0.000354345 -0.00079664 -0.00186538 -0.00278938 -0.00690258 0.000528275 -0.00047648 -0.00512662 -0.00114178 -0.0130866 8.92367e-06 -0.00195847 0.000723774 1.9626e-05 0.000221948 -3.97648e-05 -0.0002473
internal_weight=359800 41965 5509 3068 2479 709 36456 5938 297 1770 315 317835 394 30518 315708 71644 244064 78777
internal_count=359800 41965 5509 3068 2479 709 36456 5938 297 1770 315 317835 394 30518 315708 71644 244064 78777
is_linear=0
shrinkage=0.0229654


Tree=423
num_leaves=19
num_cat=0
split_feature=26 4 3 28 29 3 35 7 18 26 8 26 23 19 12 3 17 7
split_gain=8.22282 15.0576 13.9428 20.1855 31.1423 38.9757 14.5441 13.5767 12.8605 10.8732 12.0345 10.7898 9.42931 9.07735 8.94569 7.47853 9.72744 7.44815
threshold=4.8615885416666682 11.500000000000002 2.5000000000000004 -1.0476205406911914 514.9937500000002 1.5000000000000002 35950.500000000007 0.55438071450436044 0.24000000000000005 1.2430989583333336 -0.065263096110025884 2.5639322916666671 4.7750000000000039 13.056250000000002 3.8687500000000008 4.5000000000000009 60.312500000000007 -0.65793410509763395
decision_type=2 2 2 2 2 2 2 2 2 2 2 2 2 2 2 2 2 2
left_child=1 8 3 4 5 14 7 -7 12 10 -10 -6 17 -2 -3 -14 -17 -1
right_child=13 2 -4 -5 11 6 -8 -9 9 -11 -12 -13 15 -15 -16 16 -18 -19
leaf_value=10.324044564856036 0.098201259247528469 -21.218428791325763 3.2912087083379475 28.65189073144834 -19.439511453187336 -4.542727598346076 -32.562886297973961 -17.713305445774832 -0.13075372618559894 -1.199058096205575 -22.14616423826693 -0.71703770771654896 0.35385071886987401 -10.760641865003107 -1.4762901369236614 -19.194183200294638 6.5232276263411269 3.3125590990736034
leaf_weight=8101 315951 81 2441 589 282 103 112 100 153 5641 144 1488 370 1884 313 147 107 21793
leaf_count=8101 315951 81 2441 589 282 103 112 100 153 5641 144 1488 370 1884 313 147 107 21793
internal_value=4.9467e-05 0.000351609 -0.000767459 -0.00179801 -0.00270601 -0.00677301 -0.012795 -0.0091296 0.000520716 -0.000457142 -0.00474 -0.00107691 0.000710981 9.57397e-06 -0.00195847 -0.00208308 -0.00511749 0.000769304
internal_weight=359800 41965 5509 3068 2479 709 315 203 36456 5938 297 1770 30518 317835 394 624 254 29894
internal_count=359800 41965 5509 3068 2479 709 315 203 36456 5938 297 1770 30518 317835 394 624 254 29894
is_linear=0
shrinkage=0.0229654


Tree=424
num_leaves=19
num_cat=0
split_feature=7 0 4 9 28 36 14 21 9 35 12 13 14 18 16 14 19 9
split_gain=7.84385 10.4776 8.3223 8.87287 8.5471 8.60273 20.6385 8.78818 8.24282 7.23838 22.2496 5.96 5.9186 12.0805 10.3681 8.88816 7.91016 12.857
threshold=-0.82968937203783699 34.500000000000007 2.5000000000000004 -0.5 -1.8926470588235282 28730.500000000004 48.062500000000007 12.970963541666668 0.68301270189221941 39830.500000000007 6.106250000000002 -4.4812499999999984 86.937500000000014 0.051250000000000011 361.06250000000006 64.562500000000014 7.6562500000000027 0.93301270189221952
decision_type=2 2 2 2 2 2 2 2 2 2 2 2 2 2 2 2 2 2
left_child=1 8 -3 -4 5 7 -7 -5 -1 -10 -11 -2 13 16 15 -15 17 -13
right_child=11 2 3 4 -6 6 -8 -9 9 10 -12 12 -14 14 -16 -17 -18 -19
leaf_value=1.0607236521510415 10.418172404952122 9.8130465549236376 5.3458011977815163 6.6102802115543504 1.2907747232043032 -37.197788280672654 -10.814025853293467 -11.610820746166818 -4.9306922238240976 2.7439748743302892 -44.25065927036453 0.0048226491411587488 0.75194451206209911 -12.876519235453806 2.5013162168725449 -2.4689805149673627 1.8212870341493996 -4.9186298276064804
leaf_weight=16056 2291 8544 11712 1414 21165 99 1609 433 6248 117 67 99206 81508 2031 11110 50243 39099 6848
leaf_count=16056 2291 8544 11712 1414 21165 99 1609 433 6248 117 67 99206 81508 2031 11110 50243 39099 6848
internal_value=4.85734e-05 0.000271783 0.000474157 0.000322872 7.61798e-05 -0.000965774 -0.00214057 0.000120609 -0.000132964 -0.00082764 -0.00531699 -2.93799e-06 -1.21539e-05 -7.70112e-05 -0.000341524 -0.000476934 3.84938e-05 -6.44436e-05
internal_weight=359800 67464 44976 36432 24720 3555 1708 1847 22488 6432 184 292336 290045 208537 63384 52274 145153 106054
internal_count=359800 67464 44976 36432 24720 3555 1708 1847 22488 6432 184 292336 290045 208537 63384 52274 145153 106054
is_linear=0
shrinkage=0.0229654


Tree=425
num_leaves=19
num_cat=0
split_feature=29 11 13 6 34 4 3 25 4 15 23 28 3 27 3 3 8 0
split_gain=7.37275 6.50921 8.22689 9.36823 22.9005 10.3852 13.2757 8.94036 9.58602 12.648 11.8268 12.1274 17.5009 11.6743 10.1869 27.4088 16.3092 11.5687
threshold=746.06875000000002 132.00000000000003 20.781250000000004 1.0000000180025095e-35 0.35069444444444448 5.5000000000000009 5.5000000000000009 4.8096354166666675 11.500000000000002 13.018750000000004 2.8625000000000016 -0.95624999999999927 5.5000000000000009 -0.20442708333333345 2.5000000000000004 1.5000000000000002 0.75023006073889131 36.500000000000007
decision_type=2 2 2 2 2 2 2 2 2 2 2 2 2 2 2 2 2 2
left_child=1 2 7 5 -5 6 -4 8 10 13 -1 -12 -13 -10 15 -11 -17 -16
right_child=-2 -3 3 4 -6 -7 -8 -9 9 14 11 12 -14 -15 17 16 -18 -19
leaf_value=4.5009616664682097 11.56364459485704 -0.90753423535323863 -0.67999406178677135 -34.61384433274408 2.5372545181810211 4.9824981283740595 -14.158578515126534 0.095986520370842848 4.1638286939227145 13.694341965804549 -1.6459845788099006 -10.774580935483261 -20.730791397288677 -12.189672533649841 5.6630994738958425 -25.58129472306393 -1.8920126068974563 -12.746743249130402
leaf_weight=23130 2493 89271 704 85 177 9792 139 228814 2385 184 1104 222 73 226 505 194 89 213
leaf_count=23130 2493 89271 704 85 177 9792 139 228814 2385 184 1104 222 73 226 505 194 89 213
internal_value=4.78713e-05 3.91877e-05 9.57564e-05 0.00071381 -0.00357629 0.000819499 -0.00162638 6.95646e-05 0.000454444 -0.000619509 0.000620644 -0.0014298 -0.00556619 0.000273544 -0.00258724 -0.00522746 -0.00971364 -0.000869999
internal_weight=359800 357307 268036 10897 262 10635 843 257139 28325 3796 24529 1399 295 2611 1185 467 283 718
internal_count=359800 357307 268036 10897 262 10635 843 257139 28325 3796 24529 1399 295 2611 1185 467 283 718
is_linear=0
shrinkage=0.0229654


Tree=426
num_leaves=19
num_cat=0
split_feature=37 11 33 21 21 3 26 33 21 37 16 35 21 18 35 22 3 11
split_gain=20.0823 5.93369 7.33605 7.79805 7.40609 11.5576 10.8946 8.52978 6.78274 7.4423 13.586 13.5687 22.6615 12.1599 11.506 11.2934 14.4626 9.85437
threshold=40097.014493550079 156.00000000000003 0.22569444444444445 23.378255208333339 5.1361979166666671 5.5000000000000009 6.6522135416666677 0.64930555555555569 21.613281250000004 30273.138219804448 73.937500000000014 32374.500000000004 14.329817708333335 0.075625000000000026 30377.500000000004 11.870095486111113 1.5000000000000002 60.000000000000007
decision_type=2 2 2 2 2 2 2 2 2 2 2 2 2 2 2 2 2 2
left_child=1 8 3 -3 7 -6 -7 -4 9 14 17 13 -13 -12 -1 -15 -17 -11
right_child=-2 2 4 -5 5 6 -8 -9 -10 10 11 12 -14 15 -16 16 -18 -19
leaf_value=0.067689416176977629 18.026922327709993 -0.067232264135840561 7.7816450810441955 -28.669991758593405 -7.5464759744144922 -29.202857606539439 -5.3449011124762906 -4.8434321996424607 3.303954602517027 5.7164864868803411 10.149680179803843 -3.3774604610002474 -40.684088733521889 -2.5796526636427366 -4.086767526795489 -26.322003696158337 10.843260115033953 1.5971404295693488
leaf_weight=226794 5662 31476 2501 153 4061 336 279 5444 6280 18280 5644 14606 81 2043 8646 175 124 27215
leaf_count=226794 5662 31476 2501 153 4061 336 279 5444 6280 18280 5644 14606 81 2043 8646 175 124 27215
internal_value=4.72968e-05 2.56024e-05 -0.000223167 -3.63769e-05 -0.000691273 -0.00141643 -0.00435036 -0.000264485 6.1125e-05 4.56725e-05 0.000256983 -0.000202275 -0.000616549 0.000559613 -1.55092e-05 -0.00083154 -0.00500016 0.00048586
internal_weight=359800 354138 44250 31629 12621 4676 615 7945 309888 303608 68168 22673 14687 7986 235440 2342 299 45495
internal_count=359800 354138 44250 31629 12621 4676 615 7945 309888 303608 68168 22673 14687 7986 235440 2342 299 45495
is_linear=0
shrinkage=0.0229654


Tree=427
num_leaves=19
num_cat=0
split_feature=37 15 26 33 14 5 36 16 25 37 35 36 27 24 9 4 4 15
split_gain=19.6273 5.71326 5.30912 7.0292 5.88392 5.19055 15.3075 14.8811 12.9723 12.5762 12.2673 11.9686 16.7227 16.3599 29.1441 11.2973 17.276 10.0061
threshold=40097.014493550079 5.356250000000002 1.0000000180025095e-35 0.98958333333333348 75.312500000000014 1.0000000180025095e-35 24678.500000000004 123.06250000000001 22.846354166666668 20884.631928884504 26093.500000000004 29919.500000000004 -3.0164434523809516 2.8750000000000018 -0.93301270189221908 9.5000000000000018 10.500000000000002 10.156250000000004
decision_type=2 2 2 2 2 2 2 2 2 2 2 2 2 2 2 2 2 2
left_child=1 -1 -3 5 -5 9 8 -8 15 10 -4 13 -13 -9 -15 -7 -17 -11
right_child=-2 2 3 4 -6 6 7 11 -10 17 -12 12 -14 14 -16 16 -18 -19
leaf_value=2.1502694423111337 17.612926684703872 12.658310640844972 -1.1089737404568745 6.3155201879340774 -5.3416333594452539 1.3610888921517776 -1.0709721772825949 -3.1036183174890661 -6.0749615254929497 2.0930567017604127 -17.990493606938006 -38.570104471945875 -13.563023745767962 -41.841431070987163 -8.6352467463100488 -7.6129580136383268 0.72766033933519281 0.22534398256578458
leaf_weight=15577 5662 1477 34063 523 5018 49271 27851 6110 1110 58584 63 61 2143 131 314 3236 4743 143863
leaf_count=15577 5662 1477 34063 523 5018 49271 27851 6110 1110 58584 63 61 2143 131 314 3236 4743 143863
internal_value=4.65309e-05 2.50836e-05 5.2978e-06 -7.22089e-07 -0.000811933 1.28355e-05 -0.000130581 -0.000498702 0.000100346 7.04088e-05 -0.000337422 -0.00132433 -0.00278836 -0.00083208 -0.00508335 0.000148022 -0.000653646 0.000139156
internal_weight=359800 354138 338561 337084 5541 331543 94970 36610 58360 236573 34126 8759 2204 6555 445 57250 7979 202447
internal_count=359800 354138 338561 337084 5541 331543 94970 36610 58360 236573 34126 8759 2204 6555 445 57250 7979 202447
is_linear=0
shrinkage=0.0229654


Tree=428
num_leaves=19
num_cat=0
split_feature=37 8 35 37 4 37 35 9 17 16 27 15 37 35 13 4 16 27
split_gain=19.0164 5.76647 5.693 12.8876 7.61522 7.42003 9.46572 8.24924 8.10518 13.3327 13.4969 18.2701 7.90891 9.49844 7.32571 6.88419 15.9303 6.89344
threshold=39716.83368484956 0.99572243068690536 39170.500000000007 37144.710925868676 11.500000000000002 36558.079481930494 36136.000000000007 -0.24999999999999994 50.562500000000007 58.312500000000007 -1.7942708333333355 15.168750000000003 33793.841047580718 33580.500000000007 3.3562500000000006 11.500000000000002 103.56250000000001 1.0956473214285716
decision_type=2 2 2 2 2 2 2 2 2 2 2 2 2 2 2 2 2 2
left_child=1 2 5 4 -4 6 12 -7 9 -8 -11 -12 13 -1 -14 -15 -17 -18
right_child=-2 -3 3 -5 -6 7 8 -9 -10 10 11 -13 14 15 -16 16 17 -19
leaf_value=0.19700368997639481 14.144236564284853 -2.4799443614255026 -9.2538697310095017 -1.3612843797423109 -31.165220220360798 14.57342530005352 0.34365724349026938 3.3418142750990025 -2.342291566108154 -37.050593839073137 0.48291417061437658 -24.189499058139365 0.81716560230229163 -2.6763148521662852 8.3421085247002402 -6.9721091828297386 -26.260589257379024 -6.8512040422291678
leaf_weight=293816 7049 7472 721 4315 82 2219 523 11690 7256 124 286 135 9512 6256 7283 939 61 61
leaf_count=293816 7049 7472 721 4315 82 2219 523 11690 7256 124 286 135 9512 6256 7283 939 61 61
internal_value=4.685e-05 2.32486e-05 3.69079e-05 -0.000723334 -0.00339476 4.83464e-05 2.61998e-05 0.00056782 -0.000738292 -0.00260619 -0.00511981 -0.00315843 4.62158e-05 1.91651e-05 0.000531233 -0.000798155 -0.00250866 -0.0103156
internal_weight=359800 352751 345279 5118 803 340161 326252 13909 8324 1068 545 421 317928 301133 16795 7317 1061 122
internal_count=359800 352751 345279 5118 803 340161 326252 13909 8324 1068 545 421 317928 301133 16795 7317 1061 122
is_linear=0
shrinkage=0.0229654


Tree=429
num_leaves=19
num_cat=0
split_feature=37 11 21 17 28 30 9 21 37 3 30 32 0 25 23 22 24 11
split_gain=18.6911 5.68566 6.82045 7.25899 7.0811 6.61458 8.87612 6.53425 7.17521 7.85307 7.41024 7.73565 12.9455 6.62456 11.8393 6.44849 5.94916 5.6816
threshold=40097.014493550079 156.00000000000003 23.378255208333339 29.187500000000004 -0.72411954365079334 1543.2562500000001 -0.24999999999999994 21.613281250000004 30152.371458841222 1.0000000180025095e-35 923.06875000000002 31.018750000000004 34.500000000000007 13.453385416666668 2.4750000000000028 23.249175347222224 -0.212499999999999 60.000000000000007
decision_type=2 2 2 2 2 2 2 2 2 2 2 2 2 2 2 2 2 2
left_child=1 7 3 -3 -5 -6 -7 8 15 13 11 -11 -13 -10 -15 -1 -4 -12
right_child=-2 2 16 4 5 6 -8 -9 9 10 17 12 -14 14 -16 -17 -18 -19
leaf_value=-0.049935309039874864 16.883610444232236 2.7603684419972492 -0.3482701827764999 -6.1560222463869421 0.14572588254721172 -21.160974786574741 -6.0851244155676936 3.2523235351112461 8.1548123441853466 4.951237038974285 1.7711745729975739 -49.512888871371715 -3.1070455421760546 4.1376198227087224 -24.347558827898656 -13.402316543590294 -31.848689210463839 -1.4894769212557091
leaf_weight=234150 5662 6870 72 10774 22690 137 3626 6280 11442 13620 18215 85 392 243 89 98 81 25274
leaf_count=234150 5662 6870 72 10774 22690 137 3626 6280 11442 13620 18215 85 392 243 89 98 81 25274
internal_value=4.64671e-05 2.55375e-05 -0.000217977 -0.000201182 -0.00032776 -0.000125623 -0.00101736 6.03098e-05 4.5143e-05 0.000250315 0.00013982 0.000597391 -0.00227728 0.00079074 -0.00240722 -1.56077e-05 -0.00505839 -8.50191e-06
internal_weight=359800 354138 44250 44097 37227 26453 3763 309888 303608 69360 57586 14097 477 11774 332 234248 153 43489
internal_count=359800 354138 44250 44097 37227 26453 3763 309888 303608 69360 57586 14097 477 11774 332 234248 153 43489
is_linear=0
shrinkage=0.0229654


Tree=430
num_leaves=19
num_cat=0
split_feature=26 10 3 15 35 18 26 16 12 27 7 23 30 30 36 0 0 27
split_gain=7.48832 14.4798 14.0558 14.6676 24.5356 11.4448 11.3634 11.9379 8.93882 14.4477 10.5559 8.62045 8.5819 30.1724 12.3169 11.3847 9.77139 8.43382
threshold=4.8615885416666682 0.93301270189221952 2.5000000000000004 15.306250000000004 35774.500000000007 0.26312500000000011 1.2430989583333336 0.43750000000000006 2.7312500000000006 0.058649553571426878 0.44134171618254497 4.7750000000000039 1111.8187500000001 1290.4750000000004 37273.500000000007 10.500000000000002 38.500000000000007 -2.8796688988095247
decision_type=2 2 2 2 2 2 2 2 2 2 2 2 2 2 2 2 2 2
left_child=1 5 3 12 17 11 7 -7 9 -2 -11 -1 -3 16 15 -15 -14 -5
right_child=8 2 -4 4 -6 6 -8 -9 -10 10 -12 -13 13 14 -16 -17 -18 -19
leaf_value=4.5598032938750563 -6.299495233868722 33.192332166629626 3.3212379567588357 -10.24173917481394 -30.33436793680066 -22.573175613264404 -1.250921821567863 6.0834708009593168 0.093770859935417325 -33.196435690222152 -24.350187532933653 -9.4235970407750873 -30.172292605144538 5.5422899478014402 23.371295732159457 -9.0960746605366296 -6.0357322632608037 -0.55375998978545826
leaf_weight=30264 2365 328 2441 65 109 167 5290 101 315320 78 72 634 113 435 490 1228 73 227
leaf_count=30264 2365 328 2441 65 109 167 5290 101 315320 78 72 634 113 435 490 1228 73 227
internal_value=4.57649e-05 0.000334097 -0.00076329 -0.00179801 -0.00589312 0.000499927 -0.000459473 -0.00507296 7.69532e-06 -0.00135601 -0.00826755 0.000672506 -0.00118228 -0.00167012 -0.00090347 -0.00184635 -0.0105443 -0.00242238
internal_weight=359800 41965 5509 3068 401 36456 5558 268 317835 2515 150 30898 2667 2339 2153 1663 186 292
internal_count=359800 41965 5509 3068 401 36456 5558 268 317835 2515 150 30898 2667 2339 2153 1663 186 292
is_linear=0
shrinkage=0.0229654


Tree=431
num_leaves=19
num_cat=0
split_feature=37 15 23 30 27 37 35 36 36 10 4 25 15 37 36 1 24 27
split_gain=18.4685 5.55692 5.87222 8.74946 8.61897 5.96505 14.9559 12.8303 12.1341 12.0751 11.8156 15.7208 12.4924 11.6714 12.87 13.7595 11.4767 10.4359
threshold=40588.166703123112 5.356250000000002 -5.8624999999999972 990.00625000000014 -0.6424107142857135 23737.101329373709 23175.500000000004 20345.500000000004 23495.500000000004 0.6830127018922193 9.5000000000000018 13.999218750000002 8.9187500000000028 25704.880355702509 27525.500000000004 21.500000000000004 -2.4749999999999979 -0.29058779761904713
decision_type=2 2 2 2 2 2 2 2 2 2 2 2 2 2 2 2 2 2
left_child=1 -1 3 -3 -5 7 -7 -4 -8 10 16 -12 -13 -10 -15 17 -9 -16
right_child=-2 2 5 4 -6 6 8 9 13 -11 11 12 -14 14 15 -17 -18 -19
leaf_value=2.1147385296378585 20.632610905638408 3.0814471958520362 0.61724961398491118 -12.478184265998143 -28.727492703819713 8.3528377220413628 4.7421328467995725 -4.7261189678635906 -2.3047405501418399 1.7895265327285428 -4.4125955164709945 -12.697185247903747 -9.8868356822447829 2.7985338922177285 2.2403548375336504 -6.3213423700074873 -1.0278380387010169 -0.98572419173794823
leaf_weight=15695 4218 6168 54002 313 63 12779 14439 7160 30404 8965 4364 101 438 32117 34887 4323 57328 72036
leaf_count=15695 4218 6168 54002 313 63 12779 14439 7160 30404 8965 4364 101 438 32117 34887 4323 57328 72036
internal_value=4.5382e-05 2.74618e-05 7.95281e-06 0.000689243 -0.00271187 -5.42189e-06 7.34149e-05 -0.000125135 2.17933e-05 -0.000312845 -0.000415317 -0.00150214 -0.00520237 -3.1362e-05 5.53139e-05 -6.1601e-05 -0.000332686 -1.02451e-05
internal_weight=359800 355582 339887 6544 376 333343 200985 132358 188206 78356 69391 4903 539 173767 143363 111246 64488 106923
internal_count=359800 355582 339887 6544 376 333343 200985 132358 188206 78356 69391 4903 539 173767 143363 111246 64488 106923
is_linear=0
shrinkage=0.0229654


Tree=432
num_leaves=19
num_cat=0
split_feature=37 11 30 10 23 11 36 30 20 4 14 30 21 21 21 30 23 30
split_gain=18.3154 5.59251 9.61911 13.1159 10.0931 9.71894 8.97116 7.69965 11.6669 7.17993 14.6696 13.4291 17.3697 9.37643 8.39076 8.56016 7.95822 10.3795
threshold=40588.166703123112 60.000000000000007 489.68125000000003 1.0000000180025095e-35 -1.6750000000000018 1.0000000180025095e-35 21132.500000000004 326.23125000000005 0.7312499999999994 4.5000000000000009 45.062500000000007 1142.6125000000002 10.888932291666668 5.4449218750000012 8.7402343750000018 1059.2187500000002 -2.200000000000002 1428.5750000000003
decision_type=2 2 2 2 2 2 2 2 2 2 2 2 2 2 2 2 2 2
left_child=1 2 3 5 6 -1 -5 -6 -9 10 14 12 -11 -13 15 -3 17 -15
right_child=-2 9 -4 4 7 -7 -8 8 -10 11 -12 13 -14 16 -16 -17 -18 -19
leaf_value=-1.620695425574235 20.158774558895693 -59.81608933044302 1.5850764053478434 1.2458011041873858 3.406016005789549 1.0055990020426049 -7.7178618412082622 -4.2904914271945565 -19.864324699276843 5.0594979636583872 -1.1273673735211693 -0.13391687385542589 0.090513812210055861 -9.2911276191866854 -11.24338203196052 -10.752361943140663 -4.8538326317368679 -25.845322271482516
leaf_weight=17844 4218 108 75965 302 1639 33859 828 2838 69 20786 83847 7960 101568 438 471 70 6876 114
leaf_count=17844 4218 108 75965 302 1639 33859 828 2838 69 20786 83847 7960 101568 438 471 70 6876 114
internal_value=4.62117e-05 2.8366e-05 0.000145945 -7.84871e-05 -0.00112642 3.65561e-05 -0.00306883 -0.000643597 -0.00135328 -4.21821e-05 -0.000208846 6.00554e-05 0.000140472 -0.000579359 -0.00364828 -0.00789597 -0.0011662 -0.00381925
internal_weight=359800 355582 133344 57379 5676 51703 1130 4546 2907 222238 84496 137742 122354 15388 649 178 7428 552
internal_count=359800 355582 133344 57379 5676 51703 1130 4546 2907 222238 84496 137742 122354 15388 649 178 7428 552
is_linear=0
shrinkage=0.0229654


Tree=433
num_leaves=19
num_cat=0
split_feature=26 4 3 28 21 3 35 28 26 12 12 17 14 23 36 24 16 23
split_gain=7.1738 13.6584 12.9286 19.4801 28.5222 35.3309 13.3796 12.0979 11.0093 8.72187 8.71378 9.01125 8.97702 9.62416 8.61723 8.56206 7.94712 7.59339
threshold=4.8615885416666682 11.500000000000002 2.5000000000000004 -1.0476205406911914 4.8589843750000012 1.5000000000000002 35950.500000000007 -0.8404586834733897 2.5639322916666671 3.8687500000000008 5.2812500000000009 97.187500000000014 85.937500000000014 -0.72499999999999909 34693.000000000007 -0.50000000000000011 11.562500000000002 -5.8624999999999972
decision_type=2 2 2 2 2 2 2 2 2 2 2 2 2 2 2 2 2 2
left_child=1 7 3 4 8 9 -7 14 -3 -6 11 -2 17 -14 -1 -9 -13 -12
right_child=10 2 -4 -5 5 6 -8 15 -10 -11 12 16 13 -15 -16 -17 -18 -19
leaf_value=2.58904000242579 -1.0105985637953701 -18.521806373448275 3.1674653760135478 28.107205292779099 -27.604879016542505 -14.019782504369037 -31.363200654151225 3.6204819862921265 -1.3712539533601913 -0.76388600455379985 2.8404955871082738 -9.5834085614633615 -0.053074159217346949 2.9129442444715932 11.335246755037685 -5.140982829489908 12.117457959099779 -0.30004612065221115
leaf_weight=20450 16314 284 2441 589 65 195 108 2722 1542 285 5313 4463 37466 40470 8276 5008 839 212970
leaf_count=20450 16314 284 2441 589 65 195 108 2722 1542 285 5313 4463 37466 40470 8276 5008 839 212970
internal_value=4.53182e-05 0.00032753 -0.000738278 -0.00173064 -0.00262263 -0.00674191 -0.0124832 0.000488588 -0.00114953 -0.00177162 8.0566e-06 -0.000437082 4.05397e-05 0.00025212 0.000705607 -0.000317891 -0.00125959 -3.50031e-05
internal_weight=359800 41965 5509 3068 2479 653 303 36456 1826 350 317835 21616 296219 77936 28726 7730 5302 218283
internal_count=359800 41965 5509 3068 2479 653 303 36456 1826 350 317835 21616 296219 77936 28726 7730 5302 218283
is_linear=0
shrinkage=0.0229654


Tree=434
num_leaves=19
num_cat=0
split_feature=37 35 37 9 26 1 37 35 3 9 3 37 35 17 1 14 3 9
split_gain=17.4025 8.80766 10.6632 17.2061 7.98997 7.71704 7.19399 8.43976 8.00117 10.0325 8.74603 7.85281 9.13312 7.78793 13.5705 9.89165 7.40905 18.7667
threshold=39354.389669697441 39170.500000000007 35683.73035002665 0.25000000000000011 0.78072916666666681 9.5000000000000018 36558.079481930494 36136.000000000007 2.5000000000000004 -0.24999999999999994 1.0000000180025095e-35 33793.841047580718 33580.500000000007 50.562500000000007 12.500000000000002 81.562500000000014 1.5000000000000002 0.93301270189221952
decision_type=2 2 2 2 2 2 2 2 2 2 2 2 2 2 2 2 2 2
left_child=1 6 3 -3 -4 -5 7 11 9 -8 -11 12 -1 14 15 -9 17 -14
right_child=-2 2 4 5 -6 -7 8 13 -10 10 -12 -13 16 -15 -16 -17 -18 -19
leaf_value=0.11765795260172671 11.321384208467579 -29.235322491972202 -14.052899214740471 -30.674446064402222 -2.550850307901563 10.962180558623469 13.947696571079964 -34.771120652329628 11.262506683310072 6.8369511344575491 -8.182369795483508 4.0431242159202601 0.63922663789595102 -2.3464036160051736 -3.242110069947115 -18.303942529239645 -2.8231363014928781 -29.928056960518461
leaf_weight=301288 8520 78 68 74 3823 144 1303 183 5115 2900 4051 16795 534 7256 754 131 6398 385
leaf_count=301288 8520 78 68 74 3823 144 1303 183 5115 2900 4051 16795 534 7256 754 131 6398 385
internal_value=4.45522e-05 1.96784e-05 -0.00102733 -0.00522929 -0.000707672 -0.0019173 3.23085e-05 1.13822e-05 0.000554681 0.000112406 -0.000234246 2.98537e-05 3.53489e-06 -0.000710703 -0.00254168 -0.00655319 -0.000798155 -0.00272636
internal_weight=359800 351280 4187 296 3891 218 347093 333724 13369 8254 6951 325400 308605 8324 1068 314 7317 919
internal_count=359800 351280 4187 296 3891 218 347093 333724 13369 8254 6951 325400 308605 8324 1068 314 7317 919
is_linear=0
shrinkage=0.0229654


Tree=435
num_leaves=19
num_cat=0
split_feature=37 16 11 37 15 24 30 26 11 14 17 32 21 25 14 32 26 26
split_gain=17.0897 9.32175 5.80822 10.3997 8.4941 10.3488 8.46467 10.6787 7.9768 9.9877 7.88355 7.10753 11.0553 7.88273 7.09434 8.57639 9.37237 6.74896
threshold=41166.464389715322 157.56250000000003 60.000000000000007 37558.007549116825 14.831250000000004 1.2000000000000017 556.2437500000002 13.207942708333336 1.0000000180025095e-35 73.062500000000014 51.312500000000007 312.13125000000008 18.527994791666671 20.800260416666671 79.062500000000014 24.087499999999991 11.674348958333335 19.608203125000003
decision_type=2 2 2 2 2 2 2 2 2 2 2 2 2 2 2 2 2 2
left_child=2 -2 3 4 5 6 7 10 9 -6 14 -9 13 -13 -1 16 -16 -4
right_child=1 -3 17 -5 8 -7 -8 11 -10 -11 -12 12 -14 -15 15 -17 -18 -19
leaf_value=-2.4442992761392324 35.178372328914342 -9.8928257622775551 -0.39580939815314309 8.2923708195543853 -6.8714010845869167 -0.90879225243510908 3.278105391573364 2.5503765844682365 0.15108758719028165 -0.18752640327300099 -0.77943495804381202 -2.134167761411387 1.6665585989258576 -13.059271793869105 -8.0348467933144203 -10.192301542560195 8.8592940833049774 2.5582553549500653
leaf_weight=1318 2711 62 212789 5804 4955 21120 31442 12821 30326 6010 7300 4823 6733 300 332 347 248 10359
leaf_count=1318 2711 62 212789 5804 4955 21120 31442 12821 30326 6010 7300 4823 6733 300 332 347 248 10359
internal_value=4.51267e-05 0.00184104 3.11779e-05 0.000150765 0.000107677 0.000236683 0.00037891 0.00012898 -0.000163462 -0.000694303 -0.000523308 0.000381283 -2.40191e-05 -0.000827974 -0.00171345 -0.00325281 -0.00154423 -4.05692e-05
internal_weight=359800 2773 357027 133879 128075 86784 65664 34222 41291 10965 9545 24677 11856 5123 2245 927 580 223148
internal_count=359800 2773 357027 133879 128075 86784 65664 34222 41291 10965 9545 24677 11856 5123 2245 927 580 223148
is_linear=0
shrinkage=0.0229654


Tree=436
num_leaves=19
num_cat=0
split_feature=37 8 37 35 9 3 8 4 32 17 15 21 3 13 3 13 14 34
split_gain=16.7964 9.45596 5.75301 13.4948 12.3174 17.8279 15.8708 9.9875 19.6998 12.8113 8.84815 8.68153 28.9295 20.3792 11.1763 14.3422 12.9683 11.8185
threshold=41166.464389715322 -0.94490267940017736 24170.878117351884 25310.500000000004 -0.5 2.5000000000000004 0.55438071450436011 9.5000000000000018 15.837500000000004 81.687500000000014 25.281250000000004 15.574348958333333 1.5000000000000002 20.531250000000004 3.5000000000000004 13.456250000000002 61.562500000000007 0.16319444444444445
decision_type=2 2 2 2 2 2 2 2 2 2 2 2 2 2 2 2 2 2
left_child=2 -2 -1 -4 5 -5 -7 -8 10 -10 -9 -6 -13 14 15 17 -17 -14
right_child=1 -3 3 4 11 6 7 8 9 -11 -12 12 13 -15 -16 16 -18 -19
leaf_value=-0.30758018703538631 -10.713412459938388 33.977211503710436 3.6009818539801146 6.3053328480904804 -0.21862797180116908 1.8303922525942999 1.2341898282079511 -5.3866620039535675 -8.2513784430297648 -26.08339357315079 -25.391014323007671 7.7947643175181831 -1.2878908897830883 0.88645559768245885 -7.4419959285806589 -15.965829327787626 0.92711390486923639 -24.148707531548489
leaf_weight=157617 76 2697 36609 17123 111836 18105 1820 3507 61 89 61 2417 99 2735 1901 1104 1811 132
leaf_count=157617 76 2697 36609 17123 111836 18105 1820 3507 61 89 61 2417 99 2735 1901 1104 1811 132
internal_value=4.40416e-05 0.00182448 3.02131e-05 0.000112173 2.25845e-05 0.000368204 -4.05048e-05 -0.00111634 -0.00179869 -0.00995168 -0.00145593 -9.28702e-05 -0.00073429 -0.00141593 -0.00228107 -0.001441 -0.00100449 -0.00694927
internal_weight=359800 2773 357027 199410 162801 40766 23643 5538 3718 150 3568 122035 10199 7782 5047 3146 2915 231
internal_count=359800 2773 357027 199410 162801 40766 23643 5538 3718 150 3568 122035 10199 7782 5047 3146 2915 231
is_linear=0
shrinkage=0.0229654


Tree=437
num_leaves=19
num_cat=0
split_feature=37 37 36 1 36 37 25 30 4 1 27 22 10 37 36 15 28 36
split_gain=16.6213 5.62015 14.1853 16.5715 11.6156 11.0373 12.3441 12.5911 12.282 21.0202 10.8678 12.4941 10.5486 10.4755 10.3843 10.1568 9.50451 10.3058
threshold=41166.464389715322 24218.596483362879 25267.500000000004 22.500000000000004 20345.500000000004 20471.729123591304 20.560677083333335 1438.3812500000001 5.5000000000000009 8.5000000000000018 -0.20442708333333345 15.301822916666667 0.25000000000000017 18870.792390379229 29272.500000000004 8.9187500000000028 0.9989741939095379 24882.500000000004
decision_type=2 2 2 2 2 2 2 2 2 2 2 2 2 2 2 2 2 2
left_child=1 4 -3 10 5 6 7 -1 9 -8 11 -4 -5 -6 -14 -11 17 -15
right_child=-2 2 3 12 13 -7 8 -9 -10 15 -12 -13 14 16 -16 -17 -18 -19
leaf_value=0.55399482828369662 29.992040239813338 3.6045653726663658 2.76914905026252 -13.381385103595786 -6.5553717673242335 4.1951819619081681 2.1689557205473111 -10.376613371371723 -3.0492920006749338 -13.672957571216351 -0.57227037781193069 -3.7796140663562579 -2.5631012702153537 -1.152906106520674 -17.215978566830564 -6.3960018239039131 0.29496238625029492 -6.8760573411653994
leaf_weight=42128 2773 36629 53996 612 2259 14424 142 79 3421 148 99890 4672 2053 48218 208 62 40782 7304
leaf_count=42128 2773 36629 53996 612 2259 14424 142 79 3421 148 99890 4672 2053 48218 208 62 40782 7304
internal_value=4.50628e-05 3.13066e-05 0.000112937 2.03577e-05 -7.03984e-05 0.000180365 6.49313e-06 0.000118998 -0.00125205 -0.00533685 5.16787e-05 0.00029977 -0.00170822 -0.000224078 -0.000984232 -0.00995168 -0.000187817 -0.00038335
internal_weight=359800 357027 198060 161431 158967 60404 45980 42207 3773 352 158558 58668 2873 98563 2261 210 96304 55522
internal_count=359800 357027 198060 161431 158967 60404 45980 42207 3773 352 158558 58668 2873 98563 2261 210 96304 55522
is_linear=0
shrinkage=0.0229654


Tree=438
num_leaves=19
num_cat=0
split_feature=37 16 37 28 16 13 36 3 3 36 0 28 18 36 37 36 37 4
split_gain=16.3273 10.0314 5.37542 7.41975 10.9479 7.0533 9.59778 9.43732 13.7422 10.0003 18.5446 6.9292 12.7638 6.68115 14.9622 9.26854 14.3642 12.3577
threshold=41166.464389715322 157.56250000000003 36558.079481930494 -1.517165178571428 75.562500000000014 1.1187500000000006 39175.500000000007 1.5000000000000002 3.5000000000000004 40256.000000000007 31.500000000000004 -0.3124999999999995 0.026250000000000006 32536.500000000004 30520.511841956639 27231.500000000004 26535.342741169527 1.5000000000000002
decision_type=2 2 2 2 2 2 2 2 2 2 2 2 2 2 2 2 2 2
left_child=2 -2 13 -4 5 6 -5 -8 9 -9 -11 12 -6 14 15 16 -1 -17
right_child=1 -3 3 4 11 -7 7 8 -10 10 -12 -13 -14 -15 -16 17 -18 -19
leaf_value=0.0069887026686937335 32.901406597647444 -10.108374543748221 6.4682957785435269 3.8182514638066603 -5.73330589739275 5.7080688736810989 4.1939618322249581 -16.093253018185127 -1.821448482593504 -69.550090590085077 -36.523999046788987 -5.3261268018372769 -23.404032185812635 -1.703772947680914 4.8127599439461868 -7.052760652422819 4.4889630428225731 -1.0359741610861803
leaf_weight=204813 2711 62 9754 2228 472 6966 405 129 309 81 186 1971 311 37408 22023 3606 20685 45680
leaf_count=204813 2711 62 9754 2228 472 6966 405 129 309 81 186 1971 311 37408 22023 3606 20685 45680
internal_value=4.42331e-05 0.00179963 3.0599e-05 0.000371683 1.37181e-05 0.000357497 -0.000510495 -0.00225516 -0.00386014 -0.00669244 -0.00922917 -0.00127252 -0.00310018 7.31818e-06 4.37711e-05 -2.39019e-06 5.99653e-05 -0.000287685
internal_weight=359800 2773 357027 22812 13058 10304 3338 1110 705 396 267 2754 783 334215 296807 274784 225498 49286
internal_count=359800 2773 357027 22812 13058 10304 3338 1110 705 396 267 2754 783 334215 296807 274784 225498 49286
is_linear=0
shrinkage=0.0229654


Tree=439
num_leaves=19
num_cat=0
split_feature=37 16 11 37 36 16 36 0 21 15 11 24 37 18 36 36 7 37
split_gain=16.3178 10.0314 5.73195 6.84162 19.7655 19.1028 15.6928 13.7781 11.6584 11.0485 11.4198 9.65756 9.26672 8.9245 8.88067 8.58743 11.5792 11.1012
threshold=41166.464389715322 157.56250000000003 156.00000000000003 28146.982781622504 29484.500000000004 101.93750000000001 27094.500000000004 44.500000000000007 14.832161458333333 18.031250000000004 108.00000000000001 -2.424999999999998 24768.647113330317 0.11312500000000002 25209.500000000004 20281.000000000004 0.89495246814786289 21227.09264132009
decision_type=2 2 2 2 2 2 2 2 2 2 2 2 2 2 2 2 2 2
left_child=2 -2 3 6 -5 7 12 9 -7 10 -6 -11 15 -12 -14 17 -17 -1
right_child=1 -3 -4 4 5 8 -8 -9 -10 11 13 -13 14 -15 -16 16 -18 -19
leaf_value=0.329851153403946 32.145812340758525 -9.8762315887328427 -1.4194582558929971 5.9060598634372097 5.1777066211095706 -3.2497121078458928 -2.664864225160136 -9.0058624180761715 -19.504285591289861 11.07038420111312 2.4475582849633559 -2.7501092126586348 5.179623313481688 -6.9524870392728646 0.17723246598536246 -0.10651857910821907 -2.0862957427204796 7.0844833157933413
leaf_weight=44290 2711 62 44614 20531 28629 19831 26532 1138 278 1230 8294 12212 20308 3415 20697 78563 18723 7742
leaf_count=44290 2711 62 44614 20531 28629 19831 26532 1138 278 1230 8294 12212 20308 3415 20697 78563 18723 7742
internal_value=4.47437e-05 0.00179963 3.11136e-05 6.58869e-05 0.000227784 5.50054e-05 -5.45387e-06 0.000276749 -0.00055058 0.000329663 0.000519679 -0.000240554 6.74883e-05 -8.4534e-05 0.000373282 -1.64875e-05 -0.000143855 0.000221657
internal_weight=359800 2773 357027 312413 95558 75027 216855 54918 20109 53780 40338 13442 190323 11709 41005 149318 97286 52032
internal_count=359800 2773 357027 312413 95558 75027 216855 54918 20109 53780 40338 13442 190323 11709 41005 149318 97286 52032
is_linear=0
shrinkage=0.0229654


Tree=440
num_leaves=19
num_cat=0
split_feature=7 0 3 25 3 3 32 0 3 3 33 14 29 26 14 13 23 21
split_gain=7.00197 9.69951 9.03162 6.98872 5.96537 11.734 8.5518 5.61567 10.4573 6.34463 6.32184 5.49915 5.47251 5.15376 4.90396 8.51985 8.48878 9.1373
threshold=-0.82968937203783699 34.500000000000007 1.0000000180025095e-35 3.046614583333334 5.5000000000000009 4.5000000000000009 121.67500000000003 2.5000000000000004 1.0000000180025095e-35 5.5000000000000009 0.82291666666666674 82.687500000000014 121.85625000000003 4.5654947916666675 89.312500000000014 -3.8437499999999996 -0.67499999999999793 12.472786458333337
decision_type=2 2 2 2 2 2 2 2 2 2 2 2 2 2 2 2 2 2
left_child=1 4 12 13 5 -1 -7 8 10 -10 -2 -11 -3 -4 15 -9 17 -16
right_child=7 2 3 -5 -6 6 -8 14 9 11 -12 -13 -14 -15 16 -17 -18 -19
leaf_value=-0.22662412776255325 -2.8369568094468898 2.0830500835115111 13.191227295051508 1.2824402463731066 8.4638275303443233 -10.481198018469085 2.0319783143006869 10.728400156467645 4.7033134266109569 -4.8929421804761688 -22.225246667861054 2.7760046538264866 13.508296792687018 -23.854568678908766 -2.0229908621786605 -0.44341593185127504 2.6976702978612863 1.3634425024206118
leaf_weight=16080 2033 2226 2605 35832 3192 2347 869 2243 10720 1121 111 1015 4206 107 16803 222563 26042 9685
leaf_count=16080 2033 2226 2605 35832 3192 2347 869 2243 10720 1121 111 1015 4206 107 16803 222563 26042 9685
internal_value=4.45522e-05 0.000255444 0.000450158 0.000317216 -0.000133985 -0.000286115 -0.00155245 -4.11637e-06 0.000428688 0.000676315 -0.00105615 -0.000466619 0.00124682 0.00144127 -2.7525e-05 -7.42064e-05 0.000172252 -0.00011722
internal_weight=359800 67464 44976 38544 22488 19296 3216 292336 15000 12856 2144 2136 6432 2712 277336 224806 52530 26488
internal_count=359800 67464 44976 38544 22488 19296 3216 292336 15000 12856 2144 2136 6432 2712 277336 224806 52530 26488
is_linear=0
shrinkage=0.0229654


Tree=441
num_leaves=19
num_cat=0
split_feature=37 11 37 35 36 37 24 37 35 35 17 15 12 13 9 36 26 24
split_gain=16.1712 5.62041 6.6758 13.9894 13.6378 22.9432 7.69868 7.60033 11.1114 7.55813 7.42725 9.35489 7.81493 6.65341 8.52087 11.7018 10.4236 8.08343
threshold=41166.464389715322 156.00000000000003 36204.943172306936 36288.500000000007 32663.500000000004 32975.980006800011 -1.5874999999999975 33138.221006374057 33580.500000000007 39830.500000000007 59.312500000000007 15.731250000000003 6.6312500000000023 20.781250000000004 0.25000000000000011 18620.500000000004 18.747265625000004 -2.3749999999999982
decision_type=2 2 2 2 2 2 2 2 2 2 2 2 2 2 2 2 2 2
left_child=1 2 3 7 -5 -6 -4 8 13 10 11 12 -7 -1 -15 16 -16 -17
right_child=-2 -3 6 4 5 9 -8 -9 -10 -11 -12 -13 -14 14 15 17 -18 -19
leaf_value=0.09735020052275048 27.625136198943967 -1.3842074868318346 12.189580071068139 3.794355139730043 -26.889804323560284 -33.119802033662133 1.6389060722117583 3.7158478222433162 -5.2175870509228908 -26.754318408399765 -4.2176441298588365 -21.814673867784766 5.8281729825424904 3.5802738573618655 -7.9290471221776251 -12.890588668004144 -11.189418326189474 0.01461895844183226
leaf_weight=248407 2773 44614 4591 1815 78 96 17733 18710 4651 93 3119 232 253 11452 61 61 65 996
leaf_count=248407 2773 44614 4591 1815 78 96 17733 18710 4651 93 3119 232 253 11452 61 61 65 996
internal_value=4.43607e-05 3.0792e-05 6.52253e-05 3.57755e-05 -0.00109213 -0.00186227 0.00044791 5.83255e-05 2.68211e-05 -0.00160873 -0.0014462 -0.0038302 -0.00145426 4.66449e-05 0.00056073 -0.00129484 -0.00791031 -0.000506238
internal_weight=359800 357027 312413 290089 5686 3871 22324 284403 265693 3793 3700 581 349 261042 12635 1183 126 1057
internal_count=359800 357027 312413 290089 5686 3871 22324 284403 265693 3793 3700 581 349 261042 12635 1183 126 1057
is_linear=0
shrinkage=0.0229654


Tree=442
num_leaves=19
num_cat=0
split_feature=15 3 35 0 6 30 16 35 9 0 0 0 28 35 31 9 3 0
split_gain=5.70551 6.22232 11.6351 11.3533 16.2385 16.0118 13.9798 20.0007 16.6121 26.8556 20.8452 18.6714 13.7297 15.8609 13.378 28.2838 12.9345 15.2045
threshold=5.356250000000002 3.5000000000000004 23117.500000000004 11.500000000000002 1.0000000180025095e-35 907.98125000000016 17.687500000000004 17704.500000000004 0.25000000000000011 22.500000000000004 36.500000000000007 14.500000000000002 1.0541666666666691 28800.500000000004 104.41875000000003 0.25000000000000011 1.0000000180025095e-35 20.500000000000004
decision_type=2 2 2 2 2 2 2 2 2 2 2 2 2 2 2 2 2 2
left_child=-1 3 -3 12 16 14 8 -8 10 11 -7 -10 13 -2 -6 -16 17 -5
right_child=1 2 -4 4 5 6 7 -9 9 -11 -12 -13 -14 -15 15 -17 -18 -19
leaf_value=2.1440524316783227 -1.9046314311064172 0.76241555859969545 -1.2664638611993164 14.824624800123843 2.9246333967751132 -6.2312203338660614 -22.405133224117208 2.8820746665483497 -3.9019463428581402 8.9538111727654783 -30.280893831924118 -41.901043141642951 1.2157009455569894 -23.833834488193691 -28.764933921823985 8.4331872481217776 0.77917588700001006 2.8580922126124677
leaf_weight=16124 27900 54588 92352 8125 2426 218 82 769 87 381 188 109 16280 175 241 254 112833 26668
leaf_count=16124 27900 54588 92352 8125 2426 218 82 769 87 381 188 109 16280 175 241 254 112833 26668
internal_value=4.41054e-05 2.42969e-05 -8.87732e-05 0.000108748 0.000202871 -0.00111808 -0.00279993 -0.000644974 -0.00466551 -0.00216122 -0.00822456 -0.00906899 -0.000214613 -0.000522294 -6.21111e-05 -0.0035028 0.000245419 0.000632534
internal_weight=359800 343676 146940 196736 152381 4755 1834 851 983 577 406 196 44355 28075 2921 495 147626 34793
internal_count=359800 343676 146940 196736 152381 4755 1834 851 983 577 406 196 44355 28075 2921 495 147626 34793
is_linear=0
shrinkage=0.0229654


Tree=443
num_leaves=19
num_cat=0
split_feature=37 8 8 37 35 26 30 8 35 34 28 37 0 9 28 14 26 26
split_gain=15.732 9.31922 5.60902 5.82854 14.3424 9.6074 8.42699 8.14912 8.92788 18.8096 9.31919 10.9895 17.9152 7.68775 13.0377 8.66716 17.6145 10.3637
threshold=41166.464389715322 -0.94490267940017736 0.99572243068690536 22905.088031179152 21808.500000000004 20.375130208333339 4.3000000000000043 0.65793410509763406 23117.500000000004 0.92013888888888895 -0.25435826286116997 19710.194226256823 22.500000000000004 -0.6830127018922193 2.9445319469223912 81.437500000000014 19.946614583333339 17.182682291666669
decision_type=2 2 2 2 2 2 2 2 2 2 2 2 2 2 2 2 2 2
left_child=2 -2 3 7 6 -6 -5 8 -1 10 11 12 -10 14 -9 16 17 -16
right_child=1 -3 -4 4 5 -7 -8 13 9 -11 -12 -13 -14 -15 15 -17 -18 -19
leaf_value=-0.44651178854562196 -11.620609195609513 30.207873951470688 -2.3076311079738794 -12.498567692500373 0.29723444652159936 5.1501357288083138 11.615616236287462 -0.30996929214655033 -27.652774306249267 -17.487398371616759 -1.0703412335888645 -6.73139144771618 0.95204470552669329 1.6233768728674183 -9.9352728431737258 -4.7874090585580387 -0.86236420099922817 -17.149287418121403
leaf_weight=72967 76 2697 7472 483 215584 5014 10166 9261 83 110 7518 4609 89 22911 70 431 149 110
leaf_count=72967 76 2697 7472 483 215584 5014 10166 9261 83 110 7518 4609 89 22911 70 431 149 110
internal_value=4.34033e-05 0.00176651 3.00201e-05 4.33286e-05 0.000110404 7.06667e-05 0.000933583 -8.77789e-05 -0.000206155 -0.000775631 -0.000691072 -0.00148379 -0.00718337 0.00021911 -0.000311446 -0.00320307 -0.0060101 -0.0108448
internal_weight=359800 2773 357027 349555 231247 220598 10649 118308 85376 12409 12299 4781 172 32932 10021 760 329 180
internal_count=359800 2773 357027 349555 231247 220598 10649 118308 85376 12409 12299 4781 172 32932 10021 760 329 180
is_linear=0
shrinkage=0.0229654


Tree=444
num_leaves=19
num_cat=0
split_feature=37 16 8 36 11 30 32 11 21 24 16 36 37 24 10 27 28 6
split_gain=15.5881 9.94065 5.38401 8.05237 5.82443 9.46909 12.2764 9.4258 8.89088 6.98457 7.27063 13.8126 10.4809 9.5243 8.44024 12.0747 6.75931 6.53764
threshold=41166.464389715322 157.56250000000003 0.99572243068690536 26879.500000000004 60.000000000000007 489.68125000000003 1.0000000180025095e-35 1.0000000180025095e-35 13.042057291666667 2.4750000000000014 103.56250000000001 26466.500000000004 31056.517438512285 -0.99999999999999956 -0.9330127018922193 -3.355208333333334 -1.6179861111111113 1.0000000180025095e-35
decision_type=2 2 2 2 2 2 2 2 2 2 2 2 2 2 2 2 2 2
left_child=2 -2 4 -4 5 6 8 16 -1 10 12 13 14 -12 15 -7 -8 -16
right_child=1 -3 3 -5 -6 9 7 -9 -10 -11 11 -13 -14 -15 17 -17 -18 -19
leaf_value=-7.2095612329538747 29.816313971345942 -10.024681263645586 -1.4272456806777134 -11.249265848539999 -0.15883859102145642 -8.8395059981642063 -5.7191140765722954 0.88130274081201432 14.312656553120293 -1.041470825152466 -4.3844648490183653 -2.442551892872646 7.0826869141667164 7.4236497760094773 1.8254441293175492 -3.3148283356645432 -0.81333578295864961 -3.3951709879110941
leaf_weight=1750 2711 62 6944 528 218478 129 2887 35420 320 8982 1744 13479 16385 6122 26512 321 15806 1220
leaf_count=1750 2711 62 6944 528 218478 129 2887 35420 320 8982 1744 13479 16385 6122 26512 321 15806 1220
internal_value=4.30203e-05 0.00175822 2.96985e-05 -0.000580282 4.27373e-05 0.000163765 -6.16002e-05 4.79577e-06 -0.00179729 0.000332826 0.000414696 6.61689e-05 0.00058162 0.000830912 0.000313083 -0.00280688 -0.000412426 0.00036371
internal_weight=359800 2773 357027 7472 349555 131077 56183 54113 2070 74894 65912 21345 44567 7866 28182 450 18693 27732
internal_count=359800 2773 357027 7472 349555 131077 56183 54113 2070 74894 65912 21345 44567 7866 28182 450 18693 27732
is_linear=0
shrinkage=0.0229654


Tree=445
num_leaves=19
num_cat=0
split_feature=37 8 11 31 37 35 36 37 4 8 27 35 37 37 36 37 36 0
split_gain=15.5777 9.29977 5.36086 9.3533 8.84277 11.5266 13.8631 18.0825 11.0675 10.7215 7.08223 6.67516 14.9684 9.12904 11.293 9.87273 10.9962 12.3814
threshold=41166.464389715322 -0.94490267940017736 132.00000000000003 291.45625000000007 34876.514806393076 36288.500000000007 32663.500000000004 32975.980006800011 11.500000000000002 -0.94490267940017736 -0.20442708333333345 21360.500000000004 22746.243133027394 21623.970797757989 21479.500000000004 23931.502131029851 25161.500000000004 45.500000000000007
decision_type=2 2 2 2 2 2 2 2 2 2 2 2 2 2 2 2 2 2
left_child=2 -2 3 4 5 11 -7 -8 -9 -10 -6 12 -1 -13 -15 -16 -17 -18
right_child=1 -3 -4 -5 10 6 7 8 9 -11 -12 13 -14 14 15 16 17 -19
leaf_value=0.37257339379602589 -11.123516248802812 28.82939393012882 -0.84625691264745273 3.9193308376949472 7.9081060142045558 1.7768499180810993 -28.290387232931117 -3.8462478910828879 -21.039639227558954 -9.4348093133683992 0.90425679413067506 -2.5217869548440812 11.870932836015177 4.0215699215521861 -1.7218579184717007 2.6305426483343544 -0.014086977655049225 -4.45712479925258
leaf_weight=55774 76 2697 89276 5670 11016 1110 67 847 89 251 16600 14829 6994 10214 27878 25134 86401 4877
leaf_count=55774 76 2697 89276 5670 11016 1110 67 847 89 251 16600 14829 6994 10214 27878 25134 86401 4877
internal_value=4.35948e-05 0.00175822 3.02774e-05 8.16631e-05 6.16984e-05 1.59167e-05 -0.0015796 -0.0032342 -0.00257901 -0.00607908 0.000450394 3.21674e-05 0.000234454 -4.2816e-05 9.42383e-06 -4.28143e-05 5.01479e-05 -6.69754e-05
internal_weight=359800 2773 357027 267751 262081 234465 2364 1254 1187 340 27616 232101 62768 169333 154504 144290 116412 91278
internal_count=359800 2773 357027 267751 262081 234465 2364 1254 1187 340 27616 232101 62768 169333 154504 144290 116412 91278
is_linear=0
shrinkage=0.0229654


Tree=446
num_leaves=19
num_cat=0
split_feature=37 16 11 33 29 3 26 4 33 26 37 15 30 33 29 15 26 23
split_gain=14.857 9.85031 5.0849 6.50962 7.12053 11.2595 10.0686 17.0521 8.47856 7.04964 6.38055 12.6984 8.15483 12.4613 19.0402 12.2292 7.91713 9.05829
threshold=41166.464389715322 157.56250000000003 156.00000000000003 0.22569444444444445 498.3562500000001 5.5000000000000009 6.6522135416666677 3.5000000000000004 0.64930555555555569 5.9483072916666684 28146.982781622504 15.806250000000004 1271.0062500000001 0.10069444444444446 402.33125000000007 8.9187500000000028 8.0907552083333361 2.425000000000002
decision_type=2 2 2 2 2 2 2 2 2 2 2 2 2 2 2 2 2 2
left_child=2 -2 10 -4 5 -5 7 -7 -6 -9 -1 12 15 14 -14 -12 -17 -18
right_child=1 -3 3 4 8 6 -8 9 -10 -11 11 -13 13 -15 -16 16 17 -19
leaf_value=-0.027856148088129532 28.469491307396055 -9.5390042596386433 -0.15304735199175029 -7.0574775475730886 7.5698072613100278 -23.144752866094006 -4.9642299995530088 -9.3955390728039667 -4.590071102416041 -35.381590554082173 9.6153745488778668 -1.0452068619896098 -32.523050846690374 1.3682810857704635 -11.546120469969098 7.7289658137229571 1.566662265336372 -9.4464935566290151
leaf_weight=216855 2711 62 31650 4108 2541 198 280 70 5691 76 10579 32026 86 25750 1473 8779 15011 1854
leaf_count=216855 2711 62 31650 4108 2541 198 280 70 5691 76 10579 32026 86 25750 1473 8779 15011 1854
internal_value=4.23182e-05 0.00171682 2.93125e-05 -0.000200035 -0.00063348 -0.00134337 -0.00421769 -0.00684957 -0.000225414 -0.012804 6.20644e-05 0.000218412 0.000406373 0.000106716 -0.00188702 0.000632289 0.000361264 7.01287e-05
internal_weight=359800 2773 357027 44614 12964 4732 624 344 8232 146 312413 95558 63532 27309 1559 36223 25644 16865
internal_count=359800 2773 357027 44614 12964 4732 624 344 8232 146 312413 95558 63532 27309 1559 36223 25644 16865
is_linear=0
shrinkage=0.0229654


Tree=447
num_leaves=19
num_cat=0
split_feature=37 8 27 8 0 3 24 22 14 24 10 3 13 15 22 33 3 15
split_gain=14.8411 9.29197 5.54098 5.17808 5.56217 12.4078 9.25845 8.99067 8.69115 11.1119 8.571 35.9846 34.9828 25.0553 11.1808 14.7499 10.4502 8.56491
threshold=41166.464389715322 -0.89495246814786256 -1.9386346726190478 0.99572243068690536 34.500000000000007 1.0000000180025095e-35 7.6562500000000009 22.587890625000004 89.312500000000014 -1.350000000000001 0.93301270189221952 2.5000000000000004 6.9562500000000016 15.231250000000003 8.6786024305555571 1.0000000180025095e-35 3.5000000000000004 18.668750000000006
decision_type=2 2 2 2 2 2 2 2 2 2 2 2 2 2 2 2 2 2
left_child=3 2 -2 4 8 7 10 -6 -1 -10 16 12 14 -14 15 17 -7 -12
right_child=1 -3 -4 -5 5 6 -8 -9 9 -11 11 -13 13 -15 -16 -17 -18 -19
leaf_value=-0.41240168395004428 2.3175305117265887 28.134807332224028 -12.577139597765228 -2.1645651285632557 5.5383343442901136 2.4314123182097358 -13.994507923105536 -13.882836950100463 -1.8942149030518778 2.0661702988621813 -12.897815461651378 4.1115817228285172 -30.600409634777463 -9.72962400427574 8.0493327909987666 -14.552880070098706 -0.47574866670886445 -43.687362201883936
leaf_weight=205562 61 2651 61 7472 13624 37634 170 68 11018 37463 98 3390 195 99 359 1114 38697 64
leaf_count=205562 61 2651 61 7472 13624 37634 170 68 11018 37463 98 3390 195 99 359 1114 38697 64
internal_value=4.32118e-05 0.00171682 -0.00448014 3.02131e-05 4.30001e-05 0.000192404 8.53274e-05 0.00083227 -1.31711e-05 0.000263424 9.64745e-05 -0.000794873 -0.00329897 -0.0105922 -0.00198753 -0.00299486 0.000158587 -0.00946969
internal_weight=359800 2773 122 357027 349555 95512 81820 13692 254043 48481 81650 5319 1929 294 1635 1276 76331 162
internal_count=359800 2773 122 357027 349555 95512 81820 13692 254043 48481 81650 5319 1929 294 1635 1276 76331 162
is_linear=0
shrinkage=0.0229654


Tree=448
num_leaves=19
num_cat=0
split_feature=37 8 27 8 0 14 9 33 29 29 32 22 5 32 10 29 4 5
split_gain=14.6991 9.83949 5.12295 5.01639 5.37823 8.45146 10.7148 16.1119 14.1089 13.8573 12.0176 14.4899 16.751 10.7733 12.4436 9.93323 13.0111 14.8502
threshold=41166.464389715322 -0.89495246814786256 -1.9386346726190478 0.99572243068690536 34.500000000000007 74.062500000000014 0.68301270189221941 0.11458333333333334 635.11875000000009 141.84375000000003 1.5500000000000009 11.354644097222225 1.0000000180025095e-35 117.12500000000001 -0.9330127018922193 39.787500000000009 6.5000000000000009 1.0000000180025095e-35
decision_type=2 2 2 2 2 2 2 2 2 2 2 2 2 2 2 2 2 2
left_child=3 2 -2 4 5 6 9 10 -9 13 11 -8 -13 15 -15 16 17 -1
right_child=1 -3 -4 -5 -6 -7 7 8 -10 -11 -12 12 -14 14 -16 -17 -18 -19
leaf_value=-15.259874703317278 2.2643074758169295 27.488679976671225 -12.288300443732178 -2.1148550052300994 0.97318159058314724 0.37108735781438051 -9.1971312564237504 2.1472435732315232 -15.762482428660732 3.4395815358340469 -0.68282633229675882 16.269168917342014 -32.77395660194022 4.2229615267421332 -1.6717258809313167 -4.6515312620545952 -4.88082868423911 -49.600967680967784
leaf_weight=271 61 2651 61 7472 95512 172395 8889 9338 352 16135 4309 87 146 7356 25029 9113 532 91
leaf_count=271 61 2651 61 7472 95512 172395 8889 9338 352 16135 4309 87 146 7356 25029 9113 532 91
internal_value=4.29565e-05 0.00170853 -0.00466838 3.00201e-05 4.26059e-05 -1.26288e-05 -0.000205104 -0.000623674 9.00605e-05 -3.9749e-05 -0.00113861 -0.00161075 -0.00726417 -0.000257759 -5.42489e-05 -0.000916367 -0.00322646 -0.00658511
internal_weight=359800 2773 122 357027 349555 254043 81648 23121 9690 58527 13431 9122 233 42392 32385 10007 894 362
internal_count=359800 2773 122 357027 349555 254043 81648 23121 9690 58527 13431 9122 233 42392 32385 10007 894 362
is_linear=0
shrinkage=0.0229654


Tree=449
num_leaves=19
num_cat=0
split_feature=7 8 9 35 12 26 23 26 17 11 14 23 18 28 35 23 29 9
split_gain=6.59385 7.90694 7.07694 7.83697 18.9638 6.87035 5.21241 14.649 8.01347 6.27458 5.59154 13.7644 8.61796 10.5231 11.4827 8.78622 7.58168 7.19388
threshold=-0.79335334029123528 -0.19467261866128607 0.68301270189221941 39830.500000000007 6.106250000000002 3.7464843750000001 -5.8624999999999972 8.3558593750000032 80.187500000000014 156.00000000000003 86.937500000000014 -0.94999999999999873 0.051250000000000011 -4.2968679950186788 39170.500000000007 2.2750000000000021 164.08125000000004 -0.93301270189221908
decision_type=2 2 2 2 2 2 2 2 2 2 2 2 2 2 2 2 2 2
left_child=1 2 -1 -4 -5 -3 7 8 9 -2 12 -12 13 14 16 -14 -8 -13
right_child=6 5 3 4 -6 -7 10 -9 -10 -11 11 17 15 -15 -16 -17 -18 -19
leaf_value=0.86744569985417164 -1.4906583229900237 11.719874276343965 -4.4382133111568534 0.14799598420802901 -43.9714430407248 1.7566482402027517 -3.9148965498628852 2.883771836116745 -41.640831677773683 -20.96333195137894 -0.7166999881682754 13.910514474355415 -2.756359638941309 -0.16676615579701834 -10.034511908926961 1.0232296722194119 7.1273799154472908 1.8622220689575404
leaf_weight=16056 292 3859 6248 117 67 48613 168 6447 65 116 35261 1879 43347 127832 397 17998 8043 42995
leaf_count=16056 292 3859 6248 117 67 48613 168 6447 65 116 35261 1879 43347 127832 397 17998 8043 42995
internal_value=4.18076e-05 0.000233453 -0.000126837 -0.000770512 -0.0054418 0.000387863 -8.62686e-06 0.00061396 -0.00328702 -0.0020939 -2.41288e-05 0.000137704 -8.96972e-05 1.19507e-05 0.000789169 -0.000315777 0.000973604 0.000404507
internal_weight=359800 74960 22488 6432 184 52472 284840 6920 473 408 277920 80135 197785 136440 8608 61345 8211 44874
internal_count=359800 74960 22488 6432 184 52472 284840 6920 473 408 277920 80135 197785 136440 8608 61345 8211 44874
is_linear=0
shrinkage=0.0229654


end of trees

feature_importances:
mean_pred=1194
demand_lag_48=717
demand_lag_336=604
day_of_week=528
wind_speed_10m=482
shortwave_radiation=350
settlement_period=303
temp_mean_fwd_24h=294
lead_hours=254
month=219
hdd_sum_72h=202
period_cos=200
temp_mean_fwd_12h=190
temp_mean_72h=184
temp_delta_6h=183
relative_humidity_2m=181
month_cos=153
period_sin=147
is_holiday=138
temp_delta_24h=137
apparent_temperature=132
temp_anom_seasonal=132
month_sin=131
temp_anom_7d=119
temp_mean_24h=118
hdd_sum_24h=118
hour=112
cold_frac_72h=104
cdd_sum_72h=93
is_weekend=67
precipitation=60
cloud_cover=59
cdd_sum_24h=56
hot_frac_72h=51
temperature_2m=46
hdd=34
cdd=8

parameters:
[boosting: gbdt]
[objective: quantile]
[metric: quantile]
[tree_learner: serial]
[device_type: cpu]
[data_sample_strategy: bagging]
[data: ]
[valid: ]
[num_iterations: 450]
[learning_rate: 0.0229654]
[num_leaves: 19]
[num_threads: 0]
[seed: 0]
[deterministic: 0]
[force_col_wise: 0]
[force_row_wise: 0]
[histogram_pool_size: -1]
[max_depth: -1]
[min_data_in_leaf: 61]
[min_sum_hessian_in_leaf: 0.001]
[bagging_fraction: 0.781673]
[pos_bagging_fraction: 1]
[neg_bagging_fraction: 1]
[bagging_freq: 0]
[bagging_seed: 3]
[bagging_by_query: 0]
[feature_fraction: 0.638545]
[feature_fraction_bynode: 1]
[feature_fraction_seed: 2]
[extra_trees: 0]
[extra_seed: 6]
[early_stopping_round: 0]
[early_stopping_min_delta: 0]
[first_metric_only: 0]
[max_delta_step: 0]
[lambda_l1: 0]
[lambda_l2: 0]
[linear_lambda: 0]
[min_gain_to_split: 0]
[drop_rate: 0.1]
[max_drop: 50]
[skip_drop: 0.5]
[xgboost_dart_mode: 0]
[uniform_drop: 0]
[drop_seed: 4]
[top_rate: 0.2]
[other_rate: 0.1]
[min_data_per_group: 100]
[max_cat_threshold: 32]
[cat_l2: 10]
[cat_smooth: 10]
[max_cat_to_onehot: 4]
[top_k: 20]
[monotone_constraints: ]
[monotone_constraints_method: basic]
[monotone_penalty: 0]
[feature_contri: ]
[forcedsplits_filename: ]
[refit_decay_rate: 0.9]
[cegb_tradeoff: 1]
[cegb_penalty_split: 0]
[cegb_penalty_feature_lazy: ]
[cegb_penalty_feature_coupled: ]
[path_smooth: 0]
[interaction_constraints: ]
[verbosity: -1]
[saved_feature_importance_type: 0]
[use_quantized_grad: 0]
[num_grad_quant_bins: 4]
[quant_train_renew_leaf: 0]
[stochastic_rounding: 1]
[linear_tree: 0]
[max_bin: 255]
[max_bin_by_feature: ]
[min_data_in_bin: 3]
[bin_construct_sample_cnt: 200000]
[data_random_seed: 1]
[is_enable_sparse: 1]
[enable_bundle: 1]
[use_missing: 1]
[zero_as_missing: 0]
[feature_pre_filter: 1]
[pre_partition: 0]
[two_round: 0]
[header: 0]
[label_column: ]
[weight_column: ]
[group_column: ]
[ignore_column: ]
[categorical_feature: ]
[forcedbins_filename: ]
[precise_float_parser: 0]
[parser_config_file: ]
[objective_seed: 5]
[num_class: 1]
[is_unbalance: 0]
[scale_pos_weight: 1]
[sigmoid: 1]
[boost_from_average: 1]
[reg_sqrt: 0]
[alpha: 0.1]
[fair_c: 1]
[poisson_max_delta_step: 0.7]
[tweedie_variance_power: 1.5]
[lambdarank_truncation_level: 30]
[lambdarank_norm: 1]
[label_gain: ]
[lambdarank_position_bias_regularization: 0]
[eval_at: ]
[multi_error_top_k: 1]
[auc_mu_weights: ]
[num_machines: 1]
[local_listen_port: 12400]
[time_out: 120]
[machine_list_filename: ]
[machines: ]
[gpu_platform_id: -1]
[gpu_device_id: -1]
[gpu_device_id_list: ]
[gpu_use_dp: 0]
[num_gpu: 1]

end of parameters

pandas_categorical:[]
