tree
version=v4
num_class=1
num_tree_per_iteration=1
label_index=0
max_feature_idx=37
objective=quantile
feature_names=settlement_period hour minute day_of_week month is_weekend is_holiday period_sin period_cos month_sin month_cos lead_hours temperature_2m apparent_temperature relative_humidity_2m wind_speed_10m shortwave_radiation cloud_cover precipitation hdd cdd temp_mean_24h temp_mean_72h temp_delta_6h temp_delta_24h temp_mean_fwd_12h temp_mean_fwd_24h temp_anom_7d temp_anom_seasonal hdd_sum_24h hdd_sum_72h cdd_sum_24h cdd_sum_72h cold_frac_72h hot_frac_72h demand_lag_48 demand_lag_336 mean_pred
feature_infos=[1:50] [0:23] [0:30] [0:6] [1:12] [0:1] [0:1] [-1:1] [-1:1] [-1:1] [-1:1] [0:168] [-6:31.600000000000001] [-9.5250000000000004:33.700000000000003] [19.75:103.25] [0.875:43.625] [-0.5:963.75] [0:100] [0:4.5750000000000002] [0:21.5] [0:16.100000000000001] [-3.1416666666666662:26.550000000000001] [-2.2100694444444446:25.909635416666667] [-14.387500000000003:14.449999999999999] [-10.637500000000001:12.85] [-4.8390624999999998:29.322916666666668] [-3.1416666666666662:26.550000000000001] [-10.398921130952381:13.579203869047621] [-13.456818181818182:13.476149425287357] [0:894.80000000000007] [0:2550.25] [0:530.40000000000009] [0:1498.9875000000002] [0:1] [0:1] [12621:47319] [12621:47319] [14483.622681704732:45349.555196046764]
tree_sizes=1764 1883 1912 1911 1908 1886 1912 1868 1887 1872 1880 1925 1909 1899 1915 1915 1911 1885 1916 1909 1903 1917 1902 1903 1914 1905 1917 1912 1912 1920 1918 1908 1921 1911 1920 1919 1916 1908 1908 1919 1930 1918 1918 1909 1897 1900 1913 1890 1915 1912 1914 1915 1915 1922 1894 1907 1910 1896 1915 1911 1917 1918 1914 1910 1919 1917 1919 1921 1922 1922 1926 1928 1926 1926 1919 1926 1924 1925 1918 1923 1924 1907 1908 1923 1923 1918 1907 1925 1920 1924 1923 1917 1924 1910 1929 1927 1934 1920 1934 1913 1926 1916 1922 1921 1936 1924 1916 1922 1912 1915 1914 1914 1922 1915 1926 1928 1937 1912 1928 1935 1931 1927 1926 1915 1924 1899 1924 1923 1932 1915 1916 1922 1925 1927 1928 1922 1919 1909 1918 1915 1931 1930 1916 1928 1927 1933 1913 1934 1899 1922 1933 1930 1936 1918 1913 1916 1919 1902 1928 1940 1926 1927 1918 1932 1934 1935 1913 1944 1913 1926 1935 1911 1927 1924 1928 1931 1921 1922 1928 1944 1929 1918 1933 1930 1923 1927 1929 1933 1934 1920 1924 1934 1944 1934 1934 1930 1933 1934 1929 1920 1926 1934 1943 1907 1938 1924 1928 1927 1929 1938 1938 1939 1928 1930 1933 1923 1932 1930 1932 1928 1931 1941 1935 1929 1932 1931 1920 1935 1921 1918 1916 1936 1926 1927 1931 1933 1942 1916 1934 1934 1915 1916 1900 1935 1931 1930 1938 1925 1924 1934 1918 1930 1942 1928 1936 1917 1931 1950 1916 1933 1936 1911 1927 1924 1911 1932 1926 1912 1921 1900 1903 1935 1930 1947 1928 1929 1921 1925 1944 1928 1920 1906 1937 1931 1920 1899 1934 1913 1939 1913 1928 1919 1924 1887 1882 1905 1883 1936 1880 1913 1916 1886 1909 1941 1931 1928 1938 1911 1924 1901 1908 1880 1909 1928 1924 1927 1880 1919 1939 1921 1924 1934 1931 1918 1898 1935 1873 1903 1899 1928 1871 1923 1929 1927 1920 1934 1944 1897 1926 1879 1896 1908 1913 1931 1923 1872 1911 1909 1889 1916 1937 1910 1872 1931 1911 1912 1922 1915 1890 1926 1874 1909 1912 1908 1928 1909 1909 1912 1922 1921 1909 1874 1909 1887 1902 1900 1914 1917 1894 1855 1920 1919 1915 1878 1832 1939 1899 1893 1934 1914 1921 1901 1887 1938 1875 1919 1885 1869 1939 1932 1909 1859 1881 1890 1922 1922 1885 1863 1882 1906 1899 1929 1926 1918 1901 1903 1916 1889 1875 1872 1899 1917 1909 1918 1901 1911 1891 1922 1901 1919 1932 1906 1903 1882 1847 1923 1885 1926 1877 1899 1876 1896 1870 1919 1897 1930 1888 1863 1852 1870

Tree=0
num_leaves=19
num_cat=0
split_feature=37 37 37 37 37 37 37 16 36 36 36 36 8 32 36 12 16 37
split_gain=66496.9 2214.18 2021.77 264.972 220.25 164.481 130.184 120.478 57.3459 43.1635 43.1256 42.3257 35.1366 34.0638 31.207 27.7717 26.8931 25.6562
threshold=25023.449702637965 26202.290285372062 24026.812138910074 22905.088031179152 25583.618629345867 24515.504057869399 27081.620689907333 123.06250000000001 25864.500000000004 24337.500000000004 22204.500000000004 32237.500000000004 -0.5 300.30625000000003 26879.500000000004 7.3812500000000023 100.06250000000001 25187.917678592792
decision_type=2 2 2 2 2 2 2 2 2 2 2 2 2 2 2 2 2 2
left_child=2 4 3 -1 8 10 12 -5 17 -7 15 14 -3 -9 -6 -4 -12 -2
right_child=1 6 5 7 11 9 -8 13 -10 -11 16 -13 -14 -15 -16 -17 -18 -19
leaf_value=24957.58030444121 25069.37591511272 25101.045214027265 25048.879287642645 25029.416103574422 25086.875556717419 25064.002009423086 25226.574139238946 25033.641738817551 25066.2296540893 25057.032007812813 25047.329122539864 25038.556336328584 25103.307306806873 25029.944307979815 25080.100761083053 25063.864216969505 25048.798908711389 25076.472226472106
leaf_weight=121990 2938 4515 814 18142 10078 5677 131450 9247 5055 8410 6264 105 13852 3965 3959 1340 5817 6182
leaf_count=121990 2938 4515 814 18142 10078 5677 131450 9247 5055 8410 6264 105 13852 3965 3959 1340 5817 6182
internal_value=25066 25066 25066 25066 25066 25066 25066 25066 25066 25066 25066 25066 25066 25066 25066 25066 25066 25066
internal_weight=359800 178134 181666 153344 28317 28322 149817 31354 14175 14087 14235 14142 18367 13212 14037 2154 12081 9120
internal_count=359800 178134 181666 153344 28317 28322 149817 31354 14175 14087 14235 14142 18367 13212 14037 2154 12081 9120
is_linear=0
shrinkage=1


Tree=1
num_leaves=19
num_cat=0
split_feature=37 37 37 37 37 37 16 37 16 32 8 16 37 37 14 27 13 37
split_gain=65874.2 2261.18 2012.45 291.344 195.358 179.048 139.429 136.224 42.53 41.1794 40.3649 33.5951 22.9995 21.2539 20.3215 24.3978 19.8331 19.7122
threshold=25077.503310491455 24026.812138910074 26202.290285372062 22799.823670822549 24617.385043280763 25583.618629345867 123.06250000000001 27223.827058536357 98.062500000000014 300.30625000000003 -0.5 157.56250000000003 23581.241280817292 25301.641546275634 55.312500000000007 -0.20442708333333345 18.106250000000006 24366.059982709161
decision_type=2 2 2 2 2 2 2 2 2 2 2 2 2 2 2 2 2 2
left_child=1 3 5 -1 8 13 12 10 17 14 -4 -7 -5 -2 -8 -16 -13 -3
right_child=2 4 7 6 -6 11 9 -9 -10 -11 -12 16 -14 -15 15 -17 -18 -19
leaf_value=-107.37661367680448 2.9768701166205842 -19.183674890312194 37.007053852843825 -42.727102068672799 -4.5931279332339248 19.013044574609179 -37.815800893242233 160.28536898938026 -13.499042307197254 -36.123309256959175 37.931798125964391 15.320785647219896 -26.879084436908467 8.3944947943607033 -39.607102789786545 -27.688055555087882 22.830474367347954 -12.13329434878524
leaf_weight=119168 5697 5118 5135 12650 12625 8721 1918 128583 8443 4327 16099 4479 7211 7014 2218 5852 942 3600
leaf_count=119168 5697 5118 5135 12650 12625 8721 1918 128583 8443 4327 16099 4479 7211 7014 2218 5852 942 3600
internal_value=4.14884e-06 -0.00964753 0.0100087 -0.0107722 -0.00385738 0.00421926 -0.00890299 0.0110464 -0.00545263 -0.00717519 0.00934234 0.00599712 -0.0101483 0.00224125 -0.00636446 -0.00585945 0.00457741 -0.00657773
internal_weight=359800 183130 176670 153344 29786 26853 34176 149817 17161 14315 21234 14142 19861 12711 9988 8070 5421 8718
internal_count=359800 183130 176670 153344 29786 26853 34176 149817 17161 14315 21234 14142 19861 12711 9988 8070 5421 8718
is_linear=0
shrinkage=0.0229654


Tree=2
num_leaves=19
num_cat=0
split_feature=36 36 36 25 16 16 7 21 0 19 16 8 0 0 0 3 3 0
split_gain=45682.3 3097.63 2880.72 847.601 632.145 608.836 519.981 474.564 388.153 353.437 339.026 331.167 319.405 315.936 300.159 300.311 204.009 247.989
threshold=25384.500000000004 27525.500000000004 22796.500000000004 4.623697916666667 364.81250000000006 394.31250000000006 -0.13052619222005171 5.2751302083333345 14.500000000000002 11.556250000000002 410.06250000000006 1.0000000180025095e-35 45.500000000000007 13.500000000000002 14.500000000000002 3.5000000000000004 4.5000000000000009 33.500000000000007
decision_type=2 2 2 2 2 2 2 2 2 2 2 2 2 2 2 2 2 2
left_child=2 5 7 -4 13 6 -2 -1 -5 11 12 -8 16 -3 -9 -16 17 -10
right_child=1 4 3 8 -6 -7 9 14 10 -11 -12 -13 -14 -15 15 -17 -18 -19
leaf_value=-19.352697520439484 36.739163145528579 14.347889438724739 20.430623627219401 -46.991904512592868 19.809466913593855 -25.257761187895689 15.431554447756479 -110.81277592921633 -7.0013889230495527 44.096811596693783 -53.243896955773756 -17.695573275963614 -29.867364473168088 164.91782797771432 -44.867266841730839 -101.25916581431336 -13.926427942231875 22.61543665354462
leaf_weight=5489 19991 2872 6112 15611 5273 5630 9603 66975 12038 3678 10175 6466 7591 119175 16881 32343 9959 3938
leaf_count=5489 19991 2872 6112 15611 5273 5630 9603 66975 12038 3678 10175 6466 7591 119175 16881 32343 9959 3938
internal_value=2.9361e-06 0.00852093 -0.00785843 -0.00397219 0.010357 0.00336827 0.00436966 -0.00994781 -0.00481131 0.00172645 -0.00370092 0.000256537 -0.00258657 0.0106933 -0.0102595 -0.00889802 -0.00137385 0.000234312
internal_weight=359800 172688 187112 65424 127320 45368 39738 121688 59312 19747 43701 16069 33526 122047 116199 49224 25935 15976
internal_count=359800 172688 187112 65424 127320 45368 39738 121688 59312 19747 43701 16069 33526 122047 116199 49224 25935 15976
is_linear=0
shrinkage=0.0229654


Tree=3
num_leaves=19
num_cat=0
split_feature=35 36 36 35 3 3 16 35 3 35 35 21 16 3 7 16 0 35
split_gain=48421.7 3991.12 3487.38 943.945 694.414 589.631 420.617 416.014 337.282 329.006 290.641 265.853 193.263 201.332 173.597 158.628 135.801 130.176
threshold=25373.500000000004 25267.500000000004 25985.500000000004 23300.500000000004 1.0000000180025095e-35 4.5000000000000009 347.06250000000006 27702.500000000004 3.5000000000000004 24035.500000000004 19637.500000000004 11.208463541666669 53.687500000000007 3.5000000000000004 0.65793410509763428 398.18750000000006 15.500000000000002 24380.000000000004
decision_type=2 2 2 2 2 2 2 2 2 2 2 2 2 2 2 2 2 2
left_child=1 3 5 12 10 6 -2 -4 17 -6 -3 14 -1 15 -7 16 -14 -5
right_child=2 4 7 8 9 11 -8 -9 -10 -11 -12 -13 13 -15 -16 -17 -18 -19
leaf_value=-98.943959189724922 32.053047869650783 -29.969279909855899 37.640804318827705 -21.399547440055109 -29.194485905173895 20.365884753635051 -5.2979939311184774 168.75493838312792 -41.255745790805761 0.44332604357522953 42.641135549661385 -18.412480703605397 -56.068438740273855 -125.75765594935615 -10.186927245132699 -65.987345969006753 -14.870054234454731 -5.1538276471295585
leaf_weight=82179 16547 1528 24088 9176 11008 5141 5157 111984 18160 9920 8616 6160 1634 21453 3163 10792 5974 7120
leaf_count=82179 16547 1528 24088 9176 11008 5141 5157 111984 18160 9920 8616 6160 1634 21453 3163 10792 5974 7120
internal_value=3.19141e-07 -0.00807316 0.0087919 -0.00956594 -0.000555066 0.0024535 0.00484724 0.0104766 -0.00620925 -0.0029453 0.0043762 -0.00113843 -0.0105137 -0.00920132 0.0015432 -0.0074388 -0.00489917 -0.00381066
internal_weight=359800 187560 172240 156488 31072 36168 21704 136072 34456 20928 10144 14464 122032 39853 8304 18400 7608 16296
internal_count=359800 187560 172240 156488 31072 36168 21704 136072 34456 20928 10144 14464 122032 39853 8304 18400 7608 16296
is_linear=0
shrinkage=0.0229654


Tree=4
num_leaves=19
num_cat=0
split_feature=0 32 16 7 21 16 1 5 5 0 0 4 21 4 25 5 0 0
split_gain=18752 13292.5 3427.88 3202.83 2997.95 2361.87 2046.79 1307.81 1247.28 1041.65 618.125 503.79 501.249 495.974 426.52 395.701 709.05 367.833
threshold=14.500000000000002 1.0000000180025095e-35 364.81250000000006 -0.5 6.0191406250000012 319.31250000000006 22.500000000000004 1.0000000180025095e-35 1.0000000180025095e-35 45.500000000000007 34.500000000000007 3.5000000000000004 6.3121093750000012 8.5000000000000018 3.124739583333334 1.0000000180025095e-35 18.500000000000004 34.500000000000007
decision_type=2 2 2 2 2 2 2 2 2 2 2 2 2 2 2 2 2 2
left_child=4 5 3 7 14 6 15 17 9 13 -4 -6 -8 -5 -1 -2 -17 -3
right_child=1 2 10 8 11 -7 12 -9 -10 -11 -12 -13 -14 -15 -16 16 -18 -19
leaf_value=31.058672767083639 183.82587458148865 12.679027975322201 -76.892480620843145 -3.5174553572984184 -38.729943975244872 -8.4293962088627445 26.984890108051911 -4.6071517350950097 -83.877713438253082 -41.829022774713415 -0.54676079837887825 -102.80343489009894 -26.936351661791555 49.120622979313957 -10.324757421991967 -2.4627819928803594 115.02150942704321 50.286124764150124
leaf_weight=5137 84594 4117 35682 16152 16373 12938 2922 10320 11858 7193 4905 69816 5278 5597 13626 4580 27896 20816
leaf_count=5137 84594 4117 35682 16152 16373 12938 2922 10320 11858 7193 4905 69816 5278 5597 13626 4580 27896 20816
internal_value=3.31907e-06 0.00336784 -0.00234143 0.000534631 -0.00816651 0.00818615 0.00915096 0.00560471 -0.00384614 -0.00127594 -0.00773067 -0.00997751 -0.00194086 0.00122963 0.000152385 0.00992788 0.00777299 0.00845049
internal_weight=359800 254848 116640 76053 104952 138208 125270 35253 40800 28942 40587 86189 8200 21749 18763 117070 32476 24933
internal_count=359800 254848 116640 76053 104952 138208 125270 35253 40800 28942 40587 86189 8200 21749 18763 117070 32476 24933
is_linear=0
shrinkage=0.0229654


Tree=5
num_leaves=19
num_cat=0
split_feature=37 37 37 37 37 37 37 16 23 23 22 6 37 16 13 22 37 6
split_gain=63173.9 2421.78 2303.67 257.616 223.988 220.779 171.08 136.69 59.743 35.7844 34.9703 32.8778 30.392 29.5766 28.4257 21.4336 21.4106 20.787
threshold=25023.449702637965 26202.290285372062 23737.101329373709 24412.078114376811 27508.88673103532 22632.780340932997 25527.6415586732 123.06250000000001 -0.29999999999999954 1.425 17.180859375000004 1.0000000180025095e-35 24717.614730698628 162.31250000000003 21.056250000000009 10.598220486111112 25822.820239056793 1.0000000180025095e-35
decision_type=2 2 2 2 2 2 2 2 2 2 2 2 2 2 2 2 2 2
left_child=2 6 5 8 9 -1 17 -7 -4 15 14 13 -5 16 -9 -3 -8 -2
right_child=1 4 3 12 -6 7 11 10 -10 -11 -12 -13 -14 -15 -16 -17 -18 -19
leaf_value=-100.69061076421934 4.6879229001785747 34.042414767433939 -19.174071797767986 -8.595057884944886 152.82918491596331 -37.601165803513418 12.633843634735777 -35.916810092927662 -18.216902648292365 35.948326502917205 -38.707651805625012 -2.2267006489489543 -3.3646695371424382 14.602571548607727 3.6926864177918746 36.375281820232424 20.137073453304808 -15.780340102636593
leaf_weight=114898 12546 9808 8781 8640 123063 17665 4291 8434 10956 6714 3738 303 8353 5788 201 10232 5160 229
leaf_count=114898 12546 9808 8781 8640 123063 17665 4291 8434 10956 6714 3738 303 8353 5788 201 10232 5160 229
internal_value=1.97868e-06 0.00971995 -0.00952706 -0.00438988 0.0108841 -0.0108289 0.00356075 -0.00907592 -0.00617449 0.00897963 -0.00722483 0.00517911 -0.00231708 0.00532805 -0.00642154 0.00946578 0.00611982 0.00159185
internal_weight=359800 178134 181666 36730 149817 144936 28317 30038 19737 26754 12373 15542 16993 15239 8635 20040 9451 12775
internal_count=359800 178134 181666 36730 149817 144936 28317 30038 19737 26754 12373 15542 16993 15239 8635 20040 9451 12775
is_linear=0
shrinkage=0.0229654


Tree=6
num_leaves=19
num_cat=0
split_feature=35 35 35 3 3 8 3 10 35 3 3 35 3 8 8 35 10 35
split_gain=47024.1 3039.25 2333.04 1008.12 947.623 554.443 775.824 518.38 337.467 317.881 280.302 237.206 195.201 262.87 160.098 150.232 149.292 149.178
threshold=25199.500000000004 27558.500000000004 23117.500000000004 2.5000000000000004 3.5000000000000004 1.0000000180025095e-35 1.5000000000000002 1.0000000180025095e-35 30043.500000000004 1.0000000180025095e-35 4.5000000000000009 26490.500000000004 5.5000000000000009 0.13052619222005152 -0.70710678118654757 24442.500000000004 -0.24999999999999994 24320.500000000004
decision_type=2 2 2 2 2 2 2 2 2 2 2 2 2 2 2 2 2 2
left_child=2 4 5 9 14 6 7 -1 10 -4 -3 -6 13 -12 -2 -5 -8 -11
right_child=1 8 3 15 11 -7 16 -9 -10 17 12 -13 -14 -15 -16 -17 -18 -19
leaf_value=-37.657135056644599 17.404045882500025 63.866901949672155 24.194988979985951 -36.501193362812529 -6.9528290842636729 -91.949989902375194 -107.22368021650168 57.504159189345422 188.31615413347953 -15.798924343949446 -16.158328592982663 12.968823930814404 58.256498972881396 28.352878111452036 31.290900194324148 -17.187757704830879 -63.743510982892118 1.3489498707784733
leaf_weight=17048 6232 28808 6984 19368 12960 76992 28992 2352 87688 8736 2832 9000 3888 2672 22416 11352 4760 6720
leaf_count=17048 6232 28808 6984 19368 12960 76992 28992 2352 87688 8736 2832 9000 3888 2672 22416 11352 4760 6720
internal_value=2.68079e-06 0.00846369 -0.00814409 -0.00409023 0.00371064 -0.00979997 -0.0079959 -0.0043362 0.0103745 -0.000389921 0.00857295 0.000121311 0.0051276 0.00234494 0.00646203 -0.00679319 -0.0100994 -0.0022273
internal_weight=359800 176496 183304 53160 50608 130144 53152 19400 125888 22440 38200 21960 9392 5504 28648 30720 33752 15456
internal_count=359800 176496 183304 53160 50608 130144 53152 19400 125888 22440 38200 21960 9392 5504 28648 30720 33752 15456
is_linear=0
shrinkage=0.0229654


Tree=7
num_leaves=19
num_cat=0
split_feature=37 37 37 37 37 37 37 8 16 8 35 37 37 32 12 35 3 32
split_gain=61967.1 2466.14 2404.82 265.385 236.893 211.712 205.018 170.133 57.5735 54.4298 38.3695 35.1462 32.8732 27.081 35.3084 24.4287 27.9844 24.3916
threshold=25023.449702637965 26330.685583143768 23685.696251002981 24366.059982709161 22421.220383782642 25704.880355702509 27736.99555956195 -0.5 129.18750000000003 -0.5 28119.500000000004 24717.614730698628 25301.641546275634 300.30625000000003 20.806250000000006 22824.500000000004 4.5000000000000009 297.64375000000007
decision_type=2 2 2 2 2 2 2 2 2 2 2 2 2 2 2 2 2 2
left_child=2 5 4 8 -1 12 9 13 -4 -3 -7 -5 -2 14 15 16 -6 -10
right_child=1 6 3 11 7 10 -8 -9 17 -11 -12 -13 -14 -15 -16 -17 -18 -19
leaf_value=-99.118772003151122 2.437333163406477 38.359080363955435 -19.035130209904704 -8.1788580301817557 -28.563975073840631 19.069462286507314 150.22814240755505 -37.685397769884865 -17.719854928608484 36.480576584865979 10.173895516332621 -3.3710555678372072 8.1425028281075953 -38.498372275923479 4.6477101599468593 -45.824634648697817 5.1332523869384525 -18.276751948691633
leaf_weight=109309 7161 6704 11188 10033 3169 12492 118920 22823 6046 21351 1657 8353 9849 3158 222 4497 349 2519
leaf_count=109309 7161 6704 11188 10033 3169 12492 118920 22823 6046 21351 1657 8353 9849 3158 222 4497 349 2519
internal_value=9.12744e-06 0.00963383 -0.00942845 -0.00430266 -0.0107905 0.00376517 0.010878 -0.00912294 -0.00615089 0.00911208 0.00584077 -0.00231703 0.00203867 -0.00683118 -0.00613796 -0.00638819 -0.00495473 -0.00473385
internal_weight=359800 178134 181666 38139 143527 31159 146975 34218 19753 28055 14149 18386 17010 11395 8237 8015 3518 8565
internal_count=359800 178134 181666 38139 143527 31159 146975 34218 19753 28055 14149 18386 17010 11395 8237 8015 3518 8565
is_linear=0
shrinkage=0.0229654


Tree=8
num_leaves=19
num_cat=0
split_feature=35 35 35 3 3 0 3 10 16 16 10 35 35 3 0 0 0 3
split_gain=45954.3 3037.78 2337.16 961.919 902.807 604.351 775.443 438.766 398.401 277.035 225.106 200.633 181.485 246.634 174.781 173.207 171.905 321.983
threshold=25199.500000000004 27558.500000000004 23117.500000000004 1.5000000000000002 3.5000000000000004 13.500000000000002 1.5000000000000002 1.0000000180025095e-35 265.31250000000006 347.06250000000006 -0.5 24442.500000000004 30043.500000000004 4.5000000000000009 21.500000000000004 29.500000000000004 11.500000000000002 1.0000000180025095e-35
decision_type=2 2 2 2 2 2 2 2 2 2 2 2 2 2 2 2 2 2
left_child=2 4 5 16 9 -1 7 -7 12 -2 -6 -5 13 -3 -15 -9 -4 -18
right_child=1 8 3 11 10 6 -8 15 -10 -11 -12 -13 -14 14 -16 -17 17 -19
leaf_value=-93.030210989064656 31.206918630302159 64.332021051923661 -15.67592288290507 -31.082532286990507 -9.5995518960885242 -34.445732635726408 -84.360294458947166 73.898198096631845 41.082568969863331 7.5426108005452619 7.7550031417607359 -12.981563436638492 184.55618937430381 4.3013668685827264 45.750134971978895 -20.236700915874973 34.298044143050873 -5.1710274360944481
leaf_weight=71824 23571 23185 2816 24096 7704 18656 37136 1784 10417 5077 14256 14400 83942 2805 5539 744 5704 6144
leaf_count=71824 23571 23185 2816 24096 7704 18656 37136 1784 10417 5077 14256 14400 83942 2805 5539 744 5704 6144
internal_value=1.34678e-05 0.00837768 -0.0080401 -0.00398266 0.00362578 -0.00969744 -0.00796071 -0.00445453 0.010288 0.00631132 0.000122357 -0.0058893 0.010676 0.00919046 0.00580466 0.00452404 0.00102267 0.0022349
internal_weight=359800 176496 183304 53160 50608 130144 58320 21184 125888 28648 21960 38496 115471 31529 8344 2528 14664 11848
internal_count=359800 176496 183304 53160 50608 130144 58320 21184 125888 28648 21960 38496 115471 31529 8344 2528 14664 11848
is_linear=0
shrinkage=0.0229654


Tree=9
num_leaves=19
num_cat=0
split_feature=37 37 37 37 37 37 37 8 8 8 35 35 37 37 6 35 32 13
split_gain=60586.7 2532.38 2509.14 284.835 246.386 223.171 211.6 174.383 55.324 51.4575 46.6044 44.7221 37.761 36.9514 32.1379 30.9657 27.1108 49.885
threshold=25023.449702637965 23685.696251002981 26401.24440824152 22421.220383782642 24318.22743490183 25765.757237587812 27899.708278299851 -0.5 -0.5 -0.89495246814786256 28119.500000000004 23418.500000000004 24617.385043280763 25301.641546275634 1.0000000180025095e-35 23008.500000000004 300.30625000000003 21.056250000000009
decision_type=2 2 2 2 2 2 2 2 2 2 2 2 2 2 2 2 2 2
left_child=1 3 5 -1 9 13 8 16 -4 -3 -7 -6 -13 -2 -15 -11 17 -5
right_child=2 4 6 7 11 10 -8 -9 -10 15 -12 12 -14 14 -16 -17 -18 -19
leaf_value=-94.866749895751013 2.374806554873738 -15.506408927901406 38.594284264235185 -34.436989910544767 -0.5944529174646177 19.832995105180466 146.39337919082956 -35.604294925380415 36.109259938698116 -12.718933232715587 9.3249485701407746 -11.123021501619592 -4.767997848716294 8.6342802090773247 -15.126751528186954 -19.89307866787555 -36.352112901350672 8.7535781930909433
leaf_weight=109309 7161 2958 7022 8082 4218 12483 116067 22823 22414 3796 1735 6499 9105 11043 209 11563 3158 155
leaf_count=109309 7161 2958 7022 8082 4218 12483 116067 22823 22414 3796 1735 6499 9105 11043 209 11563 3158 155
internal_value=1.97229e-05 -0.00931215 0.00953663 -0.0107099 -0.00405217 0.00378112 0.0108274 -0.00888133 0.00908833 -0.00597236 0.00594245 -0.00227777 -0.00284492 0.0021122 0.00293293 -0.00650654 -0.00656111 -0.00586751
internal_weight=359800 181666 178134 143527 38139 32631 145503 34218 29436 18317 14218 19822 15604 18413 11252 15359 11395 8237
internal_count=359800 181666 178134 143527 38139 32631 145503 34218 29436 18317 14218 19822 15604 18413 11252 15359 11395 8237
is_linear=0
shrinkage=0.0229654


Tree=10
num_leaves=19
num_cat=0
split_feature=37 37 37 37 37 37 37 8 8 8 37 37 8 37 32 13 23 4
split_gain=59918.6 2567.32 2535.03 276.266 263.999 224.585 213.202 175.072 53.6834 52.8691 43.1636 34.5414 30.337 26.1554 25.3285 47.3246 24.9164 23.9153
threshold=25023.449702637965 23634.054453938876 26401.24440824152 22421.220383782642 24265.547663062582 27976.737459534634 25765.757237587812 -0.5 -0.5 -0.89495246814786256 24717.614730698628 25301.641546275634 -0.70710678118654757 29544.946066381894 300.30625000000003 21.056250000000009 -1.8500000000000003 3.5000000000000004
decision_type=2 2 2 2 2 2 2 2 2 2 2 2 2 2 2 2 2 2
left_child=1 3 6 -1 9 8 11 14 17 -3 -6 -2 -8 -7 15 -5 -11 -4
right_child=2 4 5 7 10 13 12 -9 -10 16 -12 -13 -14 -15 -16 -17 -18 -19
leaf_value=-92.688096190529819 2.3202681512112524 -16.481033901286995 31.259923646293895 -34.352207343688391 -8.2300148138384088 57.613565642067314 14.648794224432365 -35.239646454408245 35.545939122584329 -19.037190181391573 -2.9816793447873966 8.0869480378689964 18.756402066945224 173.52631121636713 -35.796565803019021 8.5525486902854375 -18.842032448008627 40.482240350605629
leaf_weight=109309 7161 2985 2316 7750 12968 22710 2699 21895 23404 4264 8353 11252 11519 91980 3014 147 10981 5093
leaf_count=109309 7161 2985 2316 7750 12968 22710 2699 21895 23404 4264 8353 11252 11519 91980 3014 147 10981 5093
internal_value=1.18721e-05 -0.00926841 0.00947616 -0.0107087 -0.00409331 0.0107736 0.00369103 -0.00886037 0.00903285 -0.00612243 -0.00235837 0.00205981 0.00580354 0.0112412 -0.00648382 -0.00580024 -0.00666969 0.00732916
internal_weight=359800 181666 178134 142115 39551 145503 32631 32806 30813 18230 21321 18413 14218 114690 10911 7897 15245 7409
internal_count=359800 181666 178134 142115 39551 145503 32631 32806 30813 18230 21321 18413 14218 114690 10911 7897 15245 7409
is_linear=0
shrinkage=0.0229654


Tree=11
num_leaves=19
num_cat=0
split_feature=35 36 36 35 36 5 35 16 5 35 25 16 16 5 35 16 0 6
split_gain=44398.1 4145.45 3200.27 1005.44 616.182 578.493 391.441 387.842 278.65 277.332 259.763 258.635 225.306 218.235 180.052 172.134 152.608 148.003
threshold=25483.000000000004 24730.000000000004 26466.500000000004 23300.500000000004 26944.500000000004 1.0000000180025095e-35 29259.500000000004 347.06250000000006 1.0000000180025095e-35 23929.500000000004 10.237239583333334 343.56250000000006 56.562500000000007 1.0000000180025095e-35 24821.500000000004 464.18750000000006 12.500000000000002 1.0000000180025095e-35
decision_type=2 2 2 2 2 2 2 2 2 2 2 2 2 2 2 2 2 2
left_child=1 3 5 12 9 7 -4 -2 14 -3 -7 16 -1 15 -5 -14 -6 -18
right_child=2 4 6 8 11 10 -8 -9 -10 -11 -12 -13 13 -15 -16 -17 17 -19
leaf_value=-82.56959474370079 29.158241336311868 -24.85527443139285 40.7309807641509 -19.400063554784751 -9.8598182260284748 10.896631024613388 163.55487683844962 -3.3848599761891935 -39.659508633311532 -1.8313369113632298 -14.443460544697047 -16.936648628038014 -25.727351925882342 -119.88738489155206 -1.579158536503291 -62.920399514269171 36.855645083450305 -14.943971618687375
leaf_weight=80737 19161 14712 37712 14512 1704 8020 91840 5287 11688 11312 7356 3361 9757 17196 5264 10342 8983 856
leaf_count=80737 19161 14712 37712 14512 1704 8020 91840 5287 11688 11312 7356 3361 9757 17196 5264 10342 8983 856
internal_value=1.91485e-05 -0.00758921 0.00857298 -0.00936215 -0.00111326 0.00287933 0.0103232 0.00507441 -0.00571435 -0.00324573 -0.000610877 0.00261027 -0.0103346 -0.00885826 -0.00405286 -0.00723332 0.00424272 0.00534163
internal_weight=359800 190424 169376 149496 40928 39824 129552 24448 31464 26024 15376 14904 118032 37295 19776 20099 11543 9839
internal_count=359800 190424 169376 149496 40928 39824 129552 24448 31464 26024 15376 14904 118032 37295 19776 20099 11543 9839
is_linear=0
shrinkage=0.0229654


Tree=12
num_leaves=19
num_cat=0
split_feature=35 35 35 3 3 0 3 35 10 16 3 3 25 35 0 3 0 35
split_gain=43706.2 3069.24 2425.61 957.59 880.313 600.602 724.47 396.748 382.175 285.303 280.237 264.496 251.006 234.583 218.531 302.076 195.67 181.377
threshold=25199.500000000004 27702.500000000004 22824.500000000004 1.5000000000000002 3.5000000000000004 13.500000000000002 1.5000000000000002 30749.500000000004 1.0000000180025095e-35 347.06250000000006 4.5000000000000009 5.5000000000000009 4.9882812500000009 26490.500000000004 11.500000000000002 1.0000000180025095e-35 33.500000000000007 24380.000000000004
decision_type=2 2 2 2 2 2 2 2 2 2 2 2 2 2 2 2 2 2
left_child=2 4 5 14 9 -1 8 10 -7 -2 -3 16 -5 -6 -4 -16 -12 -14
right_child=1 7 3 12 13 6 -8 -9 -10 -11 11 -13 17 -15 15 -17 -18 -19
leaf_value=-86.619310255313039 29.291869661384702 57.234103339139686 -16.133822282813984 -0.36826207691755708 -6.6492814118941679 -32.197763040279838 -81.285457866533264 176.79317481759065 41.520256249621291 6.5521538645489548 -11.02325771261553 58.077399189103254 -31.879727636436773 11.470957179496082 29.616451172285977 -5.4229231117198626 27.088872492979245 -15.003483570655654
leaf_weight=69144 24982 32656 3440 3665 12960 17744 33896 79240 2248 5250 3472 4816 26121 10296 6376 6760 2824 13910
leaf_count=69144 24982 32656 3440 3665 12960 17744 33896 79240 2248 5250 3472 4816 26121 10296 6376 6760 2824 13910
internal_value=1.29571e-05 0.00817002 -0.00784114 -0.00406673 0.0035774 -0.00969019 -0.00787262 0.010167 -0.00440538 0.00616143 0.00841211 0.00526187 -0.00584962 0.000218239 0.000633156 0.00198255 0.00216304 -0.00637628
internal_weight=359800 176496 183304 60272 53488 123032 53888 123008 19992 30232 43768 11112 43696 23256 16576 13136 6296 40031
internal_count=359800 176496 183304 60272 53488 123032 53888 123008 19992 30232 43768 11112 43696 23256 16576 13136 6296 40031
is_linear=0
shrinkage=0.0229654


Tree=13
num_leaves=19
num_cat=0
split_feature=35 36 36 36 35 35 36 35 15 16 16 25 25 36 35 25 16 16
split_gain=42995.9 4192.05 3217.95 857.967 758.182 425.066 394.155 316.775 305.846 265.049 197.723 178.838 157.41 154.13 130.922 126.427 124.85 123.79
threshold=25483.000000000004 23997.500000000004 26466.500000000004 26804.500000000004 23358.500000000004 29383.500000000004 22616.000000000004 23815.500000000004 12.518750000000002 347.06250000000006 85.812500000000014 4.9028645833333346 2.7429687499999997 29801.500000000004 26490.500000000004 3.124739583333334 0.18750000000000003 333.31250000000006
decision_type=2 2 2 2 2 2 2 2 2 2 2 2 2 2 2 2 2 2
left_child=1 4 6 7 10 17 -2 -3 -8 13 15 -9 -6 16 -10 -1 -5 -4
right_child=2 3 5 9 12 -7 8 11 14 -11 -12 -13 -14 -15 -16 -17 -18 -19
leaf_value=-10.091477821555019 -9.8964329936719455 -26.709946747277975 41.180013178864911 -2.3291677148578258 17.647375276260387 157.34622327872495 25.496359666798252 12.904145185503879 -5.7278507411098616 -17.040317541014403 -78.975126114411438 -7.8223482896668779 -27.223197994679261 80.742094899808237 13.615870862845201 -80.61111581130082 25.789968539546628 19.517651520332937
leaf_weight=812 7504 21560 34818 3714 857 90720 17147 1597 5229 3646 32748 14795 23407 3271 9944 78760 5257 4014
leaf_count=812 7504 21560 34818 3714 857 90720 17147 1597 5229 3646 32748 14795 23407 3271 9944 78760 5257 4014
internal_value=1.64677e-05 -0.00747078 0.00843414 -0.0020436 -0.00961012 0.0101892 0.00272478 -0.00391934 0.00382567 0.00243704 -0.0104054 -0.00151309 -0.00592876 0.00405581 0.00145076 -0.0110235 0.0024998 0.00817853
internal_weight=359800 190424 169376 53840 136584 129552 39824 37952 32320 15888 112320 16392 24264 12242 15173 79572 8971 38832
internal_count=359800 190424 169376 53840 136584 129552 39824 37952 32320 15888 112320 16392 24264 12242 15173 79572 8971 38832
is_linear=0
shrinkage=0.0229654


Tree=14
num_leaves=19
num_cat=0
split_feature=35 36 36 36 3 35 35 16 3 35 3 35 6 35 16 3 3 16
split_gain=42321.4 4098.71 3438.56 776.407 681.312 537.884 496.182 449.274 324.667 275.052 242.377 265 208.967 208.137 189.059 235.606 184.975 154.048
threshold=25096.500000000004 26525.500000000004 23892.500000000004 27231.500000000004 4.5000000000000009 27635.500000000004 23175.500000000004 347.06250000000006 1.0000000180025095e-35 26490.500000000004 1.5000000000000002 23929.500000000004 1.0000000180025095e-35 26490.500000000004 85.812500000000014 3.5000000000000004 3.5000000000000004 244.31250000000003
decision_type=2 2 2 2 2 2 2 2 2 2 2 2 2 2 2 2 2 2
left_child=2 4 6 10 7 -3 14 13 12 -6 11 -4 -5 -2 -1 -16 -8 -7
right_child=1 5 3 8 9 17 16 -9 -10 -11 -12 -13 -14 -15 15 -17 -18 -19
leaf_value=-79.568379757759573 11.5719940561188 28.340725532292495 -17.651636208906883 54.721776808590882 -16.660097402001295 139.10870974230298 -14.526716755252448 -5.3405217884049829 -5.7413404125020344 3.5380446085871582 -23.049860507649097 10.144738736283937 -22.865651593991128 39.523566417097719 -40.334777192799812 -106.23598521932232 -40.271498573617222 46.953849592420966
leaf_weight=77416 11157 21528 12104 4760 7392 102024 9824 6633 5744 10664 22400 3680 560 11994 12282 18950 12728 7960
leaf_count=77416 11157 21528 12104 4760 7392 102024 9824 6633 5744 10664 22400 3680 560 11994 12282 18950 12728 7960
internal_value=2.36803e-05 0.00792403 -0.00782869 -0.0026543 0.00216789 0.0100179 -0.00977098 0.00430177 0.00270255 -0.00135203 -0.00420648 -0.00202679 0.00679034 0.00581154 -0.0104144 -0.00890616 -0.00667109 0.0106677
internal_weight=359800 179352 180448 49248 47840 131512 131200 29784 11064 18056 38184 15784 5320 23151 108648 31232 22552 109984
internal_count=359800 179352 180448 49248 47840 131512 131200 29784 11064 18056 38184 15784 5320 23151 108648 31232 22552 109984
is_linear=0
shrinkage=0.0229654


Tree=15
num_leaves=19
num_cat=0
split_feature=35 35 35 8 35 35 19 35 16 16 16 16 0 15 25 16 1 0
split_gain=41567 3449.98 2118.33 657.865 529.198 377.304 318.729 273.146 265.392 176.593 176.375 146.094 203.374 119.303 114.336 110.877 116.026 154.762
threshold=25042.500000000004 28030.500000000004 22824.500000000004 1.0000000180025095e-35 26490.500000000004 31006.500000000004 5.9750000000000014 23929.500000000004 343.56250000000006 289.81250000000006 289.81250000000006 464.18750000000006 14.500000000000002 12.843750000000004 17.687760416666674 368.06250000000006 7.5000000000000009 45.500000000000007
decision_type=2 2 2 2 2 2 2 2 2 2 2 2 2 2 2 2 2 2
left_child=2 4 3 6 9 10 11 -4 -6 13 -3 12 -1 -2 -14 16 -9 -18
right_child=1 5 7 -5 8 -7 -8 15 -10 -11 -12 -13 14 -15 -16 -17 17 -19
leaf_value=-69.278761609654879 12.908976080426491 54.305053494829252 -24.872997309339649 -76.633977877256669 28.331142812684856 169.7600617870211 -21.486100108925584 -12.139286467226592 1.122736228103242 -6.8286085221946839 25.470834114544786 -83.828710387082467 -33.486374056454252 2.9163434467239879 -57.905187235741685 -31.387829081991065 4.1859465244618921 -13.640906777635443
leaf_weight=5066 13981 35474 27400 72896 25749 76472 5449 9488 4003 7799 5318 19641 12468 11980 7512 5378 10118 3608
leaf_count=5066 13981 35474 27400 72896 25749 76472 5449 9488 4003 7799 5318 19641 12468 11980 7512 5378 10118 3608
internal_value=2.0425e-05 0.00778831 -0.00782348 -0.00950875 0.00347743 0.0101232 -0.00748382 -0.00412042 0.00571048 0.00150949 0.00833954 -0.00812323 -0.00696041 0.00241986 -0.00591836 -0.00255019 -0.00186185 -0.000511978
internal_weight=359800 180776 179024 123032 63512 117264 50136 55992 29752 33760 40792 44687 25046 25961 19980 28592 23214 13726
internal_count=359800 180776 179024 123032 63512 117264 50136 55992 29752 33760 40792 44687 25046 25961 19980 28592 23214 13726
is_linear=0
shrinkage=0.0229654


Tree=16
num_leaves=19
num_cat=0
split_feature=37 37 37 37 37 37 37 16 36 36 36 23 8 36 36 37 4 8
split_gain=55305.9 2966.34 2628.5 334.796 303.941 292.734 253.56 183.809 111.227 82.9447 77.8505 70.702 52.1934 37.1003 35.9117 32.973 30.0353 28.6877
threshold=25023.449702637965 23374.762466709133 26673.860048062674 24218.596483362879 22090.039410927366 28598.859669692931 25822.820239056793 125.18750000000001 25864.500000000004 28648.500000000004 24337.500000000004 0.90000000000000091 -0.19467261866128607 21757.500000000004 19525.500000000004 30652.222152087903 3.5000000000000004 -0.32075123873380501
decision_type=2 2 2 2 2 2 2 2 2 2 2 2 2 2 2 2 2 2
left_child=1 4 6 11 -1 12 8 -6 -2 17 -5 13 16 -3 -9 -7 -4 -8
right_child=2 3 5 10 7 15 9 14 -10 -11 -12 -13 -14 -15 -16 -17 -18 -19
leaf_value=-85.851512705935065 8.6744801063744656 -10.260058614922475 34.177373029610926 -0.90036080700674259 -31.928280580920813 60.15899341175399 18.247868831268892 -18.049394085033708 -0.68713526223071497 5.7042021150169804 -8.8115172461692008 -17.603748682248096 34.405872059044889 -18.630174483219477 -36.754909071210285 169.20722556794567 38.89949146524517 20.298639120656436
leaf_weight=100915 12274 1855 4287 9871 20922 25367 4841 1206 7568 2152 12828 9596 22570 12557 11916 79347 8279 11449
leaf_count=100915 12274 1855 4287 9871 20922 25367 4841 1206 7568 2152 12828 9596 22570 12557 11916 79347 8279 11449
internal_value=2.13186e-05 -0.0088946 0.00911402 -0.00390624 -0.010621 0.0105736 0.00378218 -0.00874458 0.00198034 0.00572081 -0.00190662 -0.00579683 0.00875975 -0.00681377 -0.0066138 0.0111822 0.0075735 0.0062806
internal_weight=359800 181666 178134 46707 134959 139850 38284 34044 19842 18442 22699 24008 35136 14412 13122 104714 12566 16290
internal_count=359800 181666 178134 46707 134959 139850 38284 34044 19842 18442 22699 24008 35136 14412 13122 104714 12566 16290
is_linear=0
shrinkage=0.0229654


Tree=17
num_leaves=19
num_cat=0
split_feature=37 37 37 37 37 37 37 8 23 8 6 8 37 31 37 37 15 4
split_gain=54672.4 3018.08 2658.1 371.554 296.476 265.588 263.724 153.573 82.9219 52.3641 50.3137 46.6663 41.5768 40.4439 35.8753 33.1518 30.062 27.7007
threshold=25023.449702637965 23270.501458959723 26800.025061189601 24122.371129755611 25880.966961899576 22090.039410927366 28694.380984603627 -0.5 1.0125000000000011 -0.55438071450436044 1.0000000180025095e-35 -0.19467261866128607 24617.385043280763 8.9000000000000021 25301.641546275634 31056.517438512285 11.981250000000003 3.5000000000000004
decision_type=2 2 2 2 2 2 2 2 2 2 2 2 2 2 2 2 2 2
left_child=1 5 4 8 10 -1 11 -7 -3 13 14 17 -5 -6 -2 -8 -11 -4
right_child=2 3 6 12 9 7 15 -9 -10 16 -12 -13 -14 -15 -16 -17 -18 -19
leaf_value=-83.879897609379412 2.3234643786546609 -18.671045911090459 35.42817783974477 -8.2240112694459384 10.893046916288849 -34.688917357598378 61.754494848241819 -32.059354425651932 -18.509114583235 22.04364106763305 -13.617821680609497 34.563898811594932 -2.4856458747647676 24.409954418650038 7.8891379425815886 171.09280676423475 18.39140604321781 39.062046164173104
leaf_weight=100915 7028 14714 4328 14311 3429 9871 28280 21228 9466 6887 397 21562 11161 1442 13804 75033 8056 7888
leaf_count=100915 7028 14714 4328 14311 3429 9871 28280 21228 9466 6887 397 21562 11161 1442 13804 75033 8056 7888
internal_value=2.61058e-05 -0.0088386 0.00906658 -0.00401196 0.00393948 -0.0106539 0.0106016 -0.0087984 -0.00605098 0.00595983 0.00205379 0.00883996 -0.00207637 0.003892 0.00220813 0.0111775 0.00663389 0.00770589
internal_weight=359800 181666 178134 49652 41043 132014 137091 31099 24180 19814 21229 33778 25472 4871 20832 103313 14943 12216
internal_count=359800 181666 178134 49652 41043 132014 137091 31099 24180 19814 21229 33778 25472 4871 20832 103313 14943 12216
is_linear=0
shrinkage=0.0229654


Tree=18
num_leaves=19
num_cat=0
split_feature=35 36 36 36 3 35 35 25 3 36 35 3 15 16 3 3 35 35
split_gain=39851.7 4206.13 3394.46 734.65 679.582 621.808 465.453 336.8 332.528 290.159 229.837 221.874 214.395 211.842 224.306 192.044 146.919 145.909
threshold=25042.500000000004 26525.500000000004 23720.500000000004 26944.500000000004 3.5000000000000004 29383.500000000004 22652.500000000004 6.3820312500000016 1.0000000180025095e-35 24101.500000000004 23815.500000000004 3.5000000000000004 13.918750000000003 85.812500000000014 3.5000000000000004 1.5000000000000002 26764.500000000004 26555.000000000004
decision_type=2 2 2 2 2 2 2 2 2 2 2 2 2 2 2 2 2 2
left_child=2 4 6 10 12 17 13 -6 -5 -9 -4 -8 -2 -1 -15 -12 -11 -3
right_child=1 5 3 8 7 -7 11 9 -10 16 15 -13 -14 14 -16 -17 -18 -19
leaf_value=-76.005520546884568 26.614219000815005 20.236842167239967 -24.120322476557305 40.403728309443586 17.075947426983241 139.44434191332653 -16.004516327157479 -21.025012658860838 -6.2719490410612098 -7.6469984648817997 7.3665650770465563 -40.060329961682186 10.048899243165266 -37.367884332251251 -103.49060906640156 -12.004327041242664 11.481820138940686 38.053534730130359
leaf_weight=71327 13412 11416 25456 5608 5977 90536 12528 10067 6640 5068 3848 16208 7724 10548 17101 9760 6568 30008
leaf_count=71327 13412 11416 25456 5608 5977 90536 12528 10067 6640 5068 3848 16208 7724 10548 17101 9760 6568 30008
internal_value=3.01908e-05 0.00763612 -0.00765018 -0.00266122 0.00187662 0.00976674 -0.00965464 -0.000491168 0.00224629 -0.00182058 -0.0041999 -0.00708159 0.0049775 -0.0104017 -0.00869519 -0.00179059 0.000649331 0.00743615
internal_weight=359800 180776 179024 51312 48816 131960 127712 27680 12248 21703 39064 28736 21136 98976 27649 13608 11636 41424
internal_count=359800 180776 179024 51312 48816 131960 127712 27680 12248 21703 39064 28736 21136 98976 27649 13608 11636 41424
is_linear=0
shrinkage=0.0229654


Tree=19
num_leaves=19
num_cat=0
split_feature=37 37 37 37 37 37 37 16 36 36 36 8 8 36 7 36 8 37
split_gain=53088.7 3268.53 2530.82 408.656 314.16 284.572 255.694 162.024 114.165 93.1303 89.0666 80.4574 51.6132 37.2906 35.7823 35.3505 39.931 34.2835
threshold=25077.503310491455 23220.445692615929 26800.025061189601 24122.371129755611 29110.947298392126 21915.138123433535 25880.966961899576 125.18750000000001 26879.500000000004 24337.500000000004 28648.500000000004 -0.70710678118654757 -0.19467261866128607 22260.500000000004 -0.55438071450436044 25925.500000000004 -0.32075123873380501 24566.936554354073
decision_type=2 2 2 2 2 2 2 2 2 2 2 2 2 2 2 2 2 2
left_child=1 5 6 11 12 -1 8 -7 -2 17 15 -3 -4 -13 -15 -8 -17 -5
right_child=2 3 4 9 -6 7 10 -9 -10 -11 -12 13 -14 14 -16 16 -18 -19
leaf_value=-82.309509815627862 8.0030176179168553 -16.916839478334108 38.245143107705601 -3.5191297925256748 134.92842443506225 -31.002329555322046 25.390104515849849 -34.796202075748802 -3.7716392205362701 -8.9997214138840604 5.9813240961259488 -12.110402746732994 34.579989769473464 -19.225688862877515 -19.82116380784165 8.8053763300299241 17.04280609623066 2.222555488992056
leaf_weight=96566 15358 6749 14848 6311 97653 21293 8411 12737 4407 15060 2431 3706 24590 3193 11950 2266 6706 5565
leaf_count=96566 15358 6749 14848 6311 97653 21293 8411 12737 4407 15060 2431 3706 24590 3193 11950 2266 6706 5565
internal_value=1.86379e-05 -0.00864592 0.00900002 -0.00380848 0.0104769 -0.0105918 0.00388443 -0.00878597 0.00203627 -0.00183392 0.00572802 -0.00588624 0.00874698 -0.00665667 -0.007162 0.00630383 0.00530109 -0.00031327
internal_weight=359800 183130 176670 52534 137091 130596 39579 34030 19765 26936 19814 25598 39438 18849 15143 17383 8972 11876
internal_count=359800 183130 176670 52534 137091 130596 39579 34030 19765 26936 19814 25598 39438 18849 15143 17383 8972 11876
is_linear=0
shrinkage=0.0229654


Tree=20
num_leaves=19
num_cat=0
split_feature=37 37 37 37 37 37 37 16 23 37 10 13 16 37 37 15 27 26
split_gain=52281.4 2974.98 2886.02 374.9 334.783 304.766 254.06 156.48 92.6534 49.2016 41.3913 36.6704 38.6031 36.2797 35.5812 35.507 34.2525 32.7124
threshold=24970.052793478826 23115.241805573642 26800.025061189601 24122.371129755611 29664.30767982973 25880.966961899576 21738.779508258558 125.18750000000001 1.0125000000000011 28146.982781622504 1.0000000180025095e-35 15.731250000000003 171.81250000000003 23634.054453938876 25527.6415586732 11.943750000000003 2.7672247023809522 20.159505208333339
decision_type=2 2 2 2 2 2 2 2 2 2 2 2 2 2 2 2 2 2
left_child=1 6 5 8 9 14 -1 -8 13 10 -4 12 15 -3 -2 -7 -12 -5
right_child=2 3 4 17 -6 11 7 -9 -10 -11 16 -13 -14 -15 -16 -17 -18 -19
leaf_value=-82.518002293061286 2.7877466277317451 -21.869923499731698 31.184346780889008 -5.9775410486322578 140.30397388681334 20.126082554424929 -31.534011060995965 -35.835569005840092 -18.221384096599412 45.260515726675067 31.478229482107086 21.797363218809672 13.674098587262094 -14.696121175344741 8.4050083754653997 15.619717821540204 17.949034365879829 2.7331271914111737
leaf_weight=92259 14172 8642 14142 22782 90567 5571 22475 12997 11142 21299 9540 3659 4858 8679 8454 5726 1543 1293
leaf_count=92259 14172 8642 14142 22782 90567 5571 22475 12997 11142 21299 9540 3659 4858 8679 8454 5726 1543 1293
internal_value=9.76572e-06 -0.00872651 0.00878195 -0.00412641 0.010402 0.00354871 -0.0106186 -0.00896682 -0.00591059 0.00881861 0.00813235 0.00562834 0.00515815 -0.00696148 0.00172753 0.00589433 0.0070815 -0.00201704
internal_weight=359800 180269 179531 52538 137091 42440 127731 35472 28463 46524 25225 19814 16155 17321 22626 11297 11083 24075
internal_count=359800 180269 179531 52538 137091 42440 127731 35472 28463 46524 25225 19814 16155 17321 22626 11297 11083 24075
is_linear=0
shrinkage=0.0229654


Tree=21
num_leaves=19
num_cat=0
split_feature=35 36 36 5 36 35 35 35 35 23 0 5 35 5 26 7 36 15
split_gain=37939.7 4218.98 3265.7 751.524 673.496 480.494 431.035 356.691 317.93 219.598 209.533 208.325 192.92 182.781 159.929 175.084 157.255 145.358
threshold=24987.500000000004 27372.500000000004 23720.500000000004 1.0000000180025095e-35 26944.500000000004 22354.500000000004 29383.500000000004 26490.500000000004 26621.500000000004 0.82500000000000162 14.500000000000002 1.0000000180025095e-35 23815.500000000004 1.0000000180025095e-35 5.4462239583333343 0.44134171618254497 29801.500000000004 12.731250000000003
decision_type=2 2 2 2 2 2 2 2 2 2 2 2 2 2 2 2 2 2
left_child=2 3 5 7 12 10 -3 17 -5 -9 -1 -7 -4 -12 -10 -16 -6 -2
right_child=1 6 4 8 16 11 -8 9 14 -11 13 -13 -14 -15 15 -17 -18 -19
leaf_value=-75.481150614836025 11.120071215340428 34.52238154872699 -22.4171708545685 -14.177045998928977 2.5570619800819312 -19.350379996191027 133.04473996222066 34.815824805137673 27.72215200126956 19.332725708459098 -36.72004561275245 -42.824421373061796 -6.195591404015329 -99.182031924212936 9.9694750156310761 -15.204671939859741 54.643920032600427 -0.87946514301710366
leaf_weight=62864 10052 32312 25456 9224 8624 19792 88040 13058 2385 8542 15248 13240 13088 16008 6710 3217 3336 8604
leaf_count=62864 10052 32312 25456 9224 8624 19792 88040 13058 2385 8542 15248 13240 13088 16008 6710 3217 3336 8604
internal_value=4.08501e-06 0.00736909 -0.00754698 0.00249121 -0.00260648 -0.00950932 0.00987353 0.00434367 -0.000971466 0.0063527 -0.0103457 -0.00712628 -0.00408377 -0.00880894 0.00144373 0.000160783 0.00215445 0.0020176
internal_weight=359800 182144 177656 61792 50504 127152 120352 40256 21536 21600 94120 33032 38544 31256 12312 9927 11960 18656
internal_count=359800 182144 177656 61792 50504 127152 120352 40256 21536 21600 94120 33032 38544 31256 12312 9927 11960 18656
is_linear=0
shrinkage=0.0229654


Tree=22
num_leaves=19
num_cat=0
split_feature=37 37 37 37 37 37 37 23 35 35 36 35 36 35 35 37 35 36
split_gain=50684.7 3053.18 2865.01 446.564 354.665 293.34 237.504 136.279 131.65 118.059 117.308 105.757 86.4487 84.5509 84.306 88.2585 69.6954 66.2265
threshold=24970.052793478826 23115.241805573642 26673.860048062674 30152.371458841222 24122.371129755611 21738.779508258558 25822.820239056793 0.61250000000000016 23175.500000000004 28274.500000000004 26879.500000000004 22890.500000000004 24337.500000000004 25373.500000000004 30882.500000000004 28146.982781622504 28274.500000000004 26178.500000000004
decision_type=2 2 2 2 2 2 2 2 2 2 2 2 2 2 2 2 2 2
left_child=1 5 6 14 11 -1 10 -7 -6 -8 13 -3 -10 -2 15 16 -4 -11
right_child=2 4 3 -5 8 7 9 -9 12 17 -12 -13 -14 -15 -16 -17 -18 -19
leaf_value=-79.106629358419397 10.70156566136237 -10.988424109603493 31.155051222971682 141.42576340247251 3.3516037858295262 -29.754843599031712 17.611305468290396 -34.520890653608276 -2.1253864204130135 12.876284327441731 -5.335692755660367 -20.31957480821956 -12.256706132782544 2.3490564091510833 25.798307948954314 46.387193567077276 24.050329962853816 -11.986405478677375
leaf_weight=92259 7721 8869 20025 84942 4756 21782 16133 13690 8922 1265 4429 19594 10397 9089 5828 22327 6728 1044
leaf_count=92259 7721 8869 20025 84942 4756 21782 16133 13690 8922 1265 4429 19594 10397 9089 5828 22327 6728 1044
internal_value=-6.82962e-06 -0.00860867 0.00863037 0.0101757 -0.0039485 -0.0105255 0.003184 -0.00875058 -0.00189685 0.00509069 0.0015284 -0.00568386 -0.00273947 0.00240447 0.00856163 0.00887172 0.00798205 0.000233732
internal_weight=359800 180269 179531 139850 52538 127731 39681 35472 24075 18442 21239 28463 19319 16810 54908 49080 26753 2309
internal_count=359800 180269 179531 139850 52538 127731 39681 35472 24075 18442 21239 28463 19319 16810 54908 49080 26753 2309
is_linear=0
shrinkage=0.0229654


Tree=23
num_leaves=19
num_cat=0
split_feature=37 37 37 37 37 37 37 16 35 35 36 35 35 36 36 37 35 36
split_gain=49937 3043.03 2918.99 426.237 310.271 309.59 299.263 157.482 132.578 125.441 121.19 103.986 89.7965 80.9552 79.3602 77.4369 110.824 79.1032
threshold=24916.726285846918 26800.025061189601 23115.241805573642 30520.511841956639 24122.371129755611 21738.779508258558 25880.966961899576 123.06250000000001 28274.500000000004 23175.500000000004 26879.500000000004 22890.500000000004 25373.500000000004 23549.500000000004 26178.500000000004 28146.982781622504 29259.500000000004 26804.500000000004
decision_type=2 2 2 2 2 2 2 2 2 2 2 2 2 2 2 2 2 2
left_child=2 6 5 15 11 -1 10 -7 -8 -6 12 -4 -2 -11 -10 16 -3 -18
right_child=1 3 4 -5 9 7 8 -9 14 13 -12 -13 -14 -15 -16 -17 17 -19
leaf_value=-77.289913266124998 10.344435240614407 30.152365942304741 -10.736070456429553 143.94218055413333 3.1091477993064154 -29.224199893656518 18.626705450095578 -33.712558670113481 15.509003304626011 -0.98023461912737209 -4.8472767945884945 -19.852927463463985 2.2518728523979727 -10.879503582050482 -10.018130319133103 44.27101110848853 31.946099823782887 2.3256770156041906
leaf_weight=92259 8733 21757 8869 80792 4558 22455 17175 13017 1401 5632 5046 19594 10262 12470 1238 31074 1498 1970
leaf_count=92259 8733 21757 8869 80792 4558 22455 17175 13017 1401 5632 5046 19594 10262 12470 1238 31074 1498 1970
internal_value=-1.12976e-05 0.00849479 -0.00861688 0.0101792 -0.0039794 -0.010473 0.00322919 -0.00864958 0.00531888 -0.00197425 0.00150692 -0.00557575 0.00234732 -0.00283166 0.00052649 0.00864522 0.0076999 0.00388717
internal_weight=359800 180946 178854 137091 51123 127731 43855 35472 19814 22660 24041 28463 18995 18102 2639 56299 25225 3468
internal_count=359800 180946 178854 137091 51123 127731 43855 35472 19814 22660 24041 28463 18995 18102 2639 56299 25225 3468
is_linear=0
shrinkage=0.0229654


Tree=24
num_leaves=19
num_cat=0
split_feature=35 35 35 3 3 8 3 35 35 32 35 3 3 8 3 8 10 25
split_gain=36176.8 3483.8 2082.36 945.75 829.01 742.017 797.041 477.963 296.826 284.089 274.85 272.505 246.796 236.876 177.028 186.256 172.458 159.8
threshold=24987.500000000004 28354.500000000004 22598.500000000004 3.5000000000000004 2.5000000000000004 1.0000000180025095e-35 1.5000000000000002 32087.000000000004 26218.500000000004 44.443750000000016 26490.500000000004 4.5000000000000009 5.5000000000000009 -0.065263096110025884 1.0000000180025095e-35 0.25881904510252057 -0.24999999999999994 5.1773437500000012
decision_type=2 2 2 2 2 2 2 2 2 2 2 2 2 2 2 2 2 2
left_child=2 3 5 8 14 6 9 11 -2 -1 -5 -3 13 -13 15 -4 -8 -6
right_child=1 7 4 10 17 -7 16 -9 -10 -11 -12 12 -14 -15 -16 -17 -18 -19
leaf_value=3.3179729295119142 11.315115729341919 49.220329612253593 44.050165802179436 -7.1636389904521929 -4.1795968584188143 -62.990776981658499 -79.857269737098989 154.43870028238698 28.795788587577913 -31.673698568779404 8.7563415204944217 -9.0483521143136372 51.755864121880975 27.389031899445929 -7.2118327073053017 -2.8796400209556512 -40.027007592837457 -24.86132413305176
leaf_weight=6601 16552 33960 3512 15448 2895 69768 25480 65512 23432 11495 15096 3744 5576 2824 17192 4312 4024 32377
leaf_count=6601 16552 33960 3512 15448 2895 69768 25480 65512 23432 11495 15096 3744 5576 2824 17192 4312 4024 32377
internal_value=-8.48916e-06 0.00718337 -0.00738203 0.00318783 -0.0039129 -0.00916401 -0.00695331 0.00970808 0.00551218 -0.00315876 0.000145113 0.00791665 0.00496411 0.00194758 -0.000715144 0.0021486 -0.00928066 -0.00618084
internal_weight=359800 182144 177656 70528 60288 117368 47600 111616 39984 18096 30544 46104 12144 6568 25016 7824 29504 35272
internal_count=359800 182144 177656 70528 60288 117368 47600 111616 39984 18096 30544 46104 12144 6568 25016 7824 29504 35272
is_linear=0
shrinkage=0.0229654


Tree=25
num_leaves=19
num_cat=0
split_feature=0 32 26 16 7 16 0 3 0 3 0 3 1 4 26 25 3 3
split_gain=16112.9 10459.9 3127.39 2499.35 2373.04 2006.99 1838.19 1188.92 892.241 826.445 535.066 514.648 1002.11 505.576 504.23 421.648 319.547 293.742
threshold=14.500000000000002 1.0000000180025095e-35 6.9141927083333341 364.81250000000006 -0.5 274.56250000000006 45.500000000000007 4.5000000000000009 46.500000000000007 4.5000000000000009 34.500000000000007 4.5000000000000009 8.5000000000000018 3.5000000000000004 7.8050781250000005 3.124739583333334 3.5000000000000004 4.5000000000000009
decision_type=2 2 2 2 2 2 2 2 2 2 2 2 2 2 2 2 2 2
left_child=2 5 15 4 9 6 11 8 -6 -3 16 -2 -13 -4 -8 -1 -5 -7
right_child=1 3 13 10 7 17 14 -9 -10 -11 -12 12 -14 -15 -16 -17 -18 -19
leaf_value=21.130263997187559 121.95553712390617 27.499374362297875 -23.108949401942656 -29.456329164423764 3.195099413387549 9.7856822183961611 15.912655891872166 -50.481883254408707 -27.948924319627931 -1.7198713820690377 2.774719674998027 -11.225406636703672 63.69875949107476 -63.978501376038622 -14.164269672265828 -7.8252431410425514 -84.149816437221162 -42.208591777072449
leaf_weight=5322 79051 24933 13127 19714 24148 11738 6221 11858 4794 10320 4905 4542 25780 67784 6059 18719 15968 4817
leaf_count=5322 79051 24933 13127 19714 24148 11738 6221 11858 4794 10320 4905 4542 25780 67784 6059 18719 15968 4817
internal_value=-9.57424e-06 0.00310921 -0.00758271 -0.00195533 0.000500508 0.0073834 0.0084043 -0.00327032 -0.000760964 0.00486467 -0.00655714 0.00935022 0.00680661 -0.00974364 -2.05716e-05 -0.000309982 -0.00753478 -0.000118607
internal_weight=359800 254848 104952 116640 76053 138208 121653 40800 28942 35253 40587 109373 30322 80911 12280 24041 35682 16555
internal_count=359800 254848 104952 116640 76053 138208 121653 40800 28942 35253 40587 109373 30322 80911 12280 24041 35682 16555
is_linear=0
shrinkage=0.0229654


Tree=26
num_leaves=19
num_cat=0
split_feature=35 36 36 3 36 35 35 35 25 3 23 3 3 35 35 0 35 3
split_gain=34953.1 4260.13 3104.21 781.387 655.922 434.783 400.868 389.898 343.021 281.981 230.937 212.542 185.093 182.626 170.21 162.386 162.064 159.008
threshold=24875.500000000004 27900.500000000004 23203.500000000004 4.5000000000000009 26944.500000000004 31795.000000000004 26490.500000000004 21693.500000000004 9.9289062500000025 1.0000000180025095e-35 0.79999999999999927 1.5000000000000002 4.5000000000000009 26684.500000000004 23980.500000000004 14.500000000000002 22775.500000000004 5.5000000000000009
decision_type=2 2 2 2 2 2 2 2 2 2 2 2 2 2 2 2 2 2
left_child=2 3 7 6 11 -3 -2 15 13 -6 -8 14 -9 -5 -4 -1 -13 -10
right_child=1 5 4 8 9 -7 10 12 17 -11 -12 16 -14 -15 -16 -17 -18 -19
leaf_value=-72.70585049415034 6.5399841369281706 40.440784305742326 -13.527686112737362 -5.603861020003003 33.908362457709437 147.70078164262975 31.059472585469376 -20.24986595946271 -19.577977573437472 -7.0446845693404967 17.968487694878576 -29.965316250895292 -44.098488843397959 17.787748420078991 7.0772318651877963 -66.174787437428265 -14.579829198684394 2.4982565418514628
leaf_weight=54888 21728 47560 15256 4718 5288 65520 16047 22880 8584 6104 9993 10040 16176 7944 3144 23448 17600 2882
leaf_count=54888 21728 47560 15256 4718 5288 65520 16047 22880 8584 6104 9993 10040 16176 7944 3144 23448 17600 2882
internal_value=-1.29571e-05 0.00694576 -0.00737577 0.00257489 -0.00300063 0.00972476 0.00427645 -0.00951623 -0.000793814 0.00193327 0.00619819 -0.00422147 -0.00764181 0.00181191 -0.00230902 -0.0104508 -0.00549458 -0.00367134
internal_weight=359800 184976 174824 71896 57432 113080 47768 117392 24128 11392 26040 46040 39056 12662 18400 78336 27640 11466
internal_count=359800 184976 174824 71896 57432 113080 47768 117392 24128 11392 26040 46040 39056 12662 18400 78336 27640 11466
is_linear=0
shrinkage=0.0229654


Tree=27
num_leaves=19
num_cat=0
split_feature=37 37 37 37 37 37 37 35 23 35 35 35 37 35 35 35 35 5
split_gain=46751.1 3153 2913.4 507.68 429.709 329.019 258.655 163.019 131.552 130.533 130.348 120.416 81.5243 122.749 71.7424 62.5288 60.3861 57.8227
threshold=24870.637002989264 27011.664572983358 23115.241805573642 31462.010697715847 21568.319413839254 25880.966961899576 24122.371129755611 28274.500000000004 0.61250000000000016 22890.500000000004 23175.500000000004 25373.500000000004 28497.962273516761 29259.500000000004 30377.500000000004 22711.500000000004 26282.500000000004 1.0000000180025095e-35
decision_type=2 2 2 2 2 2 2 2 2 2 2 2 2 2 2 2 2 2
left_child=2 5 4 12 -1 11 9 -7 -6 17 -8 -2 13 -3 -14 -10 -12 -4
right_child=1 3 6 -5 8 7 10 -9 15 -11 16 -13 14 -15 -16 -17 -18 -19
leaf_value=-73.332671798950273 7.7727664657787097 29.425238743972876 -10.181238417579131 145.59483569300104 -25.99977218127243 18.309749814874429 3.8623338212776397 2.4633795066729807 -24.216860519388955 -18.27952112647035 -5.4750730585510761 -0.35382616584748894 49.12336716656786 16.856399840428018 37.974948904623687 -40.386237894702411 -17.421636145937782 9.5080015438488363
leaf_weight=87982 12243 22099 8089 70801 24634 20536 4381 3458 8128 19594 13886 13116 20711 4615 14685 6987 3075 780
leaf_count=87982 12243 22099 8089 70801 24634 20536 4381 3458 8128 19594 13886 13116 20711 4615 14685 6987 3075 780
internal_value=-2.32335e-05 0.00814696 -0.00841101 0.00998757 -0.0102481 0.00319007 -0.00369969 0.00511778 -0.00826631 -0.00513278 -0.00178842 0.00136612 0.00847217 0.00751444 0.00919499 -0.00657967 -0.00270058 -0.00282115
internal_weight=359800 182264 177536 132911 127731 49353 49805 23994 39749 28463 21342 25359 62110 26714 35396 15115 16961 8869
internal_count=359800 182264 177536 132911 127731 49353 49805 23994 39749 28463 21342 25359 62110 26714 35396 15115 16961 8869
is_linear=0
shrinkage=0.0229654


Tree=28
num_leaves=19
num_cat=0
split_feature=37 37 37 37 37 37 37 23 36 36 37 36 36 36 23 36 13 23
split_gain=45998.9 3218.68 2845.36 534.636 443.275 302.318 270.286 139.387 122.095 114.146 83.9402 77.4683 73.7378 73.1038 53.2353 51.1064 40.8444 39.4934
threshold=24970.052793478826 23115.241805573642 27011.664572983358 31462.010697715847 21453.201029702428 24122.371129755611 25880.966961899576 0.37500000000000272 26879.500000000004 28648.500000000004 28497.962273516761 25499.500000000004 28814.000000000004 21929.500000000004 0.61250000000000016 25864.500000000004 17.306250000000006 3.1750000000000016
decision_type=2 2 2 2 2 2 2 2 2 2 2 2 2 2 2 2 2 2
left_child=1 4 6 10 -1 13 8 -6 -2 15 12 16 -4 -3 -15 -8 -7 -12
right_child=2 5 3 -5 7 11 9 -9 -10 -11 17 -13 -14 14 -16 -17 -18 -19
leaf_value=-72.911654494306873 6.3819421324630472 -7.5036080530869897 29.491446353188309 142.25119075320706 -25.624569463976346 -3.1723767144710386 23.970524941465431 -31.428588655556549 -5.2987811438253516 3.5846293871760788 43.973867016287485 -11.517826960085499 19.643297723825956 -16.277204684448893 -17.544622714702463 13.338083505061803 2.7865003550981804 38.25114117615847
leaf_weight=85199 17797 5279 19469 70801 25905 14339 9341 16627 4829 3112 32393 6680 7245 13678 9506 11541 3056 3003
leaf_count=85199 17797 5279 19469 70801 25905 14339 9341 16627 4829 3112 32393 6680 7245 13678 9506 11541 3056 3003
internal_value=-2.64249e-05 -0.008221 0.00820184 0.00991414 -0.0101891 -0.0034362 0.00332018 -0.00827429 0.00151946 0.00501824 0.00835902 -0.001542 0.0073872 -0.00503838 -0.00559376 0.00562973 -0.000734708 0.00909247
internal_weight=359800 180269 179531 132911 127731 52538 46620 42532 22626 23994 62110 24075 26714 28463 23184 20882 17395 35396
internal_count=359800 180269 179531 132911 127731 52538 46620 42532 22626 23994 62110 24075 26714 28463 23184 20882 17395 35396
is_linear=0
shrinkage=0.0229654


Tree=29
num_leaves=19
num_cat=0
split_feature=37 37 37 37 37 37 37 35 35 35 35 23 37 35 35 35 37 8
split_gain=45206 3132.05 2961.47 566.729 381.465 325.357 306.17 152.417 151.291 120.576 118.183 104.627 85.2934 121.27 77.4902 58.5271 56.4073 51.4464
threshold=24870.637002989264 27011.664572983358 22799.823670822549 31462.010697715847 23883.616476499952 21341.006800712184 25880.966961899576 28274.500000000004 23117.500000000004 22466.500000000004 25373.500000000004 -1.0000000180025095e-35 28497.962273516761 29259.500000000004 30377.500000000004 26282.500000000004 24366.059982709161 -0.70710678118654757
decision_type=2 2 2 2 2 2 2 2 2 2 2 2 2 2 2 2 2 2
left_child=2 6 5 12 9 -1 10 -8 -6 -4 -2 -7 13 -3 -14 16 -10 -11
right_child=1 3 4 -5 8 11 7 -9 15 17 -12 -13 14 -15 -16 -17 -18 -19
leaf_value=-72.615801425219956 7.4770152170791571 28.099011442393966 -11.573975391821069 138.98433398677238 2.3703258725082192 -25.985106840262642 17.527258968469059 1.9688621653704443 -10.521873946575772 -23.091875779971591 -0.45356825649952481 -32.769365687578023 46.985351113301441 15.90206380144647 36.094068506856651 -18.667762764608941 -3.0255535418571102 -19.711622916939628
leaf_weight=82356 12243 22099 8470 70801 6166 20948 20536 3458 8979 4972 13116 15864 20711 4615 14685 3770 9527 16484
leaf_count=82356 12243 22099 8470 70801 6166 20948 20536 3458 8979 4972 13116 15864 20711 4615 14685 3770 9527 16484
internal_value=-2.78291e-05 0.00800622 -0.00827583 0.0098407 -0.00403768 -0.0103517 0.00306582 0.0049254 -0.00213328 -0.00584764 0.00130634 -0.00855682 0.00823959 0.00725997 0.00897893 -0.00301449 -0.00248318 -0.00676354
internal_weight=359800 182264 177536 132911 58368 119168 49353 23994 28442 29926 25359 36812 62110 26714 35396 22276 18506 21456
internal_count=359800 182264 177536 132911 58368 119168 49353 23994 28442 29926 25359 36812 62110 26714 35396 22276 18506 21456
is_linear=0
shrinkage=0.0229654


Tree=30
num_leaves=19
num_cat=0
split_feature=35 35 35 0 5 5 5 35 12 7 10 23 35 26 7 18 10 15
split_gain=32556.9 3604.84 1998.45 829.261 667.929 629.724 539.656 421.945 338.148 337.11 279.434 259.214 256.041 255.852 214.51 183.273 166.335 153.43
threshold=25839.500000000004 22824.500000000004 30149.500000000004 13.500000000000002 1.0000000180025095e-35 1.0000000180025095e-35 1.0000000180025095e-35 24320.500000000004 9.7062500000000025 0.55438071450436044 -0.5 1.5500000000000014 33092.000000000007 7.3951822916666679 -0.44134171618254464 0.011250000000000001 -0.24999999999999994 13.256250000000003
decision_type=2 2 2 2 2 2 2 2 2 2 2 2 2 2 2 2 2 2
left_child=1 3 5 13 7 11 8 -3 -5 10 -7 17 -4 -1 -6 -10 -8 -2
right_child=2 4 12 6 14 9 16 -9 15 -11 -12 -13 -14 -15 -16 -17 -18 -19
leaf_value=-22.357883585321549 30.487404744837946 -10.099453227196364 51.256831650361477 13.32429365831644 -8.4917321572450568 -6.8310642837827089 -85.330800542101315 3.6843013015312671 -31.473914397256387 -15.939178793485073 18.670061519369405 18.393592689832559 149.04494704364961 -60.107808479381582 -26.987374074711521 -16.886786103750325 -32.057900258245489 21.619650856821796
leaf_weight=7798 22422 26336 30520 3701 7040 2944 17184 27472 14838 4064 12088 15186 55720 61346 14976 14573 3592 18000
leaf_count=7798 22422 26336 30520 3701 7040 2944 17184 27472 14838 4064 12088 15186 55720 61346 14976 14573 3592 18000
internal_value=-2.87227e-05 -0.00624361 0.00765014 -0.00867101 -0.0023049 0.00490056 -0.00653531 -0.000926162 -0.00471487 0.00130245 0.00288901 0.00613617 0.0100319 -0.0103355 -0.00567459 -0.00553814 -0.00943664 0.00709722
internal_weight=359800 198856 160944 123032 75824 74704 53888 53808 33112 19096 15032 55608 86240 69144 22016 29411 20776 40422
internal_count=359800 198856 160944 123032 75824 74704 53888 53808 33112 19096 15032 55608 86240 69144 22016 29411 20776 40422
is_linear=0
shrinkage=0.0229654


Tree=31
num_leaves=19
num_cat=0
split_feature=37 37 37 37 37 37 37 35 35 35 36 36 35 36 16 37 35 36
split_gain=43725.3 3121.38 3011.88 586.422 406.119 327.614 325.393 166.307 153.285 130.138 123.499 116.948 107.318 99.6039 94.5336 83.0812 114.778 87.2202
threshold=24870.637002989264 27152.532109597381 22689.98080292749 31884.863887757954 23883.616476499952 25880.966961899576 21227.09264132009 28354.500000000004 23117.500000000004 22466.500000000004 26879.500000000004 26661.500000000004 25373.500000000004 23495.500000000004 96.187500000000014 28598.859669692931 29259.500000000004 27301.500000000004
decision_type=2 2 2 2 2 2 2 2 2 2 2 2 2 2 2 2 2 2
left_child=2 5 6 15 9 10 -1 -7 -6 -4 12 -9 -2 -10 -8 16 -3 -18
right_child=1 3 4 -5 8 7 14 11 13 -11 -12 -13 -14 -15 -16 -17 17 -19
leaf_value=-71.036867264272757 9.3001403630421962 27.708735870774667 -11.547747582097088 138.87023866039752 2.8526278726486853 17.490498533019338 -25.341460444558201 15.935433858816054 -1.4266176669599662 -19.903548117328889 -5.7102204037172433 -11.558649013884398 1.253393998071187 -11.202612722175752 -33.422987519710446 42.235728935475528 29.365202137389673 3.9491932682262894
leaf_weight=79506 9419 20414 9696 66590 6166 23048 23673 2207 7098 23079 5240 1647 10700 15178 13140 38124 2196 2679
leaf_count=79506 9419 20414 9696 66590 6166 23048 23673 2207 7098 23079 5240 1647 10700 15178 13140 38124 2196 2679
internal_value=-2.83397e-05 0.00787303 -0.00814014 0.00977853 -0.00401689 0.00313296 -0.0103101 0.00489835 -0.00200893 -0.0057594 0.00126016 0.000482667 0.00207806 -0.00289593 -0.00852508 0.00819795 0.00717731 0.00401129
internal_weight=359800 182264 177536 130003 61217 52261 116319 26902 28442 32775 25359 3854 20119 22276 36813 63413 25289 4875
internal_count=359800 182264 177536 130003 61217 52261 116319 26902 28442 32775 25359 3854 20119 22276 36813 63413 25289 4875
is_linear=0
shrinkage=0.0229654


Tree=32
num_leaves=19
num_cat=0
split_feature=35 36 36 36 35 3 36 35 35 3 3 15 1 3 35 8 3 3
split_gain=31382.8 4332.63 2437.69 870.909 746.614 540.207 364.751 364.047 328.218 303.73 272.257 228.523 226.273 215.82 189.953 179.985 175.625 148.327
threshold=25839.500000000004 23144.500000000004 28991.500000000004 26804.500000000004 21965.500000000004 3.5000000000000004 25051.500000000004 23929.500000000004 32660.500000000004 1.0000000180025095e-35 4.5000000000000009 14.368750000000004 6.5000000000000009 1.5000000000000002 24670.500000000004 0.65793410509763406 4.5000000000000009 1.5000000000000002
decision_type=2 2 2 2 2 2 2 2 2 2 2 2 2 2 2 2 2 2
left_child=1 4 5 7 12 11 15 17 -4 -5 14 -2 -1 -9 -6 -7 -14 -3
right_child=2 3 8 9 10 6 -8 13 -10 -11 -12 -13 16 -15 -16 -17 -18 -19
leaf_value=-61.367583432919361 29.200214544356882 -12.739488054592487 44.674150330376904 31.015806861302917 -16.418143676246494 -11.299395552722777 15.379631418457562 7.6124267749854289 140.29566986717521 0.17525067454326063 -35.127158918813173 14.893251465077102 -29.42193241535939 -7.3051975455968918 -0.11347339185621338 10.748508556273251 -86.240132447156725 -20.777676976307525
leaf_weight=57504 20788 15160 39160 7440 18296 9544 19880 5960 56552 10816 16624 11892 11536 18664 4088 3128 14048 18720
leaf_count=57504 20788 15160 39160 7440 18296 9544 19880 5960 56552 10816 16624 11892 11536 18664 4088 3128 14048 18720
internal_value=-2.78291e-05 -0.00612962 0.0075113 -0.00185435 -0.00881743 0.00408774 0.00199374 -0.00322083 0.00984461 0.00252474 -0.00619645 0.00617353 -0.0100479 -0.00109586 -0.00454301 -0.00105113 -0.00825117 -0.00476525
internal_weight=359800 198856 160944 76760 122096 65232 32552 58504 95712 18256 39008 32680 83088 24624 22384 12672 25584 33880
internal_count=359800 198856 160944 76760 122096 65232 32552 58504 95712 18256 39008 32680 83088 24624 22384 12672 25584 33880
is_linear=0
shrinkage=0.0229654


Tree=33
num_leaves=19
num_cat=0
split_feature=37 37 37 37 37 37 37 35 35 36 35 36 35 35 36 16 37 35
split_gain=42194.4 3107.56 3040.91 569.803 394.399 385.951 371.278 168.645 149.993 146.201 131.334 107.415 105.812 98.2548 95.4843 90.2495 80.6726 71.2305
threshold=24870.637002989264 27434.633048687825 22689.98080292749 31884.863887757954 23883.616476499952 26137.152025358548 21227.09264132009 28354.500000000004 23117.500000000004 26879.500000000004 22824.500000000004 26661.500000000004 25373.500000000004 32374.500000000004 23549.500000000004 96.187500000000014 28798.095678294521 29259.500000000004
decision_type=2 2 2 2 2 2 2 2 2 2 2 2 2 2 2 2 2 2
left_child=2 5 6 13 10 9 -1 -7 -6 12 -4 -9 -2 16 -10 -8 17 -3
right_child=1 3 4 -5 8 7 15 11 14 -11 -12 -13 -14 -15 -16 -17 -18 -19
leaf_value=-68.060927375474236 10.42925393467636 28.408437175040088 -11.115374012569122 132.93994883014952 3.1581827098327975 19.329076669226012 -23.902987167087694 20.289111405021838 -1.2574125409071877 -4.2193029475486084 -20.144623438569365 -7.153145016740682 2.9567650346383103 22.116980299192409 -10.986478037910521 -32.057208572770939 44.147939241258577 18.980469547106029
leaf_weight=79506 10495 17263 12353 66590 6166 22123 23673 2423 7344 7014 20422 2212 13516 6464 14932 13140 29568 4596
leaf_count=79506 10495 17263 12353 66590 6166 22123 23673 2423 7344 7014 20422 2212 13516 6464 14932 13140 29568 4596
internal_value=-2.33611e-05 0.00773846 -0.00799189 0.00978153 -0.00384883 0.00333712 -0.0101723 0.00535814 -0.00187005 0.00159407 -0.005566 0.00137495 0.00244613 0.00811511 -0.00274748 -0.00826556 0.00845054 0.00739266
internal_weight=359800 182264 177536 124481 61217 57783 116319 26758 28442 31025 32775 4635 24011 57891 22276 36813 51427 21859
internal_count=359800 182264 177536 124481 61217 57783 116319 26758 28442 31025 32775 4635 24011 57891 22276 36813 51427 21859
is_linear=0
shrinkage=0.0229654


Tree=34
num_leaves=19
num_cat=0
split_feature=0 10 25 0 0 5 0 5 5 1 12 10 0 25 26 10 5 10
split_gain=14206.2 10994.3 3038.35 2275.62 2490.05 1496.52 1165.41 785.143 747.504 670.079 595.838 533.297 426.812 350.355 340.664 329.024 303.241 298.014
threshold=14.500000000000002 1.0000000180025095e-35 7.0028645833333352 34.500000000000007 45.500000000000007 1.0000000180025095e-35 45.500000000000007 1.0000000180025095e-35 1.0000000180025095e-35 8.5000000000000018 14.056250000000004 1.0000000180025095e-35 12.500000000000002 3.124739583333334 7.8050781250000005 -0.5 1.0000000180025095e-35 0.6830127018922193
decision_type=2 2 2 2 2 2 2 2 2 2 2 2 2 2 2 2 2 2
left_child=2 3 13 5 8 10 7 -3 -5 -9 -2 -4 -13 -1 -8 -10 -14 -11
right_child=1 6 11 4 -6 -7 14 9 15 17 -12 12 16 -15 -16 -17 -18 -19
leaf_value=18.484728111498729 4.2956766952772778 97.781286857907318 -58.119619847835871 20.734415132462008 -18.710256106168334 -70.980661035182237 14.128598096407609 -9.8729017104926662 -6.8237843232388435 27.719250270865768 -17.822876408240472 -29.734374410287618 13.232653632905874 -5.4546000077881542 -11.643617393155353 20.688667744441801 -40.59425078868847 67.384718251535887
leaf_weight=5322 19553 80600 52611 30360 11568 21920 5930 4144 8448 14920 35647 23091 3152 19561 4974 3608 1215 13176
leaf_count=5322 19553 80600 52611 30360 11568 21920 5930 4144 8448 14920 35647 23091 3152 19561 4974 3608 1215 13176
internal_value=-1.79357e-05 0.00291051 -0.00712888 -0.00172367 0.00189266 -0.00425509 0.00782031 0.00851312 0.00446844 0.0054842 -0.00223913 -0.00930717 -0.00671281 -0.00011952 0.000650799 -0.00036955 -0.000128842 0.00675573
internal_weight=359800 254848 104952 131104 53984 77120 123744 112840 42416 32240 55200 80069 27458 24883 10904 12056 4367 28096
internal_count=359800 254848 104952 131104 53984 77120 123744 112840 42416 32240 55200 80069 27458 24883 10904 12056 4367 28096
is_linear=0
shrinkage=0.0229654


Tree=35
num_leaves=19
num_cat=0
split_feature=37 37 37 37 37 37 37 36 36 16 36 36 8 32 37 36 8 37
split_gain=40670.1 3580.94 2646.84 587.583 454.794 414.155 311.974 148.216 146.613 129.472 90.6806 87.9038 72.9395 51.0792 49.4777 45.8268 52.2424 45.1182
threshold=25077.503310491455 23064.113950574578 28318.349165525371 21341.006800712184 26330.685583143768 32034.330985655582 24122.371129755611 26879.500000000004 28384.500000000004 96.187500000000014 24337.500000000004 22616.000000000004 -0.70710678118654757 1.0000000180025095e-35 25583.618629345867 25864.500000000004 -0.44134171618254459 20471.729123591304
decision_type=2 2 2 2 2 2 2 2 2 2 2 2 2 2 2 2 2 2
left_child=1 3 4 17 7 12 11 14 15 -5 -8 -3 -4 -10 -2 -6 -17 -1
right_child=2 6 5 9 8 -7 10 -9 13 -11 -12 -13 -14 -15 -16 16 -18 -19
leaf_value=-74.422313069453381 4.8200035594614787 -6.4311616727655023 38.06210147271787 -21.480923862854219 30.496001414236044 129.5678635955021 1.028918432934842 -1.7600602613660139 8.2146952755467382 -28.589190751618013 -7.0882869339641736 -15.574175040288777 36.966368196306696 17.068637274938531 11.707650058810177 16.945581108601402 19.654938989519081 -34.277911466681864
leaf_weight=61056 10132 8550 13450 27605 9372 65144 11876 7682 6261 16360 15060 21323 30395 4161 11881 3796 14396 21300
leaf_count=61056 10132 8550 13450 27605 9372 65144 11876 7682 6261 16360 15060 21323 30395 4161 11881 3796 14396 21300
internal_value=-2.20846e-05 -0.00760581 0.00783894 -0.0097594 0.00427185 0.0100541 -0.00281706 0.00214264 0.00593633 -0.0076157 -0.00102482 -0.0044331 0.00832846 0.00361603 0.00310111 0.00681364 0.00614153 -0.0109038
internal_weight=359800 183130 176670 126321 67681 108989 56809 29695 37986 43965 26936 29873 43845 10422 22013 27564 18192 82356
internal_count=359800 183130 176670 126321 67681 108989 56809 29695 37986 43965 26936 29873 43845 10422 22013 27564 18192 82356
is_linear=0
shrinkage=0.0229654


Tree=36
num_leaves=19
num_cat=0
split_feature=35 36 36 36 35 36 35 15 3 0 3 35 25 3 6 3 16 35
split_gain=29088 3853.18 2904.95 868.047 552.609 509.015 393.662 319.172 285.12 246.466 222.155 217.284 208.914 208.672 191.461 178.212 174.933 160.033
threshold=24875.500000000004 29388.500000000004 23203.500000000004 24944.500000000004 21693.500000000004 27016.500000000004 32229.500000000004 14.306250000000004 3.5000000000000004 14.500000000000002 1.0000000180025095e-35 26490.500000000004 7.6695312500000004 4.5000000000000009 1.0000000180025095e-35 1.5000000000000002 204.81250000000003 17545.500000000004
decision_type=2 2 2 2 2 2 2 2 2 2 2 2 2 2 2 2 2 2
left_child=2 3 4 8 9 15 16 11 -2 -1 14 -5 -10 -6 -7 17 -3 -4
right_child=1 6 5 7 13 10 -8 -9 12 -11 -12 -13 -14 -15 -16 -17 -18 -19
leaf_value=-57.211523188505559 9.8466972740188758 43.733089204198556 -39.539736522430935 8.8173345091198687 -14.843052256128878 37.01183312618042 125.35472459996305 9.4670395999364203 6.285063365884195 -53.147977986415874 -5.9190448016553106 26.247541727068015 -14.103355806341227 -33.820275792059157 -23.455465438432135 -15.351638919061008 21.024093904479354 -3.9373163187568538
leaf_weight=54888 11888 27573 1960 10337 22880 4616 59144 23186 5211 23448 5800 27941 13613 16176 576 27832 6083 16648
leaf_count=54888 11888 27573 1960 10337 22880 4616 59144 23186 5211 23448 5800 27941 13613 16176 576 27832 6083 16648
internal_value=-2.28505e-05 0.00632525 -0.00673958 0.00299949 -0.0088102 -0.00250719 0.00962864 0.00457485 -0.000153292 -0.00992277 0.00193677 0.00586284 -0.00191175 -0.00657868 0.00538749 -0.00355904 0.00764581 -0.00181916
internal_weight=359800 184976 174824 92176 117392 57432 92800 61464 30712 78336 10992 38278 18824 39056 5192 46440 33656 18608
internal_count=359800 184976 174824 92176 117392 57432 92800 61464 30712 78336 10992 38278 18824 39056 5192 46440 33656 18608
is_linear=0
shrinkage=0.0229654


Tree=37
num_leaves=19
num_cat=0
split_feature=35 36 36 36 35 3 35 35 36 3 15 3 16 3 25 3 3 10
split_gain=28351.6 4075.62 2376.15 871.414 705.78 539.415 409.786 371.345 312.117 274.364 242.12 241.195 205.275 197.469 186.39 157.408 151.829 148.546
threshold=25839.500000000004 22676.500000000004 29388.500000000004 26804.500000000004 21693.500000000004 3.5000000000000004 23815.500000000004 32660.500000000004 25051.500000000004 1.0000000180025095e-35 14.031250000000004 4.5000000000000009 92.562500000000014 2.5000000000000004 6.4515625000000005 4.5000000000000009 1.5000000000000002 -0.5
decision_type=2 2 2 2 2 2 2 2 2 2 2 2 2 2 2 2 2 2
left_child=1 4 5 6 12 10 16 -4 14 -5 -2 -6 -1 -8 -7 -14 -3 -10
right_child=2 3 7 9 11 8 13 -9 17 -11 -12 -13 15 -15 -16 -17 -18 -19
leaf_value=-55.530190620089272 27.221675244209756 -12.185322948052026 40.831144847549929 27.74244650877446 -13.425548747907385 14.005367611711911 3.4143495849282228 127.04601846529147 -0.6978344357398959 0.28395106317134255 13.883877799274396 -33.043579328367272 -28.203651152945262 -8.3576783992572281 -9.0272036156330664 -89.019522447395261 -19.930484946764221 19.043318333438876
leaf_weight=56255 21580 17144 35240 7440 20648 2864 11928 55904 4184 10816 13836 16776 7804 16824 9808 11013 22208 17528
leaf_count=56255 21580 17144 35240 7440 20648 2864 11928 55904 4184 10816 13836 16776 7804 16824 9808 11013 22208 17528
internal_value=-2.46377e-05 -0.00582427 0.00714116 -0.00207183 -0.00870491 0.00395249 -0.00326622 0.00958311 0.00190354 0.00238384 0.00594172 -0.00612857 -0.00998924 -0.00118214 -0.000960517 -0.00791286 -0.00478893 0.00357512
internal_weight=359800 198856 160944 86360 112496 69800 68104 91144 34384 18256 35416 37424 75072 28752 12672 18817 39352 21712
internal_count=359800 198856 160944 86360 112496 69800 68104 91144 34384 18256 35416 37424 75072 28752 12672 18817 39352 21712
is_linear=0
shrinkage=0.0229654


Tree=38
num_leaves=19
num_cat=0
split_feature=37 37 37 37 37 37 37 35 35 35 35 35 23 37 26 35 37 35
split_gain=38227.6 3155.04 3014.32 577.256 503.458 467.366 312.333 181.772 158.633 149.874 125.157 120.669 88.0228 76.7426 74.3345 74.1316 69.6664 62.2446
threshold=24820.000308201481 28318.349165525371 22263.946202917101 26202.290285372062 32499.598480193104 23737.101329373709 20884.631928884504 28274.500000000004 23117.500000000004 25373.500000000004 32374.500000000004 22824.500000000004 0.28749999999999981 31056.517438512285 20.375130208333339 30749.500000000004 25527.6415586732 25425.500000000004
decision_type=2 2 2 2 2 2 2 2 2 2 2 2 2 2 2 2 2 2
left_child=2 3 6 9 10 11 -1 -5 -7 -2 -3 12 -4 -12 17 -9 -11 -10
right_child=1 4 5 7 -6 8 -8 15 14 16 13 -13 -14 -15 -16 -17 -18 -19
leaf_value=-65.485002051332046 8.4831618233877251 38.07733270430289 -12.955963046270377 20.303480531772227 126.93013458776744 3.049256565320615 -24.911130404744043 14.841267005393274 -6.3313195857118654 -3.8076987429074536 11.548451221618521 -21.34830170818973 -10.441515926542342 30.517716096125756 5.43298664981514 -4.8137843403435241 3.8845221547205937 -15.325241606254155
leaf_weight=70951 15210 39436 10347 29986 60879 7226 34250 8962 15705 8450 3396 21652 7736 5278 1048 1880 10158 7250
leaf_count=70951 15210 39436 10347 29986 60879 7226 34250 8962 15705 8450 3396 21652 7736 5278 1048 1880 10158 7250
internal_value=-2.29143e-05 0.00730895 -0.00766567 0.00367159 0.00980016 -0.00400804 -0.010133 0.00550961 -0.00190576 0.00145257 0.00804434 -0.00566029 -0.00427545 0.00554675 -0.00280382 0.00296123 7.03476e-05 -0.00307689
internal_weight=359800 183635 176165 74646 108989 70964 105201 40828 31229 33818 48110 39735 18083 8674 24003 10842 18608 22955
internal_count=359800 183635 176165 74646 108989 70964 105201 40828 31229 33818 48110 39735 18083 8674 24003 10842 18608 22955
is_linear=0
shrinkage=0.0229654


Tree=39
num_leaves=19
num_cat=0
split_feature=35 35 35 0 35 35 10 35 16 25 16 16 26 16 10 0 16 16
split_gain=27115 3395.28 2004.73 772.597 652.28 459.646 265.115 255.134 250.411 223.021 222.191 142.861 132.285 197.367 185.945 181.414 128.777 129.296
threshold=24875.500000000004 28708.500000000004 22075.500000000004 13.500000000000002 33092.000000000007 26490.500000000004 -0.24999999999999994 23929.500000000004 199.56250000000003 8.0242187500000028 265.31250000000006 289.81250000000006 6.9141927083333341 0.56250000000000011 -0.24999999999999994 34.500000000000007 514.43750000000011 94.437500000000014
decision_type=2 2 2 2 2 2 2 2 2 2 2 2 2 2 2 2 2 2
left_child=2 5 3 9 8 11 16 12 -3 -1 -7 -2 -4 -14 15 -15 17 -5
right_child=1 4 7 6 -6 10 -8 -9 -10 -11 -12 -13 13 14 -16 -17 -18 -19
leaf_value=-18.888553352376757 4.6273577671558321 37.466098815908843 -5.5253908311855282 -28.363287025953905 122.59127678774897 17.574545180056685 -11.067305046160039 -5.5625292379260811 18.460298508865318 -52.521373144340117 4.2781601694519651 -7.50721341112689 -17.196479902986106 -23.430879450940797 7.3921852485654584 0.37665457438271727 -61.382333622003166 -29.860594571795847
leaf_weight=7424 29074 40994 6790 6480 55720 32396 6544 24392 9222 53928 8684 8886 17403 14450 3771 3562 13406 16674
leaf_count=7424 29074 40994 6790 6480 55720 32396 6544 24392 9222 53928 8684 8886 17403 14450 3771 3562 13406 16674
internal_value=-2.2659e-05 0.00610636 -0.00650759 -0.00852606 0.00879391 0.00250429 -0.00616972 -0.00351132 0.00689566 -0.0101816 0.00418778 0.000682428 -0.00451856 -0.00503134 -0.00357454 -0.0045454 -0.00693171 -0.00589459
internal_weight=359800 184976 174824 104456 105936 79040 43104 70368 50216 61352 41080 37960 45976 39186 21783 18012 36560 23154
internal_count=359800 184976 174824 104456 105936 79040 43104 70368 50216 61352 41080 37960 45976 39186 21783 18012 36560 23154
is_linear=0
shrinkage=0.0229654


Tree=40
num_leaves=19
num_cat=0
split_feature=35 36 36 36 36 35 35 35 5 35 10 5 0 26 5 5 7 0
split_gain=26358.5 3669.37 2775.54 757.531 567.726 532.063 403.383 272.588 256.444 212.83 197.586 192.635 177.239 161.561 151.885 144.792 185.823 142.961
threshold=24875.500000000004 29388.500000000004 22435.500000000004 24944.500000000004 26944.500000000004 21122.500000000004 32660.500000000004 26621.500000000004 1.0000000180025095e-35 23755.500000000004 -0.24999999999999994 1.0000000180025095e-35 14.500000000000002 21.610286458333338 1.0000000180025095e-35 1.0000000180025095e-35 0.65793410509763428 12.500000000000002
decision_type=2 2 2 2 2 2 2 2 2 2 2 2 2 2 2 2 2 2
left_child=2 3 5 8 9 12 -3 -5 10 17 13 -7 -1 -2 -14 -9 -17 -4
right_child=1 6 4 7 -6 11 -8 15 -10 -11 -12 -13 14 -15 -16 16 -18 -19
leaf_value=-57.607720379347462 -6.0660924464242418 38.059060523707622 -18.725280088765292 5.9572799563678451 8.6146258089062027 -14.7969382073184 118.44533869946905 22.980111407991561 -8.9014898561010138 -5.0662833184488756 16.396452670324123 -34.921525145100013 -26.105560959898572 23.336131983323789 -84.815716078896159 17.548595683869383 -9.3470270732839715 -14.561721208115637
leaf_weight=46640 8512 36896 13800 18968 11392 21928 55904 30944 13192 17304 8312 17480 7048 696 10400 9504 2048 28832
leaf_count=46640 8512 36896 13800 18968 11392 21928 55904 30944 13192 17304 8312 17480 7048 696 10400 9504 2048 28832
internal_value=-2.94248e-05 0.0060135 -0.00642326 0.00276803 -0.00293765 -0.00882549 0.00923714 0.00423969 -0.000177221 -0.00383089 0.00164376 -0.00672563 -0.0101167 -0.000673399 -0.00814214 0.00526147 0.00306749 -0.00470276
internal_weight=359800 184976 174824 92176 71328 103496 92800 61464 30712 59936 17520 39408 64088 9208 17448 42496 11552 42632
internal_count=359800 184976 174824 92176 71328 103496 92800 61464 30712 59936 17520 39408 64088 9208 17448 42496 11552 42632
is_linear=0
shrinkage=0.0229654


Tree=41
num_leaves=19
num_cat=0
split_feature=0 32 21 16 16 0 3 0 3 0 21 6 0 0 3 0 0 19
split_gain=12503.5 7956.15 2748.83 1885.17 1692.09 1491.11 1440.34 1139.93 666.969 915.645 488.03 487.034 463.15 427.339 381.354 343.369 312.814 295.692
threshold=14.500000000000002 1.0000000180025095e-35 9.0045572916666696 390.43750000000006 238.56250000000003 45.500000000000007 4.5000000000000009 46.500000000000007 4.5000000000000009 20.500000000000004 5.9473958333333341 1.0000000180025095e-35 20.500000000000004 34.500000000000007 3.5000000000000004 44.500000000000007 34.500000000000007 8.5187500000000025
decision_type=2 2 2 2 2 2 2 2 2 2 2 2 2 2 2 2 2 2
left_child=2 4 10 6 5 8 7 13 11 -10 -1 -2 -8 -3 16 -15 -5 -7
right_child=1 3 -4 14 -6 17 12 -9 9 -11 -12 -13 -14 15 -16 -17 -18 -19
leaf_value=2.8762836682204886 87.956607978261857 4.3286305142391122 -43.699691429637227 -22.870510313597919 1.9103444114359431 -10.450184220964264 -58.652522012189245 -19.576385250562918 -7.8194645270961827 46.369722350384471 -13.800330764684256 -0.7432389717789748 -8.2349941028309157 20.131196852946708 -59.749546089973855 -0.58618707387414482 15.319799479124091 10.92338477573694
leaf_weight=18311 73725 25440 65455 18123 20146 6258 5610 4794 6452 22952 21186 2653 17644 21466 16567 4801 2195 6022
leaf_count=18311 73725 25440 65455 18123 20146 6258 5610 4794 6452 22952 21186 2653 17644 21466 16567 4801 2195 6022
internal_value=-2.83397e-05 0.00271901 -0.00669956 -0.00169799 0.00644673 0.00749641 0.000287518 0.00226744 0.00837577 0.00543675 -0.001915 0.00950723 -0.00452316 0.00326069 -0.00599118 0.00531535 -0.00388258 -7.85462e-05
internal_weight=359800 254848 104952 116640 138208 118062 79755 56501 105782 29404 39497 76378 23254 51707 36885 26267 20318 12280
internal_count=359800 254848 104952 116640 138208 118062 79755 56501 105782 29404 39497 76378 23254 51707 36885 26267 20318 12280
is_linear=0
shrinkage=0.0229654


Tree=42
num_leaves=19
num_cat=0
split_feature=0 10 25 3 16 0 1 16 0 0 3 1 0 10 0 25 25 3
split_gain=12141.4 9353.33 2829.8 1970.89 1181.41 1047.71 999.043 1021.05 881.616 709.566 618.945 839.887 472.496 453.087 376.192 360.062 317.79 299.489
threshold=14.500000000000002 1.0000000180025095e-35 7.6695312500000004 3.5000000000000004 442.31250000000006 46.500000000000007 21.500000000000004 221.06250000000003 34.500000000000007 34.500000000000007 4.5000000000000009 9.5000000000000018 45.500000000000007 1.0000000180025095e-35 44.500000000000007 4.9028645833333346 6.8643229166666675 4.5000000000000009
decision_type=2 2 2 2 2 2 2 2 2 2 2 2 2 2 2 2 2 2
left_child=2 3 15 4 5 9 7 10 17 -2 -3 -12 -10 -4 -11 -1 -8 -5
right_child=1 6 13 8 -6 -7 16 -9 12 14 11 -13 -14 -15 -16 -17 -18 -19
leaf_value=7.8232773860121876 3.1878727559260454 93.055548563691261 -48.857166658331629 -19.276695771918252 -20.580163356216811 -18.433918572480028 16.83254171300538 13.888775826489814 0.72653984557010143 22.878952475162215 -5.6689471393376998 51.37355361369152 -18.30845036803133 -23.345117736813588 0.26800995909428504 -8.6912487314414992 -6.7989214914283247 -61.763557739108542
leaf_weight=12691 26830 68743 51587 11040 18805 4416 7704 13330 18128 20605 5971 21140 4944 24070 4416 16604 6856 21920
leaf_count=12691 26830 68743 51587 11040 18805 4416 7704 13330 18128 20605 5971 21140 4944 24070 4416 16604 6856 21920
internal_value=-2.52122e-05 0.00268207 -0.00659912 -0.00159229 0.00084034 0.00250584 0.00721065 0.00796419 -0.00485154 0.00342038 0.00879238 0.0058538 -0.00140846 -0.00894566 0.00620234 -0.000538956 0.00155994 -0.0072617
internal_weight=359800 254848 104952 131104 75072 56267 123744 109184 56032 51851 95854 27111 23072 75657 25021 29295 14560 32960
internal_count=359800 254848 104952 131104 75072 56267 123744 109184 56032 51851 95854 27111 23072 75657 25021 29295 14560 32960
is_linear=0
shrinkage=0.0229654


Tree=43
num_leaves=19
num_cat=0
split_feature=37 37 37 37 37 37 37 36 36 36 36 15 32 37 3 3 0 37
split_gain=34349.9 3406.77 2732.58 760.967 514.718 491.628 205.338 169.495 164.016 145.211 101.302 98.7183 98.102 72.1688 67.1614 55.8404 71.6479 52.8986
threshold=24617.385043280763 28146.982781622504 21623.970797757989 32810.018203595908 26202.290285372062 23426.150605651444 20713.858809328627 27525.500000000004 25925.500000000004 23088.500000000004 21132.500000000004 16.568750000000005 1.0000000180025095e-35 25247.731780150305 3.5000000000000004 4.5000000000000009 25.500000000000004 26800.025061189601
decision_type=2 2 2 2 2 2 2 2 2 2 2 2 2 2 2 2 2 2
left_child=2 4 6 11 8 10 -1 17 13 -7 -4 15 -9 -2 -13 -3 -17 -6
right_child=1 3 5 -5 7 9 -8 12 -10 -11 -12 14 -14 -15 -16 16 -18 -19
leaf_value=-61.783645192814589 2.447760824046314 34.542817519253006 -11.259974733092193 119.88023846440819 15.185650196149032 -0.16123119795855304 -24.076204919827411 4.6010813506676325 -2.1948107373758274 -9.6665212830112353 -19.105172173665927 31.189193674160808 12.415641993921954 9.373721478605221 15.961505075798959 17.258384761008013 33.615883595942158 24.551007866718443
leaf_weight=66776 12268 29503 10156 58052 9072 10158 22595 8033 14530 23967 36853 9085 7905 12680 6191 2948 6087 12941
leaf_count=66776 12268 29503 10156 58052 9072 10158 22595 8033 14530 23967 36853 9085 7905 12680 6191 2948 6087 12941
internal_value=-1.92123e-05 0.00671528 -0.00749586 0.00927846 0.00301212 -0.00444453 -0.010266 0.00492185 0.00117625 -0.00234634 -0.00596766 0.00731117 0.00311815 0.00230593 0.00574887 0.00793045 0.00635076 0.00622777
internal_weight=359800 189295 170505 111866 77429 81134 89371 37951 39478 34125 47009 53814 15938 24948 15276 38538 9035 22013
internal_count=359800 189295 170505 111866 77429 81134 89371 37951 39478 34125 47009 53814 15938 24948 15276 38538 9035 22013
is_linear=0
shrinkage=0.0229654


Tree=44
num_leaves=19
num_cat=0
split_feature=37 37 37 37 37 37 37 36 36 36 8 3 36 8 36 37 32 37
split_gain=33647.4 3486.97 2657.51 781.728 524.484 459.352 198.597 171.88 148.537 139.393 106.732 98.7783 95.5849 87.7884 61.896 63.8481 61.6704 60.9289
threshold=24566.936554354073 28146.982781622504 21568.319413839254 32810.018203595908 26074.985478570168 23374.762466709133 20471.729123591304 25864.500000000004 25687.500000000004 23088.500000000004 -0.44134171618254459 3.5000000000000004 21250.500000000004 -0.5 27444.500000000004 30652.222152087903 165.34375000000003 25247.731780150305
decision_type=2 2 2 2 2 2 2 2 2 2 2 2 2 2 2 2 2 2
left_child=2 4 6 13 8 12 -1 -6 17 -7 -9 -12 -4 14 -3 -16 -13 -2
right_child=1 3 5 -5 7 9 -8 10 -10 -11 11 16 -14 -15 15 -17 -18 -19
leaf_value=-63.189503814168923 2.5723147881410138 51.323306854166468 -11.663223592480495 117.12713976544053 24.544874206996123 -0.63050402753765111 -24.989420208418895 5.8389868479774432 -2.2887511549900972 -9.9422639434996984 15.381290500498602 9.140249225667274 -19.152888055366503 30.049112915772575 20.226609741612066 37.293089843955237 -5.1273872358496675 8.9926346403417217
leaf_weight=61056 12669 2550 11314 58052 11495 10458 26926 7401 15054 23607 15114 5801 35663 31394 10061 9809 967 10409
leaf_count=61056 12669 2550 11314 58052 11495 10458 26926 7401 15054 23607 15114 5801 35663 31394 10061 9809 967 10409
internal_value=-2.05527e-05 0.0065899 -0.00748172 0.00919758 0.00289316 -0.00448132 -0.0102455 0.00470369 0.000956992 -0.00245092 0.00376953 0.00457587 -0.00595364 0.00720363 0.00610601 0.00567374 0.00227007 0.00211463
internal_weight=359800 190776 169024 111866 78910 81042 87982 40778 38132 34065 29283 21882 46977 53814 22420 19870 6768 23078
internal_count=359800 190776 169024 111866 78910 81042 87982 40778 38132 34065 29283 21882 46977 53814 22420 19870 6768 23078
is_linear=0
shrinkage=0.0229654


Tree=45
num_leaves=19
num_cat=0
split_feature=0 10 21 3 7 3 16 7 0 0 0 0 0 12 21 6 16 3
split_gain=11417.7 9116.54 2387.1 1898.44 1197.57 1280.7 1019.25 1091.48 867.802 527.601 483.897 467.141 422.43 407.654 368.041 333.425 328.99 324.538
threshold=13.500000000000002 1.0000000180025095e-35 8.9501302083333361 3.5000000000000004 -0.70710678118654735 4.5000000000000009 468.31250000000006 -0.5 34.500000000000007 45.500000000000007 34.500000000000007 46.500000000000007 45.500000000000007 3.0312500000000009 5.0446614583333345 1.0000000180025095e-35 274.56250000000006 4.5000000000000009
decision_type=2 2 2 2 2 2 2 2 2 2 2 2 2 2 2 2 2 2
left_child=2 3 13 6 -3 9 7 10 17 15 -2 -9 -10 -1 -7 16 -6 -5
right_child=1 4 -4 8 5 14 -8 11 12 -11 -12 -13 -14 -15 -16 -17 -18 -19
leaf_value=6.7059917665040611 -0.84556482922871878 93.245613765348423 -40.648038441434224 -17.354375197404952 61.633030853436864 27.086573112631786 -21.791952556221926 1.0497878210337848 0.61094806887863351 4.4032975834065065 21.256381247385459 -17.158750573474222 -16.868517917177904 -11.332747477564121 -4.010437607663679 -24.289638687135206 15.523136636161698 -59.597029286206443
leaf_weight=8771 6203 43680 61192 11592 45900 6119 16618 29073 18128 7800 20970 4416 4944 27493 17785 1280 4820 23016
leaf_count=8771 6203 43680 61192 11592 45900 6119 16618 29073 18128 7800 20970 4416 4944 27493 17785 1280 4820 23016
internal_value=-2.50207e-05 0.00246843 -0.0067372 -0.00169076 0.00687498 0.00526643 0.000662395 0.00204282 -0.00484352 0.00706244 0.00546266 -0.000732049 -0.00139353 -0.00206831 0.000773392 0.00789789 0.00819003 -0.00714351
internal_weight=359800 262344 97456 134960 127384 83704 77280 60662 57680 59800 27173 33489 23072 36264 23904 52000 50720 34608
internal_count=359800 262344 97456 134960 127384 83704 77280 60662 57680 59800 27173 33489 23072 36264 23904 52000 50720 34608
is_linear=0
shrinkage=0.0229654


Tree=46
num_leaves=19
num_cat=0
split_feature=35 36 36 36 35 36 35 15 15 16 4 25 36 16 35 25 16 16
split_gain=22824.1 3714.8 2430.65 742.024 528.559 527.667 466.333 306.271 305.469 184.723 172.05 170.115 166.918 162.399 159.381 129.156 143.767 148.933
threshold=24670.500000000004 29919.500000000004 21873.500000000004 25499.500000000004 21242.000000000004 25319.500000000004 34061.000000000007 14.093750000000004 12.331250000000004 207.56250000000003 8.5000000000000018 4.623697916666667 32536.500000000004 92.562500000000014 26490.500000000004 5.2638020833333341 1.4375000000000002 446.68750000000006
decision_type=2 2 2 2 2 2 2 2 2 2 2 2 2 2 2 2 2 2
left_child=2 3 4 8 13 15 9 14 11 -3 12 -2 -7 -1 -5 -4 -17 -18
right_child=1 6 5 7 -6 10 -8 -9 -10 -11 -12 -13 -14 -15 -16 16 17 -19
leaf_value=-50.674728178779169 21.939142795622562 39.888914819663306 -1.3898534762486292 7.8321772154792946 -19.896734747708969 -7.2070302129133825 120.31077116945346 7.75495369073289 -8.2081447439007906 17.374104775230798 14.050121465727962 3.2292039821121477 69.25304527839323 -59.436410373980024 22.254404821719213 -15.304811817176315 -7.8939416492076457 -27.422611815657785
leaf_weight=47139 4282 36471 3836 9431 29192 17600 44448 25192 19991 5761 4536 17271 552 14621 27817 25549 17227 8884
leaf_count=47139 4282 36471 3836 9431 29192 17600 44448 25192 19991 5761 4536 17271 552 14621 27817 25549 17227 8884
internal_value=-2.27867e-05 0.00542505 -0.00616404 0.00249831 -0.00871656 -0.00319467 0.00893606 0.00408074 0.000119957 0.00720796 -0.000243947 0.00201652 -0.00124366 -0.00992019 0.00540348 -0.00440099 -0.00470289 -0.00350449
internal_weight=359800 190664 169136 103984 90952 78184 86680 62440 41544 42232 22688 21553 18152 61760 37248 55496 51660 26111
internal_count=359800 190664 169136 103984 90952 78184 86680 62440 41544 42232 22688 21553 18152 61760 37248 55496 51660 26111
is_linear=0
shrinkage=0.0229654


Tree=47
num_leaves=19
num_cat=0
split_feature=37 37 37 37 37 37 36 36 37 36 37 3 36 37 37 8 9 26
split_gain=31452.8 3408.06 2759.06 941.158 485.867 358.158 184.851 176.231 157.006 135.84 119.124 113.603 100.803 81.9883 74.4811 66.6395 65.5045 70.334
threshold=24566.936554354073 30652.222152087903 21283.356509582398 26605.106371552731 23374.762466709133 33467.892597773149 27525.500000000004 25925.500000000004 20233.521183156357 23088.500000000004 25527.6415586732 3.5000000000000004 21250.500000000004 28146.982781622504 25527.6415586732 -0.5 -0.93301270189221908 15.002213541666668
decision_type=2 2 2 2 2 2 2 2 2 2 2 2 2 2 2 2 2 2
left_child=2 3 8 7 12 -3 -5 10 -1 -6 -2 13 -4 15 -9 -8 -13 -18
right_child=1 5 4 6 9 -7 11 14 -10 -11 -12 16 -14 -15 -16 -17 17 -19
leaf_value=-62.787327362349558 3.2330545604743808 37.095854254675551 -11.068578033625883 25.712100620023502 -0.2951348237421792 118.03906251551516 1.0110598936926127 -6.7531975370841169 -26.020900155247951 -9.4002682969657183 12.676849135427814 29.179879158794691 -18.472388508969125 24.043374478121251 2.2934168773931543 12.432840197662774 11.00292795721254 -5.9467823961875821
leaf_weight=55376 17905 26965 14254 22745 10458 52382 2061 7512 25512 23607 11759 784 39817 16356 12294 7229 12400 384
leaf_count=55376 17905 26965 14254 22745 10458 52382 2061 7512 25512 23607 11759 784 39817 16356 12294 7229 12400 384
internal_value=-1.42975e-05 0.00637695 -0.00722805 0.00378676 -0.00441715 0.0100144 0.00567269 0.00142472 -0.0102908 -0.0022689 0.00254474 0.00471736 -0.00577055 0.00561643 -0.000252775 0.00389349 0.00301793 0.00262277
internal_weight=359800 190776 169024 111429 88136 79347 61959 49470 80888 34065 29664 39214 54071 25646 19806 9290 13568 12784
internal_count=359800 190776 169024 111429 88136 79347 61959 49470 80888 34065 29664 39214 54071 25646 19806 9290 13568 12784
is_linear=0
shrinkage=0.0229654


Tree=48
num_leaves=19
num_cat=0
split_feature=37 37 37 37 37 15 36 37 37 36 37 36 3 1 37 30 37 36
split_gain=30798.2 3436.12 2765.52 1127.95 471.039 178.749 168.516 168.445 130.755 129.98 117.452 103.117 76.4777 76.2934 71.4872 68.4954 64.7061 63.0018
threshold=24566.936554354073 32034.330985655582 21283.356509582398 26605.106371552731 23374.762466709133 14.093750000000004 25925.500000000004 20233.521183156357 33943.756258948641 23088.500000000004 25704.880355702509 22973.500000000004 1.5000000000000002 22.500000000000004 25527.6415586732 726.29375000000016 22202.067321382412 25864.500000000004
decision_type=2 2 2 2 2 2 2 2 2 2 2 2 2 2 2 2 2 2
left_child=2 3 7 6 11 12 10 -1 -3 -6 -2 13 -5 16 -8 -7 -4 -14
right_child=1 8 4 5 9 15 14 -9 -10 -11 -12 -13 17 -15 -16 -17 -18 -19
leaf_value=-61.345390713847991 3.7586415136536679 43.020361554815644 -14.142876554817935 29.37918344133772 -0.28835693182540156 19.887594423727997 -6.5981075940595435 -25.423319542454575 122.04810817450482 -9.1843872914736657 13.761392659934586 -22.292917056199169 29.027604694905929 -16.34274661667132 2.2407476209567196 15.754538995330709 -9.2884051056279482 19.065479404493068
leaf_weight=55376 20421 16988 14919 13804 10458 10933 7512 25512 48156 23607 9243 20913 5133 4073 12294 19615 14166 26677
leaf_count=55376 20421 16988 14919 13804 10458 10933 7512 25512 48156 23607 9243 20913 5133 4073 12294 19615 14166 26677
internal_value=-8.10619e-06 0.00631628 -0.00714639 0.00409689 -0.0043322 0.00585066 0.00139687 -0.0102127 0.0105964 -0.00221699 0.0024921 -0.0056648 0.00676114 -0.00486832 -0.000243499 0.00449114 -0.00445609 0.00614168
internal_weight=359800 190776 169024 125632 88136 76162 49470 80888 65144 34065 29664 54071 45614 33158 19806 30548 29085 31810
internal_count=359800 190776 169024 125632 88136 76162 49470 80888 65144 34065 29664 54071 45614 33158 19806 30548 29085 31810
is_linear=0
shrinkage=0.0229654


Tree=49
num_leaves=19
num_cat=0
split_feature=37 37 37 37 37 35 35 35 37 36 35 37 37 37 36 35 36 36
split_gain=30186.2 3516.92 2710.12 1144.26 457.842 280.953 190.09 173.001 167.55 178.539 161.789 146.667 142.235 139.442 133.379 120.771 111.777 108.16
threshold=24515.504057869399 32034.330985655582 21168.251015623839 26605.106371552731 23220.445692615929 32374.500000000004 25257.500000000004 23117.500000000004 28598.859669692931 27525.500000000004 28441.500000000004 25527.6415586732 20040.008643446326 33943.756258948641 25739.500000000004 22824.500000000004 23088.500000000004 24453.500000000004
decision_type=2 2 2 2 2 2 2 2 2 2 2 2 2 2 2 2 2 2
left_child=2 3 12 6 15 8 -2 -6 9 -5 -11 17 -1 -3 -13 -4 -9 -8
right_child=1 13 4 5 7 -7 11 16 -10 10 -12 14 -14 -15 -16 -17 -18 -19
leaf_value=-62.061861950276949 7.6566327661931002 42.032381359390463 -12.358199131962937 22.072303934961788 -0.38711295226144715 5.3750281617638676 1.8267306453275836 -3.6869269777262863 30.18048796649866 13.818346473193822 -0.085903155764166572 10.237521060449643 -26.407829173813713 119.24522346113767 -1.1709620391517608 -24.58441035895909 -13.072134776194753 -9.9010840808665588
leaf_weight=51079 21565 16988 34228 17773 11544 7297 5130 8479 33092 13099 4901 8029 27000 48156 9211 18289 16960 6980
leaf_count=51079 21565 16988 34228 17773 11544 7297 5130 8479 33092 13099 4901 8029 27000 48156 9211 18289 16960 6980
internal_value=-5.99986e-06 0.00620494 -0.00713024 0.00398082 -0.00440243 0.00576261 0.0013155 -0.00244508 0.00621665 0.00512714 0.00351498 0.000112675 -0.0102571 0.0105436 0.0014733 -0.00578082 -0.00350318 -0.00182434
internal_weight=359800 192221 167579 127077 89500 76162 50915 36983 68865 35773 18000 29350 78079 65144 17240 52517 25439 12110
internal_count=359800 192221 167579 127077 89500 76162 50915 36983 68865 35773 18000 29350 78079 65144 17240 52517 25439 12110
is_linear=0
shrinkage=0.0229654


Tree=50
num_leaves=19
num_cat=0
split_feature=37 37 37 37 37 37 15 37 37 3 1 7 30 8 1 15 3 27
split_gain=29586.8 3393.7 2871.11 1013.32 477.262 185.291 177.906 147.284 99.0987 81.8411 74.7816 87.4843 69.8076 61.5327 49.8523 49.2674 48.5936 50.7252
threshold=24617.385043280763 32034.330985655582 21283.356509582398 26605.106371552731 23374.762466709133 20296.943862366232 14.093750000000004 33633.706528732488 25704.880355702509 1.5000000000000002 22.500000000000004 0.75023006073889154 726.29375000000016 -0.32075123873380501 9.5000000000000018 8.5687500000000032 1.0000000180025095e-35 2.5644903273809541
decision_type=2 2 2 2 2 2 2 2 2 2 2 2 2 2 2 2 2 2
left_child=2 3 5 8 10 14 9 -3 15 -5 11 -4 -8 -11 -1 -2 -14 -18
right_child=1 7 4 6 -6 -7 12 -9 -10 13 -12 -13 16 -15 -16 -17 17 -19
leaf_value=-55.686547393084922 4.7551054816796503 38.884877687961882 -14.0841316517529 28.196678579055302 -5.8674163910732933 -23.912987381186632 18.927875791761704 112.05141880896613 7.6513370285363154 19.795819738805235 -16.833167853301628 -16.358029791990944 32.633543619753176 20.28205699858831 -68.31500067282964 0.029783302978016683 16.505013363170573 3.0562699494591548
leaf_weight=41699 6436 14186 33389 13804 35546 24091 10933 50958 19818 12349 6055 14627 2847 19461 15098 21735 12208 4560
leaf_count=41699 6436 14186 33389 13804 35546 24091 10933 50958 19818 12349 6055 14627 2847 19461 15098 21735 12208 4560
internal_value=-4.14884e-06 0.00624602 -0.00694309 0.00401859 -0.00411185 -0.0100799 0.00566552 0.010491 0.0014048 0.00657384 -0.0054707 -0.00516741 0.00430921 0.00593303 -0.0107957 0.000529482 0.00348959 0.00301859
internal_weight=359800 189295 170505 124151 89617 80888 76162 65144 47989 45614 54071 48016 30548 31810 56797 28171 19615 16768
internal_count=359800 189295 170505 124151 89617 80888 76162 65144 47989 45614 54071 48016 30548 31810 56797 28171 19615 16768
is_linear=0
shrinkage=0.0229654


Tree=51
num_leaves=19
num_cat=0
split_feature=37 37 37 37 37 35 35 37 35 35 37 37 35 37 35 37 37 37
split_gain=28913.4 3533.9 2745.73 1061.88 474.391 264.116 184.519 168.738 173.14 168.163 158.123 134.88 123.115 106.844 82.9812 82.9127 81.7935 76.6553
threshold=24515.504057869399 32034.330985655582 21002.429534868792 26605.106371552731 23167.259587382465 32374.500000000004 25257.500000000004 28497.962273516761 27702.500000000004 22890.500000000004 33793.841047580718 25527.6415586732 22824.500000000004 19975.385879885547 29259.500000000004 25583.618629345867 30273.138219804448 22202.067321382412
decision_type=2 2 2 2 2 2 2 2 2 2 2 2 2 2 2 2 2 2
left_child=2 3 13 6 12 7 15 8 -5 -6 -3 -8 17 -1 -9 -2 -16 -4
right_child=1 10 4 5 9 -7 11 14 -10 -11 -12 -13 -14 -15 16 -17 -18 -19
leaf_value=-60.330182078688864 4.637989535288666 38.775902787426773 -14.128667319460829 18.970194386314475 0.19338619028381043 4.8669930783021238 -4.6585851590572052 36.842359870379326 10.188065050163942 -9.5556281161159795 111.7887212649065 3.7429176803894904 -24.777456448240066 -26.367632885298065 17.283298391188001 16.554587525091154 31.17993748141927 -8.9786936799757502
leaf_weight=49673 15316 15612 23391 19170 10480 7297 12110 13912 15200 27963 49532 17240 18074 24166 10476 6249 10107 13832
leaf_count=49673 15316 15612 23391 19170 10480 7297 12110 13912 15200 27963 49532 17240 18074 24166 10476 6249 10107 13832
internal_value=-2.55313e-06 0.00607603 -0.00697497 0.00384654 -0.00436598 0.005563 0.00127896 0.00600322 0.00486436 -0.00240658 0.0104251 9.38961e-05 -0.00572817 -0.0102871 0.00713795 0.00289184 0.00621192 -0.00497307
internal_weight=359800 192221 167579 127077 93740 76162 50915 68865 34370 38443 65144 29350 55297 73839 34495 21565 20583 37223
internal_count=359800 192221 167579 127077 93740 76162 50915 68865 34370 38443 65144 29350 55297 73839 34495 21565 20583 37223
is_linear=0
shrinkage=0.0229654


Tree=52
num_leaves=19
num_cat=0
split_feature=37 37 37 37 37 35 35 37 35 37 36 35 36 35 37 37 36 37
split_gain=28275.4 3291.62 3057.12 864.525 576.98 261.912 173.778 171.797 171.102 170.679 182.91 147.351 137.986 116.105 114.545 106.529 105.735 98.4119
threshold=24717.614730698628 32034.330985655582 21002.429534868792 26605.106371552731 23426.150605651444 32374.500000000004 25257.500000000004 34107.426737346999 23117.500000000004 28497.962273516761 27525.500000000004 28441.500000000004 25739.500000000004 22824.500000000004 19975.385879885547 22263.946202917101 23144.500000000004 25471.397217030095
decision_type=2 2 2 2 2 2 2 2 2 2 2 2 2 2 2 2 2 2
left_child=2 3 14 6 13 9 -2 -3 -6 10 -5 -12 17 15 -1 -4 -10 -8
right_child=1 7 4 5 8 -7 12 -9 16 -11 11 -13 -14 -15 -16 -17 -18 -19
leaf_value=-58.944674776427121 8.519346499310755 39.640218435112487 -13.764685767037657 20.557792724215709 2.1583755145260599 4.7552205919991355 -0.83041334231672703 113.22512557137547 -1.2240916208106516 27.812908054075081 12.307914827324275 -1.501205247538596 -3.6890590671036541 -22.013927555560802 -25.762089413569583 -8.1139308898841502 -10.187294313432371 9.3691855259269605
leaf_weight=49673 17779 18411 24420 17293 9986 7297 6561 46733 8312 34495 12654 4423 12278 22644 24166 15477 18635 8563
leaf_count=49673 17779 18411 24420 17293 9986 7297 6561 46733 8312 34495 12654 4423 12278 22644 24166 15477 18635 8563
internal_value=-6.38283e-08 0.00620633 -0.00667822 0.00397078 -0.00405036 0.00546379 0.00145399 0.0103705 -0.00177434 0.00590218 0.00475679 0.00307089 0.000306742 -0.00539443 -0.0102184 -0.00464897 -0.0027259 0.0017751
internal_weight=359800 186487 173313 121343 99474 76162 45181 65144 36933 68865 34370 17077 27402 62541 73839 39897 26947 15124
internal_count=359800 186487 173313 121343 99474 76162 45181 65144 36933 68865 34370 17077 27402 62541 73839 39897 26947 15124
is_linear=0
shrinkage=0.0229654


Tree=53
num_leaves=19
num_cat=0
split_feature=35 36 36 35 36 3 25 35 3 3 35 6 0 36 16 3 3 3
split_gain=19558.4 3485.16 2103.8 767.425 713.26 441.405 337.645 335.417 271.583 268.574 246.267 222.942 220.799 195.513 194.084 178.134 131.134 123.501
threshold=26093.500000000004 21816.500000000004 32237.500000000004 21242.000000000004 25985.500000000004 3.5000000000000004 6.7986979166666668 23929.500000000004 1.0000000180025095e-35 4.5000000000000009 34388.000000000007 1.0000000180025095e-35 14.500000000000002 24564.500000000004 212.93750000000003 4.5000000000000009 2.5000000000000004 2.5000000000000004
decision_type=2 2 2 2 2 2 2 2 2 2 2 2 2 2 2 2 2 2
left_child=1 3 5 12 7 14 -7 16 11 -5 -4 -6 -1 -8 -2 -14 -3 -9
right_child=2 4 10 9 8 6 13 17 -10 -11 -12 -13 15 -15 -16 -17 -18 -19
leaf_value=-42.711977714826794 22.264530969306094 -9.0766003874506183 42.856201498425946 -9.096323705919124 23.145511240958662 19.384650516014926 -10.235487398777627 2.5122913931956483 -1.273607711764587 -25.479170443755578 111.33799227990222 -21.730745093321527 -17.045617516621871 7.1162704675227477 12.972553056492863 -68.193191810260956 -16.176768111912121 -6.0032351503538939
leaf_weight=45160 36100 27952 24608 16936 8440 14771 6749 10808 19136 16232 37888 1208 5832 22184 13004 10264 24384 18144
leaf_count=45160 36100 27952 24608 16936 8440 14771 6749 10808 19136 16232 37888 1208 5832 22184 13004 10264 24384 18144
internal_value=1.78719e-06 -0.00466437 0.00614594 -0.00790135 -0.00188756 0.00395253 0.00227374 -0.00298764 0.00121912 -0.00508773 0.00940319 0.00436076 -0.00942483 0.000831447 0.00544671 -0.00711534 -0.00408486 -0.00100422
internal_weight=359800 204496 155304 94424 110072 92808 43704 81288 28784 33168 62496 9648 61256 28933 49104 16096 52336 28952
internal_count=359800 204496 155304 94424 110072 92808 43704 81288 28784 33168 62496 9648 61256 28933 49104 16096 52336 28952
is_linear=0
shrinkage=0.0229654


Tree=54
num_leaves=19
num_cat=0
split_feature=35 36 36 35 36 3 35 10 35 3 3 0 28 16 3 7 3 16
split_gain=18957.4 3398.34 2075.56 743.958 695.661 421.373 327.325 304.766 265.319 264.563 259.404 218.848 196.38 186.31 163.989 143.011 159.405 151.29
threshold=26093.500000000004 21757.500000000004 32237.500000000004 21062.500000000004 25985.500000000004 3.5000000000000004 23755.500000000004 -0.5 35575.000000000007 4.5000000000000009 1.0000000180025095e-35 14.500000000000002 1.5990709848136218 212.93750000000003 4.5000000000000009 0.55438071450436044 4.5000000000000009 171.81250000000003
decision_type=2 2 2 2 2 2 2 2 2 2 2 2 2 2 2 2 2 2
left_child=1 3 5 11 6 13 -3 -7 -4 -5 -6 -1 15 -2 -13 17 -17 -9
right_child=2 4 8 9 10 7 -8 12 -10 -11 -12 14 -14 -15 -16 16 -18 -19
leaf_value=-42.971211762617401 21.753216910960077 -12.476698758527533 46.643932969265194 -9.1405005036011691 18.136778745941257 -5.2796926054126176 -3.2898364364251855 22.476224344451989 120.80604684523742 -26.005757655524633 -1.2443587898474067 -16.679682916593933 -1.5019643478786715 12.674633070683646 -67.194427457001353 25.186988408614486 -4.2454309570626423 5.5484361118222614
leaf_weight=43296 36100 50920 31928 17576 9648 7304 31736 17386 30568 17072 19136 5440 7107 13004 9672 2375 4863 4669
leaf_count=43296 36100 50920 31928 17576 9648 7304 31736 17386 30568 17072 19136 5440 7107 13004 9672 2375 4863 4669
internal_value=4.21267e-06 -0.00458969 0.00605322 -0.00782945 -0.00188438 0.00387458 -0.00295514 0.00223432 0.00928854 -0.00516337 0.0011904 -0.00941099 0.00309339 0.00533446 -0.00703156 0.00392426 0.0011232 0.00484351
internal_weight=359800 204496 155304 93056 111440 92808 82656 43704 62496 34648 28784 58408 36400 49104 15112 29293 7238 22055
internal_count=359800 204496 155304 93056 111440 92808 82656 43704 62496 34648 28784 58408 36400 49104 15112 29293 7238 22055
is_linear=0
shrinkage=0.0229654


Tree=55
num_leaves=19
num_cat=0
split_feature=37 37 37 37 37 37 15 37 3 15 8 3 27 37 8 13 6 13
split_gain=26334.1 3631.28 2727.9 950.444 384.169 208.582 195.271 154.225 91.5241 78.6636 64.1694 63.9874 67.6159 66.7512 63.8252 60.6413 53.9486 52.65
threshold=24463.435101368646 32034.330985655582 21002.429534868792 26401.24440824152 23115.241805573642 34421.048494538794 14.093750000000004 19975.385879885547 1.5000000000000002 11.668750000000003 -0.32075123873380501 3.5000000000000004 2.5114769345238104 28497.962273516761 0.99572243068690536 17.981250000000006 1.0000000180025095e-35 17.568750000000005
decision_type=2 2 2 2 2 2 2 2 2 2 2 2 2 2 2 2 2 2
left_child=2 3 7 9 14 -3 8 -1 -5 -2 -10 13 -13 17 -4 -6 -11 -8
right_child=1 5 4 6 15 -7 11 -9 10 16 -12 12 -14 -15 -16 -17 -18 -19
leaf_value=-55.644581205746455 4.635275442607278 38.789585815305074 -14.277109855844092 24.91178252878337 -7.6525040608958639 110.30075993573507 8.595847219050901 -23.60742096389383 16.984952015984863 0.83338457337691596 17.716343083763281 13.769468851689334 -1.3225294538159031 23.309189163355356 -17.877293884856762 0.073168371525251991 -22.843307517857777 20.249903354365376
leaf_weight=49673 21735 21235 50785 14482 33441 43909 8855 24166 12921 25758 20778 8269 3299 10578 3107 4933 699 1177
leaf_count=49673 21735 21235 50785 14482 33441 43909 8855 24166 12921 25758 20778 8269 3299 10578 3107 4933 699 1177
internal_value=1.0787e-05 0.00576432 -0.00669841 0.00352589 -0.0040656 0.0101815 0.00505511 -0.00998825 0.00598027 0.000975954 0.00532411 0.00366984 0.00230289 0.00443708 -0.00531607 -0.00230947 0.000134978 0.00309502
internal_weight=359800 193695 166105 128551 92266 65144 80359 73839 48181 48192 33699 32178 11568 20610 53892 38374 26457 10032
internal_count=359800 193695 166105 128551 92266 65144 80359 73839 48181 48192 33699 32178 11568 20610 53892 38374 26457 10032
is_linear=0
shrinkage=0.0229654


Tree=56
num_leaves=19
num_cat=0
split_feature=37 37 37 37 37 37 37 30 28 37 37 0 7 0 13 30 37 6
split_gain=25767.5 3516.2 2871.59 911.084 426.759 162.78 149.274 99.2369 120.299 92.4109 85.2356 78.1146 76.0466 64.2034 64.0204 58.0558 49.3276 48.4175
threshold=24566.936554354073 32499.598480193104 21002.429534868792 26673.860048062674 23374.762466709133 19975.385879885547 34421.048494538794 717.2437500000002 0.53696784420289767 25704.880355702509 28231.963308138806 47.500000000000007 0.75023006073889154 19.500000000000004 17.981250000000006 1000.8062500000002 28497.962273516761 1.0000000180025095e-35
decision_type=2 2 2 2 2 2 2 2 2 2 2 2 2 2 2 2 2 2
left_child=2 3 5 9 11 13 -3 10 16 17 -5 12 -4 -1 -6 -10 -9 -2
right_child=1 6 4 7 14 -7 -8 8 15 -11 -12 -13 -14 -15 -16 -17 -18 -19
leaf_value=-52.074337170514575 1.3893124065506144 40.55988797770992 -12.648174140718599 13.668652556322156 -6.3643264790208347 -23.065266887674056 107.76765787851511 15.738935309389797 16.108236406597747 7.0152001521308014 24.725473950879405 -17.362821940256953 -14.78196822876488 -65.867302286883699 1.4373937844135787 6.4607127227920786 26.69695308107584 -21.199761600620057
leaf_weight=35928 29088 16970 40750 15088 29647 24166 43909 11659 7604 21274 15746 3447 16923 13745 4418 8804 20070 564
leaf_count=35928 29088 16970 40750 15088 29647 24166 43909 11659 7604 21274 15746 3447 16923 13745 4418 8804 20070 564
internal_value=7.78705e-06 0.00579263 -0.00652152 0.0036582 -0.00388507 -0.00992014 0.0103469 0.0052027 0.00455115 0.00126313 0.00621989 -0.00503308 -0.00483236 -0.0106722 -0.0018253 0.00295465 0.00537674 0.000434493
internal_weight=359800 190776 169024 129897 95185 73839 60879 78971 48137 50926 30834 61120 57673 49673 34065 16408 31729 29652
internal_count=359800 190776 169024 129897 95185 73839 60879 78971 48137 50926 30834 61120 57673 49673 34065 16408 31729 29652
is_linear=0
shrinkage=0.0229654


Tree=57
num_leaves=19
num_cat=0
split_feature=35 36 36 35 36 15 3 35 35 3 10 3 0 36 15 3 7 35
split_gain=17595.9 3207.85 2086.78 764.602 619.401 428.508 295.141 289.794 289.039 268.48 266.828 245.327 231.983 190.979 179.832 171.045 151.173 140.086
threshold=26093.500000000004 21757.500000000004 32394.000000000004 20647.500000000004 25985.500000000004 13.968750000000004 4.5000000000000009 23475.500000000004 35774.500000000007 3.5000000000000004 -0.5 1.0000000180025095e-35 14.500000000000002 28145.500000000004 15.506250000000003 4.5000000000000009 0.25881904510252096 19374.500000000004
decision_type=2 2 2 2 2 2 2 2 2 2 2 2 2 2 2 2 2 2
left_child=1 3 5 12 7 9 -5 -3 -4 -2 -11 17 -1 -7 -9 -14 -12 -6
right_child=2 4 8 6 11 13 -8 14 -10 10 16 -13 15 -15 -16 -17 -18 -19
leaf_value=-42.519019872092045 22.16090678993109 -12.0569178293742 44.687973495792924 -9.1011926701287162 -24.3465299558566 0.71534437051563715 -25.525433888755757 -0.54804313284184125 115.23723263751843 -4.0408382956117705 21.126928492086655 -1.3617743078265687 -15.791646152462013 13.210027488430693 -14.167077209373407 -66.653368143887221 6.9279504484551504 19.789930235312831
leaf_weight=38896 29734 46792 31888 20920 672 18958 20080 26044 29264 4565 13151 19136 4792 19243 9820 8368 8501 8976
leaf_count=38896 29734 46792 31888 20920 672 18958 20080 26044 29264 4565 13151 19136 4792 19243 9820 8368 8501 8976
internal_value=9.12744e-06 -0.00441674 0.00583688 -0.0075644 -0.00178835 0.00369146 -0.00521875 -0.00279871 0.00914005 0.00497165 0.00327746 0.00111301 -0.00941186 0.00181644 -0.00124548 -0.00677619 0.00434128 0.00409893
internal_weight=359800 204496 155304 93056 111440 94152 41000 82656 61152 55951 26217 28784 52056 38201 35864 13160 21652 9648
internal_count=359800 204496 155304 93056 111440 94152 41000 82656 61152 55951 26217 28784 52056 38201 35864 13160 21652 9648
is_linear=0
shrinkage=0.0229654


Tree=58
num_leaves=19
num_cat=0
split_feature=37 37 37 37 37 35 35 37 36 35 35 37 37 36 36 37 35 37
split_gain=24540.3 3632.11 2754.88 943.609 383.564 247.947 192.577 188.721 187.809 166.262 157.906 153.045 141.8 146.898 135.996 134.953 134.533 142.596
threshold=24463.435101368646 32659.076238648933 20825.599656332084 26800.025061189601 23115.241805573642 32374.500000000004 25257.500000000004 30273.138219804448 27525.500000000004 23117.500000000004 23238.500000000004 34876.514806393076 25527.6415586732 25739.500000000004 20586.500000000004 19643.101295160526 30043.500000000004 28497.962273516761
decision_type=2 2 2 2 2 2 2 2 2 2 2 2 2 2 2 2 2 2
left_child=2 3 15 6 10 7 -2 8 -5 -6 14 -3 -8 -14 -4 -1 17 -10
right_child=1 11 4 5 9 -7 12 -9 16 -11 -12 -13 13 -15 -16 -17 -18 -19
leaf_value=-56.309311135449818 7.3596387299693271 42.178889739653727 -4.2268294444644461 21.865571802126979 -0.046985413825295218 6.8261383618080043 -4.7922377173710391 33.61490910057173 8.3761876710183198 -9.2567907605346793 -26.35230538819761 108.91629703722107 9.799860986535208 -1.181845324337772 -12.870146153896661 -24.108257314086117 3.6156085560942239 21.300516646974671
leaf_weight=42581 23305 19712 8947 18770 12670 10118 12595 16390 14563 25704 14026 39734 9093 11611 35213 26964 6254 11550
leaf_count=42581 23305 19712 8947 18770 12670 10118 12595 16390 14563 25704 14026 39734 9093 11611 35213 26964 6254 11550
internal_value=1.31486e-05 0.00556727 -0.00646351 0.0034746 -0.00395354 0.00511853 0.0012196 0.00562087 0.00493354 -0.00217122 -0.00512899 0.0102932 9.8968e-05 0.00126784 -0.00445475 -0.00994849 0.00387369 0.00459827
internal_weight=359800 193695 166105 134249 96560 77645 56604 67527 51137 38374 58186 59446 33299 20704 44160 69545 32367 26113
internal_count=359800 193695 166105 134249 96560 77645 56604 67527 51137 38374 58186 59446 33299 20704 44160 69545 32367 26113
is_linear=0
shrinkage=0.0229654


Tree=59
num_leaves=19
num_cat=0
split_feature=37 37 37 37 37 35 35 37 35 37 37 35 35 37 37 37 35 37
split_gain=23936.2 3586.34 2753.65 916.17 370.549 241.376 183.889 179.615 173.257 167.335 150.162 149.908 134.743 133.048 101.791 93.9984 86.8402 80.7833
threshold=24463.435101368646 32659.076238648933 20825.599656332084 26800.025061189601 22853.533310929546 32374.500000000004 25310.500000000004 30273.138219804448 23117.500000000004 35034.858621994994 19710.194226256823 22824.500000000004 27702.500000000004 25527.6415586732 28146.982781622504 25583.618629345867 30623.000000000004 31056.517438512285
decision_type=2 2 2 2 2 2 2 2 2 2 2 2 2 2 2 2 2 2
left_child=2 3 10 6 11 7 15 12 -6 -3 -1 -4 -5 -8 -14 -2 -16 -7
right_child=1 9 4 5 8 17 13 -9 -10 -11 -12 -13 14 -15 16 -17 -18 -19
leaf_value=-54.166424648242447 4.292708080828926 41.952322010221067 -10.893337607114804 19.82309287255601 -1.4001835027753311 -3.4211443531084753 -4.7964646428878313 32.842928966930458 -9.782509877224367 108.40670138635031 -23.215523940829488 -25.100299751156303 7.0324578721279671 3.267043448433876 17.318744762774717 16.024719669757111 7.8200582817053368 14.038605571071297
leaf_weight=43975 16758 21156 37100 20219 16437 4005 12161 16390 29078 38290 25570 13945 10472 20384 16219 7301 4227 6113
leaf_count=43975 16758 21156 37100 20219 16437 4005 12161 16390 29078 38290 25570 13945 10472 20384 16219 7301 4227 6113
internal_value=1.17444e-05 0.00549708 -0.0063847 0.00341764 -0.00387529 0.00503748 0.00119566 0.00553313 -0.00236869 0.0101932 -0.0098689 -0.00521867 0.00486258 7.02123e-05 0.00390927 0.00271807 0.00485232 0.00172956
internal_weight=359800 193695 166105 134249 96560 77645 56604 67527 45515 59446 69545 51045 51137 32545 30918 24059 20446 10118
internal_count=359800 193695 166105 134249 96560 77645 56604 67527 45515 59446 69545 51045 51137 32545 30918 24059 20446 10118
is_linear=0
shrinkage=0.0229654


Tree=60
num_leaves=19
num_cat=0
split_feature=37 37 37 37 37 35 37 35 37 35 35 35 37 37 35 37 37 37
split_gain=23332.5 3686.34 2632.88 946.896 327.486 221.056 204.164 182.954 177.726 168.531 150.327 143.369 142.582 114.258 91.6051 80.7164 80.2615 77.4406
threshold=24366.059982709161 32659.076238648933 20773.091153354329 26605.106371552731 22799.823670822549 32374.500000000004 28899.443628317462 25257.500000000004 35034.858621994994 23117.500000000004 27702.500000000004 22824.500000000004 19435.448731896166 25527.6415586732 29383.500000000004 25187.917678592792 31602.531406432692 30652.222152087903
decision_type=2 2 2 2 2 2 2 2 2 2 2 2 2 2 2 2 2 2
left_child=2 3 12 7 11 6 10 15 -3 -6 -5 -4 -1 -9 -8 -2 -7 -16
right_child=1 8 4 5 9 16 14 13 -10 -11 -12 -13 -14 -15 17 -17 -18 -19
leaf_value=-56.91845170974613 3.1647251754262475 40.988869779691008 -10.86960192089686 16.303299978060181 -1.8642028974366383 -0.62973652459250118 38.016315352656711 -4.8694847941684216 105.91709715825432 -10.246135329357129 8.7376056094034151 -25.023370512969329 -24.468328891578096 2.8093109087283583 15.14757002092581 11.394044813251416 17.04131914105443 28.286181917949502
leaf_weight=38262 13935 21156 37529 20550 16642 5665 11669 13448 38290 27470 19242 13418 29959 17240 10551 10591 4498 9685
leaf_count=38262 13935 21156 37529 20550 16642 5665 11669 13448 38290 27470 19242 13418 29959 17240 10551 10591 4498 9685
internal_value=9.31893e-06 0.00534005 -0.00640663 0.00326871 -0.00393612 0.00483631 0.00528563 0.000944587 0.0101163 -0.0024875 0.00418828 -0.0051904 -0.00984903 -0.000237227 0.00665425 0.00242333 0.00166653 0.00571979
internal_weight=359800 196520 163280 137074 95059 81860 71697 55214 59446 44112 39792 50947 68221 30688 31905 24526 10163 20236
internal_count=359800 196520 163280 137074 95059 81860 71697 55214 59446 44112 39792 50947 68221 30688 31905 24526 10163 20236
is_linear=0
shrinkage=0.0229654


Tree=61
num_leaves=19
num_cat=0
split_feature=35 36 35 35 36 36 35 15 0 16 35 36 7 36 15 15 26 26
split_gain=15836.4 2961.8 2017.35 718.3 584.052 445.329 285.547 276.788 236.241 184.687 178.364 174.495 172.182 154.849 172.336 130.696 115.647 108.983
threshold=26093.500000000004 21431.500000000004 33901.500000000007 20647.500000000004 25384.500000000004 28730.500000000004 23475.500000000004 13.206250000000002 14.500000000000002 299.56250000000006 36288.500000000007 29801.500000000004 -0.44134171618254464 36686.500000000007 16.568750000000005 15.306250000000004 21.610286458333338 7.3951822916666679
decision_type=2 2 2 2 2 2 2 2 2 2 2 2 2 2 2 2 2 2
left_child=1 3 5 8 6 7 -3 -2 -1 11 -4 12 -6 14 -7 -8 -5 -14
right_child=2 4 10 16 9 13 15 -9 -10 -11 -12 -13 17 -15 -16 -17 -18 -19
leaf_value=-39.420682894877288 11.269289997423261 -11.705416488843177 44.85995834148077 -16.867900417526954 11.637861413341879 23.502586127791833 -0.84478264390561342 1.7853341721012448 -42.035050542382223 -9.3165058179094817 108.07006683071742 39.864322845604789 6.6746417947817536 57.278825134359813 11.056544875456026 -13.483926170332325 0.25673216034898433 -4.6151797252367279
leaf_weight=37328 30974 49480 19592 33452 6283 32100 23219 24298 12328 9729 29144 3744 5583 4576 14620 8965 2204 12181
leaf_count=37328 30974 49480 19592 33452 6283 32100 23219 24298 12328 9729 29144 3744 5583 4576 14620 8965 2204 12181
internal_value=8.29767e-06 -0.00419045 0.00553699 -0.00745719 -0.00185212 0.00376694 -0.00294182 0.00233676 -0.00924286 0.00051966 0.00940745 0.00147299 0.000754945 0.00530798 0.00491308 -0.00125802 -0.00497039 -0.00040077
internal_weight=359800 204496 155304 85312 119184 106568 81664 55272 49656 37520 48736 27791 24047 51296 46720 32184 35656 17764
internal_count=359800 204496 155304 85312 119184 106568 81664 55272 49656 37520 48736 27791 24047 51296 46720 32184 35656 17764
is_linear=0
shrinkage=0.0229654


Tree=62
num_leaves=19
num_cat=0
split_feature=37 37 37 37 37 35 36 35 36 37 37 36 37 35 37 37 35 35
split_gain=22178.1 3192.14 3178.05 665.7 522.107 190.742 184.182 172.958 168.016 167.736 164.694 221.165 144.043 141.835 144.572 136.596 129.13 128.917
threshold=24820.000308201481 33138.221006374057 20773.091153354329 26868.08036656753 23530.509437321645 33243.500000000007 25925.500000000004 23117.500000000004 22973.500000000004 19643.101295160526 30652.222152087903 27525.500000000004 22202.067321382412 31136.500000000004 28598.859669692931 35190.496756701024 27702.500000000004 25779.500000000004
decision_type=2 2 2 2 2 2 2 2 2 2 2 2 2 2 2 2 2 2
left_child=2 3 9 6 8 10 -2 -6 12 -1 11 -5 -4 14 16 -3 -13 -8
right_child=1 15 4 5 7 -7 17 -9 -10 -11 -12 13 -14 -15 -16 -17 -18 -19
leaf_value=-51.668277239781062 7.1576751689017781 42.388856180518324 -11.35166418522997 21.351715773471444 4.2557426910356932 5.2500627456772868 5.3178702515150391 -5.7130898818834233 -18.667441572782511 -22.124266636122808 30.388121264037412 12.321592999744537 -5.5296450531981653 -1.9852658589951873 18.665316222274981 103.59899541134661 0.75688861881895519 -4.2905315402204582
leaf_weight=42581 26040 18388 27473 18476 9265 7555 10570 27656 25597 25640 18407 8514 17953 4070 16182 36831 7255 11347
leaf_count=42581 26040 18388 27473 18476 9265 7555 10570 27656 25597 25640 18407 8514 17953 4070 16182 36831 7255 11347
internal_value=1.59571e-05 0.0056005 -0.00580539 0.00361499 -0.0033532 0.00489156 0.00147326 -0.00113798 -0.00450477 -0.00968542 0.00525151 0.00461714 -0.0036663 0.00356936 0.00408369 0.010218 0.00251878 -7.80637e-05
internal_weight=359800 183635 176165 128416 107944 80459 47957 36921 71023 68221 72904 54497 45426 36021 31951 55219 15769 21917
internal_count=359800 183635 176165 128416 107944 80459 47957 36921 71023 68221 72904 54497 45426 36021 31951 55219 15769 21917
is_linear=0
shrinkage=0.0229654


Tree=63
num_leaves=19
num_cat=0
split_feature=37 37 37 37 37 37 15 36 37 36 36 36 3 3 37 36 37 0
split_gain=21650 3754.53 2489.86 906.86 253.657 214.129 186.733 181.451 176.997 160.171 136.128 93.9867 94.0571 91.0809 87.8143 73.5099 114.221 71.353
threshold=24265.547663062582 32659.076238648933 20773.091153354329 26401.24440824152 22853.533310929546 35034.858621994994 13.068750000000003 25925.500000000004 19435.448731896166 22616.000000000004 22917.500000000004 26525.500000000004 1.0000000180025095e-35 1.5000000000000002 25187.917678592792 26466.500000000004 28598.859669692931 47.500000000000007
decision_type=2 2 2 2 2 2 2 2 2 2 2 2 2 2 2 2 2 2
left_child=2 3 8 7 10 -3 13 14 -1 -6 17 -8 -13 -5 -2 -15 -17 -4
right_child=1 5 4 6 9 -7 11 -9 -10 -11 -12 12 -14 15 -16 16 -18 -19
leaf_value=-53.627688993289048 1.4549128266751914 38.080250457767846 -9.5398769667024954 22.912456644120905 -0.46629037230240805 99.210237024093402 26.321173804257839 -3.015164959301357 -22.60420920869522 -9.3135067700355982 -21.463829178308814 22.450535296659641 8.5284622728232726 20.61740540064606 7.8901652714933785 5.538892381491876 19.30129103558615 -16.27217695806711
leaf_weight=38262 19432 21156 34309 13453 11775 38290 4975 18965 29959 27980 15703 5497 30370 7813 15555 9077 14872 2357
leaf_count=38262 19432 21156 34309 13453 11775 38290 4975 18965 29959 27980 15703 5497 30370 7813 15555 9077 14872 2357
internal_value=2.3425e-05 0.00507443 -0.00625958 0.00302132 -0.00379691 0.00990998 0.00448476 0.000687021 -0.00958511 -0.00241381 -0.00484686 0.00335917 0.00294887 0.00550149 0.00166758 0.00483067 0.00419963 -0.00408061
internal_weight=359800 199455 160345 140009 92124 59446 86057 53952 68221 39755 52369 40842 35867 45215 34987 31762 23949 36666
internal_count=359800 199455 160345 140009 92124 59446 86057 53952 68221 39755 52369 40842 35867 45215 34987 31762 23949 36666
is_linear=0
shrinkage=0.0229654


Tree=64
num_leaves=19
num_cat=0
split_feature=37 37 37 37 37 35 37 35 35 37 37 36 37 35 36 36 35 37
split_gain=21099 3747.37 2480.13 874.506 258.35 245.001 227.275 180.045 173.965 173.573 162.738 207.311 148.877 148.356 137.345 131.424 119.092 129.642
threshold=24265.547663062582 32659.076238648933 20713.858809328627 26868.08036656753 22689.98080292749 32374.500000000004 35190.496756701024 25310.500000000004 23117.500000000004 19435.448731896166 30273.138219804448 27525.500000000004 25527.6415586732 22824.500000000004 25739.500000000004 20586.500000000004 30043.500000000004 28598.859669692931
decision_type=2 2 2 2 2 2 2 2 2 2 2 2 2 2 2 2 2 2
left_child=2 3 9 7 13 10 -3 -2 -6 -1 11 -5 -9 15 -14 -4 17 -13
right_child=1 6 4 5 8 -7 -8 12 -10 -11 -12 16 14 -15 -16 -17 -18 -19
leaf_value=-52.396107185584349 6.0649955634282371 38.025735311348399 -3.6730495821082503 20.140609367767702 -1.9628141882139996 4.9057699059796596 98.941398453676101 -5.3406869633886949 -10.559552234407523 -22.477354683317259 29.913929027095751 7.2555778899749264 9.0288637783900914 -24.583931821099963 -1.3813389042844979 -12.18243112619068 2.0329494157950316 19.124058951795696
leaf_weight=38262 28446 22615 8548 17862 17745 10100 36831 13777 26281 28514 16390 14866 9336 12304 12218 28691 6238 10776
leaf_count=38262 28446 22615 8548 17862 17745 10100 36831 13777 26281 28514 16390 14866 9336 12304 12218 28691 6238 10776
internal_value=2.08718e-05 0.00500719 -0.00618166 0.00295603 -0.00376883 0.00461616 0.00983812 0.000971701 -0.00248871 -0.00956262 0.00512495 0.00447101 -0.000123176 -0.00490639 0.00106868 -0.00418402 0.00336125 0.00405356
internal_weight=359800 199455 160345 140009 93569 76232 59446 63777 44026 66776 66132 49742 35331 49543 21554 37239 31880 25642
internal_count=359800 199455 160345 140009 93569 76232 59446 63777 44026 66776 66132 49742 35331 49543 21554 37239 31880 25642
is_linear=0
shrinkage=0.0229654


Tree=65
num_leaves=19
num_cat=0
split_feature=37 37 37 37 37 37 35 36 35 35 35 37 36 36 37 37 36 35
split_gain=20576.6 3383.88 2940.42 509.473 502.324 280.915 199.087 198.111 188.949 175.211 170.311 166.165 189.779 163.459 145.488 129.789 129.937 113.245
threshold=25077.503310491455 21002.429534868792 33303.976748242778 23530.509437321645 27293.166056024627 19839.233453344215 32374.500000000004 25864.500000000004 25199.500000000004 24266.500000000004 27558.500000000004 30782.29218465649 27525.500000000004 21132.500000000004 35846.50295650318 31742.305191497588 30480.500000000004 27702.500000000004
decision_type=2 2 2 2 2 2 2 2 2 2 2 2 2 2 2 2 2 2
left_child=1 5 4 9 7 -1 11 -2 -5 13 -9 12 -6 -3 -4 16 -8 -14
right_child=2 3 14 8 6 -7 15 10 -10 -11 -12 -13 17 -15 -16 -17 -18 -19
leaf_value=-45.848407900443078 9.6001408726940998 -3.2039766842005237 42.830155945458039 0.23548753965428912 22.929707543282117 -18.949080491417337 10.676793399629032 4.0258462833366835 -9.7725777470090396 -26.970676416811443 -9.998531516954662 33.434997992163325 19.824417648655928 -11.051608486576297 104.68926565105812 16.900691085203491 -11.004796972035459 9.0678189429652818
leaf_weight=46827 22742 14204 22545 30916 13384 27012 3532 21009 12970 10079 5714 13767 9713 41122 31257 7679 2427 22901
leaf_count=46827 22742 14204 22545 30916 13384 27012 3532 21009 12970 10079 5714 13767 9713 41122 31257 7679 2427 22901
internal_value=1.97868e-05 -0.00537448 0.0056113 -0.0028085 0.00365075 -0.00917245 0.00485617 0.00186198 -0.000894314 -0.0040929 0.000521218 0.00542751 0.00476503 -0.00358557 0.0100886 0.00235245 -0.000190768 0.00382006
internal_weight=359800 183130 176670 109291 122868 73839 73403 49465 43886 65405 26723 59765 45998 55326 53802 13638 5959 32614
internal_count=359800 183130 176670 109291 122868 73839 73403 49465 43886 65405 26723 59765 45998 55326 53802 13638 5959 32614
is_linear=0
shrinkage=0.0229654


Tree=66
num_leaves=19
num_cat=0
split_feature=37 37 37 37 37 37 36 35 35 35 36 35 37 36 37 36 37 36
split_gain=20067.7 3461.72 2859.62 566.089 439.821 248.527 193.141 191.762 189.44 169.366 168.422 164.375 163.529 182.162 152.717 133.518 126.035 125.763
threshold=25187.917678592792 20884.631928884504 33303.976748242778 23530.509437321645 27293.166056024627 19574.565316963995 25864.500000000004 32374.500000000004 23117.500000000004 24772.500000000004 22973.500000000004 27558.500000000004 30782.29218465649 27525.500000000004 35846.50295650318 24337.500000000004 31742.305191497588 30480.500000000004
decision_type=2 2 2 2 2 2 2 2 2 2 2 2 2 2 2 2 2 2
left_child=1 5 4 9 6 -1 -2 12 -5 10 -3 -8 13 -6 -4 -10 17 -9
right_child=2 3 14 8 7 -7 11 16 15 -11 -12 -13 -14 -15 -16 -17 -18 -19
leaf_value=-48.102499350145337 10.221490513742651 -6.5719655962595063 41.846543899632529 5.0473729404941894 22.403117432904107 -19.775162198991264 4.2669204922227593 10.431596473144799 -0.45777612080583802 -31.817251217532018 -15.314979314916043 -9.6863116462787531 32.66714959069769 11.976067349022141 102.28503385479432 -8.1785850784977008 16.512559803231241 -10.752067309380411
leaf_weight=41150 20838 38675 22545 10539 13384 29801 20111 3532 17939 6925 22693 5661 13767 32614 31257 18263 7679 2427
leaf_count=41150 20838 38675 22545 10539 13384 29801 20111 3532 17939 6925 22693 5661 13767 32614 31257 18263 7679 2427
internal_value=2.6744e-05 -0.00521647 0.00563707 -0.00275583 0.00366479 -0.00920594 0.00192011 0.00477264 -0.000808489 -0.00408863 -0.00370445 0.000590799 0.00533336 0.00467616 0.0100365 -0.00159734 0.0023154 -0.000190768
internal_weight=359800 185985 173815 115034 120013 70951 46610 73403 46741 68293 61368 25772 59765 45998 53802 36202 13638 5959
internal_count=359800 185985 173815 115034 120013 70951 46610 73403 46741 68293 61368 25772 59765 45998 53802 36202 13638 5959
is_linear=0
shrinkage=0.0229654


Tree=67
num_leaves=19
num_cat=0
split_feature=36 36 36 7 29 26 7 26 36 16 7 16 4 27 4 32 28 13
split_gain=13184.7 2346.7 2344.29 471.088 413.172 388.952 386.378 282.638 242.849 223.646 199.077 233.036 184.012 142.979 141.621 139.911 132.894 111.45
threshold=25622.500000000004 32663.500000000004 21431.500000000004 0.55438071450436044 276.51875000000013 5.6045572916666684 -0.60876142900872077 5.6782552083333346 36853.500000000007 167.06250000000003 -0.25881904510252113 309.56250000000006 8.5000000000000018 2.982961309523811 1.5000000000000002 1.0000000180025095e-35 2.5910545822102429 19.056250000000006
decision_type=2 2 2 2 2 2 2 2 2 2 2 2 2 2 2 2 2 2
left_child=2 5 3 15 -5 -2 9 -4 13 -7 11 17 16 -3 -6 -1 -8 -9
right_child=1 8 7 4 14 6 12 10 -10 -11 -12 -13 -14 -15 -16 -17 -18 -19
leaf_value=-6.0383359323274188 25.182371533151723 46.832863684711015 4.7752776399461254 -34.435727097271332 5.9900249872648939 15.38687773082297 1.8675710269139831 0.89897598446539795 87.736396554797622 5.6929918264778792 -8.3194680508413814 -12.588028546546235 10.676452075307331 17.156783786561196 -13.96157201263898 -20.032079385481261 -8.4400231714531415 12.373304934991893
leaf_weight=6794 17863 29328 12026 38421 1629 22666 25937 15177 25064 16101 61008 15059 16951 5560 8134 32318 7434 2330
leaf_count=6794 17863 29328 12026 38421 1629 22666 25937 15177 25064 16101 61008 15059 16951 5560 8134 32318 7434 2330
internal_value=3.15312e-05 0.00475767 -0.00405778 -0.00684232 -0.00836228 0.00271886 0.00209872 -0.0017559 0.00839483 0.00382184 -0.00218183 -0.000731993 0.000771264 0.00715596 -0.00414356 -0.00496981 -0.000218499 0.00106976
internal_weight=359800 166904 192896 87296 48184 106952 89089 105600 59952 38767 93574 32566 50322 34888 9763 39112 33371 17507
internal_count=359800 166904 192896 87296 48184 106952 89089 105600 59952 38767 93574 32566 50322 34888 9763 39112 33371 17507
is_linear=0
shrinkage=0.0229654


Tree=68
num_leaves=19
num_cat=0
split_feature=35 35 35 0 16 29 35 16 35 35 35 15 15 30 0 7 16 26
split_gain=13091 2560.78 1981.96 587.415 365.409 362.176 326.088 231.65 210.466 199.306 164.547 136.864 130.669 127.708 106.033 105.735 161.111 125.238
threshold=26149.500000000004 21420.500000000004 34388.000000000007 13.500000000000002 199.56250000000003 211.91875000000002 23929.500000000004 500.56250000000006 28708.500000000004 19968.500000000004 36682.500000000007 14.093750000000004 12.781250000000004 280.56875000000008 29.500000000000004 -0.19467261866128624 383.06250000000006 7.3951822916666679
decision_type=2 2 2 2 2 2 2 2 2 2 2 2 2 2 2 2 2 2
left_child=1 3 4 5 8 9 15 13 -2 -1 14 -10 -8 -5 -4 16 -3 -17
right_child=2 6 10 7 -6 -7 12 -9 11 -11 -12 -13 -14 -15 -16 17 -18 -19
leaf_value=-38.237978328689735 7.8571102965836817 3.3712176182340619 36.125497941772487 -20.327955266245809 4.0429648511435659 -13.454467235492878 2.1131259586215325 -40.478013469476039 22.879525551529095 -15.045395926991198 96.246668480731842 15.096252034341195 -5.2778561285251282 -4.4674495688165106 44.472508250478747 -2.6152072961157984 -14.100012534639639 -9.9089974471705879
leaf_weight=26801 33414 8340 7640 12131 24607 13699 29030 12418 29444 12420 26408 21903 26442 9683 10480 9592 8676 36672
leaf_count=26801 33414 8340 7640 12131 24607 13699 29030 12418 29444 12420 26408 21903 26442 9683 10480 9592 8676 36672
internal_value=3.82331e-05 -0.0037489 0.0051052 -0.00673847 0.00344225 -0.00825488 -0.00155485 -0.00439423 0.00415749 -0.00937769 0.00918967 0.00508064 -0.000269514 -0.00296885 0.00750431 -0.0026816 -0.00113369 -0.00325092
internal_weight=359800 205904 153896 87152 109368 52920 118752 34232 84761 39221 44528 51347 55472 21814 18120 63280 17016 46264
internal_count=359800 205904 153896 87152 109368 52920 118752 34232 84761 39221 44528 51347 55472 21814 18120 63280 17016 46264
is_linear=0
shrinkage=0.0229654


Tree=69
num_leaves=19
num_cat=0
split_feature=37 37 37 37 37 37 36 36 37 35 37 35 35 35 36 37 35 36
split_gain=18611.3 3615.08 2478.66 816.345 240.048 207.546 196.328 194.006 191.834 184.203 170.231 224.697 186.536 143.218 138.797 132.189 122.199 122.086
threshold=24265.547663062582 33303.976748242778 20593.95767831185 26868.08036656753 22263.946202917101 19298.943765421787 26525.500000000004 22973.500000000004 35846.50295650318 25310.500000000004 28694.380984603627 32229.500000000004 27702.500000000004 22824.500000000004 20030.500000000004 25765.757237587812 24266.500000000004 24219.500000000004
decision_type=2 2 2 2 2 2 2 2 2 2 2 2 2 2 2 2 2 2
left_child=2 3 5 9 13 -1 -5 -6 -3 -2 12 -12 -8 14 -4 17 -9 -11
right_child=1 8 4 6 7 -7 10 16 -10 15 11 -13 -14 -15 -16 -17 -18 -19
leaf_value=-49.784113750872685 5.8972843077746591 38.892977079266331 -1.6207615376146958 24.349580467836791 -2.2905930102748218 -20.547859679897289 11.566023688926514 -7.0027767865596102 96.659833028978639 1.9704179641074888 21.371665596250686 8.4858609629660009 0.92315643503719924 -26.370194681283849 -11.47448486227932 3.2201599951356372 -20.208966496727129 -8.4041940388310223
leaf_weight=35473 28446 22545 5397 11658 23207 28449 11469 22744 31257 6466 33226 13643 11880 8351 27531 18094 9193 10771
leaf_count=35473 28446 22545 5397 11658 23207 28449 11469 22744 31257 6466 33226 13643 11880 8351 27531 18094 9193 10771
internal_value=3.7914e-05 0.00472106 -0.00578751 0.00284196 -0.00346269 -0.00929438 0.00435938 -0.00247129 0.00980817 0.000893921 0.00390116 0.00469926 0.0022991 -0.00478708 -0.00410585 -0.000213527 -0.00363246 -0.00165276
internal_weight=359800 199455 160345 145653 96423 63922 81876 55144 53802 63777 70218 46869 23349 41279 32928 35331 31937 17237
internal_count=359800 199455 160345 145653 96423 63922 81876 55144 53802 63777 70218 46869 23349 41279 32928 35331 31937 17237
is_linear=0
shrinkage=0.0229654


Tree=70
num_leaves=19
num_cat=0
split_feature=37 37 37 37 37 37 35 35 35 37 35 37 37 35 37 35 37 0
split_gain=18146.4 3267.56 2899.74 493.643 455.842 258.52 193.532 181.086 179.249 168.964 168.174 156.125 140.219 136.565 117.808 96.171 95.0083 82.5836
threshold=25077.503310491455 20713.858809328627 33633.706528732488 23478.941376416547 27434.633048687825 19298.943765421787 23175.500000000004 32374.500000000004 25199.500000000004 30782.29218465649 25373.500000000004 36029.311559945709 31742.305191497588 27702.500000000004 22263.946202917101 29174.500000000004 26074.985478570168 17.500000000000004
decision_type=2 2 2 2 2 2 2 2 2 2 2 2 2 2 2 2 2 2
left_child=1 5 4 6 10 17 14 9 -5 13 -2 -4 -9 -6 -3 16 -12 -1
right_child=2 3 11 8 7 -7 -8 12 -10 -11 15 -13 -14 -15 -16 -17 -18 -19
leaf_value=-45.770125104106597 10.700892631463871 -9.4242023000729276 39.924284777227328 0.24335911169909707 22.200242521560337 -19.612218695748926 -19.269993236838214 -1.8426234548095697 -9.2904230842660809 31.460506672043021 -0.67379620438005328 97.319170886879633 15.525206152145779 11.439898756700062 -4.343236993320243 -10.863357219756633 6.4404447921916095 -62.036866384162892
leaf_weight=24546 15892 31952 21146 32107 12528 31303 20251 5927 13184 14618 12634 29812 9672 30778 18860 3433 20230 10927
leaf_count=24546 15892 31952 21146 32107 12528 31303 20251 5927 13184 14618 12634 29812 9672 30778 18860 3433 20230 10927
internal_value=3.77225e-05 -0.00502799 0.00528866 -0.00270404 0.00341544 -0.00907735 -0.00389823 0.00458056 -0.000830316 0.00517201 0.00177403 0.00990985 0.00238429 0.00445138 -0.00314163 0.000911416 0.00129348 -0.0104197
internal_weight=359800 183130 176670 116354 125712 66776 71063 73523 45291 57924 52189 50958 15599 43306 50812 36297 32864 35473
internal_count=359800 183130 176670 116354 125712 66776 71063 73523 45291 57924 52189 50958 15599 43306 50812 36297 32864 35473
is_linear=0
shrinkage=0.0229654


Tree=71
num_leaves=19
num_cat=0
split_feature=37 37 37 37 37 37 36 37 37 36 36 36 36 37 37 10 37 0
split_gain=17689.3 3588.82 2463.34 782.797 226.821 226.115 197.251 183.273 181.09 173.105 172.95 144.581 95.7332 92.8451 91.7629 82.612 79.037 77.4827
threshold=24265.547663062582 33467.892597773149 20593.95767831185 26800.025061189601 19161.366179972218 22746.243133027394 26525.500000000004 36204.943172306936 28899.443628317462 23088.500000000004 25209.500000000004 22917.500000000004 30729.500000000004 25765.757237587812 25704.880355702509 1.0000000180025095e-35 31742.305191497588 17.500000000000004
decision_type=2 2 2 2 2 2 2 2 2 2 2 2 2 2 2 2 2 2
left_child=2 3 4 10 17 11 -5 -3 15 -7 13 -4 -10 -2 -12 -8 -14 -1
right_child=1 7 5 6 -6 9 8 -9 12 -11 14 -13 16 -15 -16 -17 -18 -19
leaf_value=-47.047771701011541 3.3588349977252179 39.216605504009465 -8.6523963896842826 22.992020621454223 -20.287278810014634 -0.71397902444384953 7.8852700945952741 98.141765300629899 20.694193299213875 -9.1472396417730213 -4.5206173190709853 -20.118449641643114 9.7767787573809457 14.166621490364642 2.5091115127516619 2.9918901395577175 20.427253271921984 -62.610154955826225
leaf_weight=22349 22585 23996 39016 12308 31345 16814 14633 28386 20336 25784 16309 14809 13602 6710 16760 11903 11927 10228
leaf_count=22349 22585 23996 39016 12308 31345 16814 14633 28386 20336 25784 16309 14809 13602 6710 16760 11903 11927 10228
internal_value=4.18713e-05 0.00460753 -0.00563741 0.00276908 -0.00913342 -0.00331978 0.00420667 0.00976935 0.00374975 -0.00206968 0.000816405 -0.00430913 0.00462338 0.00210134 -0.000321887 0.00223977 0.00368693 -0.0104753
internal_weight=359800 199455 160345 147073 63922 96423 84709 52382 72401 42598 62364 53825 45865 29295 33069 26536 25529 32577
internal_count=359800 199455 160345 147073 63922 96423 84709 52382 72401 42598 62364 53825 45865 29295 33069 26536 25529 32577
is_linear=0
shrinkage=0.0229654


Tree=72
num_leaves=19
num_cat=0
split_feature=37 37 37 37 37 37 35 36 35 35 37 36 35 37 36 36 35 37
split_gain=17214 3295.49 2816.19 488.853 388.813 279.134 203.675 195.483 185.724 182.531 175.717 172.954 163.091 139.916 158.948 131.083 128.681 127.573
threshold=25187.917678592792 20713.858809328627 33633.706528732488 23530.509437321645 27819.434989129277 19298.943765421787 32374.500000000004 25864.500000000004 24772.500000000004 23117.500000000004 36204.943172306936 22973.500000000004 28274.500000000004 30782.29218465649 27525.500000000004 24337.500000000004 29383.500000000004 22316.583991142463
decision_type=2 2 2 2 2 2 2 2 2 2 2 2 2 2 2 2 2 2
left_child=1 5 4 8 7 -1 13 -2 11 -5 -4 17 -9 14 -6 -11 -16 -3
right_child=2 3 10 9 6 -7 -8 12 -10 15 -12 -13 -14 -15 16 -17 -18 -19
leaf_value=-46.463269446346189 10.352762432918265 -7.545619520286496 38.935091793819687 5.2471539481162424 23.300365813900566 -18.724607136731592 8.8922453079167099 4.2161070569897534 -30.064357734718126 -0.18430048027284399 95.887899527383468 -14.189101223277376 -10.254670832390525 30.336803065123533 15.741066095230419 -7.7367616398449339 5.9087641939424769 -1.5095763017827153
leaf_weight=35473 22683 28546 22572 10539 8838 31303 15448 28141 7065 17939 28386 23239 5498 14618 15727 18263 11904 13618
leaf_count=35473 22683 28546 22572 10539 8838 31303 15448 28141 7065 17939 28386 23239 5498 14618 15727 18263 11904 13618
internal_value=4.58925e-05 -0.00481022 0.00524202 -0.00252225 0.00335938 -0.00889473 0.00454804 0.00195517 -0.00370334 -0.00069106 0.00978096 -0.00332123 0.000844161 0.00524675 0.00448584 -0.00146539 0.00362837 -0.00244447
internal_weight=359800 185985 173815 119209 122857 66776 66535 56322 72468 46741 50958 65403 33639 51087 36469 36202 27631 42164
internal_count=359800 185985 173815 119209 122857 66776 66535 56322 72468 46741 50958 65403 33639 51087 36469 36202 27631 42164
is_linear=0
shrinkage=0.0229654


Tree=73
num_leaves=19
num_cat=0
split_feature=37 37 37 37 37 37 37 35 35 36 37 35 35 35 36 35 37 36
split_gain=16739.9 3525.14 2436.44 710.728 263.957 227.207 198.359 192.883 185.54 184.395 203.269 216.068 188.784 151.765 131.388 114.655 121.771 112.27
threshold=24265.547663062582 33303.976748242778 20411.727015907407 26466.99420136926 22202.067321382412 36373.894888711664 18945.834515503422 25425.500000000004 23117.500000000004 26525.500000000004 28694.380984603627 29383.500000000004 27702.500000000004 22824.500000000004 20030.500000000004 33243.500000000007 30520.511841956639 24944.500000000004
decision_type=2 2 2 2 2 2 2 2 2 2 2 2 2 2 2 2 2 2
left_child=2 3 6 7 13 -3 -1 -2 -6 -5 12 -12 -11 14 -4 16 -13 -9
right_child=1 5 4 9 8 -7 -8 17 -10 10 11 15 -14 -15 -16 -17 -18 -19
leaf_value=-51.918397599419173 4.8652753688084234 37.422904280236217 -2.011932511590405 20.336131062264062 -2.2499270604698909 96.812910447543402 -20.844701492764063 2.1331679110324626 -10.173806459325862 9.3861516462802665 28.610437106025756 7.6718604775632988 -0.59761673972098972 -26.201860159441246 -11.049299557699616 2.8795721433242139 19.701305972367614 -5.4937439593240631
leaf_weight=28293 28517 26812 6347 15653 26415 26990 31317 11648 30231 14887 12812 10553 12899 8385 29357 7633 15871 15180
leaf_count=28293 28517 26812 6347 15653 26415 26990 31317 11648 30231 14887 12812 10553 12899 8385 29357 7633 15871 15180
internal_value=4.44883e-05 0.00448594 -0.00548029 0.00263036 -0.00330261 0.00950937 -0.00916035 0.000581138 -0.00226549 0.00388623 0.00341105 0.00433373 0.00185469 -0.00463512 -0.00398215 0.00337735 0.00409352 -0.000816647
internal_weight=359800 199455 160345 145653 100735 53802 59610 55345 56646 90308 74655 46869 27786 44089 35704 34057 26424 26828
internal_count=359800 199455 160345 145653 100735 53802 59610 55345 56646 90308 74655 46869 27786 44089 35704 34057 26424 26828
is_linear=0
shrinkage=0.0229654


Tree=74
num_leaves=19
num_cat=0
split_feature=37 37 37 37 37 37 37 15 0 0 37 37 15 15 25 8 5 0
split_gain=16305.3 3243.43 2792.36 432.694 358.974 314.592 192.38 139.206 129.699 119.318 88.9895 70.5696 69.4015 67.4759 81.847 65.2999 58.7201 49.5422
threshold=25187.917678592792 20773.091153354329 33633.706528732488 23530.509437321645 27819.434989129277 19367.681914178898 36373.894888711664 15.168750000000003 5.5000000000000009 17.500000000000004 21971.225937209423 18139.320379618603 9.8062500000000021 11.831250000000002 15.782031250000003 -0.32075123873380501 1.0000000180025095e-35 47.500000000000007
decision_type=2 2 2 2 2 2 2 2 2 2 2 2 2 2 2 2 2 2
left_child=1 5 4 8 13 9 -4 15 -3 -1 -10 -11 -5 -2 -15 16 -6 -12
right_child=2 3 6 12 7 -7 -8 -9 10 11 17 -13 -14 14 -16 -17 -18 -19
leaf_value=-40.391636349030442 6.9633046316394873 -3.3989395722406286 37.675808674757754 1.494325634002293 21.114901871369785 -17.4681169100033 94.589562369406721 11.773493472770848 -14.233843340284848 -72.928588109953864 -8.7786166168314477 -33.680704248489491 -3.8040473124984997 1.9964202396021395 10.68357446584683 17.217967379109108 9.0890038011576078 -11.213106556413868
leaf_weight=25582 25454 14437 23968 14428 14189 31367 26990 23412 22281 5663 31880 5609 32313 25541 5327 23603 5331 2425
leaf_count=25582 25454 14437 23968 14428 14189 31367 26990 23412 22281 5663 31880 5609 32313 25541 5327 23603 5331 2425
internal_value=4.77435e-05 -0.00467847 0.00510487 -0.00237018 0.00323021 -0.00866307 0.00962458 0.00437235 -0.00349947 -0.0101018 -0.00399518 -0.00813324 -0.00065421 0.00188096 0.00115913 0.00514635 0.00416366 -0.00326122
internal_weight=359800 185985 173815 117764 122857 68221 50958 66535 71023 36854 56586 11272 46741 56322 30868 43123 19520 34305
internal_count=359800 185985 173815 117764 122857 68221 50958 66535 71023 36854 56586 11272 46741 56322 30868 43123 19520 34305
is_linear=0
shrinkage=0.0229654


Tree=75
num_leaves=19
num_cat=0
split_feature=37 37 37 37 37 37 36 36 36 37 36 37 10 37 0 37 36 0
split_gain=15850.7 3216.04 2805.49 459.105 375.383 261.237 187.495 182.998 167.969 162.296 149.929 132.647 115.329 104.39 98.9856 87.5793 83.4563 77.0307
threshold=25187.917678592792 20593.95767831185 33943.756258948641 23324.640518476092 27819.434989129277 19091.612530663104 25864.500000000004 27525.500000000004 22848.500000000004 36373.894888711664 23667.500000000004 30782.29218465649 1.0000000180025095e-35 22202.067321382412 17.500000000000004 26074.985478570168 30369.500000000004 19.500000000000004
decision_type=2 2 2 2 2 2 2 2 2 2 2 2 2 2 2 2 2 2
left_child=1 5 4 8 6 14 15 -6 13 -4 -5 12 -9 -3 -1 -2 -8 -7
right_child=2 3 9 10 7 17 16 11 -10 -11 -12 -13 -14 -15 -16 -17 -18 -19
leaf_value=-43.965246053211672 5.1485352676980192 -8.3875115207800199 38.061761267012095 1.9394076566523386 24.650204979251551 -17.387505863790516 3.0435992436251471 11.971836927506819 -16.100306123825515 92.417274389078287 -4.9113244999231664 20.169332590293045 6.8284553023901768 -3.4172178746799147 -59.07285051193417 14.978065026068151 -12.606362568871706 -26.781711388224945
leaf_weight=21283 12074 30635 21166 19346 10427 24329 31152 10327 24023 26990 33163 28796 19787 14896 9887 10609 2487 8423
leaf_count=21283 12074 30635 21166 19346 10427 24329 31152 10327 24023 26990 33163 28796 19787 14896 9887 10609 2487 8423
internal_value=4.80627e-05 -0.00461179 0.00503418 -0.0024264 0.00322799 -0.00878493 0.00183529 0.00435928 -0.00365015 0.00974728 -0.000805401 0.00386291 0.00279727 -0.00283039 -0.0102899 0.00344891 0.000747217 -0.00735269
internal_weight=359800 185985 173815 122063 125659 63922 56322 69337 69554 48156 52509 58910 30114 45531 31170 22683 33639 32752
internal_count=359800 185985 173815 122063 125659 63922 56322 69337 69554 48156 52509 58910 30114 45531 31170 22683 33639 32752
is_linear=0
shrinkage=0.0229654


Tree=76
num_leaves=19
num_cat=0
split_feature=35 35 35 3 0 3 7 30 36 3 3 35 15 16 15 7 3 36
split_gain=10401.7 2349.24 1817.17 628.275 603.935 497.303 292.816 273.389 259.476 226.541 208.286 202.197 187.505 171.946 165.028 146.563 224.739 123.744
threshold=26490.500000000004 20647.500000000004 34388.000000000007 4.5000000000000009 12.500000000000002 1.5000000000000002 0.75023006073889154 480.05000000000001 25622.500000000004 1.5000000000000002 1.5000000000000002 36682.500000000007 11.168750000000003 386.68750000000006 12.731250000000003 -0.13052619222005171 5.5000000000000009 24051.500000000004
decision_type=2 2 2 2 2 2 2 2 2 2 2 2 2 2 2 2 2 2
left_child=1 4 5 8 7 -2 13 -1 14 -6 -10 -4 -7 15 -3 16 -5 -14
right_child=2 3 11 6 9 12 -8 -9 10 -11 -12 -13 17 -15 -16 -17 -18 -19
leaf_value=-27.591707624682204 22.426363735634933 -0.72916119827862613 33.597622726554633 -8.8875160867687537 -8.0310503754130167 10.814784221841665 -20.30914950496561 -14.37947787269548 11.171711968888749 -37.624774176097972 -2.1212305206757516 79.250260110718258 -9.1329777778608143 -28.88026433393658 -9.2712176603146208 -9.0886801855112722 6.6243167035905941 5.7230276493329377
leaf_weight=28607 25968 41098 18120 4761 13216 28523 10528 11697 15104 15192 14216 26408 4471 6429 29502 15233 7201 43526
leaf_count=28607 25968 41098 18120 4761 13216 28523 10528 11697 15104 15192 14216 26408 4471 6429 29502 15233 7201 43526
internal_value=4.59563e-05 -0.00319975 0.00474364 -0.00153329 -0.0066939 0.0030607 -0.00381474 -0.00850149 -0.00052518 -0.00412938 0.00129083 0.00861719 0.00212877 -0.00276823 -0.00127936 -0.00196973 -6.71952e-05 0.00125241
internal_weight=359800 212784 147016 144072 68712 102488 44152 40304 99920 28408 29320 44528 76520 33624 70600 27195 11962 47997
internal_count=359800 212784 147016 144072 68712 102488 44152 40304 99920 28408 29320 44528 76520 33624 70600 27195 11962 47997
is_linear=0
shrinkage=0.0229654


Tree=77
num_leaves=19
num_cat=0
split_feature=35 36 35 35 3 35 7 3 26 35 3 3 10 6 8 35 26 3
split_gain=10051.2 2297.51 1781.16 607.898 475.969 436.659 310.621 264.2 214.056 207.247 183.62 166.771 146.613 142.799 166.383 177.289 142.354 137.019
threshold=26490.500000000004 20882.500000000004 34388.000000000007 20345.500000000004 1.5000000000000002 22407.500000000004 0.32075123873380545 2.5000000000000004 6.0933593750000012 37282.500000000007 4.5000000000000009 1.0000000180025095e-35 1.0000000180025095e-35 1.0000000180025095e-35 0.13052619222005152 17545.500000000004 21.246223958333335 3.5000000000000004
decision_type=2 2 2 2 2 2 2 2 2 2 2 2 2 2 2 2 2 2
left_child=1 3 4 6 -2 11 -1 -7 -6 -4 16 13 -8 14 15 -3 -5 -10
right_child=2 5 9 10 8 7 12 -9 17 -11 -12 -13 -14 -15 -16 -17 -18 -19
leaf_value=-22.046072802991695 21.91133312163193 -15.432231513805828 34.529188548257615 -7.2586897058688198 16.966202290782856 2.8219857532539443 -31.660746791275816 -4.1593528361561534 8.1356757736844525 87.257692585983079 -18.068193741219865 -10.749245643874589 -13.842347786665712 -40.69489381837375 -9.5191052669775598 12.607985360274224 7.1661344859552232 1.3771359095485485
leaf_weight=10032 25968 2280 22392 13090 17292 39056 28400 49136 26696 22136 17144 36160 3368 2176 3536 6912 1494 32532
leaf_count=10032 25968 2280 22392 13090 17292 39056 28400 49136 26696 22136 17144 36160 3368 2176 3536 6912 1494 32532
internal_value=4.8318e-05 -0.00314222 0.00466616 -0.0064263 0.00299997 -0.00140821 -0.00824557 -0.000429664 0.00208826 0.00850114 -0.00402951 -0.00309824 -0.00935807 -0.00105397 -0.000124498 0.00150404 -0.00213529 0.00143195
internal_weight=359800 212784 147016 73528 102488 139256 41800 88192 76520 44528 31728 51064 31768 14904 12728 9192 14584 59228
internal_count=359800 212784 147016 73528 102488 139256 41800 88192 76520 44528 31728 51064 31768 14904 12728 9192 14584 59228
is_linear=0
shrinkage=0.0229654


Tree=78
num_leaves=19
num_cat=0
split_feature=37 37 37 37 37 37 37 35 35 37 35 35 35 37 0 0 35 37
split_gain=14610.2 3439.33 2316.12 636.014 237.787 231.954 215.685 189.68 184.657 188.589 181.32 158.66 147.75 96.0304 94.101 91.6036 91.2846 100.671
threshold=24218.596483362879 33633.706528732488 20296.943862366232 26800.025061189601 36739.182209703904 21971.225937209423 18945.834515503422 25425.500000000004 33243.500000000007 30652.222152087903 23117.500000000004 22711.500000000004 27558.500000000004 25471.397217030095 17.500000000000004 19.500000000000004 31136.500000000004 28598.859669692931
decision_type=2 2 2 2 2 2 2 2 2 2 2 2 2 2 2 2 2 2
left_child=2 3 6 7 -3 11 14 -2 9 12 -7 -4 -5 -9 -1 -8 17 -14
right_child=1 4 5 8 -6 10 15 13 -10 -11 -12 -13 16 -15 -16 -17 -18 -19
leaf_value=-44.176205088048405 5.1191063083186323 35.285671808051411 -8.5106140994294357 15.091733739007903 93.750985297573365 -2.2496534409471094 -17.631542704822166 -5.5360663458579431 2.7103593990251387 24.215728003638237 -10.144879900776104 -26.750304414465155 4.8883831649213167 1.1501720164155351 -58.504187994762717 -26.002785106256017 -1.1816258032489981 12.999273345678626
leaf_weight=19148 31052 26727 33672 19035 24231 30393 21403 12265 9861 20367 30602 7503 15722 20425 9145 7101 5226 15922
leaf_count=19148 31052 26727 33672 19035 24231 30393 21403 12265 9861 20367 30602 7503 15722 20425 9145 7101 5226 15922
internal_value=4.72329e-05 0.00416448 -0.00515435 0.00241208 0.00931857 -0.00308753 -0.00887227 0.000673016 0.00369905 0.00408139 -0.00218848 -0.00441934 0.00339213 -0.000547966 -0.0102928 -0.00746231 0.00254382 0.0030082
internal_weight=359800 200833 158967 149875 50958 102170 56797 63742 86133 76272 60995 41175 55905 32690 28293 28504 36870 31644
internal_count=359800 200833 158967 149875 50958 102170 56797 63742 86133 76272 60995 41175 55905 32690 28293 28504 36870 31644
is_linear=0
shrinkage=0.0229654


Tree=79
num_leaves=19
num_cat=0
split_feature=37 37 37 37 37 37 37 35 35 3 35 37 37 35 37 37 8 35
split_gain=14222.7 3393.34 2301.21 670.35 228.051 225.187 181.615 181.548 177.536 169.789 152.567 98.0076 97.6384 95.0789 147.523 120.242 94.7663 93.5407
threshold=24218.596483362879 34107.426737346999 20296.943862366232 26868.08036656753 21971.225937209423 18945.834515503422 36939.885737871497 25425.500000000004 24266.500000000004 1.0000000180025095e-35 22711.500000000004 25822.820239056793 25471.397217030095 33403.500000000007 31742.305191497588 32190.447664565985 0.99572243068690536 31136.500000000004
decision_type=2 2 2 2 2 2 2 2 2 2 2 2 2 2 2 2 2 2
left_child=2 3 5 7 10 -1 -3 11 16 -5 -4 -2 -9 14 17 -15 -6 -11
right_child=1 6 4 9 8 -7 -8 12 -10 13 -12 -13 -14 15 -16 -17 -18 -19
leaf_value=-46.118745704931989 3.3336864698924296 36.973762381261743 -8.3151643663901655 25.888766637606395 -2.9156098374328421 -18.291203594600486 94.46733784183678 -5.4089283183613617 -14.591559867611258 10.882714833245082 -26.135972734583504 14.597119650923556 1.3045431195684276 -7.4027352431986122 24.093035446245761 11.459510047254726 -9.9635437411336465 4.7964927007598259
leaf_weight=28293 25347 23934 33672 13443 42290 28504 22799 12265 15816 44598 7503 5971 21572 3747 9204 7698 2889 10255
leaf_count=28293 25347 23934 33672 13443 42290 28504 22799 12265 15816 44598 7503 5971 21572 3747 9204 7698 2889 10255
internal_value=4.62755e-05 0.00410857 -0.00508587 0.00246465 -0.00302572 -0.00879181 0.00952932 0.000694901 -0.00213426 0.00376104 -0.00434628 0.00195497 -0.000471362 0.00333765 0.00368213 0.00140963 -0.00140119 0.00323068
internal_weight=359800 200833 158967 154100 102170 56797 46733 65155 60995 88945 41175 31318 33837 75502 64057 11445 45179 54853
internal_count=359800 200833 158967 154100 102170 56797 46733 65155 60995 88945 41175 31318 33837 75502 64057 11445 45179 54853
is_linear=0
shrinkage=0.0229654


Tree=80
num_leaves=19
num_cat=0
split_feature=37 37 37 37 37 37 35 36 37 36 3 36 35 36 35 37 35 35
split_gain=13838.4 3007.01 2668.27 469.792 295.421 286.145 216.122 192.767 192.64 184.877 184.56 156.034 153.754 143.264 135.916 133.502 167.493 117.685
threshold=24717.614730698628 34107.426737346999 20471.729123591304 27223.827058536357 23115.241805573642 18945.834515503422 23300.500000000004 27525.500000000004 36939.885737871497 25864.500000000004 1.0000000180025095e-35 23088.500000000004 24772.500000000004 23720.500000000004 27558.500000000004 30917.013928228869 31136.500000000004 32229.500000000004
decision_type=2 2 2 2 2 2 2 2 2 2 2 2 2 2 2 2 2 2
left_child=2 3 5 9 6 -1 13 -5 -3 -2 -9 -6 -13 -4 -11 16 -12 -17
right_child=1 8 4 7 11 -7 -8 10 -10 14 15 12 -14 -15 -16 17 -18 -19
leaf_value=-45.059609850477024 6.2836275835748605 36.124644808493379 -5.0713466506454656 19.14987152044387 2.1617235321723576 -17.308422536301983 -20.29047777194495 27.066916870214968 92.297856797765306 1.5458423614426731 7.6252873908042638 -2.5597296045135685 -13.742299581462584 -15.618870068296618 -11.677091230020972 23.009524831018329 -5.7476623991310749 11.043823935600857
leaf_weight=28293 29483 23934 42882 15899 14573 32763 14404 10061 22799 22934 25072 22069 8940 9389 5487 8622 6517 15679
leaf_count=28293 29483 23934 42882 15899 14573 32763 14404 10061 22799 22934 25072 22069 8940 9389 5487 8622 6517 15679
internal_value=4.51904e-05 0.00438707 -0.00462673 0.00270072 -0.00252522 -0.00849054 -0.00349932 0.00382065 0.00943005 0.00111765 0.00327344 -0.00110036 -0.00202148 -0.00281296 -0.000204031 0.00275799 0.00177353 0.00403768
internal_weight=359800 186487 173313 139754 112257 61056 66675 81850 46733 57904 65951 45582 31009 52271 28421 55890 31589 24301
internal_count=359800 186487 173313 139754 112257 61056 66675 81850 46733 57904 65951 45582 31009 52271 28421 55890 31589 24301
is_linear=0
shrinkage=0.0229654


Tree=81
num_leaves=19
num_cat=0
split_feature=35 35 35 36 36 36 15 0 36 4 15 26 10 0 10 15 14 10
split_gain=8940.59 2246.81 1594.37 561.371 472.426 382.931 322.923 273.321 181.212 161.48 190.572 124.978 122.673 122.298 119.637 117.68 115.757 112.791
threshold=26764.500000000004 20647.500000000004 35950.500000000007 20158.000000000004 23325.500000000004 33738.500000000007 13.968750000000004 16.500000000000004 32819.500000000007 1.5000000000000002 14.481250000000003 20.375130208333339 0.6830127018922193 34.500000000000007 -0.5 15.581250000000004 59.437500000000007 1.0000000180025095e-35
decision_type=2 2 2 2 2 2 2 2 2 2 2 2 2 2 2 2 2 2
left_child=1 3 5 7 9 6 12 17 15 -3 11 14 13 -2 -11 -6 -9 -1
right_child=2 4 -4 -5 8 -7 -8 16 -10 10 -12 -13 -14 -15 -16 -17 -18 -19
leaf_value=-28.788346126430582 5.5291844921854665 7.5656562240731589 63.204010507120685 -12.224369789466033 0.94034963392275595 29.032742257226104 2.9500565574888369 -47.284266214000716 48.758288769004004 -8.8020140108964959 -18.301529784305835 3.5876155575003357 20.708259348577457 10.407744965410577 -3.3482023877386475 -5.7206551003069812 -10.885770228139201 -11.89188132431163
leaf_weight=26800 17129 3152 32024 30456 53213 23568 35606 4492 1672 20578 18911 4438 13961 19120 23441 24275 4228 2736
leaf_count=26800 17129 3152 32024 30456 53213 23568 35606 4492 1672 20578 18911 4438 13961 19120 23441 24275 4228 2736
internal_value=4.0148e-05 -0.00287288 0.00453907 -0.00631088 -0.00129464 0.00321962 0.00250753 -0.008163 -7.68802e-05 -0.0026616 -0.00289931 -0.00213626 0.00369386 0.00298939 -0.00250658 -0.000238284 -0.00459045 -0.00921773
internal_weight=359800 218392 141408 68712 149680 109384 85816 38256 79160 70520 67368 48457 50210 36249 44019 77488 8720 29536
internal_count=359800 218392 141408 68712 149680 109384 85816 38256 79160 70520 67368 48457 50210 36249 44019 77488 8720 29536
is_linear=0
shrinkage=0.0229654


Tree=82
num_leaves=19
num_cat=0
split_feature=37 37 37 37 37 37 37 15 1 1 3 1 3 6 3 24 13 24
split_gain=13140.1 3408.58 2083.47 621.094 301.484 221.087 203.556 162.099 109.536 99.6402 88.9675 85.0815 82.5701 81.7097 81.6141 71.7326 65.2586 80.7857
threshold=23979.48748262435 33467.892597773149 20167.682146005318 26268.531921288923 36739.182209703904 18797.470132382845 21227.09264132009 12.331250000000004 8.5000000000000018 1.5000000000000002 1.5000000000000002 7.5000000000000009 5.5000000000000009 1.0000000180025095e-35 1.0000000180025095e-35 5.1250000000000036 19.231250000000006 3.6500000000000004
decision_type=2 2 2 2 2 2 2 2 2 2 2 2 2 2 2 2 2 2
left_child=2 3 5 13 15 11 -4 10 -7 12 -5 -1 -8 16 -9 -3 17 -2
right_child=1 4 6 7 -6 8 9 14 -10 -11 -12 -13 -14 -15 -16 -17 -18 -19
leaf_value=-43.497656381902473 0.82256037414148642 32.342986340602828 -11.519361731583185 17.39527084259722 85.880275975433804 -16.903712840898521 0.67392492365334111 18.129611775986472 -24.313695035823876 -7.7622268032637898 10.509505600379553 -56.300526048027152 -13.719460154094763 -20.965756665047884 6.9905516727900805 0.70680341014695236 6.2474632612742669 -11.49929161173363
leaf_weight=16674 51575 27375 25622 13059 24231 21223 9213 7762 7229 61995 31761 8758 1200 1096 43390 776 4802 2059
leaf_count=16674 51575 27375 25622 13059 24231 21223 9213 7762 7229 61995 31761 8758 1200 1096 43390 776 4802 2059
internal_value=3.85523e-05 0.00379027 -0.00509546 0.00208352 0.008857 -0.00872305 -0.00310149 0.00322662 -0.00733227 -0.00247898 0.00423492 -0.010279 -0.00040029 0.000240718 0.00234314 0.00724058 0.000357238 0.0001276
internal_weight=359800 207886 151914 155504 52382 53884 98030 95972 28452 72408 44820 25432 10413 59532 51152 28151 58436 53634
internal_count=359800 207886 151914 155504 52382 53884 98030 95972 28452 72408 44820 25432 10413 59532 51152 28151 58436 53634
is_linear=0
shrinkage=0.0229654


Tree=83
num_leaves=19
num_cat=0
split_feature=35 35 35 36 3 3 7 7 3 3 21 36 16 7 26 7 26 3
split_gain=8368.4 2146.88 1546.21 550.169 515.019 436.452 276.836 268.073 231.932 209.207 242.122 193.847 191.213 162.339 155.033 154.295 152.584 147.826
threshold=26764.500000000004 20647.500000000004 35575.000000000007 20158.000000000004 4.5000000000000009 3.5000000000000004 0.44134171618254497 0.65793410509763428 1.0000000180025095e-35 5.5000000000000009 4.7600260416666673 26804.500000000004 386.68750000000006 -0.55438071450436044 8.1608072916666696 -0.7502300607388912 20.899348958333338 1.0000000180025095e-35
decision_type=2 2 2 2 2 2 2 2 2 2 2 2 2 2 2 2 2 2
left_child=1 3 5 6 11 8 -1 12 -2 10 -7 16 -6 -11 -10 -4 -3 -13
right_child=2 4 15 -5 7 9 -8 -9 14 13 -12 17 -14 -15 -16 -17 -18 -19
leaf_value=-19.004638014616134 39.636561355925188 -2.7847447415918798 67.556629160432678 -11.673535164333343 -3.4998351945271495 17.449077682539961 -28.09007826381886 -17.117356831039352 21.494748510152945 26.288797540122371 -1.5226425391215039 15.90749948076744 -25.721485467978486 4.0635404628590752 8.1360893359625077 44.663466620004257 7.47338907820295 0.36122064030365969
leaf_weight=10440 11600 79939 20112 30456 26209 4909 27816 12792 17123 6072 27987 7808 6511 5856 33093 14656 3829 12592
leaf_count=10440 11600 79939 20112 30456 26209 4909 27816 12792 17123 6072 27987 7808 6511 5856 33093 14656 3829 12592
internal_value=3.91906e-05 -0.00277908 0.00439176 -0.00613975 -0.00123634 0.00302056 -0.0079733 -0.00327436 0.00427165 0.00129521 0.000350457 -0.00034591 -0.00217231 0.00390073 0.00359555 0.0085975 -0.000834802 0.00166161
internal_weight=359800 218392 141408 68712 149680 106640 38256 45512 61816 44824 32896 104168 32720 11928 50216 34768 83768 20400
internal_count=359800 218392 141408 68712 149680 106640 38256 45512 61816 44824 32896 104168 32720 11928 50216 34768 83768 20400
is_linear=0
shrinkage=0.0229654


Tree=84
num_leaves=19
num_cat=0
split_feature=35 35 35 36 3 3 25 7 25 7 3 3 36 16 36 3 7 25
split_gain=8096.4 2085.57 1521.73 536.295 494.118 432.132 291.759 274.778 256.915 192.601 200.084 190.966 171.081 170.666 159.486 141.101 138.708 157.356
threshold=26764.500000000004 20647.500000000004 35950.500000000007 20158.000000000004 2.5000000000000004 1.0000000180025095e-35 8.5502604166666689 0.44134171618254497 7.0690104166666687 0.65793410509763428 4.5000000000000009 3.5000000000000004 24730.000000000004 433.81250000000006 34870.500000000007 5.5000000000000009 -0.82968937203783699 5.9622395833333339
decision_type=2 2 2 2 2 2 2 2 2 2 2 2 2 2 2 2 2 2
left_child=1 3 5 7 12 -2 14 -1 -6 13 -11 -8 -3 -10 -7 -13 -4 -18
right_child=2 4 16 -5 8 6 11 -9 9 10 -12 15 -14 -15 -16 -17 17 -19
leaf_value=-18.568188731042806 39.648168021116717 -1.9965929755506113 73.53153874770689 -11.405447655625059 1.162961437343492 11.972415286205734 7.7855888646889744 -27.444978129612977 -3.7327428202829553 -5.4369529253159818 -21.212179556314378 -3.4348406388027461 5.1709649111600227 -19.804052879465409 33.667998040252812 13.734016116166657 58.159940367803678 23.925065426678859
leaf_weight=10440 11840 31568 16808 30456 14577 36138 31174 27816 42775 10361 9170 17929 28648 12581 8002 4301 9040 6176
leaf_count=10440 11840 31568 16808 30456 14577 36138 31174 27816 42775 10361 9170 17929 28648 12581 8002 4301 9040 6176
internal_value=4.32756e-05 -0.00272882 0.00432453 -0.00604115 -0.00120826 0.00303549 0.00253259 -0.00785144 -0.00229079 -0.00283376 -0.0047945 0.00139072 0.000400072 -0.00214196 0.00391411 -0.000235543 0.00872749 0.00713896
internal_weight=359800 218392 141408 68712 149680 109384 97544 38256 89464 74887 19531 53404 60216 55356 44140 22230 32024 15216
internal_count=359800 218392 141408 68712 149680 109384 97544 38256 89464 74887 19531 53404 60216 55356 44140 22230 32024 15216
is_linear=0
shrinkage=0.0229654


Tree=85
num_leaves=19
num_cat=0
split_feature=37 37 37 37 37 37 35 35 37 35 37 35 35 37 0 35 37 0
split_gain=12069.9 3262.99 1997.93 606.349 264.097 256.868 210.153 203.556 180.779 180.144 176.552 174.083 131.532 123.087 119.201 106.926 105.155 95.4344
threshold=23979.48748262435 34107.426737346999 19839.233453344215 26268.531921288923 21113.0901851915 37353.276481140922 24266.500000000004 25310.500000000004 18797.470132382845 25839.500000000004 28694.380984603627 32660.500000000004 30623.000000000004 32190.447664565985 47.500000000000007 22775.500000000004 32499.598480193104 18.500000000000004
decision_type=2 2 2 2 2 2 2 2 2 2 2 2 2 2 2 2 2 2
left_child=2 3 8 7 15 -3 14 -2 -1 -5 12 16 -11 -13 -6 -4 -12 -10
right_child=1 5 4 9 6 -7 -8 -9 17 10 11 13 -14 -15 -16 -17 -18 -19
leaf_value=-43.757127158679914 3.7629944752854394 33.154221677208433 -9.6653634684087457 22.087658469647991 -3.8374583611786268 90.374512006898755 -17.65261479241094 -3.1167923404893103 -16.648167233672861 5.0813436265780387 13.781732555225862 -3.1479914799810285 -12.268532931261454 11.30613282565294 -10.258814782428599 -31.868858552815045 35.847489465798567 -23.240650552905134
leaf_weight=25432 32426 26786 26145 11680 56810 19947 14567 27106 16117 33782 32551 5803 2710 10187 3871 3694 4908 5278
leaf_count=25432 32426 26786 26145 11680 56810 19947 14567 27106 16117 33782 32551 5803 2710 10187 3871 3694 4908 5278
internal_value=4.37862e-05 0.00363947 -0.00487671 0.00209008 -0.00311863 0.00898237 -0.00239365 0.00024959 -0.00882212 0.00316828 0.00281983 0.00366057 0.00158842 0.00165454 -0.00179902 -0.00494689 0.00451688 -0.00726639
internal_weight=359800 207886 151914 161153 105087 46733 75248 59532 46827 101621 89941 53449 36492 15990 60681 29839 37459 21395
internal_count=359800 207886 151914 161153 105087 46733 75248 59532 46827 101621 89941 53449 36492 15990 60681 29839 37459 21395
is_linear=0
shrinkage=0.0229654


Tree=86
num_leaves=19
num_cat=0
split_feature=25 0 0 3 1 3 16 10 0 1 1 6 10 0 30 0 10 27
split_gain=4963.47 2628.05 1479.38 875.529 610.731 541.621 530.854 513.256 503.937 343.363 330.441 313.107 294.305 272.573 257.364 211.267 197.973 210.974
threshold=8.9502604166666693 13.500000000000002 13.500000000000002 3.5000000000000004 21.500000000000004 4.5000000000000009 312.81250000000006 -0.24999999999999994 44.500000000000007 1.5000000000000002 15.500000000000002 1.0000000180025095e-35 0.25000000000000017 33.500000000000007 437.1687500000001 34.500000000000007 -0.5 -0.087797619047620831
decision_type=2 2 2 2 2 2 2 2 2 2 2 2 2 2 2 2 2 2
left_child=2 9 -1 6 5 11 8 13 16 -2 -7 12 -4 -5 -11 -8 17 -3
right_child=1 3 4 7 -6 10 15 -9 -10 14 -12 -13 -14 -15 -16 -17 -18 -19
leaf_value=-0.93693124759509883 -6.6853857788568494 -2.8323219874445766 17.540405893329588 -25.114763305941739 1.1293228457047331 1.8382718573427919 -9.1417797486657992 1.1654334302610274 -5.5981521837028883 -22.305410351317597 23.60637161956134 -9.4000498116745259 52.342902815283438 -4.0127569500447215 -11.825969623623463 9.747247584229898 15.065613200959108 7.2776482708355354
leaf_weight=37250 17165 10720 15306 27932 13506 13276 27420 23029 9475 26067 11064 2138 42312 18537 16974 4022 31887 11720
leaf_count=37250 17165 10720 15306 27932 13506 13276 27420 23029 9475 26067 11064 2138 42312 18537 16974 4022 31887 11720
internal_value=4.7935e-05 -0.00204051 0.0035317 -0.000539905 0.0050177 0.00574572 0.000890222 -0.00249983 0.00209382 -0.00614664 0.00285794 0.00692198 0.00724221 -0.00388918 -0.00724189 -0.00155211 0.00294619 0.0012936
internal_weight=359800 224948 134852 164742 97602 84096 95244 69498 63802 60206 24340 59756 57618 46469 43041 31442 54327 22440
internal_count=359800 224948 134852 164742 97602 84096 95244 69498 63802 60206 24340 59756 57618 46469 43041 31442 54327 22440
is_linear=0
shrinkage=0.0229654


Tree=87
num_leaves=19
num_cat=0
split_feature=37 37 37 37 37 37 35 37 35 36 37 35 35 36 36 15 36 36
split_gain=11380.2 3173.66 1981.04 548.28 283.062 238.03 207.66 195.499 193.05 192.207 232.536 214.425 170.972 164.615 140.237 119.625 114.369 105.855
threshold=23979.48748262435 34107.426737346999 19839.233453344215 26268.531921288923 37353.276481140922 21227.09264132009 24266.500000000004 18720.140559651762 25310.500000000004 26466.500000000004 28899.443628317462 29383.500000000004 27558.500000000004 21479.500000000004 19397.500000000004 10.893750000000002 24730.000000000004 27164.500000000004
decision_type=2 2 2 2 2 2 2 2 2 2 2 2 2 2 2 2 2 2
left_child=2 3 7 8 -3 14 13 -1 17 -5 12 -12 -11 -7 -4 -13 -10 -2
right_child=1 4 5 9 -6 6 -8 -9 16 10 11 15 -14 -15 -16 -17 -18 -19
leaf_value=-43.60954045103567 4.9268043228855127 31.604316339776748 -3.7082508775253649 16.527049562118037 87.171337851714171 0.87960588026548725 -16.850511457798888 -16.994922557166525 1.2756782382745835 6.7140823887652665 27.676726675909197 14.643939486770902 -1.6393087166199289 -5.9906510635015904 -12.230011376189456 6.8851856416191346 -6.2393529539317782 -6.3549465176272637
leaf_weight=23997 27692 26786 5784 17372 19947 15717 14347 22830 11690 16091 11882 13222 16609 42344 26895 26445 15416 4734
leaf_count=23997 27692 26786 5784 17372 19947 15717 14347 22830 11690 16091 11882 13222 16609 42344 26895 26445 15416 4734
internal_value=5.21477e-05 0.00354358 -0.00472569 0.00201555 0.00881283 -0.00297505 -0.00224078 -0.00865439 0.000265407 0.00304082 0.00258729 0.00354824 0.00107242 -0.00162942 -0.00460201 0.00273759 -0.00116496 0.0014611
internal_weight=359800 207886 151914 161153 46733 105087 72408 46827 59532 101621 84249 51549 32700 58061 32679 39667 27106 32426
internal_count=359800 207886 151914 161153 46733 105087 72408 46827 59532 101621 84249 51549 32700 58061 32679 39667 27106 32426
is_linear=0
shrinkage=0.0229654


Tree=88
num_leaves=19
num_cat=0
split_feature=37 37 37 37 37 37 37 3 15 13 0 0 0 15 24 30 3 37
split_gain=11057.9 3132.96 1969.43 547.035 272.646 232.029 201.361 153.332 142.966 105.761 99.2321 96.7774 89.3531 87.3829 80.2418 77.9856 77.0272 63.5989
threshold=23979.48748262435 34270.409831791323 19839.233453344215 27293.166056024627 37353.276481140922 21227.09264132009 18720.140559651762 1.0000000180025095e-35 11.218750000000004 17.831250000000008 18.500000000000004 6.5000000000000009 17.500000000000004 9.0312500000000036 2.5250000000000021 76.981250000000003 5.5000000000000009 22689.98080292749
decision_type=2 2 2 2 2 2 2 2 2 2 2 2 2 2 2 2 2 2
left_child=2 3 6 9 -3 -4 12 -5 -9 13 -8 16 -1 -2 15 -15 -7 -13
right_child=1 4 5 7 -6 11 10 8 -10 -11 -12 17 -14 14 -16 -17 -18 -19
leaf_value=-40.004520888666868 4.132666399290688 31.576145543444685 -10.560207136633702 25.168991509250322 85.169412430969516 0.13579263964869576 -15.93479807078821 12.320916856822596 7.46658191592359 6.179324311001829 -21.84271186265055 -9.5960410844231863 -52.708845244822491 -5.5053724841962062 -8.4919559112724876 1.6160259276279716 -13.031819314545869 -5.1752850415875375
leaf_weight=15918 17324 25318 32679 12374 19947 13103 17200 26413 43153 10094 5630 27711 8079 5859 5502 41902 1749 29845
leaf_count=15918 17324 25318 32679 12374 19947 13103 17200 26413 43153 10094 5630 27711 8079 5859 5502 41902 1749 29845
internal_value=5.14456e-05 0.0034931 -0.00465827 0.00200568 0.00883685 -0.00291277 -0.00857543 0.00332738 0.00290839 0.000663364 -0.00703146 -0.00218782 -0.0100443 0.000348937 -0.000111889 0.000190653 -0.000535014 -0.00261431
internal_weight=359800 207886 151914 162621 45265 105087 46827 81940 69566 80681 22830 72408 23997 70587 53263 47761 14852 57556
internal_count=359800 207886 151914 162621 45265 105087 46827 81940 69566 80681 22830 72408 23997 70587 53263 47761 14852 57556
is_linear=0
shrinkage=0.0229654


Tree=89
num_leaves=19
num_cat=0
split_feature=35 35 35 36 5 36 15 7 7 35 7 25 25 30 10 0 5 27
split_gain=6887.74 1841.35 1480.34 483.435 455.419 315.186 288.935 283.517 262.415 178.125 146.145 161.162 130.202 126.231 123.893 103.611 161.738 103.085
threshold=26764.500000000004 20345.500000000004 35950.500000000007 19658.000000000004 1.0000000180025095e-35 33738.500000000007 13.968750000000004 0.75023006073889154 0.44134171618254497 24207.500000000004 -0.82968937203783699 5.9622395833333339 9.6851562500000021 273.96875000000006 0.6830127018922193 34.500000000000007 1.0000000180025095e-35 1.6379650297619037
decision_type=2 2 2 2 2 2 2 2 2 2 2 2 2 2 2 2 2 2
left_child=1 3 5 8 9 6 14 -6 -1 -3 -4 -12 -9 -5 15 16 -2 -7
right_child=2 4 10 13 7 17 -8 12 -10 -11 11 -13 -14 -15 -16 -17 -18 -19
leaf_value=-19.19046773762576 9.5030792155289436 -2.8361972921769913 65.884347818819876 -15.207959086099871 -5.9137608624259235 30.200758633466528 1.7053079497834933 -9.6552355896932767 -27.598373609725705 2.2190210930314334 51.67834420679975 20.477047129617571 -22.193145189018505 -6.873133235682948 18.255019349809462 8.7449891761766843 -7.1226826555564067 12.47089240403839
leaf_weight=7936 12181 65128 16808 15312 36264 15192 35606 5813 22256 43728 9040 6176 5915 16040 13961 19120 4948 8376
leaf_count=7936 12181 65128 16808 15312 36264 15192 35606 5813 22256 43728 9040 6176 5915 16040 13961 19120 4948 8376
internal_value=5.0935e-05 -0.00250589 0.00399972 -0.00587233 -0.00118496 0.00272833 0.00208229 -0.00304869 -0.00794646 -0.000363291 0.00834239 0.00671183 -0.00615257 -0.00387494 0.00320445 0.00249649 0.00119929 0.00508069
internal_weight=359800 218392 141408 61544 156848 109384 85816 47992 30192 108856 32024 15216 11728 31352 50210 36249 17129 23568
internal_count=359800 218392 141408 61544 156848 109384 85816 47992 30192 108856 32024 15216 11728 31352 50210 36249 17129 23568
is_linear=0
shrinkage=0.0229654


Tree=90
num_leaves=19
num_cat=0
split_feature=35 35 35 36 3 3 25 23 8 35 3 25 36 30 35 9 25 36
split_gain=6649.06 1870.97 1374.39 487.569 420.733 390.545 235.974 202.408 182.303 168.873 151.001 150.872 130.88 128.468 126.468 118.016 113.946 111.095
threshold=27052.500000000004 20521.500000000004 35950.500000000007 19658.000000000004 4.5000000000000009 1.0000000180025095e-35 8.5502604166666689 0.64999999999999991 0.32075123873380501 24320.500000000004 3.5000000000000004 6.1039062500000014 34870.500000000007 258.41875000000005 22023.500000000004 0.93301270189221952 2.2028645833333331 27231.500000000004
decision_type=2 2 2 2 2 2 2 2 2 2 2 2 2 2 2 2 2 2
left_child=1 3 5 7 9 -2 12 -1 17 -3 15 -4 16 -5 -10 -8 -7 -6
right_child=2 4 11 13 8 6 10 -9 14 -11 -12 -13 -14 -15 -16 -17 -18 -19
leaf_value=-24.839686885399306 36.824344549237786 -2.5604433855957867 66.866962294681628 -14.650652781175109 -16.488233061670986 23.46623951677066 8.0593968169767649 -27.257395125861692 -8.4464571729098701 2.3679480180073562 -1.0493678465542762 32.538199017356511 29.500919820920529 -6.6432476325107395 -0.84895647469644775 -7.7569905942550559 9.1705912016818907 11.331475223330557
leaf_weight=24001 11240 64200 19221 15999 23600 3625 25915 7415 5504 46064 20692 12803 8000 18441 17400 3239 30953 1488
leaf_count=24001 11240 64200 19221 15999 23600 3625 25915 7415 5504 46064 20692 12803 8000 18441 17400 3239 30953 1488
internal_value=5.04882e-05 -0.0023787 0.00406272 -0.0056315 -0.0010251 0.00277807 0.0022865 -0.00770046 -0.00281995 -0.000243892 0.00121402 0.00822119 0.00354206 -0.00374422 -0.00133858 0.0022789 0.00292962 -0.00417237
internal_weight=359800 224112 135688 65856 158256 103664 92424 31416 47992 110264 49846 32024 42578 34440 22904 29154 34578 25088
internal_count=359800 224112 135688 65856 158256 103664 92424 31416 47992 110264 49846 32024 42578 34440 22904 29154 34578 25088
is_linear=0
shrinkage=0.0229654


Tree=91
num_leaves=19
num_cat=0
split_feature=37 37 37 37 37 37 36 35 37 36 37 35 35 36 35 36 36 35
split_gain=10146.8 2981.62 1900.07 482.63 311.816 237.375 216.877 195.287 188.391 187.612 236.216 206.302 167.027 160.261 138.485 116.24 108.8 98.3232
threshold=23979.48748262435 34270.409831791323 19710.194226256823 26074.985478570168 37353.276481140922 21113.0901851915 22973.500000000004 25310.500000000004 18720.140559651762 25864.500000000004 28899.443628317462 29383.500000000004 29595.000000000004 19397.500000000004 25425.500000000004 24051.500000000004 27164.500000000004 24266.500000000004
decision_type=2 2 2 2 2 2 2 2 2 2 2 2 2 2 2 2 2 2
left_child=2 3 8 7 -3 13 14 16 -1 -5 12 -12 -11 -4 -7 -9 -2 -8
right_child=1 4 5 9 -6 6 17 15 -10 10 11 -13 -14 -15 -16 -17 -18 -19
leaf_value=-40.524653255401631 4.6196590759845026 29.299022262400101 -3.0949188948443047 16.528098225872203 80.904854199170117 -1.5393247528160277 -7.7879937147107947 1.8332004001825695 -15.763453580243931 4.0896892600562316 26.830950097992268 9.5991852542341682 -10.496650231254993 -11.766181329428225 -19.545586576073681 -6.5000866110379691 -7.2156486429856841 -21.673097740088316
leaf_weight=23997 26959 25318 6246 14245 19947 38942 25908 7876 19978 34352 12213 41567 5002 26445 3398 16041 4366 7000
leaf_count=23997 26959 25318 6246 14245 19947 38942 25908 7876 19978 34352 12213 41567 5002 26445 3398 16041 4366 7000
internal_value=5.39987e-05 0.00335081 -0.00445751 0.00189977 0.00856389 -0.00281815 -0.0021083 0.000155481 -0.0084814 0.00279713 0.00242171 0.00341108 0.00106966 -0.00445209 -0.00102135 -0.00140719 0.0013486 -0.00350678
internal_weight=359800 207886 151914 162621 45265 107939 75248 55242 43975 107379 93134 53780 39354 32691 42340 23917 31325 32908
internal_count=359800 207886 151914 162621 45265 107939 75248 55242 43975 107379 93134 53780 39354 32691 42340 23917 31325 32908
is_linear=0
shrinkage=0.0229654


Tree=92
num_leaves=19
num_cat=0
split_feature=25 1 7 16 8 3 3 1 3 16 7 1 7 3 16 15 3 7
split_gain=4269.42 2153.95 1310.65 792.984 648.833 548.688 513.4 373.653 340.052 321.832 280.255 257.233 264.187 238.61 235.553 229.637 190.529 170.315
threshold=9.0122395833333364 6.5000000000000009 -0.70710678118654735 437.81250000000006 -0.19467261866128607 4.5000000000000009 3.5000000000000004 21.500000000000004 4.5000000000000009 123.06250000000001 -0.13052619222005171 5.5000000000000009 0.65793410509763428 5.5000000000000009 202.06250000000003 11.831250000000002 4.5000000000000009 0.65793410509763428
decision_type=2 2 2 2 2 2 2 2 2 2 2 2 2 2 2 2 2 2
left_child=2 8 9 6 5 -4 7 14 11 -1 13 12 -2 -8 -3 -6 -12 -10
right_child=1 3 4 -5 15 -7 10 -9 17 -11 16 -13 -14 -15 -16 -17 -18 -19
leaf_value=40.315815680157009 -5.3138033697989391 9.9129230853179884 33.669868883109338 -17.240518308380111 3.8481309710311531 -0.26544448431932427 -3.5986739815572792 -5.2560909370215283 -10.374146666434514 10.847486447037852 -0.67181340761165576 -0.96972454444398604 -14.488233189166964 9.0479060827374891 1.9255857935226013 -3.4595501028492173 -16.180034772610803 -30.552697816720286
leaf_weight=30514 15443 38065 28943 34101 30182 11859 19812 9394 6021 6744 7257 7298 23992 10018 25201 27996 14852 12108
leaf_count=30514 15443 38065 28943 34101 30182 11859 19812 9394 6021 6744 7257 7298 23992 10018 25201 27996 14852 12108
internal_value=5.4637e-05 -0.00189826 0.00325927 -0.000457138 0.00187728 0.00409755 0.000392129 0.00163849 -0.00542429 0.00693067 -0.00135147 -0.0043886 -0.00512157 0.000100854 0.00227309 0.000320137 -0.00331097 -0.00809407
internal_weight=359800 223562 136238 158700 98980 40802 124599 72660 64862 37258 51939 46733 39435 29830 63266 58178 22109 18129
internal_count=359800 223562 136238 158700 98980 40802 124599 72660 64862 37258 51939 46733 39435 29830 63266 58178 22109 18129
is_linear=0
shrinkage=0.0229654


Tree=93
num_leaves=19
num_cat=0
split_feature=36 36 36 25 1 25 25 26 26 9 15 36 16 36 16 23 13 16
split_gain=5868 1657.33 1130.53 329.455 449.16 316.706 286.666 269.491 242.51 188.669 168.111 152.717 143.645 139.497 138.101 132.077 141.709 128.339
threshold=27016.500000000004 20882.500000000004 33390.500000000007 11.599739583333337 7.5000000000000009 7.0690104166666687 6.0330729166666668 6.4535156250000005 21.610286458333338 -0.5 13.856250000000003 19397.500000000004 0.18750000000000003 38554.500000000007 491.06250000000006 5.3000000000000043 19.231250000000006 306.06250000000006
decision_type=2 2 2 2 2 2 2 2 2 2 2 2 2 2 2 2 2 2
left_child=1 3 7 -1 8 -4 -3 -2 11 -9 15 -5 -12 -7 -6 16 -8 -14
right_child=2 6 5 4 14 13 10 9 -10 -11 12 -13 17 -15 -16 -17 -18 -19
leaf_value=-5.4501051574539146 17.057760629287937 4.4732827504868276 47.723965506831938 -25.280926240361875 -6.3757391711224951 15.093664769666095 -1.4522025386870663 10.028109428068813 2.2015076742305886 1.5199169580440468 -11.117347562702918 -11.845040035265772 -0.077514653674998671 40.225280863861137 -30.741705347928317 -15.84946575784616 7.1399912730856903 -14.121697768465632
leaf_weight=17655 21118 20769 30342 20030 11478 17439 63234 21302 1617 41660 17822 13902 17480 5283 9670 6039 7049 15911
leaf_count=17655 21118 20769 30342 20030 11478 17439 63234 21302 1617 41660 17822 13902 17480 5283 9670 6039 7049 15911
internal_value=5.48923e-05 -0.00224687 0.00379184 -0.00504515 -0.00589821 0.0064165 -0.000843952 0.00213539 -0.00747479 0.0013824 -0.00125141 -0.00788886 -0.00226928 0.00436628 -0.00324804 -0.000568403 -0.000288362 -0.0013807
internal_weight=359800 222656 137144 74352 56697 53064 148304 84080 35549 62962 127535 33932 51213 22722 21148 76322 70283 33391
internal_count=359800 222656 137144 74352 56697 53064 148304 84080 35549 62962 127535 33932 51213 22722 21148 76322 70283 33391
is_linear=0
shrinkage=0.0229654


Tree=94
num_leaves=19
num_cat=0
split_feature=37 37 37 37 37 37 35 37 35 36 36 36 37 35 36 35 37 35
split_gain=9347.91 2427.33 2329.77 361.677 318.538 252.771 243.053 233.19 233.163 232.065 186.886 163.334 168.416 162.427 149.66 140.582 129.465 150.696
threshold=25132.462338645339 19839.233453344215 34574.61961582378 22958.276314281484 37762.658545106264 18720.140559651762 23238.500000000004 29003.814788121697 29383.500000000004 27525.500000000004 23667.500000000004 20030.500000000004 21058.27068631602 24670.500000000004 27525.500000000004 30043.500000000004 32190.447664565985 32229.500000000004
decision_type=2 2 2 2 2 2 2 2 2 2 2 2 2 2 2 2 2 2
left_child=1 5 7 6 -4 -1 11 9 -9 -2 -5 -3 -13 -12 -10 -11 17 -16
right_child=2 3 4 10 -6 -7 -8 8 14 15 13 12 -14 -15 16 -17 -18 -19
leaf_value=-38.504030654617921 6.6775003622381419 -0.35543357770412443 30.031366399374473 1.9653466256773628 83.216443320735806 -14.369628967397293 -19.491206261894845 28.949182381606779 28.286848242058447 1.0788691332311351 -1.4591493771126436 -10.734509817314413 -4.9512962460409806 -10.583202983065998 7.8265164669846579 -17.045751260564586 13.643765904412241 -5.5005403969836619
leaf_weight=23997 47307 12688 25378 24863 17156 22830 13959 12337 2654 26043 23238 17806 32154 12997 15781 2811 18844 6957
leaf_count=23997 47307 12688 25378 24863 17156 22830 13959 12337 2654 26043 23238 17806 32154 12997 15781 2811 18844 6957
internal_value=5.31051e-05 -0.00355448 0.00385137 -0.00201853 0.00852874 -0.00807127 -0.00306962 0.00235253 0.00346939 0.00152292 -0.000700637 -0.00245901 -0.00304995 -0.00175275 0.00269079 -0.000100286 0.00235332 0.00118675
internal_weight=359800 184532 175268 137705 42534 46827 76607 132734 56573 76161 61098 62648 49960 36235 44236 28854 41582 22738
internal_count=359800 184532 175268 137705 42534 46827 76607 132734 56573 76161 61098 62648 49960 36235 44236 28854 41582 22738
is_linear=0
shrinkage=0.0229654


Tree=95
num_leaves=19
num_cat=0
split_feature=25 0 0 16 25 0 5 5 16 5 0 0 0 0 16 0 0 0
split_gain=3948.92 1861.07 1341.13 682.118 621.663 466.888 456.81 386.413 352.747 329.448 300.369 298.833 263.855 252.358 223.2 220.715 180.494 176.564
threshold=9.8677083333333346 15.500000000000002 12.500000000000002 464.18750000000006 4.8096354166666675 43.500000000000007 1.0000000180025095e-35 1.0000000180025095e-35 129.18750000000003 1.0000000180025095e-35 44.500000000000007 21.500000000000004 12.500000000000002 4.5000000000000009 229.81250000000003 26.500000000000004 6.5000000000000009 5.5000000000000009
decision_type=2 2 2 2 2 2 2 2 2 2 2 2 2 2 2 2 2 2
left_child=2 7 16 9 -4 6 8 12 -6 10 14 -11 13 -2 -3 -8 -1 -9
right_child=1 3 4 -5 5 -7 15 17 -10 11 -12 -13 -14 -15 -16 -17 -18 -19
leaf_value=1.5160808459381945 -4.0435071836425713 7.4670136953876938 34.985805646136271 -18.041187144976 27.201262753080414 -2.0997096047787775 -7.1509501084538343 -9.7514274050017917 9.0977049785608664 -19.52359214552547 -4.9215353669854496 -1.2320132544654752 -1.980593883829167 -13.237242420715489 0.031616107792432013 11.388830749391904 -5.7476438998768513 -30.223427713168153
leaf_weight=21828 10796 40288 32776 29190 35585 13456 8869 5507 13485 7849 10346 22975 10004 24300 28346 12738 19133 12329
leaf_count=21828 10796 40288 32776 29190 35585 13456 8869 5507 13485 7849 10346 22975 10004 24300 28346 12738 19133 12329
internal_value=5.6871e-05 -0.00207045 0.0027779 -0.000586882 0.00403082 0.00298556 0.00373204 -0.00534689 0.0049572 0.000242613 0.00102847 -0.00177098 -0.00421525 -0.00515308 0.00157834 0.000949673 -0.000798107 -0.00820837
internal_weight=359800 201930 157870 138994 116909 84133 70677 62936 49070 109804 78980 30824 45100 35096 68634 21607 40961 17836
internal_count=359800 201930 157870 138994 116909 84133 70677 62936 49070 109804 78980 30824 45100 35096 68634 21607 40961 17836
is_linear=0
shrinkage=0.0229654


Tree=96
num_leaves=19
num_cat=0
split_feature=35 35 35 36 5 10 36 15 16 35 36 15 8 24 8 5 30 28
split_gain=5501.96 1631.76 1322.92 452.423 384.959 279.043 185.071 202.053 181.572 177.036 165.687 169.7 160.955 151.826 126.9 154.328 123.622 123.056
threshold=27052.500000000004 20345.500000000004 36136.000000000007 19658.000000000004 1.0000000180025095e-35 0.6830127018922193 36288.500000000007 17.206250000000008 148.56250000000003 39170.500000000007 32819.500000000007 15.231250000000003 0.32075123873380501 2.2750000000000021 -0.32075123873380501 1.0000000180025095e-35 258.41875000000005 -0.57500000000000007
decision_type=2 2 2 2 2 2 2 2 2 2 2 2 2 2 2 2 2 2
left_child=1 3 5 8 10 6 7 14 -1 -4 11 -3 -6 -7 15 17 -5 -2
right_child=2 4 9 16 12 13 -8 -9 -10 -11 -12 -13 -14 -15 -16 -17 -18 -19
leaf_value=-22.255285726645937 15.644492940548874 0.55198568611675314 31.859973090158487 -13.520555787891187 -14.288853529538498 19.788057998792507 24.880513344533764 -2.9814766353664219 -25.653643484859295 87.331425779970829 39.202334274852156 -6.1212284868733429 -2.7190868784913627 0.75871022437745217 7.5641383148985177 -8.9068618831492543 -5.5058673312213191 0.39744812272463642
leaf_weight=23220 6282 79023 19520 14897 25856 29824 4632 16655 6972 11096 1792 32345 23552 4448 29288 5355 16455 8588
leaf_count=23220 6282 79023 19520 14897 25856 29824 4632 16655 6972 11096 1792 32345 23552 4448 29288 5355 16455 8588
internal_value=5.32966e-05 -0.00215644 0.00370306 -0.00534133 -0.000950723 0.002479 0.00165559 0.00134492 -0.00734784 0.00790392 -0.000212282 -0.000323753 -0.00264199 0.00418004 0.00208095 0.000681865 -0.00340907 0.00188573
internal_weight=359800 224112 135688 61544 162568 105072 70800 66168 30192 30616 113160 111368 49408 34272 49513 20225 31352 14870
internal_count=359800 224112 135688 61544 162568 105072 70800 66168 30192 30616 113160 111368 49408 34272 49513 20225 31352 14870
is_linear=0
shrinkage=0.0229654


Tree=97
num_leaves=19
num_cat=0
split_feature=35 35 35 3 0 3 30 26 35 35 0 3 3 16 3 26 26 3
split_gain=5297.11 1579.51 1309.32 405.859 397.356 374.378 237.531 233.546 205.096 195.003 186.024 182.963 168.024 166.957 154.453 133.228 146.479 136.29
threshold=25717.500000000004 35950.500000000007 19903.500000000004 2.5000000000000004 14.500000000000002 4.5000000000000009 489.68125000000003 6.0933593750000012 31263.500000000004 39170.500000000007 31.500000000000004 5.5000000000000009 5.5000000000000009 545.81250000000011 4.5000000000000009 20.899348958333338 7.3951822916666679 1.5000000000000002
decision_type=2 2 2 2 2 2 2 2 2 2 2 2 2 2 2 2 2 2
left_child=2 3 4 8 6 15 -1 -5 -2 -3 -7 -12 14 -6 -9 16 -4 -18
right_child=1 9 5 7 13 10 -8 12 -10 -11 11 -13 -14 -15 -16 -17 17 -19
leaf_value=-19.966609310676851 8.0796774988718365 30.309946571254056 3.4682247858500737 11.030437315327436 -6.9048874904499957 -11.606171588887458 -9.8980390671011165 1.4999711555930599 22.07812140848684 85.325823874489004 -9.8509106701492009 3.6275869629617952 10.462946235266969 -35.409207278801226 -6.8342891600969171 7.1670502590597547 0.11724052069943358 -4.3153527745611102
leaf_weight=25371 36544 20928 15651 18969 12139 31792 7197 33625 17896 11096 5584 8144 9739 6725 15059 3980 30577 48784
leaf_count=25371 36544 20928 15651 18969 12139 31792 7197 33625 17896 11096 5584 8144 9739 6725 15059 3980 30577 48784
internal_value=5.62965e-05 0.00310348 -0.00249187 0.00199218 -0.00563865 -0.00137193 -0.00717493 0.000923459 0.00351146 0.00767832 -0.00309569 -0.000861537 0.000204603 -0.00298633 -0.000346245 -0.000579285 -0.00075172 -0.00115216
internal_weight=359800 163856 195944 131832 51432 144512 32568 77392 54440 32024 45520 13728 58423 18864 48684 98992 95012 79361
internal_count=359800 163856 195944 131832 51432 144512 32568 77392 54440 32024 45520 13728 58423 18864 48684 98992 95012 79361
is_linear=0
shrinkage=0.0229654


Tree=98
num_leaves=19
num_cat=0
split_feature=36 36 36 25 25 0 25 8 26 12 0 0 36 23 13 0 15 22
split_gain=4996.28 1654.67 855.373 366.928 321.392 410.562 290.868 239.83 228.237 208.954 175.456 179.912 174.131 170.525 175.807 162.79 160.998 140.062
threshold=28145.500000000004 20882.500000000004 36686.500000000007 4.5252604166666677 11.599739583333337 17.500000000000004 6.1039062500000014 0.82968937203783688 21.610286458333338 11.093750000000004 12.500000000000002 47.500000000000007 19397.500000000004 4.5875000000000021 19.231250000000006 6.5000000000000009 11.531250000000004 16.346354166666675
decision_type=2 2 2 2 2 2 2 2 2 2 2 2 2 2 2 2 2 2
left_child=1 4 3 -2 -1 8 -3 16 12 -4 15 13 -6 14 17 -8 -5 -12
right_child=2 6 9 7 5 -7 10 -9 -10 -11 11 -13 -14 -15 -16 -17 -18 -19
leaf_value=-4.5910085308805249 28.105655154768474 4.9018627318968306 47.530931108098258 13.768021563665544 -22.832816970280273 -14.55799019855947 -2.4811868113194961 -6.0385770674875001 2.6603552208281207 -0.070370319005776324 0.53613312533956548 -9.6735084703778043 -10.541406073112759 -11.147026932609993 6.922844783970926 -10.249945959012905 6.9784174069774094 -4.8463503939729549
leaf_weight=17655 16098 24695 24611 23177 20440 20412 18848 5739 1641 1765 65078 4531 14204 13992 9570 11933 44618 20793
leaf_count=17655 16098 24695 24611 23177 20440 20412 18848 5739 1641 1765 65078 4531 14204 13992 9570 11933 44618 20793
internal_value=5.49561e-05 -0.00181186 0.00397809 0.00290834 -0.00466801 -0.00551057 -0.000558548 0.00222084 -0.00697633 0.00761334 -0.00095157 -0.000536029 -0.00737274 -0.000350358 -3.24843e-06 -0.00249008 0.00260243 -0.000332295
internal_weight=359800 243792 116008 89632 74352 56697 169440 73534 36285 26376 144745 113964 34644 109433 95441 30781 67795 85871
internal_count=359800 243792 116008 89632 74352 56697 169440 73534 36285 26376 144745 113964 34644 109433 95441 30781 67795 85871
is_linear=0
shrinkage=0.0229654


Tree=99
num_leaves=19
num_cat=0
split_feature=37 37 37 37 37 37 35 35 37 35 37 35 37 35 35 37 0 0
split_gain=8127.07 2691.97 1720.15 393.146 383.125 227.037 198.579 193.246 188.076 205.885 152.868 159.87 144.844 119.445 112.683 104.801 99.235 99.0984
threshold=23883.616476499952 34574.61961582378 19574.565316963995 37762.658545106264 26074.985478570168 18490.590301764427 25960.500000000004 25310.500000000004 21058.27068631602 24266.500000000004 28694.380984603627 33243.500000000007 32499.598480193104 21865.500000000004 30623.000000000004 32338.954424611878 47.500000000000007 19.500000000000004
decision_type=2 2 2 2 2 2 2 2 2 2 2 2 2 2 2 2 2 2
left_child=2 4 5 -3 7 -1 -6 -2 13 16 14 12 -12 -4 -8 -13 -10 -7
right_child=1 3 8 -5 6 17 10 -9 9 -11 11 15 -14 -15 -16 -17 -18 -19
leaf_value=-40.285641551206581 3.2051917521803803 26.808284223811132 -6.534126066743573 76.850489575261179 17.37097477330428 -13.857643733885048 3.2795658701986916 -3.6070857437954822 -2.6477656735583719 -15.646409318430594 9.6010038602929217 -7.6398660331254451 26.249609096896943 -22.294304331144875 -13.15788264281867 6.725713971430034 -8.8555783175072111 -17.938741955164694
leaf_weight=19808 33592 25378 27089 17156 14361 16478 35406 24470 56483 13524 34888 4158 7702 7016 2826 10769 3832 4864
leaf_count=19808 33592 25378 27089 17156 14361 16478 35406 24470 56483 13524 34888 4158 7702 7016 2826 10769 3832 4864
internal_value=5.2403e-05 0.00295577 -0.00405076 0.00811732 0.00165032 -0.00804599 0.00244629 0.00014081 -0.00252772 -0.00187623 0.00206859 0.00281672 0.00353351 -0.00393823 0.000943076 0.000771565 -0.001302 -0.0064026
internal_weight=359800 210706 149094 42534 168172 41150 110110 58062 107944 73839 95749 57517 42590 34105 38232 14927 60315 21342
internal_count=359800 210706 149094 42534 168172 41150 110110 58062 107944 73839 95749 57517 42590 34105 38232 14927 60315 21342
is_linear=0
shrinkage=0.0229654


Tree=100
num_leaves=19
num_cat=0
split_feature=37 37 37 37 37 37 36 35 36 37 35 36 37 35 37 36 35 35
split_gain=7857.11 2626.24 1692.88 424.038 329.647 246.427 236.246 217.424 207.411 189.367 196.94 188.429 182.042 168.495 156.975 142.376 138.041 125.462
threshold=23883.616476499952 35034.858621994994 19298.943765421787 28146.982781622504 37762.658545106264 20945.983629100101 22734.500000000004 27635.500000000004 27525.500000000004 25946.294400098846 23175.500000000004 27525.500000000004 31742.305191497588 32229.500000000004 18490.590301764427 19397.500000000004 33403.500000000007 25425.500000000004
decision_type=2 2 2 2 2 2 2 2 2 2 2 2 2 2 2 2 2 2
left_child=2 3 14 8 -3 15 17 -5 9 10 -2 -9 13 -13 -1 -4 -14 -7
right_child=1 4 5 7 -6 6 -8 11 -10 -11 -12 12 16 -15 -16 -17 -18 -19
leaf_value=-39.360465318973489 10.808110921269851 27.572277853748993 -3.5231891165624427 31.755274110388779 75.085586655690307 -0.83397929706903995 -9.2695619392380184 19.557032373846937 -3.4606451960698457 7.8130701480163554 -0.45027146620009445 5.1780403331093368 19.659851057529295 -9.3573390641500271 -14.604994514293731 -10.997470131435874 6.5131091495349187 -18.065265957092837
leaf_weight=19808 8213 21134 9017 8457 17156 38575 34996 6700 22648 26485 41494 25028 13500 5425 15665 27924 14466 3109
leaf_count=19808 8213 21134 9017 8457 17156 38575 34996 6700 22648 26485 41494 25028 13500 5425 15665 27924 14466 3109
internal_value=4.99137e-05 0.00290465 -0.00398453 0.00169641 0.00834528 -0.00261719 -0.00187485 0.00301644 0.000713777 0.00128734 0.00045162 0.00256654 0.00214818 0.000919657 -0.00836415 -0.00415809 0.00348595 -0.000706857
internal_weight=359800 210706 149094 172416 38290 113621 76680 73576 98840 76192 49707 65119 58419 30453 35473 36941 27966 41684
internal_count=359800 210706 149094 172416 38290 113621 76680 73576 98840 76192 49707 65119 58419 30453 35473 36941 27966 41684
is_linear=0
shrinkage=0.0229654


Tree=101
num_leaves=19
num_cat=0
split_feature=36 36 36 26 25 1 25 13 19 8 36 16 22 16 1 16 1 1
split_gain=4458.19 1494.82 796.568 325.646 313.763 372.33 263.621 215.239 195.474 191.66 180.247 165.9 165.37 162.668 154.388 205.752 220.692 158.98
threshold=28145.500000000004 20882.500000000004 36288.500000000007 6.4535156250000005 11.599739583333337 8.5000000000000018 6.1039062500000014 17.981250000000006 4.7312500000000011 0.82968937203783688 18620.500000000004 482.06250000000006 2.863932291666667 137.56250000000003 5.5000000000000009 486.56250000000006 22.500000000000004 2.5000000000000004
decision_type=2 2 2 2 2 2 2 2 2 2 2 2 2 2 2 2 2 2
left_child=1 4 3 12 -1 7 -3 10 -4 13 -6 -7 -2 -5 17 16 -16 -8
right_child=2 6 8 9 5 11 14 -9 -10 -11 -12 -13 -14 -15 15 -17 -18 -19
leaf_value=-4.1143318269800071 47.711974001061655 4.653362094532782 3.6584494760203192 9.6614557579720088 -27.44635294064819 -2.2236573026673638 -2.1873432539825526 0.3096804884587715 43.230320915569301 -7.0123459130814476 -11.446047525895445 -26.688974249200026 17.202235421262362 0.9109268792596128 0.61768263239642585 -12.679435256006119 -6.8262646915415388 -9.7519458452436183
leaf_weight=17655 4492 24695 2589 36634 12712 9686 18827 2319 26555 4596 21974 10006 24043 17099 88597 15803 9564 11954
leaf_count=17655 4492 24695 2589 36634 12712 9686 18827 2319 26555 4596 21974 10006 24043 17099 88597 15803 9564 11954
internal_value=4.7935e-05 -0.00171549 0.00375379 0.0026515 -0.00443018 -0.00526268 -0.000524258 -0.00662028 0.00703918 0.001668 -0.00707316 -0.00271149 0.00466189 0.00205301 -0.000898419 -0.000508623 -0.000117095 -0.0023416
internal_weight=359800 243792 116008 86864 74352 56697 169440 37005 29144 58329 34686 19692 28535 53733 144745 113964 98161 30781
internal_count=359800 243792 116008 86864 74352 56697 169440 37005 29144 58329 34686 19692 28535 53733 144745 113964 98161 30781
is_linear=0
shrinkage=0.0229654


Tree=102
num_leaves=19
num_cat=0
split_feature=37 37 37 37 37 35 37 36 36 37 35 36 37 37 35 36 35 35
split_gain=7344.91 2550.51 1621.31 423.397 325.509 212.184 210.806 220.533 198.138 191.55 195.527 183.646 184.512 173.437 160.162 150.261 141.325 126.78
threshold=23785.09947273909 35190.496756701024 19298.943765421787 28146.982781622504 37983.0710143713 27635.500000000004 21058.27068631602 22734.500000000004 27525.500000000004 25946.294400098846 23175.500000000004 27525.500000000004 31742.305191497588 18490.590301764427 32229.500000000004 21873.500000000004 33403.500000000007 25717.500000000004
decision_type=2 2 2 2 2 2 2 2 2 2 2 2 2 2 2 2 2 2
left_child=2 3 13 8 -3 -5 15 17 9 10 -2 -7 14 -1 -13 -4 -14 -8
right_child=1 4 6 5 -6 11 7 -9 -10 -11 -12 12 16 -15 -16 -17 -18 -19
leaf_value=-37.931294143874283 10.121757041691609 27.595840241412208 -6.368670293760097 30.858329697150459 75.723149121075977 19.139008464574893 -0.72370534384146423 -9.1094064502586019 -3.5162873420078733 7.6110397021503111 -0.56843560627442524 4.863181794675576 19.191228609278557 -13.902916504178757 -9.2140163980922019 -23.310879078252189 6.5388794282005325 -19.785044789051764
leaf_weight=19808 9045 21116 32270 8478 15715 6714 36250 32491 22768 26485 43314 25028 13797 15665 5425 7512 15593 2326
leaf_count=19808 9045 21116 32270 8478 15715 6714 36250 32491 22768 26485 43314 25028 13797 15665 5425 7512 15593 2326
internal_value=5.44455e-05 0.00277098 -0.00390887 0.00162477 0.00826838 0.00293315 -0.00254134 -0.00179204 0.000658595 0.00120355 0.000398481 0.00249729 0.00209322 -0.00818223 0.000840474 -0.00387991 0.00339129 -0.000617951
internal_weight=359800 213478 146322 176647 36831 75035 110849 71067 101612 78844 52359 66557 59843 35473 30453 39782 29390 38576
internal_count=359800 213478 146322 176647 36831 75035 110849 71067 101612 78844 52359 66557 59843 35473 30453 39782 29390 38576
is_linear=0
shrinkage=0.0229654


Tree=103
num_leaves=19
num_cat=0
split_feature=37 37 37 37 37 37 35 37 35 35 35 15 35 37 15 1 35 37
split_gain=7109.87 2260.86 1845.74 335.016 300.445 250.435 232.871 227.303 200.048 189.065 155.642 151.207 126.508 135.01 93.9407 82.6775 81.8818 80.4077
threshold=24463.435101368646 35190.496756701024 19574.565316963995 37983.0710143713 28899.443628317462 18490.590301764427 29383.500000000004 21915.138123433535 22711.500000000004 25373.500000000004 30149.500000000004 11.168750000000003 23929.500000000004 25765.757237587812 12.231250000000003 7.5000000000000009 23117.500000000004 32338.954424611878
decision_type=2 2 2 2 2 2 2 2 2 2 2 2 2 2 2 2 2 2
left_child=2 4 5 -3 10 -1 -6 8 14 16 12 -8 -2 -14 -4 -7 -9 -13
right_child=1 3 7 -5 6 15 11 9 -10 -11 -12 17 13 -15 -16 -17 -18 -19
leaf_value=-37.060186462614027 11.561384240451828 26.962090485499736 -2.9288556835706632 73.984136036038905 25.44506095856535 -12.485099058436958 12.389344840775033 0.13623670250079997 -21.990669479714892 -15.33395558134708 -10.959668629124501 1.1245035441694555 -1.113081679151356 4.1065925222468973 -10.872550443861824 -16.986427934154541 -4.2767668254530937 10.164602443143099
leaf_weight=19808 11122 21116 27390 15715 13465 15825 17907 33098 8522 8810 5196 17335 25912 50970 19504 5517 27631 14957
leaf_count=19808 11122 21116 27390 15715 13465 15825 17907 33098 8522 8810 5196 17335 25912 50970 19504 5517 27631 14957
internal_value=5.48923e-05 0.00304445 -0.00343123 0.00816488 0.00184219 -0.00764974 0.00305825 -0.00204199 -0.00313922 -0.00116761 0.00101151 0.0023389 0.00123955 0.000908377 -0.002551 -0.00592375 -0.000711512 0.00140031
internal_weight=359800 193695 166105 36831 156864 41150 63664 124955 55416 69539 93200 50199 88004 76882 46894 21342 60729 32292
internal_count=359800 193695 166105 36831 156864 41150 63664 124955 55416 69539 93200 50199 88004 76882 46894 21342 60729 32292
is_linear=0
shrinkage=0.0229654


Tree=104
num_leaves=19
num_cat=0
split_feature=25 7 7 7 8 8 10 16 16 16 26 10 6 10 15 22 29 15
split_gain=3016.51 1075.38 1063.31 536.151 473.256 457.964 332.824 319.26 283.153 300.503 276.26 264.323 228.494 196.48 187.587 173.72 160.122 152.096
threshold=9.0122395833333364 0.75023006073889154 -0.70710678118654735 -0.79335334029123528 1.0000000180025095e-35 -0.19467261866128607 0.25000000000000017 540.56250000000011 1.0000000180025095e-35 256.43750000000006 18.853515625000004 -0.24999999999999994 1.0000000180025095e-35 -0.5 11.831250000000002 12.726909722222224 519.19375000000014 11.981250000000003
decision_type=2 2 2 2 2 2 2 2 2 2 2 2 2 2 2 2 2 2
left_child=2 3 6 11 13 12 -1 8 10 -10 17 -2 16 -3 -7 -6 -4 -5
right_child=1 4 5 7 15 14 -8 -9 9 -11 -12 -13 -14 -15 -16 -17 -18 -19
leaf_value=10.157097822579731 0.6735710046468989 -11.247605071785703 12.645699931562907 -2.8936714303435749 -9.357865152330282 3.2397734556268381 38.784755041669449 -24.015837725064408 3.9567693638791632 -7.3865309748087933 4.2619804695996235 13.121703448145364 -39.687682600161494 -0.084817214662956664 -3.3407417154640635 -17.174243393924435 31.564468177349749 -11.678972098844692
leaf_weight=12553 29314 13275 26329 21039 11741 30182 24705 15021 34389 31675 4840 14523 928 12325 27996 17042 13545 18378
leaf_count=12553 29314 13275 26329 21039 11741 30182 24705 15021 34389 31675 4840 14523 928 12325 27996 17042 13545 18378
internal_value=5.66795e-05 -0.00158484 0.00275036 -0.000681785 -0.00439414 0.00150558 0.00605725 -0.00144635 -0.00101867 -6.63961e-05 -0.00244018 0.00150433 0.00337091 -0.00212251 0.000197372 -0.00641456 0.00363309 -0.00307598
internal_weight=359800 223562 136238 169179 54383 98980 37258 125342 110321 66064 44257 43837 40802 25600 58178 28783 39874 39417
internal_count=359800 223562 136238 169179 54383 98980 37258 125342 110321 66064 44257 43837 40802 25600 58178 28783 39874 39417
is_linear=0
shrinkage=0.0229654


Tree=105
num_leaves=19
num_cat=0
split_feature=37 37 37 37 37 37 36 36 37 36 3 37 36 0 37 15 36 36
split_gain=6707.59 2427.14 1559.6 380.11 349.582 236.112 223.062 206.082 230.983 178.128 166.792 136.536 135.148 134.928 97.3317 94.555 87.2753 82.7137
threshold=23785.09947273909 35034.858621994994 19091.612530663104 37983.0710143713 26202.290285372062 20945.983629100101 22973.500000000004 26466.500000000004 30396.612590994228 26730.500000000004 1.0000000180025095e-35 18031.999696501833 19397.500000000004 17.500000000000004 29110.947298392126 10.356250000000003 29272.500000000004 22616.000000000004
decision_type=2 2 2 2 2 2 2 2 2 2 2 2 2 2 2 2 2 2
left_child=2 4 11 -3 9 12 -7 14 16 -2 -10 -1 -4 -13 -6 -12 -9 -14
right_child=1 3 5 -5 7 6 -8 8 10 -11 15 13 17 -15 -16 -17 -18 -19
leaf_value=-44.723781518437299 1.700143156072623 25.314936401782525 -3.5188938078493353 71.530986900904068 11.077214661343604 -1.6997783079605286 -9.3629120088196309 3.9613880778758479 34.074284023807451 -7.2020820151290437 13.300154574627321 -16.534928195031046 -8.6250481954768272 -18.677211645796152 44.06829752849886 6.1279454298067657 -1.2266050751086737 -29.909194587865883
leaf_weight=12749 52069 22575 11169 15715 16291 44214 29694 30980 6813 11592 11513 13731 26218 4690 1945 24871 19114 3857
leaf_count=12749 52069 22575 11169 15715 16291 44214 29694 30980 6813 11592 11513 13731 26218 4690 1945 24871 19114 3857
internal_value=5.43817e-05 0.00265038 -0.00373308 0.00788825 0.00150557 -0.00249953 -0.00172269 0.00228064 0.00184418 0.000147725 0.00307476 -0.00829024 -0.0038916 -0.00702576 0.00451349 0.00245724 0.000783026 -0.00469273
internal_weight=359800 213478 146322 38290 175188 115152 73908 111527 93291 63661 43197 31170 41244 18421 18236 36384 50094 30075
internal_count=359800 213478 146322 38290 175188 115152 73908 111527 93291 63661 43197 31170 41244 18421 18236 36384 50094 30075
is_linear=0
shrinkage=0.0229654


Tree=106
num_leaves=19
num_cat=0
split_feature=10 1 1 16 19 29 31 3 8 1 3 3 8 3 1 15 8 28
split_gain=2669.35 1159.96 1058.99 549.721 478.874 423.505 340.373 289.892 270.824 232.41 245.041 214.11 212.264 209.338 263.288 195.602 195.039 181.403
threshold=0.25000000000000017 7.5000000000000009 7.5000000000000009 486.56250000000006 8.2062500000000025 172.30625000000006 168.88125000000005 3.5000000000000004 0.82968937203783688 22.500000000000004 3.5000000000000004 5.5000000000000009 0.89495246814786289 4.5000000000000009 5.5000000000000009 9.2562500000000032 0.82968937203783688 0.5631171218487393
decision_type=2 2 2 2 2 2 2 2 2 2 2 2 2 2 2 2 2 2
left_child=2 11 5 9 7 6 12 16 -6 10 -4 17 13 14 -1 -7 -3 -2
right_child=1 4 3 -5 8 15 -8 -9 -10 -11 -12 -13 -14 -15 -16 -17 -18 -19
leaf_value=-12.741948308647686 3.3828305148475946 19.721711120188456 4.289393102280183 -15.797099939622298 35.523454123731867 1.4492456425286071 -1.8239854846918919 1.3659526642708808 5.6211333078592061 -6.134356598281502 -2.1450806211230189 -12.003576963101702 -4.20251347030859 -27.282226059047321 -3.5261789323099042 -8.0003194656229955 -1.5505861507822285 -5.4789373245839732
leaf_weight=14765 26509 24675 62758 28127 36055 11288 8673 20246 7703 9200 47115 6432 7068 9407 6578 15781 3993 13427
leaf_count=14765 26509 24675 62758 28127 36055 11288 8673 20246 7703 9200 47115 6432 7068 9407 6578 15781 3993 13427
internal_value=5.19562e-05 0.00254446 -0.00151788 -0.00039347 0.00402821 -0.00376794 -0.00509758 0.00246678 0.00577363 0.000288627 0.000582219 -0.000420993 -0.00603861 -0.00686348 -0.00560551 -0.00148428 0.00395254 0.000205295
internal_weight=359800 139040 220760 147200 92672 73560 46491 48914 43758 119073 109873 46368 37818 30750 21343 27069 28668 39936
internal_count=359800 139040 220760 147200 92672 73560 46491 48914 43758 119073 109873 46368 37818 30750 21343 27069 28668 39936
is_linear=0
shrinkage=0.0229654


Tree=107
num_leaves=19
num_cat=0
split_feature=37 37 37 37 37 37 36 36 36 37 36 36 7 37 36 36 37 36
split_gain=6333.59 2362.58 1544.96 356.074 353.16 275.077 219.547 207.842 182.501 195.831 112.164 111.565 106.567 100.579 103.343 95.3376 90.0837 84.768
threshold=23785.09947273909 35349.906436027122 18870.792390379229 28694.380984603627 37983.0710143713 20713.858809328627 22734.500000000004 27525.500000000004 27525.500000000004 25946.294400098846 24337.500000000004 21757.500000000004 0.65793410509763428 32338.954424611878 30043.500000000004 25319.500000000004 21568.319413839254 34058.500000000007
decision_type=2 2 2 2 2 2 2 2 2 2 2 2 2 2 2 2 2 2
left_child=2 3 12 8 -3 11 -7 -5 9 10 -2 -4 -1 14 -9 -11 -8 -15
right_child=1 4 5 7 -6 6 16 13 -10 15 -12 -13 -14 17 -16 -17 -18 -19
leaf_value=-34.526989292040568 3.8430280220461239 25.170697918650994 -6.9347817472308986 26.059841710224269 69.133320448493322 -1.6413084832564393 -20.049037384504089 9.8605460558649067 -2.4341034666798929 13.252860330816905 -1.3619772122190255 -24.488115606591773 -26.714318115611487 16.477428335831771 2.5290543608871157 4.5457083329034571 -7.4821839539925454 8.6168550899744005
leaf_weight=10306 23537 19698 34029 5268 15715 45666 4287 13822 28406 10155 28822 5873 16568 13643 22319 19245 29593 12848
leaf_count=10306 23537 19698 34029 5268 15715 45666 4287 13822 28406 10155 28822 5873 16568 13643 22319 19245 29593 12848
internal_value=5.43179e-05 0.00257691 -0.00362604 0.00149949 0.00799441 -0.00250672 -0.00172617 0.0028076 0.000693246 0.00124421 0.00040199 -0.00406277 -0.00860113 0.0024391 0.00165119 0.00274413 -0.0031269 0.00351403
internal_weight=359800 213478 146322 178065 35413 119448 79546 67900 110165 81759 52359 39902 26874 62632 36141 29400 33880 26491
internal_count=359800 213478 146322 178065 35413 119448 79546 67900 110165 81759 52359 39902 26874 62632 36141 29400 33880 26491
is_linear=0
shrinkage=0.0229654


Tree=108
num_leaves=19
num_cat=0
split_feature=35 35 35 3 3 0 25 30 7 3 14 10 24 3 25 16 3 35
split_gain=3624.81 1384.1 942.582 361.375 296.295 291.259 242.8 212.631 203.797 205.75 162.787 151.56 163.63 139.665 134.176 132.753 130.212 125.18
threshold=28525.500000000004 19903.500000000004 37664.500000000007 2.5000000000000004 1.0000000180025095e-35 14.500000000000002 7.8080729166666663 480.05000000000001 0.75023006073889154 4.5000000000000009 63.812500000000007 0.6830127018922193 3.3499999999999996 3.5000000000000004 5.8164062500000009 482.06250000000006 4.5000000000000009 18313.500000000004
decision_type=2 2 2 2 2 2 2 2 2 2 2 2 2 2 2 2 2 2
left_child=1 5 4 -3 -2 7 -5 16 15 -10 -7 13 -13 -6 -4 -8 17 -1
right_child=2 3 14 6 11 10 8 -9 9 -11 -12 12 -14 -15 -16 -17 -18 -19
leaf_value=-19.127172498569792 33.068928125052707 1.50843677373883 63.34037351696383 1.4899649795429317 7.5866428668970007 -23.430418639443115 -2.353216621765037 -7.5771584481248162 -3.3463814860090824 -15.272276980384392 -0.95566481940102899 15.097078461773282 -8.1381801846225734 -0.42139868513233247 30.743240061590292 -16.085466945547164 -30.791668882013386 -7.123983820629296
leaf_weight=7473 9568 80712 12204 24683 27928 10361 62065 7361 11093 9623 8503 28734 2610 20528 7204 11416 7031 10703
leaf_count=7473 9568 80712 12204 24683 27928 10361 62065 7361 11093 9623 8503 28734 2610 20528 7204 11416 7031 10703
internal_value=5.78922e-05 -0.00145949 0.00355958 -0.000593834 0.00256333 -0.00481884 -0.00139902 -0.00613412 -0.0019303 -0.00394212 -0.00254806 0.00210545 0.00334985 0.0013005 0.00814699 -0.00136312 -0.00713689 -0.00611029
internal_weight=359800 251024 108776 199592 89368 51432 118880 32568 94197 20716 18864 79800 31344 48456 19408 73481 25207 18176
internal_count=359800 251024 108776 199592 89368 51432 118880 32568 94197 20716 18864 79800 31344 48456 19408 73481 25207 18176
is_linear=0
shrinkage=0.0229654


Tree=109
num_leaves=19
num_cat=0
split_feature=37 37 37 37 37 37 35 35 35 37 35 37 35 35 37 35 13 0
split_gain=5978.62 2147.74 1664.44 453.732 216.087 214.757 201.969 186.337 183.918 185.444 162.711 153.713 152.636 145.726 135.737 126.641 90.1502 89.9906
threshold=24265.547663062582 36939.885737871497 19298.943765421787 30782.29218465649 18412.762110205986 21227.09264132009 25373.500000000004 31136.500000000004 31795.000000000004 33943.756258948641 22711.500000000004 26074.985478570168 25151.500000000004 23980.500000000004 38473.853897399989 35774.500000000007 22.431250000000006 47.500000000000007
decision_type=2 2 2 2 2 2 2 2 2 2 2 2 2 2 2 2 2 2
left_child=2 3 4 7 -1 10 17 11 -5 -10 -4 13 -13 -2 -3 -11 -14 -7
right_child=1 14 5 8 -6 6 -8 -9 9 15 -12 12 16 -15 -16 -17 -18 -19
leaf_value=-34.979249367954232 7.287303792071647 29.949670997485065 -5.7770896541853451 25.549195267731982 -12.1176799045262 -1.8648078040374976 -18.05061613943699 -7.7537105384344418 3.8264863114860002 21.311048221583569 -25.393390842527555 17.639652058268602 3.94090389296696 -1.0449353062048943 74.412499590073324 7.5273025350334235 13.298490656741187 -7.6266652151140972
leaf_weight=18472 10957 9957 38938 14899 17001 68745 7896 8499 17507 12230 5095 7895 56776 35465 12842 10476 1952 4198
leaf_count=18472 10957 9957 38938 14899 17001 68745 7896 8499 17507 12230 5095 7895 56776 35465 12842 10476 1952 4198
internal_value=5.32966e-05 0.00270759 -0.00324841 0.00185147 -0.00763841 -0.00200133 -0.00129843 0.00106774 0.00357991 0.00277238 -0.00329176 0.0013143 0.00202119 0.000299794 0.00934119 0.00414178 0.00161815 -0.000920751
internal_weight=359800 199455 160345 176656 35473 124872 80839 121544 55112 40213 44033 113045 66623 46422 22799 22706 58728 72943
internal_count=359800 199455 160345 176656 35473 124872 80839 121544 55112 40213 44033 113045 66623 46422 22799 22706 58728 72943
is_linear=0
shrinkage=0.0229654


Tree=110
num_leaves=19
num_cat=0
split_feature=36 36 36 25 25 0 15 3 8 16 3 19 13 36 16 29 15 0
split_gain=3303.82 1116.88 741.968 336.109 247.182 310.04 234.77 211.913 199.929 198.057 260.439 183.353 181.408 145.107 135.697 126.999 111.152 98.3229
threshold=28145.500000000004 20650.500000000004 37273.500000000007 4.7164062500000012 11.725781250000002 17.500000000000004 11.981250000000003 5.5000000000000009 0.82968937203783688 135.56250000000003 1.0000000180025095e-35 4.1812500000000012 16.706250000000008 24051.500000000004 446.68750000000006 673.3687500000002 9.1812500000000039 4.5000000000000009
decision_type=2 2 2 2 2 2 2 2 2 2 2 2 2 2 2 2 2 2
left_child=1 4 3 -2 -1 7 15 12 9 10 -5 -4 17 -8 -7 -3 -12 -6
right_child=2 6 11 8 5 14 13 -9 -10 -11 16 -13 -14 -15 -16 -17 -18 -19
leaf_value=-3.2628844021575234 22.52045943015732 0.51211131084692951 -6.2923657417707002 29.094450136117914 -4.699049208137918 -0.45694507459737016 -7.536932545961446 -28.658676823353812 -6.567648317508751 0.46117869555596425 12.180540123739569 39.001279039392308 0.13228471113791385 -1.4152268969519555 -21.989676796157141 20.352071437926242 5.1121141860841401 -12.480809752837141
leaf_weight=16157 18752 81911 1228 7615 3962 8132 41500 7030 5578 20688 8007 21004 3139 49887 10557 1790 33136 19727
leaf_count=16157 18752 81911 1228 7615 3962 8132 41500 7030 5578 20688 8007 21004 3139 49887 10557 1790 33136 19727
internal_value=5.48285e-05 -0.00146322 0.00324503 0.00235076 -0.00394467 -0.00470851 -0.000489508 -0.00601911 0.00166339 0.00199938 0.00279826 0.00701709 -0.00508906 -0.00129431 -0.00233414 0.0003892 0.00207617 -0.00577649
internal_weight=359800 243792 116008 93776 68704 52547 175088 33858 75024 69446 48758 22232 26828 91387 18689 83701 41143 23689
internal_count=359800 243792 116008 93776 68704 52547 175088 33858 75024 69446 48758 22232 26828 91387 18689 83701 41143 23689
is_linear=0
shrinkage=0.0229654


Tree=111
num_leaves=19
num_cat=0
split_feature=37 37 37 37 37 35 37 35 15 35 37 35 35 35 0 37 0 26
split_gain=5661.8 2290.37 1418.3 389.124 322.317 228.887 220.738 236.729 153.976 153.582 160.008 146.101 101.643 101.606 95.7301 98.6974 90.593 79.3945
threshold=23478.941376416547 35846.50295650318 18797.470132382845 28694.380984603627 38216.250375972268 28119.500000000004 20296.943862366232 23300.500000000004 14.831250000000004 23117.500000000004 25527.6415586732 30623.000000000004 26028.500000000004 26282.500000000004 17.500000000000004 17796.853298326216 47.500000000000007 20.375130208333339
decision_type=2 2 2 2 2 2 2 2 2 2 2 2 2 2 2 2 2 2
left_child=2 3 14 9 -3 -5 -4 16 -7 -2 13 12 -12 17 -1 -16 -8 -11
right_child=1 4 6 5 -6 8 7 -9 -10 10 11 -13 -14 -15 15 -17 -18 -19
leaf_value=-24.895404162078744 7.9781150703519623 24.418463936809452 -8.8648294422517058 31.685711802448346 67.521947232017737 10.114149946549409 -2.1220017704035978 -12.567357705263007 3.2561056470765881 -1.1165403173298409 7.5443153513023375 -13.917191255253796 1.728556189584781 -9.3573552970699083 -52.221966903166049 -20.63839623149596 -7.7409276234196014 9.6723073167754663
leaf_weight=16989 14681 16970 31365 7851 14287 39129 57524 19842 25076 34111 15931 3143 40190 8971 4274 4169 3676 1621
leaf_count=16989 14681 16970 31365 7851 14287 39129 57524 19842 25076 34111 15931 3143 40190 8971 4274 4169 3676 1621
internal_value=5.502e-05 0.00232524 -0.0036007 0.00138079 0.00808752 0.00271196 -0.00249263 -0.00185952 0.00225934 0.000572354 0.000261867 0.00104434 0.00131419 -0.00077548 -0.00849825 -0.00649957 -0.00115277 -0.000226878
internal_weight=359800 221961 137839 190704 31257 72056 112407 81042 64205 118648 103967 59264 56121 44703 25432 8443 61200 35732
internal_count=359800 221961 137839 190704 31257 72056 112407 81042 64205 118648 103967 59264 56121 44703 25432 8443 61200 35732
is_linear=0
shrinkage=0.0229654


Tree=112
num_leaves=19
num_cat=0
split_feature=37 37 37 37 37 35 35 35 37 37 37 35 35 35 35 37 16 37
split_gain=5484.29 2202.25 1456.16 482.198 237.805 211.378 205.217 174.142 167.067 157.843 153.4 151.037 149.852 148.25 140.919 100.707 113.753 100.582
threshold=23737.101329373709 36939.885737871497 18797.470132382845 29908.181515470071 20296.943862366232 23300.500000000004 29383.500000000004 30623.000000000004 25704.880355702509 34107.426737346999 38473.853897399989 25310.500000000004 23929.500000000004 35774.500000000007 33243.500000000007 17796.853298326216 253.31250000000003 22746.243133027394
decision_type=2 2 2 2 2 2 2 2 2 2 2 2 2 2 2 2 2 2
left_child=2 3 15 7 -4 -6 -5 8 12 14 -3 -10 -2 -11 -8 -1 -17 -7
right_child=1 10 4 6 5 17 9 -9 11 13 -12 -13 -14 -15 -16 16 -18 -19
leaf_value=-43.746646486078447 4.6901469103855407 27.827004379447892 -8.6612450090151754 38.521146727271187 -2.3683629956765313 -16.91857902873388 9.6326204120393815 -10.535265170968513 13.523839836514357 22.643963336666879 70.43470115110469 3.2342097658880347 -2.129431161210328 6.876097452072953 -1.2092022937677764 -17.016543394013784 -20.388090265731666 -6.4908151842149397
leaf_weight=9876 16881 9957 31365 7792 64098 10605 22779 6872 10894 12802 12842 56010 36454 10213 11368 11532 4024 13436
leaf_count=9876 16881 9957 31365 7792 64098 10605 22779 6872 10894 12802 12842 56010 36454 10213 11368 11532 4024 13436
internal_value=5.67433e-05 0.00238543 -0.00339547 0.00158438 -0.00233355 -0.00172243 0.0031941 0.000761804 0.000965017 0.00271751 0.00913368 0.00172934 6.24353e-06 0.00418746 0.00172676 -0.00838537 -0.0072339 -0.00355882
internal_weight=359800 214864 144936 192065 119504 88139 64954 127111 120239 57162 22799 66904 53335 23015 34147 25432 15556 24041
internal_count=359800 214864 144936 192065 119504 88139 64954 127111 120239 57162 22799 66904 53335 23015 34147 25432 15556 24041
is_linear=0
shrinkage=0.0229654


Tree=113
num_leaves=19
num_cat=0
split_feature=37 37 37 37 37 36 36 36 37 37 37 36 37 37 37 36 0 37
split_gain=5298.64 1954.95 1683.6 340.738 325.772 212.043 178.096 170.742 160.555 159.526 157.938 133.791 123.374 106.581 102.714 98.9714 89.5627 89.2651
threshold=24717.614730698628 36939.885737871497 18870.792390379229 32499.598480193104 21227.09264132009 23720.500000000004 22616.000000000004 25687.500000000004 38473.853897399989 26673.860048062674 27362.417557133838 30043.500000000004 18139.320379618603 29908.181515470071 22746.243133027394 32663.500000000004 17.500000000000004 19839.233453344215
decision_type=2 2 2 2 2 2 2 2 2 2 2 2 2 2 2 2 2 2
left_child=2 3 12 7 6 14 17 9 -3 -2 -9 13 -1 -12 -6 -5 -14 -4
right_child=1 8 4 15 5 -7 -8 10 -10 -11 11 -13 16 -15 -16 -17 -18 -19
leaf_value=-37.457431406981947 4.4624241282099835 27.187945844575449 -8.2160634511305073 19.770811215630616 -2.6340342573957738 -6.7719932904301778 -25.917386949486993 -1.2866094379714526 68.817139436303336 17.539199904717758 4.3976052772247627 0.99302516397460805 -13.878772060048174 15.977234277127321 2.0767780487593259 12.198296234272558 -15.569400802295538 -4.1172567084958533
leaf_weight=14192 24598 9957 19083 9407 30792 36670 5462 32641 12842 7937 25064 26998 9533 8370 26345 28673 3149 28087
leaf_count=14192 24598 9957 19083 9407 30792 36670 5462 32641 12842 7937 25064 26998 9533 8370 26345 28673 3149 28087
internal_value=5.29136e-05 0.0027396 -0.002838 0.00186206 -0.00186834 -0.00105699 -0.00331443 0.00128514 0.00904 0.00271724 0.00078453 0.0014798 -0.00812173 0.00245082 -0.000182278 0.00376505 -0.00647566 -0.00285984
internal_weight=359800 186487 173313 163688 146439 93807 52632 125608 22799 32535 93073 60432 26874 33434 57137 38080 12682 47170
internal_count=359800 186487 173313 163688 146439 93807 52632 125608 22799 32535 93073 60432 26874 33434 57137 38080 12682 47170
is_linear=0
shrinkage=0.0229654


Tree=114
num_leaves=19
num_cat=0
split_feature=37 37 37 37 37 35 35 37 35 37 35 35 37 35 35 3 35 37
split_gain=5131.39 2182.96 1340.81 481.925 214.557 225.441 199.32 163.59 159.213 177.242 153.666 146.065 134.887 161.37 152.634 100.66 112.933 88.6807
threshold=23478.941376416547 36939.885737871497 18720.140559651762 29908.181515470071 20296.943862366232 23300.500000000004 28119.500000000004 38757.320078214347 30623.000000000004 25704.880355702509 23175.500000000004 25310.500000000004 34107.426737346999 32660.500000000004 35774.500000000007 1.0000000180025095e-35 26282.500000000004 17796.853298326216
decision_type=2 2 2 2 2 2 2 2 2 2 2 2 2 2 2 2 2 2
left_child=2 3 17 8 -4 -6 -5 -3 9 10 -2 -11 13 -8 -14 -12 -17 -1
right_child=1 7 4 6 5 -7 12 -9 -10 11 15 -13 14 -15 -16 16 -18 -19
leaf_value=-41.881761630476255 6.0048857937639371 27.520871883405984 -8.4690151958957163 44.60947270041968 -2.4194481609935514 -11.962681885560217 11.432419542183723 72.963828100154601 -10.3758866522878 13.125573365638193 -13.684256555184101 3.0886248166427821 22.453155643737432 0.12264547351853673 6.4217428474939657 0.45531223223403999 -7.6302160668498678 -17.099873314657685
leaf_weight=9876 12783 11412 32800 4267 61200 19842 22089 11387 6876 10894 2566 56010 13255 15130 10213 35153 9926 14121
leaf_count=9876 12783 11412 32800 4267 61200 19842 22089 11387 6876 10894 2566 56010 13255 15130 10213 35153 9926 14121
internal_value=5.36796e-05 0.00221495 -0.00342659 0.00144438 -0.00238667 -0.0017524 0.00306823 0.00894633 0.000658462 0.000842274 -5.92871e-05 0.00165657 0.0027309 0.00187116 0.0040944 -0.00065915 -0.000407304 -0.00835998
internal_weight=359800 221961 137839 199162 113842 81042 64954 22799 134208 127332 60428 66904 60687 37219 23468 47645 45079 23997
internal_count=359800 221961 137839 199162 113842 81042 64954 22799 134208 127332 60428 66904 60687 37219 23468 47645 45079 23997
is_linear=0
shrinkage=0.0229654


Tree=115
num_leaves=19
num_cat=0
split_feature=37 37 37 37 37 35 35 35 15 35 37 13 37 0 0 37 35 15
split_gain=4962.37 1862.14 1647.44 396.707 312.883 191.098 179.662 146.705 146.379 134.325 124.589 121.039 103.592 95.8064 94.8412 94.2799 140.254 90.8077
threshold=24820.000308201481 37558.007549116825 18870.792390379229 33303.976748242778 21227.09264132009 25373.500000000004 25151.500000000004 22711.500000000004 9.3062500000000039 32660.500000000004 18031.999696501833 22.031250000000004 26137.152025358548 17.500000000000004 47.500000000000007 27223.827058536357 32660.500000000004 17.306250000000002
decision_type=2 2 2 2 2 2 2 2 2 2 2 2 2 2 2 2 2 2
left_child=2 3 10 6 7 14 12 17 -8 -5 -1 15 -2 -12 -6 -10 -17 -4
right_child=1 -3 4 9 5 -7 8 -9 11 -11 13 -13 -14 -15 -16 16 -18 -19
leaf_value=-37.497582595964268 4.9304499083509947 53.703547563105033 -4.4405128569145376 39.080752012939413 -1.0356316879519203 -12.076187779552811 5.9629795097983997 -24.085995954626533 -2.0327555432145585 12.533093107557319 -13.756232684215382 11.877882369354911 19.247974807769296 -15.767636600760621 -7.0129543184556633 4.7373474595871858 -5.5522245416361269 -17.692049900220763
leaf_weight=12749 12877 18572 39959 5850 79463 12656 26644 5347 28019 29380 10510 2028 8474 3615 4540 42348 9443 7326
leaf_count=12749 12877 18572 39959 5850 79463 12656 26644 5347 28019 29380 10510 2028 8474 3615 4540 42348 9443 7326
internal_value=5.34881e-05 0.00269511 -0.00270014 0.00191938 -0.00175789 -0.000982087 0.00133291 -0.00318266 0.000953911 0.00408071 -0.00793458 0.000472565 0.00325857 -0.00644901 -0.000585734 0.000331777 0.000912346 -0.00277494
internal_weight=359800 183635 176165 165063 149291 96659 129833 52632 108482 35230 26874 81838 21351 14125 84003 79810 51791 47285
internal_count=359800 183635 176165 165063 149291 96659 129833 52632 108482 35230 26874 81838 21351 14125 84003 79810 51791 47285
is_linear=0
shrinkage=0.0229654


Tree=116
num_leaves=19
num_cat=0
split_feature=35 35 35 5 0 1 25 18 32 25 25 21 25 8 6 16 16 5
split_gain=2789.78 1151.97 849.343 295.184 238.087 181.942 205.949 156.431 143.785 137.758 137.44 131.333 147.215 226.388 195.511 129.851 123.641 114.556
threshold=28525.500000000004 19443.500000000004 37664.500000000007 1.0000000180025095e-35 14.500000000000002 10.500000000000002 8.0242187500000028 0.014375000000000002 0.18124999999999949 3.124739583333334 5.5867187500000011 20.602994791666671 10.798177083333336 0.13052619222005152 1.0000000180025095e-35 394.31250000000006 135.56250000000003 1.0000000180025095e-35
decision_type=2 2 2 2 2 2 2 2 2 2 2 2 2 2 2 2 2 2
left_child=1 4 9 11 8 6 -5 -6 -1 -2 -4 12 13 14 -3 -7 -11 -10
right_child=2 3 10 5 7 15 -8 -9 17 16 -12 -13 -14 -15 -16 -17 -18 -19
leaf_value=-6.1712727591798862 19.324913620045979 14.235286740227741 53.626680651760331 -0.72250014881871805 -22.919715534987496 0.55812397939348912 -10.130272396959269 -0.3697346330689667 -10.39567593403364 7.8947140103367399 25.158769211759974 7.0909696506425988 -1.9546631354429747 -0.43730283151164134 -33.856447260797104 -14.659447230289423 1.2084773702617735 -29.255089624733682
leaf_weight=4044 7541 15826 11789 9605 8508 22814 23051 7220 15474 62325 7619 5837 83065 40993 1159 7386 19502 6042
leaf_count=4044 7541 15826 11789 9605 8508 22814 23051 7220 15474 62325 7619 5837 83065 40993 1159 7386 19502 6042
internal_value=5.18285e-05 -0.00127935 0.00312382 -0.000589092 -0.00478576 -0.00190611 -0.00309431 -0.00256258 -0.00615376 0.00217813 0.00747843 -2.54859e-05 -0.000165187 0.000722893 0.00295231 -0.000621283 0.00190441 -0.00690051
internal_weight=359800 251024 108776 209736 41288 62856 32656 15728 25560 89368 19408 146880 141043 57978 16985 30200 81827 21516
internal_count=359800 251024 108776 209736 41288 62856 32656 15728 25560 89368 19408 146880 141043 57978 16985 30200 81827 21516
is_linear=0
shrinkage=0.0229654


Tree=117
num_leaves=19
num_cat=0
split_feature=25 0 1 3 0 3 16 10 15 25 3 0 0 22 26 16 0 3
split_gain=2109.03 851.898 682.697 450.405 470.109 416.525 368.024 290.082 241.773 239.914 229.436 197.771 169.917 173.456 170.595 165.74 158.419 157.777
threshold=9.8677083333333346 15.500000000000002 5.5000000000000009 3.5000000000000004 43.500000000000007 5.5000000000000009 514.43750000000011 0.25000000000000017 11.706250000000002 3.124739583333334 2.5000000000000004 43.500000000000007 3.5000000000000004 12.795876736111113 19.322005208333337 189.31250000000003 31.500000000000004 1.0000000180025095e-35
decision_type=2 2 2 2 2 2 2 2 2 2 2 2 2 2 2 2 2 2
left_child=2 5 17 4 7 8 10 -4 12 -5 11 15 -2 -14 -15 -3 -9 -1
right_child=1 6 3 9 -6 -7 -8 16 -10 -11 -12 -13 13 14 -16 -17 -18 -19
leaf_value=-9.4111442240229604 2.520894667454042 8.721416338709485 9.1096894626902039 17.548430871267303 -0.27827110862025645 -21.093378022317857 -15.660003451294546 24.920792594107798 -11.853211665682243 2.4438402704567346 -2.4479421882500052 -4.25370757814059 0.2634676421736501 -7.2547484650134839 1.0272402813234591 1.7664322316936087 38.026501023452731 0.2146359301243938
leaf_weight=6144 5777 19316 16677 6220 11206 8880 21998 22720 20042 44460 66642 7646 8696 15684 3857 23392 15624 34819
leaf_count=6144 5777 19316 16677 6220 11206 8880 21998 22720 20042 44460 66642 7646 8696 15684 3857 23392 15624 34819
internal_value=5.34243e-05 -0.00150123 0.00204197 0.00293592 0.00418289 -0.00371798 -0.000497495 0.0050561 -0.00296074 0.00130642 1.49182e-05 0.00118489 -0.00178179 -0.00251597 -0.0037167 0.00179387 0.00615581 -0.00050934
internal_weight=359800 201930 157870 116907 66227 62936 138994 55021 54056 50680 116996 50354 34014 28237 19541 42708 38344 40963
internal_count=359800 201930 157870 116907 66227 62936 138994 55021 54056 50680 116996 50354 34014 28237 19541 42708 38344 40963
is_linear=0
shrinkage=0.0229654


Tree=118
num_leaves=19
num_cat=0
split_feature=37 37 37 37 35 37 35 37 35 37 35 37 35 35 35 35 3 7
split_gain=4559.26 2038.11 1290.93 413.742 202.294 198.435 212.499 174.896 156.95 150.586 147.3 133.136 141.783 130.005 127.018 91.0102 105.749 88.8899
threshold=23478.941376416547 36939.885737871497 18645.06207268274 29908.181515470071 29383.500000000004 20471.729123591304 23300.500000000004 38757.320078214347 30623.000000000004 25946.294400098846 26282.500000000004 34107.426737346999 35774.500000000007 33243.500000000007 25779.500000000004 22890.500000000004 1.0000000180025095e-35 0.75023006073889154
decision_type=2 2 2 2 2 2 2 2 2 2 2 2 2 2 2 2 2 2
left_child=2 3 17 8 -5 -4 -7 -3 9 10 15 13 -13 -6 -11 -2 -17 -1
right_child=1 7 5 4 11 6 -8 -9 -10 14 -12 12 -14 -15 -16 16 -18 -19
leaf_value=-29.94499133731966 7.0506484544245716 24.915509039065693 -7.5709285194738882 35.942507851586001 8.4694940160556129 -1.9619478783607553 -11.160806960892756 68.433268530113139 -10.480401037798261 11.103181385065005 -6.4827559141706743 20.381614005638504 5.3692509704447664 -1.8839098168777881 2.8261197879682185 -10.011493824901029 0.91235309118490671 -24.263310380005198
leaf_weight=9749 10845 11412 38461 7792 22779 57284 19499 11387 6876 12121 12028 12802 10213 11368 49285 3399 39654 12846
leaf_count=9749 10845 11412 38461 7792 22779 57284 19499 11387 6876 12121 12028 12802 10213 11368 49285 3399 39654 12846
internal_value=5.63604e-05 0.00209358 -0.00322416 0.00134901 0.00285362 -0.00224007 -0.00156561 0.0085978 0.000620816 0.000803317 4.11055e-05 0.00238043 0.00373044 0.00147052 0.00162163 0.000553917 8.028e-05 -0.00824346
internal_weight=359800 221961 137839 199162 64954 115244 76783 22799 134208 127332 65926 57162 23015 34147 61406 53898 43053 22595
internal_count=359800 221961 137839 199162 64954 115244 76783 22799 134208 127332 65926 57162 23015 34147 61406 53898 43053 22595
is_linear=0
shrinkage=0.0229654


Tree=119
num_leaves=19
num_cat=0
split_feature=35 35 35 5 7 15 0 15 18 5 29 35 0 0 10 35 4 24
split_gain=2502.54 1055.45 818.658 264.415 309.741 217.963 208.259 161.286 147.117 140.245 138.295 121.422 112.642 128.778 180.937 112.439 110.613 100.526
threshold=28525.500000000004 19443.500000000004 38284.500000000007 1.0000000180025095e-35 0.75023006073889154 13.918750000000003 14.500000000000002 11.981250000000003 0.014375000000000002 1.0000000180025095e-35 276.51875000000013 34388.000000000007 12.500000000000002 44.500000000000007 1.0000000180025095e-35 18313.500000000004 1.5000000000000002 1.3250000000000017
decision_type=2 2 2 2 2 2 2 2 2 2 2 2 2 2 2 2 2 2
left_child=1 6 5 7 -5 11 9 -3 -8 15 -6 -2 17 14 -14 -1 -7 -9
right_child=2 3 -4 4 10 16 8 12 -10 -11 -12 -13 13 -15 -16 -17 -18 -19
leaf_value=-14.506429972935697 7.3112109363649047 1.5261739381256578 45.625644693670857 -2.4050604793827435 -13.586928932597027 15.531293324145475 -21.789658875131185 -2.8188681368545834 -0.21174398067075775 -26.899425953513731 -6.7935391198471251 18.069119444869539 -1.5848800888730141 -6.2645326216107637 13.990826511236499 -5.2899574190138114 1.4065206722420669 -12.694298558097948
leaf_weight=8672 35721 71862 15272 47320 7506 7400 8508 12701 7220 6968 8030 16149 37503 8907 9249 9920 34234 6658
leaf_count=8672 35721 71862 15272 47320 7506 7400 8508 12701 7220 6968 8030 16149 37503 8907 9249 9920 34234 6658
internal_value=5.99347e-05 -0.00120086 0.00296948 -0.000540147 -0.00178664 0.00216431 -0.00455715 -6.72326e-06 -0.00247789 -0.00583659 -0.00460018 0.00315769 -0.000751554 -0.000226729 0.000255433 -0.00479517 0.000926692 -0.00226048
internal_weight=359800 251024 108776 209736 62856 93504 41288 146880 15728 25560 15536 51870 75018 55659 46752 18592 41634 19359
internal_count=359800 251024 108776 209736 62856 93504 41288 146880 15728 25560 15536 51870 75018 55659 46752 18592 41634 19359
is_linear=0
shrinkage=0.0229654


Tree=120
num_leaves=19
num_cat=0
split_feature=25 1 7 3 14 8 8 8 3 12 6 14 1 22 21 26 13 19
split_gain=1914.82 789.974 788.434 477.055 316.627 369.538 339.417 269.254 282.018 262.87 233.262 192.959 170.202 188.63 243.571 164.48 145.745 140.248
threshold=9.0122395833333364 7.5000000000000009 -0.79335334029123528 5.5000000000000009 77.312500000000014 0.82968937203783688 -0.32075123873380501 -0.44134171618254459 4.5000000000000009 7.9062500000000027 1.0000000180025095e-35 63.062500000000007 1.0000000180025095e-35 12.795876736111113 18.956901041666672 20.899348958333338 -3.8437499999999996 10.481250000000003
decision_type=2 2 2 2 2 2 2 2 2 2 2 2 2 2 2 2 2 2
left_child=2 3 9 12 6 -6 11 8 10 -1 17 -3 -2 -14 -15 -8 -9 -4
right_child=1 4 7 -5 5 -7 15 16 -10 -11 -12 -13 13 14 -16 -17 -18 -19
leaf_value=33.474431884257953 1.5199341770819768 -15.902439639920033 16.407607020923969 -19.03919251549171 8.0803102417015751 -5.0137906940653529 0.30601709860759346 17.901804626687039 -1.2684757158474675 11.358714217781509 -33.300969920461171 -3.4590290543844087 -2.5211127781482645 -8.8736738206937122 0.037897424354856893 12.663902191372292 0.35980594748192157 35.743549150139557
leaf_weight=17215 7214 27984 17719 10562 37480 10102 39813 2466 11231 13908 883 30114 23560 27271 6542 2920 63905 8911
leaf_count=17215 7214 27984 17719 10562 37480 10102 39813 2466 11231 13908 883 30114 23560 27271 6542 2920 63905 8911
internal_value=6.26155e-05 -0.00124523 0.00220875 -0.00316371 -0.000273812 0.00127033 -0.00100249 0.00125811 0.00277939 0.00541945 0.00403124 -0.00214522 -0.00242376 -0.00284181 -0.00394099 0.00055112 0.000370064 0.00441629
internal_weight=359800 223562 136238 75149 148413 47582 100831 105115 38744 31123 27513 58098 64587 57373 33813 42733 66371 26630
internal_count=359800 223562 136238 75149 148413 47582 100831 105115 38744 31123 27513 58098 64587 57373 33813 42733 66371 26630
is_linear=0
shrinkage=0.0229654


Tree=121
num_leaves=19
num_cat=0
split_feature=37 37 37 37 35 37 35 15 35 37 35 35 37 37 37 1 1 11
split_gain=4136.87 1956.36 1205.73 444.816 179.794 167.419 213.292 146.05 142.309 206.483 148.659 142.425 116.615 109.275 99.6333 96.0023 84.6884 81.5262
threshold=23374.762466709133 37558.007549116825 18645.06207268274 32338.954424611878 32660.500000000004 20296.943862366232 23300.500000000004 8.9187500000000028 31136.500000000004 25946.294400098846 25151.500000000004 23876.500000000004 35349.906436027122 39042.268978538174 17921.267400100896 20.500000000000004 2.5000000000000004 108.00000000000001
decision_type=2 2 2 2 2 2 2 2 2 2 2 2 2 2 2 2 2 2
left_child=2 3 14 7 -5 -4 16 17 9 11 -11 -9 -6 -3 -1 -12 -7 -2
right_child=1 13 5 4 12 6 -8 8 -10 10 15 -13 -14 -15 -16 -17 -18 -19
leaf_value=-35.925383542774085 6.2096494315890496 26.421281557937721 -7.3788900927476204 28.348870716832348 4.3465843283909669 0.7211667836339033 -11.515164368116034 3.7728370745014592 -6.1412552945004952 17.494417381429777 5.3584853429250066 -3.2493531404111966 15.865681198165293 71.148162784444906 -14.416161855138249 -1.3556265701277754 -3.5242653987376706 1.8345561608795671
leaf_weight=11276 22968 8601 34202 9584 18686 17613 18297 16241 14448 7207 39225 35640 15469 9971 11319 11971 42252 14830
leaf_count=11276 22968 8601 34202 9584 18686 17613 18297 16241 14448 7207 39225 35640 15469 9971 11319 11971 42252 14830
internal_value=6.02539e-05 0.0019681 -0.0031182 0.0013253 0.0033811 -0.00214481 -0.00155841 0.000772061 0.000393092 0.000673861 0.00161045 -0.000380462 0.00260113 0.00910727 -0.00795887 0.00117572 -0.000895177 0.00202264
internal_weight=359800 224841 134959 206269 43739 112364 78162 162530 124732 110284 58403 51881 34155 18572 22595 51196 59865 37798
internal_count=359800 224841 134959 206269 43739 112364 78162 162530 124732 110284 58403 51881 34155 18572 22595 51196 59865 37798
is_linear=0
shrinkage=0.0229654


Tree=122
num_leaves=19
num_cat=0
split_feature=37 37 37 37 37 35 35 35 37 35 37 37 37 35 35 35 15 37
split_gain=4002.03 1869.36 1254.21 390.072 191.659 197.202 175.017 148.905 157.921 174.508 114.681 109.894 102.951 99.212 95.3796 94.5642 93.3863 88.5918
threshold=23785.09947273909 37558.007549116825 18645.06207268274 32338.954424611878 20471.729123591304 24939.500000000004 32660.500000000004 23300.500000000004 25880.966961899576 32229.500000000004 39042.268978538174 35349.906436027122 17921.267400100896 25960.500000000004 21922.000000000004 26282.500000000004 12.231250000000003 29110.947298392126
decision_type=2 2 2 2 2 2 2 2 2 2 2 2 2 2 2 2 2 2
left_child=2 3 12 7 14 16 -5 -2 15 13 -3 -8 -1 -10 -4 -9 -6 -15
right_child=1 10 4 6 5 -7 11 8 9 -11 -12 -13 -14 17 -16 -17 -18 -19
leaf_value=-35.100342418745221 9.9354159111739744 25.814506022503558 -5.5352550858363889 27.69782730811502 -0.54757299618673738 -18.024754800334577 4.2467632418404735 0.25370833814805344 9.6949710748627815 -6.1884302275611685 69.514216131477923 15.501319341495575 -14.085088802933162 1.4221241596570022 -20.314417879984827 -6.5005368477122678 -5.7704594116911023 7.2850382792099744
leaf_weight=11276 14326 8601 33481 9584 41758 7790 18686 34322 12664 9595 9971 15469 11319 44179 4980 11352 35718 24729
leaf_count=11276 14326 8601 33481 9584 41758 7790 18686 34322 12664 9595 9971 15469 11319 44179 4980 11352 35718 24729
internal_value=6.10198e-05 0.00206624 -0.00286452 0.00140286 -0.0019559 -0.00134885 0.00331284 0.000850225 0.00061701 0.00116922 0.00902813 0.00254331 -0.00783995 0.00151382 -0.00330171 -0.000485213 -0.000998638 0.00117047
internal_weight=359800 213478 146322 194906 123727 85266 43739 151167 136841 91167 18572 34155 22595 81572 38461 45674 77476 68908
internal_count=359800 213478 146322 194906 123727 85266 43739 151167 136841 91167 18572 34155 22595 81572 38461 45674 77476 68908
is_linear=0
shrinkage=0.0229654


Tree=123
num_leaves=19
num_cat=0
split_feature=35 35 35 3 3 36 7 15 7 26 3 19 3 36 15 26 3 3
split_gain=2153.95 931.402 763.183 238.02 231.983 224.162 212.113 208.568 158.166 154.411 146.367 126.77 123.125 118.29 139.604 94.8679 91.1312 90.4158
threshold=28525.500000000004 19443.500000000004 38284.500000000007 2.5000000000000004 1.0000000180025095e-35 19330.500000000004 0.75023006073889154 11.268750000000002 0.65793410509763428 6.3089843750000005 4.5000000000000009 8.0062500000000032 3.5000000000000004 32819.500000000007 12.731250000000003 5.8214843750000016 3.5000000000000004 5.5000000000000009
decision_type=2 2 2 2 2 2 2 2 2 2 2 2 2 2 2 2 2 2
left_child=1 5 4 13 -2 8 9 -6 -1 -5 -8 -12 -4 14 -3 -9 -17 -18
right_child=2 3 12 6 7 -7 10 15 -10 -11 11 -13 -14 -15 -16 16 17 -19
leaf_value=-12.090453835058939 26.243364475472681 2.3952900958206547 53.601875056106294 6.4490576246802798 9.1496008070021286 -7.277236159928238 -2.3958129075933141 9.3364145872393092 -16.978330368252163 -2.230286424205596 -12.754761991487612 -4.9672179194505262 21.126383404099116 28.102396398488462 -2.6005210688818368 3.7395813883618865 -6.6012062037029171 7.2556227102729762
leaf_weight=6488 9832 45097 9608 8231 31407 20720 16296 13124 14080 84497 8645 6891 5664 2712 37367 21318 13576 4247
leaf_count=6488 9832 45097 9608 8231 31407 20720 16296 13124 14080 84497 8645 6891 5664 2712 37367 21318 13576 4247
internal_value=5.96794e-05 -0.00111001 0.00275899 -0.000489341 0.00198157 -0.00426291 -0.0011291 0.00158945 -0.00596131 -0.000573838 -0.00274659 -0.00434149 0.0075188 0.000446226 0.000291022 0.000700628 0.000134069 -0.00107785
internal_weight=359800 251024 108776 209736 93504 41288 124560 83672 20568 92728 31832 15536 15272 85176 82464 52265 39141 17823
internal_count=359800 251024 108776 209736 93504 41288 124560 83672 20568 92728 31832 15536 15272 85176 82464 52265 39141 17823
is_linear=0
shrinkage=0.0229654


Tree=124
num_leaves=19
num_cat=0
split_feature=37 37 37 37 37 36 35 36 37 37 35 36 35 37 37 37 36 37
split_gain=3762.1 1726.14 1306.46 316.326 196.523 229.177 178.56 164.007 208.094 140.918 192.336 135.638 127.88 132.81 126.514 123.65 117.098 119.132
threshold=24318.22743490183 37558.007549116825 18720.140559651762 32499.598480193104 20471.729123591304 23720.500000000004 32660.500000000004 26315.500000000004 26800.025061189601 27223.827058536357 26555.000000000004 21704.500000000004 25779.500000000004 22689.98080292749 17796.853298326216 39042.268978538174 30043.500000000004 28899.443628317462
decision_type=2 2 2 2 2 2 2 2 2 2 2 2 2 2 2 2 2 2
left_child=2 3 14 7 11 12 -5 8 -2 -9 -11 -4 13 -6 -1 -3 17 -12
right_child=1 15 4 6 5 -7 -8 9 -10 10 16 -13 -14 -15 -16 -17 -18 -19
leaf_value=-35.787497933921834 3.1006148137298544 24.578701083298522 -4.8895792402719289 28.092638351610937 -1.9967054865070102 -7.7784741041397769 8.5985670459188697 -2.9828432592810388 14.560780366382835 17.087748316435921 -0.0080455713028666082 -22.920455375473107 -15.314131086894518 3.074283958474497 -13.627380526666323 66.912410213648499 -2.3100698314255053 8.3691394250453293
leaf_weight=9876 40972 8601 32436 8804 45323 30554 33503 25347 10925 7293 14490 4623 3946 20965 14121 9971 24055 13995
leaf_count=9876 40972 8601 32436 8804 45323 30554 33503 25347 10925 7293 14490 4623 3946 20965 14121 9971 24055 13995
internal_value=5.81475e-05 0.0021815 -0.00253899 0.00149148 -0.00167809 -0.00115228 0.00322738 0.000955712 0.00197341 0.000335665 0.000943634 -0.0031081 -0.000429984 -0.000190893 -0.00748431 0.00884636 0.000458521 0.00145484
internal_weight=359800 197956 161844 179384 137847 100788 42307 137077 51897 85180 59833 37059 70234 66288 23997 18572 52540 28485
internal_count=359800 197956 161844 179384 137847 100788 42307 137077 51897 85180 59833 37059 70234 66288 23997 18572 52540 28485
is_linear=0
shrinkage=0.0229654


Tree=125
num_leaves=19
num_cat=0
split_feature=36 36 36 26 15 7 25 29 7 13 5 16 4 23 10 15 26 11
split_gain=1932.56 726.353 443.009 264.162 238.523 230.484 210.857 180.417 167.374 158.771 144.353 137.693 155.814 136.351 145.206 127.941 116.741 111.22
threshold=30369.500000000004 19785.500000000004 38074.500000000007 6.0217447916666682 15.731250000000003 0.75023006073889154 12.350781250000002 673.3687500000002 -0.5 7.6812500000000012 1.0000000180025095e-35 0.43750000000000006 1.5000000000000002 3.0500000000000016 -0.5 9.1062500000000028 12.364973958333335 84.000000000000014
decision_type=2 2 2 2 2 2 2 2 2 2 2 2 2 2 2 2 2 2
left_child=1 5 3 -2 7 -1 -7 8 13 -4 -8 12 -6 14 -3 -5 -10 -14
right_child=2 4 9 15 11 6 10 -9 16 -11 -12 -13 17 -15 -16 -17 -18 -19
leaf_value=-5.4766905179677163 18.280548345969905 1.3396466369980122 32.624868578434906 11.753793260759087 4.9870106493967716 -3.0805985541726164 -7.6551866168853406 18.670388416107979 0.52041796339821988 -4.0004889563019548 -21.272867134882368 -2.7577700421928397 -14.608292296067033 -3.2326995628827953 10.942923946652954 2.2989323695928792 -2.5646840646690197 -6.7497598949916942
leaf_weight=24448 24952 17767 15381 7252 4002 6345 9892 2762 68948 1275 7987 38902 9029 10569 12644 35068 52288 10289
leaf_count=24448 24952 17767 15381 7252 4002 6345 9892 2762 68948 1275 7987 38902 9029 10569 12644 35068 52288 10289
internal_value=5.91688e-05 -0.000869178 0.00311065 0.00228043 -0.00032376 -0.00341518 -0.00500283 0.000133217 3.41191e-05 0.00646385 -0.00627923 -0.00153541 -0.00293075 0.00130294 0.00208389 0.0011754 -0.000394767 -0.00378517
internal_weight=359800 275872 83928 67272 227200 48672 24224 164978 162216 16656 17879 62222 23320 40980 30411 42320 121236 19318
internal_count=359800 275872 83928 67272 227200 48672 24224 164978 162216 16656 17879 62222 23320 40980 30411 42320 121236 19318
is_linear=0
shrinkage=0.0229654


Tree=126
num_leaves=19
num_cat=0
split_feature=37 37 37 37 35 36 37 35 36 36 37 35 37 37 36 35 35 35
split_gain=3558.83 1802.82 1088.84 380.007 200.515 177.412 215.818 169.675 163.671 162.611 229.691 174.382 155.562 129.871 126.129 125.364 117.997 106.769
threshold=23324.640518476092 37558.007549116825 18490.590301764427 29908.181515470071 28119.500000000004 27525.500000000004 26330.685583143768 22775.500000000004 27525.500000000004 23892.500000000004 20167.682146005318 24939.500000000004 34574.61961582378 39042.268978538174 20158.000000000004 33243.500000000007 31136.500000000004 36682.500000000007
decision_type=2 2 2 2 2 2 2 2 2 2 2 2 2 2 2 2 2 2
left_child=2 3 -1 5 -5 6 7 -2 -6 10 -4 14 15 -3 -12 -10 -7 -14
right_child=1 13 9 4 8 16 -8 -9 12 -11 11 -13 17 -15 -16 -17 -18 -19
leaf_value=-24.557092086385605 8.8194038146517535 23.489732702178468 -6.6541105342062314 40.197723736179022 35.576388843781309 -1.0987038910006748 7.3979220834795019 -0.19546613468500898 7.3623101054178983 -13.479180080262017 2.7227574281445119 -18.041259416591039 18.936154283064333 64.735100938860327 -2.5321947862799679 -1.8911714909105042 -19.190654011948759 4.5916172930401817
leaf_weight=19808 10794 8601 33300 4267 1860 38285 25976 60591 25486 14745 13382 4314 15230 9971 47927 14093 2925 8245
leaf_count=19808 10794 8601 33300 4267 1860 38285 25976 60591 25486 14745 13382 4314 15230 9971 47927 14093 2925 8245
internal_value=6.01901e-05 0.00181421 -0.00291395 0.00120138 0.00259146 0.000507383 0.001042 0.000389754 0.00227446 -0.00204807 -0.00171272 -0.000924419 0.00207641 0.00866953 -0.000610386 0.00119791 -0.000755668 0.00355756
internal_weight=359800 226324 133476 207752 69181 138571 97361 71385 64914 113668 98923 65623 63054 18572 61309 39579 41210 23475
internal_count=359800 226324 133476 207752 69181 138571 97361 71385 64914 113668 98923 65623 63054 18572 61309 39579 41210 23475
is_linear=0
shrinkage=0.0229654


Tree=127
num_leaves=19
num_cat=0
split_feature=35 35 35 35 36 3 3 3 15 0 10 27 3 1 3 3 3 0
split_gain=1861.11 1033.09 388.599 326.695 204.603 195.045 167.576 164.012 154.211 140.078 137.339 149.486 125.577 118.284 100.868 97.4292 183.942 159.4
threshold=33901.500000000007 19443.500000000004 39170.500000000007 24035.500000000004 18535.500000000004 1.5000000000000002 4.5000000000000009 1.0000000180025095e-35 11.531250000000004 10.500000000000002 0.6830127018922193 1.6004836309523818 1.0000000180025095e-35 15.500000000000002 5.5000000000000009 5.5000000000000009 4.5000000000000009 8.5000000000000018
decision_type=2 2 2 2 2 2 2 2 2 2 2 2 2 2 2 2 2 2
left_child=1 4 7 6 -1 9 -3 -2 -9 12 15 -12 -5 14 -8 16 -7 -18
right_child=2 3 -4 5 -6 10 13 8 -10 -11 11 -13 -14 -15 -16 -17 17 -19
leaf_value=-18.182112542698508 39.329754770244605 -0.89476636661474029 47.81702196922263 -17.040110025995308 -7.120339800346466 0.003495064844605076 -4.1237713927829915 15.28806689796839 5.000736134479002 7.0649468349582589 7.1256750086315979 -7.2484909279814174 6.9762949239107082 0.55965396505011389 -10.715989182335264 4.4287216802067855 13.284645786593812 -8.7743966515612186
leaf_weight=14000 3256 75472 11096 1472 27288 60680 14256 13641 20743 37624 22558 4202 1200 7688 14616 12344 904 16760
leaf_count=14000 3256 75472 11096 1472 27288 60680 14256 13641 20743 37624 22558 4202 1200 7688 14616 12344 904 16760
internal_value=6.20411e-05 -0.000591736 0.00423486 -7.3976e-05 -0.00397478 0.000599526 -0.00102228 0.00312144 0.00265494 0.00197818 0.000126512 0.00157222 -0.00310274 -0.00229843 -0.00297249 -0.000300084 -0.000598876 -0.00266136
internal_weight=359800 311064 48736 269776 41288 157744 112032 37640 34384 40296 117448 26760 2672 36560 28872 90688 78344 17664
internal_count=359800 311064 48736 269776 41288 157744 112032 37640 34384 40296 117448 26760 2672 36560 28872 90688 78344 17664
is_linear=0
shrinkage=0.0229654


Tree=128
num_leaves=19
num_cat=0
split_feature=25 7 7 3 10 0 8 3 16 13 15 3 4 15 8 14 12 7
split_gain=1503.74 731.781 553.802 515.301 329.05 288.162 276.308 341.02 262.59 225.776 181.465 175.466 171.214 144.564 139.221 137.87 111.908 100.028
threshold=10.113802083333336 -0.79335334029123528 0.75023006073889154 4.5000000000000009 0.25000000000000017 11.500000000000002 1.0000000180025095e-35 4.5000000000000009 545.81250000000011 19.231250000000006 14.306250000000004 3.5000000000000004 8.5000000000000018 10.031250000000004 0.65793410509763406 75.937500000000014 7.5312500000000018 0.75023006073889154
decision_type=2 2 2 2 2 2 2 2 2 2 2 2 2 2 2 2 2 2
left_child=1 4 8 5 -1 -4 7 15 9 12 17 -6 -2 -14 -15 -3 -13 -8
right_child=2 6 3 -5 11 -7 10 -9 -10 -11 -12 16 13 14 -16 -17 -18 -19
leaf_value=5.8592235396459742 -2.8068746571385725 5.4466252426059603 -7.4887147635071196 -16.74853396125161 36.320803929828209 -0.23157711314104307 3.1143794009140766 -3.0343770487657555 -15.540304393039555 5.7850867358695659 -5.142227422415484 19.48035081107485 6.3961051408917093 3.2854104522425516 -6.9761747841247788 17.931941019804537 3.0688586268427511 -1.9585538189423151
leaf_weight=13875 79729 11149 14889 13548 13262 19555 33999 16174 17904 14561 23299 5953 10099 18165 7734 28475 4026 13404
leaf_count=13875 79729 11149 14889 13548 13262 19555 33999 16174 17904 14561 23299 5953 10099 18165 7734 28475 4026 13404
internal_value=6.12751e-05 0.00168701 -0.00129457 -0.00343869 0.00452242 -0.00194623 0.000855076 0.00206326 -0.000600201 -0.000241838 -9.84204e-05 0.00619318 -0.000580947 0.000733658 -0.000175129 0.00321031 0.00389277 0.00071726
internal_weight=359800 163616 196184 47992 37116 34444 126500 55798 148192 130288 70702 23241 115727 35998 25899 39624 9979 47403
internal_count=359800 163616 196184 47992 37116 34444 126500 55798 148192 130288 70702 23241 115727 35998 25899 39624 9979 47403
is_linear=0
shrinkage=0.0229654


Tree=129
num_leaves=19
num_cat=0
split_feature=37 37 37 37 37 36 36 37 37 37 36 36 36 37 37 36 37 0
split_gain=3241.42 1593.6 1202.55 262.946 195.214 218.613 165.332 164.208 146.51 138.032 142.084 135.083 106.4 106.225 102.76 95.1267 101.752 100.454
threshold=24265.547663062582 37558.007549116825 18490.590301764427 32499.598480193104 20471.729123591304 23088.500000000004 25687.500000000004 26673.860048062674 39354.389669697441 27586.121524324124 29186.500000000004 21704.500000000004 32663.500000000004 21798.629662579697 17796.853298326216 19843.500000000004 22689.98080292749 6.5000000000000009
decision_type=2 2 2 2 2 2 2 2 2 2 2 2 2 2 2 2 2 2
left_child=2 3 14 6 11 15 7 -2 -3 -8 -11 -4 -5 -7 -1 -6 17 -17
right_child=1 8 4 12 5 13 9 -9 -10 10 -12 -13 -14 -15 -16 16 -18 -19
leaf_value=-33.441561152904086 3.4798800241584567 23.742221693347886 -4.7113917194270556 16.451569328650461 4.3364879662509672 -17.784026903501744 -1.7912261615330878 15.530879705658718 68.219520887707176 6.4933729928453472 0.46723562538966795 -22.761626396381352 8.8245916859124591 -5.0622982271830663 -13.96403688509 0.85978957360841546 2.2462363406460271 -5.0868009076315346
leaf_weight=9876 34517 10052 36463 9704 9701 5302 39130 7937 8520 22829 34163 4785 32603 34085 9932 10983 15835 23383
leaf_count=9876 34517 10052 36463 9704 9701 5302 39130 7937 8520 22829 34163 4785 32603 34085 9932 10983 15835 23383
internal_value=6.26794e-05 0.00201709 -0.00236844 0.00135933 -0.00162178 -0.0010701 0.000875521 0.00206913 0.00842345 0.000348344 0.00106945 -0.00294974 0.00294403 -0.00239904 -0.00766596 -0.000196292 -0.000598598 -0.00130043
internal_weight=359800 199455 160345 180883 140537 99289 138576 42454 18572 96122 56992 41248 42307 39387 19808 59902 50201 34366
internal_count=359800 199455 160345 180883 140537 99289 138576 42454 18572 96122 56992 41248 42307 39387 19808 59902 50201 34366
is_linear=0
shrinkage=0.0229654


Tree=130
num_leaves=19
num_cat=0
split_feature=37 37 37 37 37 36 36 37 37 3 37 36 3 36 37 3 37 0
split_gain=3137.23 1647.31 1067.1 316.305 160.033 240.733 159.786 226.11 145.562 143.312 120.93 108.425 100.413 107.162 96.9751 89.161 88.077 84.0239
threshold=23478.941376416547 37558.007549116825 18412.762110205986 30917.013928228869 19710.194226256823 21704.500000000004 27525.500000000004 26673.860048062674 39354.389669697441 1.0000000180025095e-35 21508.732551923084 24337.500000000004 5.5000000000000009 27900.500000000004 28146.982781622504 3.5000000000000004 17796.853298326216 20.500000000000004
decision_type=2 2 2 2 2 2 2 2 2 2 2 2 2 2 2 2 2 2
left_child=2 3 16 6 -4 -6 7 11 -3 17 -7 -2 13 -11 -8 -15 -1 -5
right_child=1 8 4 9 5 10 14 -9 -10 12 -12 -13 -14 15 -16 -17 -18 -19
leaf_value=-32.673562025768199 3.9345516163786924 23.196971863252116 -6.9929694950485679 52.966327655465676 -0.52384887250318601 -12.870487936910363 -4.2805303787821662 8.5429310932117861 66.652831693508489 42.383124941602134 -4.7943833877124025 -0.67143175693653689 17.821532257218426 7.6869034175635882 1.4086429907281273 0.23906036685224891 -14.391663151816037 18.350474087671859
leaf_weight=9876 31730 10052 25503 2063 46085 12776 23086 21958 8520 993 35003 40486 6283 25975 28230 14915 8596 7670
leaf_count=9876 31730 10052 25503 2063 46085 12776 23086 21958 8520 993 35003 40486 6283 25975 28230 14915 8596 7670
internal_value=6.14028e-05 0.00175132 -0.00265985 0.00115347 -0.00186496 -0.00142665 0.000582146 0.00114395 0.00829856 0.00258911 -0.00256888 0.000523444 0.0020755 0.00166937 -0.000448872 0.00148834 -0.00779645 0.00513082
internal_weight=359800 221961 137839 203389 119367 93864 145490 94174 18572 57899 47779 72216 48166 41883 51316 40890 18472 9733
internal_count=359800 221961 137839 203389 119367 93864 145490 94174 18572 57899 47779 72216 48166 41883 51316 40890 18472 9733
is_linear=0
shrinkage=0.0229654


Tree=131
num_leaves=19
num_cat=0
split_feature=37 37 37 37 36 36 37 36 37 37 37 37 37 36 36 36 0 3
split_gain=3033.56 1387.15 1291.53 226.425 207.06 202.855 187.227 214.13 145.188 139.545 138.327 116.183 104.03 128.73 90.5298 82.9465 79.684 76.3334
threshold=25301.641546275634 37558.007549116825 18645.06207268274 21971.225937209423 21929.500000000004 23720.500000000004 33467.892597773149 26466.500000000004 39354.389669697441 17796.853298326216 29110.947298392126 19710.194226256823 28694.380984603627 30043.500000000004 19257.500000000004 32663.500000000004 5.5000000000000009 1.0000000180025095e-35
decision_type=2 2 2 2 2 2 2 2 2 2 2 2 2 2 2 2 2 2
left_child=2 6 9 4 11 -5 7 10 -3 -1 -2 -4 -9 -14 -13 -8 -6 -15
right_child=1 8 3 5 16 -7 15 12 -10 -11 -12 14 13 17 -16 -17 -18 -19
leaf_value=-31.923200312644916 6.4183558348002361 22.664243918473513 -5.692362006374049 1.4524260985943658 -2.427509849308402 -4.1293716938072977 19.283160912976928 -0.86951352380754532 65.122122157320945 -12.113573861921543 36.090488873659929 3.4287178903273059 7.9572041691475848 15.176296988719464 -2.5558213837407968 9.7412481319582387 -15.897966138374239 -0.53928479905747084
leaf_weight=9876 30231 10052 20080 45195 3287 45660 5815 38130 8520 12719 1866 7458 17246 5133 30106 27995 14446 25985
leaf_count=9876 30231 10052 20080 45195 3287 45660 5815 38130 8520 12719 1866 7458 17246 5133 30106 27995 14446 25985
internal_value=6.52963e-05 0.00228139 -0.00194126 -0.00124103 -0.00217156 -0.000469015 0.00155927 0.00112948 0.00820705 -0.0070929 0.00273142 -0.00150396 0.000535012 0.00124219 -0.000750148 0.00306681 -0.00434171 0.000360149
internal_weight=359800 170973 188827 166232 75377 90855 152401 118591 18572 22595 32097 57644 86494 48364 37564 33810 17733 31118
internal_count=359800 170973 188827 166232 75377 90855 152401 118591 18572 22595 32097 57644 86494 48364 37564 33810 17733 31118
is_linear=0
shrinkage=0.0229654


Tree=132
num_leaves=19
num_cat=0
split_feature=37 37 37 37 35 35 37 36 36 37 35 36 37 37 35 0 35 37
split_gain=2924.94 1603.61 977.684 322.002 201.405 172.804 221.409 211.578 159.115 194.291 160.06 158.283 146.76 134.037 130.118 125.777 111.661 129.513
threshold=23167.259587382465 37558.007549116825 18324.567058026765 29908.181515470071 28119.500000000004 23117.500000000004 19710.194226256823 20407.500000000004 27094.500000000004 26074.985478570168 22775.500000000004 27525.500000000004 39354.389669697441 34574.61961582378 33403.500000000007 5.5000000000000009 30623.000000000004 25704.880355702509
decision_type=2 2 2 2 2 2 2 2 2 2 2 2 2 2 2 2 2 2
left_child=2 3 -1 8 -5 6 -4 -8 9 10 -2 -6 -3 14 -13 -9 17 -10
right_child=1 12 5 4 11 -7 7 15 16 -11 -12 13 -14 -15 -16 -17 -18 -19
leaf_value=-24.114385336216706 7.9696092226739967 22.143750288795275 -6.5491040990979101 38.082271241008598 33.392574084583813 -11.968216468019946 2.3257744490509422 0.58990230961327861 -10.184473153350314 7.2563757554161432 -0.37626242310771618 6.4632229565322019 63.626565991585046 12.17881701136219 -2.8989785412126388 -5.5927664573872322 -15.584394519359725 0.63756862913347845
leaf_weight=17017 11749 10052 26411 4267 1860 18432 18427 12583 7028 25299 57025 26438 8520 23475 13141 36266 4546 37264
leaf_count=17017 11749 10052 26411 4267 1860 18432 18427 12583 7028 25299 57025 26438 8520 23475 13141 36266 4546 37264
internal_value=6.44027e-05 0.0016137 -0.00270297 0.00104707 0.00233319 -0.00192449 -0.00152458 -0.00082507 0.000424482 0.000976615 0.00034361 0.0020155 0.00808464 0.00182073 0.00100527 -0.00161607 -0.000639051 -0.000287249
internal_weight=359800 230664 129136 212092 69181 112119 93687 67276 142911 94073 68774 64914 18572 63054 39579 48849 48838 44292
internal_count=359800 230664 129136 212092 69181 112119 93687 67276 142911 94073 68774 64914 18572 63054 39579 48849 48838 44292
is_linear=0
shrinkage=0.0229654


Tree=133
num_leaves=19
num_cat=0
split_feature=25 7 7 3 7 10 0 26 16 8 3 3 13 8 15 16 3 3
split_gain=1257.67 613.915 479.737 433.207 264.098 239.159 198.271 198.023 189.445 161.914 161.053 156.357 145.962 186.92 193.952 174.721 128.908 117.292
threshold=9.0122395833333364 -0.79335334029123528 0.82968937203783699 4.5000000000000009 -0.79335334029123528 0.25000000000000017 11.500000000000002 0.78072916666666681 563.06250000000011 -0.5 3.5000000000000004 4.5000000000000009 15.731250000000003 0.60876142900872032 12.056250000000004 194.56250000000003 1.0000000180025095e-35 3.5000000000000004
decision_type=2 2 2 2 2 2 2 2 2 2 2 2 2 2 2 2 2 2
left_child=1 5 4 6 17 -1 -4 -3 12 11 -7 -9 13 15 -15 16 -6 -2
right_child=2 7 3 -5 8 10 -8 9 -10 -11 -12 -13 -14 14 -16 -17 -18 -19
leaf_value=5.9613666364107951 5.5334871896969 22.604264687629335 -6.657984119322844 -15.062393182426353 23.967359701534541 35.319129550341067 -0.28231780165724235 15.872012703600136 -17.845760243358971 0.30553260416183115 12.895459101766381 -1.6437661112803021 1.9934822454546988 -1.1166378170503233 -8.5369890811591187 -5.4536750403009036 2.8279760851489111 -0.87102470221337935
leaf_weight=10514 25292 3157 13849 12491 2805 11704 18283 24897 12994 66812 8905 10249 25451 24959 22051 29769 17073 18545
leaf_count=10514 25292 3157 13849 12491 2805 11704 18283 24897 12994 66812 8905 10249 25451 24959 22051 29769 17073 18545
internal_value=6.55516e-05 0.00180486 -0.000994378 -0.00312472 -0.000463123 0.00463802 -0.0017139 0.000966004 -0.000965689 0.000790606 0.00607593 0.00205242 -0.000685156 -0.00109259 -0.00213044 -0.000109861 0.00155737 0.00108575
internal_weight=359800 136238 223562 44623 178939 31123 32132 105115 135102 101958 20609 35146 122108 96657 47010 49647 19878 43837
internal_count=359800 136238 223562 44623 178939 31123 32132 105115 135102 101958 20609 35146 122108 96657 47010 49647 19878 43837
is_linear=0
shrinkage=0.0229654


Tree=134
num_leaves=19
num_cat=0
split_feature=37 37 37 15 37 35 35 37 37 37 35 35 37 35 21 35 37 35
split_gain=2736.72 1366.16 1128.97 198.646 194.001 187.546 186.666 155.651 144.685 131.352 116.777 108.603 102.156 91.6206 90.8635 87.2125 86.5939 94.8138
threshold=24666.114697563502 37558.007549116825 18645.06207268274 19.731250000000006 32659.076238648933 24821.500000000004 32660.500000000004 39716.83368484956 17796.853298326216 20471.729123591304 33243.500000000007 25373.500000000004 29110.947298392126 30043.500000000004 19.769921875000005 22023.500000000004 35510.355415441394 35774.500000000007
decision_type=2 2 2 2 2 2 2 2 2 2 2 2 2 2 2 2 2 2
left_child=2 4 8 9 5 -2 -6 -3 -1 15 12 14 13 -7 -11 -4 17 -8
right_child=1 7 3 -5 6 10 16 -9 -10 11 -12 -13 -14 -15 -16 -17 -18 -19
leaf_value=-30.350400681475715 8.9354950652408185 22.878634192069882 -3.2952765297123108 -13.816639424510099 26.208269291035126 1.1277829349584205 6.1916168332757309 68.26682571954251 -11.227056011450269 -1.2613494340573972 -9.2459478383548692 -9.4939346231842645 5.8342066988615375 -8.9193932488840755 4.9216200696338905 -16.473638979483841 12.555707695383873 -5.3826080299371331
leaf_weight=9876 19164 11523 31023 16625 8111 66404 13062 7049 12719 81880 5718 8813 31462 5702 7269 3699 14264 5437
leaf_count=9876 19164 11523 31023 16625 8111 66404 13062 7049 12719 81880 5718 8813 31462 5702 7269 3699 14264 5437
internal_value=6.68282e-05 0.0019826 -0.00202716 -0.00130317 0.00133406 0.000895553 0.00271209 0.00789544 -0.00681136 -0.00100665 0.000528083 -0.000576468 0.000704475 0.000228043 -0.000336048 -0.00222035 0.00193989 0.000903148
internal_weight=359800 187896 171904 149309 169324 128450 40874 18572 22595 132684 109286 97962 103568 72106 89149 34722 32763 18499
internal_count=359800 187896 171904 149309 169324 128450 40874 18572 22595 132684 109286 97962 103568 72106 89149 34722 32763 18499
is_linear=0
shrinkage=0.0229654


Tree=135
num_leaves=19
num_cat=0
split_feature=37 37 37 37 36 36 37 36 37 37 37 37 36 37 36 36 0 36
split_gain=2636.91 1257.2 1165.28 196.462 205.443 195.151 157.822 203.274 153.236 146.557 134.884 94.4207 98.8937 93.606 129.945 81.7352 80.5461 76.1164
threshold=25301.641546275634 37558.007549116825 18645.06207268274 22263.946202917101 23667.500000000004 22616.000000000004 33467.892597773149 26466.500000000004 39716.83368484956 17658.666800385352 29110.947298392126 19710.194226256823 19257.500000000004 28798.095678294521 30043.500000000004 32663.500000000004 13.500000000000002 19909.500000000004
decision_type=2 2 2 2 2 2 2 2 2 2 2 2 2 2 2 2 2 2
left_child=2 6 9 5 -5 11 7 10 -3 -1 -2 17 -13 -9 -15 -8 -14 -4
right_child=1 8 3 4 -6 -7 15 13 -10 -11 -12 12 16 14 -16 -17 -18 -19
leaf_value=-32.044347516672381 6.1091639661180288 22.35321700208782 -3.058400750667535 2.0791545851973439 -3.6916235534336805 -14.027439329268375 18.379564464277109 -0.86133134655937704 66.699050150536451 -11.714590702047872 34.544968431693604 3.4775017901585485 -0.95129939696213883 7.892456534396163 0.98997431974103867 8.8399227125756354 -7.5105115646399145 -11.104736189756958
leaf_weight=8483 30231 11523 14041 38518 45108 13905 5815 39336 7049 14112 1866 7882 25704 16397 30761 27995 14511 6563
leaf_count=8483 30231 11523 14041 38518 45108 13905 5815 39336 7049 14112 1866 7882 25704 16397 30761 27995 14511 6563
internal_value=6.56155e-05 0.00213175 -0.00180517 -0.00114004 -0.000355359 -0.0019344 0.00144429 0.00104969 0.00777302 -0.00669854 0.0026105 -0.00143223 -0.000874984 0.000470492 0.00116049 0.00282839 -0.00133601 -0.00273302
internal_weight=359800 170973 188827 166232 83626 82606 152401 118591 18572 22595 32097 68701 48097 86494 47158 33810 40215 20604
internal_count=359800 170973 188827 166232 83626 82606 152401 118591 18572 22595 32097 68701 48097 86494 47158 33810 40215 20604
is_linear=0
shrinkage=0.0229654


Tree=136
num_leaves=19
num_cat=0
split_feature=37 37 37 37 35 36 35 37 36 36 37 37 37 35 35 35 35 37
split_gain=2548.03 1456.7 907.026 274.817 226.179 180.058 169.804 204.766 201.064 168.484 159.226 150.512 144.876 151.651 108.903 104.976 102.4 101.958
threshold=23167.259587382465 37558.007549116825 18232.96162295766 29110.947298392126 28119.500000000004 27525.500000000004 23238.500000000004 19710.194226256823 20407.500000000004 27094.500000000004 39716.83368484956 34574.61961582378 26074.985478570168 22775.500000000004 36682.500000000007 30043.500000000004 33243.500000000007 25704.880355702509
decision_type=2 2 2 2 2 2 2 2 2 2 2 2 2 2 2 2 2 2
left_child=2 3 -1 9 -5 -6 7 -4 -9 12 -3 16 13 -2 -13 17 -7 -11
right_child=1 10 6 4 5 11 -8 8 -10 15 -12 14 -14 -15 -16 -17 -18 -19
leaf_value=-23.612203725839205 7.798297947146418 21.839866232732689 -6.1897476312835131 29.672017048097469 22.683823950326644 4.3929706239907089 -11.74626558283213 2.4014115743278843 -3.4692205009774253 -9.8201425519143992 65.167279188583151 16.065011704022343 6.3377364716384585 -0.35147131842550472 2.4372683572505585 -15.665925359517484 -3.0077470190572191 0.12505931732415623
leaf_weight=15566 11749 11523 27967 6336 3274 31585 17179 18642 49782 6983 7049 15230 24005 57025 8245 3682 14411 29567
leaf_count=15566 11749 11523 27967 6336 3274 31585 17179 18642 49782 6983 7049 15230 24005 57025 8245 3682 14411 29567
internal_value=6.56155e-05 0.00151165 -0.00251731 0.0009716 0.00204372 0.00168125 -0.00180476 -0.00142987 -0.000753162 0.000334179 0.00767904 0.00143321 0.000872413 0.000336263 0.0029295 -0.00090704 0.00066955 -0.000534708
internal_weight=359800 230664 129136 212092 79081 72745 113570 96391 68424 133011 18572 69471 92779 68774 23475 40232 45996 36550
internal_count=359800 230664 129136 212092 79081 72745 113570 96391 68424 133011 18572 69471 92779 68774 23475 40232 45996 36550
is_linear=0
shrinkage=0.0229654


Tree=137
num_leaves=19
num_cat=0
split_feature=37 37 37 37 37 37 3 6 1 13 3 1 1 3 27 26 24 7
split_gain=2450.14 1358.34 951.033 230.798 166.245 157.807 133.156 123.817 117.571 115.53 103.479 97.545 91.0985 87.1393 86.2225 85.7794 85.1207 77.127
threshold=23737.101329373709 37558.007549116825 18232.96162295766 30917.013928228869 39716.83368484956 20471.729123591304 1.0000000180025095e-35 1.0000000180025095e-35 2.5000000000000004 20.781250000000004 5.5000000000000009 20.500000000000004 9.5000000000000018 3.5000000000000004 1.0641183035714283 18.637630208333338 4.9062500000000009 -0.25881904510252113
decision_type=2 2 2 2 2 2 2 2 2 2 2 2 2 2 2 2 2 2
left_child=2 3 -1 7 -3 -4 12 9 15 11 13 -2 -5 16 -15 -7 -8 -9
right_child=1 4 5 6 -6 8 10 17 -10 -11 -12 -13 -14 14 -16 -17 -18 -19
leaf_value=-23.069939811535534 2.4635857985057577 21.338304773720321 -5.6252010833572204 49.37242187365041 63.670685973158186 0.01158466639706361 7.9462701978233605 -4.4628809295506278 -3.8607950175871775 8.4541188724164762 16.369545804553088 -1.4303006631807453 16.189971849482589 3.3484808950093012 -8.7516148159638973 7.5815532986698475 -18.32381096663682 -43.1561545978604
leaf_weight=15566 100810 11523 45490 2063 7049 17642 25950 2177 64015 6556 6283 27882 7670 10780 4374 2223 779 968
leaf_count=15566 100810 11523 45490 2063 7049 17642 25950 2177 64015 6556 6283 27882 7670 10780 4374 2223 779 968
internal_value=6.5041e-05 0.00162153 -0.00224241 0.00105987 0.00755786 -0.00159712 0.00227734 0.000550517 -0.00100645 0.000655267 0.00178227 0.000503771 0.00472734 0.00136998 -2.12166e-05 0.000536996 0.00215873 -0.00395414
internal_weight=359800 214864 144936 196292 18572 129370 57899 138393 83880 135248 48166 128692 9733 41883 15154 19865 26729 3145
internal_count=359800 214864 144936 196292 18572 129370 57899 138393 83880 135248 48166 128692 9733 41883 15154 19865 26729 3145
is_linear=0
shrinkage=0.0229654


Tree=138
num_leaves=19
num_cat=0
split_feature=37 37 37 37 37 15 15 3 37 8 37 26 3 7 0 3 6 1
split_gain=2364.83 1187.79 1062.27 223.643 196.701 123.723 114.141 105.681 99.2317 97.9797 90.8634 88.4002 80.8134 103.976 85.0345 78.9709 70.3934 69.9848
threshold=25247.731780150305 38216.250375972268 18324.567058026765 21113.0901851915 34574.61961582378 17.106250000000006 12.231250000000003 1.5000000000000002 40097.014493550079 0.82968937203783688 17658.666800385352 0.78072916666666681 5.5000000000000009 -0.44134171618254464 14.500000000000002 4.5000000000000009 1.0000000180025095e-35 1.5000000000000002
decision_type=2 2 2 2 2 2 2 2 2 2 2 2 2 2 2 2 2 2
left_child=2 4 10 5 7 16 17 9 -3 -2 -1 -9 14 -14 -13 -16 -4 -5
right_child=1 8 3 6 -6 -7 -8 11 -10 -11 -12 12 13 -15 15 -17 -18 -19
leaf_value=-30.236361455987854 8.2996798698769183 25.716427843069759 -3.13262470715524 3.6688265571388388 11.981137707925713 -15.824021375642918 -4.0486915838351631 14.925466888975656 68.560568350068294 -0.83228276695617764 -13.17637341487977 6.5008758452208868 11.974697128080519 -0.68968635547419466 0.9830666166449894 -4.5285607626085032 -18.89762002878102 -0.35157760471902993
leaf_weight=8483 31930 8625 47207 8153 28247 10630 55037 1372 5662 7334 8534 7964 8280 5684 53515 13732 1812 47599
leaf_count=8483 31930 8625 47207 8153 28247 10630 55037 1372 5662 7334 8534 7964 8280 5684 53515 13732 1812 47599
internal_value=6.67005e-05 0.00200845 -0.00171853 -0.00117227 0.00143525 -0.00230601 -0.000561858 0.00105733 0.00834982 0.0020524 -0.00718976 0.000625831 0.000536825 0.00214129 0.000238934 -2.68084e-05 -0.00181895 0.000170535
internal_weight=359800 172345 187455 170438 158058 59649 110789 129811 14287 39264 17017 90547 89175 13964 75211 67247 49019 55752
internal_count=359800 172345 187455 170438 158058 59649 110789 129811 14287 39264 17017 90547 89175 13964 75211 67247 49019 55752
is_linear=0
shrinkage=0.0229654


Tree=139
num_leaves=19
num_cat=0
split_feature=37 37 37 37 36 37 37 36 3 36 37 37 37 3 3 36 24 0
split_gain=2272.35 1302.17 881.894 264.716 163.24 169.765 157.578 224.192 140.942 108.876 108.251 104.208 102.324 100.81 100.461 90.5379 84.6263 82.6902
threshold=23737.101329373709 38216.250375972268 18139.320379618603 30917.013928228869 26315.500000000004 26738.811796793358 20167.682146005318 22734.500000000004 1.0000000180025095e-35 21132.500000000004 25415.561728725286 21568.319413839254 40097.014493550079 5.5000000000000009 3.5000000000000004 29272.500000000004 4.9062500000000009 20.500000000000004
decision_type=2 2 2 2 2 2 2 2 2 2 2 2 2 2 2 2 2 2
left_child=2 3 -1 4 5 -2 9 -8 17 -4 -6 -9 -3 14 16 -12 -10 -5
right_child=1 12 6 8 10 -7 7 11 13 -11 15 -13 -14 -15 -16 -17 -18 -19
leaf_value=-23.235331416411181 2.1196167059744586 25.125839561433356 -4.5141493353853095 48.659786915563984 -8.0811556900160983 11.422505610086525 -0.33229261876659366 -17.376505572966753 8.2536492928478999 -18.320216091625181 1.8311544131558886 -5.169742613271965 66.986046861431959 16.288072799199195 -0.0066308317822831447 -3.187373228951031 -17.21450410746084 16.682296584322916
leaf_weight=14192 55245 8625 34451 2101 8280 11202 56710 5712 28193 5241 39414 28630 5662 6511 16079 24252 820 8480
leaf_count=14192 55245 8625 34451 2101 8280 11202 56710 5712 28193 5241 39414 28630 5662 6511 16079 24252 820 8480
internal_value=6.6892e-05 0.00156584 -0.00215527 0.00108869 0.000529443 0.00135016 -0.00156506 -0.00103865 0.00233332 -0.00277261 -0.00022855 -0.00250304 0.00826462 0.00183824 0.00145253 9.27043e-05 0.0022595 0.00474783
internal_weight=359800 214864 144936 200577 138393 66447 130744 91052 62184 39692 71946 34342 14287 51603 45092 63666 29013 10581
internal_count=359800 214864 144936 200577 138393 66447 130744 91052 62184 39692 71946 34342 14287 51603 45092 63666 29013 10581
is_linear=0
shrinkage=0.0229654


Tree=140
num_leaves=19
num_cat=0
split_feature=35 35 35 3 7 10 3 3 0 15 0 3 16 3 0 3 26 28
split_gain=1155.52 672.69 311.929 266.842 223.84 258.536 160.494 154.467 147.684 146.447 143.107 245.289 167.518 157.569 116.517 121.864 111.81 110.23
threshold=34552.000000000007 18844.500000000004 39830.500000000007 2.5000000000000004 0.55438071450436044 0.6830127018922193 1.0000000180025095e-35 4.5000000000000009 44.500000000000007 13.068750000000003 11.500000000000002 1.0000000180025095e-35 268.31250000000006 1.0000000180025095e-35 14.500000000000002 5.5000000000000009 18.747265625000004 0.53696784420289767
decision_type=2 2 2 2 2 2 2 2 2 2 2 2 2 2 2 2 2 2
left_child=1 14 6 8 5 -5 -2 -6 10 -8 11 -3 13 -12 15 -1 -13 -16
right_child=2 3 -4 4 7 -7 9 -9 -10 -11 12 16 -14 -15 17 -17 -18 -19
leaf_value=-7.9435534371611416 34.282964522366711 -8.0197814621304992 43.171441602502178 -1.4718141648646297 -1.4152594454472258 7.6314210247475307 12.201356237971392 -7.1011227400325021 -3.2826338728843023 2.2172087548242687 13.828814643509759 1.0174124786238363 -0.085724553775016143 3.516541553082186 1.2770218234472166 -24.611621365129707 10.909663379394223 -17.619088784789597
leaf_weight=14368 2760 7944 8360 95968 28112 18096 16107 26520 12808 15893 19101 17823 24781 34638 5693 3160 1233 6435
leaf_count=14368 2760 7944 8360 95968 28112 18096 16107 26520 12808 15893 19101 17823 24781 34638 5693 3160 1233 6435
internal_value=6.37644e-05 -0.000416478 0.00359074 -7.62516e-05 -0.000662705 -8.37566e-05 0.00263283 -0.00187147 0.000759833 0.00217454 0.0010425 -0.000399768 0.00153844 0.00225876 -0.00370934 -0.00490675 0.00101353 -0.0019788
internal_weight=359800 316680 43120 287024 168696 114064 34760 54632 118328 32000 105520 27000 78520 53739 29656 17528 19056 12128
internal_count=359800 316680 43120 287024 168696 114064 34760 54632 118328 32000 105520 27000 78520 53739 29656 17528 19056 12128
is_linear=0
shrinkage=0.0229654


Tree=141
num_leaves=19
num_cat=0
split_feature=35 35 35 3 10 3 7 15 0 3 7 0 3 29 7 19 3 16
split_gain=1107.07 641.77 302.635 228.108 190.581 164.236 163.555 150.09 141.44 133.354 149.946 128.258 221.337 156.765 112.09 171.533 122.614 110.345
threshold=34388.000000000007 19234.500000000004 39830.500000000007 2.5000000000000004 0.6830127018922193 1.0000000180025095e-35 0.75023006073889154 11.493750000000004 44.500000000000007 2.5000000000000004 0.75023006073889154 11.500000000000002 1.0000000180025095e-35 378.03125000000006 0.44134171618254497 8.5687500000000032 4.5000000000000009 268.31250000000006
decision_type=2 2 2 2 2 2 2 2 2 2 2 2 2 2 2 2 2 2
left_child=1 9 5 8 14 -2 -6 -7 11 -1 -11 12 -3 17 -5 16 -16 -13
right_child=2 3 -4 4 6 7 -8 -9 -10 10 -12 13 -14 -15 15 -17 -18 -19
leaf_value=-4.7131002608623636 33.051009707038283 -8.1967601420082499 42.179991792000791 -1.2998460769034921 6.7069899005789013 12.735068123831248 -3.2998136755788479 2.9166377983404046 -3.1811707098636006 -10.870055168535732 -16.671137298182337 4.5320899011642908 2.0910018754686157 15.842131547825879 -2.9259786439627069 1.1498026796123717 -8.8280877605957162 -1.0213986916731952
leaf_weight=20912 2968 7232 8360 88208 20664 13285 9512 19915 12760 8056 7920 40151 17568 14250 18662 11820 15254 22303
leaf_count=20912 2968 7232 8360 88208 20664 13285 9512 19915 12760 8056 7920 40151 17568 14250 18662 11820 15254 22303
internal_value=5.91688e-05 -0.000419577 0.00344883 -4.24027e-05 -0.000590927 0.00253859 0.00105786 0.00207588 0.000745455 -0.00326601 -0.00484579 0.00103193 -0.000403747 0.00149612 -0.000962379 -0.001885 -0.00271528 0.00100019
internal_weight=359800 315272 44528 278384 164120 36168 30176 33200 114264 36888 15976 101504 24800 76704 133944 45736 33916 62454
internal_count=359800 315272 44528 278384 164120 36168 30176 33200 114264 36888 15976 101504 24800 76704 133944 45736 33916 62454
is_linear=0
shrinkage=0.0229654


Tree=142
num_leaves=19
num_cat=0
split_feature=36 36 19 10 15 7 7 36 1 7 13 22 10 25 23 15 27 7
split_gain=989.441 422.215 263.105 259.341 235.63 186.167 175.785 169.216 153.725 143.109 137.857 150.433 127.878 125.271 117.693 116.245 115.017 113.719
threshold=33223.500000000007 18336.000000000004 10.231250000000003 0.6830127018922193 17.306250000000002 -0.60876142900872077 -0.65793410509763395 38285.500000000007 5.5000000000000009 0.75023006073889154 -3.0437499999999993 8.2551649305555568 -0.5 8.0242187500000028 3.0500000000000016 8.7437500000000021 0.68960193452381013 -0.89495246814786256
decision_type=2 2 2 2 2 2 2 2 2 2 2 2 2 2 2 2 2 2
left_child=1 9 7 4 5 14 -5 16 -6 -1 -8 13 -11 -12 -3 -7 -2 -4
right_child=2 3 17 6 8 15 10 -9 -10 12 11 -13 -14 -15 -16 -17 -18 -19
leaf_value=-6.5296961529530053 9.6694423984769564 4.0218620891197947 43.86884345276021 17.745245036888427 -14.99558439469015 0.57097663599085435 15.599827581132129 16.912614621222044 -5.5867571193059478 -15.31166451769908 0.43173667981317032 6.249338458952888 -2.4444457312974706 -11.181558810759769 -3.174523428542209 -2.5581429531991771 -1.126758869518206 17.917874296885397
leaf_weight=10768 11909 34530 4967 5136 7178 47239 5058 10843 37677 7656 21855 13604 3104 4947 11865 94687 15865 10912
leaf_count=10768 11909 34530 4967 5136 7178 47239 5058 10843 37677 7656 21855 13604 3104 4947 11865 94687 15865 10912
internal_value=6.35729e-05 -0.000445236 0.00291408 -0.000210008 -0.00053342 -0.00017713 0.00128034 0.00189084 -0.00202928 -0.00354594 0.000825389 0.000377964 -0.00541907 -0.000620363 0.00108578 -0.000589969 0.000940975 0.00540256
internal_weight=359800 305304 54496 283776 233176 188321 50600 38617 44855 21528 45464 40406 10760 26802 46395 141926 27774 15879
internal_count=359800 305304 54496 283776 233176 188321 50600 38617 44855 21528 45464 40406 10760 26802 46395 141926 27774 15879
is_linear=0
shrinkage=0.0229654


Tree=143
num_leaves=19
num_cat=0
split_feature=37 37 37 37 35 37 35 36 36 37 36 37 37 0 35 37 35 35
split_gain=2023.27 1262.55 759.84 216.877 224.933 190.362 187.715 182.719 168.804 164.088 199.665 143.439 119.456 114.328 109.038 102.904 124.78 102.825
threshold=22905.088031179152 37558.007549116825 18139.320379618603 29110.947298392126 28119.500000000004 39716.83368484956 23117.500000000004 27525.500000000004 25687.500000000004 19710.194226256823 20407.500000000004 25880.966961899576 34574.61961582378 5.5000000000000009 35950.500000000007 25415.561728725286 25779.500000000004 22466.500000000004
decision_type=2 2 2 2 2 2 2 2 2 2 2 2 2 2 2 2 2 2
left_child=2 3 -1 8 -5 -3 9 -6 11 -4 -11 17 -9 -12 -14 -10 -17 -2
right_child=1 5 6 4 7 -7 -8 12 15 10 13 -13 14 -15 -16 16 -18 -19
leaf_value=-21.947778266611291 7.3418611453952698 18.667213272441057 -5.3870798585807167 27.757806957646903 21.509715638781156 57.074931000076369 -12.344701504035395 1.5220917427709661 -6.4497351255842279 2.629457092511899 0.87052771261743411 8.9877499463408768 16.351370669574443 -5.1974927232042871 3.0505641004613659 5.0845089627647031 -1.7352405238335615 0.2421103661506766
leaf_weight=14192 10492 11523 29229 6336 3274 7049 14955 45996 14955 18076 11958 13498 11791 33580 11684 12117 38908 50187
leaf_count=14192 10492 11523 29229 6336 3274 7049 14955 45996 14955 18076 11958 13498 11791 33580 11684 12117 38908 50187
internal_value=6.44665e-05 0.00129791 -0.00234003 0.000810878 0.00177248 0.00704716 -0.00168239 0.00141101 0.000268312 -0.00129776 -0.000643323 0.00101999 0.00116115 -0.00145393 0.00249416 -0.000576746 -8.57405e-05 0.000543678
internal_weight=359800 237810 121990 219238 79081 18572 107798 72745 140157 92843 63614 74177 69471 45538 23475 65980 51025 60679
internal_count=359800 237810 121990 219238 79081 18572 107798 72745 140157 92843 63614 74177 69471 45538 23475 65980 51025 60679
is_linear=0
shrinkage=0.0229654


Tree=144
num_leaves=19
num_cat=0
split_feature=37 37 37 37 35 35 37 36 36 37 36 35 37 36 35 0 35 37
split_gain=1950.1 1228.65 745.83 275.201 182.885 175.436 156.979 192.275 138.558 136.769 162.902 138.633 132.102 119.18 118.691 105.988 103.586 107.566
threshold=22905.088031179152 38473.853897399989 18139.320379618603 30917.013928228869 23117.500000000004 30270.500000000004 19710.194226256823 20945.500000000004 23776.500000000004 25527.6415586732 29272.500000000004 24670.500000000004 35510.355415441394 32663.500000000004 31136.500000000004 6.5000000000000009 35774.500000000007 33467.892597773149
decision_type=2 2 2 2 2 2 2 2 2 2 2 2 2 2 2 2 2 2
left_child=2 3 -1 8 6 -5 -4 -8 -2 11 -11 -10 13 -7 -12 -9 17 -15
right_child=1 -3 4 5 -6 12 7 15 9 10 14 -13 -14 16 -16 -17 -18 -19
leaf_value=-21.443738563612392 4.0851149264166571 37.528135297948609 -5.263363366689533 30.035892957934688 -12.061200385875729 7.2766874302004414 1.6969430414123243 0.43349739102301632 0.15706689662417775 3.1161616281425979 -0.76008858505397581 -6.5897845813956479 11.495500268428254 -5.1002507319559145 -14.285053993839 -6.20703475259588 -12.666047169602159 7.8717519588483782
leaf_weight=14192 35416 12842 29229 6875 14955 15435 25335 11109 25107 58768 19868 17914 20850 7145 4266 27170 4013 9311
leaf_count=14192 35416 12842 29229 6875 14955 15435 25335 11109 25107 58768 19868 17914 20850 7145 4266 27170 4013 9311
internal_value=6.33176e-05 0.00127425 -0.00229729 0.000879853 -0.00164574 0.00215888 -0.0012661 -0.000625995 0.000375429 1.85112e-05 0.000563733 -0.00103214 0.00173918 0.000894848 -0.00102485 -0.00165316 -0.000254124 0.000552644
internal_weight=359800 237810 121990 224968 107798 63629 92843 63614 161339 125923 82902 43021 56754 35904 24134 38279 20469 16456
internal_count=359800 237810 121990 224968 107798 63629 92843 63614 161339 125923 82902 43021 56754 35904 24134 38279 20469 16456
is_linear=0
shrinkage=0.0229654


Tree=145
num_leaves=19
num_cat=0
split_feature=35 35 35 3 25 28 3 31 1 36 6 15 1 29 1 15 28 13
split_gain=951.934 592.321 272.147 227.559 189.422 150.715 145.769 139.641 136.871 136.581 130.923 117.247 125.996 133.978 116.756 112.105 104.082 104.068
threshold=34880.500000000007 18844.500000000004 39830.500000000007 2.5000000000000004 11.475000000000003 1.7314592161016951 1.0000000180025095e-35 206.59375000000006 21.500000000000004 18113.500000000004 1.0000000180025095e-35 11.981250000000003 4.5000000000000009 408.5437500000001 7.5000000000000009 13.068750000000003 -1.0000000180025095e-35 -3.8437499999999996
decision_type=2 2 2 2 2 2 2 2 2 2 2 2 2 2 2 2 2 2
left_child=1 9 6 8 5 10 -2 14 11 -1 17 -3 -13 16 -6 -8 -14 -5
right_child=2 3 -4 4 7 -7 15 -9 -10 -11 -12 12 13 -15 -16 -17 -18 -19
leaf_value=-15.844582718480162 32.673719863835601 4.0544697574906525 38.916132415276024 13.973503886690075 -5.1799068353797102 -4.79059052573436 11.036502011782545 2.9489234932843797 -3.1487016594920418 -6.3893990185389402 -17.157031064029376 -5.6342348460314273 -4.7570923882647156 17.069068514947563 -3.0559298437017079 1.933481944342234 3.6744860070524425 1.7518863073231783
leaf_weight=8808 2464 49971 8360 1782 22565 15870 14858 9389 12808 20848 2150 10160 14466 7050 51301 14662 25153 67135
leaf_count=8808 2464 49971 8360 1782 22565 15870 14858 9389 12808 20848 2150 10160 14466 7050 51301 14662 25153 67135
internal_value=6.58069e-05 -0.000353982 0.00338982 -3.76417e-05 -0.000577131 0.00017263 0.0024255 -0.00136005 0.000730005 -0.00344528 0.00062449 0.000999038 0.000285507 0.000790053 -0.00169537 0.00197758 0.000270989 0.000798593
internal_weight=359800 319456 40344 289800 170192 86937 31984 83255 119608 29656 71067 106800 56829 46669 73866 29520 39619 68917
internal_count=359800 319456 40344 289800 170192 86937 31984 83255 119608 29656 71067 106800 56829 46669 73866 29520 39619 68917
is_linear=0
shrinkage=0.0229654


Tree=146
num_leaves=19
num_cat=0
split_feature=37 37 37 37 36 37 36 37 37 36 37 36 36 3 3 36 37 37
split_gain=1829.94 1128.03 788.802 216.03 146.802 182.973 121.499 189.022 125.632 116.376 109.136 94.5432 84.412 88.3411 128.584 83.9224 81.8874 80.5437
threshold=23737.101329373709 38473.853897399989 18139.320379618603 33138.221006374057 23892.500000000004 20593.95767831185 26315.500000000004 27508.88673103532 28060.695964053844 30729.500000000004 40097.014493550079 20158.000000000004 32663.500000000004 5.5000000000000009 3.5000000000000004 21757.500000000004 17512.56116814318 21623.970797757989
decision_type=2 2 2 2 2 2 2 2 2 2 2 2 2 2 2 2 2 2
left_child=2 3 16 6 5 15 7 -2 -8 -10 -3 -7 -5 14 -14 -4 -1 -6
right_child=1 10 4 12 17 11 8 -9 9 -11 -12 -13 13 -15 -16 -17 -18 -19
leaf_value=-29.498718191042752 2.4681666139297143 22.361645229608811 -3.5321755577596923 16.180256782838761 -24.923032160216078 3.6752228352185452 -2.2746248866872629 16.081101365724972 4.8260321538665458 -1.2750988720128971 59.767559094770171 -1.4718580841166291 9.1914205617285667 19.403418858590644 -2.2775612430176686 -15.154644623421145 -12.469349021388362 -6.7452916277086148
leaf_weight=7057 60492 7180 44202 7232 3716 11138 38866 6304 29012 24971 5662 51392 23744 3178 8223 4143 7135 16153
leaf_count=7057 60492 7180 44202 7232 3716 11138 38866 6304 29012 24971 5662 51392 23744 3178 8223 4143 7135 16153
internal_value=6.65729e-05 0.00141172 -0.00192757 0.00099218 -0.00136938 -0.00104362 0.000605261 0.00135222 6.78952e-05 0.000784686 0.00801161 -0.0002233 0.0024498 0.00198485 0.00162181 -0.00210463 -0.00706989 -0.00318723
internal_weight=359800 214864 144936 202022 130744 110875 159645 66796 92849 53983 12842 62530 42377 35145 31967 48345 14192 19869
internal_count=359800 214864 144936 202022 130744 110875 159645 66796 92849 53983 12842 62530 42377 35145 31967 48345 14192 19869
is_linear=0
shrinkage=0.0229654


Tree=147
num_leaves=19
num_cat=0
split_feature=35 35 35 3 7 3 0 3 12 0 3 29 26 15 4 3 7 28
split_gain=876.05 553.496 260.797 213.477 186.799 141.832 132.101 130.625 130.211 122.497 227.68 145.861 108.461 103.99 103.718 102.834 116.816 95.2819
threshold=34880.500000000007 18844.500000000004 39830.500000000007 2.5000000000000004 0.55438071450436044 1.0000000180025095e-35 44.500000000000007 4.5000000000000009 7.606250000000002 11.500000000000002 1.0000000180025095e-35 378.03125000000006 18.747265625000004 13.068750000000003 8.5000000000000018 2.5000000000000004 0.75023006073889154 1.0000000180025095e-35
decision_type=2 2 2 2 2 2 2 2 2 2 2 2 2 2 2 2 2 2
left_child=1 15 5 6 8 -2 9 17 -5 10 -3 14 -12 -7 -11 -1 -17 -6
right_child=2 3 -4 4 7 13 -8 -9 -10 11 12 -13 -14 -15 -16 16 -18 -19
leaf_value=-5.2018436118723415 31.380698074445874 -7.5194992475135853 37.244718562856427 4.7381373806898646 1.4551241857004475 10.501514779699729 -3.0525475958730586 -6.3120128104090343 -1.0897539725120209 0.98856907552701268 1.0293256514065747 14.412918471433192 10.555470285869653 1.7182270183675439 6.9796489728795823 -11.902840312364104 -17.040489794603946 -3.9276996321351336
leaf_weight=17456 2464 7944 8360 21457 13598 14858 12808 26640 93855 46118 17823 15424 1233 14662 18258 6176 6024 14642
leaf_count=17456 2464 7944 8360 21457 13598 14858 12808 26640 93855 46118 17823 15424 1233 14662 18258 6176 6024 14642
internal_value=6.7275e-05 -0.000335435 0.00325605 -2.96379e-05 -0.000552167 0.00231205 0.000713877 -0.00165503 -2.72848e-05 0.00097818 -0.000358941 0.00143059 0.00100269 0.00187022 0.000949995 -0.0033237 -0.00494133 -0.000566816
internal_weight=359800 319456 40344 289800 170192 31984 119608 54880 115312 106800 27000 79800 19056 29520 64376 29656 12200 28240
internal_count=359800 319456 40344 289800 170192 31984 119608 54880 115312 106800 27000 79800 19056 29520 64376 29656 12200 28240
is_linear=0
shrinkage=0.0229654


Tree=148
num_leaves=19
num_cat=0
split_feature=10 29 6 36 0 15 0 36 0 3 3 3 0 0 36 23 10 1
split_gain=791.961 343.358 271.214 242.047 215.187 190.834 216.668 179.211 178.316 176.925 173.469 138.292 112.128 107.733 111.943 97.5155 88.9154 80.5689
threshold=0.6830127018922193 371.9812500000001 1.0000000180025095e-35 18336.000000000004 16.500000000000004 12.618750000000004 16.500000000000004 38285.500000000007 41.500000000000007 5.5000000000000009 3.5000000000000004 2.5000000000000004 24.500000000000004 32.500000000000007 30610.500000000004 4.9750000000000032 -0.5 22.500000000000004
decision_type=2 2 2 2 2 2 2 2 2 2 2 2 2 2 2 2 2 2
left_child=1 3 4 9 -2 11 -7 -3 10 -1 13 -5 -4 14 -6 -13 -11 -8
right_child=2 7 12 5 8 6 17 -9 -10 16 -12 15 -14 -15 -16 -17 -18 -19
leaf_value=-3.4669560913447017 1.5651933280980648 2.7535278579654543 -32.622419416693063 1.7558847304199272 38.227841207661633 -8.3624972710563696 -2.2440839573583293 24.044901139702407 1.7697076546805295 -18.575222962655278 8.6168277134653266 -0.95305004502495094 -1.973312621177931 30.648728170458511 14.007264484969051 -14.446200713524737 -3.2086991886564955 -9.6583593006238324
leaf_weight=11801 26624 45458 1344 50601 1760 20585 74400 3010 11648 6840 18200 54618 1344 8424 13216 4596 1877 3454
leaf_count=11801 26624 45458 1344 50601 1760 20585 74400 3010 11648 6840 18200 54618 1344 8424 13216 4596 1877 3454
internal_value=6.59346e-05 -0.000522031 0.00204035 -0.000894034 0.00228182 -0.00065956 -0.00139383 0.00123384 0.00312471 -0.0032739 0.00382794 -1.35933e-06 -0.00513475 0.00513581 0.00396711 -0.000754732 -0.00575518 -0.000839809
internal_weight=359800 277240 82560 228772 79872 208254 98439 48468 53248 20518 41600 109815 2688 23400 14976 59214 8717 77854
internal_count=359800 277240 82560 228772 79872 208254 98439 48468 53248 20518 41600 109815 2688 23400 14976 59214 8717 77854
is_linear=0
shrinkage=0.0229654


Tree=149
num_leaves=19
num_cat=0
split_feature=37 37 37 37 36 36 36 37 36 37 37 36 0 37 36 37 13 0
split_gain=1676.07 1118.99 659.941 237.391 172.666 148.871 143.335 133.353 131.93 117.341 110.8 152.401 103.197 88.9079 88.787 79.4717 74.484 68.7546
threshold=22689.98080292749 38473.853897399989 18031.999696501833 30273.138219804448 27819.500000000004 24779.500000000004 23667.500000000004 24717.614730698628 27525.500000000004 40097.014493550079 19161.366179972218 19594.500000000004 6.5000000000000009 35846.50295650318 32237.500000000004 27434.633048687825 17.831250000000008 43.500000000000007
decision_type=2 2 2 2 2 2 2 2 2 2 2 2 2 2 2 2 2 2
left_child=2 3 -1 6 -5 10 16 -8 15 -3 -4 -12 -13 14 -6 -9 -2 -10
right_child=1 9 5 4 13 -7 7 8 17 -11 11 12 -14 -15 -16 -17 -18 -19
leaf_value=-20.936666265326288 2.7559369053985372 20.888645495712083 -5.7704909561133872 37.765682255963284 7.737002516971125 -19.658456936294755 -3.6557529352099789 1.5998561605740111 -0.57990532009986506 57.088391389736621 1.8255902514629339 -0.25443229277485863 -5.2636219162912186 10.776437297995342 1.6094712925364922 7.6044846662635264 9.1081174458735568 -6.8703694666984063
leaf_weight=12749 31393 7180 19644 2085 19721 5021 30339 38280 36479 5662 16814 19264 42827 18288 30616 11304 5710 6424
leaf_count=12749 31393 7180 19644 2085 19721 5021 30339 38280 36479 5662 16814 19264 42827 18288 30616 11304 5710 6424
internal_value=6.38921e-05 0.00114728 -0.00220387 0.000779905 0.00188796 -0.00159696 0.000289995 -8.78783e-05 0.000345523 0.00774515 -0.00140043 -0.00101621 -0.00154142 0.00169015 0.00119191 0.00115235 0.00154091 -0.000586942
internal_weight=359800 243481 116319 230639 70710 103570 159929 122826 92487 12842 98549 78905 62091 68625 50337 49584 37103 42903
internal_count=359800 243481 116319 230639 70710 103570 159929 122826 92487 12842 98549 78905 62091 68625 50337 49584 37103 42903
is_linear=0
shrinkage=0.0229654


Tree=150
num_leaves=19
num_cat=0
split_feature=37 37 37 37 35 37 36 36 35 37 36 37 36 35 37 35 35 35
split_gain=1609.12 1061.12 699.511 245.739 154.958 137.165 172.913 147.758 135.657 129.206 182.696 122.087 118.194 103.659 158.726 118.606 107.257 89.0378
threshold=23426.150605651444 39042.268978538174 18139.320379618603 35510.355415441394 24939.500000000004 20593.95767831185 21479.500000000004 21704.500000000004 22890.500000000004 25946.294400098846 26466.500000000004 29110.947298392126 24995.500000000004 35774.500000000007 31742.305191497588 31795.000000000004 32229.500000000004 21182.500000000004
decision_type=2 2 2 2 2 2 2 2 2 2 2 2 2 2 2 2 2 2
left_child=2 3 -1 8 5 7 -7 17 -2 12 11 -11 -10 14 16 -16 -12 -4
right_child=1 -3 4 -5 -6 6 -8 -9 9 10 13 -13 -14 -15 15 -17 -18 -19
leaf_value=-19.18735644147533 8.4291876502390384 39.873604332733187 -2.0000007088501719 11.308185250466503 -18.114957206325204 2.1498370131143809 -3.2358535540947901 -17.862462267949923 1.0683525100448288 6.2473129072794853 0.85748441432787226 31.359792395513825 -4.0929795405054872 -7.8291341825624601 19.398768931405773 3.7659841239777454 -9.8846878957429833 -11.258443065196612
leaf_weight=14192 14015 9971 35768 24058 5993 24400 42343 5727 32574 18930 58056 1938 24024 6482 8146 19491 5735 7957
leaf_count=14192 14015 9971 35768 24058 5993 24400 42343 5727 32574 18930 58056 1938 24024 6482 8146 19491 5735 7957
internal_value=6.49133e-05 0.00126483 -0.00190082 0.000922763 -0.00134028 -0.00115455 -0.000475356 -0.00207121 0.000645039 0.000471287 0.000901579 0.00285252 -0.000431732 0.000485766 0.000684732 0.00213849 5.49016e-05 -0.0016169
internal_weight=359800 223420 136380 213449 122188 116195 66743 49452 189391 175376 118778 20868 56598 97910 91428 27637 63791 43725
internal_count=359800 223420 136380 213449 122188 116195 66743 49452 189391 175376 118778 20868 56598 97910 91428 27637 63791 43725
is_linear=0
shrinkage=0.0229654


Tree=151
num_leaves=19
num_cat=0
split_feature=37 37 37 37 35 37 35 37 35 35 15 35 37 35 37 37 26 37
split_gain=1558.9 1049.39 651.702 251.793 168.596 170.069 113.05 133.301 150.413 115.669 107.212 101.783 122.846 94.3585 108.329 86.0972 75.3522 70.509
threshold=22905.088031179152 39042.268978538174 17921.267400100896 34574.61961582378 23117.500000000004 19228.289749810432 22775.500000000004 25880.966961899576 26490.500000000004 26282.500000000004 12.056250000000004 33403.500000000007 31742.305191497588 35774.500000000007 36558.079481930494 27736.99555956195 20.375130208333339 40588.166703123112
decision_type=2 2 2 2 2 2 2 2 2 2 2 2 2 2 2 2 2 2
left_child=2 3 -1 6 5 -4 -2 9 15 16 -7 12 -10 -5 -15 -9 -8 -3
right_child=1 17 4 13 -6 10 7 8 11 -11 -12 -13 -14 14 -16 -17 -18 -19
leaf_value=-21.202673725011262 6.3260974321279182 23.6962358721517 -5.763133043007028 17.168166734306347 -11.382191941582413 0.25023779824813264 -0.45767823320501694 4.3827630810919125 0.87903974599468926 -7.1260786942076013 -4.6223872568196418 -4.4265595884373479 9.1803596887806904 -1.6651799337187152 10.004340410085197 21.724597841713233 8.2735056759970078 61.343180690124946
leaf_weight=11276 18501 5753 22553 12559 14960 41311 49803 14455 64567 12921 31890 14370 13205 7302 12702 5132 2322 4218
leaf_count=11276 18501 5753 22553 12559 14960 41311 49803 14455 64567 12921 31890 14370 13205 7302 12702 5132 2322 4218
internal_value=6.27432e-05 0.00114542 -0.00204785 0.000826281 -0.00151216 -0.00115794 0.000514521 0.000335761 0.000816941 -0.000490759 -0.000620716 0.000428442 0.000756537 0.00269586 0.00171632 0.00264453 -8.59138e-06 0.00843785
internal_weight=359800 237810 121990 227839 110714 95754 195276 176775 111729 65046 73201 92142 77772 32563 20004 19587 52125 9971
internal_count=359800 237810 121990 227839 110714 95754 195276 176775 111729 65046 73201 92142 77772 32563 20004 19587 52125 9971
is_linear=0
shrinkage=0.0229654


Tree=152
num_leaves=19
num_cat=0
split_feature=37 37 37 37 35 36 37 35 35 37 35 37 35 36 37 36 36 37
split_gain=1504.46 940.279 757.313 183.98 168.484 141.972 168.903 170.006 131.477 127.071 102.487 146.217 121.562 120.158 192.518 103.548 98.4415 129.274
threshold=24717.614730698628 39042.268978538174 18324.567058026765 35510.355415441394 24553.500000000004 25051.500000000004 21453.201029702428 22775.500000000004 26282.500000000004 17512.56116814318 35774.500000000007 32659.076238648933 32660.500000000004 30043.500000000004 29003.814788121697 25267.500000000004 19594.500000000004 19161.366179972218
decision_type=2 2 2 2 2 2 2 2 2 2 2 2 2 2 2 2 2 2
left_child=2 3 9 4 -2 6 7 16 -8 -1 11 13 -13 14 15 -6 17 -4
right_child=1 -3 5 -5 10 -7 8 -9 -10 -11 -12 12 -14 -15 -16 -17 -18 -19
leaf_value=-26.870959223100261 9.6632119498308384 38.191609650819373 -3.1423589879082567 10.832703033697303 4.1290966793446131 -8.4025698942534568 0.66246669813461601 -17.570579222640539 -12.30678552301085 -9.8941611612832379 -7.710098410879545 20.153735176327178 3.944245524577807 -3.0510109824680463 9.1112106210440871 -0.70583126098297966 -3.9611754870546854 2.9720249095301474
leaf_weight=7057 15299 9971 10906 24058 20715 18282 66748 6153 4607 9960 6498 6875 13062 27983 14946 47080 37338 12262
leaf_count=7057 15299 9971 10906 24058 20715 18282 66748 6153 4607 9960 6498 6875 13062 27983 14946 47080 37338 12262
internal_value=6.21049e-05 0.00149372 -0.00147833 0.00110614 0.000811618 -0.000977414 -0.0007255 -0.00155672 5.10128e-05 -0.00607908 0.000556642 0.000696638 0.00250711 0.000370644 0.000810608 0.000290476 -0.00118687 -1.09038e-05
internal_weight=359800 186487 173313 176516 152458 156296 138014 66659 71355 17017 137159 130661 19937 110724 82741 67795 60506 23168
internal_count=359800 186487 173313 176516 152458 156296 138014 66659 71355 17017 137159 130661 19937 110724 82741 67795 60506 23168
is_linear=0
shrinkage=0.0229654


Tree=153
num_leaves=19
num_cat=0
split_feature=10 29 6 25 36 24 3 36 21 3 3 8 6 8 8 26 36 4
split_gain=680.901 292.644 256.34 215.344 195.908 186.298 158.277 156.154 142.599 132.187 121.014 116.377 107.029 105.985 102.099 95.8046 91.3448 88.8631
threshold=0.6830127018922193 371.9812500000001 1.0000000180025095e-35 2.7429687499999997 18336.000000000004 3.3499999999999996 5.5000000000000009 38285.500000000007 19.769921875000005 2.5000000000000004 3.5000000000000004 -0.65793410509763406 1.0000000180025095e-35 0.25881904510252057 0.99572243068690536 9.0048177083333361 33893.500000000007 8.5000000000000018
decision_type=2 2 2 2 2 2 2 2 2 2 2 2 2 2 2 2 2 2
left_child=1 4 3 16 6 10 -1 -3 9 12 13 -10 14 -5 17 -7 -2 -6
right_child=2 7 -4 5 8 15 -8 -9 11 -11 -12 -13 -14 -15 -16 -17 -18 -19
leaf_value=-2.9590253935621296 12.988699564362136 2.5118903513337196 -21.210019156913884 15.137818665783827 -0.54565380381315443 4.0684693919409156 -14.374359748565743 21.11396312765978 -5.755963653512822 -3.1494411547544976 2.8828235618870299 5.8358691317969322 -11.640154482351646 3.3895243178077457 -9.9556409308128746 -10.978499829312948 42.126903710781846 3.8636779077722241
leaf_weight=11801 7802 45458 2688 20642 63066 3280 8717 3010 3535 106888 27565 10498 3435 13919 1837 3523 3141 18995
leaf_count=11801 7802 45458 2688 20642 63066 3280 8717 3010 3535 106888 27565 10498 3435 13919 1837 3523 3141 18995
internal_value=6.1339e-05 -0.000483844 0.00189209 0.00212684 -0.000827278 0.00165171 -0.00296833 0.00113718 -0.000616332 -0.000777866 0.0020468 0.00161935 -0.000115047 0.00295199 4.7629e-05 -0.00195626 0.00511963 0.000167495
internal_weight=359800 277240 82560 79872 228772 68929 20518 48468 208254 194221 62126 14033 87333 34561 83898 6803 10943 82061
internal_count=359800 277240 82560 79872 228772 68929 20518 48468 208254 194221 62126 14033 87333 34561 83898 6803 10943 82061
is_linear=0
shrinkage=0.0229654


Tree=154
num_leaves=19
num_cat=0
split_feature=37 37 37 37 37 37 0 3 0 23 0 3 21 37 26 0 6 3
split_gain=1420.93 877.09 760.15 154.773 132.355 130.207 95.461 97.2262 211.168 93.7721 85.018 84.3689 83.7669 80.767 80.5185 73.3212 68.5992 67.591
threshold=25301.641546275634 39042.268978538174 18324.567058026765 35510.355415441394 21397.667587999687 17512.56116814318 42.500000000000007 1.0000000180025095e-35 10.500000000000002 -3.2499999999999982 19.500000000000004 3.5000000000000004 19.769921875000005 40588.166703123112 18.637630208333338 47.500000000000007 1.0000000180025095e-35 5.5000000000000009
decision_type=2 2 2 2 2 2 2 2 2 2 2 2 2 2 2 2 2 2
left_child=2 3 5 6 9 -1 7 8 -2 14 -10 -7 15 -3 -4 -6 -11 -9
right_child=1 13 4 -5 12 11 -8 17 10 16 -12 -13 -14 -15 -16 -17 -18 -19
leaf_value=-26.148665840694626 -18.264167729382685 21.876824865533631 -1.6512959537185461 10.378235916217053 -0.95702512007512597 -17.765768363915466 -0.90182758096320093 1.8873658188083939 23.929979211043719 -4.7632346552783469 8.8676289501044785 -6.8222677545184096 4.880062551518531 58.507835782215672 4.006968762780704 -5.7415001818696814 -25.003216926859146 8.3870090464224258
leaf_weight=7057 859 5753 14755 24058 93454 2386 24679 83696 3757 46364 11500 7574 6990 4218 3640 4576 2031 12453
leaf_count=7057 859 5753 14755 24058 93454 2386 24679 83696 3757 46364 11500 7574 6990 4218 3640 4576 2031 12453
internal_value=6.04454e-05 0.00157714 -0.00131284 0.0011678 -0.000854269 -0.00594277 0.000869353 0.00115364 0.00280441 -0.00165355 0.00342818 -0.00425183 -0.000345946 0.0081868 -0.000257807 -0.000519141 -0.00218407 0.000876946
internal_weight=359800 170973 188827 161002 171810 17017 136944 112265 16116 66790 15257 9960 105020 9971 18395 98030 48395 96149
internal_count=359800 170973 188827 161002 171810 17017 136944 112265 16116 66790 15257 9960 105020 9971 18395 98030 48395 96149
is_linear=0
shrinkage=0.0229654


Tree=155
num_leaves=19
num_cat=0
split_feature=35 35 10 15 6 35 30 28 36 26 10 28 25 0 31 6 16 28
split_gain=642.526 479.774 224.025 181.331 176.688 168.929 135.956 159.97 122.396 106.806 161.393 105.285 103.85 103.441 100.781 99.9393 98.6766 96.1097
threshold=37073.500000000007 18844.500000000004 0.6830127018922193 17.306250000000002 1.0000000180025095e-35 41867.500000000007 1017.3437500000001 -5.0299502899751438 18113.500000000004 20.375130208333339 -0.5 2.7219068877551025 7.9539062500000011 24.500000000000004 97.143750000000026 1.0000000180025095e-35 1.0625000000000002 0.053349358974359447
decision_type=2 2 2 2 2 2 2 2 2 2 2 2 2 2 2 2 2 2
left_child=1 8 3 9 6 17 -4 -8 -1 10 -3 14 16 -6 -12 -10 -9 -2
right_child=5 2 4 -5 13 -7 7 12 15 -11 11 -13 -14 -15 -16 -17 -18 -19
leaf_value=-13.230197215052147 15.835558979608344 -1.6755978447638806 8.9362316501099208 -5.4308858884170741 -31.06724683832401 57.389994316065845 14.975081267776851 0.11893872555222135 -3.8570988354149969 5.1967413979852548 1.8504905749506848 -3.2426452569721094 -6.6209943054241673 -0.49137022208219044 16.334642047901038 -29.085072599843038 16.438772263521578 2.0590283238495211
leaf_weight=8808 14611 78576 21023 49021 1240 2752 5014 20930 19216 10200 88790 14081 7783 1312 1204 1632 7418 6189
leaf_count=8808 14611 78576 21023 49021 1240 2752 5014 20930 19216 10200 88790 14081 7783 1312 1204 1632 7418 6189
internal_value=5.69348e-05 -0.000199911 6.98868e-05 -0.000251234 0.00126998 0.00372388 0.0015131 0.00074542 -0.00298916 6.57937e-05 -6.19239e-05 0.000531244 0.000211978 -0.00465248 0.000820175 -0.00203018 0.000857112 0.00301642
internal_weight=359800 336248 306592 241872 64720 23552 62168 41145 29656 192851 182651 104075 36131 2552 89994 20848 28348 20800
internal_count=359800 336248 306592 241872 64720 23552 62168 41145 29656 192851 182651 104075 36131 2552 89994 20848 28348 20800
is_linear=0
shrinkage=0.0229654


Tree=156
num_leaves=19
num_cat=0
split_feature=7 25 16 6 28 3 7 3 3 15 26 16 8 16 19 16 7 3
split_gain=601.396 368.704 354.571 215.287 154.045 148.964 231.383 129.761 159.998 126.036 112.531 108.597 102.021 133.253 95.8551 91.4997 80.8215 80.452
threshold=-0.79335334029123528 10.92057291666667 49.312500000000007 1.0000000180025095e-35 1.5027141173389216 4.5000000000000009 0.82968937203783699 3.5000000000000004 5.5000000000000009 12.731250000000003 0.78072916666666681 0.81250000000000011 -0.5 155.31250000000003 10.606250000000003 589.18750000000011 0.25881904510252096 3.5000000000000004
decision_type=2 2 2 2 2 2 2 2 2 2 2 2 2 2 2 2 2 2
left_child=2 3 7 4 10 9 15 -1 14 -3 -2 -11 13 -12 -9 16 -7 -4
right_child=1 5 17 -5 -6 6 -8 8 -10 11 12 -13 -14 -15 -16 -17 -18 -19
leaf_value=17.150907590598969 16.873963402443025 -0.23796517377406556 3.9843978885003359 -14.84871657474161 -2.9380505349693076 0.30328673499133968 -10.102872493668407 -2.5549056273544881 16.388138416816059 -8.0483026970417129 12.17706288220454 -3.3762579599893736 0.64176746222772196 0.2519735669454603 15.581204649403945 -23.197622305542286 -5.5122752902816616 -1.518707222247992
leaf_weight=17128 3145 61478 25752 4050 24926 15202 10118 6631 4307 13187 24068 28713 69700 15085 1822 2992 12176 19320
leaf_count=17128 3145 61478 25752 4050 24926 15202 10118 6631 4307 13187 24068 28713 69700 15085 1822 2992 12176 19320
internal_value=5.66795e-05 -0.000424978 0.00188693 0.000409707 0.000564055 -0.00124288 -0.00242371 0.00382654 0.00207337 -0.000780412 0.00092745 -0.00175173 0.000803714 0.00174178 0.000237723 -0.00142163 -0.00100491 0.000600733
internal_weight=359800 284840 74960 140974 136924 143866 40488 29888 12760 103378 111998 41900 108853 39153 8453 30370 27378 45072
internal_count=359800 284840 74960 140974 136924 143866 40488 29888 12760 103378 111998 41900 108853 39153 8453 30370 27378 45072
is_linear=0
shrinkage=0.0229654


Tree=157
num_leaves=19
num_cat=0
split_feature=10 6 36 15 24 3 30 25 0 3 3 0 0 26 36 0 16 0
split_gain=602.333 235.186 232.534 199.88 197.11 155.391 154.777 153.463 146.511 139.674 121.646 115.195 120.521 110.403 108.821 106.085 101.896 89.5127
threshold=0.6830127018922193 1.0000000180025095e-35 18336.000000000004 17.306250000000002 3.6500000000000004 5.5000000000000009 990.00625000000014 0.64062499999999967 12.500000000000002 4.5000000000000009 2.5000000000000004 12.500000000000002 40.500000000000007 9.0048177083333361 38285.500000000007 24.500000000000004 125.18750000000001 23.500000000000004
decision_type=2 2 2 2 2 2 2 2 2 2 2 2 2 2 2 2 2 2
left_child=2 4 5 6 7 -1 10 -2 -5 11 -4 -9 16 -6 -8 -3 -13 -11
right_child=1 15 3 8 13 -7 14 9 -10 17 -12 12 -14 -15 -16 -17 -18 -19
leaf_value=-2.511677397088 24.112697635446985 -29.659340316492461 0.84167464800778358 -13.285547045434217 5.0807472246067427 -13.184244899560952 2.8141806938669638 1.7898701779402613 -3.8820589257084483 -3.0309296819731517 -1.8716457397479087 17.42186228944097 2.3330447348168244 -11.733407048180558 18.820844957408898 -1.6568632644128252 2.5936378386586338 6.6592185436870182
leaf_weight=11936 3942 1344 72135 7185 3000 8936 43234 12224 44926 9657 86139 25524 7981 3157 2749 1344 3706 10681
leaf_count=11936 3942 1344 72135 7185 3000 8936 43234 12224 44926 9657 86139 25524 7981 3157 2749 1344 3706 10681
internal_value=5.55944e-05 0.00177748 -0.000457171 -0.000267396 0.00200234 -0.00278815 5.6498e-05 0.00233206 -0.00153695 0.00208299 -0.000284249 0.00274205 0.00337745 -0.00194518 0.00122935 -0.00490407 0.00406039 0.000481034
internal_weight=359800 82560 277240 256368 79872 20872 204257 73715 52111 69773 158274 49435 37211 6157 45983 2688 29230 20338
internal_count=359800 82560 277240 256368 79872 20872 204257 73715 52111 69773 158274 49435 37211 6157 45983 2688 29230 20338
is_linear=0
shrinkage=0.0229654


Tree=158
num_leaves=19
num_cat=0
split_feature=37 37 37 37 13 23 26 37 27 37 1 22 1 5 22 27 13 37
split_gain=1280.22 944.658 572.83 197.648 135.055 125.906 91.8325 90.2191 81.4948 79.676 64.887 62.1013 59.2676 55.1122 48.4517 70.4397 50.3196 46.4834
threshold=22689.98080292749 39042.268978538174 17796.853298326216 30273.138219804448 19.231250000000006 -4.5999999999999979 18.144401041666672 40588.166703123112 0.38314732142857283 18797.470132382845 21.500000000000004 17.246137152777781 1.0000000180025095e-35 1.0000000180025095e-35 7.3659288194444459 3.7994791666666665 -3.8437499999999996 17350.890228859495
decision_type=2 2 2 2 2 2 2 2 2 2 2 2 2 2 2 2 2 2
left_child=2 3 17 4 10 6 -4 -3 -5 13 11 14 -11 -7 15 16 -2 -1
right_child=1 7 5 8 -6 9 -8 -9 -10 12 -12 -13 -14 -15 -16 -17 -18 -19
leaf_value=-28.167176654620803 9.5500090162022087 20.42394099140266 -0.85133615938528084 8.2744980136881221 5.530455584103831 -9.0825901848070423 6.1768374979129188 55.708101650154823 3.0786633567136086 1.4284962337375622 -2.2663006980313312 -3.2870186175530964 -3.8229429732589106 -4.932380927780379 1.9581347892455609 -12.778480476644411 -0.74900442262744649 -12.176276950233627
leaf_weight=5604 1638 5753 8713 39397 12942 6578 3641 4218 34184 5570 21558 10327 74228 7713 85152 2338 25974 4272
leaf_count=5604 1638 5753 8713 39397 12942 6578 3641 4218 34184 5570 21558 10327 74228 7713 85152 2338 25974 4272
internal_value=5.48923e-05 0.00100174 -0.00192706 0.000706144 0.000252947 -0.00143616 0.000743578 0.00792423 0.00169117 -0.00172236 5.49187e-05 0.00025496 -0.00143955 -0.00330155 0.000408023 -0.000386463 -6.23789e-05 -0.00721797
internal_weight=359800 243481 116319 233510 159929 106443 12354 9971 73581 94089 146987 125429 79798 14291 115102 29950 27612 9876
internal_count=359800 243481 116319 233510 159929 106443 12354 9971 73581 94089 146987 125429 79798 14291 115102 29950 27612 9876
is_linear=0
shrinkage=0.0229654


Tree=159
num_leaves=19
num_cat=0
split_feature=37 37 37 15 37 35 37 36 1 37 35 37 36 37 36 35 35 37
split_gain=1229.78 853.813 652.022 170.973 145.509 140.291 129.59 133.831 111.57 113.98 105.324 127.028 98.3737 103.411 127.233 99.0632 96.2238 95.8743
threshold=24366.059982709161 39042.268978538174 17921.267400100896 19.731250000000006 35510.355415441394 23876.500000000004 19019.042623416553 19968.500000000004 2.5000000000000004 21915.138123433535 35774.500000000007 33138.221006374057 25267.500000000004 27293.166056024627 30043.500000000004 30882.500000000004 32660.500000000004 26202.290285372062
decision_type=2 2 2 2 2 2 2 2 2 2 2 2 2 2 2 2 2 2
left_child=2 4 -1 6 5 -2 -4 -8 -9 -10 11 12 17 -14 -15 -16 -13 -7
right_child=1 -3 3 -5 -6 10 7 8 9 -11 -12 16 13 14 15 -17 -18 -19
leaf_value=-18.548240054150575 9.7287954137355666 33.988121381029124 -4.9409206118625191 -11.515178640010287 9.3596333295202516 1.5265665627838931 1.9216278431316902 0.86514291958925038 -6.0228971027922551 -1.5439420036274789 -7.824743020362372 21.066946310445179 -2.5266460434847255 3.8589686847532008 2.7279286090759149 -5.9053561218013844 4.5501356012455005 10.262498522777113
leaf_weight=11276 13110 9971 16750 16772 24058 19657 25039 22561 25776 45106 6498 5175 34137 34553 15550 14487 10997 8327
leaf_count=11276 13110 9971 16750 16772 24058 19657 25039 22561 25776 45106 6498 5175 34137 34553 15550 14487 10997 8327
internal_value=5.38072e-05 0.00127763 -0.00141916 -0.0010239 0.00092767 0.000680874 -0.000752652 -0.000485351 -0.000884892 -0.00133259 0.000480967 0.00061101 0.000366382 2.5704e-05 0.000566046 -0.000527171 0.00252773 0.00156829
internal_weight=359800 196520 163280 152004 186549 162491 135232 118482 93443 70882 149381 142883 126711 98727 64590 30037 16172 27984
internal_count=359800 196520 163280 152004 186549 162491 135232 118482 93443 70882 149381 142883 126711 98727 64590 30037 16172 27984
is_linear=0
shrinkage=0.0229654


Tree=160
num_leaves=19
num_cat=0
split_feature=37 37 37 37 36 15 3 36 37 36 0 3 37 3 37 0 37 15
split_gain=1184.88 902.102 548.827 184.526 205.303 175.617 168.655 152.588 115.146 107.411 104.205 103.429 100.73 96.7946 91.9736 85.7179 84.9978 80.6576
threshold=22689.98080292749 39042.268978538174 17658.666800385352 29110.947298392126 27525.500000000004 14.681250000000004 1.0000000180025095e-35 25687.500000000004 25880.966961899576 24779.500000000004 20.500000000000004 5.5000000000000009 19019.042623416553 3.5000000000000004 40588.166703123112 13.500000000000002 25415.561728725286 16.481250000000006
decision_type=2 2 2 2 2 2 2 2 2 2 2 2 2 2 2 2 2 2
left_child=2 3 -1 7 -5 9 10 8 -2 12 -6 13 -4 -8 -3 -14 -9 -15
right_child=1 14 5 4 6 -7 11 16 -10 -11 -12 -13 15 17 -16 -17 -18 -19
leaf_value=-21.518275057600427 1.0708147342483092 19.174345728292128 -3.9399599177429154 22.314566219636262 33.596638150758842 -8.9792338735440538 3.7405313173655332 -5.9259609374414071 7.6796642465468095 -16.853527930551316 10.514199111808809 10.920216225065499 0.66525735338236136 0.51019190828649696 53.648191208762256 -3.7755910431963153 -0.45163096634271532 -9.2129480381912412
leaf_weight=8483 65883 5753 14653 3949 2848 32429 39447 15422 13498 2562 10995 8715 37674 15165 4218 20518 51025 6563
leaf_count=8483 65883 5753 14653 3949 2848 32429 39447 15422 13498 2562 10995 8715 37674 15165 4218 20518 51025 6563
internal_value=5.50838e-05 0.00096599 -0.00185164 0.000677131 0.00150969 -0.0014092 0.00126836 0.000176538 0.000856201 -0.000801431 0.00358425 0.000809655 -0.000638883 0.000476201 0.00773076 -0.000210348 -0.000635422 -0.000754662
internal_weight=359800 243481 116319 233510 87682 107836 83733 145828 79381 75407 13843 69890 72845 61175 9971 58192 66447 21728
internal_count=359800 243481 116319 233510 87682 107836 83733 145828 79381 75407 13843 69890 72845 61175 9971 58192 66447 21728
is_linear=0
shrinkage=0.0229654


Tree=161
num_leaves=19
num_cat=0
split_feature=37 37 37 37 15 37 36 1 6 37 36 36 25 37 36 8 8 1
split_gain=1146.22 918.792 371.935 281.303 166.33 160.557 108.647 106.991 122.374 91.3042 81.0129 76.363 64.9 62.7096 61.3589 60.5019 57.7712 56.5398
threshold=36939.885737871497 18490.590301764427 24366.059982709161 40097.014493550079 19.731250000000006 17512.56116814318 23892.500000000004 20.500000000000004 1.0000000180025095e-35 21113.0901851915 19594.500000000004 24730.000000000004 4.8096354166666675 21738.779508258558 20345.500000000004 0.99572243068690536 -0.19467261866128607 12.500000000000002
decision_type=2 2 2 2 2 2 2 2 2 2 2 2 2 2 2 2 2 2
left_child=1 5 4 -2 6 -1 9 8 14 10 -3 -9 -13 -8 -4 -11 -12 -10
right_child=3 2 7 -5 -6 -7 13 11 17 15 16 12 -14 -15 -16 -17 -18 -19
leaf_value=-23.376705420720242 12.434655946977644 0.2278097610712288 21.840582549341683 46.298671614898808 -11.106006704080654 -7.6398496030912506 -18.746121983683764 4.3758058076860475 -39.555879191818349 1.3372947704645248 -11.189037759968475 2.9474757202382871 -3.1246420521217506 -3.7364760756338118 3.2432877459359752 -4.3713390849339735 -2.0105218583418787 -5.4025455396175293
leaf_weight=7057 17137 20803 918 5662 15973 12751 3013 4403 814 50363 7102 5906 19722 21341 140144 3367 21510 1814
leaf_count=7057 17137 20803 918 5662 15973 12751 3013 4403 814 50363 7102 5906 19722 21341 140144 3367 21510 1814
internal_value=5.75093e-05 -0.000279639 2.00192e-05 0.00504103 -0.000845324 -0.00507818 -0.000568556 0.000734685 0.000995237 -0.000242802 -0.000955285 -0.000511982 -0.00099199 -0.0019482 0.00108671 0.000412463 -0.00174817 -0.00391496
internal_weight=359800 337001 317193 22799 143472 19808 127499 173721 143690 103145 49415 30031 25628 24354 141062 53730 28612 2628
internal_count=359800 337001 317193 22799 143472 19808 127499 173721 143690 103145 49415 30031 25628 24354 141062 53730 28612 2628
is_linear=0
shrinkage=0.0229654


Tree=162
num_leaves=19
num_cat=0
split_feature=37 37 37 37 15 35 37 36 35 37 37 36 15 35 37 35 36 35
split_gain=1122.9 935.02 406.87 207.1 166.41 152.027 142.639 135.48 134.46 127.633 117.375 109.36 92.0095 84.0621 89.5502 85.0349 92.2647 76.4963
threshold=38757.320078214347 18797.470132382845 25301.641546275634 17512.56116814318 20.681250000000006 25151.500000000004 33467.892597773149 26466.500000000004 32660.500000000004 29110.947298392126 40588.166703123112 26113.500000000004 8.6937500000000032 39170.500000000007 35846.50295650318 35774.500000000007 33893.500000000007 33243.500000000007
decision_type=2 2 2 2 2 2 2 2 2 2 2 2 2 2 2 2 2 2
left_child=1 3 4 -1 11 -4 7 9 -8 -7 -2 12 -3 14 15 -10 -17 -9
right_child=10 2 5 -5 -6 6 8 17 13 -11 -12 -13 -14 -15 -16 16 -18 -19
leaf_value=-22.839849821295967 17.641693764062939 1.0858550411030534 10.007753088498466 -6.468403664069208 -11.163855566745365 3.5203065841104766 25.968170299591964 0.18918418005861912 5.6089601956720578 26.744454204429527 51.352870632740832 -8.3203835421863221 -1.6000565328238743 -7.0989319508299307 9.5788431367143705 7.390941339345579 -12.688792818593182 -7.5346331699242519
leaf_weight=7057 7169 40154 15109 18375 14248 24307 5363 68727 10721 1758 4218 10208 98785 2755 16484 1901 3722 8739
leaf_count=7057 7169 40154 15109 18375 14248 24307 5363 68727 10721 1758 4218 10208 98785 2755 16484 1901 3722 8739
internal_value=5.59136e-05 -0.000176024 0.000157816 -0.00441573 -0.000647731 0.000982591 0.000753369 0.00029957 0.00190079 0.00173177 0.00715261 -0.000421208 -0.000252648 0.00138988 0.00171324 0.000508656 -0.00177867 -0.000182322
internal_weight=359800 348413 322981 25432 163395 159586 144477 103531 40946 26065 11387 149147 138939 35583 32828 16344 5623 77466
internal_count=359800 348413 322981 25432 163395 159586 144477 103531 40946 26065 11387 149147 138939 35583 32828 16344 5623 77466
is_linear=0
shrinkage=0.0229654


Tree=163
num_leaves=19
num_cat=0
split_feature=10 7 7 12 7 3 16 28 22 19 7 31 3 3 16 8 8 4
split_gain=514.447 358.757 243.695 150.813 172.844 203.157 135.255 120.966 154.362 125.033 127.721 115.745 110.487 266.376 101.553 98.675 75.9011 71.6863
threshold=0.6830127018922193 -0.89495246814786256 -0.79335334029123528 6.9312500000000012 0.82968937203783699 4.5000000000000009 563.06250000000011 -5.2542892156862733 8.5499565972222253 7.1500000000000021 0.75023006073889154 154.06250000000003 3.5000000000000004 5.5000000000000009 212.93750000000003 0.99572243068690536 -0.065263096110025884 8.5000000000000018
decision_type=2 2 2 2 2 2 2 2 2 2 2 2 2 2 2 2 2 2
left_child=2 -2 12 -4 6 -6 11 -3 9 -9 -11 15 16 -14 -13 -5 -1 -15
right_child=1 7 3 4 5 -7 -8 8 -10 10 -12 14 13 17 -16 -17 -18 -19
leaf_value=1.5684570764183399 20.129560958904186 14.368288218719554 1.4574810844493067 -1.4315970440408345 -2.4515297751835443 -9.4933681092786149 -13.144059551288027 -9.0298178486309304 7.0299188004811244 4.32767472405747 -4.6743430844326861 4.829115707786622 -5.1198038726796096 6.6541183577892271 -3.3626274740460422 -6.7265694195727335 6.2879006049432427 28.520495621055833
leaf_weight=13216 12040 6065 37863 110927 27626 10840 13491 7157 20502 26786 10010 9717 16480 6880 4953 4063 19824 1360
leaf_count=13216 12040 6065 37863 110927 27626 10840 13491 7157 20502 26786 10010 9717 16480 6880 4953 4063 19824 1360
internal_value=5.51476e-05 0.00164647 -0.000418735 -0.000768025 -0.00104289 -0.00240962 -0.000675642 0.00102094 0.000729171 -3.84037e-05 0.000501799 -0.000447937 0.000908517 -0.000252694 0.0014731 -0.000693017 0.00177732 0.00311872
internal_weight=359800 82560 277240 219480 181617 38466 143151 70520 64455 43953 36796 129660 57760 24720 14670 114990 33040 8240
internal_count=359800 82560 277240 219480 181617 38466 143151 70520 64455 43953 36796 129660 57760 24720 14670 114990 33040 8240
is_linear=0
shrinkage=0.0229654


Tree=164
num_leaves=19
num_cat=0
split_feature=37 37 37 37 35 35 37 36 36 37 35 37 36 37 35 3 36 37
split_gain=1083.91 889.54 405.381 155.128 145.089 143.67 134.843 189.751 127.877 127.697 125.954 120.212 112.666 135.735 111.794 80.1835 76.7542 91.4005
threshold=38757.320078214347 18490.590301764427 25301.641546275634 17350.890228859495 24821.500000000004 26282.500000000004 21915.138123433535 22616.000000000004 23667.500000000004 34574.61961582378 23062.500000000004 40588.166703123112 26466.500000000004 29110.947298392126 35950.500000000007 3.5000000000000004 19594.500000000004 19574.565316963995
decision_type=2 2 2 2 2 2 2 2 2 2 2 2 2 2 2 2 2 2
left_child=1 3 5 -1 -4 6 7 10 -8 12 16 -2 13 -6 -11 -5 -3 -18
right_child=11 2 4 15 9 -7 8 -9 -10 14 -12 -13 -14 -15 -16 -17 17 -19
leaf_value=-25.482869748367023 17.07202249408483 1.0729990663913873 11.151075181232928 -13.313699699185712 3.3360769840046012 -11.435400844252197 2.3805702039301297 -12.661509797366381 -1.8758734159703931 14.138360795795849 -13.179663969831582 49.800064053872234 -0.010844875538102297 26.879536939764339 2.7891608977835531 -5.3637786269628966 -6.9946569536647205 -0.93693197046579824
leaf_weight=5604 7169 22169 11903 3752 25686 9559 41241 10539 41874 13315 5819 4218 89026 1824 17832 10452 7386 30432
leaf_count=5604 7169 22169 11903 3752 25686 9559 41241 10539 41874 13315 5819 4218 89026 1824 17832 10452 7386 30432
internal_value=5.11264e-05 -0.000176749 0.000108151 -0.00490311 0.000938268 -0.000675637 -0.000511703 -0.00120851 0.000128345 0.00074168 -0.000750321 0.00702354 0.000392558 0.00167712 0.00204792 -0.00362654 -0.000437394 -0.00106635
internal_weight=359800 348413 328605 19808 159586 169019 159460 76345 83115 147683 65806 11387 116536 27510 31147 14204 59987 37818
internal_count=359800 348413 328605 19808 159586 169019 159460 76345 83115 147683 65806 11387 116536 27510 31147 14204 59987 37818
is_linear=0
shrinkage=0.0229654


Tree=165
num_leaves=19
num_cat=0
split_feature=37 37 37 37 35 35 37 35 37 35 37 35 37 35 35 0 6 13
split_gain=1054.56 860.462 357.008 204.621 142.348 137.846 127.143 165.961 120.386 110.867 103.426 167.377 82.4144 92.8567 80.3383 79.3069 75.0607 73.0945
threshold=38757.320078214347 18797.470132382845 25132.462338645339 17512.56116814318 26282.500000000004 24821.500000000004 32659.076238648933 32660.500000000004 40588.166703123112 32229.500000000004 22027.651292515438 22354.500000000004 35846.50295650318 37073.500000000007 39170.500000000007 43.500000000000007 1.0000000180025095e-35 16.818750000000005
decision_type=2 2 2 2 2 2 2 2 2 2 2 2 2 2 2 2 2 2
left_child=1 3 4 -1 10 -4 9 -8 -2 15 11 16 13 -9 -14 -7 -3 -12
right_child=8 2 5 -5 -6 6 7 12 -10 -11 17 -13 14 -15 -16 -17 -18 -19
leaf_value=-21.584758485595231 16.679956516245149 -0.81957251201895831 10.013985919431564 -6.1062221074959586 -12.455329691891041 2.3258705428581612 19.826751828436002 2.2630864867387803 48.656385218132073 -6.3837583765242485 -0.47146618838022952 -10.690236777392393 9.0221035169630959 -12.159109178180172 -5.126325934662507 -2.0279646985933746 -14.125677561831175 4.0063296358133833
leaf_weight=7057 7169 58838 13412 18375 8458 74892 8098 18140 4218 11321 63394 12326 16484 2785 2448 16301 2330 13754
leaf_count=7057 7169 58838 13412 18375 8458 74892 8098 18140 4218 11321 63394 12326 16484 2785 2448 16301 2330 13754
internal_value=5.13818e-05 -0.000173388 0.000146866 -0.00424055 -0.000628048 0.000899174 0.000700322 0.00167637 0.00692875 0.000243736 -0.000465278 -0.00108181 0.0010674 7.4082e-05 0.00216529 0.000509836 -0.000589829 0.000122049
internal_weight=359800 348413 322981 25432 159100 163881 150469 47955 11387 102514 150642 73494 39857 20925 18932 91193 61168 77148
internal_count=359800 348413 322981 25432 159100 163881 150469 47955 11387 102514 150642 73494 39857 20925 18932 91193 61168 77148
is_linear=0
shrinkage=0.0229654


Tree=166
num_leaves=19
num_cat=0
split_feature=35 35 10 15 24 11 7 7 16 15 15 0 0 14 35 35 0 34
split_gain=467.237 366.717 205.586 163.838 143.204 133.949 106.551 101.169 94.2248 89.5695 88.6051 86.2373 83.6185 98.8158 80.5018 78.255 80.5789 84.0443
threshold=39506.500000000007 18844.500000000004 0.6830127018922193 17.306250000000002 2.200000000000002 108.00000000000001 -0.79335334029123528 0.75023006073889154 121.06250000000001 6.8437500000000018 7.7562500000000023 16.500000000000004 42.500000000000007 75.937500000000014 41867.500000000007 16644.500000000004 14.500000000000002 0.39930555555555564
decision_type=2 2 2 2 2 2 2 2 2 2 2 2 2 2 2 2 2 2
left_child=1 15 3 6 7 11 -3 -4 14 -8 -6 -5 13 -13 -2 -1 -17 -18
right_child=8 2 4 5 10 -7 9 -9 -10 -11 -12 12 -14 -15 -16 16 17 -19
leaf_value=-13.934827193153881 15.695261967253792 3.0854869496655923 6.8292996136355608 -13.782399345027809 10.322360641735628 0.60230122653334628 2.0808541716267936 -0.047089517600504907 -11.693836081464552 -0.89315130074400551 -5.7228939447406297 -8.4564603126503624 -13.867541541644133 2.8690970242777998 49.565034847897735 -5.8393475813982816 3.8913227843868814 -19.65628087403125
leaf_weight=5712 6118 39517 48478 5318 861 19082 24362 15294 978 131951 9831 15281 3031 7434 2608 15600 6949 1395
leaf_count=5712 6118 39517 48478 5318 861 19082 24362 15294 978 131951 9831 15281 3031 7434 2608 15600 6949 1395
internal_value=5.10626e-05 -8.67198e-05 0.000139395 -0.00018066 0.00119663 -0.00135193 0.000119266 0.001609 0.00502191 -0.000150078 -0.00126297 -0.0022822 -0.00173226 -0.00125418 0.00577951 -0.00252994 -0.00195375 -0.000132112
internal_weight=359800 350096 320440 245976 74464 50146 195830 63772 9704 156313 10692 31064 25746 22715 8726 29656 23944 8344
internal_count=359800 350096 320440 245976 74464 50146 195830 63772 9704 156313 10692 31064 25746 22715 8726 29656 23944 8344
is_linear=0
shrinkage=0.0229654


Tree=167
num_leaves=19
num_cat=0
split_feature=37 37 37 35 37 1 6 37 37 35 6 35 37 35 37 35 35 10
split_gain=995.877 822.458 382.172 147.553 129.374 119.513 128.744 115.719 109.895 122.086 105.729 96.2178 89.2097 130.426 89.2157 113.683 103.211 89.9848
threshold=38757.320078214347 18324.567058026765 24218.596483362879 24939.500000000004 17350.890228859495 20.500000000000004 1.0000000180025095e-35 40588.166703123112 21113.0901851915 21182.500000000004 1.0000000180025095e-35 23876.500000000004 26938.03789291166 27702.500000000004 35034.858621994994 33403.500000000007 39170.500000000007 0.6830127018922193
decision_type=2 2 2 2 2 2 2 2 2 2 2 2 2 2 2 2 2 2
left_child=1 4 3 8 -1 6 11 -2 9 10 -3 -4 -13 -14 15 17 -16 -15
right_child=7 2 5 -5 -6 -7 -8 -9 -10 -11 -12 12 13 14 16 -17 -18 -19
leaf_value=-24.127708087484297 16.003390701022415 -0.90940437497768889 10.376722337522306 -11.074298090830665 -7.9865964568423928 -1.1016036949795203 -13.494206205642101 46.885539358825952 0.022889908347501264 -8.687742293759829 -18.70800777394529 0.05976494413520813 10.155310084388885 1.4328986938978729 8.9102462711562236 -3.6798919242677424 -6.7097218581119824 8.8267044367164527
leaf_weight=5604 7169 42660 12825 11521 11413 30930 2687 4218 71452 14354 1963 40855 13694 34239 23674 16320 2594 11628
leaf_count=5604 7169 42660 12825 11521 11413 30930 2687 4218 71452 14354 1963 40855 13694 34239 23674 16320 2594 11628
internal_value=4.98499e-05 -0.000168576 8.42676e-05 -0.000816692 -0.00509255 0.000759347 0.00101414 0.00673312 -0.000596633 -0.00133037 -0.000737757 0.00110009 0.00092919 0.00129194 0.000969062 0.000495041 0.00209126 0.00108075
internal_weight=359800 348413 331396 141950 17017 189446 158516 11387 130429 58977 44623 155829 143004 102149 88455 62187 26268 45867
internal_count=359800 348413 331396 141950 17017 189446 158516 11387 130429 58977 44623 155829 143004 102149 88455 62187 26268 45867
is_linear=0
shrinkage=0.0229654


Tree=168
num_leaves=19
num_cat=0
split_feature=7 25 19 6 13 23 30 33 28 18 4 13 28 13 8 17 15 8
split_gain=425.206 254.772 245.481 184.011 142.071 194.363 142.568 135.595 120.102 97.3518 92.9291 90.7429 86.7931 83.4757 87.0327 89.2753 71.0947 77.1104
threshold=-0.79335334029123528 10.92057291666667 9.4937500000000021 1.0000000180025095e-35 14.343750000000004 -3.2499999999999982 245.06875000000005 0.30902777777777785 1.5027141173389216 0.063750000000000015 5.5000000000000009 11.406250000000004 -4.2968679950186788 -3.8437499999999996 -0.5 76.312500000000014 10.031250000000004 -0.5
decision_type=2 2 2 2 2 2 2 2 2 2 2 2 2 2 2 2 2 2
left_child=2 3 -1 8 6 -6 11 16 13 10 -7 -3 -4 -2 15 -15 -8 -18
right_child=1 4 12 -5 5 9 7 -9 -10 -11 -12 -13 -14 14 -16 -17 17 -19
leaf_value=3.0772460309414926 12.652963622632821 -9.0053324658887117 38.144742684198476 -13.550010249331754 4.0184824221957944 -19.812876591481331 0.56459646667902308 -15.253956159021081 -2.6454099701335188 2.6865193992495482 -2.4238836064284612 -3.8534268007351229 13.452078376959307 1.550605474912675 0.46404079797279546 11.716586115991378 -1.2137245617987122 -5.4271243043746153
leaf_weight=64381 3283 9524 2145 4050 11521 4438 22019 1696 24926 11270 24745 21992 8434 17798 69004 21913 18690 17971
leaf_count=64381 3283 9524 2145 4050 11521 4438 22019 1696 24926 11270 24745 21992 8434 17798 69004 21913 18690 17971
internal_value=5.0169e-05 -0.000354833 0.00158914 0.000339006 -0.00103473 -7.51168e-05 -0.00157748 -0.000923926 0.000481703 -0.000824593 -0.00152471 -0.00282951 0.00483122 0.000802573 0.00069362 0.00155017 -0.000738901 -0.00135841
internal_weight=359800 284840 74960 140974 143866 51974 91892 60376 136924 40453 29183 31516 10579 111998 108715 39711 58680 36661
internal_count=359800 284840 74960 140974 143866 51974 91892 60376 136924 40453 29183 31516 10579 111998 108715 39711 58680 36661
is_linear=0
shrinkage=0.0229654


Tree=169
num_leaves=19
num_cat=0
split_feature=37 37 37 15 37 37 36 1 6 3 0 37 3 3 1 0 0 3
split_gain=958.602 788.1 354.675 144.945 127.043 117.692 116.315 110.561 116.548 109.337 312.452 94.8342 91.5699 146.999 146.32 117.882 86.855 84.4952
threshold=38757.320078214347 18324.567058026765 24318.22743490183 21.393750000000008 17350.890228859495 40588.166703123112 23892.500000000004 20.500000000000004 1.0000000180025095e-35 1.0000000180025095e-35 11.500000000000002 20713.858809328627 5.5000000000000009 4.5000000000000009 10.500000000000002 8.5000000000000018 20.500000000000004 3.5000000000000004
decision_type=2 2 2 2 2 2 2 2 2 2 2 2 2 2 2 2 2 2
left_child=1 4 3 6 -1 -2 11 8 9 10 -4 -3 13 -11 -14 -15 -12 -6
right_child=5 2 7 -5 17 -7 -8 -9 -10 12 16 -13 14 15 -16 -17 -18 -19
leaf_value=-23.535215945591851 15.409014534103115 -2.0202263156753464 -17.280384674663587 -12.355789150160023 -15.904909442168426 45.471430174603249 -5.1752025903413807 -1.0545441832070668 -12.805491662716891 2.816940531131821 20.577357709402193 0.72078984170004867 -3.3603753961143052 8.829684185577495 12.014606919736721 -5.5162407393018311 8.8142457853725915 -5.4191149881444867
leaf_weight=5604 7169 45344 1485 10421 2506 4218 25430 30386 2643 97021 5661 63632 4065 1539 12501 16171 15097 8907
leaf_count=5604 7169 45344 1485 10421 2506 4218 25430 30386 2643 97021 5661 63632 4065 1539 12501 16171 15097 8907
internal_value=4.70414e-05 -0.000167258 8.02482e-05 -0.00077248 -0.00498729 0.00660404 -0.00057018 0.000742192 0.000988782 0.00107109 0.00256003 -0.000243824 0.00081885 0.000588392 0.00241493 -0.00133565 0.00328804 -0.00359683
internal_weight=359800 348413 331396 144827 17017 11387 134406 186569 156183 153540 22243 108976 131297 114731 16566 17710 20758 11413
internal_count=359800 348413 331396 144827 17017 11387 134406 186569 156183 153540 22243 108976 131297 114731 16566 17710 20758 11413
is_linear=0
shrinkage=0.0229654


Tree=170
num_leaves=19
num_cat=0
split_feature=37 37 37 15 35 37 37 37 36 35 36 37 35 36 36 37 35 3
split_gain=942.48 755.139 340.247 147.229 134.96 119.444 117.958 112.88 118.336 108.838 105.251 86.7953 113.893 94.0583 86.7655 84.6942 116.679 82.4403
threshold=38757.320078214347 18324.567058026765 25301.641546275634 21.393750000000008 25151.500000000004 17350.890228859495 40588.166703123112 34574.61961582378 25864.500000000004 35950.500000000007 26113.500000000004 21058.27068631602 21865.500000000004 22734.500000000004 20650.500000000004 28060.695964053844 32660.500000000004 3.5000000000000004
decision_type=2 2 2 2 2 2 2 2 2 2 2 2 2 2 2 2 2 2
left_child=1 5 3 10 -4 -1 -2 8 -6 -9 11 12 13 -3 -13 -10 -17 -7
right_child=6 2 4 -5 7 17 -8 9 15 -11 -12 14 -14 -15 -16 16 -18 -19
leaf_value=-22.994720087144206 15.055140214118266 -0.58741051200740624 9.0094606426047736 -11.320275787510809 5.1917859343033452 -15.539646692833541 44.427160186008969 13.201880775183765 -2.5164481415893905 2.1338056913407422 -8.1567118132619854 4.4189989585890235 -10.459370080336116 -16.270410712663796 -0.3199478597767515 3.0911468917164182 -3.3139926669770308 -5.2946627964027586
leaf_weight=5604 7169 43777 15109 12290 19620 2506 4218 13315 28835 17832 10593 13037 7678 2686 81749 45479 19396 8907
leaf_count=5604 7169 43777 15109 12290 19620 2506 4218 13315 28835 17832 10593 13037 7678 2686 81749 45479 19396 8907
internal_value=4.99775e-05 -0.000162512 7.97631e-05 -0.00062944 0.00084329 -0.00488067 0.00655161 0.000627318 0.000290791 0.00185179 -0.000442839 -0.000285512 -0.00101909 -0.000590903 0.0001335 -4.87687e-05 0.000411519 -0.00353244
internal_weight=359800 348413 331396 171810 159586 17017 11387 144477 113330 31147 159520 148927 54141 46463 94786 93710 64875 11413
internal_count=359800 348413 331396 171810 159586 17017 11387 144477 113330 31147 159520 148927 54141 46463 94786 93710 64875 11413
is_linear=0
shrinkage=0.0229654


Tree=171
num_leaves=19
num_cat=0
split_feature=35 35 25 3 33 0 3 6 21 6 3 29 6 0 14 0 35 0
split_gain=407.802 311.141 151.463 115.286 240.707 107.842 104.634 87.7598 84.6407 83.4267 98.4526 79.3704 68.1866 65.0773 103.818 64.9009 65.6946 63.085
threshold=39506.500000000007 18844.500000000004 7.9539062500000011 2.5000000000000004 0.31597222222222227 43.500000000000007 3.5000000000000004 1.0000000180025095e-35 18.527994791666671 1.0000000180025095e-35 2.5000000000000004 673.3687500000002 1.0000000180025095e-35 35.500000000000007 58.687500000000007 11.500000000000002 16644.500000000004 34.500000000000007
decision_type=2 2 2 2 2 2 2 2 2 2 2 2 2 2 2 2 2 2
left_child=1 9 7 5 -5 12 -2 11 -7 10 15 -3 13 14 -4 16 -1 -9
right_child=6 2 3 4 -6 8 -8 17 -10 -11 -12 -13 -14 -15 -16 -17 -18 -19
leaf_value=-11.075556516099038 28.522441206847414 2.4244201630396542 -7.3538538012904322 -1.1116669663081704 -14.517321427601795 -5.0374544798905285 7.3352469042357056 -19.599422744234765 5.1762186731284716 -25.486877581961171 -8.8318998021225799 11.621059655617476 -9.060400815201529 4.8231527913813146 2.1947364025193892 1.9614861442313976 -2.6786193444871578 3.5263400185882747
leaf_weight=888 6168 90681 7900 126077 4538 8992 3536 1534 1314 1720 12152 4494 2496 15901 55538 7976 6920 975
leaf_count=888 6168 90681 7900 126077 4538 8992 3536 1534 1314 1720 12152 4494 2496 15901 55538 7976 6920 975
internal_value=5.13818e-05 -7.73394e-05 0.000130938 -0.000199698 -0.000638509 0.000422341 0.00469532 0.000884913 -0.0017916 -0.00232783 -0.00202559 0.000996676 0.000701156 0.000818736 0.000489442 -0.000829339 -0.00231772 -0.00335465
internal_weight=359800 350096 320440 222756 130615 92141 9704 97684 10306 29656 27936 95175 81835 79339 63438 15784 7808 2509
internal_count=359800 350096 320440 222756 130615 92141 9704 97684 10306 29656 27936 95175 81835 79339 63438 15784 7808 2509
is_linear=0
shrinkage=0.0229654


Tree=172
num_leaves=19
num_cat=0
split_feature=37 37 37 36 6 37 37 37 1 3 0 3 1 3 0 36 37 0
split_gain=904.784 713.73 348.73 148.537 117.356 115.892 108.996 107.818 106.092 85.5859 368.628 106.506 144.191 138.544 145.633 83.7587 80.7503 77.0184
threshold=38757.320078214347 18031.999696501833 23426.150605651444 22848.500000000004 1.0000000180025095e-35 40588.166703123112 20167.682146005318 21227.09264132009 20.500000000000004 1.0000000180025095e-35 11.500000000000002 5.5000000000000009 10.500000000000002 4.5000000000000009 7.5000000000000009 24730.000000000004 17167.615452909533 20.500000000000004
decision_type=2 2 2 2 2 2 2 2 2 2 2 2 2 2 2 2 2 2
left_child=1 16 3 6 8 -2 -3 -5 9 10 -4 13 -13 -11 -15 -10 -1 -12
right_child=5 2 4 7 -6 -7 -8 -9 15 11 17 12 -14 14 -16 -17 -18 -19
leaf_value=-26.843991980005022 14.458544260948948 -2.7580987315839227 -15.604330069557326 -18.789788785567808 -11.25727035059867 43.034538322321616 0.33192127850197672 -4.506834267435492 2.8654911414913538 2.3320209237504024 17.355135979203357 -2.2869578119939682 11.913164391178853 8.5809254335380452 -5.4636248236039044 -2.2105009116581247 -9.0162815246733619 7.9768873125715976
leaf_weight=4218 7169 39524 2219 5079 3570 4218 55711 23317 7894 109497 6586 5217 13523 2052 18503 26695 8531 16277
leaf_count=4218 7169 39524 2219 5079 3570 4218 55711 23317 7894 109497 6586 5217 13523 2052 18503 26695 8531 16277
internal_value=5.02328e-05 -0.000157964 4.46084e-05 -0.000924795 0.000609843 0.00642051 -0.000490126 -0.00238259 0.000680547 0.000911621 0.00215261 0.000702427 0.00232105 0.00046919 -0.00126084 -0.000481033 -0.00549141 0.00301997
internal_weight=359800 348413 335664 123631 212033 11387 95235 28396 208463 173874 25082 148792 18740 130052 20555 34589 12749 22863
internal_count=359800 348413 335664 123631 212033 11387 95235 28396 208463 173874 25082 148792 18740 130052 20555 34589 12749 22863
is_linear=0
shrinkage=0.0229654


Tree=173
num_leaves=19
num_cat=0
split_feature=10 35 35 6 24 3 0 12 31 1 3 0 0 3 6 0 26 31
split_gain=402.307 239.903 230.523 181.076 170.274 127.846 113.132 101.715 104.648 110.37 204.768 105.935 99.8229 91.3852 87.7249 84.6454 80.302 74.5461
threshold=0.6830127018922193 18096.500000000004 41867.500000000007 1.0000000180025095e-35 0.50000000000000044 2.5000000000000004 44.500000000000007 6.9312500000000012 190.04375000000005 8.5000000000000018 5.5000000000000009 2.5000000000000004 24.500000000000004 3.5000000000000004 1.0000000180025095e-35 35.500000000000007 5.8871093750000014 143.88125000000002
decision_type=2 2 2 2 2 2 2 2 2 2 2 2 2 2 2 2 2 2
left_child=1 14 3 4 13 6 15 -7 9 11 -11 -9 -5 -2 -1 -3 -6 -8
right_child=2 5 -4 12 16 7 17 8 -10 10 -12 -13 -14 -15 -16 -17 -18 -19
leaf_value=-6.5833253959857467 9.5322440977965321 0.75415591605556198 44.440692132909064 -26.852449504966103 5.0938433711479023 1.9912404116681717 -5.1549390353890159 1.5611469961874067 2.6461860240878838 -3.5128812061384451 4.7324126491031748 -4.5966469017532496 -0.76219668902502824 3.4552309747118217 -30.137603088550101 4.1508706296312958 -2.7627349799139962 4.6360131880707476
leaf_weight=17056 29738 75096 2432 1344 7660 24919 8709 4796 11487 59159 18425 33022 1344 23005 1144 22248 17037 1179
leaf_count=17056 29738 75096 2432 1344 7660 24919 8709 4796 11487 59159 18425 33022 1344 23005 1144 22248 17037 1179
internal_value=5.03605e-05 -0.000368702 0.00145759 0.00124618 0.00144957 -0.000189635 0.000417409 -0.00061843 -0.000881865 -0.00108994 -0.000594086 -0.0021072 -0.00461359 0.00218647 -0.00291736 0.00065515 -0.00012414 -0.00192307
internal_weight=359800 277240 82560 80128 77440 259040 107232 151808 126889 115402 77584 37818 2688 52743 18200 97344 24697 9888
internal_count=359800 277240 82560 80128 77440 259040 107232 151808 126889 115402 77584 37818 2688 52743 18200 97344 24697 9888
is_linear=0
shrinkage=0.0229654


Tree=174
num_leaves=19
num_cat=0
split_feature=7 12 19 7 3 3 8 15 23 15 24 11 7 3 3 29 28 17
split_gain=374.829 216.013 205.579 135.774 121.665 107.713 154.356 106.978 108.59 89.4228 87.8117 83.7794 81.9857 77.9673 199.789 74.1948 71.9133 76.0954
threshold=-0.89495246814786256 8.9562500000000025 9.4937500000000021 0.82968937203783699 5.5000000000000009 4.5000000000000009 0.13052619222005152 13.918750000000003 4.5000000000000036 9.8562500000000028 1.0500000000000012 60.000000000000007 0.75023006073889154 3.5000000000000004 5.5000000000000009 746.06875000000002 4.5454545454545467 63.312500000000007
decision_type=2 2 2 2 2 2 2 2 2 2 2 2 2 2 2 2 2 2
left_child=2 5 13 7 9 6 15 8 16 -5 -8 -9 -7 -1 -15 -2 17 -3
right_child=1 3 -4 4 -6 12 10 11 -10 -11 -12 -13 -14 14 -16 -17 -18 -19
leaf_value=6.1614120607750751 6.4406711166812327 -1.2518418708992882 21.564688953565284 -0.12627196791422909 -9.0493943231183493 0.56850512583887314 1.1424776955776337 -7.2358281315593036 -6.5085035984258415 -5.5711825065565357 -4.9920730875161077 -1.8562972108653966 -5.3724515620614239 -4.1316728364000488 13.27225020372142 44.545114210398069 4.7584493968664887 1.8342706383311707
leaf_weight=25806 40124 30229 7230 13147 4781 23740 36539 22388 15213 16108 9240 38738 11614 12948 6488 786 7425 37256
leaf_count=25806 40124 30229 7230 13147 4781 23740 36539 22388 15213 16108 9240 38738 11614 12948 6488 786 7425 37256
internal_value=4.82542e-05 -0.000258029 0.00184215 -0.000752169 -0.00206268 0.000492171 0.000927873 -0.000457261 4.57407e-05 -0.00150761 1.1789e-05 -0.00119888 -0.000576181 0.00126751 0.000168968 0.00195299 0.000404983 0.000168961
internal_weight=359800 307328 52472 185285 34036 122043 86689 151249 90123 29255 45779 61126 35354 45242 19436 40910 74910 67485
internal_count=359800 307328 52472 185285 34036 122043 86689 151249 90123 29255 45779 61126 35354 45242 19436 40910 74910 67485
is_linear=0
shrinkage=0.0229654


Tree=175
num_leaves=19
num_cat=0
split_feature=37 37 37 36 6 37 1 37 35 37 35 35 36 37 35 37 35 37
split_gain=865.289 660.159 320.175 143.703 112.911 106.957 101.932 101.339 98.4604 97.4623 107.84 93.7425 81.202 81.1001 79.4438 103.199 110.193 93.9889
threshold=39042.268978538174 18031.999696501833 23426.150605651444 22917.500000000004 1.0000000180025095e-35 21227.09264132009 20.500000000000004 41166.464389715322 23175.500000000004 20167.682146005318 21001.500000000004 21001.500000000004 24730.000000000004 17167.615452909533 22824.500000000004 26268.531921288923 27702.500000000004 34724.425522802536
decision_type=2 2 2 2 2 2 2 2 2 2 2 2 2 2 2 2 2 2
left_child=1 13 3 9 6 -5 14 -2 -7 11 -11 -3 -8 -1 -4 -16 -17 -18
right_child=7 2 4 5 -6 8 12 -9 -10 10 -12 -13 -14 -15 15 16 17 -19
leaf_value=-25.752944524668813 16.566490693786289 -1.3966854313844888 8.6258448660360898 -18.346844040926111 -11.080302084322403 -1.3791954257638563 2.7913333960757725 49.706772494916692 -10.812540951475409 3.1139608342906069 -1.3084439984639977 -10.353597299423235 -2.145310103149447 -8.5874779249881126 -0.37216761775821311 7.6182415798895935 0.84997122405849035 6.418451553529418
leaf_weight=4218 7198 32242 12300 4937 3570 15098 7894 2773 7575 18936 37496 7347 26708 8531 48727 21563 62312 30375
leaf_count=4218 7198 32242 12300 4937 3570 15098 7894 2773 7575 18936 37496 7347 26708 8531 48727 21563 62312 30375
internal_value=4.6467e-05 -0.00014367 5.03484e-05 -0.000879656 0.000589013 -0.00233979 0.000657901 0.00671734 -0.0016728 -0.000459806 0.000153016 -0.00133335 -0.000481184 -0.00527345 0.000882771 0.000748454 0.00112586 0.00078185
internal_weight=359800 349829 337080 123631 213449 27610 209879 9971 22673 96021 56432 39589 34602 12749 175277 162977 114250 92687
internal_count=359800 349829 337080 123631 213449 27610 209879 9971 22673 96021 56432 39589 34602 12749 175277 162977 114250 92687
is_linear=0
shrinkage=0.0229654


Tree=176
num_leaves=19
num_cat=0
split_feature=37 37 37 15 35 37 35 35 37 37 35 37 26 37 35 35 0 8
split_gain=847.095 643.857 307.339 143.966 104.093 117.49 182.723 114.363 103.43 80.3933 79.2014 105.184 78.7159 74.0765 100.221 74.65 69.1029 62.766
threshold=39042.268978538174 18031.999696501833 24218.596483362879 12.231250000000003 23300.500000000004 30652.222152087903 30270.500000000004 31136.500000000004 41166.464389715322 17167.615452909533 25096.500000000004 21508.732551923084 20.899348958333338 36029.311559945709 37073.500000000007 39170.500000000007 43.500000000000007 -0.19467261866128607
decision_type=2 2 2 2 2 2 2 2 2 2 2 2 2 2 2 2 2 2
left_child=1 9 3 17 -4 7 -7 12 -2 -1 11 -5 16 14 -8 -15 -6 -3
right_child=8 2 4 10 5 6 13 -9 -10 -11 -12 -13 -14 15 -16 -17 -18 -19
leaf_value=-25.161517622506757 16.186034460467468 -3.242403113421465 9.4197498659028351 -5.8011875068145207 1.247163276896994 22.612879707982955 2.1317760210766208 -8.8826468268628158 48.565236137977735 -8.3902629827628985 -14.312485656752024 -0.76834606601697653 8.1885159215187091 8.8968341071177157 -11.642768631931798 -3.7645098301275173 -2.176378371787473 0.52753419882113739
leaf_weight=4218 7198 23774 10282 32171 81137 7552 38414 7847 2773 8531 6979 29808 2927 16614 3444 3058 19587 53486
leaf_count=4218 7198 23774 10282 32171 81137 7552 38414 7847 2773 8531 6979 29808 2927 16614 3444 3058 19587 53486
internal_value=4.55734e-05 -0.000142554 4.90539e-05 -0.000743221 0.00065601 0.000528034 0.00127224 6.69407e-05 0.00664594 -0.0052086 -0.00150598 -0.00124481 0.000269312 0.00085845 0.000312182 0.0020208 0.000161426 -6.24222e-05
internal_weight=359800 349829 337080 146218 190862 180580 69082 111498 9971 12749 68958 61979 103651 61530 41858 19672 100724 77260
internal_count=359800 349829 337080 146218 190862 180580 69082 111498 9971 12749 68958 61979 103651 61530 41858 19672 100724 77260
is_linear=0
shrinkage=0.0229654


Tree=177
num_leaves=19
num_cat=0
split_feature=35 35 10 6 30 25 7 29 21 9 16 6 25 9 3 25 7 4
split_gain=372.806 263.5 192.64 159.141 152.79 159.996 104.08 103.07 135.898 123.228 105.617 95.3357 87.5125 86.2714 81.486 80.954 77.3494 74.0615
threshold=40730.000000000007 18204.500000000004 0.6830127018922193 1.0000000180025095e-35 1017.3437500000001 1.9783854166666668 0.25881904510252096 371.9812500000001 18.627213541666674 -0.93301270189221908 17.687500000000004 1.0000000180025095e-35 7.8789062500000009 -0.24999999999999994 3.5000000000000004 15.257031250000002 -0.79335334029123528 2.5000000000000004
decision_type=2 2 2 2 2 2 2 2 2 2 2 2 2 2 2 2 2 2
left_child=1 11 7 4 -4 -6 -5 8 9 -3 -10 -1 -7 -14 -11 17 -2 -16
right_child=16 2 3 6 5 12 -8 -9 10 14 -12 -13 13 -15 15 -17 -18 -19
leaf_value=-5.7498070051284556 30.59789128190118 2.440370777285815 8.3205137984876156 -2.2730771677352379 13.043871106705399 1.9249163954004624 -30.135918855755516 2.3535346664471577 4.6639169989577365 -0.91224746439163196 0.10778556047753539 -27.340131931172934 -12.490676016455122 -1.4540471840036122 -8.1216142396583422 -6.2872175845367266 4.4973424444087051 -1.6815153622867245
leaf_weight=18552 4240 20914 23386 1568 6288 36063 1080 47252 9378 93395 16763 1256 2629 6802 4306 18480 1232 46216
leaf_count=18552 4240 20914 23386 1568 6288 36063 1080 47252 9378 93395 16763 1256 2629 6802 4306 18480 1232 46216
internal_value=4.87648e-05 -4.31013e-05 0.000109294 0.00111026 0.00130519 0.000609371 -0.0044231 -0.000194134 -0.000412705 -0.000633609 0.00113637 -0.00261677 0.000134782 -0.00183485 -0.000847289 -0.00144578 0.00599736 -0.000970036
internal_weight=359800 354328 334520 77816 75168 51782 2648 256704 209452 183311 26141 19808 45494 9431 162397 69002 5472 50522
internal_count=359800 354328 334520 77816 75168 51782 2648 256704 209452 183311 26141 19808 45494 9431 162397 69002 5472 50522
is_linear=0
shrinkage=0.0229654


Tree=178
num_leaves=19
num_cat=0
split_feature=37 37 37 0 6 37 1 24 37 37 9 16 13 37 21 30 13 10
split_gain=827.18 607.912 292.886 118.26 112.39 104.879 88.0886 83.5675 78.5662 78.091 63.9163 61.4262 58.6041 55.8839 52.7362 54.526 75.9123 62.3498
threshold=39042.268978538174 18031.999696501833 25822.820239056793 2.5000000000000004 1.0000000180025095e-35 41166.464389715322 20.500000000000004 3.4125000000000014 21971.225937209423 17167.615452909533 -0.93301270189221908 204.81250000000003 19.231250000000006 35034.858621994994 18.736067708333341 245.06875000000005 11.406250000000004 -0.9330127018922193
decision_type=2 2 2 2 2 2 2 2 2 2 2 2 2 2 2 2 2 2
left_child=1 9 3 -3 7 -2 10 8 14 -1 11 -4 -10 -12 15 16 -5 -18
right_child=5 2 6 4 -6 -7 -8 -9 12 -11 13 -13 -14 -15 -16 -17 17 -19
leaf_value=-24.433271557812756 15.571756247421238 2.7415899529034995 11.619655340375351 -7.1706594065762967 -13.963079308148384 46.785629543971389 -1.1091283521956941 -7.0984808682213858 -0.51576308390092329 -8.0786223253013727 2.0074196278450409 -1.0295739049312387 4.4567969571862402 6.5251322289438098 0.91234816380327244 -1.6239219717265663 2.6865654033647504 -3.9869380013680491
leaf_weight=4218 7198 12846 5063 4690 4831 2773 22374 9612 82543 8531 91299 1794 7982 27791 9554 37618 3423 15660
leaf_count=4218 7198 12846 5063 4690 4831 2773 22374 9612 82543 8531 91299 1794 7982 27791 9554 37618 3423 15660
internal_value=4.76159e-05 -0.000138287 4.78957e-05 -0.000552178 -0.000707515 0.00656994 0.000811572 -0.00060997 -0.000486132 -0.00506089 0.00104746 0.0032035 -3.76732e-05 0.000923322 -0.00105836 -0.00130537 -0.00216632 -0.00152296
internal_weight=359800 349829 337080 188759 175913 9971 148321 171082 161470 12749 125947 6857 90525 119090 70945 61391 23773 19083
internal_count=359800 349829 337080 188759 175913 9971 148321 171082 161470 12749 125947 6857 90525 119090 70945 61391 23773 19083
is_linear=0
shrinkage=0.0229654


Tree=179
num_leaves=19
num_cat=0
split_feature=35 35 7 14 29 5 7 6 19 8 24 6 21 0 8 8 0 30
split_gain=361.456 239.225 146.452 125.443 117.65 109.092 182.342 121.592 132.652 158.076 106.088 94.5731 92.6145 93.8793 90.4897 79.1898 65.2981 63.8523
threshold=40730.000000000007 18204.500000000004 -0.89495246814786256 76.312500000000014 673.3687500000002 1.0000000180025095e-35 0.44134171618254497 1.0000000180025095e-35 5.7000000000000011 0.13052619222005152 1.0750000000000022 1.0000000180025095e-35 18.527994791666671 47.500000000000007 -0.19467261866128607 -0.70710678118654757 10.500000000000002 39.818750000000009
decision_type=2 2 2 2 2 2 2 2 2 2 2 2 2 2 2 2 2 2
left_child=1 11 3 -3 5 7 -7 8 12 -10 -11 -1 13 17 -14 -2 -8 -4
right_child=15 2 4 -5 -6 6 16 -9 9 10 -12 -13 14 -15 -16 -17 -18 -19
leaf_value=-5.483140238407846 0.63347620746762123 1.4059201948409041 -4.3335129935092942 9.2670806720964372 10.793054475897408 0.12267289468187642 -1.5773223140320782 -9.2426199272301641 6.617620316851462 1.1438265907595981 -5.0610047666125935 -26.391586794937428 -1.7510861326660261 -7.8665299545071816 4.5334972162208835 28.659027264724209 -7.0388979864146668 -0.69065007364785524
leaf_weight=18552 1008 33601 8306 14599 4733 47260 13162 5664 42560 36946 10244 1256 7000 2294 8909 4464 19807 79435
leaf_count=18552 1008 33601 8306 14599 4733 47260 13162 5664 42560 36946 10244 1256 7000 2294 8909 4464 19807 79435
internal_value=4.76797e-05 -4.27772e-05 0.000102429 0.00127358 -9.47267e-05 -0.000155081 -0.000871196 0.000130248 0.000226258 0.000875884 -3.94193e-05 -0.00249503 -0.00032407 -0.000609495 0.00129125 0.00590503 -0.00218202 -0.000489586
internal_weight=359800 354328 334520 48200 286320 281587 80229 201358 195694 89750 47190 19808 105944 90035 15909 5472 32969 87741
internal_count=359800 354328 334520 48200 286320 281587 80229 201358 195694 89750 47190 19808 105944 90035 15909 5472 32969 87741
is_linear=0
shrinkage=0.0229654


Tree=180
num_leaves=19
num_cat=0
split_feature=37 37 37 36 36 37 36 3 37 37 0 3 1 3 37 37 36 8
split_gain=791.563 572.867 265.93 139.721 120.025 118.39 123.062 111.871 110.428 99.6104 94.5265 87.5871 122.362 83.8816 81.609 77.2484 76.7181 73.699
threshold=39042.268978538174 18031.999696501833 25822.820239056793 25622.500000000004 26113.500000000004 21971.225937209423 21704.500000000004 1.0000000180025095e-35 41166.464389715322 29110.947298392126 21.500000000000004 5.5000000000000009 10.500000000000002 3.5000000000000004 29222.169824188488 17167.615452909533 22676.500000000004 -0.65793410509763406
decision_type=2 2 2 2 2 2 2 2 2 2 2 2 2 2 2 2 2 2
left_child=1 15 4 14 5 6 -3 9 -2 -5 -11 13 -13 -9 -4 -1 -7 -15
right_child=8 2 3 7 -6 16 -8 11 -10 10 -12 12 -14 17 -16 -17 -18 -19
leaf_value=-23.786251458508776 14.862161284518816 -0.94576148677582417 6.6288452675140981 -0.69824444225560023 -6.8397662317161441 2.9579415150247472 -6.6625081057568885 1.3990705333483797 45.168262919203563 30.272252691038268 8.3873184731957444 -8.8762950139435706 9.0306560367234443 2.7124370297841294 36.601905688367928 -7.7854951416512286 -0.53989952340229419 -4.3217130259884966
leaf_weight=4218 7198 64539 13722 6344 17164 29843 19643 65566 2773 3358 10906 1914 11675 11163 1048 8531 57570 22625
leaf_count=4218 7198 64539 13722 6344 17164 29843 19643 65566 2773 3358 10906 1914 11675 11163 1048 8531 57570 22625
internal_value=4.90839e-05 -0.000132772 4.79638e-05 0.00077565 -0.00052383 -0.000340677 -0.000955369 0.000541244 0.00642944 0.00209729 0.00316209 0.000257322 0.00198659 2.08033e-05 0.00289517 -0.00491138 0.000251295 -0.000908747
internal_weight=359800 349829 337080 148321 188759 171595 84182 133551 9971 20608 14264 112943 13589 99354 14770 12749 87413 33788
internal_count=359800 349829 337080 148321 188759 171595 84182 133551 9971 20608 14264 112943 13589 99354 14770 12749 87413 33788
is_linear=0
shrinkage=0.0229654


Tree=181
num_leaves=19
num_cat=0
split_feature=10 7 15 11 0 10 21 7 8 22 21 36 17 25 19 7 0 14
split_gain=321.881 271.969 168.969 148.554 124.767 124.127 137.384 121.856 119.963 105.197 141.321 104.049 89.6979 83.3919 77.009 87.5555 69.6093 86.7016
threshold=0.6830127018922193 -0.89495246814786256 17.306250000000002 108.00000000000001 16.500000000000004 -0.5 18.956901041666672 0.89495246814786289 -0.065263096110025884 8.5499565972222253 3.1248697916666672 17409.500000000004 82.187500000000014 2.7429687499999997 7.1500000000000021 0.82968937203783699 42.500000000000007 74.812500000000014
decision_type=2 2 2 2 2 2 2 2 2 2 2 2 2 2 2 2 2 2
left_child=2 13 5 4 -4 6 7 -1 -8 10 -3 -9 -7 -2 -12 -16 17 -6
right_child=1 9 3 -5 16 12 8 11 -10 -11 14 -13 -14 -15 15 -17 -18 -19
leaf_value=-1.2905398704728777 41.449418415072337 8.3780574774299801 -14.503015923372807 0.23954409265780896 -8.552771424031258 0.0014222972365092552 -2.1031743809596044 -11.445863251554934 4.292682785091225 6.2048367410742449 -8.0986835773622801 -3.375955021476007 3.6879821326733042 11.93739101980651 2.0405211433559365 -5.3215418415140219 -12.824848819192185 1.5707057793087325
leaf_weight=71358 1867 10746 6477 20833 16088 72842 10810 2084 12056 20517 7147 11961 41351 10173 24785 7325 3033 8347
leaf_count=71358 1867 10746 6477 20833 16088 72842 10810 2084 12056 20517 7147 11961 41351 10173 24785 7325 3033 8347
internal_value=5.08711e-05 0.00130961 -0.000323971 -0.00146652 -0.00240344 -4.26352e-05 -0.000599753 -0.00102305 0.000981247 0.000764971 0.000196802 -0.00297839 0.000485581 0.00449962 -0.000441969 3.79062e-05 -0.00172734 -0.00132003
internal_weight=359800 82560 277240 54778 33945 222462 108269 85403 22866 70520 50003 14045 114193 12040 39257 32110 27468 24435
internal_count=359800 82560 277240 54778 33945 222462 108269 85403 22866 70520 50003 14045 114193 12040 39257 32110 27468 24435
is_linear=0
shrinkage=0.0229654


Tree=182
num_leaves=19
num_cat=0
split_feature=37 37 37 35 37 36 6 37 36 1 35 7 36 35 37 35 37 37
split_gain=757.599 552.23 264.878 152.902 113.115 103.449 101.807 90.2539 101.775 89.9355 79.2353 73.9802 72.2632 71.6821 98.9388 98.7883 93.3005 83.1456
threshold=39042.268978538174 17921.267400100896 23064.113950574578 23117.500000000004 41166.464389715322 24779.500000000004 1.0000000180025095e-35 19911.45470056358 20407.500000000004 20.500000000000004 19773.500000000004 0.25881904510252096 24730.000000000004 22824.500000000004 25946.294400098846 27702.500000000004 30652.222152087903 34724.425522802536
decision_type=2 2 2 2 2 2 2 2 2 2 2 2 2 2 2 2 2 2
left_child=1 -1 3 5 -2 7 9 -3 10 13 -9 -8 -11 -4 -15 16 -16 -17
right_child=4 2 6 -5 -6 -7 11 8 -10 12 -12 -13 -14 14 15 17 -18 -19
leaf_value=-12.554797017292694 14.295877110549345 -2.3551921064810806 7.1178765446800663 -8.4944396177844528 43.556561646521587 -12.401832949666105 -4.8653919501496627 9.3127913475594184 -0.77641179401218818 2.1465568173973275 1.6870569260588515 -47.401704975942678 -2.1467533341354299 -0.62548998650766419 4.898562316672324 0.48160901194985761 31.714625042184725 5.6788886911054144
leaf_weight=11276 7198 35776 15495 17019 2773 5047 3016 3313 41316 9360 12574 730 26923 48800 23248 63338 2223 30375
leaf_count=11276 7198 35776 15495 17019 2773 5047 3016 3313 41316 9360 12574 730 26923 48800 23248 63338 2223 30375
internal_value=4.92754e-05 -0.000128636 3.78853e-05 -0.000857472 0.00629125 -0.000508619 0.000498748 -0.000334803 0.000231047 0.000562739 0.0017932 -0.00325537 -0.000481993 0.000769335 0.000631472 0.000988108 0.00225633 0.000643408
internal_weight=359800 349829 338553 115045 9971 98026 223508 92979 57203 219762 15887 3746 36283 183479 167984 119184 25471 93713
internal_count=359800 349829 338553 115045 9971 98026 223508 92979 57203 219762 15887 3746 36283 183479 167984 119184 25471 93713
is_linear=0
shrinkage=0.0229654


Tree=183
num_leaves=19
num_cat=0
split_feature=37 37 37 35 37 36 37 35 36 36 35 37 37 37 36 35 35 0
split_gain=733.565 528.983 252.546 148.757 112.147 97.2542 91.1767 195.306 160.525 128.099 90.2039 105.005 86.3589 85.3452 104.894 83.4522 79.1837 73.3587
threshold=39042.268978538174 17921.267400100896 23064.113950574578 23117.500000000004 41166.464389715322 24779.500000000004 29908.181515470071 30043.500000000004 27094.500000000004 28065.500000000004 22775.500000000004 26673.860048062674 35349.906436027122 19710.194226256823 20407.500000000004 30043.500000000004 19637.500000000004 5.5000000000000009
decision_type=2 2 2 2 2 2 2 2 2 2 2 2 2 2 2 2 2 2
left_child=1 -1 3 5 -2 13 8 -8 10 -9 -4 -12 -11 -3 16 -10 -15 -16
right_child=4 2 6 -5 -6 -7 7 9 15 12 11 -13 -14 14 17 -17 -18 -19
leaf_value=-12.266470969756746 13.9675664466918 -2.4902344366488647 6.9861897123677901 -8.2993613383303533 42.556267396721992 -12.11701978449482 18.786924420874669 20.571745009850588 -1.3415428884373659 -0.5801611462475732 0.0028955991902817201 5.1160652622328788 5.3390420832623366 8.7858569944327876 1.8395923293454162 -11.229998719244767 1.5357115892618203 -2.4058847993292587
leaf_weight=11276 7198 31778 13413 17019 2773 5047 10566 2320 42022 40061 66708 16672 24835 3728 11829 6911 14569 31075
leaf_count=11276 7198 31778 13413 17019 2773 5047 10566 2320 42022 40061 66708 16672 24835 3728 11829 6911 14569 31075
internal_value=5.00414e-05 -0.000125026 3.79531e-05 -0.000836313 0.00619221 -0.00049222 0.000487959 0.00112285 0.000149083 0.00066659 0.000691029 0.000409841 0.00047703 -0.000323688 0.000177679 -0.000922925 0.00163357 -0.000443207
internal_weight=359800 349829 338553 115045 9971 98026 223508 77782 145726 67216 96793 83380 64896 92979 61201 48933 18297 42904
internal_count=359800 349829 338553 115045 9971 98026 223508 77782 145726 67216 96793 83380 64896 92979 61201 48933 18297 42904
is_linear=0
shrinkage=0.0229654


Tree=184
num_leaves=19
num_cat=0
split_feature=37 37 37 15 35 37 35 35 37 15 35 37 37 35 24 6 35 0
split_gain=712.053 517.65 269.955 148.547 107.528 113.861 125.928 92.3155 81.8055 78.8184 68.7817 62.7403 61.2996 101.557 57.4688 63.807 57.2902 55.0939
threshold=39716.83368484956 17796.853298326216 24916.726285846918 12.231250000000003 24617.500000000004 33467.892597773149 32660.500000000004 32660.500000000004 30031.464732897952 22.631250000000005 30043.500000000004 41166.464389715322 36029.311559945709 37073.500000000007 1.6000000000000025 1.0000000180025095e-35 26764.500000000004 2.5000000000000004
decision_type=2 2 2 2 2 2 2 2 2 2 2 2 2 2 2 2 2 2
left_child=1 -1 3 17 -4 7 -7 8 10 14 -6 -2 13 -8 15 -5 -10 -3
right_child=11 2 4 9 5 6 12 -9 16 -11 -12 -13 -14 -15 -16 -17 -18 -19
leaf_value=-12.966851930747774 17.72190277409759 3.0158287371010708 8.1606708876994176 -1.6441414322031536 0.6526285890883754 22.67391883886922 2.5170464605144165 -5.1771161943009405 31.862637966508551 -12.023252527474723 -6.1705067291882383 41.578945313419503 6.4041016309577454 -12.058602573851314 -6.2502398281891764 -16.741933086746158 4.4172788440157875 -0.1964347655303996
leaf_weight=9876 4276 6783 13587 54000 71278 5406 15115 12966 1125 8492 8933 2773 21966 2830 16587 1561 20691 81555
leaf_count=9876 4276 6783 13587 54000 71278 5406 15115 12966 1125 8492 8933 2773 21966 2830 16587 1561 20691 81555
internal_value=4.94669e-05 -9.49538e-05 5.43534e-05 -0.000599353 0.000689568 0.000523315 0.00149827 0.000139099 0.000371063 -0.00131202 3.19238e-05 0.00727667 0.00105272 5.69496e-05 -0.0010657 -0.000711559 0.00161798 5.12145e-05
internal_weight=359800 352751 342875 168978 173897 160310 45317 114993 102027 80640 80211 7049 39911 17945 72148 55561 21816 88338
internal_count=359800 352751 342875 168978 173897 160310 45317 114993 102027 80640 80211 7049 39911 17945 72148 55561 21816 88338
is_linear=0
shrinkage=0.0229654


Tree=185
num_leaves=19
num_cat=0
split_feature=37 37 37 15 6 37 1 7 3 0 3 1 0 3 16 8 21 11
split_gain=683.202 485.23 252.8 135.07 99.5867 86.9988 85.3203 73.6483 72.0037 363.894 94.1828 143.833 118.373 145.802 91.4307 71.4475 79.0772 68.5163
threshold=39354.389669697441 17796.853298326216 22746.243133027394 15.106250000000003 1.0000000180025095e-35 41166.464389715322 20.500000000000004 0.25881904510252096 1.0000000180025095e-35 11.500000000000002 5.5000000000000009 10.500000000000002 3.5000000000000004 4.5000000000000009 85.812500000000014 -0.19467261866128607 18.432161458333336 108.00000000000001
decision_type=2 2 2 2 2 2 2 2 2 2 2 2 2 2 2 2 2 2
left_child=1 -1 3 15 6 -2 8 -6 9 -4 12 -12 -10 -14 -11 -3 -17 -5
right_child=5 2 4 17 7 -7 -8 -9 10 14 11 -13 13 -15 -16 16 -18 -19
leaf_value=-12.669062873622652 14.50370369928506 -4.8804608535032239 -14.852164764939831 -9.0628477078484089 -4.6074094048013654 40.624067831416404 -0.91112959832148765 -45.000503553769043 7.7130094356429977 14.365512383436403 -2.2035052627083425 11.034563362530038 1.471810095215635 -4.42993180159272 5.7364112243395766 -0.42804246622346309 3.1566256781502302 -2.5056739602559706
leaf_weight=9876 5747 22796 2807 19088 3126 2773 37711 810 7072 10574 6356 14183 115341 21389 14164 47116 7900 10971
leaf_count=9876 5747 22796 2807 19088 3126 2773 37711 810 7072 10574 6356 14183 115341 21389 14164 47116 7900 10971
internal_value=5.14456e-05 -0.000104406 4.07641e-05 -0.000878732 0.000465488 0.00647722 0.000527581 -0.00315658 0.00072384 0.00181047 0.000541711 0.00199643 0.000333936 0.000184086 0.00269963 -0.000373647 7.43028e-05 -0.00218622
internal_weight=359800 351280 341404 107871 233533 8520 229597 3936 191886 27545 164341 20539 143802 136730 24738 77812 55016 30059
internal_count=359800 351280 341404 107871 233533 8520 229597 3936 191886 27545 164341 20539 143802 136730 24738 77812 55016 30059
is_linear=0
shrinkage=0.0229654


Tree=186
num_leaves=19
num_cat=0
split_feature=37 37 37 36 37 35 37 36 35 36 37 36 13 35 37 37 35 36
split_gain=660.696 467.416 236.844 138.542 107.381 99.4685 96.0943 204.782 165.239 154.286 92.951 92.4332 91.2698 96.5249 94.4944 78.4275 74.4875 82.7997
threshold=39042.268978538174 17796.853298326216 22263.946202917101 22616.000000000004 41166.464389715322 23062.500000000004 29110.947298392126 27819.500000000004 28119.500000000004 27094.500000000004 19228.289749810432 19330.500000000004 18.556250000000002 22824.500000000004 24617.385043280763 35349.906436027122 39170.500000000007 32093.500000000004
decision_type=2 2 2 2 2 2 2 2 2 2 2 2 2 2 2 2 2 2
left_child=1 -1 3 5 -2 10 9 -8 -9 12 -3 -12 13 -4 -15 -10 17 -17
right_child=4 2 6 -5 -6 -7 7 8 15 -11 11 -13 -14 14 -16 16 -18 -19
leaf_value=-12.378112663969356 13.087584340570775 -2.9348729579487296 4.0661825156547078 -9.2329812463150684 39.691119501265696 -9.9894760952881132 18.275441919698142 19.102592213182014 -0.1321911628270887 -2.9723129621668671 4.4506280849469784 -0.46405469696655688 5.2361547143828115 -2.4509560665332377 1.535831400608864 27.908922774581981 -5.7123375106748284 5.4433320537040384
leaf_weight=9876 7198 23340 22177 14190 2773 7633 4855 5576 52099 40771 10334 39828 13076 35800 45122 1391 3180 20581
leaf_count=9876 7198 23340 22177 14190 2773 7633 4855 5576 52099 40771 10334 39828 13076 35800 45122 1391 3180 20581
internal_value=4.98499e-05 -0.000116295 2.67854e-05 -0.000944274 0.00587897 -0.000578133 0.000405181 0.00101414 0.000745439 6.49691e-05 -0.000319007 0.000238069 0.00049153 0.000262289 -0.000105572 0.000469856 0.00152299 0.00199845
internal_weight=359800 349829 339953 95325 9971 81135 244628 87682 82827 156946 73502 50162 116175 103099 80922 77251 25152 21972
internal_count=359800 349829 339953 95325 9971 81135 244628 87682 82827 156946 73502 50162 116175 103099 80922 77251 25152 21972
is_linear=0
shrinkage=0.0229654


Tree=187
num_leaves=19
num_cat=0
split_feature=35 35 26 3 0 0 0 0 3 3 3 6 6 14 9 14 13 33
split_gain=292.883 200.078 136.952 113.138 112.848 96.8007 95.2688 99.084 213.026 108.616 101.447 94.6542 92.6018 92.5261 79.7901 76.2789 73.8608 122.545
threshold=41270.500000000007 18096.500000000004 0.78072916666666681 2.5000000000000004 43.500000000000007 35.500000000000007 2.5000000000000004 20.500000000000004 5.5000000000000009 5.5000000000000009 3.5000000000000004 1.0000000180025095e-35 1.0000000180025095e-35 58.687500000000007 -0.93301270189221908 69.062500000000014 5.0937500000000009 0.30902777777777785
decision_type=2 2 2 2 2 2 2 2 2 2 2 2 2 2 2 2 2 2
left_child=1 12 -3 4 5 13 -5 9 10 11 -9 16 -1 -4 -10 -12 -8 -18
right_child=-2 2 3 6 -6 -7 7 8 14 -11 15 -13 -14 -15 -16 -17 17 -19
leaf_value=-5.0376189375722014 26.392990377221057 13.857752430498468 -6.2000259292830933 3.65486871188673 -2.5557908416674082 4.8777293143038163 1.459299351999257 1.5518919639411903 21.524726404238574 -5.2917655338674514 -6.0658219002043756 -21.212988206204678 -25.133850854124042 1.8844553923610596 4.4859557319586276 -0.94529585952935602 -1.7280928972534286 -19.423011541279696
leaf_weight=17176 4080 3430 9732 8439 15894 24698 22206 28676 1840 17242 25287 984 1168 89528 25155 32069 31365 831
leaf_count=17176 4080 3430 9732 8439 15894 24698 22206 28676 1840 17242 25287 984 1168 89528 25155 32069 31365 831
internal_value=5.10626e-05 -1.91099e-05 0.000107892 6.09988e-05 0.000558978 0.000792575 -0.000297814 -0.000406291 1.89978e-05 -0.00106814 -0.000539486 -0.000572622 -0.00235488 0.00047245 0.00179886 -0.0010971 -0.000444938 -0.0011477
internal_weight=359800 355720 337376 333946 139852 123958 194094 185655 113027 72628 86032 55386 18344 99260 26995 57356 54402 32196
internal_count=359800 355720 337376 333946 139852 123958 194094 185655 113027 72628 86032 55386 18344 99260 26995 57356 54402 32196
is_linear=0
shrinkage=0.0229654


Tree=188
num_leaves=19
num_cat=0
split_feature=37 37 37 15 37 35 36 36 37 35 36 37 13 35 35 3 7 11
split_gain=632.643 458.768 255.904 141.117 99.8539 172.571 145.841 124.735 110.861 98.1001 94.9249 85.6212 85.5727 83.1304 82.5266 74.8076 74.35 70.5305
threshold=39716.83368484956 17512.56116814318 22746.243133027394 15.106250000000003 30652.222152087903 30270.500000000004 27094.500000000004 28065.500000000004 27508.88673103532 22775.500000000004 23720.500000000004 36029.311559945709 17.831250000000008 24380.000000000004 37073.500000000007 1.0000000180025095e-35 1.0000000180025095e-35 108.00000000000001
decision_type=2 2 2 2 2 2 2 2 2 2 2 2 2 2 2 2 2 2
left_child=1 -1 3 10 6 -6 8 -7 9 -4 13 14 15 -3 -9 16 -11 -5
right_child=-2 2 4 17 5 7 -8 11 -10 12 -12 -13 -14 -15 -16 -17 -18 -19
leaf_value=-14.960343682060058 25.023547221101463 -0.0039325503118604437 5.3521572340214725 -8.978063379079094 20.61512804337519 28.123019243206326 -2.108259454135204 0.9039267926815524 8.0216070171502789 -0.44203441557329276 -9.5136199510371604 6.0209908807696273 4.3833344106907486 -10.12554511616729 -11.829603233671405 -0.013562069624207805 -14.373848112350329 -2.577714445822104
leaf_weight=7057 7049 71535 17069 19684 7846 1538 56884 37140 9326 2545 5535 22390 10527 2626 3384 64091 2264 11310
leaf_count=7057 7049 71535 17069 19684 7846 1538 56884 37140 9326 2545 5535 22390 10527 2626 3384 64091 2264 11310
internal_value=5.06158e-05 -8.55138e-05 3.28178e-05 -0.000877619 0.000461646 0.00117181 0.000146087 0.000780336 0.00065019 0.000419106 -0.000366255 0.000622374 7.96577e-05 -0.000149725 -7.36725e-06 -0.000214988 -0.00297753 -0.00219251
internal_weight=359800 352751 345694 110690 235004 72298 162706 64452 105822 96496 79696 62914 79427 74161 40524 68900 4809 30994
internal_count=359800 352751 345694 110690 235004 72298 162706 64452 105822 96496 79696 62914 79427 74161 40524 68900 4809 30994
is_linear=0
shrinkage=0.0229654


Tree=189
num_leaves=19
num_cat=0
split_feature=35 35 15 11 7 16 8 17 29 31 12 11 25 16 16 35 16 15
split_gain=281.837 188.392 188.403 137.263 101.302 105.04 126.85 130.455 99.3812 88.4042 87.8708 87.3459 121.835 73.2699 72.3682 69.2841 65.2749 63.9051
threshold=41270.500000000007 18096.500000000004 12.231250000000003 108.00000000000001 0.82968937203783699 486.56250000000006 0.55438071450436011 96.062500000000014 673.3687500000002 172.33125000000004 9.7062500000000025 60.000000000000007 8.48463541666667 137.56250000000003 135.56250000000003 23876.500000000004 115.31250000000001 18.668750000000006
decision_type=2 2 2 2 2 2 2 2 2 2 2 2 2 2 2 2 2 2
left_child=1 -1 8 4 5 6 7 14 11 10 -8 12 16 -2 -4 -16 -3 -12
right_child=13 2 3 -5 -6 -7 9 -9 -10 -11 17 -13 -14 -15 15 -17 -18 -19
leaf_value=-6.0780311455968672 27.166886750465085 7.3380076048642318 2.3435139525945594 1.3714516764353026 -6.3669370135604773 -14.834538802624728 -1.8877977068088596 8.26392577854857 12.291363413286415 6.7181636893673877 -4.3131207238374074 0.30575159603246238 1.0442001799659646 -23.514993289854807 2.4943790239776287 -6.6829977708551542 -1.5794447156171587 -14.696953711962326
leaf_weight=18344 3867 16536 17042 63513 14582 6882 15443 12483 4013 1693 10938 99503 42804 213 7843 17946 2806 3349
leaf_count=18344 3867 16536 17042 63513 14582 6882 15443 12483 4013 1693 10938 99503 42804 213 7843 17946 2806 3349
internal_value=4.93392e-05 -1.94972e-05 0.00010374 -0.000429312 -0.000926779 -0.000649451 -0.000432768 0.000229181 0.000656265 -0.001598 -0.00188868 0.000567639 0.00124313 0.00605093 -0.000372918 -0.0011403 0.0027558 -0.00318674
internal_weight=359800 355720 337376 171714 108201 93619 86737 55314 165662 31423 29730 161649 62146 4080 42831 25789 19342 14287
internal_count=359800 355720 337376 171714 108201 93619 86737 55314 165662 31423 29730 161649 62146 4080 42831 25789 19342 14287
is_linear=0
shrinkage=0.0229654


Tree=190
num_leaves=19
num_cat=0
split_feature=35 6 10 22 26 29 31 8 9 31 24 32 35 7 36 8 36 8
split_gain=274.01 195.196 212.372 142.95 138.843 101.751 113.837 129.71 117.421 97.852 82.9393 82.4528 81.929 80.5443 84.3844 70.17 64.1895 63.6452
threshold=41270.500000000007 1.0000000180025095e-35 0.6830127018922193 8.4378472222222261 1.9851562500000004 371.9812500000001 174.10625000000005 -0.065263096110025884 -0.93301270189221908 97.143750000000026 4.9062500000000009 706.2437500000002 17545.500000000004 0.82968937203783699 17409.500000000004 -0.70710678118654757 30610.500000000004 0.99572243068690536
decision_type=2 2 2 2 2 2 2 2 2 2 2 2 2 2 2 2 2 2
left_child=1 2 5 4 -4 6 8 -8 9 16 -6 13 -3 17 -15 -2 -1 -10
right_child=15 12 3 -5 10 -7 7 -9 11 -11 -12 -13 -14 14 -16 -17 -18 -19
leaf_value=0.6839640802855298 -3.5192350152179137 -29.518993975357684 12.22948640120029 7.5456228622018573 0.73342058971797741 2.2083566145570783 -1.9360846503799283 4.5263737986068477 -1.1915470223990809 12.847178024952495 -11.503824081725053 -15.657999275986043 -8.0473784508244304 -8.5641733221071821 -2.6085502225869144 27.267348754677595 19.261758777613327 -5.4520374505138216
leaf_weight=20491 664 896 6188 23445 43955 47083 11571 12264 139764 1938 2748 1195 7168 2912 29991 3416 424 3687
leaf_count=20491 664 896 6188 23445 43955 47083 11571 12264 139764 1938 2748 1195 7168 2912 29991 3416 424 3687
internal_value=4.88286e-05 -1.90453e-05 6.28871e-05 0.00113299 0.000471327 -0.000238186 -0.000441975 0.00105842 -0.000620427 0.000929047 4.30266e-05 -0.000819865 -0.00355132 -0.000779126 -0.00180391 0.0059665 0.000471606 -0.000544074
internal_weight=359800 355720 347656 76336 52891 271320 224237 23835 200402 22853 46703 177549 8064 176354 32903 4080 20915 143451
internal_count=359800 355720 347656 76336 52891 271320 224237 23835 200402 22853 46703 177549 8064 176354 32903 4080 20915 143451
is_linear=0
shrinkage=0.0229654


Tree=191
num_leaves=19
num_cat=0
split_feature=37 37 37 15 36 35 37 35 36 36 37 37 36 11 35 35 37 3
split_gain=596.384 434.887 238.065 124.669 93.2479 84.6997 108.241 153.868 114.979 107.349 93.8151 86.8353 81.1588 77.9606 75.5883 73.1435 71.0962 66.5654
threshold=39716.83368484956 17512.56116814318 23634.054453938876 12.231250000000003 24051.500000000004 23300.500000000004 30917.013928228869 30882.500000000004 28891.000000000004 29272.500000000004 28146.982781622504 35846.50295650318 25161.500000000004 108.00000000000001 37073.500000000007 32087.000000000004 41166.464389715322 1.0000000180025095e-35
decision_type=2 2 2 2 2 2 2 2 2 2 2 2 2 2 2 2 2 2
left_child=1 -1 3 4 -3 -4 9 -8 -9 10 12 14 17 -5 -10 -11 -2 -7
right_child=16 2 5 13 -6 6 7 8 11 15 -12 -13 -14 -15 -16 -17 -18 -19
leaf_value=-14.403956108104925 15.507381331159705 0.30350665866567816 6.2645112647542041 -5.6594226604048767 -7.3388075429233606 -8.1538502053126454 17.134723479178835 21.960107217850084 0.26099632917662735 -3.1817799586099063 4.7213778974369784 5.2401201360583709 -1.4920837811232013 -1.2052692471012914 -12.609256047833933 -16.42452944963507 36.857079600159636 2.485942043299612
leaf_weight=7057 4276 65923 15922 39947 5764 2590 9022 2294 31400 21823 16987 23531 47232 23424 2968 2071 2773 34796
leaf_count=7057 4276 65923 15922 39947 5764 2590 9022 2294 31400 21823 16987 23531 47232 23424 2968 2071 2773 34796
internal_value=4.99775e-05 -8.21935e-05 3.30171e-05 -0.000719614 -6.35908e-05 0.000515598 0.000383909 0.00111302 0.000693812 -1.82078e-05 0.000307509 0.000494023 -5.15662e-06 -0.00146173 -0.000241896 -0.00140326 0.00666417 0.000794262
internal_weight=359800 352751 345694 135058 71687 210636 194714 69215 60193 125499 101605 57899 84618 63371 34368 23894 7049 37386
internal_count=359800 352751 345694 135058 71687 210636 194714 69215 60193 125499 101605 57899 84618 63371 34368 23894 7049 37386
is_linear=0
shrinkage=0.0229654


Tree=192
num_leaves=19
num_cat=0
split_feature=37 37 37 36 37 35 15 15 11 13 24 30 11 37 35 37 36 35
split_gain=577.469 411.478 216.491 170.528 129.085 119.324 94.0836 83.1424 107.373 80.4967 102.708 109.971 95.5925 81.8092 92.6822 102.496 88.5856 76.1894
threshold=38757.320078214347 17512.56116814318 21453.201029702428 22917.500000000004 41166.464389715322 23062.500000000004 15.106250000000003 8.7437500000000021 108.00000000000001 19.231250000000006 1.9500000000000006 53.162500000000023 108.00000000000001 34270.409831791323 30043.500000000004 28060.695964053844 32237.500000000004 26833.500000000004
decision_type=2 2 2 2 2 2 2 2 2 2 2 2 2 2 2 2 2 2
left_child=1 -1 3 5 -2 6 -3 8 -4 10 11 -9 -12 14 15 17 -15 -13
right_child=4 2 7 -5 -6 -7 -8 9 -10 -11 12 13 -14 16 -16 -17 -18 -19
leaf_value=-14.073163365871739 11.509787155519762 -0.036255792233771837 3.7337355959580711 -15.610532537664845 36.010641695174392 -13.545940411127296 -5.8912957130174464 -4.2238935865360423 -0.33482034122600091 4.4815963340275395 -6.4663315871267741 1.2282052390202527 1.073495581989647 24.327302217558266 -3.0016292296595615 7.1248404784747645 3.9561378742708806 -3.6790406325562985
leaf_weight=7057 8614 51160 36068 6218 2773 4710 16054 12370 23375 11515 18725 65195 12607 1978 27823 17693 19903 15962
leaf_count=7057 8614 51160 36068 6218 2773 4710 16054 12370 23375 11515 18725 65195 12607 1978 27823 17693 19903 15962
internal_value=4.65946e-05 -0.000119733 -6.25676e-06 -0.00106771 0.00513581 -0.000752273 -0.000504655 0.000308865 0.00106457 8.84148e-05 -2.32932e-05 0.000210925 -0.00122626 0.000384164 0.000160176 0.000489743 0.00168087 0.000144459
internal_weight=359800 348413 341356 78142 11387 71924 67214 263214 59443 203771 192256 160924 31332 148554 126673 98850 21881 81157
internal_count=359800 348413 341356 78142 11387 71924 67214 263214 59443 203771 192256 160924 31332 148554 126673 98850 21881 81157
is_linear=0
shrinkage=0.0229654


Tree=193
num_leaves=19
num_cat=0
split_feature=37 37 37 35 37 35 1 3 37 35 3 37 35 35 13 8 35 3
split_gain=557.62 397.754 197.505 180.175 112.397 101.219 89.4104 149.393 96.914 141.784 87.4513 86.245 86.9075 80.6987 68.7952 65.6496 62.312 52.904
threshold=40097.014493550079 18324.567058026765 28060.695964053844 27408.000000000004 17167.615452909533 29595.000000000004 1.0000000180025095e-35 1.0000000180025095e-35 21971.225937209423 22297.500000000004 3.5000000000000004 35349.906436027122 35774.500000000007 26282.500000000004 16.818750000000005 0.99572243068690536 35575.000000000007 5.5000000000000009
decision_type=2 2 2 2 2 2 2 2 2 2 2 2 2 2 2 2 2 2
left_child=1 4 5 -4 -1 6 7 -3 9 -8 -6 12 -5 14 15 -10 -13 -9
right_child=-2 2 3 11 10 -7 8 17 13 -11 -12 16 -14 -15 -16 -17 -18 -19
leaf_value=-19.988889395915088 25.54101419825508 -7.5328907106739562 16.369213958598614 1.3097552284307352 -12.918105654005394 -12.643258449381074 -1.0619979044332273 6.0171381225778937 0.59549453065050473 -9.8917630290206837 -3.1340931700653383 15.089621382746758 -8.3911502478986932 -2.2432477002677116 3.9104580586421127 -4.9246209180799339 3.2032874709340149 -1.9716657979152146
leaf_weight=4218 5662 2063 8089 63873 2597 4940 61558 10429 77910 12407 10202 7310 5933 35896 18091 4126 22419 2077
leaf_count=4218 5662 2063 8089 63873 2597 4940 61558 10429 77910 12407 10202 7310 5933 35896 18091 4126 22419 2077
internal_value=4.53181e-05 -6.89991e-05 0.00010392 0.000915637 -0.00349468 -0.000276739 -0.000205204 0.00153455 -0.000325909 -0.000994966 -0.00242322 0.000647766 0.000206605 3.79034e-05 0.000372829 9.01417e-05 0.00168365 0.00247907
internal_weight=359800 354138 337121 107624 17017 229497 224557 14569 209988 73965 12799 99535 69806 136023 100127 82036 29729 12506
internal_count=359800 354138 337121 107624 17017 229497 224557 14569 209988 73965 12799 99535 69806 136023 100127 82036 29729 12506
is_linear=0
shrinkage=0.0229654


Tree=194
num_leaves=19
num_cat=0
split_feature=35 6 25 33 15 11 31 8 4 21 14 15 35 32 26 4 26 11
split_gain=240.814 184.021 160.434 139.098 104.92 133.272 101.907 121.065 113.323 119.573 86.7518 79.7771 78.8229 73.0612 71.3638 70.5746 73.1576 69.8634
threshold=41270.500000000007 1.0000000180025095e-35 10.92057291666667 0.30902777777777785 15.506250000000003 36.000000000000007 174.10625000000005 0.065263096110025676 8.5000000000000018 17.161328125000004 84.062500000000014 9.6562500000000036 17545.500000000004 706.2437500000002 0.78072916666666681 1.5000000000000002 7.6691406250000007 108.00000000000001
decision_type=2 2 2 2 2 2 2 2 2 2 2 2 2 2 2 2 2 2
left_child=1 2 4 6 5 -1 8 -8 13 10 11 -10 -3 -4 -7 16 -6 -17
right_child=-2 12 3 -5 15 14 7 -9 9 -11 -12 -13 -14 -15 -16 17 -18 -19
leaf_value=5.3455100908089763 22.399504457945067 -27.862247918671063 -1.9641510246785121 -13.272006825691069 -2.5328406217076975 12.600538000267809 -1.3675024372795754 4.6261164686400509 3.3006291199621867 11.678425206127034 2.8407256927506377 -4.6434169210458833 -7.7332686534427255 -15.129156833719199 1.0844075930660895 -4.4587760635701281 12.392162376473696 1.9249034884536262
leaf_weight=27585 4080 896 106684 1896 4843 2538 12558 11277 5048 2190 18071 16029 7168 1195 85185 28061 7529 16967
leaf_count=27585 4080 896 106684 1896 4843 2538 12558 11277 5048 2190 18071 16029 7168 1195 85185 28061 7529 16967
internal_value=4.73606e-05 -1.62692e-05 6.32834e-05 -0.00042689 0.000559814 0.000959182 -0.000359108 0.0010353 -0.000581842 0.000440553 0.000148418 -0.000852609 -0.00344595 -0.000973612 0.000521364 -0.000242457 0.0012938 -0.000664563
internal_weight=359800 355720 347656 174948 172708 115308 173052 23835 149217 41338 39148 21077 8064 107879 87723 57400 12372 45028
internal_count=359800 355720 347656 174948 172708 115308 173052 23835 149217 41338 39148 21077 8064 107879 87723 57400 12372 45028
is_linear=0
shrinkage=0.0229654


Tree=195
num_leaves=19
num_cat=0
split_feature=35 6 25 13 14 13 32 9 24 3 8 8 35 3 28 16 9 23
split_gain=234.289 175.625 154.122 124.671 114.657 101.813 98.5471 118.641 107.041 90.6511 124.152 85.2163 79.4534 72.9258 72.0868 68.5768 67.2636 85.3304
threshold=41270.500000000007 1.0000000180025095e-35 10.92057291666667 13.156250000000004 57.312500000000007 26.381250000000005 20.150000000000002 0.25000000000000011 2.4750000000000014 3.5000000000000004 0.25881904510252057 0.065263096110025676 17545.500000000004 1.0000000180025095e-35 1.5990709848136218 137.56250000000003 -0.93301270189221908 -4.1999999999999993
decision_type=2 2 2 2 2 2 2 2 2 2 2 2 2 2 2 2 2 2
left_child=1 2 9 6 5 11 8 -8 -4 10 13 -5 -3 -1 -11 -2 -6 -18
right_child=15 12 3 4 16 -7 7 -9 -10 14 -12 -13 -14 -15 -16 -17 17 -19
leaf_value=13.802125757441271 23.363059818506912 -27.22238000150821 0.48794423361735528 -9.9326516034336549 6.6508996711006736 10.044492149403125 -5.1985461473678107 -0.064244999810273595 -7.0345580917500063 0.77426448517020263 0.31012726413955272 0.92060763958802028 -7.5556709764504344 4.3937496665262232 -4.1638500608688327 -25.404944601117375 3.8996054325348286 0.087828469548067015
leaf_weight=13648 3867 896 37508 14687 7827 1821 26607 12462 8696 62992 46126 7044 7168 37641 12301 213 8224 50072
leaf_count=13648 3867 896 37508 14687 7827 1821 26607 12462 8696 62992 46126 7044 7168 37641 12301 213 8224 50072
internal_value=4.4233e-05 -1.85288e-05 5.91878e-05 -0.000421245 0.000176578 -0.00119937 -0.00104993 -0.00189894 -0.000332025 0.000545852 0.00100841 -0.00163646 -0.00336906 0.00178591 -5.26149e-05 0.0055162 0.000666668 0.000398278
internal_weight=359800 355720 347656 174948 89675 23552 85273 39069 46204 172708 97415 21731 8064 51289 75293 4080 66123 58296
internal_count=359800 355720 347656 174948 89675 23552 85273 39069 46204 172708 97415 21731 8064 51289 75293 4080 66123 58296
is_linear=0
shrinkage=0.0229654


Tree=196
num_leaves=19
num_cat=0
split_feature=37 37 37 36 15 36 37 36 37 37 36 36 37 30 37 0 36 37
split_gain=520.625 376.051 203.455 129.656 116.281 96.8969 86.7327 91.2137 85.1481 75.7169 75.2452 74.8105 70.9598 68.0785 65.9103 63.1624 58.5233 88.9574
threshold=40097.014493550079 17796.853298326216 25880.966961899576 25441.500000000004 21.393750000000008 25209.500000000004 34724.425522802536 30369.500000000004 20773.091153354329 29776.60479584325 20095.500000000004 21704.500000000004 21568.319413839254 1388.9187500000003 16946.789151764384 4.5000000000000009 32394.000000000004 30273.138219804448
decision_type=2 2 2 2 2 2 2 2 2 2 2 2 2 2 2 2 2 2
left_child=1 14 4 9 5 8 16 -8 11 13 -10 -3 -7 -4 -1 -12 17 -5
right_child=-2 2 3 6 -6 12 7 -9 10 -11 15 -13 -14 -15 -16 -17 -18 -19
leaf_value=-26.478891292354909 24.455472164009262 -0.95355581633969411 10.401752946831794 -0.023443574348242676 -8.6481918466257266 -26.864767547096839 29.066335328782841 3.9676254699467481 5.3496395258849265 42.095895468708754 3.147641728430834 -8.9084351546072913 -3.1178692720609926 0.15030990957302381 -6.4771787927537359 -0.26366864577012017 -2.6885868655385239 5.6220765561852613
leaf_weight=2802 5662 48741 8085 57184 13811 1240 1219 34164 10118 701 12379 5300 25940 4038 7074 75490 24959 20893
leaf_count=2802 5662 48741 8085 57184 13811 1240 1219 34164 10118 701 12379 5300 25940 4038 7074 75490 24959 20893
internal_value=4.32117e-05 -6.72482e-05 5.95045e-05 0.000690209 -0.000434694 -0.000278212 0.000485542 0.00146653 -5.2418e-05 0.00289933 0.000351206 -0.000784269 -0.00154117 0.00247499 -0.00448565 0.000135254 0.000148666 0.00045812
internal_weight=359800 354138 344262 151243 193019 179208 138419 35383 152028 12824 97987 54041 27180 12123 9876 87869 103036 78077
internal_count=359800 354138 344262 151243 193019 179208 138419 35383 152028 12824 97987 54041 27180 12123 9876 87869 103036 78077
is_linear=0
shrinkage=0.0229654


Tree=197
num_leaves=19
num_cat=0
split_feature=7 10 6 10 30 25 25 23 21 0 26 23 3 3 3 7 3 16
split_gain=219.283 159.269 158.325 131.566 108.468 104.312 81.1206 74.0314 81.4555 62.7039 61.7107 61.571 56.6433 132.891 55.7141 70.5647 83.2115 65.551
threshold=-0.89495246814786256 0.6830127018922193 1.0000000180025095e-35 0.6830127018922193 1059.2187500000002 7.0690104166666687 2.7429687499999997 -5.6499999999999968 7.7389322916666679 47.500000000000007 1.9851562500000004 -1.787499999999999 5.5000000000000009 3.5000000000000004 2.5000000000000004 0.44134171618254497 5.5000000000000009 582.06250000000011
decision_type=2 2 2 2 2 2 2 2 2 2 2 2 2 2 2 2 2 2
left_child=1 12 3 7 -5 10 -3 -2 -9 14 -6 -4 13 -1 -10 17 -17 -16
right_child=2 6 11 4 5 -7 -8 8 9 -11 -12 -13 -14 -15 15 16 -18 -19
leaf_value=3.9182185000643286 2.554548374231985 31.578450383347629 -0.31658793250248407 5.8883656916187626 10.1379793934625 -5.3599930927297992 9.3104256897155508 1.4715641780034634 -0.25911870797565573 -5.8594798528573051 0.84024963856331469 -17.808121183112089 10.406054367989301 -4.4349321139794302 -0.38277511397056796 -1.9941276430630566 -6.4024573920067098 -10.681281407169653
leaf_weight=23128 8090 1867 1924 22182 6105 11282 10173 40324 75646 4022 28655 4964 5768 11536 52467 33539 10675 7453
leaf_count=23128 8090 1867 1924 22182 6105 11282 10173 40324 75646 4022 28655 4964 5768 11536 52467 33539 10675 7453
internal_value=4.59563e-05 0.00141805 -0.00018831 -0.000109385 0.00077725 0.000141657 0.00373665 -0.000369874 -0.000447779 -0.000652845 0.000764412 -0.00363086 0.000727609 0.000376971 -0.0005894 -0.000933975 -0.00162992 -0.000420445
internal_weight=359800 52472 307328 300440 68224 46042 12040 232216 224126 183802 34760 6888 40432 34664 179780 104134 44214 59920
internal_count=359800 52472 307328 300440 68224 46042 12040 232216 224126 183802 34760 6888 40432 34664 179780 104134 44214 59920
is_linear=0
shrinkage=0.0229654


Tree=198
num_leaves=19
num_cat=0
split_feature=37 37 37 35 35 37 35 35 15 37 37 0 37 37 37 37 35 0
split_gain=503.948 347.185 172.516 127.307 125.496 94.2018 82.8797 82.4691 82.2573 81.9827 79.0289 75.7628 68.5807 61.4002 59.1969 56.2161 98.5871 58.0059
threshold=40097.014493550079 18139.320379618603 25822.820239056793 25960.500000000004 26833.500000000004 34574.61961582378 35575.000000000007 33403.500000000007 22.243750000000006 17167.615452909533 36558.079481930494 2.5000000000000004 32499.598480193104 21971.225937209423 29222.169824188488 21798.629662579697 22297.500000000004 47.500000000000007
decision_type=2 2 2 2 2 2 2 2 2 2 2 2 2 2 2 2 2 2
left_child=1 9 4 14 8 7 -7 12 11 -1 -8 -3 -5 -10 -4 16 -13 -17
right_child=-2 2 3 5 -6 6 10 -9 13 -11 -12 15 -14 -15 -16 17 -18 -19
leaf_value=-18.866357318502708 23.485156164996937 2.8463892595406461 5.1559454892022982 0.2745904870743448 -9.4737713894243196 11.682153768902099 -4.0573191755717462 -4.7388677800972028 -13.294794698292375 -5.0625632620049483 4.7933271247962743 -0.82326673667935857 7.4057409503683171 -2.3659590862119582 21.97481000466091 0.63217911229207235 -8.7955675009608907 -4.2508955931257395
leaf_weight=4218 5662 12037 14507 75993 9443 11791 7982 14370 4244 9974 17085 59411 8196 4958 2706 83345 9539 4339
leaf_count=4218 5662 12037 14507 75993 9443 11791 7982 14370 4244 9974 17085 59411 8196 4958 2706 83345 9539 4339
internal_value=4.52542e-05 -6.34221e-05 8.34993e-05 0.000656627 -0.000383501 0.00042016 0.00141065 4.9748e-05 -0.000246538 -0.00358268 0.000663759 -0.000131185 0.000324204 -0.00236093 0.00251695 -0.000266112 -0.000756743 0.000119693
internal_weight=359800 354138 339946 152630 187316 135417 36858 98559 177873 14192 25067 168671 84189 9202 17213 156634 68950 87684
internal_count=359800 354138 339946 152630 187316 135417 36858 98559 177873 14192 25067 168671 84189 9202 17213 156634 68950 87684
is_linear=0
shrinkage=0.0229654


Tree=199
num_leaves=19
num_cat=0
split_feature=7 10 15 7 26 13 23 25 4 14 8 24 21 3 3 4 28 14
split_gain=202.067 152.859 147.022 105.626 82.3433 95.0001 98.0967 78.6581 76.5379 68.8087 85.5614 86.5703 60.6529 53.8917 124.707 56.7808 53.2508 55.0133
threshold=-0.89495246814786256 0.6830127018922193 12.231250000000003 0.82968937203783699 13.87565104166667 13.456250000000002 -3.8124999999999982 2.7429687499999997 5.5000000000000009 84.187500000000014 0.55438071450436011 1.2500000000000009 6.5246093750000007 5.5000000000000009 3.5000000000000004 8.5000000000000018 7.6875113378684805 53.312500000000007
decision_type=2 2 2 2 2 2 2 2 2 2 2 2 2 2 2 2 2 2
left_child=1 13 4 9 -2 -6 -7 -3 -8 12 -11 -12 -4 14 -1 -15 17 -14
right_child=2 7 3 -5 5 6 8 -9 -10 10 11 -13 16 15 -16 -17 -18 -19
leaf_value=3.7827358518175225 1.6244578729929191 30.572399788757476 2.5738189356031649 -4.9328711544547819 -2.7179456398940909 3.5488230862686585 -9.43093524189851 8.9458551482054496 0.19402059548311398 6.8927395242272294 1.5258995708980914 -6.014538790532602 -11.626591087332283 5.9306876942495066 -4.3012624233189438 25.035993595000445 11.177835551506517 -2.7422315385689537
leaf_weight=23128 101590 1867 12894 26097 18086 8036 4165 10173 25982 15247 11688 7942 6807 4816 11536 952 733 68061
leaf_count=23128 101590 1867 12894 26097 18086 8036 4165 10173 25982 15247 11688 7942 6807 4816 11536 952 733 68061
internal_value=4.31479e-05 0.00136028 -0.000181734 -0.00069794 0.000307037 -0.000397729 0.000251709 0.00363174 -0.000349277 -0.000417157 0.000446771 -0.000555709 -0.000757642 0.000683873 0.000341858 0.00273929 -0.00100594 -0.00106625
internal_weight=359800 52472 307328 149469 157859 56269 38183 12040 30147 123372 34877 19630 88495 40432 34664 5768 75601 74868
internal_count=359800 52472 307328 149469 157859 56269 38183 12040 30147 123372 34877 19630 88495 40432 34664 5768 75601 74868
is_linear=0
shrinkage=0.0229654


Tree=200
num_leaves=19
num_cat=0
split_feature=37 37 37 35 35 15 37 37 35 37 35 37 35 35 15 37 9 37
split_gain=475.971 330 177.543 114.186 106.397 88.2002 93.47 81.3451 87.219 82.2453 78.0934 69.7505 60.561 55.5803 54.9877 53.8002 51.9519 51.0619
threshold=40097.014493550079 17658.666800385352 25132.462338645339 26282.500000000004 24821.500000000004 12.231250000000003 21508.732551923084 34724.425522802536 33403.500000000007 31742.305191497588 35575.000000000007 36558.079481930494 23175.500000000004 28708.500000000004 22.631250000000005 16571.864639373602 -0.93301270189221908 41166.464389715322
decision_type=2 2 2 2 2 2 2 2 2 2 2 2 2 2 2 2 2 2
left_child=1 15 3 5 -4 -3 14 8 9 16 -9 -12 -8 -11 -7 -1 -6 -2
right_child=17 2 4 -5 7 6 12 10 -10 13 11 -13 -14 -15 -16 -17 -18 -19
leaf_value=-36.047155706163878 15.437835441094313 0.26838712064547432 7.6532062096468376 -10.564972429377445 5.2507985072162988 -3.8504356953771004 2.2620102297582716 11.879938860148098 -4.5125560002431202 29.823486949891311 -3.9617649807614423 4.5818922879396684 -2.8083999216981934 4.3944974500470266 -13.197571771465261 -7.7035326652728493 -0.13068089604890953 31.839012390411273
leaf_weight=1402 2889 89209 13412 8458 7478 31604 19480 10853 15355 1696 7569 17085 23895 12419 3403 7081 83739 2773
leaf_count=1402 2889 89209 13412 8458 7478 31604 19480 10853 15355 1696 7569 17085 23895 12419 3403 7081 83739 2773
internal_value=4.19352e-05 -6.36815e-05 4.61428e-05 -0.000464724 0.000576417 -0.000333331 -0.000895388 0.000407865 0.000123593 0.000359311 0.0013741 0.000659508 -0.000182929 0.00199066 -0.00177815 -0.00453867 0.000106875 0.00664788
internal_weight=359800 354138 345655 176049 169606 167591 78382 156194 120687 105332 35507 24654 43375 14115 35007 8483 91217 5662
internal_count=359800 354138 345655 176049 169606 167591 78382 156194 120687 105332 35507 24654 43375 14115 35007 8483 91217 5662
is_linear=0
shrinkage=0.0229654


Tree=201
num_leaves=19
num_cat=0
split_feature=37 37 37 35 35 37 35 37 35 3 9 37 26 8 35 3 26 37
split_gain=459.863 321.56 166.306 114.333 109.766 92.1253 99.0419 85.023 113.721 101.578 71.7858 71.5968 68.8299 68.7883 63.5098 98.7278 61.728 60.4845
threshold=40097.014493550079 17796.853298326216 25415.561728725286 26028.500000000004 26282.500000000004 33467.892597773149 33092.000000000007 21113.0901851915 21122.500000000004 1.0000000180025095e-35 -0.93301270189221908 29003.814788121697 21.610286458333338 0.99572243068690536 22354.500000000004 1.0000000180025095e-35 20.375130208333339 16571.864639373602
decision_type=2 2 2 2 2 2 2 2 2 2 2 2 2 2 2 2 2 2
left_child=1 17 4 11 7 10 -7 8 9 -3 -5 -4 -12 14 -9 -16 -17 -1
right_child=-2 2 3 5 -6 6 -8 13 -10 -11 12 -13 -14 -15 15 16 -18 -19
leaf_value=-35.219318034606431 22.059557807643731 -5.1732021411104148 4.0098895497115414 5.8129770946553174 -8.927287169824849 16.437912365096221 2.3239728798475707 2.3814164025672375 -6.775136717285684 0.15078014622537425 -0.91661748090916639 20.547800067536979 9.8420273936214286 -4.1764755197998564 -9.9488642689925193 -0.29580255443193137 7.1359874532557077 -6.8422251186770424
leaf_weight=1402 5662 9275 20826 6260 10356 6582 39999 36397 16015 41369 84710 2989 1136 5138 3690 56701 2819 8474
leaf_count=1402 5662 9275 20826 6260 10356 6582 39999 36397 16015 41369 84710 2989 1136 5138 3690 56701 2819 8474
internal_value=4.11054e-05 -6.27087e-05 5.45013e-05 0.000588331 -0.000422768 0.000335903 0.00116821 -0.000284046 -0.00092521 -0.000391796 -8.50238e-05 0.00205835 -0.000258156 0.000123986 0.000257651 -0.000182386 4.36003e-05 -0.00414847
internal_weight=359800 354138 344262 162502 181760 138687 46581 171404 66659 50644 92106 23815 85846 104745 99607 63210 59520 9876
internal_count=359800 354138 344262 162502 181760 138687 46581 171404 66659 50644 92106 23815 85846 104745 99607 63210 59520 9876
is_linear=0
shrinkage=0.0229654


Tree=202
num_leaves=19
num_cat=0
split_feature=37 37 37 35 35 37 37 35 6 8 8 37 35 35 21 30 37 37
split_gain=445.301 309.374 138.168 177.052 100.282 97.5273 76.7807 82.849 72.8349 74.6311 68.3958 63.0712 152.95 77.6483 59.0439 63.8048 55.2689 53.7394
threshold=40097.014493550079 18490.590301764427 29110.947298392126 29383.500000000004 29804.500000000004 17167.615452909533 36029.311559945709 35774.500000000007 1.0000000180025095e-35 0.99572243068690536 0.065263096110025676 22027.651292515438 22354.500000000004 23175.500000000004 20.382161458333339 21.024999999999999 24412.078114376811 41166.464389715322
decision_type=2 2 2 2 2 2 2 2 2 2 2 2 2 2 2 2 2 2
left_child=1 5 4 -4 8 -1 7 -5 9 11 -10 12 -3 -13 15 -15 -17 -2
right_child=17 2 3 6 -6 -7 -8 -9 10 -11 -12 13 -14 14 -16 16 -18 -19
leaf_value=-17.706145089403066 14.576692471325883 -0.061775931775805856 13.148074979417142 1.1944122433171984 -8.8615215237538596 -4.1049997341738536 5.067829918495776 -6.5058133798883304 -21.378945610590186 -4.1180205125334197 -0.26524733061950101 3.2184226725505916 -8.6454952181720408 -4.7031970097258808 6.0549494801237858 -2.1785248158286441 0.96504134742436587 30.601209685067619
leaf_weight=4218 2889 62225 12190 47359 7936 15590 24038 8404 2889 7242 2990 35564 12443 6165 4350 28359 72176 2773
leaf_count=4218 2889 62225 12190 47359 7936 15590 24038 8404 2889 7242 2990 35564 12443 6165 4350 28359 72176 2773
internal_value=4.33394e-05 -5.88178e-05 0.000106402 0.000864158 -0.000181239 -0.00284749 0.000470382 2.67696e-06 -9.52798e-05 -3.03493e-05 -0.00261921 4.47307e-05 -0.000498566 0.000321422 2.23347e-05 -8.45867e-05 5.4481e-05 0.00643291
internal_weight=359800 354138 334330 91991 242339 19808 79801 55763 234403 228524 5879 221282 74668 146614 111050 106700 100535 5662
internal_count=359800 354138 334330 91991 242339 19808 79801 55763 234403 228524 5879 221282 74668 146614 111050 106700 100535 5662
is_linear=0
shrinkage=0.0229654


Tree=203
num_leaves=19
num_cat=0
split_feature=35 15 11 24 10 22 26 11 13 17 9 1 15 24 26 15 1 1
split_gain=189.678 147.223 128.522 151.434 99.3115 94.5617 93.9787 134.202 103.985 90.477 74.635 64.3257 60.1378 61.6496 59.9992 59.0001 54.2388 50.6308
threshold=41867.500000000007 12.231250000000003 108.00000000000001 1.6000000000000025 0.6830127018922193 8.3775173611111118 13.87565104166667 36.000000000000007 14.056250000000004 86.687500000000014 0.25000000000000011 7.5000000000000009 8.0312500000000036 1.7 1.0000000180025095e-35 21.706250000000008 6.5000000000000009 20.500000000000004
decision_type=2 2 2 2 2 2 2 2 2 2 2 2 2 2 2 2 2 2
left_child=1 6 3 4 9 -6 7 12 -8 15 -10 -5 -1 -14 -9 -3 -12 -13
right_child=-2 2 -4 11 5 -7 8 14 10 -11 16 17 13 -15 -16 -17 -18 -19
leaf_value=6.974933980646953 23.831617226951813 -3.0151213682454543 1.1059902864655713 -9.1861235691501726 -1.7122505881622965 8.9837092131883196 -2.440920737395516 15.236453192812833 1.5733067665358986 1.0108943014770961 5.8362094908435971 -3.4324490009177131 4.1875221973835206 -5.3671174919391129 0.77701347141301902 -12.848480908167948 -6.8722652907105903 -10.789779081772073
leaf_weight=11396 2752 41709 66968 8037 11076 9792 21477 1370 34852 20863 655 13607 15883 2250 82970 5910 5188 3045
leaf_count=11396 2752 41709 66968 8037 11076 9792 21477 1370 34852 20863 655 13607 15883 2250 82970 5910 5188 3045
internal_value=4.40415e-05 -2.25121e-06 -0.000462145 -0.00093109 -0.00049118 0.000895814 0.000470616 0.000862698 -0.000247488 -0.000913828 0.000434816 -0.00252313 0.00219513 0.00137352 0.00039619 -0.00146635 -0.00196717 -0.00170875
internal_weight=359800 357048 181007 114039 89350 20868 176041 113869 62172 68482 40695 24689 29529 18133 84340 47619 5843 16652
internal_count=359800 357048 181007 114039 89350 20868 176041 113869 62172 68482 40695 24689 29529 18133 84340 47619 5843 16652
is_linear=0
shrinkage=0.0229654


Tree=204
num_leaves=19
num_cat=0
split_feature=37 37 37 35 36 36 37 37 36 37 36 13 35 37 36 35 3 35
split_gain=430.298 294.297 123.181 171.33 118.762 113.531 109.088 88.8614 87.7061 143.909 88.9956 83.2836 81.6337 80.315 77.5604 76.9203 69.2806 63.7148
threshold=40097.014493550079 18797.470132382845 28146.982781622504 27408.000000000004 27372.500000000004 27525.500000000004 16946.789151764384 34876.514806393076 19594.500000000004 21113.0901851915 22734.500000000004 17.568750000000005 21746.500000000004 24617.385043280763 30369.500000000004 25151.500000000004 3.5000000000000004 21182.500000000004
decision_type=2 2 2 2 2 2 2 2 2 2 2 2 2 2 2 2 2 2
left_child=1 6 5 -4 -5 8 -1 -6 -3 10 17 12 -11 15 -9 -14 -8 -10
right_child=-2 2 3 4 7 -7 16 14 9 11 -12 -13 13 -15 -16 -17 -18 -19
leaf_value=-23.912870206193237 20.908493113709937 2.6304421618800107 15.676848589283786 9.3050210114200596 -0.69569759576488321 -4.5988657390479339 -7.6207562894475931 27.653677528415432 -0.7996235591501798 3.0301393415624247 -13.303689447521952 3.5018517338410557 -1.1971072874188859 0.86023964147660814 3.3388626066152676 -8.3709591073806369 -2.2470868630587462 -6.4893892151850325
leaf_weight=2802 5662 23178 7673 6541 58250 23923 6433 1023 21362 21786 4382 20107 43833 45701 32717 10416 16197 7814
leaf_count=2802 5662 23178 7673 6541 58250 23923 6433 1023 21362 21786 4382 20107 43833 45701 32717 10416 16197 7814
internal_value=4.2382e-05 -5.80396e-05 0.000126108 0.000769593 0.000512189 -0.000181038 -0.00243813 0.000299581 -9.83014e-07 -0.000176429 -0.00152884 0.000143531 -8.26284e-05 -0.000360278 0.00123744 -0.000957792 -0.00190888 -0.0010705
internal_weight=359800 354138 328706 106204 98531 222502 25432 91990 198579 175401 33558 141843 121736 99950 33740 54249 22630 29176
internal_count=359800 354138 328706 106204 98531 222502 25432 91990 198579 175401 33558 141843 121736 99950 33740 54249 22630 29176
is_linear=0
shrinkage=0.0229654


Tree=205
num_leaves=19
num_cat=0
split_feature=7 6 10 10 30 21 16 13 30 13 32 24 10 31 21 4 1 30
split_gain=174.543 145.708 127.331 104.194 102.266 96.6352 65.1209 107.303 113.891 128.197 99.5861 78.74 64.363 63.4628 61.609 61.202 57.4971 54.7401
threshold=-0.89495246814786256 1.0000000180025095e-35 0.6830127018922193 0.6830127018922193 1059.2187500000002 3.1248697916666672 582.06250000000011 15.943750000000003 258.41875000000005 12.731250000000003 105.88125000000001 1.6374999999999997 -0.9330127018922193 53.281250000000021 3.1248697916666672 11.500000000000002 8.5000000000000018 1009.1687500000002
decision_type=2 2 2 2 2 2 2 2 2 2 2 2 2 2 2 2 2 2
left_child=2 3 -1 6 -5 15 7 8 9 -2 11 -10 16 -14 -4 -6 -11 -16
right_child=1 -3 14 4 5 -7 -8 -9 10 12 -12 -13 13 -15 17 -17 -18 -19
leaf_value=1.9255905564005424 -5.004423574208019 -10.386294610764658 27.877914335342734 5.5927874715441961 7.909791059323501 -1.3383564950239104 -8.8039522568194464 2.054281224378812 0.12840480555297651 6.5340704101743263 3.5840912993707206 -3.5090309683217407 2.3789222560919505 -2.7531888915230338 14.529519122449779 -15.802103857419519 -1.9023431786794645 4.1409849125501133
leaf_weight=40432 20065 6888 1785 22182 9776 35475 12805 32121 107181 2541 4869 27656 6296 16721 3615 791 1961 6640
leaf_count=40432 20065 6888 1785 22182 9776 35475 12805 32121 107181 2541 4869 27656 6296 16721 3615 791 1961 6640
internal_value=4.07224e-05 -0.000168283 0.00126487 -9.25679e-05 0.000696462 7.9308e-05 -0.000324381 -0.000231474 -0.000441798 -0.00141217 -0.000111288 -0.000227803 -0.000394315 -0.000885511 0.003338 0.00200706 0.00211698 0.00265261
internal_weight=359800 307328 52472 300440 68224 46042 232216 219411 187290 47584 139706 134837 27519 23017 12040 10567 4502 10255
internal_count=359800 307328 52472 300440 68224 46042 232216 219411 187290 47584 139706 134837 27519 23017 12040 10567 4502 10255
is_linear=0
shrinkage=0.0229654


Tree=206
num_leaves=19
num_cat=0
split_feature=37 37 37 36 36 37 36 3 37 7 3 37 36 36 37 21 3 3
split_gain=417.271 286.497 153.741 116.679 82.6234 102.965 122.615 104.542 84.7362 83.2434 78.196 75.8391 77.0713 72.7374 71.4775 67.6605 79.1802 67.1648
threshold=40097.014493550079 17512.56116814318 24026.812138910074 23892.500000000004 24944.500000000004 29110.947298392126 28384.500000000004 1.0000000180025095e-35 29544.946066381894 0.32075123873380545 5.5000000000000009 20167.682146005318 19178.500000000004 20345.500000000004 21453.201029702428 5.8803385416666671 1.0000000180025095e-35 3.5000000000000004
decision_type=2 2 2 2 2 2 2 2 2 2 2 2 2 2 2 2 2 2
left_child=1 -1 3 11 8 -6 -7 9 15 -8 17 13 -13 -3 -5 16 -4 -9
right_child=-2 2 4 14 5 6 7 10 -10 -11 -12 12 -14 -15 -16 -17 -18 -19
leaf_value=-11.394580637603031 20.198685814893476 -0.90380831209380108 -15.914197190866046 -18.766086883349178 -0.97201942671918495 10.887901709511176 4.6339366707341059 1.3584822233007057 43.140021417138051 24.334126626344652 7.5318242894835832 6.3848730265316922 -0.044977722586587686 -6.1673617278322155 -3.8794602061634569 4.7894569355243348 0.9196741032762259 -3.5922240625261734
leaf_weight=7057 5662 36227 1077 3363 74579 6352 10897 40539 563 3231 8549 6600 69481 9631 20985 25902 7418 21687
leaf_count=7057 5662 36227 1077 3363 74579 6352 10897 40539 563 3231 8549 6600 69481 9631 20985 25902 7418 21687
internal_value=4.08501e-05 -5.80396e-05 3.51017e-05 -0.000531171 0.000447656 0.000233762 0.000751085 0.000520828 0.00146227 0.0023245 0.000160782 -0.000241352 0.000203299 -0.000979052 -0.00198264 0.00131762 -0.00046093 -0.00012216
internal_weight=359800 354138 347081 146287 200794 165834 91255 84903 34960 14128 70775 121939 76081 45858 24348 34397 8495 62226
internal_count=359800 354138 347081 146287 200794 165834 91255 84903 34960 14128 70775 121939 76081 45858 24348 34397 8495 62226
is_linear=0
shrinkage=0.0229654


Tree=207
num_leaves=19
num_cat=0
split_feature=37 37 37 36 37 36 15 37 3 3 36 3 0 15 37 36 24 3
split_gain=407.291 274.763 139.397 128.43 118.67 109.515 89.0878 87.7123 108.432 84.2317 82.2889 92.5655 72.9998 68.5456 63.5273 67.4949 60.8763 60.3444
threshold=40097.014493550079 17796.853298326216 25880.966961899576 26525.500000000004 29222.169824188488 26113.500000000004 8.6937500000000032 30520.511841956639 1.0000000180025095e-35 5.5000000000000009 31796.500000000004 3.5000000000000004 21.500000000000004 26.818750000000005 21227.09264132009 21704.500000000004 4.9062500000000009 3.5000000000000004
decision_type=2 2 2 2 2 2 2 2 2 2 2 2 2 2 2 2 2 2
left_child=1 17 5 4 -4 6 -3 -5 12 10 -10 16 -9 14 15 -8 -12 -1
right_child=-2 2 3 7 -6 -7 13 8 9 -11 11 -13 -14 -15 -16 -17 -18 -19
leaf_value=-23.420073025332986 19.734814735304688 1.1074473244104128 4.1892603041168872 -1.03766537370906 26.144468208713114 -5.8386962225404497 -1.4368283676874831 28.767401360896599 4.9976493360252254 8.6147153293391945 1.7540544177506188 -6.0208460973835241 6.8895158069509375 -15.683342185836702 -0.045194855919017549 -7.7243666502854929 -16.606455928444841 -7.1681813736130975
leaf_weight=879 5662 46254 21368 53559 1991 17763 40360 2674 12996 7321 27157 13552 9819 1814 77719 9109 806 8997
leaf_count=879 5662 46254 21368 53559 1991 17763 40360 2674 12996 7321 27157 13552 9819 1814 77719 9109 806 8997
internal_value=4.22543e-05 -5.54457e-05 5.29003e-05 0.000574959 0.00214081 -0.000356167 -0.000182013 0.000288944 0.000799502 0.000405215 9.45815e-05 -0.000404654 0.00275096 -0.000492057 -0.000428836 -0.00107216 0.000350275 -0.00383222
internal_weight=359800 354138 344262 151243 23359 193019 175256 127884 74325 61832 54511 41515 12493 129002 127188 49469 27963 9876
internal_count=359800 354138 344262 151243 23359 193019 175256 127884 74325 61832 54511 41515 12493 129002 127188 49469 27963 9876
is_linear=0
shrinkage=0.0229654


Tree=208
num_leaves=19
num_cat=0
split_feature=37 37 37 35 36 37 35 35 37 35 37 36 36 15 35 7 37 35
split_gain=395.203 268.836 156.197 119.149 101.38 79.7779 89.1882 79.6186 78.8737 91.7761 73.0907 72.4022 69.9104 63.7566 62.739 58.8885 56.5722 136.476
threshold=40588.166703123112 17350.890228859495 23426.150605651444 24939.500000000004 24779.500000000004 36939.885737871497 23175.500000000004 37846.000000000007 20593.95767831185 21122.500000000004 20593.95767831185 31532.000000000004 21306.500000000004 17.106250000000006 20152.500000000004 0.32075123873380545 31056.517438512285 30882.500000000004
decision_type=2 2 2 2 2 2 2 2 2 2 2 2 2 2 2 2 2 2
left_child=1 -1 3 4 8 6 -4 16 9 13 -6 -7 14 -3 -10 -15 -8 -18
right_child=-2 2 5 -5 10 11 7 -9 12 -11 -12 -13 -14 15 -16 -17 17 -19
leaf_value=-12.79548573759647 22.371378865813856 -0.14469470820265889 5.3151920907357688 -13.356878285935073 -40.434946032837225 36.509648518251176 -0.14268115017852884 -13.116920688867417 10.029849130817725 -7.6244611285816379 -6.1273073097809565 4.785353034638157 -0.67105933704222209 0.50673041990879231 1.548804960256988 -10.964709624994079 15.372348712510327 0.99688382804960973
leaf_weight=5604 4218 39989 16905 5993 889 839 131611 2775 3403 10163 7473 17742 37151 2849 18716 4150 8347 40983
leaf_count=5604 4218 39989 16905 5993 889 839 131611 2775 3403 10163 7473 17742 37151 2849 18716 4150 8347 40983
internal_value=4.07224e-05 -4.21743e-05 3.77313e-05 -0.000590397 -0.000438482 0.000412473 0.000279139 0.000132255 -0.000263049 -0.000871786 -0.00288098 0.00185209 0.000323926 -0.000443785 0.00134611 -0.00246585 0.000191462 0.000854743
internal_weight=359800 355582 349978 130776 124783 219202 200621 183716 116421 57151 8362 18581 59270 46988 22119 6999 180941 49330
internal_count=359800 355582 349978 130776 124783 219202 200621 183716 116421 57151 8362 18581 59270 46988 22119 6999 180941 49330
is_linear=0
shrinkage=0.0229654


Tree=209
num_leaves=19
num_cat=0
split_feature=37 37 37 37 36 35 36 35 37 8 37 35 36 36 37 37 0 26
split_gain=378.361 257.436 112.995 104.288 174.921 113.966 105.698 87.3006 97.6854 102.893 73.7813 77.4754 72.8791 69.0771 84.9708 69.0722 69.4622 65.1756
threshold=40588.166703123112 19228.289749810432 16946.789151764384 29908.181515470071 27819.500000000004 28274.500000000004 19594.500000000004 30149.500000000004 22027.651292515438 -0.19467261866128607 36939.885737871497 37846.000000000007 21191.500000000004 25267.500000000004 25765.757237587812 24870.637002989264 43.500000000000007 18.637630208333338
decision_type=2 2 2 2 2 2 2 2 2 2 2 2 2 2 2 2 2 2
left_child=1 2 -1 6 -5 -6 -3 8 9 -8 11 -7 -4 14 -10 -15 -17 -11
right_child=-2 3 12 4 5 10 7 -9 13 17 -12 -13 -14 15 -16 16 -18 -19
leaf_value=-22.449688208110214 21.857611001831259 3.501903088643822 -2.3629744971877447 24.924800562268299 19.092486677259895 0.80452166668235581 -8.8201436701711806 -7.8707292004286389 0.72879000347033729 -1.1930718833048133 5.4343332666501949 -12.92134894277477 -28.301843283636192 -4.7042735282685397 6.7100755615183125 0.99204736047194331 -3.0115858253267813 4.4959737686622088
leaf_weight=2802 4218 17835 29502 2813 4115 55422 15590 9463 70968 31575 18434 2751 1705 15202 10918 50449 12617 3421
leaf_count=2802 4218 17835 29502 2813 4115 55422 15590 9463 70968 31575 18434 2751 1705 15202 10918 50449 12617 3421
internal_value=3.88076e-05 -4.23034e-05 -0.00194243 0.00015865 0.000856787 0.000660609 -8.63477e-05 -0.000224071 -0.000127174 -0.00100694 0.000460615 5.94141e-05 -0.00154577 0.000150709 0.000617003 -0.00033714 -2.18489e-06 -0.000315646
internal_weight=359800 355582 34009 321573 83535 80722 238038 220203 210740 50586 76607 58173 31207 160154 81886 78268 63066 34996
internal_count=359800 355582 34009 321573 83535 80722 238038 220203 210740 50586 76607 58173 31207 160154 81886 78268 63066 34996
is_linear=0
shrinkage=0.0229654


Tree=210
num_leaves=19
num_cat=0
split_feature=37 37 37 36 37 35 36 8 15 35 15 11 37 36 35 35 37 13
split_gain=360.511 246.628 128.151 146.707 118.421 104.791 80.5427 73.9012 73.3428 63.9663 62.5616 90.153 59.0191 112.951 103.95 88.9996 85.6982 55.9335
threshold=38757.320078214347 17350.890228859495 21113.0901851915 22734.500000000004 41166.464389715322 23062.500000000004 20095.500000000004 0.99572243068690536 15.106250000000003 40221.000000000007 8.7437500000000021 108.00000000000001 33303.976748242778 32237.500000000004 30749.500000000004 33092.000000000007 29908.181515470071 22.431250000000006
decision_type=2 2 2 2 2 2 2 2 2 2 2 2 2 2 2 2 2 2
left_child=1 -1 3 5 -2 8 -4 9 -3 10 11 -8 14 -14 16 -15 17 -12
right_child=4 2 6 -5 -6 -7 7 -9 -10 -11 12 -13 13 15 -16 -17 -18 -19
leaf_value=-12.275984332968664 8.1197527829754783 0.087489205996343203 6.2121395219068711 -14.395249075757706 26.726614932306529 -13.281287169516084 3.2607536607526493 -4.2854515263954278 -4.9225594882740653 -16.49418720257712 -0.37902376830025791 -0.6622619110468172 16.28453222307682 14.067190743134708 -4.8691886744676927 -0.31534820221922222 9.1939449789401806 5.5244812161719583
leaf_weight=5604 8614 47403 8751 4894 2773 3616 34339 6357 15149 1090 130023 22360 3524 4793 22843 24143 9457 4067
leaf_count=5604 8614 47403 8751 4894 2773 3616 34339 6357 15149 1090 130023 22360 3524 4793 22843 24143 9457 4067
internal_value=3.77225e-05 -9.36972e-05 -1.55756e-05 -0.000883882 0.00405883 -0.000600097 0.000211487 0.000139366 -0.000380358 0.000199955 0.000223634 0.000896558 3.17601e-05 0.000927531 -0.00014299 0.000454768 8.59921e-05 -6.30269e-05
internal_weight=359800 348413 342809 71062 11387 66168 271747 262996 62552 256639 255549 56699 198850 32460 166390 28936 143547 134090
internal_count=359800 348413 342809 71062 11387 66168 271747 262996 62552 256639 255549 56699 198850 32460 166390 28936 143547 134090
is_linear=0
shrinkage=0.0229654


Tree=211
num_leaves=19
num_cat=0
split_feature=37 37 37 37 15 0 15 11 13 30 24 11 9 24 8 17 13 19
split_gain=343.728 238.575 121.573 121.007 104.118 74.6269 68.7167 92.5283 63.0855 76.1174 93.7044 80.0349 48.0853 45.9511 46.6377 61.6433 43.2199 42.9634
threshold=38473.853897399989 17350.890228859495 21113.0901851915 41166.464389715322 17.393750000000008 47.500000000000007 8.7437500000000021 108.00000000000001 19.231250000000006 53.162500000000023 1.8499999999999985 108.00000000000001 0.93301270189221952 -0.99999999999999956 -0.32075123873380501 68.312500000000014 3.1812500000000008 2.5625000000000013
decision_type=2 2 2 2 2 2 2 2 2 2 2 2 2 2 2 2 2 2
left_child=1 -1 4 -2 -3 6 7 13 9 -8 12 17 -11 -4 15 -15 -9 -12
right_child=3 2 5 -5 -6 -7 8 16 -10 10 11 -13 -14 14 -16 -17 -18 -19
leaf_value=-11.994061332743067 7.8178263511241868 -0.85348749820903824 6.4962421308370342 26.112827291070044 -8.9771882706909931 -4.1335470329175719 -3.7872610794313388 -3.9945673240370985 4.0659490098190512 1.3860481958060114 -0.82620773321745888 1.1457754290300541 -2.5408302887511707 -4.5242456969969531 3.1502083578828985 4.6436574268993409 1.3096872665735126 -7.3556681086360793
leaf_weight=5604 10069 58861 11076 2773 12201 6525 13232 9219 11917 126358 5670 13285 19722 5189 14564 5471 14138 13926
leaf_count=5604 10069 58861 11076 2773 12201 6525 13232 9219 11917 126358 5670 13285 19722 5189 14564 5471 14138 13926
internal_value=3.37013e-05 -0.00010286 -2.57e-05 0.00372325 -0.000870955 0.000196524 0.000256543 0.000942183 5.61449e-05 -4.43911e-05 7.98831e-05 -0.00102775 0.0003292 0.00166768 0.00112624 -2.80066e-05 -0.00018534 -0.00196066
internal_weight=359800 346958 341354 12842 71062 270292 263767 59657 204110 192193 178961 32881 146080 36300 25224 10660 23357 19596
internal_count=359800 346958 341354 12842 71062 270292 263767 59657 204110 192193 178961 32881 146080 36300 25224 10660 23357 19596
is_linear=0
shrinkage=0.0229654


Tree=212
num_leaves=19
num_cat=0
split_feature=37 37 37 36 36 37 36 37 37 3 3 36 3 36 0 37 15 33
split_gain=326.334 233.987 125.581 115.781 73.997 88.3843 95.9817 94.8309 76.0939 94.8678 81.3933 77.2269 86.4524 71.5936 71.2954 69.7552 66.9109 64.6341
threshold=40097.014493550079 17512.56116814318 22263.946202917101 22616.000000000004 22676.500000000004 25822.820239056793 26525.500000000004 29222.169824188488 30520.511841956639 1.0000000180025095e-35 5.5000000000000009 31796.500000000004 3.5000000000000004 27301.500000000004 21.500000000000004 41859.284942633676 14.681250000000004 0.36458333333333343
decision_type=2 2 2 2 2 2 2 2 2 2 2 2 2 2 2 2 2 2
left_child=1 -1 3 16 -4 13 7 17 -8 14 11 -11 -13 -6 -10 -2 -3 -7
right_child=15 2 4 -5 5 6 8 -9 9 10 -12 12 -14 -15 -16 -17 -18 -19
leaf_value=-10.140183783847812 12.423625737018986 0.074589693788512879 3.5675013154067656 -7.4415395664815902 -0.61651669016588595 5.4448286940590984 -1.0327995965295196 23.194325874660759 27.256774919019403 4.7476829450781057 8.2389582727228756 0.91817746598586159 -5.9109568639826247 -8.652969970788126 6.3188784760068435 41.101953852722367 -4.2204178566568471 -2.7002201553259595
leaf_weight=7057 4223 61742 27431 14241 63794 15797 54054 1806 2674 12996 7321 27963 13552 7088 9819 1439 22161 4642
leaf_count=7057 4223 61742 27431 14241 63794 15797 54054 1806 2674 12996 7321 27963 13552 7088 9819 1439 22161 4642
internal_value=3.42119e-05 -5.32408e-05 3.09332e-05 -0.000664786 0.000305222 0.000165886 0.000480581 0.00187326 0.000239262 0.000716076 0.000347274 4.19192e-05 -0.000441717 -0.00050284 0.0025414 0.00550407 -0.000339816 0.00142754
internal_weight=359800 354138 347081 98144 248937 221506 150624 22245 128379 74325 61832 54511 41515 70882 12493 5662 83903 20439
internal_count=359800 354138 347081 98144 248937 221506 150624 22245 128379 74325 61832 54511 41515 70882 12493 5662 83903 20439
is_linear=0
shrinkage=0.0229654


Tree=213
num_leaves=19
num_cat=0
split_feature=37 37 37 36 36 37 37 15 1 37 37 33 5 1 37 36 36 37
split_gain=315.984 225.02 104.631 136.13 100.864 92.5257 77.9159 77.6668 74.7524 68.5325 64.9028 60.6172 58.8775 57.24 56.5198 78.6063 53.0008 43.9339
threshold=40097.014493550079 18139.320379618603 26466.99420136926 26525.500000000004 25563.500000000004 29222.169824188488 16571.864639373602 22.243750000000006 20.500000000000004 41859.284942633676 21168.251015623839 0.36458333333333343 1.0000000180025095e-35 1.0000000180025095e-35 22577.936403045827 21306.500000000004 20095.500000000004 21971.225937209423
decision_type=2 2 2 2 2 2 2 2 2 2 2 2 2 2 2 2 2 2
left_child=1 6 4 5 7 11 -1 13 -5 -2 -6 -4 -8 -3 15 -15 -16 -9
right_child=9 2 3 8 10 -7 12 17 -10 -11 -12 -13 -14 14 16 -17 -18 -19
leaf_value=-31.064584729272031 12.138312091574335 2.9806827559405584 7.1554369066761732 1.564624674386718 -34.71047880270168 24.757349927977621 -12.625867008632687 -11.140504623795778 -2.6238315298698835 40.158030674670272 -3.2378701597566595 -1.7094544854870553 -2.9000988171071165 0.10281410462236851 10.317011027397147 -3.5304995176087877 0.69827569918834398 -1.9164782502762385
leaf_weight=1402 4223 11300 10335 107401 780 1991 2396 4121 15146 1439 32069 3575 10394 55480 2933 28449 62374 3992
leaf_count=1402 4223 11300 10335 107401 780 1991 2396 4121 15146 1439 32069 3575 10394 55480 2933 28449 62374 3992
internal_value=3.24248e-05 -5.36299e-05 6.46511e-05 0.000550713 -0.000269319 0.00254987 -0.00288686 -4.2554e-05 0.000291315 0.00541484 -0.00143355 0.00188709 -0.00232347 6.8237e-05 -5.10903e-05 -0.000445331 0.000455567 -0.00223483
internal_weight=359800 354138 339946 138448 201498 15901 14192 168649 122547 5662 32849 13910 12790 160536 149236 83929 65307 8113
internal_count=359800 354138 339946 138448 201498 15901 14192 168649 122547 5662 32849 13910 12790 160536 149236 83929 65307 8113
is_linear=0
shrinkage=0.0229654


Tree=214
num_leaves=19
num_cat=0
split_feature=35 15 11 23 17 7 16 35 15 31 11 16 22 7 16 18 3 7
split_gain=151.684 121.324 127.424 120.819 104.953 90.279 76.526 65.0938 64.191 63.2636 50.9406 50.1616 47.0927 46.9737 49.9207 50.3198 46.5647 44.3598
threshold=42681.500000000007 14.956250000000004 108.00000000000001 -0.15000000000000022 76.062500000000014 -0.82968937203783699 49.312500000000007 17704.500000000004 6.8437500000000018 170.65000000000003 132.00000000000003 681.31250000000011 13.730034722222223 0.82968937203783699 256.43750000000006 0.026250000000000006 2.5000000000000004 -0.25881904510252113
decision_type=2 2 2 2 2 2 2 2 2 2 2 2 2 2 2 2 2 2
left_child=1 5 3 9 11 6 10 -7 -9 12 -1 -5 -3 14 -10 -16 -15 -14
right_child=-2 2 -4 4 -6 7 -8 8 13 -11 -12 -13 17 16 15 -17 -18 -19
leaf_value=8.5173625121538041 32.396787562040139 -5.1222527752265847 1.4150117120980896 -5.7885921989281792 1.5680663145588611 -3.9971025326460814 1.3513594236665691 1.9380274770355337 0.93329945537934633 6.8731251588677145 1.1912036150366876 -32.817014309344884 -4.8489478377476836 0.54919680604843957 -5.0891117571250115 3.4923841781719589 -2.5081508763318054 -15.411264888698755
leaf_weight=10829 1400 19481 41981 19355 27651 9950 23390 35414 98112 1011 3750 678 2904 14476 17208 7773 21309 3128
leaf_count=10829 1400 19481 41981 19355 27651 9950 23390 35414 98112 1011 3750 678 2904 14476 17208 7773 21309 3128
internal_value=3.40205e-05 4.54951e-06 -0.000605518 -0.00117755 -0.000486433 0.0002972 0.00132552 0.000106033 0.000198813 -0.00242001 0.00263144 -0.00175224 -0.00264328 1.73457e-06 0.000214648 -0.000701897 -0.000730645 -0.00441642
internal_weight=359800 358400 116189 74208 47684 242211 37969 204242 194292 26524 14579 20033 25513 158878 123093 24981 35785 6032
internal_count=359800 358400 116189 74208 47684 242211 37969 204242 194292 26524 14579 20033 25513 158878 123093 24981 35785 6032
is_linear=0
shrinkage=0.0229654


Tree=215
num_leaves=19
num_cat=0
split_feature=37 37 37 15 37 32 22 28 37 26 9 21 33 21 30 10 15 27
split_gain=305.119 217.576 125.21 92.393 58.7324 54.752 92.173 78.5 49.9559 49.5453 62.0091 49.0681 46.4154 45.9305 54.8114 96.4131 75.2164 74.6616
threshold=40588.166703123112 17350.890228859495 24026.812138910074 19.231250000000006 36939.885737871497 1.0000000180025095e-35 12.423350694444446 0.53696784420289767 41859.284942633676 20.899348958333338 -0.93301270189221908 17.326171875000004 0.98958333333333348 18.736067708333341 245.06875000000005 -0.9330127018922193 10.781250000000004 -2.9698660714285712
decision_type=2 2 2 2 2 2 2 2 2 2 2 2 2 2 2 2 2 2
left_child=1 -1 3 13 5 7 -7 12 -2 10 11 -8 -4 14 15 16 -3 -17
right_child=8 2 4 -5 -6 6 9 -9 -10 -11 -12 -13 -14 -15 -16 17 -18 -19
leaf_value=-11.107243332979543 13.239480644263452 6.7058711850585739 1.6725970531868155 -6.7950243961885883 5.3153770727926855 6.8212658177768803 3.7407355704692962 -2.4910429614671319 38.756482457916427 6.0373943489114454 -0.36007684696448344 17.404210111974034 -5.1370758099572527 1.7886867635944501 -0.099600981656243301 -4.8207403583054393 -1.417313938049731 -1.8814862714540368
leaf_weight=5604 2779 3141 78556 18741 18581 10550 7910 40992 1439 3393 36883 786 4587 17378 71504 8833 4334 23809
leaf_count=5604 2779 3141 78556 18741 18581 10550 7910 40992 1439 3393 36883 786 4587 17378 71504 8833 4334 23809
internal_value=3.3829e-05 -3.90096e-05 3.28754e-05 -0.00047535 0.000404147 0.000279663 0.0008523 5.0876e-06 0.0061742 0.000432841 0.000233539 0.00197805 0.000410595 -0.000256449 -0.000427434 -0.00110685 0.00124582 -0.00164561
internal_weight=359800 355582 349978 147740 202238 183657 59522 124135 4218 48972 45579 8696 83143 128999 111621 40117 7475 32642
internal_count=359800 355582 349978 147740 202238 183657 59522 124135 4218 48972 45579 8696 83143 128999 111621 40117 7475 32642
is_linear=0
shrinkage=0.0229654


Tree=216
num_leaves=19
num_cat=0
split_feature=35 15 7 23 0 15 4 26 18 26 16 26 26 9 27 21 27 35
split_gain=147.778 114.882 94.5952 115.368 83.9117 73.8553 69.8033 81.1405 65.5447 60.2077 52.3886 55.5293 50.4227 40.7838 52.799 38.93 53.6223 57.9601
threshold=42681.500000000007 18.256250000000005 0.65793410509763428 4.0250000000000039 47.500000000000007 7.9687500000000018 1.5000000000000002 7.6691406250000007 0.038125000000000013 8.0907552083333361 1.0000000180025095e-35 10.41861979166667 21.610286458333338 -0.6830127018922193 -0.2625186011904756 6.1615885416666671 0.029222470238095658 31538.000000000004
decision_type=2 2 2 2 2 2 2 2 2 2 2 2 2 2 2 2 2 2
left_child=1 2 3 4 9 -4 7 -3 -5 13 11 -8 -11 -1 -15 -12 -17 -18
right_child=-2 6 5 8 -6 -7 10 -9 -10 12 15 -13 -14 14 -16 16 17 -19
leaf_value=-10.232020968107868 30.803782523041551 -7.463568461542776 0.85238115494507372 -5.3932409999824173 -3.2010210460673862 -1.8634308661578847 -3.9088941342565966 10.846096908805245 4.6016764298393058 0.84845821803281618 8.0353438405802198 -10.394740113911419 6.9437431532538687 5.732846555007157 2.3059949678769702 -8.9045181776460929 0.61984727903998205 -9.2640825029923288
leaf_weight=1037 1400 2859 26820 22777 6616 59093 12325 6387 7370 113439 2821 5400 2811 30801 25600 9746 19258 3240
leaf_count=1037 1400 2859 26820 22777 6616 59093 12325 6387 7370 113439 2821 5400 2811 30801 25600 9746 19258 3240
internal_value=3.33822e-05 4.2932e-06 0.000192409 0.000454559 0.000674427 -0.000449749 -0.000894391 0.000946336 -0.000860432 0.00077112 -0.00121679 -0.00223435 0.000470569 0.00137941 0.00146239 -0.000702421 -0.000928759 -0.000312357
internal_weight=359800 358400 296364 210451 180304 85913 62036 9246 30147 173688 52790 17725 116250 57438 56401 35065 32244 22498
internal_count=359800 358400 296364 210451 180304 85913 62036 9246 30147 173688 52790 17725 116250 57438 56401 35065 32244 22498
is_linear=0
shrinkage=0.0229654


Tree=217
num_leaves=19
num_cat=0
split_feature=37 37 37 35 3 7 3 0 6 8 3 7 14 23 26 37 14 37
split_gain=279.816 206.191 112.139 115.154 69.9387 111.457 96.3604 137.111 72.0565 71.9556 100.126 69.8301 68.4991 66.4202 66.1994 63.0006 49.8852 42.9024
threshold=40097.014493550079 17350.890228859495 22746.243133027394 24380.000000000004 5.5000000000000009 -0.32075123873380551 4.5000000000000009 7.5000000000000009 1.0000000180025095e-35 0.38268343236508956 1.0000000180025095e-35 0.44134171618254497 68.312500000000014 -5.6499999999999968 21.610286458333338 41859.284942633676 68.312500000000014 20167.682146005318
decision_type=2 2 2 2 2 2 2 2 2 2 2 2 2 2 2 2 2 2
left_child=1 -1 3 13 6 -6 8 -8 9 10 12 -10 -4 -3 -11 -2 -5 -15
right_child=15 2 4 16 5 -7 7 -9 11 14 -12 -13 -14 17 -16 -17 -18 -19
leaf_value=-10.781032686071299 11.300982390695447 2.5872968320434562 -0.060608822133241563 -23.466582397400245 7.3897531978384983 -1.0437613769145921 7.520027092544125 -4.2063399003359807 -4.3237115883867991 -0.76818550018315745 1.3229636188463578 -44.054748803385458 10.972175630581779 -2.1266217382688568 8.0591696427556538 37.236255705691867 -4.245481176649565 -0.25460404814294729
leaf_weight=5604 4223 6055 5808 2489 15411 9985 2551 25249 3319 57869 97503 617 16831 45811 1248 1439 3067 54721
leaf_count=5604 4223 6055 5808 2489 15411 9985 2551 25249 3319 57869 97503 617 16831 45811 1248 1439 3067 54721
internal_value=3.3446e-05 -4.75341e-05 2.27325e-05 -0.000575349 0.00030646 0.00144506 0.000169415 -0.00109044 0.000360599 0.00042809 0.000750846 -0.00271314 0.00212673 -0.00040733 -0.00022784 0.00509847 -0.00379863 -0.000548025
internal_weight=359800 354138 348534 112143 236391 25396 210995 27800 183195 179259 120142 3936 22639 106587 59117 5662 5556 100532
internal_count=359800 354138 348534 112143 236391 25396 210995 27800 183195 179259 120142 3936 22639 106587 59117 5662 5556 100532
is_linear=0
shrinkage=0.0229654


Tree=218
num_leaves=19
num_cat=0
split_feature=37 37 37 6 37 36 36 37 35 3 35 16 23 0 35 37 36 37
split_gain=269.015 194.58 101.491 84.0919 74.1531 108.058 84.4543 81.9252 87.9604 71.1692 71.1386 62.4473 58.0903 57.7076 71.7548 65.8741 67.1113 70.9977
threshold=40588.166703123112 19019.042623416553 16571.864639373602 1.0000000180025095e-35 35349.906436027122 30369.500000000004 19594.500000000004 22027.651292515438 22354.500000000004 3.5000000000000004 35774.500000000007 55.187500000000007 -1.6750000000000018 47.500000000000007 23300.500000000004 25023.449702637965 25864.500000000004 28318.349165525371
decision_type=2 2 2 2 2 2 2 2 2 2 2 2 2 2 2 2 2 2
left_child=1 2 -1 4 6 -6 -3 8 -8 11 13 -4 -5 14 -9 -16 17 -17
right_child=-2 3 9 12 5 -7 7 10 -10 -11 -12 -13 -14 -15 15 16 -18 -19
leaf_value=-29.520159995894407 18.570119818317998 3.0145425525770393 -4.2297853016835134 1.9885086591576075 31.311138600028961 3.2255424622857642 -0.83052025285547415 3.0312533725520572 -8.2106777308507528 -1.5220972145396583 -7.7011927837412415 -39.32871668527816 -12.278997012707963 -4.1723491937614972 -1.8003244714714965 2.4354058471766864 0.19402500728421715 16.952526138292505
leaf_weight=1402 4218 20149 7741 1577 1084 30087 40905 36941 9226 19743 5914 819 5280 5170 42724 23866 100816 2138
leaf_count=1402 4218 20149 7741 1577 1084 30087 40905 36941 9226 19743 5914 819 5280 5170 42724 23866 100816 2138
internal_value=3.28716e-05 -3.5522e-05 -0.00181489 0.000126675 0.00018076 0.00124475 6.55416e-05 -4.23792e-05 -0.000879338 -0.00151612 0.000150468 -0.00326506 -0.00238965 0.000219883 0.000279887 8.00533e-05 0.000342797 0.00138301
internal_weight=359800 355582 29705 325877 319020 31171 287849 267700 50131 28303 217569 8560 6857 211655 206485 169544 126820 26004
internal_count=359800 355582 29705 325877 319020 31171 287849 267700 50131 28303 217569 8560 6857 211655 206485 169544 126820 26004
is_linear=0
shrinkage=0.0229654


Tree=219
num_leaves=19
num_cat=0
split_feature=37 37 37 35 35 37 0 6 8 5 29 13 15 27 0 9 29 16
split_gain=263.976 188.48 89.2121 159.986 94.4843 86.0874 66.8701 57.7788 56.7703 55.8008 55.7177 64.9398 54.0694 56.4415 52.8525 49.1008 100.199 84.9443
threshold=40588.166703123112 18412.762110205986 29110.947298392126 28119.500000000004 29804.500000000004 16571.864639373602 3.5000000000000004 1.0000000180025095e-35 0.065263096110025676 1.0000000180025095e-35 135.06875000000005 7.5187500000000016 13.068750000000003 0.65969122023809501 47.500000000000007 -0.93301270189221908 20.768750000000001 232.56250000000003
decision_type=2 2 2 2 2 2 2 2 2 2 2 2 2 2 2 2 2 2
left_child=1 5 4 -4 6 -1 -3 14 10 -7 -9 -12 -5 -14 15 16 -8 -18
right_child=-2 2 3 12 -6 9 7 8 -10 -11 11 -13 13 -15 -16 -17 17 -19
leaf_value=-28.842217449908073 18.143649422810245 2.1167145251874397 16.000278854535118 2.7699123382179791 -8.4274799116939239 -8.1687810799117546 10.896757457880618 -32.586981832460602 -0.075666810292129544 -2.1399186526995417 -23.416355519073733 7.1289385093424755 2.4488040528508703 -3.0583591001778978 -3.6359580766572259 -0.40271753333110272 2.991326276920899 -9.3801684782163157
leaf_weight=1402 4218 22083 6336 44118 7936 4393 3022 703 2565 12677 1364 842 21944 21037 7274 183706 9548 4632
leaf_count=1402 4218 22083 6336 44118 7936 4393 3022 703 2565 12677 1364 842 21944 21037 7274 183706 9548 4632
internal_value=3.26801e-05 -3.50699e-05 8.86979e-05 0.000692022 -0.000142641 -0.00229381 -5.9669e-05 -0.000184019 -0.00251302 -0.0018445 -0.00470913 -0.00291492 0.000435715 -0.000143998 -0.00012278 -5.31533e-05 0.0011201 0.000310956
internal_weight=359800 355582 337110 93435 243675 18472 235739 213656 5474 17070 2909 2206 87099 42981 208182 200908 17202 14180
internal_count=359800 355582 337110 93435 243675 18472 235739 213656 5474 17070 2909 2206 87099 42981 208182 200908 17202 14180
is_linear=0
shrinkage=0.0229654


Tree=220
num_leaves=19
num_cat=0
split_feature=7 16 7 16 26 1 17 8 11 16 26 28 13 11 3 0 36 36
split_gain=125.21 88.0525 68.3153 100.058 99.209 104.762 90.1705 91.8096 66.0921 79.1836 56.0213 55.8363 53.4115 52.4872 52.3476 108.683 72.85 55.3613
threshold=-0.94490267940017747 28.062500000000007 0.82968937203783699 256.43750000000006 18.747265625000004 20.500000000000004 76.812500000000014 -0.70710678118654757 108.00000000000001 660.68750000000011 0.78072916666666681 -4.1839932712215315 23.881250000000005 84.000000000000014 4.5000000000000009 11.500000000000002 24882.500000000004 22676.500000000004
decision_type=2 2 2 2 2 2 2 2 2 2 2 2 2 2 2 2 2 2
left_child=1 11 3 4 5 6 10 13 9 -5 -2 -1 -11 -8 15 -4 -16 -17
right_child=2 -3 14 8 -6 -7 7 -9 -10 12 -12 -13 -14 -15 16 17 -18 -19
leaf_value=21.152761412757993 10.991353538816286 1.441384790537555 -2.7574621827954662 -3.7916909716811862 4.1404756995235275 -1.5916658294413077 11.464287397374815 1.0410576309882795 0.73129911240753875 -23.533094687512715 -0.53759402803875411 6.5313348900189618 -1.2250982014622072 4.3533352026809506 -2.5512058298627491 3.7358663384120949 -16.971596449642103 -0.18402916474268141
leaf_weight=1120 2112 24903 21440 33405 10368 41563 15100 46375 24937 2513 65305 11457 1022 12156 17800 8296 1424 18504
leaf_count=1120 2112 24903 21440 33405 10368 41563 15100 46375 24937 2513 65305 11457 1022 12156 17800 8296 1424 18504
internal_value=3.40843e-05 0.00129043 -0.000112006 6.00141e-05 0.000317683 0.00019361 0.000492204 0.00104782 -0.000743591 -0.00136027 -0.000114628 0.00285675 -0.00462881 0.00210561 -0.000761837 -0.000358001 -0.00177521 0.000616981
internal_weight=359800 37480 322320 254856 192979 182611 141048 73631 61877 36940 67417 12577 3535 27256 67464 48240 19224 26800
internal_count=359800 37480 322320 254856 192979 182611 141048 73631 61877 36940 67417 12577 3535 27256 67464 48240 19224 26800
is_linear=0
shrinkage=0.0229654


Tree=221
num_leaves=19
num_cat=0
split_feature=35 15 11 23 14 7 15 24 20 24 21 0 35 4 21 11 15 33
split_gain=128.369 109.675 125.891 82.8386 113.717 73.2007 58.5998 58.2929 52.8465 51.1873 50.5862 50.3162 40.5456 39.4833 42.3052 38.5567 44.6749 41.2278
threshold=42681.500000000007 14.956250000000004 60.000000000000007 -0.22499999999999606 68.562500000000014 -0.82968937203783699 5.6812500000000012 0.19999999999999954 0.8562499999999994 5.6750000000000043 1.0000000180025095e-35 2.5000000000000004 15369.500000000002 1.5000000000000002 6.855598958333335 108.00000000000001 22.856250000000006 0.96875000000000011
decision_type=2 2 2 2 2 2 2 2 2 2 2 2 2 2 2 2 2 2
left_child=1 5 3 7 -5 8 -7 -3 -1 -6 -8 -12 -13 14 -4 16 -15 -17
right_child=-2 2 13 4 9 6 10 -9 -10 -11 11 12 -14 15 -16 17 -18 -19
leaf_value=5.0681004529078502 28.593965003546625 -3.9047376576074608 -1.7012853725108334 -10.754924115642497 1.7889477811650947 2.3695217041223424 12.920100834316441 -10.043529407075367 -0.0085574300329230579 -16.193435643853253 2.7419328135064154 -16.854711304300814 -0.26861582693871167 -1.2340808834741508 10.858352205411686 0.72765400089876175 -8.8345715107674927 28.451581559943168
leaf_weight=25302 1400 8350 3131 10014 16628 18896 1277 6567 12667 587 10385 783 172901 22546 5210 38069 4809 278
leaf_count=25302 1400 8350 3131 10014 16628 18896 1277 6567 12667 587 10385 783 172901 22546 5210 38069 4809 278
internal_value=3.10844e-05 3.97281e-06 -0.000576067 -0.00157803 -0.00082444 0.000282219 0.000110081 -0.00295362 0.00120818 0.000307495 -1.41252e-05 -4.57265e-05 -0.000138572 -5.73802e-06 0.00148266 -0.000194693 -0.000853385 0.000275187
internal_weight=359800 358400 116189 42146 27229 242211 204242 14917 37969 17215 185346 184069 173684 74043 8341 65702 27355 38347
internal_count=359800 358400 116189 42146 27229 242211 204242 14917 37969 17215 185346 184069 173684 74043 8341 65702 27355 38347
is_linear=0
shrinkage=0.0229654


Tree=222
num_leaves=19
num_cat=0
split_feature=37 37 37 37 36 36 37 36 1 3 36 1 37 3 1 3 3 7
split_gain=246.266 176.199 102.592 87.6757 122.706 87.1089 53.0404 131.631 92.0842 101.929 89.9376 80.5748 81.1533 62.2882 60.2307 67.162 70.6386 103.714
threshold=38473.853897399989 17350.890228859495 41859.284942633676 20593.95767831185 21704.500000000004 20158.000000000004 26535.342741169527 26525.500000000004 1.5000000000000002 1.0000000180025095e-35 26944.500000000004 5.5000000000000009 29222.169824188488 1.0000000180025095e-35 20.500000000000004 1.0000000180025095e-35 5.5000000000000009 0.13052619222005141
decision_type=2 2 2 2 2 2 2 2 2 2 2 2 2 2 2 2 2 2
left_child=1 -1 -2 4 -3 -5 8 11 9 -7 -10 13 -13 -8 15 -9 -17 -18
right_child=2 3 -4 5 -6 6 7 14 10 -11 -12 12 -14 -15 -16 16 17 -19
leaf_value=-10.238664922185412 7.2241710518316369 -0.87477256138507331 34.706430115218495 4.7541364731021227 -11.454056613416331 -7.0215228458020178 -27.229573295993891 6.191157967856916 -0.63048250913252046 3.7486479127004895 -6.8181376526284874 6.0051761494016063 25.245779781711679 0.042564052755541835 -2.677999820199179 -0.52425742660136432 9.0653117266262022 -8.4154783223219702
leaf_weight=5604 11403 52293 1439 12499 6025 2124 347 15827 109135 16176 13344 11140 1724 1782 14951 73328 8802 1857
leaf_count=5604 11403 52293 1439 12499 6025 2124 347 15827 109135 16176 13344 11140 1724 1782 14951 73328 8802 1857
internal_value=2.80206e-05 -8.75704e-05 0.00315099 -2.12597e-05 -0.000832091 0.000145808 5.92095e-05 0.000394149 -0.000249509 0.00127 -0.000476544 0.00241785 0.00310276 -0.00172052 0.00012977 0.000333389 7.47859e-05 0.00182168
internal_weight=359800 346958 12842 341354 58318 283036 270537 129758 140779 18300 122479 14993 12864 2129 114765 99814 83987 10659
internal_count=359800 346958 12842 341354 58318 283036 270537 129758 140779 18300 122479 14993 12864 2129 114765 99814 83987 10659
is_linear=0
shrinkage=0.0229654


Tree=223
num_leaves=19
num_cat=0
split_feature=6 35 15 35 7 24 15 3 3 14 23 28 23 7 29 17 31 16
split_gain=128.997 114.844 104.985 76.0514 73.3447 67.3096 66.753 64.6288 166.592 64.5365 75.2603 56.873 55.6972 58.834 51.2641 51.2188 52.2212 78.7134
threshold=1.0000000180025095e-35 42681.500000000007 18.256250000000005 17545.500000000004 -0.82968937203783699 2.4250000000000016 5.6812500000000012 5.5000000000000009 3.5000000000000004 54.312500000000007 -1.0000000180025095e-35 -2.3749305555555544 -1.5250000000000015 0.44134171618254497 746.06875000000002 85.937500000000014 152.39375000000004 19.812500000000004
decision_type=2 2 2 2 2 2 2 2 2 2 2 2 2 2 2 2 2 2
left_child=1 2 4 -2 7 9 -6 8 11 -4 -11 -1 -5 -14 15 16 -8 -18
right_child=3 -3 5 12 6 -7 14 -9 -10 10 -12 -13 13 -15 -16 -17 17 -19
leaf_value=11.746331113954081 -20.246594567142484 27.437358893766369 -14.599232536595547 1.665910025155261 2.4730665244395955 -7.5267415847700381 -0.98688255910167333 10.124434764776286 -3.4484605622625191 -3.9345902231763801 2.0553347518181604 3.2549906335129162 -5.4333227346193524 -21.270263959683145 12.895096155324056 1.1694053430572542 3.6040960521372822 -1.345823851011916
leaf_weight=4487 896 1400 3740 1968 18404 10724 133398 7143 14314 16343 29920 23831 3574 1626 1275 68026 8552 10179
leaf_count=4487 896 1400 3740 1968 18404 10724 133398 7143 14314 16343 29920 23831 3574 1626 1275 68026 8552 10179
internal_value=2.96801e-05 9.55216e-05 6.9289e-05 -0.0028422 0.000251335 -0.000798894 8.48393e-05 0.00105357 0.000714841 -0.000444813 -0.00021023 0.0017355 -0.00205369 -0.00329907 -2.56174e-05 -5.22095e-05 -0.000286447 0.000849049
internal_weight=359800 351736 350336 8064 289609 60727 239834 49775 42632 50003 46263 28318 7168 5200 221430 220155 152129 18731
internal_count=359800 351736 350336 8064 289609 60727 239834 49775 42632 50003 46263 28318 7168 5200 221430 220155 152129 18731
is_linear=0
shrinkage=0.0229654


Tree=224
num_leaves=19
num_cat=0
split_feature=6 35 7 35 16 7 0 3 0 36 3 0 23 7 16 26 8 3
split_gain=125.466 110.417 75.5795 73.262 60.2209 63.1375 68.3571 60.5629 117.947 71.0379 69.6962 72.0617 54.1587 59.2082 51.7113 82.7871 88.0776 106.434
threshold=1.0000000180025095e-35 42681.500000000007 -0.94490267940017747 17545.500000000004 610.18750000000011 0.82968937203783699 47.500000000000007 4.5000000000000009 11.500000000000002 25985.500000000004 1.0000000180025095e-35 14.500000000000002 -1.5250000000000015 0.44134171618254497 229.81250000000003 18.853515625000004 0.55438071450436011 1.0000000180025095e-35
decision_type=2 2 2 2 2 2 2 2 2 2 2 2 2 2 2 2 2 2
left_child=1 2 -1 -2 5 6 14 8 -7 -9 -10 -12 -5 -14 15 16 17 -4
right_child=3 -3 4 12 -6 7 -8 9 10 -11 11 -13 13 -15 -16 -17 -18 -19
leaf_value=2.9773536639878273 -19.781623243467013 26.807248726810322 12.462751023315093 1.6276517201868672 -7.2184169852317783 -2.5071043904991623 -3.5658190035945818 -2.6452567940108254 7.5875130271547357 -21.306467103607179 2.8033611726843604 -2.9607208070959188 -5.3085442561698875 -20.781783649798815 -1.4628405229261559 4.2185533903122119 -0.24587497408178111 1.9303233462601956
leaf_weight=35664 896 1400 10136 1968 11158 20768 7336 18408 4880 816 12648 8432 3574 1626 54741 8633 95035 61681
leaf_count=35664 896 1400 10136 1968 11158 20768 7336 18408 4880 816 12648 8432 3574 1626 54741 8633 95035 61681
internal_value=2.7127e-05 9.20612e-05 6.63392e-05 -0.00280517 -4.72194e-05 1.36954e-05 0.000188219 -0.000614946 -0.000168574 -0.00169995 0.000863414 0.000290881 -0.00203126 -0.00325932 0.000257758 0.00044999 0.000336528 0.000943501
internal_weight=359800 351736 350336 8064 314672 303514 237562 65952 46728 19224 25960 21080 7168 5200 230226 175485 166852 71817
internal_count=359800 351736 350336 8064 314672 303514 237562 65952 46728 19224 25960 21080 7168 5200 230226 175485 166852 71817
is_linear=0
shrinkage=0.0229654


Tree=225
num_leaves=19
num_cat=0
split_feature=6 10 30 21 35 10 7 26 29 32 29 13 14 30 36 30 8 32
split_gain=122.51 113.518 131.331 114.023 72.7909 70.649 68.8766 60.9168 64.4627 80.865 136.179 95.9383 113.477 102.776 65.6716 64.9036 64.3036 64.1988
threshold=1.0000000180025095e-35 0.6830127018922193 1017.3437500000001 3.1248697916666672 17545.500000000004 0.93301270189221952 -0.94490267940017747 21.610286458333338 371.9812500000001 1.0000000180025095e-35 144.19375000000005 13.156250000000004 57.312500000000007 245.06875000000005 24219.500000000004 21.024999999999999 -0.19467261866128607 105.88125000000001
decision_type=2 2 2 2 2 2 2 2 2 2 2 2 2 2 2 2 2 2
left_child=1 7 -3 5 -2 6 -4 8 9 14 11 13 -13 -11 -1 -14 -9 -15
right_child=4 2 3 -5 -6 -7 -8 16 -10 10 -12 12 15 17 -16 -17 -18 -19
leaf_value=-0.21415500240803431 -19.327330176380507 6.5901589218562941 26.270994136797306 -0.82844197577813383 -5.8313295175005448 -15.421772034146448 6.47672770421197 -1.3572289862305793 1.6934979534152808 -4.0260720370249006 3.1242064790594726 -4.063071544961387 -1.3005044427600769 -1.371836504052844 -4.605170493578246 2.1891624920925543 6.6175204564650514 2.8731472909146478
leaf_weight=24196 896 24066 1155 43481 7168 936 10234 2965 47611 22962 26103 19504 14930 20129 40385 45584 3743 3752
leaf_count=24196 896 24066 1155 43481 7168 936 10234 2965 47611 22962 26103 19504 14930 20129 40385 45584 3743 3752
internal_value=2.4893e-05 8.90578e-05 0.000850219 0.000238683 -0.00277385 0.00218847 0.00268693 -0.000134567 -0.000189245 -0.000356761 -6.90626e-05 -0.000379888 0.000103321 -0.00120531 -0.00103819 0.000594306 0.00202676 -0.0001505
internal_weight=359800 351736 79872 55806 8064 12325 11389 271864 265156 217545 152964 126861 80018 46843 64581 60514 6708 23881
internal_count=359800 351736 79872 55806 8064 12325 11389 271864 265156 217545 152964 126861 80018 46843 64581 60514 6708 23881
is_linear=0
shrinkage=0.0229654


Tree=226
num_leaves=19
num_cat=0
split_feature=6 10 15 7 24 35 35 17 15 31 8 34 1 8 10 5 36 35
split_gain=118.987 107.631 107.338 104.097 90.2732 73.6669 66.3615 62.1381 60.0352 57.9321 69.7138 61.6741 56.9849 53.4317 52.2629 51.6624 57.2338 89.3945
threshold=1.0000000180025095e-35 0.6830127018922193 17.656250000000004 -0.94490267940017747 0.50000000000000044 17545.500000000004 42681.500000000007 85.937500000000014 24.456250000000008 154.06250000000003 -0.065263096110025884 0.44791666666666669 7.5000000000000009 0.065263096110025676 -0.5 1.0000000180025095e-35 32237.500000000004 33580.500000000007
decision_type=2 2 2 2 2 2 2 2 2 2 2 2 2 2 2 2 2 2
left_child=1 2 7 6 15 -2 -3 9 -6 11 -11 -1 -4 -7 -9 16 17 -5
right_child=5 3 12 4 8 13 -8 14 -10 10 -12 -13 -14 -15 -16 -17 -18 -19
leaf_value=-0.60021280992576431 -18.88347013535374 7.2290196761578747 -7.4215693935152673 4.6447542242298674 -0.72711084321490849 -15.95777063368088 35.221989026768611 -0.3953354752952204 -16.876790799898398 -1.2383057127328825 3.052361075482243 -12.486423606962504 -2.6578583658475394 0.0062590458990357516 3.4128812128325627 -0.22305934505348968 1.8017218942992879 21.78922113326356
leaf_weight=140908 896 7480 9649 17434 21342 3544 840 19336 1715 11099 13323 1126 40185 3624 36238 13719 15176 2166
leaf_count=140908 896 7480 9649 17434 21342 3544 840 19336 1715 11099 13323 1126 40185 3624 36238 13719 15176 2166
internal_value=2.13825e-05 8.46179e-05 -0.000133131 0.000825779 0.000543066 -0.00273683 0.00325711 8.30573e-05 -0.000639948 -0.000138933 0.00089428 -0.000316588 -0.00109633 -0.00196077 0.000747965 0.00110553 0.00157633 0.00239614
internal_weight=359800 351736 271864 79872 71552 8064 8320 222030 23057 166456 24422 142034 49834 7168 55574 48495 34776 19600
internal_count=359800 351736 271864 79872 71552 8064 8320 222030 23057 166456 24422 142034 49834 7168 55574 48495 34776 19600
is_linear=0
shrinkage=0.0229654


Tree=227
num_leaves=19
num_cat=0
split_feature=6 35 15 35 25 21 24 14 17 34 30 33 25 33 1 3 14 24
split_gain=113.802 103.547 97.1307 75.093 71.1105 70.5402 65.0397 62.7648 62.7519 54.3798 50.9677 50.8658 45.4504 44.5116 44.5049 70.3649 41.2633 42.2713
threshold=1.0000000180025095e-35 42681.500000000007 18.256250000000005 17545.500000000004 11.352864583333336 18.527994791666671 2.4250000000000016 54.312500000000007 64.562500000000014 0.44791666666666669 24.324999999999999 0.33680555555555564 1.0000000180025095e-35 0.96180555555555569 4.5000000000000009 1.0000000180025095e-35 87.312500000000014 0.87500000000000044
decision_type=2 2 2 2 2 2 2 2 2 2 2 2 2 2 2 2 2 2
left_child=1 2 4 -2 12 8 7 -4 9 -6 -10 16 -1 -14 15 -7 17 -12
right_child=3 -3 6 -5 5 14 -8 -9 10 -11 11 -13 13 -15 -16 -17 -18 -19
leaf_value=9.7550047120051087 -18.44980352167682 25.363148635738145 -14.126722841962815 -5.5531147099228608 -1.6526991086176155 -5.6477483077065855 -7.2750312090361797 -0.64814362352467814 -3.9177881415739164 -14.961078028523469 1.3338204388908672 -9.4809452928637583 1.5596504637316573 -3.2928272079989416 1.0169518544287131 5.3693779813602589 2.6197428450125089 -2.4200412403923592
leaf_weight=2744 896 1400 3740 7168 52323 724 10724 46263 4326 915 25822 581 136504 7625 22122 5388 14987 15548
leaf_count=2744 896 1400 3740 7168 52323 724 10724 46263 4326 915 25822 581 136504 7625 22122 5388 14987 15548
internal_value=2.0425e-05 8.22674e-05 5.73585e-05 -0.00267702 0.000232462 -0.000132577 -0.000777716 -0.000429657 -0.000386093 -0.000962823 0.000115082 0.000297665 0.000587219 0.000531476 0.000895548 0.0026302 0.00036736 -6.66147e-06
internal_weight=359800 351736 350336 8064 289609 142736 60727 50003 114502 53238 61264 56938 146873 144129 28234 6112 56357 41370
internal_count=359800 351736 350336 8064 289609 142736 60727 50003 114502 53238 61264 56938 146873 144129 28234 6112 56357 41370
is_linear=0
shrinkage=0.0229654


Tree=228
num_leaves=19
num_cat=0
split_feature=37 37 37 3 7 3 0 0 9 37 3 0 7 29 9 4 37 33
split_gain=213.293 165.98 105.005 60.1183 134.259 87.8938 156.571 57.6551 50.7636 48.9493 48.3254 61.1485 60.2972 54.2986 51.9936 46.0129 44.1796 54.5473
threshold=40588.166703123112 16946.789151764384 21453.201029702428 5.5000000000000009 -0.13052619222005171 4.5000000000000009 7.5000000000000009 42.500000000000007 -0.93301270189221908 41859.284942633676 1.0000000180025095e-35 2.5000000000000004 0.97868534383143946 10.156249999999996 -0.24999999999999994 8.5000000000000018 25132.462338645339 0.25347222222222227
decision_type=2 2 2 2 2 2 2 2 2 2 2 2 2 2 2 2 2 2
left_child=1 -1 10 5 8 7 -7 16 -5 -2 12 -12 14 -13 15 -3 17 -4
right_child=9 2 3 4 -6 6 -8 -9 -10 -11 11 13 -14 -15 -16 -17 -18 -19
leaf_value=-18.052410480379137 10.348359662431159 -11.029377256051841 0.49819405788181348 20.455246927096674 -1.7146315871135585 6.8341897712141266 -4.0786464977222074 -1.2034956281564202 5.8954627173374972 32.299245296254789 3.3177847246389303 1.1343845280568918 2.3820233004825964 -1.9777123838085637 -3.3232757340659944 -3.186942351533502 2.1085127329087427 -4.8697539052864345
leaf_weight=2802 2779 2393 54634 1479 11213 3716 29238 31502 17003 1439 4696 13804 1881 52868 5094 1661 114982 6616
leaf_count=2802 2779 2393 54634 1479 11213 3716 29238 31502 17003 1439 4696 13804 1881 52868 5094 1661 114982 6616
internal_value=2.21484e-05 -3.87512e-05 5.46826e-06 0.00022419 0.00119912 0.000103908 -0.000997951 0.000278702 0.00240191 0.00515606 -0.00071226 -0.000493624 -0.00212704 -0.000672029 -0.00289704 -0.0048378 0.00044046 -5.77416e-05
internal_weight=359800 355582 352780 270383 29695 240688 32954 207734 18482 4218 82397 71368 11029 66672 9148 4054 176232 61250
internal_count=359800 355582 352780 270383 29695 240688 32954 207734 18482 4218 82397 71368 11029 66672 9148 4054 176232 61250
is_linear=0
shrinkage=0.0229654


Tree=229
num_leaves=19
num_cat=0
split_feature=6 35 35 7 16 11 7 8 3 8 36 3 1 13 23 7 14 16
split_gain=109.24 96.1137 72.7238 67.3887 55.5944 74.2857 59.7928 65.9245 57.1654 111.544 69.4603 67.0398 68.4327 53.2785 53.2375 59.4136 52.6267 47.7756
threshold=1.0000000180025095e-35 42681.500000000007 17545.500000000004 -0.94490267940017747 582.06250000000011 132.00000000000003 0.82968937203783699 0.99572243068690536 4.5000000000000009 0.13052619222005152 24882.500000000004 1.0000000180025095e-35 6.5000000000000009 26.381250000000005 -1.5250000000000015 0.44134171618254497 58.437500000000007 670.31250000000011
decision_type=2 2 2 2 2 2 2 2 2 2 2 2 2 2 2 2 2 2
left_child=1 3 -2 16 6 13 7 -5 9 11 -10 -8 -13 17 -4 -16 -1 -6
right_child=2 -3 14 4 5 -7 8 -9 10 -11 -12 12 -14 -15 15 -17 -18 -19
leaf_value=-0.84569851684455744 -17.968440523128905 24.137685569413541 1.9057775706676465 0.66045333073414714 -7.1014823000203267 3.5321900188376629 7.3851079620327669 -3.3776945412817949 -2.3248137566020541 -2.431074233418681 -16.095475680902904 2.7351816423830444 -2.9542675576069706 8.7276001989609604 -4.5856721354935637 -19.758079590460895 4.5428179911052275 -20.257281516059106
leaf_weight=10891 896 1400 1968 227787 4833 4898 4880 7304 17800 20768 1424 12648 8432 774 3574 1626 24773 3124
leaf_count=10891 896 1400 1968 227787 4833 4898 4880 7304 17800 20768 1424 12648 8432 774 3574 1626 24773 3124
internal_value=1.99144e-05 8.05046e-05 -0.00262291 5.65063e-05 -5.07225e-05 -0.00148536 1.42274e-05 0.000185655 -0.000596839 -0.000163168 -0.00165097 0.000840414 0.000278897 -0.00275527 -0.00185184 -0.00306942 0.00100261 -0.00331479
internal_weight=359800 351736 8064 350336 314672 13629 301043 235091 65952 46728 19224 25960 21080 8731 7168 5200 35664 7957
internal_count=359800 351736 8064 350336 314672 13629 301043 235091 65952 46728 19224 25960 21080 8731 7168 5200 35664 7957
is_linear=0
shrinkage=0.0229654


Tree=230
num_leaves=19
num_cat=0
split_feature=6 10 30 21 35 10 7 9 21 16 8 3 29 35 23 21 32 23
split_gain=106.376 99.9667 125.159 105.839 70.5247 66.3535 59.1916 58.7735 92.7774 67.6283 72.8123 66.349 65.475 83.3876 66.6103 58.6849 54.3394 51.7336
threshold=1.0000000180025095e-35 0.6830127018922193 1017.3437500000001 3.1248697916666672 17545.500000000004 0.93301270189221952 -0.94490267940017747 -0.93301270189221908 17.161328125000004 256.43750000000006 0.82968937203783688 1.0000000180025095e-35 371.9812500000001 27702.500000000004 -5.6499999999999968 3.1251302083333341 121.67500000000003 -1.5250000000000015
decision_type=2 2 2 2 2 2 2 2 2 2 2 2 2 2 2 2 2 2
left_child=1 7 -3 5 -2 6 -4 8 9 10 -1 -11 13 14 -9 -14 -13 -6
right_child=4 2 3 -5 17 -7 -8 12 -10 11 -12 16 15 -15 -16 -17 -18 -19
leaf_value=4.1855598517074464 -17.555787938679909 6.2705737339440333 23.86907055507886 -0.89457562461809226 1.8620106094275322 -15.20791816433583 6.1561946922903266 2.720411942373782 10.520845297674359 -32.561390470653002 -2.8328049788272591 -7.9724518965878266 -4.9430550178977475 -3.7783774727910115 -0.65251888900196553 2.403250046212654 11.295024506533249 -10.37140900971222
leaf_weight=12140 896 24066 1155 43481 1968 936 10234 7594 2212 768 3887 2877 5536 37111 156673 41910 1156 5200
leaf_count=12140 896 24066 1155 43481 1968 936 10234 7594 2212 768 3887 2877 5536 37111 156673 41910 1156 5200
internal_value=1.92123e-05 7.90028e-05 0.000793289 0.000196296 -0.00258873 0.00207481 0.00255787 -0.00013085 0.000978821 0.000503898 0.00122013 -0.00188708 -0.000233601 -0.000414426 -0.000192302 0.000533888 -0.00070895 -0.00182942
internal_weight=359800 351736 79872 55806 8064 12325 11389 271864 23040 20828 16027 4801 248824 201378 164267 47446 4033 7168
internal_count=359800 351736 79872 55806 8064 12325 11389 271864 23040 20828 16027 4801 248824 201378 164267 47446 4033 7168
is_linear=0
shrinkage=0.0229654


Tree=231
num_leaves=19
num_cat=0
split_feature=37 37 37 15 24 32 14 16 37 17 37 37 28 33 7 3 16 8
split_gain=198.133 149.457 91.3667 78.3452 84.0612 66.4063 65.4354 58.1536 57.5071 52.0161 52.0114 46.8114 46.0602 50.179 45.3281 46.7687 44.5223 42.1317
threshold=38473.853897399989 17350.890228859495 41859.284942633676 12.231250000000003 1.6000000000000025 539.38125000000002 84.187500000000014 10.687500000000002 21738.779508258558 85.937500000000014 20233.521183156357 16571.864639373602 -5.2542892156862733 0.63541666666666674 0.75023006073889154 1.5000000000000002 0.18750000000000003 -0.32075123873380501
decision_type=2 2 2 2 2 2 2 2 2 2 2 2 2 2 2 2 2 2
left_child=1 11 -2 9 6 10 8 -8 -5 12 -6 -1 -3 17 -11 -16 -12 -14
right_child=2 3 -4 4 5 -7 7 -9 -10 14 16 -13 13 -15 15 -17 -18 -19
leaf_value=-26.255406827453289 6.365842786914464 5.7727711681584202 30.940782564195789 -4.1700257977508075 -7.6781747058530989 10.93319398890741 0.50789617141562271 7.6881197273195809 -0.27722427440735986 3.6889964790351355 -5.5745000664330551 -5.4413466185256736 -1.6557918830127238 -5.5050826151110979 3.7343459994162784 -1.6535108827640492 -1.1052621795943769 0.70819348481371291
leaf_weight=1402 11403 4963 1439 21529 5142 1101 25824 9231 77370 30695 14952 4202 37999 6552 4099 9868 18298 73731
leaf_count=1402 11403 4963 1439 21529 5142 1101 25824 9231 77370 30695 14952 4202 37999 6552 4099 9868 18298 73731
internal_value=2.07442e-05 -8.2937e-05 0.00282194 -2.18652e-05 -0.000364182 -0.0012953 -8.96644e-05 0.000762893 -0.000391856 0.000331747 -0.00145478 -0.00380298 8.84181e-05 -2.52406e-06 0.00100321 -8.1391e-05 -0.00112237 0.000112021
internal_weight=359800 346958 12842 341354 173447 39493 133954 35055 98899 167907 38392 5604 123245 118282 44662 13967 33250 111730
internal_count=359800 346958 12842 341354 173447 39493 133954 35055 98899 167907 38392 5604 123245 118282 44662 13967 33250 111730
is_linear=0
shrinkage=0.0229654


Tree=232
num_leaves=19
num_cat=0
split_feature=6 15 11 24 27 8 27 35 22 8 26 21 8 9 30 28 18 22
split_gain=100.267 90.6202 104.115 72.0944 72.0127 68.5314 66.6588 66.3988 65.1975 59.6173 59.2481 90.5493 81.6194 64.8773 58.6769 62.811 57.7639 54.6202
threshold=1.0000000180025095e-35 18.256250000000005 108.00000000000001 2.4250000000000016 -1.0000000180025095e-35 -0.065263096110025884 1.0000000180025095e-35 42681.500000000007 12.858897569444446 0.25881904510252057 13.87565104166667 18.432161458333336 -0.19467261866128607 -0.5 258.41875000000005 3.6502987838971208 0.038125000000000013 10.598220486111112
decision_type=2 2 2 2 2 2 2 2 2 2 2 2 2 2 2 2 2 2
left_child=1 7 3 4 8 -2 -6 10 -3 -5 14 16 13 -13 15 -1 -12 -16
right_child=5 2 -4 9 6 -7 -8 -9 -10 -11 11 12 -14 -15 17 -17 -18 -19
leaf_value=-4.1316567970731546 -18.717798460879354 -4.0383758612081566 2.0537065799013927 -5.6986525371753816 9.8149180564605771 -1.145510418086932 -2.8914981314060038 21.795560725214816 -14.322077961700783 -14.373670752252442 -1.9903003142865923 6.6566712443541807 2.9715595547025151 -4.3857080782797428 0.83907818971948211 11.726845150225291 0.56841298754529812 2.5780302357691824
leaf_weight=6865 3864 7171 21974 3769 4907 4200 16405 1172 4090 2639 47212 2618 16726 10169 132991 352 23458 49218
leaf_count=6865 3864 7171 21974 3769 4907 4200 16405 1172 4090 2639 47212 2618 16726 10169 132991 352 23458 49218
internal_value=2.01059e-05 7.81541e-05 -0.000726959 -0.00143957 -0.00100152 -0.00251184 -0.000216594 0.000246926 -0.00248702 -0.00366629 0.000224849 -0.000226828 0.000841564 -0.000539697 0.000463731 -0.0015672 -0.000673006 0.000544173
internal_weight=359800 351736 60955 38981 32573 8064 21312 290781 11261 6408 289609 100183 29513 12787 189426 7217 70670 182209
internal_count=359800 351736 60955 38981 32573 8064 21312 290781 11261 6408 289609 100183 29513 12787 189426 7217 70670 182209
is_linear=0
shrinkage=0.0229654


Tree=233
num_leaves=19
num_cat=0
split_feature=37 37 37 36 37 36 0 36 13 9 16 8 21 0 37 36 36 37
split_gain=184.725 143.293 84.3215 121.648 84.1164 82.6852 60.9138 47.6635 47.26 48.9557 98.2908 70.9706 58.1062 49.5051 60.7457 148.687 80.0912 69.7239
threshold=38473.853897399989 16946.789151764384 20593.95767831185 24564.500000000004 41859.284942633676 20158.000000000004 47.500000000000007 21640.500000000004 22.431250000000006 -0.93301270189221908 204.81250000000003 0.82968937203783688 14.911588541666669 3.5000000000000004 27819.434989129277 27525.500000000004 27525.500000000004 30273.138219804448
decision_type=2 2 2 2 2 2 2 2 2 2 2 2 2 2 2 2 2 2
left_child=1 -1 3 7 -2 -4 8 -3 9 10 11 -7 -12 -11 16 17 -15 -16
right_child=4 2 5 -5 -6 6 -8 -9 -10 13 12 -13 -14 14 15 -17 -18 -19
leaf_value=-17.22902850585033 6.1567430181896619 -0.85543234184164563 4.5729777054428524 -34.827556890948742 29.736844790977891 8.1800967007004921 -3.7019338275545071 -6.9130277841578129 4.5424266382535858 2.4699728440507442 -10.870063713795489 -1.4664826733423881 9.1471568418035645 -0.50140790003406044 5.3322002698235025 0.14935749063410592 -5.4109999578130994 27.151952970174648
leaf_weight=2802 11403 54696 12499 1131 1439 7647 6707 5293 6029 15583 3732 2219 1750 110304 6508 90335 18151 1572
leaf_count=2802 11403 54696 12499 1131 1439 7647 6707 5293 6029 15583 3732 2219 1750 110304 6508 90335 18151 1572
internal_value=1.88293e-05 -8.12822e-05 -3.91703e-05 -0.000812732 0.00272359 0.000127876 4.35052e-05 -0.000672053 9.84493e-05 5.14448e-05 0.00130927 0.00267922 -0.00115623 -2.81795e-05 -0.000114184 0.000315143 -0.000443111 0.00329986
internal_weight=359800 346958 344156 61120 12842 283036 270537 59989 263830 257801 15348 9866 5482 242453 226870 98415 128455 8080
internal_count=359800 346958 344156 61120 12842 283036 270537 59989 263830 257801 15348 9866 5482 242453 226870 98415 128455 8080
is_linear=0
shrinkage=0.0229654


Tree=234
num_leaves=19
num_cat=0
split_feature=6 7 15 11 23 14 35 35 15 11 7 23 14 23 7 23 9 35
split_gain=95.7864 88.3386 82.2769 92.634 100.178 86.0632 80.4098 66.5486 54.2398 51.5869 50.8842 54.5742 48.6804 48.1399 58.8424 46.7199 57.1076 46.9884
threshold=1.0000000180025095e-35 -0.94490267940017747 17.306250000000002 108.00000000000001 -1.0000000180025095e-35 52.812500000000007 42681.500000000007 17545.500000000004 6.8437500000000018 132.00000000000003 0.82968937203783699 4.5875000000000021 58.687500000000007 -1.5250000000000015 0.44134171618254497 1.0000000180025095e-35 0.68301270189221941 38086.000000000007
decision_type=2 2 2 2 2 2 2 2 2 2 2 2 2 2 2 2 2 2
left_child=1 6 8 4 -4 -6 12 -2 9 -3 11 -10 -1 -9 -15 16 -7 -17
right_child=7 2 3 -5 5 15 -8 13 10 -11 -12 -13 -14 14 -16 17 -18 -19
leaf_value=-0.78130616067074421 -16.417844399757879 2.364693803576329 -7.7343528415464107 1.4381310850850801 -25.119325197645569 11.496064929891299 27.323031071894494 1.8637212883006284 0.76713045822241688 -1.1067318161327389 -1.308957495694133 -4.0837619450379954 4.286075097703514 -4.0471840158652759 -18.786307682952192 -2.2586655032101328 -11.234021778564765 -20.767303005751589
leaf_weight=11089 896 28022 14317 23040 1741 5195 976 1968 150372 9999 44243 18022 24575 3574 1626 18717 808 620
leaf_count=11089 896 28022 14317 23040 1741 5195 976 1968 150372 9999 44243 18022 24575 3574 1626 18717 808 620
internal_value=1.98506e-05 7.65871e-05 -4.75203e-05 -0.000779437 -0.00142903 -0.000607611 0.00114388 -0.00245488 0.000140637 0.000939552 -2.21406e-06 0.000179884 0.000965907 -0.00171728 -0.00287509 -0.000268262 0.00150157 -0.000817691
internal_weight=359800 351736 315096 64438 41398 27081 36640 8064 250658 38021 212637 168394 35664 7168 5200 25340 6003 19337
internal_count=359800 351736 315096 64438 41398 27081 36640 8064 250658 38021 212637 168394 35664 7168 5200 25340 6003 19337
is_linear=0
shrinkage=0.0229654


Tree=235
num_leaves=19
num_cat=0
split_feature=15 26 13 23 9 23 14 10 13 25 24 24 13 26 26 15 9 32
split_gain=88.6559 76.3219 81.0447 96.1003 100.264 66.7128 88.3426 59.4448 58.1623 55.1012 51.8326 51.0484 44.1702 51.2642 43.9214 43.6211 43.0942 50.7782
threshold=15.506250000000003 13.87565104166667 14.056250000000004 -3.3124999999999969 0.25000000000000011 -0.25000000000000028 62.062500000000007 -0.68301270189221952 17.181250000000006 1.0000000180025095e-35 0.17499999999999991 6.6812500000000021 16.056250000000002 19.322005208333337 18.246484375000005 6.7562500000000023 1.0000000180025095e-35 41.906250000000021
decision_type=2 2 2 2 2 2 2 2 2 2 2 2 2 2 2 2 2 2
left_child=1 9 16 7 -5 8 -7 14 10 -1 -2 12 -8 -14 -4 -11 -3 -18
right_child=5 2 3 4 -6 6 11 -9 -10 15 -12 -13 13 -15 -16 -17 17 -19
leaf_value=10.586173259080018 -1.7055623935709039 -3.2593057109759123 0.89033656650197424 0.37917533313860985 -7.9058897491792903 -7.204734260729424 0.86171098423670234 -1.0852006865945196 6.3093655747110748 2.7655658946249737 -6.47575304470086 -12.276063673051569 12.560678227031696 -16.7899047711965 5.8494747461525325 0.81913295905547123 -5.1316673162865936 0.68959238876548923
leaf_weight=2970 19171 16385 2628 40076 6797 15051 50555 2750 1248 25147 14902 1170 3462 375 5910 137372 3292 10539
leaf_count=2970 19171 16385 2628 40076 6797 15051 50555 2750 1248 25147 14902 1170 3462 375 5910 137372 3292 10539
internal_value=1.82549e-05 0.000251125 -0.000293769 0.000207499 -0.000250609 -0.000539807 -0.000132206 0.00210977 -0.00135467 0.000542117 -0.00153303 0.000290571 0.000392665 0.00276818 0.0030556 0.000485467 -0.00125863 -0.000314652
internal_weight=359800 253866 88377 58161 46873 105934 70613 11288 35321 165489 34073 55562 54392 3837 8538 162519 30216 13831
internal_count=359800 253866 88377 58161 46873 105934 70613 11288 35321 165489 34073 55562 54392 3837 8538 162519 30216 13831
is_linear=0
shrinkage=0.0229654


Tree=236
num_leaves=19
num_cat=0
split_feature=6 10 30 21 8 29 4 7 21 29 22 29 11 27 31 21 22 3
split_gain=91.4116 87.6262 119.502 92.9775 64.7782 63.5704 61.2596 53.0652 51.8123 49.771 86.7213 87.1159 75.9929 69.9668 59.4255 57.6657 46.7144 45.0111
threshold=1.0000000180025095e-35 0.6830127018922193 1017.3437500000001 3.1248697916666672 -0.065263096110025884 135.06875000000005 11.500000000000002 -0.94490267940017747 24.110286458333338 371.9812500000001 10.473133680555557 223.11875000000003 1.0000000180025095e-35 -2.0459449404761907 1.0000000180025095e-35 3.1251302083333341 2.4973958333333335 3.5000000000000004
decision_type=2 2 2 2 2 2 2 2 2 2 2 2 2 2 2 2 2 2
left_child=1 8 -3 6 5 -2 7 -4 9 10 14 12 -12 -14 -1 -11 -5 -18
right_child=4 2 3 16 -6 -7 -8 -9 -10 15 11 -13 13 -15 -16 -17 17 -19
leaf_value=-3.710988519714959 -32.627563297317764 5.9831569398442959 22.254434028275771 22.428428084349459 -0.95338191169202069 -12.137450701127515 -14.906398268155618 5.7579945399522341 8.0385909817425638 -4.8882732501836044 -2.7216307053586686 4.0957577183911003 -1.4563936575833951 0.68585456440805959 3.8652493181138619 2.3832891720917933 0.47593143713111374 -3.5951996413660132
leaf_weight=46627 894 24066 1155 953 4200 2970 936 10234 1339 5536 21330 11670 34340 105438 3509 42075 24142 18386
leaf_count=46627 894 24066 1155 953 4200 2970 936 10234 1339 5536 21330 11670 34340 105438 3509 42075 24142 18386
internal_value=1.67868e-05 7.22125e-05 0.000740959 0.000157613 -0.00240077 -0.00454672 0.00191829 0.00238244 -0.000124261 -0.000146566 -0.000290527 -4.65215e-05 -0.000185311 9.52935e-06 -0.00113141 0.000527455 -0.000341463 -0.000454146
internal_weight=359800 351736 79872 55806 8064 3864 12325 11389 271864 270525 222914 172778 161108 139778 50136 47611 43481 42528
internal_count=359800 351736 79872 55806 8064 3864 12325 11389 271864 270525 222914 172778 161108 139778 50136 47611 43481 42528
is_linear=0
shrinkage=0.0229654


Tree=237
num_leaves=19
num_cat=0
split_feature=37 37 37 36 35 36 8 15 7 3 1 6 35 3 7 3 1 7
split_gain=174.138 136.525 95.3613 122.838 85.2511 75.5726 61.0508 57.747 55.4323 80.6211 109.077 83.3786 63.7917 58.1399 105.895 74.0791 158.081 65.8497
threshold=40588.166703123112 16571.864639373602 20593.95767831185 24564.500000000004 21122.500000000004 20158.000000000004 0.99572243068690536 17.106250000000006 0.65793410509763428 1.0000000180025095e-35 4.5000000000000009 1.0000000180025095e-35 24821.500000000004 5.5000000000000009 -0.32075123873380551 3.5000000000000004 8.5000000000000018 -0.5
decision_type=2 2 2 2 2 2 2 2 2 2 2 2 2 2 2 2 2 2
left_child=1 -1 3 4 7 -4 8 -3 13 10 -10 -11 -12 15 -15 -7 -17 -18
right_child=-2 2 5 -5 -6 6 -8 -9 9 11 12 -13 -14 14 -16 16 17 -19
leaf_value=-24.716715840563793 14.686068074614036 0.062895499066602342 4.4397654727516844 -33.371009544257149 -6.6245506561320031 1.2784785630536015 -3.5850882064915761 -6.3169781266318861 -8.0351163510765566 -1.6028761709746546 5.5029484747202835 -37.192388317456526 37.19471664862413 6.7899163888175895 -1.3898283820992183 5.037791714826767 -4.2834440272944327 -0.030480143428752025
leaf_weight=1402 4218 43122 12507 1175 10463 129271 6693 7760 1714 49606 5487 520 912 16531 9399 7417 29479 22124
leaf_count=1402 4218 43122 12507 1175 10463 129271 6693 7760 1714 49606 5487 520 912 16531 9399 7417 29479 22124
internal_value=1.634e-05 -3.86867e-05 -1.03746e-05 -0.000824286 -0.000683403 0.000164095 8.58468e-05 -0.000295181 0.000139077 -0.000489167 0.00163472 -0.000832923 0.00301289 0.000309874 0.00132939 0.000169474 -0.000504679 -0.000955279
internal_weight=359800 355582 354180 62520 61345 291660 279153 50882 272460 58239 8113 50126 6399 214221 25930 188291 59020 51603
internal_count=359800 355582 354180 62520 61345 291660 279153 50882 272460 58239 8113 50126 6399 214221 25930 188291 59020 51603
is_linear=0
shrinkage=0.0229654


Tree=238
num_leaves=19
num_cat=0
split_feature=37 37 37 36 37 36 15 8 15 30 7 6 26 14 24 8 9 7
split_gain=166.113 129.453 83.8067 112.732 79.0454 73.5465 64.2707 55.1777 50.4085 51.695 50.1672 53.9201 46.5746 45.0568 61.5965 55.3794 67.5408 44.4297
threshold=38473.853897399989 16571.864639373602 20355.288483892313 24564.500000000004 41859.284942633676 19843.500000000004 15.168750000000003 0.99572243068690536 8.7437500000000021 1556.6250000000002 0.75023006073889154 1.0000000180025095e-35 4.8615885416666682 81.562500000000014 4.9062500000000009 0.55438071450436011 -0.93301270189221908 0.65793410509763428
decision_type=2 2 2 2 2 2 2 2 2 2 2 2 2 2 2 2 2 2
left_child=1 -1 3 6 -2 -4 -3 8 9 -7 13 -12 -11 -10 15 16 -15 -8
right_child=4 2 5 -5 -6 7 17 -9 10 12 11 -13 -14 14 -16 -17 -18 -19
leaf_value=-24.149086353877252 5.7739191360324211 -0.41507303494552178 4.7292307377637295 -35.221981776888555 28.130451960222583 1.8973112996064774 -3.1049858558763836 -3.3108818122142916 -0.5184270172904476 -4.617451142513068 -1.84073276051761 -32.039532205948298 5.7767553208506124 18.4651052958341 -7.9076664769449883 0.00013220066233722189 4.4951165228515926 -7.8283646834240024
leaf_weight=1402 11403 40869 11065 987 1439 51615 8645 6937 119733 7357 32852 475 1828 1508 2588 25858 26920 6319
leaf_count=1402 11403 40869 11065 987 1439 51615 8645 6937 119733 7357 32852 475 1828 1508 2588 25858 26920 6319
internal_value=1.56379e-05 -7.92965e-05 -5.10407e-05 -0.000857262 0.00258052 0.000107615 -0.000721255 3.44476e-05 8.62685e-05 0.000668565 -8.23733e-05 -0.000899611 -0.000918866 7.18453e-05 0.000604077 0.000769095 0.00146866 -0.00200894
internal_weight=359800 346958 345556 56820 12842 288736 55833 277671 270734 60800 209934 33327 9185 176607 56874 54286 28428 14964
internal_count=359800 346958 345556 56820 12842 288736 55833 277671 270734 60800 209934 33327 9185 176607 56874 54286 28428 14964
is_linear=0
shrinkage=0.0229654


Tree=239
num_leaves=19
num_cat=0
split_feature=37 37 37 35 36 36 35 26 37 36 35 36 35 37 35 10 10 15
split_gain=163.239 129.182 72.8328 108.689 87.9176 76.208 56.2389 59.6459 69.5484 134.519 108.716 75.1644 68.5648 54.7594 56.576 59.2047 71.4077 51.1013
threshold=40588.166703123112 17350.890228859495 22689.98080292749 24380.000000000004 24779.500000000004 20095.500000000004 23175.500000000004 20.899348958333338 31056.517438512285 28891.000000000004 30882.500000000004 30858.000000000004 32087.000000000004 25301.641546275634 26282.500000000004 -0.5 1.0000000180025095e-35 14.681250000000004
decision_type=2 2 2 2 2 2 2 2 2 2 2 2 2 2 2 2 2 2
left_child=1 -1 3 4 17 -4 -7 8 11 -10 -11 13 -13 -8 -15 -16 -17 -3
right_child=-2 2 5 -5 -6 6 7 -9 9 10 -12 12 -14 14 15 16 -18 -19
leaf_value=-8.4611018586035112 14.081513531652815 0.28592565781858109 11.48866008611671 -11.034093294469411 -10.343151993043575 2.9999223314177064 -1.7872675037446313 5.8888491566920091 21.047377985851309 12.682873891265299 0.20475864270043712 -4.8236705535737618 -19.468257542973813 2.9486381943566302 -2.9314467399895126 4.1928823000323554 -0.90111120757028074 -2.7400583107266074
leaf_weight=5604 4218 72234 3005 5316 4693 26197 46353 3542 2820 7770 60053 11224 1311 21423 13076 12872 29617 28472
leaf_count=5604 4218 72234 3005 5316 4693 26197 46353 3542 2820 7770 60053 11224 1311 21423 13076 12872 29617 28472
internal_value=1.68507e-05 -3.64262e-05 1.89641e-05 -0.000468062 -0.000306463 0.000244327 0.000198103 7.2976e-05 2.22961e-05 0.000606782 0.000402436 -0.000281583 -0.00197592 -0.000109389 0.000266082 -0.000120479 0.000295385 -0.00016328
internal_weight=359800 355582 349978 110715 105399 239263 236258 210061 206519 70643 67823 135876 12535 123341 76988 55565 42489 100706
internal_count=359800 355582 349978 110715 105399 239263 236258 210061 206519 70643 67823 135876 12535 123341 76988 55565 42489 100706
is_linear=0
shrinkage=0.0229654


Tree=240
num_leaves=19
num_cat=0
split_feature=37 37 37 36 35 35 37 36 15 3 1 3 1 33 8 8 28 1
split_gain=155.173 124.746 78.7791 131.952 93.8096 80.3039 76.7632 62.7373 60.9299 52.7562 109.88 67.7546 133.05 44.3627 45.9361 44.3438 43.8379 43.2398
threshold=38473.853897399989 16571.864639373602 21453.201029702428 22917.500000000004 23062.500000000004 39170.500000000007 41859.284942633676 20462.500000000004 15.168750000000003 5.5000000000000009 10.500000000000002 4.5000000000000009 3.5000000000000004 0.71180555555555569 -0.19467261866128607 -0.55438071450436044 -0.42698039215686195 21.500000000000004
decision_type=2 2 2 2 2 2 2 2 2 2 2 2 2 2 2 2 2 2
left_child=1 -1 3 4 8 7 -2 -4 -3 11 -11 -9 -13 14 -14 -8 -15 -12
right_child=6 2 5 -5 -6 -7 15 9 -10 10 17 12 13 16 -16 -17 -18 -19
leaf_value=-23.400180046291553 5.5673094744444223 0.29523255892949052 5.1342443036570806 -11.132622313609936 -10.507214373306772 -13.164124222344874 -4.474937879914874 0.41218815818726395 -3.6421714686896056 -3.0064046480019306 7.444557301698147 5.8994269218571249 -10.5826528392833 7.1063672934146274 -2.1497783373482333 28.446905557601326 -19.592568945496328 -1.0051698417407426
leaf_weight=1402 11403 55203 9543 6352 4713 2276 130 191361 17529 8035 16838 3882 10261 2190 13579 1309 402 3392
leaf_count=1402 11403 55203 9543 6352 4713 2276 130 191361 17529 8035 16838 3882 10261 2190 13579 1309 402 3392
internal_value=1.57018e-05 -7.60532e-05 -4.83159e-05 -0.00066117 -0.000400178 0.000147877 0.00249469 0.00018555 -0.000196715 0.000115773 0.00105016 -3.36698e-06 -0.00101213 -0.00159521 -0.00190544 0.00749288 0.00125814 0.00195257
internal_weight=359800 346958 345556 83797 77445 261759 12842 259483 72732 249940 28265 221675 30314 26432 23840 1439 2592 20230
internal_count=359800 346958 345556 83797 77445 261759 12842 259483 72732 249940 28265 221675 30314 26432 23840 1439 2592 20230
is_linear=0
shrinkage=0.0229654


Tree=241
num_leaves=19
num_cat=0
split_feature=6 10 30 26 15 11 16 14 8 29 17 23 13 14 35 14 15 31
split_gain=83.8303 78.9399 115.486 83.8885 83.1851 107.812 69.6001 62.7346 61.8591 61.0317 56.5012 58.8708 55.9257 55.3157 52.9389 51.6191 47.3305 46.1483
threshold=1.0000000180025095e-35 0.6830127018922193 1017.3437500000001 2.4003906250000004 17.656250000000004 108.00000000000001 6.3125000000000009 77.312500000000014 -0.065263096110025884 135.06875000000005 85.937500000000014 -1.2124999999999975 7.7562500000000023 92.812500000000014 38086.000000000007 76.687500000000014 19.481250000000006 154.06250000000003
decision_type=2 2 2 2 2 2 2 2 2 2 2 2 2 2 2 2 2 2
left_child=1 4 -3 13 10 6 -6 -8 9 -2 17 -12 -11 -4 -9 -13 -5 -1
right_child=8 2 3 16 5 -7 7 14 -10 12 11 15 -14 -15 -16 -17 -18 -19
leaf_value=-0.63673051646479506 -30.99565079801005 5.8011160959536241 9.4102336510072231 0.095134068242327077 -8.6527331875311901 1.4420754753563039 -5.906802915698516 6.6885005062506853 -0.69682549795727244 -18.035848489424652 -0.6731018089504055 0.51676176634766957 7.3644115038071352 -5.4578415513946057 -21.310971783974868 5.128212111277076 -6.6155659695443303 1.5555048566912875
leaf_weight=142034 894 24066 7876 40264 9374 18903 17153 4205 4200 2086 17152 15166 884 930 199 23256 6736 24422
leaf_count=142034 894 24066 7876 40264 9374 18903 17153 4205 4200 2086 17152 15166 884 930 199 23256 6736 24422
internal_value=1.40422e-05 6.71198e-05 0.000701855 0.000128395 -0.000119362 -0.000967299 -0.00180235 -0.00108398 -0.0023011 -0.00439814 7.09556e-05 0.000704988 -0.00281462 0.00218544 0.00136103 0.0012044 -0.000257017 -0.000140726
internal_weight=359800 351736 79872 55806 271864 49834 30931 21557 8064 3864 222030 55574 2970 8806 4404 38422 47000 166456
internal_count=359800 351736 79872 55806 271864 49834 30931 21557 8064 3864 222030 55574 2970 8806 4404 38422 47000 166456
is_linear=0
shrinkage=0.0229654


Tree=242
num_leaves=19
num_cat=0
split_feature=37 37 37 35 35 0 3 3 0 0 10 32 37 0 3 3 37 15
split_gain=144.666 124.899 67.9588 105.074 78.0438 64.7093 45.6279 87.6242 91.4816 65.8579 71.0525 41.8174 41.1945 40.9674 42.9247 39.8112 39.6815 39.3087
threshold=40588.166703123112 17350.890228859495 23685.696251002981 24939.500000000004 23929.500000000004 43.500000000000007 5.5000000000000009 4.5000000000000009 6.5000000000000009 23.500000000000004 -0.5 0.4000000000000013 16571.864639373602 1.5000000000000002 1.0000000180025095e-35 2.5000000000000004 25187.917678592792 23.081250000000008
decision_type=2 2 2 2 2 2 2 2 2 2 2 2 2 2 2 2 2 2
left_child=1 12 3 13 15 6 7 -6 -9 -8 -11 -12 -1 14 -3 16 -4 -15
right_child=-2 2 4 -5 5 -7 9 8 -10 10 11 -13 -14 17 -16 -17 -18 -19
leaf_value=-22.841442787064214 13.470007788260746 -4.6960313592599769 0.48741086577187542 -10.37196252193044 1.0750807003223291 -2.0139502640655786 -1.8527766802870569 7.1843160416569773 -4.3644513059830556 -2.7791841568979661 7.5869741412983487 18.23609624481486 -4.7306859534633947 -0.46380551156240807 4.7365891311206907 9.6594764588012012 7.9716757072887416 -6.9632304108649716
leaf_weight=1402 4218 782 11256 7400 127017 23390 5101 1546 19296 1861 9660 1298 4202 120613 4353 5235 6395 4775
leaf_count=1402 4218 782 11256 7400 127017 23390 5101 1546 19296 1861 9660 1298 4202 120613 4353 5235 6395 4775
internal_value=1.32763e-05 -3.68783e-05 1.7586e-05 -0.000379224 0.000275676 0.000122433 0.000281978 0.00014934 -0.0012308 0.00137639 0.00225462 0.00295922 -0.00343825 -0.000228294 0.00178222 0.00154233 0.0010207 -0.00031063
internal_weight=359800 355582 349978 137923 212055 189169 165779 147859 20842 17920 12819 10958 5604 130523 5135 22886 17651 125388
internal_count=359800 355582 349978 137923 212055 189169 165779 147859 20842 17920 12819 10958 5604 130523 5135 22886 17651 125388
is_linear=0
shrinkage=0.0229654


Tree=243
num_leaves=19
num_cat=0
split_feature=15 11 25 26 11 13 30 34 35 30 15 4 25 4 26 11 4 30
split_gain=75.5352 78.7371 76.6683 73.8875 73.1191 56.913 60.7726 59.2116 64.0465 58.6635 56.8614 56.6379 53.5416 44.3319 95.3166 61.7157 55.3123 80.3514
threshold=8.7437500000000021 36.000000000000007 14.144531250000002 5.274869791666668 1.0000000180025095e-35 15.731250000000003 90.068750000000009 0.038194444444444454 16644.500000000004 258.41875000000005 16.481250000000006 8.5000000000000018 11.85026041666667 1.5000000000000002 7.6691406250000007 108.00000000000001 3.5000000000000004 1368.9875000000002
decision_type=2 2 2 2 2 2 2 2 2 2 2 2 2 2 2 2 2 2
left_child=1 2 -1 -2 10 6 -6 8 -8 -9 12 -7 -5 14 15 -10 -15 -18
right_child=3 -3 -4 4 5 11 7 9 13 -11 -12 -13 -14 16 -16 -17 17 -19
leaf_value=5.2358301518688304 2.5874466471010775 0.38483262321592138 -0.14009863114623808 1.0915247554136973 -3.5762838064077642 1.0095748081866873 -10.21602013954117 0.68598900775477389 -8.5712999663768432 6.9379728288008922 -9.4793786863117688 10.176062993733479 -3.4104016901632592 -3.4852922325853162 11.117531013919702 3.4293761885761547 0.11202829081769776 -8.4803733906057381
leaf_weight=14645 31895 63823 7579 9526 16695 32904 1584 5331 3302 2614 7207 2775 12790 35613 8086 3451 95735 4245
leaf_count=14645 31895 63823 7579 9526 16695 32904 1584 5331 3302 2614 7207 2775 12790 35613 8086 3451 95735 4245
internal_value=1.4872e-05 0.000608384 0.00178565 -0.000171683 -0.000308696 -0.000159801 -0.000328772 -0.000191162 -0.000292174 0.00174156 -0.00137957 0.000676816 -0.000806815 -0.000243803 0.000947929 -0.00106614 -0.000374223 -9.73928e-05
internal_weight=359800 86047 22224 273753 241858 212335 176656 159961 152016 7945 29523 35679 22316 150432 14839 6753 135593 99980
internal_count=359800 86047 22224 273753 241858 212335 176656 159961 152016 7945 29523 35679 22316 150432 14839 6753 135593 99980
is_linear=0
shrinkage=0.0229654


Tree=244
num_leaves=19
num_cat=0
split_feature=37 37 37 36 35 36 25 3 37 36 14 35 37 35 36 35 10 37
split_gain=137.317 122.796 87.7228 90.2349 86.6133 67.936 73.9914 106.553 66.388 99.8363 61.3671 60.0533 78.242 92.0164 79.6257 68.1548 62.9556 50.3943
threshold=41859.284942633676 16571.864639373602 22202.067321382412 24564.500000000004 23062.500000000004 22676.500000000004 7.1351562500000005 1.0000000180025095e-35 35034.858621994994 32237.500000000004 71.812500000000014 33403.500000000007 30031.464732897952 28274.500000000004 29272.500000000004 29383.500000000004 1.0000000180025095e-35 26673.860048062674
decision_type=2 2 2 2 2 2 2 2 2 2 2 2 2 2 2 2 2 2
left_child=1 -1 3 4 -3 6 7 -4 11 -10 -6 12 15 -14 -15 -7 -17 -18
right_child=-2 2 5 -5 10 8 -8 -9 9 -11 -12 -13 13 14 -16 16 17 -19
leaf_value=-22.303772118444311 26.046082928109765 -0.36317712807597236 -14.736886298197289 -12.913744660754462 -15.95785070080602 0.023358533417119749 4.8377857818710188 1.112862632936098 21.087706040241365 2.078313322105104 -1.8006845735563795 -4.1111289995239906 17.718251076897111 10.410346327776352 0.24930107569748289 1.0744332723098977 -25.461094556885151 -6.0682390857257191
leaf_weight=1402 1439 89505 1164 4130 4170 125168 21209 5917 2787 34021 4492 17510 4059 4503 23025 5071 1586 8642
leaf_count=1402 1439 89505 1164 4130 4170 125168 21209 5917 2787 34021 4492 17510 4059 4503 23025 5071 1586 8642
internal_value=1.38507e-05 -1.45792e-05 1.2063e-05 -0.000555968 -0.000416066 0.000240239 0.00130129 -0.000731351 0.000107638 0.00100015 -0.00260886 -6.56625e-05 6.47368e-05 0.00109749 0.000621521 -0.000167499 -0.00161444 -0.00265175
internal_weight=359800 358361 356959 102297 98167 254662 28290 7081 226372 36808 8662 189564 172054 31587 27528 140467 15299 10228
internal_count=359800 358361 356959 102297 98167 254662 28290 7081 226372 36808 8662 189564 172054 31587 27528 140467 15299 10228
is_linear=0
shrinkage=0.0229654


Tree=245
num_leaves=19
num_cat=0
split_feature=37 37 37 36 35 36 37 37 35 35 0 35 4 32 36 35 37 37
split_gain=131.899 117.234 74.1174 86.5521 76.3147 73.4232 66.506 54.8439 94.6191 77.7939 54.0721 52.4714 61.9579 77.9205 50.8482 50.0529 112.635 76.4674
threshold=38473.853897399989 16571.864639373602 19574.565316963995 21368.500000000004 40221.000000000007 19397.500000000004 41859.284942633676 23979.48748262435 24939.500000000004 23300.500000000004 43.500000000000007 21001.500000000004 6.5000000000000009 111.36874999999999 26113.500000000004 28274.500000000004 28146.982781622504 27011.664572983358
decision_type=2 2 2 2 2 2 2 2 2 2 2 2 2 2 2 2 2 2
left_child=1 -1 3 11 5 -4 -2 8 14 -9 15 12 13 -3 -7 16 -11 -17
right_child=6 2 4 -5 -6 7 -8 9 -10 10 -12 -13 -14 -15 -16 17 -18 -19
leaf_value=-21.791556871061466 5.1857451147836917 -1.7047088779550117 4.5503956798338132 -19.488579230722486 -19.071726280935181 -0.13738449801073346 25.447923982639647 5.8875966504354595 -8.9865844081625799 0.88473676095023845 -1.793209639859574 -8.8204204254064873 -2.2314222475278154 3.3794456269439976 -7.8742738408724211 -9.8976052403129913 10.071629257087624 0.31384527912734417
leaf_weight=1402 11403 8941 11845 2365 874 86110 1439 12260 8942 56113 23908 4169 17248 7025 4312 5657 9529 86258
leaf_count=1402 11403 8941 11845 2365 874 86110 1439 12260 8942 56113 23908 4169 17248 7025 4312 5657 9529 86258
internal_value=1.24465e-05 -7.21479e-05 -4.52588e-05 -0.000978173 7.59986e-05 9.54212e-05 0.00229797 2.37812e-05 -0.000414868 0.00024877 0.00012915 -0.000708627 -0.0004038 0.00062714 -0.000192009 0.000283575 0.000767939 -6.23388e-05
internal_weight=359800 346958 345556 39748 305808 304934 12842 293089 99364 193725 181465 37383 33214 15966 90422 157557 65642 91915
internal_count=359800 346958 345556 39748 305808 304934 12842 293089 99364 193725 181465 37383 33214 15966 90422 157557 65642 91915
is_linear=0
shrinkage=0.0229654


Tree=246
num_leaves=19
num_cat=0
split_feature=37 37 37 35 35 26 1 3 3 35 14 1 1 3 29 35 7 23
split_gain=129.69 115.56 65.2436 101.131 71.4179 48.1237 52.9344 58.7967 67.0717 84.8178 76.0637 65.4723 64.2331 149.632 72.1116 60.9331 54.0946 47.1768
threshold=40588.166703123112 17167.615452909533 23426.150605651444 24939.500000000004 23300.500000000004 21.610286458333338 21.500000000000004 5.5000000000000009 3.5000000000000004 29383.500000000004 74.812500000000014 10.500000000000002 5.5000000000000009 1.0000000180025095e-35 399.4812500000001 30882.500000000004 -0.79335334029123528 -5.6499999999999968
decision_type=2 2 2 2 2 2 2 2 2 2 2 2 2 2 2 2 2 2
left_child=1 -1 3 17 -4 6 7 8 12 10 -10 -9 13 -6 16 -16 -14 -3
right_child=-2 2 4 -5 5 -7 -8 11 9 -11 -12 -13 14 -15 15 -17 -18 -19
leaf_value=-9.9507500679222591 12.528902212268477 2.3001526457423438 4.3816226242827403 -11.425840730026859 -17.969781536569961 6.2009171566099948 -2.3164193972981417 -1.8663448448001261 -2.5549963943162255 -4.3654590558014705 4.2406311592326693 6.1001565625455338 2.3508431002355015 -0.048867952699870598 14.090858426784779 3.452832188550135 -0.87928787927136254 -0.72044857317591171
leaf_weight=4218 4218 6714 18372 5993 1858 2563 18038 5114 10690 28186 11885 14690 27386 8056 6804 21263 44297 119455
leaf_count=4218 4218 6714 18372 5993 1858 2563 18038 5114 10690 28186 11885 14690 27386 8056 6804 21263 44297 119455
internal_value=1.4872e-05 -3.26156e-05 1.27453e-05 -0.000390281 0.000255739 0.000130362 8.99426e-05 0.000208656 6.2916e-05 -0.000627284 0.000421668 0.00138924 0.000382394 -0.00138061 0.000557616 0.00154442 0.00017124 -0.000251826
internal_weight=359800 355582 351364 132162 219202 200830 198267 180229 160425 50761 22575 19804 109664 9914 99750 28067 71683 126169
internal_count=359800 355582 351364 132162 219202 200830 198267 180229 160425 50761 22575 19804 109664 9914 99750 28067 71683 126169
is_linear=0
shrinkage=0.0229654


Tree=247
num_leaves=19
num_cat=0
split_feature=37 37 3 37 37 9 31 16 8 3 13 32 15 7 3 3 3 3
split_gain=125.133 114.498 71.8704 76.8919 61.7002 58.5443 93.6175 73.212 88.1243 70.2201 57.0307 56.9149 56.1955 58.0241 45.0261 46.6731 54.2922 43.6976
threshold=41859.284942633676 18324.567058026765 3.5000000000000004 16571.864639373602 35034.858621994994 -0.93301270189221908 103.28750000000002 241.31250000000003 0.82968937203783688 1.0000000180025095e-35 26.381250000000005 117.12500000000001 6.8437500000000018 0.55438071450436044 1.0000000180025095e-35 5.5000000000000009 3.5000000000000004 4.5000000000000009
decision_type=2 2 2 2 2 2 2 2 2 2 2 2 2 2 2 2 2 2
left_child=1 2 -1 -4 5 6 7 8 -3 -9 12 -11 -7 -14 -6 16 -16 -15
right_child=-2 4 3 -5 14 10 -8 9 -10 11 -12 -13 13 17 15 -17 -18 -19
leaf_value=-9.3354485592305831 24.575770639207985 4.9526574199681184 -21.979263895107888 -1.2264948554583048 11.125740108084672 1.3270927619490138 12.776014081079206 -31.562053851771832 -2.4384709838851415 -7.665466361406529 8.9942072973797416 10.437783242604754 -0.079540375277512995 -1.0611858562425374 3.232089726639042 10.31695301119036 -3.6603335851964718 -3.8795599466199429
leaf_weight=2890 1439 11214 1334 12793 6584 32105 1540 808 3975 3018 1956 1356 173140 56696 20016 2184 8067 18685
leaf_count=2890 1439 11214 1334 12793 6584 32105 1540 808 3975 3018 1956 1356 173140 56696 20016 2184 8067 18685
internal_value=1.60847e-05 -1.10546e-05 -0.00184957 -0.00117452 8.06007e-05 -2.68124e-05 0.00111677 0.000704035 0.0015082 -0.00165305 -0.000115485 -0.000504042 -0.000142723 -0.000259529 0.000968136 0.00059373 0.000342236 -0.000791349
internal_weight=359800 358361 17017 14127 341344 304493 21911 20371 15189 5182 282582 4374 280626 248521 36851 30267 28083 75381
internal_count=359800 358361 17017 14127 341344 304493 21911 20371 15189 5182 282582 4374 280626 248521 36851 30267 28083 75381
is_linear=0
shrinkage=0.0229654


Tree=248
num_leaves=19
num_cat=0
split_feature=7 15 10 23 14 21 17 7 28 16 28 10 30 14 13 14 16 21
split_gain=75.5877 70.0084 57.4577 52.9452 76.885 54.7674 40.1856 56.8179 50.5785 47.4272 85.8883 89.3831 52.5432 57.5011 50.7923 42.3495 52.16 39.014
threshold=-0.94490267940017747 15.506250000000003 0.6830127018922193 -0.15000000000000022 52.812500000000007 19.059505208333338 76.812500000000014 0.82968937203783699 -5.7820588235294101 44.937500000000007 2.8525168918918911 -0.68301270189221952 258.41875000000005 66.812500000000014 12.818750000000003 76.062500000000014 17.687500000000004 1.6337239583333336
decision_type=2 2 2 2 2 2 2 2 2 2 2 2 2 2 2 2 2 2
left_child=2 6 -1 5 -5 -3 8 15 -2 10 12 -12 14 -14 -10 -8 -17 -4
right_child=1 3 17 4 -6 -7 7 -9 9 -11 11 -13 13 -15 -16 16 -18 -19
leaf_value=1.3287733644777777 5.4325581169111432 -3.7687515893097192 27.520786271945195 -16.781815449033342 -0.010599438406680508 8.203250164485917 -0.10711935993906488 -0.9315916129739088 -3.3026147359992026 -2.2249813045958065 4.8880831111969085 -1.01506661401108 4.8885198998267514 0.02143323747946134 -0.15878200531100442 1.1223575291315806 7.3185402203230625 6.3352589757500581
leaf_weight=28880 5344 32210 635 3554 54489 991 20915 22368 8767 54416 7279 4416 3422 45583 10614 29110 18842 7965
leaf_count=28880 5344 32210 635 3554 54489 991 20915 22368 8767 54416 7279 4416 3422 45583 10614 29110 18842 7965
internal_value=1.7106e-05 -9.64017e-05 0.000993248 -0.00063502 -0.000216625 -0.00136647 0.00011628 0.000491226 -0.000128342 -0.000215402 0.000140091 0.00195879 -0.000170933 0.000229396 -0.00118317 0.000817847 0.00119396 0.00264102
internal_weight=359800 322320 37480 91244 58043 33201 231076 91235 139841 134497 80081 11695 68386 49005 19381 68867 47952 8600
internal_count=359800 322320 37480 91244 58043 33201 231076 91235 139841 134497 80081 11695 68386 49005 19381 68867 47952 8600
is_linear=0
shrinkage=0.0229654


Tree=249
num_leaves=19
num_cat=0
split_feature=37 37 37 3 36 37 36 3 7 3 1 37 36 3 3 7 36 37
split_gain=120.419 105.959 64.4445 68.8373 61.1411 83.846 69.948 52.3158 114.858 73.5331 132.049 50.3652 72.0219 49.3412 48.5583 67.3196 48.5549 120.005
threshold=41859.284942633676 18797.470132382845 16571.864639373602 3.5000000000000004 19594.500000000004 21508.732551923084 22917.500000000004 5.5000000000000009 -0.13052619222005171 4.5000000000000009 3.5000000000000004 36939.885737871497 31532.000000000004 1.0000000180025095e-35 2.5000000000000004 0.13052619222005141 32394.000000000004 30152.371458841222
decision_type=2 2 2 2 2 2 2 2 2 2 2 2 2 2 2 2 2 2
left_child=1 2 -1 -4 -3 6 14 9 -9 11 -11 16 -13 -14 15 -6 17 -7
right_child=-2 4 3 -5 5 7 -8 8 -10 10 -12 12 13 -15 -16 -17 -18 -19
leaf_value=-20.509888057986817 23.947060659524702 2.406293875681965 -5.5162810498344541 -0.80534657056910908 -12.012704593056663 0.077541661925362729 -8.634044013293817 5.9658529155491982 -1.8779168457572613 5.8212003442417775 -3.8270746413580357 34.492745056461295 11.409769252730644 1.2045787077506926 -2.1558977460716959 2.0858090629900294 -2.3772391722873394 6.3662129840265429
leaf_weight=1402 1439 23211 6565 17465 1747 135728 6181 18378 10794 3933 28300 969 3666 14681 22811 11548 32862 18120
leaf_count=1402 1439 23211 6565 17465 1747 135728 6181 18378 10794 3933 28300 969 3666 14681 22811 11548 32862 18120
internal_value=1.69145e-05 -9.70881e-06 -0.0014385 -0.00115926 9.94345e-05 1.42367e-05 -0.000936006 0.000164492 0.00108246 5.20979e-05 -0.000967906 0.000211679 0.00132804 0.00100576 -0.000549552 0.000553623 9.61863e-05 0.000267349
internal_weight=359800 358361 25432 24030 332929 309718 42287 267431 29172 238259 32233 206026 19316 18347 36106 13295 186710 153848
internal_count=359800 358361 25432 24030 332929 309718 42287 267431 29172 238259 32233 206026 19316 18347 36106 13295 186710 153848
is_linear=0
shrinkage=0.0229654


Tree=250
num_leaves=19
num_cat=0
split_feature=6 15 7 35 3 3 35 14 28 15 32 23 7 17 23 15 28 35
split_gain=76.0387 70.3899 66.5242 66.9198 63.3099 146.026 52.5943 49.0624 49.2277 47.6983 45.6007 44.4333 48.807 42.4408 70.747 57.3876 44.5056 39.5565
threshold=1.0000000180025095e-35 20.406250000000004 -0.82968937203783699 42681.500000000007 5.5000000000000009 3.5000000000000004 17545.500000000004 51.812500000000007 1.1107847744360904 5.6812500000000012 326.9187500000001 -1.4999999999999991 0.44134171618254497 85.937500000000014 -0.44999999999999946 13.968750000000004 -5.7820588235294101 39170.500000000007
decision_type=2 2 2 2 2 2 2 2 2 2 2 2 2 2 2 2 2 2
left_child=1 2 3 4 5 -1 -2 -3 -9 -4 -6 -8 -13 16 15 -15 17 -11
right_child=6 7 9 -5 10 -7 11 8 -10 13 -12 12 -14 14 -16 -17 -18 -19
leaf_value=3.6238339629662244 -12.999456311292116 -20.276855778047775 2.0429224993962349 20.698831826650224 10.671884513961803 -3.5096435922127811 1.9729680377373642 -0.14356271855212829 -5.4404584931032298 6.2580326420588541 -3.7643362296410299 -3.7634744407589595 -17.228261215402664 0.32821485123231026 3.1337322288895568 -4.9392802554873416 -0.74885421571570843 -24.817841581688409
leaf_weight=31715 896 1475 18452 1098 6880 15992 2009 21607 13360 4172 1132 3552 1607 22391 45584 9583 158033 262
leaf_count=31715 896 1475 18452 1098 6880 15992 2009 21607 13360 4172 1132 3552 1607 22391 45584 9583 158033 262
internal_value=1.77443e-05 6.8295e-05 0.000178745 0.00089025 0.00077961 0.00046237 -0.00218718 -0.000887308 -0.000714241 2.23455e-05 0.0026686 -0.00153145 -0.00265979 -6.41529e-05 0.000377832 -0.000450344 -0.000275146 0.00199406
internal_weight=359800 351736 315294 56817 55719 47707 8064 36442 34967 258477 8012 7168 5159 240025 77558 31974 162467 4434
internal_count=359800 351736 315294 56817 55719 47707 8064 36442 34967 258477 8012 7168 5159 240025 77558 31974 162467 4434
is_linear=0
shrinkage=0.0229654


Tree=251
num_leaves=19
num_cat=0
split_feature=37 37 37 35 35 37 35 1 3 3 15 6 8 37 35 13 4 32
split_gain=118.673 101.46 60.7107 102.54 70.6211 81.2672 57.6256 52.2397 133.104 53.2955 47.5373 47.5298 54.5631 44.4521 55.4429 42.6905 56.9495 83.8128
threshold=41859.284942633676 17167.615452909533 32659.076238648933 32660.500000000004 30749.500000000004 29003.814788121697 27337.500000000004 1.0000000180025095e-35 1.0000000180025095e-35 5.5000000000000009 8.7437500000000021 1.0000000180025095e-35 -0.065263096110025884 36558.079481930494 37073.500000000007 16.168750000000006 8.5000000000000018 114.43749999999999
decision_type=2 2 2 2 2 2 2 2 2 2 2 2 2 2 2 2 2 2
left_child=1 -1 4 -4 5 7 -7 8 -3 -10 -6 15 -13 14 -5 -9 -17 -18
right_child=-2 2 3 13 10 6 -8 11 9 -11 -12 12 -14 -15 -16 16 17 -19
leaf_value=-9.3279221401356409 22.930672683250659 -6.9324275337415306 12.368590409684346 0.35283413398454672 2.3050244275470111 13.687634356530133 2.1232688473810271 -0.6589964193433071 5.3938542062197312 -2.1615888437664554 -5.3187022182428896 -16.790169557314844 -0.17946498682442738 3.2623649298904178 -8.4287806695243432 0.6113068640199053 -13.593404543393406 13.008120767480897
leaf_weight=4218 1439 2124 8226 21814 4423 4050 15867 185131 10621 2118 19114 3049 3282 23661 4306 43457 616 2284
leaf_count=4218 1439 2124 8226 21814 4423 4050 15867 185131 10621 2118 19114 3049 3282 23661 4306 43457 616 2284
internal_value=1.72975e-05 -9.13205e-06 3.304e-05 0.000712436 -0.00010004 4.17018e-06 0.00141653 -0.000107155 0.00121371 0.00210112 -0.00130697 -0.000189705 -0.00215289 0.000319932 -0.000333227 -0.000136014 0.000487229 0.00360319
internal_weight=359800 358361 354143 58007 296136 272599 19917 252682 14863 12739 23537 237819 6331 49781 26120 231488 46357 2900
internal_count=359800 358361 354143 58007 296136 272599 19917 252682 14863 12739 23537 237819 6331 49781 26120 231488 46357 2900
is_linear=0
shrinkage=0.0229654


Tree=252
num_leaves=19
num_cat=0
split_feature=37 37 3 37 35 35 37 35 35 37 37 37 37 15 23 3 35 37
split_gain=116.316 98.3817 63.5089 54.9962 62.5705 56.8753 65.9972 84.3504 70.6764 73.9599 63.4696 53.4561 51.1345 49.5366 43.4399 41.8074 39.3122 93.854
threshold=41859.284942633676 17921.267400100896 3.5000000000000004 34876.514806393076 35575.000000000007 33403.500000000007 29908.181515470071 28119.500000000004 27194.500000000004 25415.561728725286 25880.966961899576 16571.864639373602 36558.079481930494 26.818750000000005 -5.6499999999999968 1.0000000180025095e-35 21182.500000000004 21002.429534868792
decision_type=2 2 2 2 2 2 2 2 2 2 2 2 2 2 2 2 2 2
left_child=1 2 -1 5 -5 6 8 -8 9 13 -10 -4 -6 14 -3 -14 -16 -18
right_child=-2 3 11 4 12 -7 7 -9 10 -11 -12 -13 15 -15 16 -17 17 -19
leaf_value=-15.235004995296448 22.404060408038553 2.3040161945717883 -20.70140609680104 9.5160028690800953 -4.3592152325696851 -4.1038714896865729 16.199457914094388 1.7898732686114422 -8.8428186730105907 2.3132801385873161 -1.368870585377497 -1.6301101427875966 11.496454716092773 -12.082292137951159 0.55968613823082403 1.6211164553326192 -5.8647386629340241 -0.36995163564361022
leaf_weight=1157 1439 7525 1334 9939 7073 16399 4079 28582 7450 37736 39571 8785 2028 1886 64816 19255 13017 87729
leaf_count=1157 1439 7525 1334 9939 7073 16399 4079 28582 7450 37736 39571 8785 2028 1886 64816 19255 13017 87729
internal_value=1.91485e-05 -7.01726e-06 -0.00211813 6.1568e-05 0.000882455 -4.02354e-05 3.35773e-05 0.00100655 -8.8774e-05 8.93421e-05 -0.000894518 -0.00153534 0.000332867 -0.000109529 -6.91933e-05 0.000895071 -0.000146757 -0.000430604
internal_weight=359800 358361 11276 347085 38295 308790 292391 32661 259730 212709 47021 10119 28356 174973 173087 21283 165562 100746
internal_count=359800 358361 11276 347085 38295 308790 292391 32661 259730 212709 47021 10119 28356 174973 173087 21283 165562 100746
is_linear=0
shrinkage=0.0229654


Tree=253
num_leaves=19
num_cat=0
split_feature=37 37 37 13 15 3 35 24 37 35 35 37 35 37 37 0 35 0
split_gain=111.178 93.6458 58.2133 55.7156 52.5013 51.4946 62.4446 48.8035 48.5058 79.1541 77.6909 67.7451 42.745 67.2945 64.7356 40.4848 40.3737 37.0382
threshold=41859.284942633676 19228.289749810432 16571.864639373602 26.381250000000005 6.918750000000002 3.5000000000000004 16377.500000000002 4.9062500000000009 33303.976748242778 32660.500000000004 30749.500000000004 29908.181515470071 27194.500000000004 27736.99555956195 25357.176074945422 21.500000000000004 21001.500000000004 31.500000000000004
decision_type=2 2 2 2 2 2 2 2 2 2 2 2 2 2 2 2 2 2
left_child=1 2 -1 4 -3 6 -4 8 10 -10 11 12 13 -6 -14 -12 -7 -2
right_child=17 3 5 -5 7 16 -8 -9 9 -11 15 -13 14 -15 -16 -17 -18 -19
leaf_value=-19.290574187420546 -8.1776707399531734 1.679367802311134 -15.527035895561362 9.2495897309057682 0.051702089331869421 0.10899448530015911 -2.6976664995152082 -5.8978551772921781 14.470992988048957 1.0871162368279872 -9.7392789641309214 7.074485156168465 -12.508721647016523 8.6103110945398811 -1.0585570649892315 -2.4040043212278754 -8.4285666989301866 23.067448898360126
leaf_weight=1402 130 37543 1100 1856 156601 19045 9433 6081 5289 40084 5966 10666 4330 5025 32386 18525 3029 1309
leaf_count=1402 130 37543 1100 1856 156601 19045 9433 6081 5289 40084 5966 10666 4330 5025 32386 18525 3029 1309
internal_value=2.10633e-05 -4.51796e-06 -0.00115101 0.000115694 9.28597e-05 -0.000953987 -0.00227517 -1.34994e-05 3.08817e-05 0.00071797 -0.000102632 4.07648e-05 -5.51146e-05 0.000105573 -0.00076247 -0.00132639 -0.000323559 0.00639169
internal_weight=359800 358361 34009 324352 322496 32607 10533 284953 278872 45373 233499 209008 198342 161626 36716 24491 22074 1439
internal_count=359800 358361 34009 324352 322496 32607 10533 284953 278872 45373 233499 209008 198342 161626 36716 24491 22074 1439
is_linear=0
shrinkage=0.0229654


Tree=254
num_leaves=19
num_cat=0
split_feature=37 37 15 11 16 11 16 15 9 37 15 16 36 21 22 27 36 3
split_gain=106.371 88.4242 52.0323 72.2986 60.8478 54.5792 62.479 47.8513 42.2879 42.5901 58.1649 46.9512 45.1107 42.2394 47.1704 47.7744 46.9309 46.9118
threshold=40097.014493550079 17658.666800385352 8.7437500000000021 108.00000000000001 274.56250000000006 1.0000000180025095e-35 179.93750000000003 14.893750000000002 0.93301270189221952 21915.138123433535 22.631250000000005 0.18750000000000003 22676.500000000004 7.7389322916666679 8.2551649305555568 -1.0000000180025095e-35 29272.500000000004 2.5000000000000004
decision_type=2 2 2 2 2 2 2 2 2 2 2 2 2 2 2 2 2 2
left_child=1 -1 3 4 -3 6 7 -4 9 10 -7 -11 -13 17 16 -16 -15 -14
right_child=-2 2 5 -5 -6 8 -8 -9 -10 11 -12 12 13 14 15 -17 -18 -19
leaf_value=-4.9672892310436731 9.7013821699186646 2.2123347644922275 0.52217538333658764 -0.7033556562358807 -2.5608419879874513 -0.57735733877871021 -9.8696534678230385 -4.9963798179906274 -2.9992830153739023 -0.6211572016871858 -9.4716874202642067 6.8656451058199108 11.031276230497273 7.587291335080776 -1.5666737890094757 1.883628065255861 -11.198091346921109 1.4500363645739416
leaf_weight=8483 5662 42815 16139 32287 7171 49796 7601 8044 24074 54765 3494 10668 8084 778 20867 44512 3500 11060
leaf_count=8483 5662 42815 16139 32287 7171 49796 7601 8044 24074 54765 3494 10668 8084 778 20867 44512 3500 11060
internal_value=2.05527e-05 -2.93765e-05 2.7473e-05 0.000531616 0.00107876 -0.000130007 -0.0010224 -0.000451559 -7.53621e-06 9.81589e-05 -0.000461549 0.000291546 0.00058886 0.000419347 0.000156769 0.000309641 -0.00217951 0.00137476
internal_weight=359800 354138 345655 82273 49986 263382 31784 24183 231598 207524 53290 154234 99469 88801 69657 65379 4278 19144
internal_count=359800 354138 345655 82273 49986 263382 31784 24183 231598 207524 53290 154234 99469 88801 69657 65379 4278 19144
is_linear=0
shrinkage=0.0229654


Tree=255
num_leaves=19
num_cat=0
split_feature=6 15 7 11 13 35 35 0 15 7 10 35 22 3 4 34 35 4
split_gain=66.7845 63.0339 57.5171 55.8537 58.3918 55.1192 46.823 41.3679 41.8293 46.1846 47.0949 58.3465 42.553 45.0257 41.1526 47.1535 39.8165 37.8867
threshold=1.0000000180025095e-35 20.406250000000004 -0.94490267940017747 132.00000000000003 -0.56874999999999976 42681.500000000007 17545.500000000004 47.500000000000007 5.9687500000000009 0.82968937203783699 0.6830127018922193 32660.500000000004 3.1249131944444453 4.5000000000000009 7.5000000000000009 0.052083333333333336 38847.500000000007 1.5000000000000002
decision_type=2 2 2 2 2 2 2 2 2 2 2 2 2 2 2 2 2 2
left_child=1 2 5 4 17 -1 -2 8 -4 10 -10 -12 16 -14 15 -8 -13 -3
right_child=6 3 7 -5 -6 -7 14 -9 9 -11 11 12 13 -15 -16 -17 -18 -19
leaf_value=2.5050292311891416 -12.339666813564564 11.981050457921231 1.9168284776701043 3.3826167458604859 -5.9284636201503371 20.619717907003018 -2.9393368348689131 -2.8167601686337504 0.0067328530279438109 -1.0761896354789648 4.5974890707567706 14.657613245954128 0.27368000211868709 -9.1766021086283587 -12.161617779690676 11.838344855951982 -1.3764212509222822 -4.6157882804947556
leaf_weight=30665 896 3031 22778 7905 23394 890 4736 6841 157195 53869 22470 1931 13556 3413 2040 392 1686 2112
leaf_count=30665 896 3031 22778 7905 23394 890 4736 6841 157195 53869 22470 1931 13556 3413 2040 392 1686 2112
internal_value=1.87655e-05 6.61404e-05 0.00017066 -0.000838154 -0.00131135 0.00110078 -0.00204764 6.72194e-05 0.000110805 2.62983e-05 0.000186876 0.000859816 -2.34273e-05 -0.000505485 -0.00142893 -0.000331404 0.00223813 0.000904238
internal_weight=359800 351736 315294 36442 28537 31555 8064 283739 276898 254120 200251 43056 20586 16969 7168 5128 3617 5143
internal_count=359800 351736 315294 36442 28537 31555 8064 283739 276898 254120 200251 43056 20586 16969 7168 5128 3617 5143
is_linear=0
shrinkage=0.0229654


Tree=256
num_leaves=19
num_cat=0
split_feature=6 10 30 21 4 13 14 13 30 34 14 28 13 1 30 4 28 34
split_gain=65.138 57.0088 116.24 68.7617 52.9083 49.0866 53.651 66.0271 87.7947 80.0454 78.767 66.7995 66.6403 54.2731 48.9505 67.1818 56.7586 55.8996
threshold=1.0000000180025095e-35 0.6830127018922193 1017.3437500000001 3.1248697916666672 11.500000000000002 26.381250000000005 50.937500000000007 15.331250000000004 258.41875000000005 0.024305555555555556 84.687500000000014 2.7219068877551025 13.068750000000003 17.500000000000004 35.031250000000007 5.5000000000000009 1.139956140350876 0.27430555555555564
decision_type=2 2 2 2 2 2 2 2 2 2 2 2 2 2 2 2 2 2
left_child=1 5 -3 4 -4 6 13 8 10 11 12 -10 -8 -1 17 16 -16 -9
right_child=-2 2 3 -5 -6 -7 7 14 9 -11 -12 -13 -14 -15 15 -17 -18 -19
leaf_value=-7.7786954218893003 -5.4719013155752183 5.4288349307849124 5.8850467545690863 -1.1117289004913433 -15.825254823199179 8.3745996720966218 -5.1267550265561912 -4.0142457725898044 0.31217610357107001 3.9646458315180144 0.51359231579103082 -3.4707114006585544 -1.5191426979673748 1.218743875008564 17.904121057807753 4.4471598055694885 -5.417582757258999 1.2086334407743475
leaf_weight=11983 8064 24066 11389 43481 936 2040 15540 5167 135326 4606 13578 19019 16242 5145 883 21153 3413 17769
leaf_count=11983 8064 24066 11389 43481 936 2040 15540 5167 135326 4606 13578 19019 16242 5145 883 21153 3413 17769
internal_value=1.87655e-05 6.55528e-05 0.000604958 2.96296e-05 0.00154376 -9.29213e-05 -0.000119753 -3.54438e-05 -0.000216097 3.82152e-05 -0.00110726 -5.08127e-05 -0.00173277 -0.0013636 0.000727384 0.00142084 -0.00119745 -4.20539e-05
internal_weight=359800 351736 79872 55806 12325 271864 269824 252696 204311 158951 45360 154345 31782 17128 48385 25449 4296 22936
internal_count=359800 351736 79872 55806 12325 271864 269824 252696 204311 158951 45360 154345 31782 17128 48385 25449 4296 22936
is_linear=0
shrinkage=0.0229654


Tree=257
num_leaves=19
num_cat=0
split_feature=6 8 10 30 26 13 14 13 30 32 30 13 28 16 26 30 34 14
split_gain=62.1183 59.9887 53.9991 108.665 64.265 47.8257 51.69 62.2031 83.7298 84.9275 96.3118 76.6881 66.2242 59.4621 58.8911 58.4838 52.7473 49.9935
threshold=1.0000000180025095e-35 -0.065263096110025884 0.6830127018922193 1017.3437500000001 1.9851562500000004 26.381250000000005 50.937500000000007 15.331250000000004 258.41875000000005 1.0000000180025095e-35 990.00625000000014 12.731250000000003 3.1953717870257035 670.31250000000011 14.204557291666669 708.46875000000011 0.065972222222222238 86.812500000000014
decision_type=2 2 2 2 2 2 2 2 2 2 2 2 2 2 2 2 2 2
left_child=2 -2 5 -4 -5 6 13 8 11 10 15 -8 -12 -1 -11 -10 -16 -13
right_child=1 -3 3 4 -6 -7 7 -9 9 14 12 17 -14 -15 16 -17 -18 -19
leaf_value=-1.9273336815810844 -15.417221468035233 -0.15163929500998122 5.3041595165856377 6.8370287957606761 -0.76144613161707131 8.1822735660014008 -3.5296032760403753 1.5289771398272867 -0.068401488625244991 2.5703766796700656 1.5327854610007574 -1.4835747560840722 -5.9248047455861252 -17.944411195999198 -2.386979081047329 -4.3840757068539142 3.8735961187343579 2.6213890509276991
leaf_weight=14513 3864 4200 24066 7123 48683 2040 20784 48385 18184 39082 54637 20074 4415 2615 9835 31674 1124 4502
leaf_count=14513 3864 4200 24066 7123 48683 2040 20784 48385 18184 39082 54637 20074 4415 2615 9835 31674 1124 4502
internal_value=1.64677e-05 -0.00197644 6.21576e-05 0.000587131 3.08642e-05 -9.20765e-05 -0.000118562 -3.58073e-05 -0.000211151 3.72039e-05 -0.000322625 -0.00108144 0.000304899 -0.00133947 0.000820341 -0.00106587 -0.000667441 -0.000213058
internal_weight=359800 8064 351736 79872 55806 271864 269824 252696 204311 158951 108910 45360 59052 17128 50041 49858 10959 24576
internal_count=359800 8064 351736 79872 55806 271864 269824 252696 204311 158951 108910 45360 59052 17128 50041 49858 10959 24576
is_linear=0
shrinkage=0.0229654


Tree=258
num_leaves=19
num_cat=0
split_feature=6 8 29 10 30 29 4 31 9 31 16 8 29 35 29 0 24 22
split_gain=59.3632 57.3214 55.4168 51.3382 102.826 62.3459 49.7754 47.6698 48.8848 80.0177 60.2199 69.0888 51.9984 92.2674 53.965 49.7124 45.0924 53.2547
threshold=1.0000000180025095e-35 -0.065263096110025884 135.06875000000005 0.6830127018922193 1000.8062500000002 594.00625000000014 11.500000000000002 455.66250000000008 -0.93301270189221908 103.28750000000002 241.31250000000003 0.82968937203783688 371.9812500000001 27702.500000000004 620.18750000000011 11.500000000000002 6.6812500000000021 2.4973958333333335
decision_type=2 2 2 2 2 2 2 2 2 2 2 2 2 2 2 2 2 2
left_child=3 2 -2 7 -5 16 -7 8 9 10 11 15 13 -10 -14 -1 17 -6
right_child=1 -3 -4 4 5 6 -8 -9 12 -11 -12 -13 14 -15 -16 -17 -18 -19
leaf_value=-0.57343609119087735 -27.358709516264895 -0.14815683659019563 -10.034769183560524 5.2836217403882175 22.749929798863096 5.7046667011881178 -15.444334452971281 12.769902178904527 -0.25562773929632149 10.982242660415741 -6.1466898271627226 -2.3970825854964217 1.9102758341746802 -3.6947823306196597 -7.1073899140693122 6.7082678377834446 -16.522065045122332 -1.0162184647363541
leaf_weight=3115 894 4200 2970 23433 863 11389 936 546 163827 1648 5197 3993 44874 37005 2572 9087 875 42376
leaf_count=3115 894 4200 2970 23433 863 11389 936 546 163827 1648 5197 3993 44874 37005 2572 9087 875 42376
internal_value=1.4489e-05 -0.00193372 -0.00395238 5.91542e-05 0.00057103 4.00803e-05 0.00148413 -9.12318e-05 -0.000104874 0.000907054 0.000531408 0.00122165 -0.00019878 -0.000360321 0.000485001 0.00207972 -0.000363373 -0.000258925
internal_weight=359800 8064 3864 351736 79872 56439 12325 271864 271318 23040 21392 16195 248278 200832 47446 12202 44114 43239
internal_count=359800 8064 3864 351736 79872 56439 12325 271864 271318 23040 21392 16195 248278 200832 47446 12202 44114 43239
is_linear=0
shrinkage=0.0229654


Tree=259
num_leaves=19
num_cat=0
split_feature=37 37 24 13 37 3 13 9 23 3 14 3 1 13 10 24 30 32
split_gain=100.563 83.4886 53.5129 52.5796 51.3523 58.1819 87.9617 54.6913 53.625 61.4149 57.9225 52.8324 95.4551 51.2392 48.4609 48.1049 55.4069 76.5975
threshold=40097.014493550079 16946.789151764384 4.5500000000000043 26.381250000000005 22027.651292515438 5.5000000000000009 1.0062500000000003 -0.93301270189221908 -3.4749999999999996 1.0000000180025095e-35 86.812500000000014 4.5000000000000009 3.5000000000000004 14.056250000000004 1.0000000180025095e-35 0.87500000000000044 258.41875000000005 90.331250000000011
decision_type=2 2 2 2 2 2 2 2 2 2 2 2 2 2 2 2 2 2
left_child=1 -1 3 4 8 11 -7 -8 9 -3 15 -6 -13 -11 -14 16 -10 -18
right_child=-2 2 -4 -5 5 6 7 -9 10 13 -12 12 14 -15 -16 -17 17 -19
leaf_value=-13.010934807110537 9.244039762924368 -3.5371711452195731 -4.6694254157468675 9.1028827173190265 0.53608152706576906 -3.0900831211182243 17.953856892109282 4.1565678490894449 -3.635450370431851 0.4293050111454908 0.4943715101955965 5.5920104872528027 0.30552950073145874 4.3764514427349646 -5.4198420793672497 -5.2137666697641158 -0.45212947658017039 12.043459201653993
leaf_weight=2802 5662 3188 8817 1810 190211 6386 1688 18946 18016 12786 19853 3284 8184 5520 18103 17278 15778 1488
leaf_count=2802 5662 3188 8817 1810 190211 6386 1688 18946 18016 12786 19853 3284 8184 5520 18103 17278 15778 1488
internal_value=1.37231e-05 -3.48238e-05 -3.33366e-06 4.214e-05 2.1401e-05 0.000195316 0.00120097 0.00192992 -0.000435674 0.000571624 -0.000734666 7.16814e-05 -0.000831371 0.00108391 -0.00129255 -0.00113385 -0.000647656 0.00028198
internal_weight=359800 354138 351336 342519 340709 246802 27020 20634 93907 21494 72413 219782 29571 18306 26287 52560 35282 17266
internal_count=359800 354138 351336 342519 340709 246802 27020 20634 93907 21494 72413 219782 29571 18306 26287 52560 35282 17266
is_linear=0
shrinkage=0.0229654


Tree=260
num_leaves=19
num_cat=0
split_feature=7 6 8 24 11 24 30 13 11 16 30 5 22 30 24 17 16 8
split_gain=60.3198 52.7452 65.6161 50.1877 65.1205 72.1958 58.0202 111.183 67.1806 54.1136 53.916 57.1449 50.1146 48.0835 47.8736 45.0701 47.4677 43.4974
threshold=-0.94490267940017747 1.0000000180025095e-35 0.32075123873380501 0.09999999999999977 84.000000000000014 3.2750000000000012 266.60625000000005 12.143750000000004 84.000000000000014 670.31250000000011 565.45625000000007 1.0000000180025095e-35 1.5197048611111112 144.10000000000005 -3.0499999999999976 88.437500000000014 121.06250000000001 -0.70710678118654757
decision_type=2 2 2 2 2 2 2 2 2 2 2 2 2 2 2 2 2 2
left_child=12 3 -3 6 5 9 7 -2 15 -5 -10 -12 -1 -7 -9 16 -8 -17
right_child=1 2 -4 4 -6 13 8 14 10 -11 11 -13 -14 -15 -16 17 -18 -19
leaf_value=38.030171753958598 -3.7348162548030244 -13.393125389902419 0.64186586085096387 -1.0280054562873653 0.35254802130866408 3.5832446227908057 2.273721679951664 -4.866708898609386 2.7226332360540417 -15.238892796358071 0.32253204162930504 -5.0337838792546687 2.1455138985960698 -7.8751882115291219 1.1153187673160452 14.586996103023592 -2.8812818338814155 2.8038922775934663
leaf_weight=482 13463 4032 3192 63235 72149 1130 30867 4704 11976 1292 35464 14076 36998 7628 31021 5717 9782 12592
leaf_count=482 13463 4032 3192 63235 72149 1130 30867 4704 11976 1292 35464 14076 36998 7628 31021 5717 9782 12592
internal_value=1.34039e-05 -8.79942e-05 -0.00202823 -4.35117e-05 -0.00035656 -0.000838738 0.000224833 -0.000439811 0.000496198 -0.000573183 -3.47191e-05 -0.000369004 0.000885406 -0.00279529 0.000230458 0.00105015 0.000624008 0.00199626
internal_weight=359800 322320 7224 315096 145434 73285 169662 49188 120474 64527 61516 49540 37480 8758 35725 58958 40649 18309
internal_count=359800 322320 7224 315096 145434 73285 169662 49188 120474 64527 61516 49540 37480 8758 35725 58958 40649 18309
is_linear=0
shrinkage=0.0229654


Tree=261
num_leaves=19
num_cat=0
split_feature=15 27 24 14 8 27 7 3 3 25 8 22 13 15 17 16 7 13
split_gain=57.8242 60.4 55.4536 57.0978 51.5414 45.6865 45.2098 48.9735 84.9101 56.8831 43.942 43.3173 43.2167 39.8872 38.9666 75.8362 60.7965 44.591
threshold=15.506250000000003 -2.5470424107142846 1.6374999999999997 60.187500000000007 0.13052619222005152 5.5598214285714285 -0.82968937203783699 5.5000000000000009 3.5000000000000004 1.9783854166666668 0.25881904510252057 16.198654513888894 15.331250000000004 19.231250000000006 63.312500000000007 67.062500000000014 0.82968937203783699 14.431250000000002
decision_type=2 2 2 2 2 2 2 2 2 2 2 2 2 2 2 2 2 2
left_child=6 -2 3 4 5 -3 7 8 9 -1 -4 -9 -5 -12 15 17 -16 -8
right_child=1 2 10 12 -6 -7 14 11 -10 -11 13 -13 -14 -15 16 -17 -18 -19
leaf_value=18.586924086284309 -5.79831242127075 -11.859430641010308 -1.3064356875168319 0.50655822756846336 2.9818462694175358 11.587195661347412 -0.13194947384106734 12.494114487000736 -2.7459494005443239 2.825455431306795 -2.45492417228375 -3.1302305026941086 7.7236915192060112 -9.1537665136776756 1.5373501243362433 -3.7119638869285212 -0.9364006671291778 2.1650765307978332
leaf_weight=1210 9845 8850 15192 53445 2612 689 50400 4417 11802 22615 5204 1171 5174 4923 87353 32844 31269 10785
leaf_count=1210 9845 8850 15192 53445 2612 689 50400 4417 11802 22615 5204 1171 5174 4923 87353 32844 31269 10785
internal_value=1.42975e-05 -0.000436398 -0.00026087 6.91201e-05 -0.00136364 -0.00214631 0.000202365 0.000898501 0.000584981 0.00137407 -0.00118324 0.00289739 0.000366113 -0.00235505 6.74434e-05 -0.000281728 0.000344224 0.000196117
internal_weight=359800 105934 96089 70770 12151 9539 253866 41215 35627 23825 25319 5588 58619 10127 212651 94029 118622 61185
internal_count=359800 105934 96089 70770 12151 9539 253866 41215 35627 23825 25319 5588 58619 10127 212651 94029 118622 61185
is_linear=0
shrinkage=0.0229654


Tree=262
num_leaves=19
num_cat=0
split_feature=7 35 0 0 24 35 30 24 23 22 28 9 4 30 0 10 35 24
split_gain=56.1762 55.5046 46.4042 39.8708 37.6838 58.5783 56.0253 73.4237 44.6118 43.8757 43.6339 48.0713 36.2814 44.2502 48.0056 35.0127 34.2102 32.8468
threshold=-0.94490267940017747 42681.500000000007 2.5000000000000004 47.500000000000007 0.62500000000000022 17955.000000000004 314.05625000000003 -2.3249999999999984 -4.3874999999999966 13.965147569444447 -0.48531947261663338 -0.93301270189221908 4.5000000000000009 245.06875000000005 11.500000000000002 -0.9330127018922193 37846.000000000007 -3.5499999999999989
decision_type=2 2 2 2 2 2 2 2 2 2 2 2 2 2 2 2 2 2
left_child=1 -1 -2 4 6 12 7 -4 -7 17 -9 -12 -6 -14 -15 -13 -10 -8
right_child=2 -3 3 -5 5 8 9 10 16 -11 11 15 13 14 -16 -17 -18 -19
leaf_value=1.9364636208924233 2.2060372520364941 19.600373706837896 -4.6658229529841657 -3.0513621777482709 -30.168150473952288 2.7620498938664255 4.3344015259828428 -2.503739353178434 -0.7896135893390851 5.9048820562127426 4.905424691188851 2.6672027403231171 -6.7733072464106261 -7.2024236535437849 13.213012360803283 -0.75487132825884495 -7.7692658343512546 0.52246332709607135
leaf_weight=36504 15000 976 12310 7504 690 4652 10215 13704 92237 1553 4674 7029 3741 724 757 23969 4049 119512
leaf_count=36504 15000 976 12310 7504 690 4652 10215 13704 92237 1553 4674 7029 3741 724 757 23969 4049 119512
internal_value=1.2638e-05 0.000854156 -8.52154e-05 -0.000146093 -0.00010471 -0.000450711 8.68793e-05 -0.000483984 -0.000320576 0.000355117 -8.83714e-05 0.000334773 -0.00267256 -0.0020186 0.00134133 7.40867e-06 -0.000426699 0.000309181
internal_weight=359800 37480 322320 307320 299816 106850 192966 61686 100938 131280 49376 35672 5912 5222 1481 30998 96286 129727
internal_count=359800 37480 322320 307320 299816 106850 192966 61686 100938 131280 49376 35672 5912 5222 1481 30998 96286 129727
is_linear=0
shrinkage=0.0229654


Tree=263
num_leaves=19
num_cat=0
split_feature=37 37 37 35 35 37 0 23 37 35 35 28 30 3 3 13 0 25
split_gain=91.7978 77.3335 49.7536 93.4787 85.8745 82.1271 57.8587 44.4784 41.2328 81.1162 60.3612 43.1758 36.6799 40.9837 44.505 41.9195 36.2945 41.8712
threshold=41859.284942633676 16946.789151764384 24970.052793478826 26282.500000000004 26490.500000000004 27819.434989129277 42.500000000000007 -5.6499999999999968 33793.841047580718 32822.500000000007 31664.000000000004 -2.1595545277507293 1092.6062500000003 5.5000000000000009 3.5000000000000004 8.4812500000000028 30.500000000000004 7.6033854166666668
decision_type=2 2 2 2 2 2 2 2 2 2 2 2 2 2 2 2 2 2
left_child=1 -1 3 7 5 -4 8 -3 10 -10 -6 -11 -13 14 15 -14 17 -16
right_child=-2 2 4 -5 6 -7 -8 -9 9 11 -12 12 13 -15 16 -17 -18 -19
leaf_value=-12.46778166568968 19.910357048623826 2.2575120799144193 1.7969461806416342 -9.4298135810538835 0.74545164352138904 12.581078743009554 -2.4787647392835273 -0.45229075123627327 18.128854902561653 4.7525381509809037 -3.5650113704093402 3.3601467434836536 0.18564958256087924 7.7259900302499389 5.5316919367995085 -13.52726077702653 -11.695905273020911 -28.258291979913121
leaf_weight=2802 1439 7494 32859 7491 53037 6150 18351 162482 4481 12386 20855 9420 13181 1692 1606 643 3098 333
leaf_count=2802 1439 7494 32859 7491 53037 6150 18351 162482 4481 12386 20855 9420 13181 1692 1606 643 3098 333
internal_value=1.23827e-05 -1.08623e-05 1.90862e-05 -0.000253055 0.000290272 0.0012425 2.31994e-05 -0.000142406 0.000205816 0.000738874 -0.000132089 0.000428036 -4.32905e-05 -0.000587181 -0.000894337 -0.000220949 -0.00274244 -0.000278333
internal_weight=359800 358361 355559 177467 178092 39009 139083 169976 120732 46840 73892 42359 29973 20553 18861 13824 5037 1939
internal_count=359800 358361 355559 177467 178092 39009 139083 169976 120732 46840 73892 42359 29973 20553 18861 13824 5037 1939
is_linear=0
shrinkage=0.0229654


Tree=264
num_leaves=19
num_cat=0
split_feature=37 37 21 0 37 3 16 9 21 16 3 8 32 37 0 3 3 3
split_gain=88.3167 74.2112 51.9775 49.2972 46.1164 54.4339 58.1501 45.5664 80.3531 75.7778 71.0496 66.4777 58.2878 43.4332 40.9873 165.344 56.7413 39.5992
threshold=41859.284942633676 19019.042623416553 24.110286458333338 47.500000000000007 16571.864639373602 3.5000000000000004 55.187500000000007 -0.93301270189221908 17.161328125000004 204.81250000000003 1.0000000180025095e-35 0.82968937203783688 119.51875 35846.50295650318 3.5000000000000004 1.0000000180025095e-35 5.5000000000000009 1.5000000000000002
decision_type=2 2 2 2 2 2 2 2 2 2 2 2 2 2 2 2 2 2
left_child=1 4 3 7 -1 6 -6 8 9 11 -11 -3 -12 14 15 -9 -17 -16
right_child=-2 2 -4 -5 5 -7 -8 13 -10 10 12 -13 -14 -15 17 16 -18 -19
leaf_value=-17.398942189211269 19.453107557058726 5.1722357983981642 7.3447362428104963 -2.9892370680308784 -2.6778976521706204 -0.45689021845929995 -30.676537153880691 -7.7312233068690555 12.595701953345898 -29.362525236865487 -6.1789097740131993 -1.7055485807182584 10.796182672131007 2.7676893874897228 0.85809626718456844 4.5488416656665409 -2.0702212827907225 -0.76481179020162282
leaf_weight=1402 1439 9048 1296 7466 7741 19743 819 2858 1772 927 3492 3262 1380 29818 71101 14742 2726 178768
leaf_count=1402 1439 9048 1296 7466 7741 19743 819 2858 1772 927 3492 3262 1380 29818 71101 14742 2726 178768
internal_value=1.14891e-05 -1.13109e-05 8.80447e-05 6.98728e-05 -0.00111058 -0.000909188 -0.00243873 0.000112927 0.00117767 0.000720958 -0.00144351 0.0017406 -0.000334677 4.23693e-05 -4.9425e-05 0.000942298 0.00178012 -0.000130098
internal_weight=359800 358361 328656 327360 29705 28303 8560 319894 19881 18109 5799 12310 4872 300013 270195 20326 17468 249869
internal_count=359800 358361 328656 327360 29705 28303 8560 319894 19881 18109 5799 12310 4872 300013 270195 20326 17468 249869
is_linear=0
shrinkage=0.0229654


Tree=265
num_leaves=19
num_cat=0
split_feature=37 37 15 11 26 11 24 14 4 31 37 15 0 31 0 11 12 27
split_gain=86.3263 72.4235 51.8337 75.6792 60.0135 54.6861 69.8286 71.0197 50.8005 43.1574 39.5828 53.1322 49.7939 34.7114 32.3435 31.4639 30.0266 29.8211
threshold=41859.284942633676 16946.789151764384 8.7437500000000021 36.000000000000007 14.204557291666669 1.0000000180025095e-35 1.8125000000000009 86.937500000000014 4.5000000000000009 209.90000000000001 23010.499539348642 23.581250000000008 43.500000000000007 28.743750000000006 31.500000000000004 132.00000000000003 5.7062500000000016 -2.4658296130952375
decision_type=2 2 2 2 2 2 2 2 2 2 2 2 2 2 2 2 2 2
left_child=1 -1 3 4 -3 6 7 8 -4 10 11 17 -12 -6 -2 -5 -17 -7
right_child=14 2 5 15 13 9 -8 -9 -10 -11 12 -13 -14 -15 -16 16 -18 -19
leaf_value=-11.997327081759034 -9.8408893027694671 4.8606924072327393 1.2819332276528879 0.86761671398389117 -6.0490001063123282 -1.977111521540543 -7.7134855135009808 5.7385595319770086 -3.8050269218836132 3.7019584313629292 0.85277837549280733 -9.0794273320209271 -2.0329002335958117 0.76260912308089024 20.169149631594209 -4.9690793333688035 0.11402616681248011 -0.18956435170473307
leaf_weight=2802 130 14605 8473 39433 974 18848 6322 3038 14804 8921 136565 4235 18591 6385 1309 8249 15383 50733
leaf_count=2802 130 14605 8473 39433 974 18848 6322 3038 14804 8921 136565 4235 18591 6385 1309 8249 15383 50733
internal_value=1.19997e-05 -1.05419e-05 1.84403e-05 0.000513034 0.00167399 -0.000137013 -0.00101855 -0.000497882 -0.000928897 -1.60734e-05 -7.71291e-05 -0.000514899 0.000131141 -1.7164e-05 0.00562565 0.0001087 -0.000553922 -0.000362893
internal_weight=359800 358361 355559 85029 21964 270530 32637 26315 23277 237893 228972 73816 155156 7359 1439 63065 23632 69581
internal_count=359800 358361 355559 85029 21964 270530 32637 26315 23277 237893 228972 73816 155156 7359 1439 63065 23632 69581
is_linear=0
shrinkage=0.0229654


Tree=266
num_leaves=19
num_cat=0
split_feature=15 6 8 29 17 23 15 11 18 22 30 25 30 21 11 15 25 0
split_gain=54.6059 52.006 48.6743 50.1179 47.7683 76.6923 65.3551 44.0796 54.3501 60.1761 51.6701 41.8893 41.8117 41.719 41.5077 71.1768 47.1732 41.2969
threshold=20.681250000000006 1.0000000180025095e-35 0.19467261866128602 135.06875000000005 85.937500000000014 -0.49999999999999978 14.231250000000003 132.00000000000003 0.32562500000000011 5.4255642361111116 365.65625000000006 1.0000000180025095e-35 961.20625000000018 24.110286458333338 1.0000000180025095e-35 11.943750000000003 14.583072916666669 19.500000000000004
decision_type=2 2 2 2 2 2 2 2 2 2 2 2 2 2 2 2 2 2
left_child=1 4 3 -3 11 6 -6 8 -2 -10 -11 -1 17 14 15 16 -13 -5
right_child=7 2 -4 12 5 -7 -8 -9 9 10 -12 13 -14 -15 -16 -17 -18 -19
leaf_value=7.5185226972924895 -6.5259514458655863 -21.43653047827393 0.38914902178991589 -13.597218433515213 0.57484342829812318 3.3323596434063409 -4.4259058684973533 2.8065493364532053 -18.160463994650165 -10.202843034416251 5.8759530295869187 2.0271434096235219 -18.229274276654245 6.6630019038078236 0.0090431351044475746 -6.3594328824971909 -2.7862580236533776 9.5630522013373529
leaf_weight=2906 17933 1003 3361 481 27255 62939 10439 7505 1000 1273 7107 8521 1566 1299 189755 9300 5110 1047
leaf_count=2906 17933 1003 3361 481 27255 62939 10439 7505 1000 1273 7107 8521 1566 1299 189755 9300 5110 1047
internal_value=1.08508e-05 0.000103456 -0.00179215 -0.00347256 0.00014798 0.00056151 -0.000257717 -0.000853502 -0.00128184 0.000134659 0.000770081 -4.38892e-05 -0.00202636 -8.10822e-05 -0.000106142 -0.00102904 2.77991e-05 0.000676337
internal_weight=359800 324982 7458 4097 317524 100633 37694 34818 27313 9380 8380 216891 3094 213985 212686 22931 13631 1528
internal_count=359800 324982 7458 4097 317524 100633 37694 34818 27313 9380 8380 216891 3094 213985 212686 22931 13631 1528
is_linear=0
shrinkage=0.0229654


Tree=267
num_leaves=19
num_cat=0
split_feature=7 6 14 1 14 23 35 0 11 8 26 3 0 15 8 3 13 36
split_gain=53.2532 60.5047 55.7259 79.1874 74.269 67.2119 77.196 67.6739 66.8787 59.7943 57.559 51.2984 53.7587 48.7868 48.2473 47.6925 45.2857 44.1238
threshold=0.65793410509763428 1.0000000180025095e-35 54.312500000000007 20.500000000000004 76.687500000000014 -2.2499999999999982 28882.500000000004 21.500000000000004 84.000000000000014 0.065263096110025676 18.246484375000005 1.0000000180025095e-35 18.500000000000004 7.6812500000000012 -0.32075123873380501 1.5000000000000002 14.056250000000004 32394.000000000004
decision_type=2 2 2 2 2 2 2 2 2 2 2 2 2 2 2 2 2 2
left_child=2 13 9 4 14 16 7 11 -9 -1 17 12 -7 -2 -4 -3 -6 -5
right_child=1 15 3 10 5 6 -8 8 -10 -11 -12 -13 -14 -15 -16 -17 -18 -19
leaf_value=-5.4653506472325812 0.83934133034288627 -2.3582432381901546 -1.6628112998229259 -1.1833008230372097 -1.566436876633583 -8.7960750325654509 2.2359247822011183 19.223310783802894 8.4810480404363062 1.5473917726827255 3.0694876726891351 4.73669288174424 8.4513369967613254 -1.3796161523755082 1.369046668857697 -19.455871726972667 3.7082586382811384 -10.416249732212565
leaf_weight=19969 24001 1248 55465 37376 14317 1959 48160 4581 5483 8697 3702 16152 1427 71263 40043 936 2640 2381
leaf_count=19969 24001 1248 55465 37376 14317 1959 48160 4581 5483 8697 3702 16152 1427 71263 40043 936 2640 2381
internal_value=1.06593e-05 -0.00044777 0.000180938 0.000298165 0.00050023 0.000955892 0.00124157 0.0021645 0.00369446 -0.0007747 -0.000586303 0.00137642 -0.00119371 -0.000361125 4.83315e-05 -0.00422715 -0.000354158 -0.000841339
internal_weight=359800 97448 262352 233686 190227 94719 77762 29602 10064 28666 43459 19538 3386 95264 95508 2184 16957 39757
internal_count=359800 97448 262352 233686 190227 94719 77762 29602 10064 28666 43459 19538 3386 95264 95508 2184 16957 39757
is_linear=0
shrinkage=0.0229654


Tree=268
num_leaves=19
num_cat=0
split_feature=37 37 6 8 29 8 37 35 36 36 4 26 14 35 21 9 31 14
split_gain=83.4527 67.6185 45.678 53.5303 47.9732 46.0239 39.8224 77.7263 63.6322 44.6382 53.612 58.8696 45.738 42.1793 42.0801 39.2453 66.9794 50.1668
threshold=41859.284942633676 16946.789151764384 1.0000000180025095e-35 0.065263096110025676 135.06875000000005 0.99572243068690536 20167.682146005318 21001.500000000004 19178.500000000004 20345.500000000004 6.5000000000000009 17.264453125000006 79.187500000000014 17704.500000000004 24.110286458333338 -0.93301270189221908 97.143750000000026 83.312500000000014
decision_type=2 2 2 2 2 2 2 2 2 2 2 2 2 2 2 2 2 2
left_child=1 -1 5 4 -4 6 7 9 -8 10 11 12 -3 -12 15 16 17 -10
right_child=-2 2 3 -5 -6 -7 8 -9 14 -11 13 -13 -14 -15 -16 -17 -18 -19
leaf_value=-11.534517597932377 18.483730463623917 4.5122838485293508 -23.176075168146486 0.46394183899607616 -8.9850184175501706 -2.8887391620559084 5.8752986244581047 -6.2740162169509714 0.13384309981441045 -3.6973720723496108 -5.7209734813818516 6.5117064786009395 -0.9226078486787096 -0.077432676286083621 8.3959249500889737 0.14823763414079053 15.386711362255552 5.6613486612189048
leaf_weight=2802 1439 4895 899 3786 3218 7304 6807 7913 11660 7318 3549 2911 7735 14562 1023 266995 1145 3839
leaf_count=2802 1439 4895 899 3786 3218 7304 6807 7913 11660 7318 3549 2911 7735 14562 1023 266995 1145 3839
internal_value=1.04678e-05 -1.16954e-05 1.63089e-05 -0.00171013 -0.00352263 5.55547e-05 9.42632e-05 -0.000512321 0.000195995 -0.000109866 0.00024363 0.00123317 0.000554588 -0.000605487 0.000143523 0.000126754 0.00120871 0.000812732
internal_weight=359800 358361 355559 7903 4117 347656 340352 48883 291469 40970 33652 15541 12630 18111 284662 283639 16644 15499
internal_count=359800 358361 355559 7903 4117 347656 340352 48883 291469 40970 33652 15541 12630 18111 284662 283639 16644 15499
is_linear=0
shrinkage=0.0229654


Tree=269
num_leaves=19
num_cat=0
split_feature=37 37 3 24 13 14 0 9 31 36 9 14 13 3 0 11 0 35
split_gain=79.6214 65.8077 52.2765 43.4363 48.5621 49.1989 47.3892 44.4252 65.0232 50.4974 48.295 55.3228 56.614 42.1951 50.497 38.1386 37.6549 41.5299
threshold=41859.284942633676 17921.267400100896 3.5000000000000004 4.9062500000000009 26.381250000000005 54.312500000000007 36.500000000000007 -0.93301270189221908 94.631250000000009 30610.500000000004 -0.6830127018922193 87.187500000000014 16.168750000000006 5.5000000000000009 14.500000000000002 108.00000000000001 19.500000000000004 21182.500000000004
decision_type=2 2 2 2 2 2 2 2 2 2 2 2 2 2 2 2 2 2
left_child=1 2 -1 4 5 6 -3 8 9 13 11 12 -9 16 -15 -5 -7 -18
right_child=-2 3 -4 15 -6 7 -8 10 -10 -11 -12 -13 -14 14 -16 -17 17 -19
leaf_value=-13.269670712743629 18.059244034973876 -5.831632375759356 -2.5139022989281177 -8.4030519581571106 9.1970608418703481 2.2649584593498497 1.020171427035883 -3.7291381592013613 9.4889619089624002 14.80385009357958 0.4304020880587735 1.7771544182553687 1.6495040704728803 -4.2266285659393823 17.159350349075744 0.04027679133796408 -15.66454026864149 -0.85186765235309958
leaf_weight=1157 1439 16126 10119 3485 1791 6800 8017 25883 1956 409 251872 8796 6636 544 1750 3256 621 9143
leaf_count=1157 1439 16126 10119 3485 1791 6800 8017 25883 1956 409 251872 8796 6636 544 1750 3256 621 9143
internal_value=1.09785e-05 -1.06701e-05 -0.00173727 4.54233e-05 8.15798e-05 6.16272e-05 -0.000937432 0.000138343 0.00115298 0.000747952 6.48966e-05 -0.000662865 -0.00109993 0.000574805 0.00349387 -0.00178007 0.000170535 -0.000743248
internal_weight=359800 358361 11276 347085 340344 338553 24143 314410 21223 19267 293187 41315 32519 18858 2294 6741 16564 9764
internal_count=359800 358361 11276 347085 340344 338553 24143 314410 21223 19267 293187 41315 32519 18858 2294 6741 16564 9764
is_linear=0
shrinkage=0.0229654


Tree=270
num_leaves=19
num_cat=0
split_feature=7 3 7 14 0 8 14 3 36 23 3 25 3 35 4 4 13 4
split_gain=50.9368 57.5161 113.73 83.6265 103.266 84.0368 58.0489 54.2297 42.1581 51.4831 54.8368 48.8476 43.4046 64.618 59.1302 40.4168 51.8985 51.3826
threshold=0.55438071450436044 5.5000000000000009 0.065263096110025662 59.437500000000007 40.500000000000007 0.065263096110025676 76.437500000000014 5.5000000000000009 34381.500000000007 -2.5999999999999979 1.0000000180025095e-35 4.2148437500000009 3.5000000000000004 33243.500000000007 2.5000000000000004 8.5000000000000018 10.656250000000004 7.5000000000000009
decision_type=2 2 2 2 2 2 2 2 2 2 2 2 2 2 2 2 2 2
left_child=1 3 15 5 6 -1 -5 -2 9 10 -8 -10 -13 14 -14 17 -17 -3
right_child=7 2 -4 4 -6 -7 8 -9 11 -11 -12 12 13 -15 -16 16 -18 -19
leaf_value=-6.0709256171039545 -0.37400961485282758 4.5511461754001177 -2.7448257331562944 0.26619698296698269 -1.2854922782752694 1.1735038735556196 -7.129082472623554 -3.1055257645644652 7.4047469046428214 5.7625451718992222 1.0857923622797911 1.1693862784640969 -31.108514220153772 -10.06121975536205 20.901339797969531 5.1528774894457854 18.079937544170118 -5.9153348341415422
leaf_weight=27104 96480 17752 8552 59381 46028 12517 1478 15960 4767 35664 7181 13861 149 3710 416 4949 2051 1800
leaf_count=27104 96480 17752 8552 59381 46028 12517 1478 15960 4767 35664 7181 13861 149 3710 416 4949 2051 1800
internal_value=9.2551e-06 0.000193483 0.00105459 5.10689e-05 0.00026945 -0.000900451 0.000608114 -0.000396033 0.00107028 0.00148369 -0.000104762 0.000270234 -0.000273518 -0.00229654 0.00493858 0.00179644 0.0032939 0.00126033
internal_weight=359800 247360 35104 212256 172635 39621 126607 112440 67226 44323 8659 22903 18136 4275 565 26552 7000 19552
internal_count=359800 247360 35104 212256 172635 39621 126607 112440 67226 44323 8659 22903 18136 4275 565 26552 7000 19552
is_linear=0
shrinkage=0.0229654


Tree=271
num_leaves=19
num_cat=0
split_feature=15 4 26 7 17 23 1 36 36 9 26 14 7 9 8 36 26 1
split_gain=51.4489 56.3009 63.8311 44.4833 61.5705 47.3352 39.5912 39.5787 41.6866 49.1251 41.8316 38.6944 48.1729 37.6896 36.8112 41.5959 46.0997 35.4769
threshold=17.306250000000002 1.5000000000000002 7.6691406250000007 0.44134171618254497 97.562500000000014 4.5875000000000021 20.500000000000004 17234.500000000004 22096.500000000004 0.68301270189221941 19.322005208333337 49.312500000000007 0.55438071450436044 -0.93301270189221908 0.99572243068690536 25267.500000000004 5.274869791666668 19.500000000000004
decision_type=2 2 2 2 2 2 2 2 2 2 2 2 2 2 2 2 2 2
left_child=3 2 -2 4 5 14 11 -5 9 10 -9 -3 -13 -14 15 -1 -17 -6
right_child=1 6 -4 7 17 -7 -8 8 -10 -11 -12 12 13 -15 -16 16 -18 -19
leaf_value=2.1136590966906152 -4.8900833292608263 -11.267090432935271 9.0477427936583528 -3.5687387626349563 6.9259680363650435 -3.1264041122375268 -6.7206828361898987 -0.33557585534203604 -1.3526922261830094 3.7011217668176721 3.1519259134937361 -0.37743216401934515 6.1375030381853852 -5.5693019740967822 -2.1836708404041736 3.5800078708733336 -0.34340912596516776 -0.14257914243350342
leaf_weight=47902 3685 2403 8137 4719 14568 21226 6060 35702 54011 8707 4701 42875 745 12744 5772 19402 61470 4971
leaf_count=47902 3685 2403 8137 4719 14568 21226 6060 35702 54011 8707 4701 42875 745 12744 5772 19402 61470 4971
internal_value=1.05317e-05 -0.00051729 0.000940218 0.000153413 0.000379174 0.000226747 -0.000783085 -0.000213597 -0.00011948 0.000364753 2.75678e-05 -0.000600836 -0.000479159 -0.00167614 0.000385755 0.000466178 0.000148518 0.00159438
internal_weight=359800 76649 11822 283151 175311 155772 64827 107840 103121 49110 40403 58767 56364 13489 134546 128774 80872 19539
internal_count=359800 76649 11822 283151 175311 155772 64827 107840 103121 49110 40403 58767 56364 13489 134546 128774 80872 19539
is_linear=0
shrinkage=0.0229654


Tree=272
num_leaves=19
num_cat=0
split_feature=37 37 6 23 24 13 11 37 35 36 14 3 13 3 0 36 35 30
split_gain=73.3833 64.0578 46.9151 49.2226 42.8484 51.2447 39.0747 37.6062 94.3086 83.8961 56.2604 47.4897 73.0682 61.7735 76.6791 42.1182 38.3358 44.9994
threshold=40097.014493550079 16571.864639373602 1.0000000180025095e-35 -1.3624999999999989 4.5500000000000043 26.381250000000005 108.00000000000001 22689.98080292749 24380.000000000004 20095.500000000004 68.312500000000014 5.5000000000000009 1.0062500000000003 4.5000000000000009 7.5000000000000009 26113.500000000004 21182.500000000004 258.41875000000005
decision_type=2 2 2 2 2 2 2 2 2 2 2 2 2 2 2 2 2 2
left_child=1 -1 4 -4 5 7 -6 8 15 -9 -10 13 -13 -11 -15 16 17 -3
right_child=-2 2 3 -5 6 -7 -8 9 10 11 -12 12 -14 14 -16 -17 -18 -19
leaf_value=-16.002055521843008 7.837103702446921 -0.53677137809781028 1.494909449616544 -9.0665257562609831 -7.2288743838392957 9.5400921346001955 0.17486047389103293 11.671040402657621 -20.762518661463375 0.53890657061944147 -2.7759245749784394 -2.9565250223814008 4.6968476767229941 5.6225909547421669 -3.4104237764864402 -13.80802410863078 -1.5125287263465488 1.6927023705245074
leaf_weight=1402 5662 34972 2394 5612 4607 1767 4170 2857 2288 172270 2650 5915 18771 2467 24315 1276 35213 31192
leaf_count=1402 5662 34972 2394 5612 4607 1767 4170 2857 2288 172270 2650 5915 18771 2467 24315 1276 35213 31192
internal_value=1.01487e-05 -3.13219e-05 -1.18494e-05 -0.0017498 2.85127e-05 6.98971e-05 -0.00155554 4.92726e-05 -0.000304274 0.000217142 -0.00340435 0.000167207 0.00111729 4.938e-05 -0.000976686 -0.000155149 -0.00010296 0.000222837
internal_weight=359800 354138 352736 8006 344730 335953 8777 334186 107591 226595 4938 223738 24686 199052 26782 102653 101377 66164
internal_count=359800 354138 352736 8006 344730 335953 8777 334186 107591 226595 4938 223738 24686 199052 26782 102653 101377 66164
is_linear=0
shrinkage=0.0229654


Tree=273
num_leaves=19
num_cat=0
split_feature=37 37 15 11 7 26 11 16 9 9 11 18 15 1 26 6 37 15
split_gain=72.7237 63.7486 46.134 70.8093 62.5684 57.726 41.4289 72.8547 41.9609 41.1455 39.4027 33.0294 31.8038 30.102 44.7126 33.1807 29.9322 34.7688
threshold=41859.284942633676 16571.864639373602 8.7437500000000021 36.000000000000007 0.82968937203783699 14.204557291666669 1.0000000180025095e-35 179.93750000000003 0.93301270189221952 -0.24999999999999994 108.00000000000001 0.46375000000000011 15.581250000000004 20.500000000000004 18.144401041666672 1.0000000180025095e-35 21915.138123433535 22.243750000000006
decision_type=2 2 2 2 2 2 2 2 2 2 2 2 2 2 2 2 2 2
left_child=1 -1 3 5 6 -3 7 9 13 -4 -6 -10 -11 15 -15 16 17 -8
right_child=-2 2 4 -5 10 -7 8 -9 11 12 -12 -13 -14 14 -16 -17 -18 -19
leaf_value=-15.634561773062424 17.303873473255308 4.6442302345150441 -3.1631900118741818 0.16059797525492861 -2.7856773830251136 -0.087083229463622069 0.10638029853506956 -9.4131130996982346 -3.4953301330055435 3.0867653378853195 -0.10534396690656307 11.929130628996809 -2.7515934217826317 -1.5578805324376157 3.5986564209047027 -4.4845978136723108 1.8228387084316711 -9.0637926234331125
leaf_weight=1402 1439 14611 6438 63201 27646 7398 32778 7826 19292 8817 16304 764 4520 24518 2942 3687 113381 2836
leaf_count=1402 1439 14611 6438 63201 27646 7398 32778 7826 19292 8817 16304 764 4520 24518 2942 3687 113381 2836
internal_value=1.0404e-05 -1.02856e-05 8.91057e-06 0.000475156 -0.000137286 0.00159701 1.57774e-05 -0.000818321 0.000130773 -7.60675e-05 -0.000930635 -0.000865669 0.000651751 0.000241712 -0.000458305 0.00036761 0.000420867 -0.000159921
internal_weight=359800 358361 356959 85210 271749 22009 227799 27601 200198 19775 43950 20056 13337 180142 27460 152682 148995 35614
internal_count=359800 358361 356959 85210 271749 22009 227799 27601 200198 19775 43950 20056 13337 180142 27460 152682 148995 35614
is_linear=0
shrinkage=0.0229654


Tree=274
num_leaves=19
num_cat=0
split_feature=37 37 6 8 29 13 15 11 13 17 23 15 28 4 29 4 7 14
split_gain=69.636 59.943 45.6395 53.4973 54.1355 46.2659 45.0105 39.2446 46.4535 38.3328 76.2572 58.6856 41.982 44.0698 81.8092 43.577 41.771 55.18
threshold=41859.284942633676 16571.864639373602 1.0000000180025095e-35 -0.065263096110025884 133.06875000000005 7.7562500000000023 20.681250000000006 132.00000000000003 -0.56874999999999976 82.187500000000014 -0.62499999999999956 14.606250000000003 -4.2968679950186788 2.5000000000000004 350.1062500000001 9.5000000000000018 0.75023006073889154 75.062500000000014
decision_type=2 2 2 2 2 2 2 2 2 2 2 2 2 2 2 2 2 2
left_child=1 -1 6 4 -4 -6 9 8 -8 12 11 -11 15 14 -14 -3 17 -12
right_child=-2 2 3 -5 5 -7 7 -9 -10 10 16 -13 13 -15 -16 -17 -18 -19
leaf_value=-15.275507668501842 16.906482942868085 5.3990855516402814 -24.593625591619325 0.24955746592280584 -15.185343738668168 8.5025477659817135 3.5039863041364363 2.9270885934899966 -5.2866978376660434 0.29545395938569396 0.69422907576047865 -4.5562138983408333 -10.441973238358628 -0.046517862212663866 -1.6969067792056589 -1.5188897933084846 -0.46991265277121769 5.538672851519812
leaf_weight=1402 1439 7810 864 4151 2086 905 5027 7338 21542 30863 20370 10026 2803 168444 16934 4750 14960 38086
leaf_count=1402 1439 7810 864 4151 2086 905 5027 7338 21542 30863 20370 10026 2803 168444 16934 4750 14960 38086
internal_value=9.2551e-06 -1.09905e-05 7.62385e-06 -0.00170677 -0.00365481 -0.00219212 4.69571e-05 -0.000748084 -0.00115869 0.000132524 0.000468229 -0.000326601 -5.86316e-05 -0.000144433 -0.00117113 0.00122689 0.000910909 0.00118803
internal_weight=359800 358361 356959 8006 3855 2991 348953 33907 26569 315046 114305 40889 200741 188181 19737 12560 73416 58456
internal_count=359800 358361 356959 8006 3855 2991 348953 33907 26569 315046 114305 40889 200741 188181 19737 12560 73416 58456
is_linear=0
shrinkage=0.0229654


Tree=275
num_leaves=19
num_cat=0
split_feature=37 37 7 3 7 6 3 3 16 8 17 8 36 3 3 7 7 3
split_gain=68.7466 57.472 40.6017 62.8263 117.644 60.0348 53.8337 49.1363 46.9544 45.2669 45.6891 45.3051 69.2542 99.2903 69.0467 69.4133 52.6347 49.9925
threshold=41859.284942633676 16946.789151764384 0.55438071450436044 5.5000000000000009 0.065263096110025662 1.0000000180025095e-35 1.5000000000000002 5.5000000000000009 5.6875000000000009 0.99572243068690536 95.312500000000014 -0.065263096110025884 25441.500000000004 3.5000000000000004 1.0000000180025095e-35 0.13052619222005141 -0.55438071450436044 4.5000000000000009
decision_type=2 2 2 2 2 2 2 2 2 2 2 2 2 2 2 2 2 2
left_child=1 -1 3 9 -5 7 8 -4 -7 10 11 17 14 16 15 -13 -14 -3
right_child=-2 2 5 4 -6 6 -8 -9 -10 -11 -12 12 13 -15 -16 -17 -18 -19
leaf_value=-10.483810840034728 16.518218648516115 -0.80665329468701008 -0.14256698055865616 5.098571535860958 -2.7344951685366401 4.1049417212375401 -17.184911097929152 -2.7497037821186874 -14.272825751396338 -3.3585144927285668 2.544050553006064 3.0398829110957908 2.0133723571262991 -3.7639415611352742 2.7340035054653118 -5.879339487085196 -1.8556722076096739 -7.083505259841977
leaf_weight=2802 1439 69344 93832 25532 8437 764 1080 15295 580 6432 37277 1998 26346 14891 26860 3302 10110 13479
leaf_count=2802 1439 69344 93832 25532 8437 764 1080 15295 580 6432 37277 1998 26346 14891 26860 3302 10110 13479
internal_value=9.63807e-06 -1.04778e-05 1.534e-05 0.00018127 0.0010976 -0.000347618 -0.00392231 -0.000268214 -0.000854368 3.3075e-05 9.29977e-05 -6.98641e-05 0.000307601 -0.000215802 0.00114327 -0.00125226 0.000429625 -0.000450446
internal_weight=359800 358361 355559 244008 33969 111551 2424 109127 1344 210039 203607 166330 83507 51347 32160 5300 36456 82823
internal_count=359800 358361 355559 244008 33969 111551 2424 109127 1344 210039 203607 166330 83507 51347 32160 5300 36456 82823
is_linear=0
shrinkage=0.0229654


Tree=276
num_leaves=19
num_cat=0
split_feature=37 37 6 8 29 13 15 33 14 28 31 17 8 14 28 4 29 4
split_gain=68.3128 56.2828 43.8185 51.1604 52.1917 46.7597 43.6889 41.3547 51.0931 38.3156 37.4656 38.3672 69.7873 76.0348 41.2563 47.2779 68.9131 44.0896
threshold=41859.284942633676 16571.864639373602 1.0000000180025095e-35 -0.065263096110025884 135.06875000000005 7.6812500000000012 20.681250000000006 0.17013888888888892 58.062500000000007 3.9125000000000014 455.66250000000008 76.812500000000014 -0.65793410509763406 74.562500000000014 -4.2968679950186788 2.5000000000000004 350.1062500000001 9.5000000000000018
decision_type=2 2 2 2 2 2 2 2 2 2 2 2 2 2 2 2 2 2
left_child=1 -1 6 4 -4 -6 10 8 9 -8 11 14 13 -13 17 16 -16 -3
right_child=-2 2 3 -5 5 -7 7 -9 -10 -11 -12 12 -14 -15 15 -17 -18 -19
leaf_value=-14.683934385193728 16.138871002456835 5.3437145621803346 -23.700663751846893 0.22772147975763923 -14.873868768323875 8.5849283814865469 -15.562866649208644 -6.9213632490929715 0.35566722350050983 19.26093362457781 11.88268109387799 -0.78989930954995036 0.20607698426844753 7.6888746399141068 -11.060742684239113 -0.1256923131263005 -2.1660216160814341 -1.6352004804500329
leaf_weight=1402 1439 7261 885 4151 2064 906 2732 8527 22490 158 546 12971 97015 24325 2328 151478 14609 4513
leaf_count=1402 1439 7261 885 4151 2064 906 2732 8527 22490 158 546 12971 97015 24325 2328 151478 14609 4513
internal_value=9.51041e-06 -1.05419e-05 7.49517e-06 -0.00167235 -0.00357736 -0.00211869 4.60357e-05 -0.000737247 -0.000272364 -0.00314682 0.000130337 0.000119902 0.000413703 0.001258 -9.90938e-05 -0.000190975 -0.00134169 0.00121517
internal_weight=359800 358361 356959 8006 3855 2970 348953 33907 25380 2890 315046 314500 134311 37296 180189 168415 16937 11774
internal_count=359800 358361 356959 8006 3855 2970 348953 33907 25380 2890 315046 314500 134311 37296 180189 168415 16937 11774
is_linear=0
shrinkage=0.0229654


Tree=277
num_leaves=19
num_cat=0
split_feature=7 17 14 8 11 35 21 35 8 11 26 29 10 14 10 16 35 3
split_gain=44.3718 55.9172 55.9776 107.056 85.7861 88.0629 58.0104 55.3416 54.8172 71.9326 66.7068 67.8429 52.373 45.9872 42.4222 41.2881 66.0074 39.9152
threshold=0.65793410509763428 71.562500000000014 76.687500000000014 0.19467261866128602 84.000000000000014 28609.000000000004 6.0920572916666682 37664.500000000007 -0.19467261866128607 108.00000000000001 18.441536458333335 106.89375000000001 -0.68301270189221952 76.187500000000014 0.93301270189221952 670.31250000000011 23876.500000000004 1.5000000000000002
decision_type=2 2 2 2 2 2 2 2 2 2 2 2 2 2 2 2 2 2
left_child=1 8 -3 4 5 -4 7 -7 9 15 11 -10 -12 -13 -15 16 -1 -2
right_child=17 2 3 -5 -6 6 -8 -9 10 -11 12 13 -14 14 -16 -17 -18 -19
leaf_value=0.46063198890410761 0.65168479219441144 -0.25211966327769841 20.104487466367114 0.1435292659245152 2.7025507274710203 23.916596731357281 2.8115267556258177 4.851523793569239 -1.7078423192487338 1.270305184198592 4.6737799219086833 2.4404652483756948 -2.2120138710145714 -1.1147250899448755 6.3200117537002045 -13.502229382957696 -7.5047856844481995 -1.2779708547549498
leaf_weight=12366 27872 52895 4737 40408 18874 2342 9670 2519 21542 22972 8089 20811 1944 20107 2244 2905 17927 69576
leaf_count=12366 27872 52895 4737 40408 18874 2342 9670 2519 21542 22972 8089 20811 1944 20107 2244 2905 17927 69576
internal_value=9.57424e-06 0.000165007 0.000499597 0.000888503 0.00176115 0.00283909 0.00195264 0.00399922 -0.000170959 -0.000713044 0.000236454 -3.37184e-05 0.00197883 0.000491637 -0.000231699 -0.00139669 -0.00114588 -0.000408885
internal_weight=359800 262352 131445 78550 38142 19268 14531 4861 130907 56170 74737 64704 10033 43162 22351 33198 30293 97448
internal_count=359800 262352 131445 78550 38142 19268 14531 4861 130907 56170 74737 64704 10033 43162 22351 33198 30293 97448
is_linear=0
shrinkage=0.0229654


Tree=278
num_leaves=19
num_cat=0
split_feature=37 37 33 15 11 26 7 14 9 6 26 11 36 37 16 15 37 28
split_gain=67.534 53.4465 42.8387 53.1053 56.7771 57.0383 49.9275 43.0887 46.3997 43.2784 42.947 47.9368 57.7488 67.0256 50.977 35.8926 34.7427 34.3972
threshold=40097.014493550079 16571.864639373602 0.98958333333333348 8.7437500000000021 36.000000000000007 14.204557291666669 0.82968937203783699 86.687500000000014 -0.6830127018922193 1.0000000180025095e-35 5.274869791666668 1.0000000180025095e-35 31796.500000000004 31602.531406432692 174.43750000000003 22.243750000000006 26868.08036656753 4.8355303970223344
decision_type=2 2 2 2 2 2 2 2 2 2 2 2 2 2 2 2 2 2
left_child=1 -1 3 4 5 -3 10 8 -8 -10 -5 14 13 15 -12 17 -14 -13
right_child=-2 2 -4 6 -6 -7 7 -9 9 -11 11 12 16 -15 -16 -17 -18 -19
leaf_value=-14.192269233630679 7.16951875136012 4.5864238787590743 -4.9532377232439204 3.0180209229867256 0.3265658478120011 -0.076564324561346611 -7.3901122457854145 -0.1951879793661043 -1.7743441703377516 -14.108795652782373 -0.67735436698923668 0.38360519336158583 -28.17954744629829 9.9703864067799888 -8.794611751302627 -3.2966524593011171 -2.5309561914594743 3.7171832287785129
leaf_weight=1402 5662 13787 6711 21947 58872 7398 4345 21046 17344 489 16876 118489 387 4202 7780 12549 31850 8664
leaf_count=1402 5662 13787 6711 21947 58872 7398 4345 21046 17344 489 16876 118489 387 4202 7780 12549 31850 8664
internal_value=1.02125e-05 -2.9571e-05 -1.17843e-05 2.34615e-05 0.000542028 0.00156156 -0.000132628 -0.000846911 -0.00155326 -0.00103475 5.97993e-06 -9.94458e-05 3.33123e-05 0.000230126 -0.00104786 0.000144169 -0.000845254 0.000259811
internal_weight=359800 354138 352736 346025 80057 21185 265968 43224 22178 17833 222744 200797 176141 143904 24656 139702 32237 127153
internal_count=359800 354138 352736 346025 80057 21185 265968 43224 22178 17833 222744 200797 176141 143904 24656 139702 32237 127153
is_linear=0
shrinkage=0.0229654


Tree=279
num_leaves=19
num_cat=0
split_feature=37 37 36 36 8 21 15 11 15 11 24 14 37 35 35 14 5 36
split_gain=65.7061 51.6684 69.67 64.5535 39.657 37.2624 36.9336 40.9879 35.1882 44.7735 43.3709 42.0967 36.6781 77.0946 73.9035 40.4065 40.0607 36.8349
threshold=41859.284942633676 19228.289749810432 21191.500000000004 19397.500000000004 0.99572243068690536 24.110286458333338 15.581250000000004 60.000000000000007 6.8437500000000018 108.00000000000001 -1.2749999999999988 84.937500000000014 23167.259587382465 24939.500000000004 23300.500000000004 64.812500000000014 1.0000000180025095e-35 27016.500000000004
decision_type=2 2 2 2 2 2 2 2 2 2 2 2 2 2 2 2 2 2
left_child=1 2 6 -3 5 8 -1 -8 9 10 11 -5 13 17 16 -15 -14 -10
right_child=-2 3 -4 4 -6 -7 7 -9 12 -11 -12 -13 14 15 -16 -17 -18 -19
leaf_value=-0.21559565808739684 15.5649035187663 3.5386121797907149 -20.540294379112481 12.326486650955395 -2.7557176829754759 8.1556825807303799 -10.894576108092172 -2.1465694447593187 -0.54597759296210346 -0.71186091423338194 1.2023558072876397 2.7148641734449486 3.1951012310552742 -23.765025275349092 -0.095787217338473146 -5.7878705411583535 15.28001196792553 -22.506853333406617
leaf_weight=24192 1439 14927 1854 2266 7272 1017 2830 5133 62759 12293 15036 3132 16173 1465 183005 2483 1714 810
leaf_count=24192 1439 14927 1854 2266 7272 1017 2830 5133 62759 12293 15036 3132 16173 1465 183005 2483 1714 810
internal_value=9.95721e-06 -9.70881e-06 -0.000861313 7.95837e-05 8.42393e-06 4.87578e-05 -0.000611721 -0.00196834 3.39368e-05 0.000744883 0.00140373 0.00316955 -5.27485e-05 -0.000515826 0.000102885 -0.00362979 0.00151181 -0.000322431
internal_weight=359800 358361 34009 324352 309425 302153 32155 7963 301136 32727 20434 5398 268409 67517 200892 3948 17887 63569
internal_count=359800 358361 34009 324352 309425 302153 32155 7963 301136 32727 20434 5398 268409 67517 200892 3948 17887 63569
is_linear=0
shrinkage=0.0229654


Tree=280
num_leaves=19
num_cat=0
split_feature=37 37 3 13 16 8 9 31 16 3 8 32 3 1 9 28 25 1
split_gain=65.2547 49.8366 44.3044 42.2787 41.8383 38.7388 44.7638 68.4032 73.365 68.4429 64.6172 49.7455 40.0058 60.1453 43.6768 64.3167 58.8369 58.6372
threshold=41859.284942633676 19574.565316963995 1.0000000180025095e-35 25.293750000000006 44.937500000000007 0.99572243068690536 -0.93301270189221908 94.631250000000009 204.81250000000003 1.0000000180025095e-35 0.82968937203783688 114.43749999999999 1.5000000000000002 1.0000000180025095e-35 0.68301270189221941 -1.6179861111111113 5.5132812500000004 5.5000000000000009
decision_type=2 2 2 2 2 2 2 2 2 2 2 2 2 2 2 2 2 2
left_child=1 2 4 5 -1 6 7 8 10 -10 -3 -11 14 -14 -8 17 -17 -16
right_child=-2 3 -4 -5 -6 -7 12 -9 9 11 -12 -13 13 -15 15 16 -18 -19
leaf_value=-2.7604228893021965 15.207449144500959 5.7098277618364071 -0.8333297946348599 6.9471613611432508 -28.12775911590208 -2.5924023517699362 2.0580983010930476 13.799493698728993 -28.304131746669878 -5.8375427764251935 -1.6493788494667336 9.5359326522958163 2.9666465580213393 -0.56550561096905738 -3.7574356192477705 -11.624540977734211 -1.2845377280912418 9.9307542043176991
leaf_weight=4825 1439 8295 35542 2748 783 7386 55875 1526 903 3383 2996 1487 9461 194388 1633 2767 19808 4555
leaf_count=4825 1439 8295 35542 2748 783 7386 55875 1526 903 3383 2996 1487 9461 194388 1633 2767 19808 4555
internal_value=1.08508e-05 -8.74754e-06 -0.000760677 8.8796e-05 -0.00265773 6.40113e-05 0.000103543 0.00119583 0.000779241 -0.00132669 0.00185599 -0.000249932 3.31561e-05 -0.000141105 0.000452861 -0.000274263 -0.000842828 0.00179997
internal_weight=359800 358361 41150 317211 5608 314463 307077 18590 17064 5773 11291 4870 288487 203849 84638 28763 22575 6188
internal_count=359800 358361 41150 317211 5608 314463 307077 18590 17064 5773 11291 4870 288487 203849 84638 28763 22575 6188
is_linear=0
shrinkage=0.0229654


Tree=281
num_leaves=19
num_cat=0
split_feature=37 37 24 13 17 16 29 35 37 35 37 35 11 16 11 26 4 30
split_gain=64.064 49.25 40.6929 42.6108 40.3109 44.0449 56.9773 59.7746 77.3381 52.9863 54.188 45.9435 39.5982 39.5562 96.5931 92.7587 88.0497 61.1069
threshold=40097.014493550079 16571.864639373602 4.5500000000000043 26.381250000000005 76.812500000000014 10.687500000000002 448.24375000000003 27702.500000000004 25946.294400098846 38284.500000000007 28598.859669692931 30623.000000000004 108.00000000000001 50.812500000000007 108.00000000000001 18.537369791666674 7.5000000000000009 258.41875000000005
decision_type=2 2 2 2 2 2 2 2 2 2 2 2 2 2 2 2 2 2
left_child=1 -1 3 4 13 -6 7 8 -7 10 -8 -12 -13 15 -15 17 -17 -3
right_child=-2 2 -4 -5 5 6 9 -9 -10 -11 11 12 -14 14 -16 16 -18 -19
leaf_value=-13.814806406771206 6.919665958948241 -1.6545786012001122 -4.0665946680705769 8.2283216294363957 -0.16731912084381728 1.2395782914479296 -6.5660568136078172 -1.5346806933999362 9.0736428312149275 -3.0505020238088614 38.286266391456216 15.822027306391826 2.5704097061964943 -3.3273873654008193 1.297048429051004 4.7244748088962814 -2.3629420921337578 0.38410758223395602
leaf_weight=1402 5662 21545 8850 1827 78737 26970 803 22573 9375 1985 1159 3884 2158 54990 36032 7704 2117 72027
leaf_count=1402 5662 21545 8850 1827 78737 26970 803 22573 9375 1985 1159 3884 2158 54990 36032 7704 2117 72027
internal_value=1.00849e-05 -2.86632e-05 -1.1589e-05 2.79817e-05 9.29871e-06 0.000295382 0.000719388 0.000447474 0.00102395 0.00232321 0.00315617 0.00378717 0.00298375 -0.00020796 -0.000557092 9.93976e-05 0.00222265 -0.000123451
internal_weight=359800 354138 352736 343886 342059 147644 68907 58918 36345 9989 8004 7201 6042 194415 91022 103393 9821 93572
internal_count=359800 354138 352736 343886 342059 147644 68907 58918 36345 9989 8004 7201 6042 194415 91022 103393 9821 93572
is_linear=0
shrinkage=0.0229654


Tree=282
num_leaves=19
num_cat=0
split_feature=37 33 15 11 26 11 9 15 33 13 10 23 17 24 36 37 21 33
split_gain=62.4788 48.577 49.749 49.6744 53.4086 48.8518 58.926 54.3118 43.0909 36.7869 47.7262 44.6301 49.1729 46.223 36.5045 83.9297 40.142 34.6601
threshold=38473.853897399989 0.98958333333333348 8.7437500000000021 36.000000000000007 14.62486979166667 1.0000000180025095e-35 -0.24999999999999994 16.118750000000006 0.80208333333333348 16.268750000000008 -0.24999999999999994 -0.98750000000000038 43.062500000000007 2.825000000000002 26804.500000000004 27011.664572983358 5.274869791666668 0.086805555555555566
decision_type=2 2 2 2 2 2 2 2 2 2 2 2 2 2 2 2 2 2
left_child=1 2 3 4 -1 6 -4 -8 17 11 -11 -7 -13 14 15 -14 -16 -2
right_child=8 -3 5 -5 -6 9 7 -9 -10 10 -12 12 13 -15 16 -17 -18 -19
leaf_value=4.2081831138914518 8.440517764628181 -5.8492250383596787 -5.0662456291414246 0.27142702138426861 -0.28383780099986133 -1.1991841102906966 0.97891138129965249 -6.5297766131937474 9.3666048992535114 1.0408570640572625 9.9376759011065801 -3.2205098223973994 1.9234138076507223 -2.6822802164822268 5.9982196503541543 13.779428384441633 -1.0030467509362937 -1.3009546705737274
leaf_weight=13908 2170 5819 10888 57910 6932 71007 14622 6206 5370 29213 2261 18602 43400 13735 8012 3626 40817 5302
leaf_count=13908 2170 5819 10888 57910 6932 71007 14622 6206 5370 29213 2261 18602 43400 13735 8012 3626 40817 5302
internal_value=9.63807e-06 -4.8584e-05 -1.30937e-05 0.000493137 0.00145462 -0.000165027 -0.00101011 -0.0002944 0.00158265 -4.88333e-05 0.000680775 -0.000164114 9.1724e-05 0.000277035 0.000455571 0.000912248 1.57558e-05 0.000454882
internal_weight=359800 346958 341139 78750 20840 262389 31716 20828 12842 230673 31474 199199 128192 109590 95855 47026 48829 7472
internal_count=359800 346958 341139 78750 20840 262389 31716 20828 12842 230673 31474 199199 128192 109590 95855 47026 48829 7472
is_linear=0
shrinkage=0.0229654


Tree=283
num_leaves=19
num_cat=0
split_feature=37 33 15 11 16 24 11 25 15 33 7 1 26 17 25 11 0 15
split_gain=60.122 46.5026 47.6637 48.3776 53.1482 50.1575 47.0085 58.1552 47.909 41.1614 40.3985 36.7952 45.4045 42.5168 36.1724 33.0124 32.0509 30.2608
threshold=38473.853897399989 0.98958333333333348 8.7437500000000021 108.00000000000001 274.56250000000006 -4.7249999999999952 1.0000000180025095e-35 11.475000000000003 15.506250000000003 0.80208333333333348 0.55438071450436044 20.500000000000004 18.144401041666672 42.562500000000007 7.0690104166666687 108.00000000000001 35.500000000000007 16.481250000000006
decision_type=2 2 2 2 2 2 2 2 2 2 2 2 2 2 2 2 2 2
left_child=1 2 3 4 5 -1 7 8 -4 14 11 13 -13 16 -2 -12 -8 -9
right_child=9 -3 6 -5 -6 -7 10 17 -10 -11 15 12 -14 -15 -16 -17 -18 -19
leaf_value=22.380687200874288 -1.0518492522923801 -5.7148951934298093 2.4434807648417758 -0.5162974548736291 -2.4166582738980065 1.7773772655362916 -3.1684652356622194 -2.7104399349264012 -5.5752728424788485 9.1514969874559142 -2.0248607942468118 -1.7546655109992844 3.3520684232500586 1.6974517567958134 9.9427363446244001 0.17684587982240796 1.1189373942787055 -11.297049673769479
leaf_weight=716 5801 5819 9791 29865 7668 40501 20217 13385 5525 5370 37605 26938 2942 106491 1671 27287 9193 3015
leaf_count=716 5801 5819 9791 29865 7668 40501 20217 13385 5525 5370 37605 26938 2942 106491 1671 27287 9193 3015
internal_value=1.09785e-05 -4.6135e-05 -1.14107e-05 0.000484096 0.000928999 0.00125561 -0.000160126 -0.000989114 2.84893e-05 0.00155404 -4.61453e-05 0.000144 -0.000585664 0.000304429 0.000451809 -0.000531915 -0.000468522 -0.00193946
internal_weight=359800 346958 341139 78750 48885 41217 262389 31716 15316 12842 230673 165781 29880 135901 7472 64892 29410 16400
internal_count=359800 346958 341139 78750 48885 41217 262389 31716 15316 12842 230673 165781 29880 135901 7472 64892 29410 16400
is_linear=0
shrinkage=0.0229654


Tree=284
num_leaves=19
num_cat=0
split_feature=37 37 15 33 33 14 29 35 15 11 7 19 33 6 10 36 36 21
split_gain=58.2102 45.5146 39.172 41.5238 39.8947 54.1852 39.8238 35.7673 35.4354 56.3968 47.1089 39.6565 55.2484 37.0726 40.1467 47.5625 35.4297 36.068
threshold=40097.014493550079 16946.789151764384 21.706250000000008 0.98958333333333348 0.17013888888888892 57.312500000000007 154.18125000000003 38086.000000000007 7.3812500000000023 108.00000000000001 0.55438071450436044 8.2062500000000025 0.45486111111111116 1.0000000180025095e-35 0.6830127018922193 22150.500000000004 17234.500000000004 3.9632812500000001
decision_type=2 2 2 2 2 2 2 2 2 2 2 2 2 2 2 2 2 2
left_child=1 -1 3 8 5 -4 -7 -6 9 11 16 -3 -13 -12 15 -15 -10 -18
right_child=-2 2 4 -5 7 6 -8 -9 10 -11 13 12 -14 14 -16 -17 17 -19
leaf_value=-9.7132756155261522 6.5682278396014233 1.0224869389474094 -17.058377879038112 -4.8404308517549328 -6.0790909526556609 -4.8693756120237675 2.6425921337188001 -22.992120038556617 11.340320861134357 -0.62536900446901578 -0.83159663039238962 7.7745892429208086 0.27178240284891242 7.2705964061563817 -15.61919454978753 -15.395323988192407 4.5717743633281547 0.20469001720472255
leaf_weight=2802 5662 20774 1852 6648 5950 5587 12533 692 3461 18776 77634 6356 3430 505 590 549 9555 176444
leaf_count=2802 5662 20774 1852 6648 5950 5587 12533 692 3461 18776 77634 6356 3430 505 590 549 9555 176444
internal_value=9.89338e-06 -2.70419e-05 -3.79122e-06 6.56312e-05 -0.000850826 -0.000338065 4.43592e-05 -0.00239266 0.000103176 0.000668909 -6.83652e-07 0.00127753 0.00248287 -0.000470733 -0.00388345 -0.00119838 0.000196005 0.000153165
internal_weight=359800 354138 351336 324722 26614 19972 18120 6642 318074 49336 268738 30560 9786 79278 1644 1054 189460 185999
internal_count=359800 354138 351336 324722 26614 19972 18120 6642 318074 49336 268738 30560 9786 79278 1644 1054 189460 185999
is_linear=0
shrinkage=0.0229654


Tree=285
num_leaves=19
num_cat=0
split_feature=37 37 3 9 29 16 8 3 3 32 22 3 32 13 37 35 35 37
split_gain=56.6419 45.1421 56.7244 37.0348 56.3579 60.8261 72.2277 55.4775 47.7685 48.8232 47.3561 44.4316 43.0533 38.3286 36.5359 86.2787 71.9414 96.1923
threshold=41859.284942633676 18232.96162295766 3.5000000000000004 -0.93301270189221908 20.768750000000001 204.81250000000003 0.82968937203783688 1.0000000180025095e-35 2.5000000000000004 142.78125000000003 17.431814236111116 5.5000000000000009 119.51875 25.293750000000006 33138.221006374057 32660.500000000004 27635.500000000004 27819.434989129277
decision_type=2 2 2 2 2 2 2 2 2 2 2 2 2 2 2 2 2 2
left_child=1 2 -1 4 10 6 8 -7 9 -6 -3 -10 -9 14 16 -16 17 -5
right_child=-2 3 -4 13 5 7 -8 12 11 -11 -12 -13 -14 -15 15 -17 -18 -19
leaf_value=-8.0821223125207258 14.187453976017164 9.1291002346014789 -1.3115369816969948 -0.089903787273912572 8.3306587204394624 -28.41691581931725 -2.5260730639736582 -6.1671936208204396 -0.60295760559937095 -0.93139659425845489 -5.3834724552351387 11.875387773340226 9.9967724925804813 6.2379144815885796 13.270425081422097 0.44914320462848467 -2.3375669569075277 7.5030489584313296
leaf_weight=2340 1439 3137 13226 190465 3667 859 3612 3422 3859 898 487 1031 1095 2949 6456 47289 64462 9107
leaf_count=2340 1439 3137 13226 190465 3667 859 3612 3422 3859 898 487 1031 1095 2949 6456 47289 64462 9107
internal_value=9.19127e-06 -9.06797e-06 -0.00121864 4.58578e-05 0.000955895 0.000441427 0.00128738 -0.00161476 0.00234269 0.00403215 0.00357409 0.000765514 -0.000597396 -1.67553e-05 -4.09401e-05 0.000504859 -0.000152039 6.34054e-05
internal_weight=359800 358361 15566 342795 22067 18443 13067 5376 9455 4565 3624 4890 4517 320728 317779 53745 264034 199572
internal_count=359800 358361 15566 342795 22067 18443 13067 5376 9455 4565 3624 4890 4517 320728 317779 53745 264034 199572
is_linear=0
shrinkage=0.0229654


Tree=286
num_leaves=19
num_cat=0
split_feature=15 11 23 14 24 24 25 17 16 11 28 7 28 3 9 11 24 22
split_gain=41.0479 81.7051 71.2219 53.8671 50.6495 44.6813 36.7495 39.7361 56.8189 68.0777 58.213 56.4282 46.9022 51.111 44.7877 44.3111 62.0503 43.3132
threshold=17.306250000000002 108.00000000000001 -0.075000000000000108 66.312500000000014 7.6562500000000009 0.15000000000000061 1.0000000180025095e-35 63.312500000000007 49.312500000000007 108.00000000000001 2.8095972362655908 0.82968937203783699 -1.2015487938596487 1.5000000000000002 -0.6830127018922193 108.00000000000001 0.48749999999999999 13.095963541666668
decision_type=2 2 2 2 2 2 2 2 2 2 2 2 2 2 2 2 2 2
left_child=6 2 5 -4 -5 -2 -1 8 10 -10 17 15 13 -13 -12 16 -9 -8
right_child=1 -3 3 4 -6 -7 7 11 9 -11 14 12 -14 -15 -16 -17 -18 -19
leaf_value=6.8273392360030352 -2.9063652077400159 1.9752331255094895 -7.4090305862213075 0.988260536701139 -26.581122194985412 -8.7486839661660341 0.83873666227388588 3.3014150081900042 -3.7340581426372306 0.79326048896770007 -4.4132840919472232 2.5823381189103984 0.038738519719089856 -4.923374866201498 3.4900681184421556 -0.017274681932385193 0.24461300435869104 -1.1944083430396768
leaf_weight=2998 8619 27215 9515 23677 288 7335 36410 48679 31199 21828 963 2160 25305 6617 8810 45256 32284 20642
leaf_count=2998 8619 27215 9515 23677 288 7335 36410 48679 31199 21828 963 2160 25305 6617 8810 45256 32284 20642
internal_value=8.99979e-06 -0.00046246 -0.0010188 -0.000417054 0.000163388 -0.00228157 0.000136624 0.000109559 -0.000206752 -0.000768083 0.000238675 0.000346055 -0.000483135 -0.0019297 0.00187638 0.000569955 0.000891664 -4.18636e-05
internal_weight=359800 76649 49434 33480 23965 15954 283151 280153 119852 53027 66825 160301 34082 8777 9773 126219 80963 57052
internal_count=359800 76649 49434 33480 23965 15954 283151 280153 119852 53027 66825 160301 34082 8777 9773 126219 80963 57052
is_linear=0
shrinkage=0.0229654


Tree=287
num_leaves=19
num_cat=0
split_feature=37 37 15 14 28 7 3 7 35 10 1 3 37 35 3 7 1 14
split_gain=53.5822 43.0505 37.0867 38.0737 49.7777 34.7096 79.7178 79.1127 45.0334 69.8656 44.1212 128.901 40.5346 50.3624 43.1604 60.6136 53.0608 45.2207
threshold=40097.014493550079 16946.789151764384 21.706250000000008 54.312500000000007 1.1107847744360904 0.44134171618254497 5.5000000000000009 -0.32075123873380551 23876.500000000004 -0.5 1.0000000180025095e-35 1.0000000180025095e-35 22263.946202917101 23876.500000000004 3.5000000000000004 -0.5 20.500000000000004 68.312500000000014
decision_type=2 2 2 2 2 2 2 2 2 2 2 2 2 2 2 2 2 2
left_child=1 -1 5 -4 -5 6 10 8 -8 -10 11 -3 13 -12 16 -16 -14 -18
right_child=-2 2 3 4 -6 -7 7 -9 9 -11 12 -13 14 -15 15 -17 17 -19
leaf_value=-9.4120978067148915 6.2835966445650246 -6.4705017888333627 -19.561185681877841 0.59238822026970683 -5.6278775081552865 -0.48022318384603946 13.443450875682379 -0.23025152674050295 -3.3290506826483757 6.705208108036171 -1.7085335758405897 4.5743360517744245 1.9957769059410337 -15.706900693828759 -2.9671889985184499 1.3889227158088298 2.1133236618979354 -2.075257607199219
leaf_weight=2802 5662 2004 1302 15721 9591 119623 5247 11353 2418 9500 21916 10226 75322 1818 25365 16898 5145 17887
leaf_count=2802 5662 2004 1302 15721 9591 119623 5247 11353 2418 9500 21916 10226 75322 1818 25365 16898 5145 17887
internal_value=1.03402e-05 -2.50965e-05 -2.48391e-06 -0.000826665 -0.000629662 6.50654e-05 0.000246395 0.00137303 0.00235675 0.00157625 6.44427e-05 0.0013952 -3.45841e-05 -0.000912462 0.000113588 -0.000500193 0.000377332 -0.000587297
internal_weight=359800 354138 351336 26614 25312 324722 205099 28518 17165 11918 176581 12230 164351 23734 140617 42263 98354 23032
internal_count=359800 354138 351336 26614 25312 324722 205099 28518 17165 11918 176581 12230 164351 23734 140617 42263 98354 23032
is_linear=0
shrinkage=0.0229654


Tree=288
num_leaves=19
num_cat=0
split_feature=37 37 3 35 37 30 31 34 37 31 30 37 35 35 37 3 1 26
split_gain=51.9271 41.5581 55.4685 35.6363 91.6777 47.0179 57.0602 49.8024 53.7445 43.7889 51.8089 40.0625 66.0855 64.9252 63.0862 53.4304 49.7988 45.488
threshold=41859.284942633676 18232.96162295766 3.5000000000000004 21182.500000000004 20713.858809328627 245.06875000000005 17.400000000000009 0.052083333333333336 21341.006800712184 216.90625000000003 21.024999999999999 24366.059982709161 25839.500000000004 26282.500000000004 27819.434989129277 2.5000000000000004 20.500000000000004 17.182682291666669
decision_type=2 2 2 2 2 2 2 2 2 2 2 2 2 2 2 2 2 2
left_child=1 2 -1 5 -5 6 -3 8 -7 10 -6 12 15 14 -13 17 -15 -12
right_child=-2 3 -4 4 9 7 -8 -9 -10 -11 11 13 -14 16 -16 -17 -18 -19
leaf_value=-7.839885982529613 13.653137153146309 -5.2629585951594819 -1.2585053901837073 -5.2462902750355989 -3.5648783693096435 0.51100476756612279 0.24341881071233751 6.7204351708633965 6.1448792138001496 3.3269841031296594 -3.9892887128444161 1.4953026698570511 -10.214045941186352 0.34921033717973116 12.944874316129672 0.54340307765111118 -2.4596741090571768 3.0717822297669302
leaf_weight=2340 1439 2493 13226 10711 8531 23299 28012 1951 10643 9056 17882 37299 5676 122368 5069 39054 18280 2471
leaf_count=2340 1439 2493 13226 10711 8531 23299 28012 1951 10643 9056 17882 37299 5676 122368 5069 39054 18280 2471
internal_value=1.10423e-05 -6.4405e-06 -0.00116701 4.62598e-05 -6.85065e-05 0.000524001 -0.000138899 0.00108739 0.000882296 1.54724e-05 -3.99118e-05 2.05958e-05 -0.000468779 0.000194624 0.00098273 -0.000242577 -4.27801e-05 -0.00119662
internal_weight=359800 358361 15566 342795 276397 66398 30505 35893 33942 265686 256630 248099 65083 183016 42368 59407 140648 20353
internal_count=359800 358361 15566 342795 276397 66398 30505 35893 33942 265686 256630 248099 65083 183016 42368 59407 140648 20353
is_linear=0
shrinkage=0.0229654


Tree=289
num_leaves=19
num_cat=0
split_feature=37 37 31 8 7 6 10 36 14 1 35 23 8 35 37 36 16 10
split_gain=50.0217 40.3334 35.1833 33.8794 36.1984 55.9416 65.9207 62.326 49.1684 96.9207 60.2538 68.569 50.4304 49.5097 83.9578 46.9603 48.0565 54.4159
threshold=41859.284942633676 17167.615452909533 455.66250000000008 0.99572243068690536 0.44134171618254497 1.0000000180025095e-35 0.6830127018922193 22150.500000000004 77.312500000000014 19.500000000000004 35575.000000000007 -2.2499999999999982 -0.065263096110025884 23703.500000000004 22853.533310929546 24453.500000000004 364.81250000000006 -0.5
decision_type=2 2 2 2 2 2 2 2 2 2 2 2 2 2 2 2 2 2
left_child=1 -1 3 4 8 -6 7 -7 12 10 11 -10 13 -3 -15 -14 17 -17
right_child=-2 2 -4 -5 5 6 -8 -9 9 -11 -12 -13 15 14 -16 16 -18 -19
leaf_value=-5.8524186844829975 13.339587275246192 0.75736302037450376 11.354676296976901 -2.5147959893734093 -0.37607130986891374 5.3270966133470621 -17.966226104960029 -14.2041655069588 -0.48536592758582131 -1.0701343876111411 0.10907320819323364 6.677238619035422 2.8094316510019004 -16.682926537826813 -2.60915764220359 -1.7618709533308206 9.1353588784544595 1.4437393753189136
leaf_weight=4218 1439 34053 546 7463 122718 840 952 936 8375 26342 18260 35333 14511 4239 36557 17791 2304 22923
leaf_count=4218 1439 34053 546 7463 122718 840 952 936 8375 26342 18260 35333 14511 4239 36557 17791 2304 22923
internal_value=1.18721e-05 -5.28698e-06 2.13025e-05 1.23076e-05 4.53159e-05 -0.000266184 -0.00351889 -0.000905168 0.000222382 0.000642074 0.00113812 0.00160098 -5.75965e-05 -0.00045057 -0.000990199 0.000453687 7.26044e-05 -0.000109993
internal_weight=359800 358361 354143 353597 346134 125446 2728 1776 220688 88310 61968 43708 132378 74849 40796 57529 43018 40714
internal_count=359800 358361 354143 353597 346134 125446 2728 1776 220688 88310 61968 43708 132378 74849 40796 57529 43018 40714
is_linear=0
shrinkage=0.0229654


Tree=290
num_leaves=19
num_cat=0
split_feature=15 11 17 26 21 11 24 24 23 9 26 3 22 21 22 31 9 11
split_gain=39.2853 103.019 56.6682 40.0374 65.8821 65.4236 90.5269 51.7188 45.1181 72.5769 53.7907 54.4003 45.0634 40.3373 39.9515 39.8444 39.5357 39.2359
threshold=15.506250000000003 36.000000000000007 95.312500000000014 14.413671875 14.329817708333335 60.000000000000007 0.29999999999999999 3.4125000000000014 -3.3124999999999969 1.0000000180025095e-35 18.144401041666672 1.0000000180025095e-35 10.538758680555556 1.0000000180025095e-35 16.050303819444448 2.762500000000006 0.68301270189221941 132.00000000000003
decision_type=2 2 2 2 2 2 2 2 2 2 2 2 2 2 2 2 2 2
left_child=3 2 -2 5 -5 6 14 -8 9 10 -6 -12 13 -7 -1 -15 -10 -3
right_child=1 17 -4 4 8 12 7 -9 16 -11 11 -13 -14 15 -16 -17 -18 -19
leaf_value=3.6309494627605043 -7.078634477010211 -0.92680372924855625 -0.2542705825278927 -4.3498713686192527 -2.1091810567264702 9.1946541155223596 0.28733786266328021 -8.6437103805115783 -0.56839365581949119 3.8328812213176136 -4.8404649859743047 2.9762857425995999 1.4471985284059559 -1.2453219908242648 -7.2573856989618379 6.5316208641671247 -13.325895908807457 2.7190059143710243
leaf_weight=40112 15959 56783 7653 7937 5739 1562 21796 1981 53634 7347 742 4560 34223 71771 753 1040 669 25539
leaf_count=40112 15959 56783 7653 7937 5739 1562 21796 1981 53634 7347 742 4560 34223 71771 753 1040 669 25539
internal_value=1.05317e-05 -0.000360955 -0.00169819 0.000165547 -0.000257203 0.000362302 0.000940757 -0.000185929 -4.02813e-05 0.000942946 -0.000234001 0.00143371 1.79754e-05 -0.000299369 0.00159631 -0.000377705 -0.00037322 2.25966e-05
internal_weight=359800 105934 23612 253866 80628 173238 64642 23777 72691 18388 11041 5302 108596 74373 40865 72811 54303 82322
internal_count=359800 105934 23612 253866 80628 173238 64642 23777 72691 18388 11041 5302 108596 74373 40865 72811 54303 82322
is_linear=0
shrinkage=0.0229654


Tree=291
num_leaves=19
num_cat=0
split_feature=37 35 33 37 33 15 11 9 24 11 24 10 13 4 32 9 14 37
split_gain=50.2837 70.7836 38.2188 38.0372 37.0061 41.058 45.4217 54.6098 45.1228 44.6168 50.7333 41.7372 40.4418 41.9914 40.2135 36.6273 82.8844 51.9729
threshold=38473.853897399989 40221.000000000007 0.80208333333333348 16571.864639373602 0.98958333333333348 8.7437500000000021 1.0000000180025095e-35 -0.24999999999999994 1.7874999999999985 108.00000000000001 -5.3249999999999957 -0.5 16.381250000000005 8.5000000000000018 145.03125000000006 -0.6830127018922193 87.187500000000014 22746.243133027394
decision_type=2 2 2 2 2 2 2 2 2 2 2 2 2 2 2 2 2 2
left_child=1 3 -2 -1 5 9 7 -7 11 10 -5 -9 15 -14 -15 16 17 -8
right_child=2 -3 -4 4 -6 6 12 8 -10 -11 -12 -13 13 14 -16 -17 -18 -19
leaf_value=-12.792775123554954 1.027302905312881 -17.819738838427391 8.6188358248687393 23.683721220875377 -5.1818403597755527 -4.798638249571912 -5.6604061343892313 -2.2656501221137213 -5.9041775880335097 -0.47971038503073821 1.3637250925492654 2.9798752499749428 1.2778564843372731 -1.339809675105083 13.639705932665555 0.087803557685471267 2.6194197601169558 -1.5236829834836199
leaf_weight=1402 7472 874 5370 527 5652 10828 11622 5574 4310 29738 48160 10784 27868 765 1379 159366 8357 19752
leaf_count=1402 7472 874 5370 527 5652 10828 11622 5574 4310 29738 48160 10784 27868 765 1379 159366 8357 19752
internal_value=1.05317e-05 -4.17002e-05 0.0014217 -2.5216e-05 -9.86092e-06 2.08635e-05 -0.000117777 -0.000935504 -0.000243344 0.000481563 0.000909664 0.00030746 -5.36273e-06 0.000780512 0.00387756 -0.000123826 -0.000747672 -0.00128903
internal_weight=359800 346958 12842 346084 344682 339030 260605 31496 20668 78425 48687 16358 229109 30012 2144 199097 39731 31374
internal_count=359800 346958 12842 346084 344682 339030 260605 31496 20668 78425 48687 16358 229109 30012 2144 199097 39731 31374
is_linear=0
shrinkage=0.0229654


Tree=292
num_leaves=19
num_cat=0
split_feature=37 35 33 37 3 36 37 36 3 0 35 35 37 36 37 0 19 3
split_gain=47.8559 66.8883 36.8912 35.7253 47.1431 43.9239 53.4303 57.8286 59.6039 59.9792 50.4838 37.9061 37.8796 56.3564 67.3796 55.8889 51.8787 81.1196
threshold=38473.853897399989 40221.000000000007 0.80208333333333348 17921.267400100896 3.5000000000000004 19397.500000000004 21397.667587999687 22917.500000000004 2.5000000000000004 13.500000000000002 22354.500000000004 18505.500000000004 24366.059982709161 24944.500000000004 29908.181515470071 43.500000000000007 10.418750000000003 1.0000000180025095e-35
decision_type=2 2 2 2 2 2 2 2 2 2 2 2 2 2 2 2 2 2
left_child=1 3 -2 4 -1 -5 7 8 9 -7 -8 -11 -12 14 16 -15 -14 -18
right_child=2 -3 -4 5 -6 6 10 -9 -10 11 12 -13 13 15 -16 -17 17 -19
leaf_value=-11.045398339441844 1.0037104739973282 -17.41050124897609 8.4209007356496084 1.5836653095118451 -1.7856278928625238 2.0716932692919299 2.1495032510569008 -7.680998241688207 -2.0298473255910672 1.8941190397824779 -1.5008826202421588 -16.50340583729664 3.7343229970125185 0.25729460797678844 36.502379758707328 -2.5885490830900686 -17.417497721101022 0.30341407092882738
leaf_weight=1157 7472 874 5370 30406 10119 12430 33950 5844 25722 897 47415 1105 18487 132838 391 18209 857 6257
leaf_count=1157 7472 874 5370 30406 10119 12430 33950 5844 25722 897 47415 1105 18487 132838 391 18209 857 6257
internal_value=1.10423e-05 -3.9913e-05 0.00138772 -2.38888e-05 -0.00129532 1.89316e-05 -6.42031e-05 -0.000785351 -0.000474705 0.00070653 6.41671e-05 -0.00298252 -6.06738e-05 9.37223e-05 0.00108147 -7.62488e-05 0.00093697 -0.000729573
internal_weight=359800 346958 12842 346084 11276 334808 304402 45998 40154 14432 258404 2002 224454 177039 25992 151047 25601 7114
internal_count=359800 346958 12842 346084 11276 334808 304402 45998 40154 14432 258404 2002 224454 177039 25992 151047 25601 7114
is_linear=0
shrinkage=0.0229654


Tree=293
num_leaves=19
num_cat=0
split_feature=15 4 26 8 14 33 25 27 10 32 26 27 25 29 32 29 9 3
split_gain=37.2931 35.7692 68.7007 37.0251 48.0593 41.8857 33.1372 31.4393 47.484 44.7551 36.8579 31.1706 30.7794 30.1663 40.9654 31.4248 29.8611 34.8751
threshold=18.781250000000004 1.5000000000000002 7.6691406250000007 0.25881904510252057 52.812500000000007 0.39930555555555564 1.0000000180025095e-35 0.087797619047619083 1.0000000180025095e-35 29.787500000000016 13.462890625000002 5.7233258928571438 7.7403645833333341 116.93125000000002 119.51875 1.5750000000000031 0.93301270189221952 1.0000000180025095e-35
decision_type=2 2 2 2 2 2 2 2 2 2 2 2 2 2 2 2 2 2
left_child=6 2 -2 4 11 12 -1 9 13 16 -11 -3 -5 14 -9 -16 -6 -18
right_child=1 3 -4 5 7 -7 -8 8 -10 10 -12 -13 -14 -15 15 -17 17 -19
leaf_value=6.2155015422511868 -7.7339307065310647 -17.517779895441741 8.6689849760781712 1.3514622387361228 2.303391391437509 -13.293455909027962 0.18053399887791383 -5.5482919251141576 -2.0493529144411911 -18.136949320943213 -4.8503242735680789 11.975051106861853 -4.6776009720818914 11.360046119374214 -5.5789128536330708 14.835337351419765 15.11851931778636 -19.397218095638621
leaf_weight=3014 2483 2356 6516 3249 5663 1571 300404 2608 10809 1241 1980 259 9470 3672 915 2185 192 1213
leaf_count=3014 2483 2356 6516 3249 5663 1571 300404 2608 10809 1241 1980 259 9470 3672 915 2185 192 1213
internal_value=1.0021e-05 -0.000532365 0.000794947 -0.000784448 -0.000362597 -0.00176138 0.000110809 -0.000106245 0.000420314 -0.00113945 -0.00338314 -0.0033504 -0.00132441 0.0016159 0.000571319 0.00235581 -0.000116972 -0.00311382
internal_weight=359800 56382 8999 47383 33093 14290 303418 30478 20189 10289 3221 2615 12719 9380 5708 3100 7068 1405
internal_count=359800 56382 8999 47383 33093 14290 303418 30478 20189 10289 3221 2615 12719 9380 5708 3100 7068 1405
is_linear=0
shrinkage=0.0229654


Tree=294
num_leaves=19
num_cat=0
split_feature=6 8 0 25 0 9 35 21 30 9 35 13 9 21 16 3 32 32
split_gain=37.4394 45.7302 35.4067 35.082 34.5512 40.1148 48.1142 32.8573 39.9987 34.2336 35.4623 31.8321 32.4655 56.6561 54.1385 64.0456 51.8732 47.3522
threshold=1.0000000180025095e-35 0.19467261866128602 47.500000000000007 1.0000000180025095e-35 21.500000000000004 0.68301270189221941 21746.500000000004 12.535807291666668 961.20625000000018 0.68301270189221941 32660.500000000004 26.381250000000005 -0.93301270189221908 17.161328125000004 241.31250000000003 1.0000000180025095e-35 165.34375000000003 117.12500000000001
decision_type=2 2 2 2 2 2 2 2 2 2 2 2 2 2 2 2 2 2
left_child=2 4 3 -1 5 -2 -7 8 -6 10 -10 12 13 14 16 -16 -5 -17
right_child=1 -3 -4 11 7 6 -8 -9 9 -11 -12 -13 -14 -15 15 17 -18 -19
leaf_value=6.3789477999994526 -19.721670786480544 0.76382524199361634 -2.503970862082054 3.4184814588602359 8.9066325467545209 13.495647870769696 -20.597382655930282 -19.469499244759373 10.295921106603828 -27.969673301088179 -38.83599848052944 6.7694988640051514 -0.043641235724171383 7.919947200946055 -28.605790955116412 -6.6215306601764174 -3.3559407832346522 9.3801201856785212
leaf_weight=2917 1320 3528 7336 13043 1042 240 288 579 482 444 141 2038 316885 2164 814 3027 2256 1256
leaf_count=2917 1320 3528 7336 13043 1042 240 288 579 482 444 141 2038 316885 2164 814 3027 2256 1256
internal_value=9.31893e-06 -0.00153786 4.479e-05 7.84185e-05 -0.00306307 -0.00548038 -0.000130485 -0.00140116 -7.07801e-05 -0.00319622 0.00027647 5.69961e-05 3.98154e-05 0.000881562 0.000506689 -0.00154319 0.00118963 -0.000420916
internal_weight=359800 8064 351736 344400 4536 1848 528 2688 2109 1067 623 341483 339445 22560 20396 5097 15299 4283
internal_count=359800 8064 351736 344400 4536 1848 528 2688 2109 1067 623 341483 339445 22560 20396 5097 15299 4283
is_linear=0
shrinkage=0.0229654


Tree=295
num_leaves=19
num_cat=0
split_feature=6 8 29 13 15 11 13 25 15 13 29 23 3 9 21 30 23 26
split_gain=36.8135 45.3688 44.3977 43.2656 36.1003 35.5942 41.9553 29.8132 30.8974 29.2755 27.6553 28.0113 34.5555 39.2597 46.6055 36.5595 33.033 78.5079
threshold=1.0000000180025095e-35 -0.065263096110025884 135.06875000000005 7.7562500000000023 20.681250000000006 132.00000000000003 -0.56874999999999976 1.0000000180025095e-35 5.356250000000002 26.381250000000005 746.06875000000002 5.3000000000000043 5.5000000000000009 -0.5 15.198437500000002 90.068750000000009 -0.77499999999999913 18.747265625000004
decision_type=2 2 2 2 2 2 2 2 2 2 2 2 2 2 2 2 2 2
left_child=4 2 -2 -4 7 6 -6 -1 -9 10 11 16 13 14 -13 -14 17 -10
right_child=1 -3 3 -5 5 -7 -8 8 9 -11 -12 12 15 -15 -16 -17 -18 -19
leaf_value=5.9145078691917483 -22.093405296535099 0.30800524222733855 -13.848729212949957 8.6143230507197064 3.5308587881104914 2.9677741179017931 -4.779531883917179 1.9578620336082038 -0.67906290527404534 6.986428067625245 17.045040857503608 -7.4259127574357242 -9.8202580095982821 -7.7617352715118972 18.792691626369649 9.7752988963611127 0.85367250974387066 2.6073463539239654
leaf_weight=3005 894 4200 2086 884 5050 7366 21796 15038 115679 1893 737 882 724 10804 1049 1579 155038 11096
leaf_count=3005 894 4200 2086 884 5050 7366 21796 15038 115679 1893 737 882 724 10804 1049 1579 155038 11096
internal_value=7.72322e-06 -0.00152647 -0.00332238 -0.00197178 4.28966e-05 -0.000665898 -0.00105391 0.000119266 9.75149e-05 4.65089e-05 2.83992e-05 1.73681e-05 -0.000948365 -0.00141652 0.00159961 0.00164039 6.89012e-05 -0.000206059
internal_weight=359800 8064 3864 2970 351736 34212 26846 317524 314519 299481 297588 296851 15038 12735 1931 2303 281813 126775
internal_count=359800 8064 3864 2970 351736 34212 26846 317524 314519 299481 297588 296851 15038 12735 1931 2303 281813 126775
is_linear=0
shrinkage=0.0229654


Tree=296
num_leaves=19
num_cat=0
split_feature=7 22 15 11 16 3 3 10 35 18 22 22 27 24 11 26 27 24
split_gain=36.0065 42.5091 36.4299 66.131 50.5457 33.7231 74.0484 37.275 65.2513 29.8904 26.6986 26.1744 26.1041 23.9907 23.6743 28.1225 25.2779 28.6797
threshold=-0.94490267940017747 0.88997395833333348 17.393750000000008 60.000000000000007 6.3125000000000009 5.5000000000000009 3.5000000000000004 -0.5 22711.500000000004 0.33812500000000006 10.023263888888891 14.984505208333337 -1.1475260416666646 2.0500000000000016 132.00000000000003 3.3930989583333337 -2.4266741071428553 1.5500000000000036
decision_type=2 2 2 2 2 2 2 2 2 2 2 2 2 2 2 2 2 2
left_child=1 -1 -2 4 11 6 -3 8 -7 12 -9 13 -6 -4 16 -16 -5 -18
right_child=2 5 3 14 9 7 -8 10 -10 -11 -12 -13 -14 -15 15 -17 17 -19
leaf_value=35.361276372484362 0.10444831230540427 3.1747685711746909 -4.1681724430008664 -8.5601481123672176 -13.466987953858201 16.148492605458671 -3.0578370689367391 6.9571237524727216 -10.082569769297018 4.3896584322121699 20.87305951934534 -15.466339744544319 -3.3638560734716498 -10.376163852924805 22.582009109875365 2.1814444981882981 1.0845768231454593 -3.9928062274065987
leaf_weight=346 257370 21263 4845 2494 1915 880 10610 2319 1000 3538 1062 606 10056 2144 355 15362 17019 6616
leaf_count=346 257370 21263 4845 2494 1915 880 10610 2319 1000 3538 1062 606 10056 2144 355 15362 17019 6616
internal_value=8.87213e-06 0.00068259 -6.94691e-05 -0.000555484 -0.0015417 0.000607933 0.00032676 0.00231138 -0.00028096 -0.000789996 0.00375285 -0.00307667 -0.0013381 -0.00267968 -1.09762e-05 0.000693331 -0.000434628 -0.000202593
internal_weight=359800 37480 322320 64950 23104 37134 31873 5261 1880 15509 3381 7595 11971 6989 41846 15717 26129 23635
internal_count=359800 37480 322320 64950 23104 37134 31873 5261 1880 15509 3381 7595 11971 6989 41846 15717 26129 23635
is_linear=0
shrinkage=0.0229654


Tree=297
num_leaves=19
num_cat=0
split_feature=37 37 6 0 7 37 35 37 35 37 37 0 14 35 35 35 30 26
split_gain=44.2826 35.7921 33.8315 33.8659 32.3821 44.8133 69.1742 98.4881 41.014 107.191 48.7148 47.3214 39.621 53.8353 39.3523 36.7245 51.3469 53.9512
threshold=41859.284942633676 16571.864639373602 1.0000000180025095e-35 47.500000000000007 0.44134171618254497 36029.311559945709 30043.500000000004 30396.612590994228 24266.500000000004 23324.640518476092 22905.088031179152 43.500000000000007 77.312500000000014 32087.000000000004 35051.500000000007 20093.500000000004 770.85625000000016 17.715755208333338
decision_type=2 2 2 2 2 2 2 2 2 2 2 2 2 2 2 2 2 2
left_child=1 -1 3 4 8 6 7 -6 10 -10 15 12 -11 -14 -7 16 17 -3
right_child=-2 2 -4 -5 5 14 -8 -9 9 11 -12 -13 13 -15 -16 -17 -18 -19
leaf_value=-12.110586408986871 12.500988971283638 7.1303544473822207 -3.8279338560485963 -2.4353972800501231 -0.39754730026795315 38.207259799779074 -6.1039748224872836 15.985509415261971 -11.337085386383938 -0.15227456266466549 3.7677397570829507 -1.7138138539718504 4.8456330179307843 0.54490283809690998 4.4881716825764268 -0.46910292506700246 -19.193381957572473 -1.7722887820136477
leaf_weight=1402 1439 9307 8006 7336 107083 465 11498 2561 5434 67083 24316 20211 22359 33986 2810 29055 1104 4345
leaf_count=1402 1439 9307 8006 7336 107083 465 11498 2561 5434 67083 24316 20211 22359 33986 2810 29055 1104 4345
internal_value=9.12744e-06 -7.01726e-06 7.3665e-06 4.12314e-05 7.43851e-05 -0.00022104 -0.000292703 -0.00011499 0.000243611 3.02718e-05 0.000710432 0.00015005 0.000318726 0.000767687 0.00242978 0.000252923 0.00118593 0.00157118
internal_weight=359800 358361 356959 348953 341617 124417 121142 109644 217200 149073 68127 143639 123428 56345 3275 43811 14756 13652
internal_count=359800 358361 356959 348953 341617 124417 121142 109644 217200 149073 68127 143639 123428 56345 3275 43811 14756 13652
is_linear=0
shrinkage=0.0229654


Tree=298
num_leaves=19
num_cat=0
split_feature=24 13 30 32 26 8 4 26 26 3 18 8 3 35 36 23 24 26
split_gain=30.9007 37.6493 34.5164 62.6731 40.0734 45.9752 47.8826 38.298 34.614 35.086 32.0511 29.9238 29.8564 31.1029 30.4008 28.2669 28.183 27.9222
threshold=4.5500000000000043 26.381250000000005 21.024999999999999 484.33125000000007 17.004817708333338 -0.19467261866128607 7.5000000000000009 19.762369791666668 18.967317708333336 5.5000000000000009 0.70375000000000021 0.99572243068690536 4.5000000000000009 29804.500000000004 24730.000000000004 0.51249999999999962 -3.6499999999999972 0.78072916666666681
decision_type=2 2 2 2 2 2 2 2 2 2 2 2 2 2 2 2 2 2
left_child=1 2 3 12 16 8 7 -7 9 -6 11 17 13 -1 -14 -12 -5 -4
right_child=-2 -3 10 4 5 6 -8 -9 -10 -11 15 -13 14 -15 -16 -17 -18 -19
leaf_value=-6.5849204183472523 -3.5235538979449705 7.537210681813451 5.723745651572254 -13.777849056578507 7.2991140067904023 0.56715903928460376 -2.5767154367797835 5.9542438947663863 -6.0854378266852081 -12.299770908069787 1.4802312863352347 -2.407091705160922 1.4201566609437177 17.763691423247455 -12.287588060282328 9.3548061048737274 -1.5207063871840765 0.13046215534968852
leaf_weight=5076 8949 1833 3902 966 1860 3390 1808 3844 4471 393 6695 6554 1875 120 305 3281 1367 303111
leaf_count=5076 8949 1833 3902 966 1860 3390 1808 3844 4471 393 6695 6554 1875 120 305 3281 1367 303111
internal_value=9.7019e-06 4.36921e-05 2.64516e-05 -0.00078745 -6.02717e-05 0.000355421 0.00142486 0.00226035 -0.00108269 0.00123848 9.05363e-05 4.97661e-05 -0.00257178 -0.00351818 -0.000316038 0.00137203 -0.00286945 8.25448e-05
internal_weight=359800 350851 349018 25475 18099 15766 9042 7234 6724 2253 323543 313567 7376 5196 2180 9976 2333 307013
internal_count=359800 350851 349018 25475 18099 15766 9042 7234 6724 2253 323543 313567 7376 5196 2180 9976 2333 307013
is_linear=0
shrinkage=0.0229654


Tree=299
num_leaves=19
num_cat=0
split_feature=6 8 29 30 36 0 29 9 31 16 8 0 9 23 25 5 23 22
split_gain=32.2828 43.3151 36.7193 41.6626 32.0088 31.5012 30.3574 28.3313 55.2042 52.5019 41.9569 43.1497 31.6801 59.6336 34.1782 39.6225 33.8077 31.1517
threshold=1.0000000180025095e-35 0.19467261866128602 144.19375000000005 950.13125000000014 26944.500000000004 47.500000000000007 746.06875000000002 -0.93301270189221908 103.28750000000002 241.31250000000003 0.82968937203783688 11.500000000000002 -0.6830127018922193 4.1750000000000043 8.349739583333335 1.0000000180025095e-35 5.3000000000000043 13.467925347222225
decision_type=2 2 2 2 2 2 2 2 2 2 2 2 2 2 2 2 2 2
left_child=5 2 -2 4 -4 6 7 8 9 10 11 -1 13 14 15 -9 -14 -16
right_child=1 -3 3 -5 -6 -7 -8 12 -10 -11 -12 -13 16 -15 17 -17 -18 -19
leaf_value=-0.56517540151448886 -16.573988630033355 0.84168937376373143 10.329539326124369 -15.6038846766522 -9.2440787658583243 -2.3231316729596458 7.3698194667812755 -0.89187161347479449 8.9203380817208675 -5.3975455284896423 -1.5123247098088102 5.7911130522831362 0.36152861716333529 8.7664470649355195 0.12915325218400039 -16.344784276301205 -3.8747431999828454 -2.2800962344434366
leaf_weight=3115 1123 3528 1029 1859 525 7336 2438 969 1611 5197 3550 9087 258309 3880 17492 1040 15221 22491
leaf_count=3115 1123 3528 1029 1859 525 7336 2438 969 1611 5197 3550 9087 258309 3880 17492 1040 15221 22491
internal_value=9.89338e-06 -0.00142679 -0.00291118 -0.00172594 0.00104926 4.28313e-05 7.45509e-05 5.63454e-05 0.000842879 0.000527846 0.00118822 0.00182752 7.90914e-07 -0.000557714 -0.000809411 -0.00373231 9.44543e-05 -0.000662547
internal_weight=359800 8064 4536 3413 1554 351736 344400 341962 22560 20949 15752 12202 319402 45872 41992 2009 273530 39983
internal_count=359800 8064 4536 3413 1554 351736 344400 341962 22560 20949 15752 12202 319402 45872 41992 2009 273530 39983
is_linear=0
shrinkage=0.0229654


Tree=300
num_leaves=19
num_cat=0
split_feature=7 17 1 6 35 9 36 9 9 15 35 15 14 36 35 8 1 35
split_gain=34.455 48.0442 69.9039 43.8159 46.8304 58.0657 37.8348 41.8036 39.733 71.3449 53.4175 35.0792 32.5778 45.1467 45.6096 45.0851 41.9564 42.6296
threshold=0.55438071450436044 98.562500000000014 18.500000000000004 1.0000000180025095e-35 23117.500000000004 0.68301270189221941 17070.500000000004 -0.93301270189221908 -0.6830127018922193 12.518750000000002 21001.500000000004 19.731250000000006 54.312500000000007 26594.500000000004 32660.500000000004 0.065263096110025676 21.500000000000004 19508.500000000004
decision_type=2 2 2 2 2 2 2 2 2 2 2 2 2 2 2 2 2 2
left_child=1 12 -3 6 5 -5 -2 -8 9 -9 -10 -4 15 14 -14 -1 17 -15
right_child=3 2 11 4 -6 -7 7 8 10 -11 -12 -13 13 16 -16 -17 -18 -19
leaf_value=-4.6632056035448413 -3.8736125244139048 6.2184817834947888 -0.1452929957822699 -6.265382600653493 -29.678266529332724 9.3208588396671708 2.560999630927264 -0.26344741426831975 1.0631608273627247 -9.035914080533173 -1.1939657455976387 -12.041984569080954 1.1180707252715267 -29.687153796865861 37.140104179380224 1.2947933536266731 -4.6660232286816621 -0.089255027031582793
leaf_weight=19480 3944 18139 6180 1464 536 520 6456 8746 27696 4918 58160 1267 96068 422 262 8510 6294 90738
leaf_count=19480 3944 18139 6180 1464 536 520 6456 8746 27696 4918 58160 1267 96068 422 262 8510 6294 90738
internal_value=1.02125e-05 0.000161731 0.00110402 -0.000323117 -0.00331723 -0.00168999 -0.000254475 -0.00017228 -0.000288452 -0.0014387 -0.00010539 -0.00076942 5.30192e-05 0.000158804 0.000511376 -0.000679363 -0.000189701 -6.44926e-05
internal_weight=359800 247360 25586 112440 2520 1984 109920 105976 99520 13664 85856 7447 221774 193784 96330 27990 97454 91160
internal_count=359800 247360 25586 112440 2520 1984 109920 105976 99520 13664 85856 7447 221774 193784 96330 27990 97454 91160
is_linear=0
shrinkage=0.0229654


Tree=301
num_leaves=19
num_cat=0
split_feature=37 37 24 11 17 8 16 11 21 35 7 35 37 35 26 26 8 9
split_gain=42.1929 34.8504 32.6101 34.0709 33.6071 52.4471 86.521 44.7062 50.7601 61.6141 43.1919 39.053 47.0649 36.5213 36.7211 35.2666 82.1286 47.0389
threshold=41859.284942633676 16571.864639373602 4.5500000000000043 108.00000000000001 76.312500000000014 -0.70710678118654757 289.81250000000006 84.000000000000014 6.2350260416666679 27702.500000000004 -0.94490267940017747 28274.500000000004 30652.222152087903 38284.500000000007 4.5654947916666675 19.946614583333339 -0.65793410509763406 -0.5
decision_type=2 2 2 2 2 2 2 2 2 2 2 2 2 2 2 2 2 2
left_child=1 -1 4 -4 15 6 7 8 13 -10 -7 12 -12 -6 -15 -3 -17 -18
right_child=-2 2 3 -5 5 10 -8 -9 9 -11 11 -13 -14 14 -16 16 17 -19
leaf_value=-11.688024328082109 12.195433190846112 -0.50977565944009284 -6.4270878932029243 0.33537864244956517 22.897666798452438 3.4238834293454672 -2.4307261594143603 3.2495943866106027 13.95769048719395 1.1257847973281327 0.15065066234544047 -2.2762584561063206 19.77209481496914 13.237995788457853 -11.878434291570134 -5.4676325540137976 -1.7833076545972992 5.03036127225967
leaf_weight=1402 1439 183124 4687 4215 2990 15298 11846 12809 5152 6897 68163 27249 909 468 417 3407 1663 7665
leaf_count=1402 1439 183124 4687 4215 2990 15298 11846 12809 5152 6897 68163 27249 909 468 417 3407 1663 7665
internal_value=9.38275e-06 -6.37641e-06 7.81686e-06 -0.00136472 4.29211e-05 0.000298916 0.00100596 0.00168686 0.00249931 0.001764 4.18698e-05 -0.000138168 0.000152278 0.00478569 0.000687665 -0.000156008 0.00101257 0.00212716
internal_weight=359800 358361 356959 8902 348057 152198 40579 28733 15924 12049 111619 96321 69072 3875 885 195859 12735 9328
internal_count=359800 358361 356959 8902 348057 152198 40579 28733 15924 12049 111619 96321 69072 3875 885 195859 12735 9328
is_linear=0
shrinkage=0.0229654


Tree=302
num_leaves=19
num_cat=0
split_feature=37 37 29 3 24 13 25 31 30 25 11 35 0 37 35 35 36 22
split_gain=40.8193 33.9249 31.2424 37.321 30.6255 34.053 32.2998 35.4265 70.3893 37.1063 40.4425 36.9265 31.4238 29.8844 95.0771 76.1284 66.9164 46.3919
threshold=41859.284942633676 16571.864639373602 57.906250000000007 5.5000000000000009 4.9062500000000009 25.293750000000006 22.846354166666668 203.56875000000005 22.237499999999997 15.861197916666669 36.000000000000007 29804.500000000004 47.500000000000007 21915.138123433535 23062.500000000004 22297.500000000004 23088.500000000004 9.1557291666666689
decision_type=2 2 2 2 2 2 2 2 2 2 2 2 2 2 2 2 2 2
left_child=1 2 -1 -4 5 6 7 8 9 11 -11 -3 13 14 16 -15 -10 -16
right_child=-2 4 3 -5 -6 -7 -8 -9 12 10 -12 -13 -14 15 17 -17 -18 -19
leaf_value=-31.546129139497513 11.915360080539092 -6.7612311211926039 -12.827579990008859 8.775285559708081 -4.0952081417114465 5.878398021782111 -3.9388330600773775 2.5918912761528778 0.29318460192296003 -4.8171606551202473 0.061514107823426402 18.852697611343125 -2.5940262533025238 4.1303927077492864 2.4672231071976891 0.25823566325902547 -6.3644000267523575 -11.770735746406158
leaf_weight=789 1439 2947 339 274 6863 2895 3856 11163 65133 4011 7437 103 6695 21674 1157 212145 6281 4599
leaf_count=789 1439 2947 339 274 6863 2895 3856 11163 65133 4011 7437 103 6695 21674 1157 212145 6281 4599
internal_value=9.95721e-06 -5.54331e-06 -0.00357094 0.000318444 8.46022e-06 3.82433e-05 1.75613e-05 4.10353e-05 -1.72838e-06 -0.00156662 -0.000966922 -0.00381753 6.96877e-05 0.0001032 -0.000288667 0.000232533 -5.98141e-05 -0.00312802
internal_weight=359800 358361 1402 613 356959 350096 347201 343345 332182 14498 11448 3050 317684 310989 77170 233819 71414 5756
internal_count=359800 358361 1402 613 356959 350096 347201 343345 332182 14498 11448 3050 317684 310989 77170 233819 71414 5756
is_linear=0
shrinkage=0.0229654


Tree=303
num_leaves=19
num_cat=0
split_feature=6 8 24 10 30 17 36 32 30 8 14 8 3 10 21 25 32 21
split_gain=30.2286 43.1263 32.784 52.4325 69.3091 44.5377 48.5295 41.1522 48.3087 46.9281 35.7895 60.9561 74.7295 57.2795 68.8521 65.3531 45.3742 41.4714
threshold=1.0000000180025095e-35 -0.065263096110025884 0.09999999999999977 0.6830127018922193 1017.3437500000001 61.312500000000007 20281.000000000004 489.84375000000006 21.024999999999999 -0.70710678118654757 86.687500000000014 0.13052619222005152 1.0000000180025095e-35 1.0000000180025095e-35 7.3270833333333352 12.671093750000002 1.0000000180025095e-35 8.1589843750000011
decision_type=2 2 2 2 2 2 2 2 2 2 2 2 2 2 2 2 2 2
left_child=2 -2 3 5 -5 -1 -7 8 -4 -9 13 12 -12 15 -15 16 17 -10
right_child=1 -3 7 4 -6 6 -8 9 10 -11 11 -13 -14 14 -16 -17 -18 -19
leaf_value=-0.86916935533284556 -11.104716586900452 0.39347675156938089 -5.7390590351372186 5.8351389638877409 0.62890252268119051 3.3084632582901663 0.29683652657432807 -4.169455900586482 7.3877885910950942 3.3410820064397622 13.270815835094238 -0.8045474496542 1.633809530878328 -0.69640638605474814 -5.8748728297480239 -1.1689971272613495 3.8302149464945008 -1.7601001449875
leaf_weight=64500 3864 4200 3094 18540 30953 13456 61532 2826 2493 8869 2665 24474 16596 20896 20748 43263 8667 8164
leaf_count=64500 3864 4200 3094 18540 30953 13456 61532 2826 2493 8869 2665 24474 16596 20896 20748 43263 8667 8164
internal_value=8.99979e-06 -0.00138123 4.08725e-05 0.00024663 0.000888817 1.8769e-05 0.000399356 -0.00019804 -0.000299648 0.0011144 -0.000240261 0.000311124 0.00127758 -0.00047162 -0.00113162 -3.24738e-05 0.00107791 7.43461e-05
internal_weight=359800 8064 351736 188981 49493 139488 74988 162755 151060 11695 147966 43735 19261 104231 41644 62587 19324 10657
internal_count=359800 8064 351736 188981 49493 139488 74988 162755 151060 11695 147966 43735 19261 104231 41644 62587 19324 10657
is_linear=0
shrinkage=0.0229654


Tree=304
num_leaves=19
num_cat=0
split_feature=37 37 36 36 15 11 7 9 6 7 0 3 22 17 1 16 11 0
split_gain=39.8423 33.7656 61.6731 59.953 33.8811 33.3972 31.7431 55.1285 43.96 37.2543 49.422 36.2808 45.8466 32.5381 66.2603 55.2379 41.0779 42.6946
threshold=41859.284942633676 19228.289749810432 21250.500000000004 19397.500000000004 15.581250000000004 60.000000000000007 0.82968937203783699 -0.93301270189221908 1.0000000180025095e-35 0.94490267940017769 11.500000000000002 4.5000000000000009 12.858897569444446 76.312500000000014 19.500000000000004 283.56250000000006 84.000000000000014 19.500000000000004
decision_type=2 2 2 2 2 2 2 2 2 2 2 2 2 2 2 2 2 2
left_child=1 2 4 -3 -1 -6 13 -8 9 -9 -11 12 -12 -5 15 16 17 -15
right_child=-2 3 -4 6 5 -7 7 8 -10 10 11 -13 -14 14 -16 -17 -18 -19
leaf_value=-0.055596062841327162 11.634901991522495 3.2828217099126813 -19.751762345365954 -0.30164921150534957 -9.4873762298557445 -1.8504782953860768 5.0818821192867825 -2.771733453580735 -13.314016577348555 -2.9300809309799964 4.8837158170274311 -3.4568380637844953 -1.1573036300982436 0.81024647546943251 -1.5183064095036873 -2.6500647310815997 0.99769137797103324 5.5532485157982974
leaf_weight=24229 1439 14927 1742 144329 2868 5170 1767 20450 827 7747 9196 2984 3797 15140 23883 14000 36796 28509
leaf_count=24229 1439 14927 1742 144329 2868 5170 1767 20450 827 7747 9196 2984 3797 15140 23883 14000 36796 28509
internal_value=8.55299e-06 -6.76092e-06 -0.000695195 6.54229e-05 -0.000467963 -0.00175998 -3.15433e-06 -0.000554395 -0.000710636 -0.000612425 6.77617e-06 0.00073667 0.00126113 9.49981e-05 0.000377297 0.000650579 0.000882275 0.00135875
internal_weight=359800 358361 34009 324352 32267 8038 309425 46768 45001 44174 23724 15977 12993 262657 118328 94445 80445 43649
internal_count=359800 358361 34009 324352 32267 8038 309425 46768 45001 44174 23724 15977 12993 262657 118328 94445 80445 43649
is_linear=0
shrinkage=0.0229654


Tree=305
num_leaves=19
num_cat=0
split_feature=37 33 15 11 24 7 3 7 0 3 37 0 9 16 3 16 26 13
split_gain=36.8255 37.5576 37.3544 49.7651 42.9867 38.8176 47.2422 93.1187 52.7117 90.245 50.5587 54.5229 47.7489 44.4283 49.4883 100.387 42.1628 40.2703
threshold=40097.014493550079 0.98958333333333348 7.3812500000000023 108.00000000000001 -1.2749999999999988 0.55438071450436044 5.5000000000000009 0.13052619222005141 27.500000000000004 3.5000000000000004 21113.0901851915 43.500000000000007 -0.93301270189221908 155.31250000000003 1.0000000180025095e-35 9.1875000000000018 18.637630208333338 15.231250000000003
decision_type=2 2 2 2 2 2 2 2 2 2 2 2 2 2 2 2 2 2
left_child=1 2 3 4 -1 6 8 12 13 10 -10 -12 -8 14 15 -4 -15 -13
right_child=-2 -3 5 -5 -6 -7 7 -9 9 -11 11 17 -14 16 -16 -17 -18 -19
leaf_value=5.2121413052707029 5.2509410968797168 -4.8252920583438588 -6.8189746941854921 -0.67704387721955772 1.0270026481320145 -1.0295619003868068 16.312664113101984 -3.2470976953916448 -11.242624494071039 -3.1191436920039992 1.5339843488123144 -2.7774044520066332 3.5123025344267607 0.45735503992733106 3.4606827817773071 14.679956149045507 -9.0178210606076963 2.2460163899146917
leaf_weight=7550 5662 6711 3751 18853 23136 85844 1661 7009 2608 39459 56713 15164 22014 27591 28077 2057 3123 2817
leaf_count=7550 5662 6711 3751 18853 23136 85844 1661 7009 2608 39459 56713 15164 22014 27591 28077 2057 3123 2817
internal_value=8.04236e-06 -2.13352e-05 1.15347e-05 0.000595472 0.00116601 -8.55745e-05 8.12287e-05 0.000914605 -5.97688e-05 -0.000350989 0.000105169 0.000214914 0.00160297 0.000466603 0.00104 -0.000889672 -0.000165993 -0.000887018
internal_weight=359800 354138 347427 49539 30686 297888 212044 30684 181360 116761 77302 74694 23675 64599 33885 5808 30714 17981
internal_count=359800 354138 347427 49539 30686 297888 212044 30684 181360 116761 77302 74694 23675 64599 33885 5808 30714 17981
is_linear=0
shrinkage=0.0229654


Tree=306
num_leaves=19
num_cat=0
split_feature=37 37 36 36 21 30 22 25 0 36 37 0 37 37 13 3 0 36
split_gain=35.1551 30.4993 62.593 61.9098 29.5008 28.0323 52.6746 57.5895 32.0053 31.3968 123.727 65.4334 64.293 41.9062 56.8807 69.2725 51.6448 40.8019
threshold=40097.014493550079 19091.612530663104 21368.500000000004 19397.500000000004 24.110286458333338 21.024999999999999 18.655859375000002 15.634635416666669 47.500000000000007 26525.500000000004 28318.349165525371 12.500000000000002 25077.503310491455 23167.259587382465 2.3187500000000005 1.0000000180025095e-35 11.500000000000002 22917.500000000004
decision_type=2 2 2 2 2 2 2 2 2 2 2 2 2 2 2 2 2 2
left_child=1 2 -1 -3 5 6 -5 -8 9 10 13 -12 -11 17 15 16 -15 -7
right_child=-2 3 -4 4 -6 8 7 -9 -10 12 11 -13 -14 14 -16 -17 -18 -19
leaf_value=-0.80251538364553288 5.1303510873222855 2.9885668043840261 -24.416230334775435 -4.923789069662603 7.0744744724697686 0.24095305190081845 -8.947728112495918 0.56639480866720793 -2.6351779156554933 -7.4880217156806008 -9.6649604819639983 17.165486410980581 -0.19135202133005241 -16.008987891717901 2.1997287183638434 -0.095919991740337343 2.6711056533305229 -2.8750872532599154
leaf_weight=29745 5662 16371 1425 5146 1044 50041 1112 12589 6740 7427 411 3020 130102 1447 53327 14698 616 18877
leaf_count=29745 5662 16371 1425 5146 1044 50041 1112 12589 6740 7427 411 3020 130102 1447 53327 14698 616 18877
internal_value=9.63807e-06 -1.90655e-05 -0.000705098 4.71442e-05 -2.63288e-05 -3.94967e-05 -0.000897439 -0.000153371 1.69013e-05 5.45495e-05 0.000293523 0.00460178 -0.000192952 0.000187185 0.000582589 -0.000584377 -0.00452518 -0.000214932
internal_weight=359800 354138 31170 322968 306597 305553 18847 13701 286706 279966 142437 3431 137529 139006 70088 16761 2063 68918
internal_count=359800 354138 31170 322968 306597 305553 18847 13701 286706 279966 142437 3431 137529 139006 70088 16761 2063 68918
is_linear=0
shrinkage=0.0229654


Tree=307
num_leaves=19
num_cat=0
split_feature=37 15 11 37 33 4 14 35 7 3 7 13 10 22 23 18 36 3
split_gain=34.6894 31.6664 43.0669 43.0832 39.5531 44.6379 29.5656 28.9436 26.9382 69.4103 68.7955 46.5124 44.21 43.3444 42.8073 42.762 41.6773 40.4624
threshold=41859.284942633676 19.856250000000006 132.00000000000003 17658.666800385352 0.17013888888888892 1.5000000000000002 75.937500000000014 38086.000000000007 0.44134171618254497 5.5000000000000009 0.065263096110025662 1.0062500000000003 0.6830127018922193 16.911675347222225 4.5875000000000021 0.038125000000000013 20158.000000000004 1.5000000000000002
decision_type=2 2 2 2 2 2 2 2 2 2 2 2 2 2 2 2 2 2
left_child=1 8 3 -3 5 6 -5 -6 9 14 11 12 -11 -13 16 -16 -1 -10
right_child=-2 2 -4 4 7 -7 -8 -9 17 10 -12 13 -14 -15 15 -17 -18 -19
leaf_value=4.7817491699739847 11.129291089193469 -17.631512504475921 2.9796245816604987 -30.984424588893955 -5.1520029378435526 -2.6113658915048128 7.8090210444808479 -18.0568999464559 0.97897640193831625 -10.539309687610768 -2.0260899036392153 7.2456815107432027 4.5868578483615012 0.14286618174197285 -5.3790997689456788 4.1810510543999388 0.2510599684336195 -0.87381864056510805
leaf_weight=7697 1439 945 9188 125 6743 20692 4840 980 33116 1065 5662 15782 1307 3844 15830 4900 142217 83428
leaf_count=7697 1439 945 9188 125 6743 20692 4840 980 33116 1065 5662 15782 1307 3844 15830 4900 142217 83428
internal_value=8.3615e-06 -5.92782e-06 -0.00058663 -0.000960432 -0.000823535 -0.000389813 0.00156572 -0.00226443 7.43271e-05 0.000237177 0.00130436 0.00188542 -0.00115214 0.00225254 6.4195e-05 -0.000913963 0.000199454 -0.000202768
internal_weight=359800 358361 43513 34325 33380 25657 4965 7723 314848 198304 27660 21998 2372 19626 170644 20730 149914 116544
internal_count=359800 358361 43513 34325 33380 25657 4965 7723 314848 198304 27660 21998 2372 19626 170644 20730 149914 116544
is_linear=0
shrinkage=0.0229654


Tree=308
num_leaves=19
num_cat=0
split_feature=15 33 14 28 8 17 8 14 16 14 21 8 28 36 29 9 4 4
split_gain=30.6149 36.1432 44.0076 30.3458 29.5972 28.9909 50.0293 66.4151 41.3562 67.3793 46.7741 55.4998 37.5166 35.4742 60.9332 34.0636 34.0441 33.9377
threshold=19.856250000000006 0.16319444444444445 58.062500000000007 2.261901176133104 1.0000000180025095e-35 75.812500000000014 -0.70710678118654757 74.562500000000014 50.812500000000007 68.062500000000014 18.332421875000005 0.13052619222005152 -0.28314568014705971 27301.500000000004 451.31875000000008 -0.93301270189221908 11.500000000000002 11.500000000000002
decision_type=2 2 2 2 2 2 2 2 2 2 2 2 2 2 2 2 2 2
left_child=5 2 3 -2 -3 8 7 -7 9 -1 11 -11 17 -9 -15 -14 -13 -8
right_child=1 4 -4 -5 -6 6 12 13 -10 10 -12 16 15 14 -16 -17 -18 -19
leaf_value=2.786237812012899 -13.202019632006003 -2.5843533158396044 0.40880267704352874 7.0404990992309919 -8.7887162727402064 -0.77206338391215945 -0.57510468062343678 12.75533240477206 -1.4641907349234315 1.9316707594577398 2.3709456288866564 -1.1396585299939941 4.3751686552459503 0.49178035389671809 13.08057411012944 0.58113401904679007 3.5360344598372788 -6.4555447418196046
leaf_weight=12866 3358 6475 28984 604 4152 13172 34705 6028 80245 19926 7389 55592 3388 9403 6107 60504 3186 3716
leaf_count=12866 3358 6475 28984 604 4152 13172 34705 6028 80245 19926 7389 55592 3388 9403 6107 60504 3186 3716
internal_value=7.53174e-06 -0.000563159 -0.00018751 -0.00245768 -0.00172775 8.61674e-05 0.000337635 0.00109104 -0.00010611 0.000208051 -2.36075e-05 -0.000187624 8.2041e-05 0.00187664 0.0012956 0.000423062 -0.000542702 -0.000485058
internal_weight=359800 43573 32946 3962 10627 316227 137023 34710 179204 98959 86093 78704 102313 21538 15510 63892 58778 38421
internal_count=359800 43573 32946 3962 10627 316227 137023 34710 179204 98959 86093 78704 102313 21538 15510 63892 58778 38421
is_linear=0
shrinkage=0.0229654


Tree=309
num_leaves=19
num_cat=0
split_feature=7 3 1 25 0 3 3 7 0 22 3 26 32 6 10 16 24 26
split_gain=30.0801 50.0591 109.49 46.124 48.6259 128.415 46.92 64.642 53.1786 45.8153 42.5342 45.6805 55.7036 44.5913 65.3722 46.4914 41.6416 40.5732
threshold=0.55438071450436044 5.5000000000000009 10.500000000000002 4.3210937500000011 19.500000000000004 1.0000000180025095e-35 3.5000000000000004 -0.5 43.500000000000007 6.6220920138888903 5.5000000000000009 18.441536458333335 586.38125000000002 1.0000000180025095e-35 0.6830127018922193 8.3125000000000018 -2.3749999999999982 17.004817708333338
decision_type=2 2 2 2 2 2 2 2 2 2 2 2 2 2 2 2 2 2
left_child=1 3 -3 9 5 -5 8 -8 16 -1 13 -12 -13 -2 15 -15 -6 -10
right_child=10 2 -4 4 6 -7 7 -9 17 -11 11 12 -14 14 -16 -17 -18 -19
leaf_value=1.7434903102157242 -0.077853935579179856 -3.1556077507791542 4.2959262590093843 -5.152863975400968 -3.5544428262549221 2.9989782342512825 -4.0481250920714009 0.17797376083115984 -2.978998430626663 9.7614715801281928 -3.4710151195982348 9.5636969438360993 -3.8342587365454701 3.4775760277112751 -16.640357402823291 -13.506544725204483 1.2008896398027225 1.7296898591380236
leaf_weight=20719 93960 7440 27664 3893 8977 18714 30084 25049 14991 3603 14599 828 533 1010 840 670 82869 3357
leaf_count=20719 93960 7440 27664 3893 8977 18714 30084 25049 14991 3603 14599 828 533 1010 840 670 82869 3357
internal_value=9.57424e-06 0.000151147 0.000954493 1.82853e-05 -0.000103503 0.000895475 -0.000240104 -0.000787063 3.35538e-05 0.000959331 -0.000301875 -0.00140008 0.00262389 -0.000120207 -0.00313496 -0.000519456 0.000259044 -0.0010952
internal_weight=359800 247360 35104 212256 187934 22607 165327 55133 110194 24322 112440 15960 1361 96480 2520 1680 91846 18348
internal_count=359800 247360 35104 212256 187934 22607 165327 55133 110194 24322 112440 15960 1361 96480 2520 1680 91846 18348
is_linear=0
shrinkage=0.0229654


Tree=310
num_leaves=19
num_cat=0
split_feature=37 37 29 31 15 7 6 37 9 35 37 37 35 0 35 37 37 4
split_gain=33.4351 30.3046 31.0941 28.1108 27.8524 34.3799 35.1523 42.0141 43.482 33.2548 77.9406 47.8493 42.8367 42.2306 34.0268 50.4713 49.2843 41.0669
threshold=41859.284942633676 16571.864639373602 57.906250000000007 455.66250000000008 5.9687500000000009 0.55438071450436044 1.0000000180025095e-35 22799.823670822549 0.68301270189221941 23358.500000000004 23167.259587382465 22689.98080292749 25601.500000000004 43.500000000000007 27635.500000000004 26074.985478570168 26535.342741169527 8.5000000000000018
decision_type=2 2 2 2 2 2 2 2 2 2 2 2 2 2 2 2 2 2
left_child=1 2 -1 4 -3 9 -7 8 -8 11 12 -6 -11 14 15 -12 -16 -17
right_child=-2 3 -4 -5 5 6 7 -9 -10 10 13 -13 -14 -15 16 17 -18 -19
leaf_value=-30.57456282092258 10.826458341950842 1.2997882706546755 0.94314337676620885 10.42323996602331 0.31094076073923504 -0.70179124102425616 -6.05418943154839 -33.257978035595194 8.5138604043840278 -4.21447532480658 0.21220013166062351 3.9350913872004591 -19.458123420108603 -1.6132828447158747 -7.4410087306275665 2.3528042719017086 0.23118982006957808 10.815255194678745
leaf_weight=789 1439 24640 613 546 46364 97487 1187 444 482 8095 25027 18561 1545 24454 4505 13627 85830 4165
leaf_count=789 1439 24640 613 546 46364 97487 1187 444 482 8095 25027 18561 1545 24454 4505 13627 85830 4165
internal_value=9.44658e-06 -4.58205e-06 -0.00337438 8.65323e-06 6.76566e-07 -5.46494e-05 -0.000411579 -0.0033421 -0.00167184 9.847e-05 -7.27762e-05 0.000539603 -0.00207737 4.98336e-05 0.000210934 0.000744167 -4.182e-05 0.00167929
internal_weight=359800 358361 1402 356959 356413 331773 99600 2113 1669 232173 167248 64925 9640 157608 133154 42819 90335 17792
internal_count=359800 358361 1402 356959 356413 331773 99600 2113 1669 232173 167248 64925 9640 157608 133154 42819 90335 17792
is_linear=0
shrinkage=0.0229654


Tree=311
num_leaves=19
num_cat=0
split_feature=15 13 11 14 6 23 28 24 25 21 12 3 15 21 21 32 8 26
split_gain=28.6999 36.0247 44.5153 27.447 25.8449 38.2016 26.7378 25.8015 27.0581 27.4701 31.7729 30.8803 25.1193 43.2293 24.392 24.0821 22.3105 31.1497
threshold=22.243750000000006 -0.56874999999999976 132.00000000000003 52.312500000000007 1.0000000180025095e-35 -1.3624999999999989 9.4997336800573908 -0.40000000000000008 18.655989583333341 8.0915364583333353 7.231250000000002 3.5000000000000004 5.356250000000002 1.0000000180025095e-35 12.72330729166667 423.95625000000007 0.13052619222005152 6.7200520833333339
decision_type=2 2 2 2 2 2 2 2 2 2 2 2 2 2 2 2 2 2
left_child=4 -2 3 -3 6 -6 12 14 9 10 11 -9 -1 -14 -7 -8 -5 -18
right_child=1 2 -4 16 5 7 15 8 -10 -11 -12 -13 13 -15 -16 -17 17 -19
leaf_value=1.788916980008582 3.8979788059801153 -27.552764181238949 2.8769240333118669 -3.3910676230243295 1.6510539819402008 -9.5844830342335516 -10.451890420560025 -12.914614166996518 -18.062947135456032 3.9009836743717874 -27.50014742497601 20.590956599329839 9.5202363679383222 0.033274804171950625 -35.142309878324852 10.597044200761093 4.702445589761826 -9.1003563918248442
leaf_weight=15629 4846 658 4712 9210 2414 1909 85 513 310 1566 312 319 1878 309470 300 1100 786 3783
leaf_count=15629 4846 658 4712 9210 2414 1909 85 513 310 1566 312 319 1878 309470 300 1100 786 3783
internal_value=7.85088e-06 -0.000759452 -0.0012071 -0.00183968 6.26786e-05 -0.00125749 9.34259e-05 -0.00236066 -0.000980973 -0.000245755 -0.00295097 -0.000607258 8.09465e-05 3.5848e-05 -0.00424689 0.00353687 -0.00162086 -0.00293288
internal_weight=359800 23995 19149 14437 335805 7643 328162 5229 3020 2710 1144 832 326977 311348 2209 1185 13779 4569
internal_count=359800 23995 19149 14437 335805 7643 328162 5229 3020 2710 1144 832 326977 311348 2209 1185 13779 4569
is_linear=0
shrinkage=0.0229654


Tree=312
num_leaves=19
num_cat=0
split_feature=37 37 29 31 15 23 31 17 36 8 36 37 37 21 8 33 18 27
split_gain=32.258 28.5358 29.5388 26.3437 26.0881 33.1226 49.9082 49.3069 40.8975 36.1403 31.6785 97.4252 43.7376 43.7285 70.1926 34.13 34.0625 31.1487
threshold=41859.284942633676 16571.864639373602 57.906250000000007 455.66250000000008 8.7437500000000021 -0.79999999999999838 143.88125000000002 42.562500000000007 17070.500000000004 -0.065263096110025884 26661.500000000004 26466.99420136926 29908.181515470071 5.274869791666668 -0.55438071450436044 0.90625000000000011 0.31625000000000009 -0.2625186011904756
decision_type=2 2 2 2 2 2 2 2 2 2 2 2 2 2 2 2 2 2
left_child=1 2 -1 4 -3 6 8 9 -6 -7 11 -9 15 14 -12 -13 -15 -16
right_child=-2 3 -4 -5 5 7 -8 10 -10 -11 13 12 -14 16 17 -17 -18 -19
leaf_value=-29.873169652367331 10.577060129378909 0.65621839066422605 0.9207195339542108 10.006783582920239 -5.9979953668136163 -4.9246119344131722 1.9698679911817005 0.97900651125519678 -1.06662089830895 1.2346454448182203 10.197922744006522 8.565038885113216 35.435478520461892 -2.2201276495238842 3.2115904236810886 -14.226616273946473 2.5173223467797534 -6.3389533101010311
leaf_weight=789 1439 85042 613 546 1487 20027 10091 66505 87970 6357 7855 5949 638 45673 2841 423 11795 3760
leaf_count=789 1439 85042 613 546 1487 20027 10091 66505 87970 6357 7855 5949 638 45673 2841 423 11795 3760
internal_value=7.65939e-06 -6.12008e-06 -0.00327609 6.72314e-06 -9.9874e-07 -0.000110989 -0.000444322 8.21324e-05 -0.000617027 -0.00083126 0.00024783 0.000583077 0.00315815 -9.48324e-05 0.00103421 0.00258415 -0.000378841 -0.000711472
internal_weight=359800 358361 1402 356959 356413 271371 99548 171823 89457 26384 145439 73515 7010 71924 14456 6372 57468 6601
internal_count=359800 358361 1402 356959 356413 271371 99548 171823 89457 26384 145439 73515 7010 71924 14456 6372 57468 6601
is_linear=0
shrinkage=0.0229654


Tree=313
num_leaves=19
num_cat=0
split_feature=7 30 36 24 11 24 6 17 11 29 19 16 31 35 30 31 27 27
split_gain=28.8929 33.2956 30.1341 28.8342 58.809 53.9062 49.4753 37.1306 49.6629 38.9203 37.915 35.219 35.2142 34.82 34.1963 50.8162 36.5896 33.0738
threshold=-0.94490267940017747 2152.9812500000003 20945.500000000004 0.09999999999999977 84.000000000000014 3.2750000000000012 1.0000000180025095e-35 62.562500000000007 84.000000000000014 206.13125000000005 9.6187500000000021 670.31250000000011 51.73125000000001 37846.000000000007 266.60625000000005 12.368749999999997 -3.741443452380953 0.35318080357142906
decision_type=2 2 2 2 2 2 2 2 2 2 2 2 2 2 2 2 2 2
left_child=1 2 -1 6 5 11 7 14 9 -9 -10 13 -7 -5 15 -2 -17 -16
right_child=3 -3 -4 4 -6 12 -8 8 10 -11 -12 -13 -14 -15 17 16 -18 -19
leaf_value=12.556549237179322 -7.7892481733302068 36.10621954263447 1.1287051107159516 -0.6901596993286353 0.41546393842465246 -7.0919098451645963 -5.8656700105688282 0.49504276298425409 1.0339108717292185 4.1762322820430775 -3.3143824727849704 -12.829946157185853 1.4382229458831284 -9.0115885623676064 0.97218011378861169 -3.2457018842315115 -0.12123948480833219 -3.3274663835065814
leaf_weight=1112 2298 292 36076 62662 73569 7391 4054 21396 33267 27317 14030 1296 1572 2114 38466 5294 18542 9052
leaf_count=1112 2298 292 36076 62662 73569 7391 4054 21396 33267 27317 14030 1296 1572 2114 38466 5294 18542 9052
internal_value=8.61682e-06 0.000612125 0.000551471 -6.15603e-05 -0.00029641 -0.000748782 0.00013934 0.00019925 0.000496814 0.00101148 -3.32607e-05 -0.000522068 -0.00242004 -0.00044707 -0.000188645 -0.000855908 -0.000541473 0.000178337
internal_weight=359800 37480 37188 322320 148604 75035 173716 169662 96010 48713 47297 66072 8963 64776 73652 26134 23836 47518
internal_count=359800 37480 37188 322320 148604 75035 173716 169662 96010 48713 47297 66072 8963 64776 73652 26134 23836 47518
is_linear=0
shrinkage=0.0229654


Tree=314
num_leaves=19
num_cat=0
split_feature=37 36 3 33 36 37 36 36 37 15 23 0 29 16 14 16 37 16
split_gain=30.9869 57.8545 52.3918 38.7397 37.3192 100.977 90.7704 52.5164 73.3051 50.1477 45.677 39.3694 49.3355 62.541 38.351 52.7686 38.0792 32.7976
threshold=36939.885737871497 31532.000000000004 1.0000000180025095e-35 0.98958333333333348 32394.000000000004 30273.138219804448 27819.500000000004 27094.500000000004 26605.106371552731 26.818750000000005 -0.34999999999999937 42.500000000000007 396.75625000000008 61.812500000000007 76.062500000000014 0.18750000000000003 25247.731780150305 343.56250000000006
decision_type=2 2 2 2 2 2 2 2 2 2 2 2 2 2 2 2 2 2
left_child=3 -2 -3 4 5 7 -7 8 9 -1 -10 12 13 -6 -14 -16 -9 -18
right_child=1 2 -4 -5 11 6 -8 16 10 -11 -12 -13 14 -15 15 -17 17 -19
leaf_value=0.035479784034455925 30.09721740121859 9.185488008666665 0.1586340333269107 -5.6531219126783743 -0.6039493062732465 22.982813361840133 3.4265885101568654 -8.6714743090085751 0.53837900747444156 -11.3396052191538 7.3759765098958869 -10.0053171833622 -4.4052911112277524 -10.498202524491505 -2.8202128018574708 9.6475989141234546 -1.590074503181353 5.1410374195243591
leaf_weight=200793 1029 3827 17943 5086 13356 1649 20520 5848 7805 2172 9222 2240 5108 8675 4080 7028 39526 3893
leaf_count=200793 1029 3827 17943 5086 13356 1649 20520 5848 7805 2172 9222 2240 5108 8675 4080 7028 39526 3893
internal_value=8.10619e-06 0.000827496 0.000575981 -4.73277e-05 -1.68479e-05 7.39172e-05 0.00156373 -4.87439e-05 0.000103035 -1.83868e-05 0.0015504 -0.000670181 -0.000496872 -0.00120451 0.00046452 0.00122187 -0.000726482 -0.000492165
internal_weight=359800 22799 21770 337001 331915 291428 22169 269259 219992 202965 17027 40487 38247 22031 16216 11108 49267 43419
internal_count=359800 22799 21770 337001 331915 291428 22169 269259 219992 202965 17027 40487 38247 22031 16216 11108 49267 43419
is_linear=0
shrinkage=0.0229654


Tree=315
num_leaves=19
num_cat=0
split_feature=37 37 32 32 7 3 7 35 3 14 1 8 35 14 3 3 1 35
split_gain=30.1756 26.869 28.0781 41.4521 26.9176 71.8641 77.3853 53.4676 49.4477 47.1642 63.2504 57.2923 55.4433 61.5684 45.6108 45.1185 107.814 43.9884
threshold=41859.284942633676 16571.864639373602 291.01875000000007 90.331250000000011 0.44134171618254497 5.5000000000000009 -0.32075123873380551 20093.500000000004 5.5000000000000009 59.437500000000007 19.500000000000004 0.065263096110025676 35575.000000000007 77.312500000000014 1.0000000180025095e-35 1.0000000180025095e-35 9.5000000000000018 22297.500000000004
decision_type=2 2 2 2 2 2 2 2 2 2 2 2 2 2 2 2 2 2
left_child=1 2 3 -1 5 9 7 -7 17 11 12 -3 13 -11 -14 16 -15 -6
right_child=-2 4 -4 -5 8 6 -8 -9 -10 10 -12 -13 14 15 -16 -17 -18 -19
leaf_value=-19.539719021926608 10.279666284441792 -4.8950149240647436 -28.744094711523491 8.2390933799631938 0.6368124239426064 18.020543999303399 -0.53362413269136466 4.0648965435190485 -2.6973341269240887 0.63968166679071414 -1.0363590287116498 0.97879954489975518 7.8172993480607591 -8.4440330407267741 -2.2791427464462326 4.9161476414623362 6.8124614262386585 -1.3071071997703847
leaf_weight=430 1439 26450 562 410 51477 2565 12533 17105 17979 52091 46014 12473 1991 2204 22311 28623 5375 57768
leaf_count=430 1439 26450 562 410 51477 2565 12533 17105 17979 52091 46014 12473 1991 2204 22311 28623 5375 57768
internal_value=8.55299e-06 -4.7743e-06 -0.00317781 -0.000519456 7.68818e-06 0.000156095 0.00116207 0.0020607 -0.000260298 -7.9058e-06 0.000167887 -0.000724251 0.000461062 0.000728423 -0.0005103 0.00145588 -0.00011969 -7.66249e-05
internal_weight=359800 358361 1402 840 356959 229735 32203 19670 127224 197532 158609 38923 112595 88293 24302 36202 7579 109245
internal_count=359800 358361 1402 840 356959 229735 32203 19670 127224 197532 158609 38923 112595 88293 24302 36202 7579 109245
is_linear=0
shrinkage=0.0229654


Tree=316
num_leaves=19
num_cat=0
split_feature=7 22 3 3 36 10 15 27 31 22 13 10 27 14 0 3 3 9
split_gain=27.5712 32.1549 30.0512 64.4982 40.0901 38.3589 28.6582 35.656 27.9046 27.4351 26.1288 29.8126 33.7177 33.6556 34.8629 26.294 31.0781 30.4747
threshold=-0.94490267940017747 0.88997395833333348 5.5000000000000009 3.5000000000000004 22554.500000000004 -0.5 17.393750000000008 -3.0602120535714277 64.818750000000009 10.023263888888891 0.53125000000000033 1.0000000180025095e-35 0.12018229166666707 52.812500000000007 38.500000000000007 4.5000000000000009 1.5000000000000002 0.68301270189221941
decision_type=2 2 2 2 2 2 2 2 2 2 2 2 2 2 2 2 2 2
left_child=1 -1 3 -3 -5 -4 -2 8 -8 -7 15 12 -12 14 -14 16 -9 -17
right_child=6 2 5 4 -6 9 7 10 -10 -11 11 -13 13 -15 -16 17 -18 -19
leaf_value=31.059977879135356 0.099719469825736817 2.8108801239938388 -1.4282324763231427 7.7499343592468186 -4.0696657844681452 6.3502905783544543 -4.6281557033435448 -2.0373434023530446 -17.735157765998814 19.765728251814142 -3.4602989129150328 -3.5806588744870531 -15.465195202524354 3.5057242766333423 8.3762534502686243 0.9920554675348181 9.3641248265955284 -11.549822943745239
leaf_weight=346 257370 21263 1880 1344 9266 2319 3272 3271 722 1062 8578 26830 1611 12328 340 2138 5083 777
leaf_count=346 257370 21263 1880 1344 9266 2319 3272 3271 722 1062 8578 26830 1611 12328 340 2138 5083 777
internal_value=8.48916e-06 0.000598032 0.000533101 0.000267676 -0.00119481 0.00214114 -6.0064e-05 -0.000491131 -0.00259324 0.00360342 -0.000353395 -0.000579832 2.96399e-05 0.000713296 -0.00208937 0.000645004 0.00130029 -0.00123296
internal_weight=359800 37480 37134 31873 10610 5261 322320 64950 3994 3381 60956 49687 22857 14279 1951 11269 8354 2915
internal_count=359800 37480 37134 31873 10610 5261 322320 64950 3994 3381 60956 49687 22857 14279 1951 11269 8354 2915
is_linear=0
shrinkage=0.0229654


Tree=317
num_leaves=19
num_cat=0
split_feature=37 36 3 36 37 36 36 37 0 14 26 37 9 3 18 36 12 16
split_gain=29.3204 54.5252 48.2589 37.5866 89.0033 82.8554 46.4673 59.6262 47.4032 40.7192 42.4431 38.1226 34.1446 46.547 36.8047 40.8366 35.9872 35.0856
threshold=36939.885737871497 31532.000000000004 1.0000000180025095e-35 32394.000000000004 30652.222152087903 27675.500000000004 27094.500000000004 27434.633048687825 12.500000000000002 76.062500000000014 5.274869791666668 25247.731780150305 -0.24999999999999994 2.5000000000000004 0.33812500000000006 38554.500000000007 10.956250000000002 32.062500000000007
decision_type=2 2 2 2 2 2 2 2 2 2 2 2 2 2 2 2 2 2
left_child=3 -2 -3 4 6 -6 7 -1 -9 -5 -11 -8 13 17 15 -14 -17 -12
right_child=1 2 -4 9 5 -7 11 8 -10 10 12 -13 14 -15 -16 16 -18 -19
leaf_value=0.00093619151914654016 29.385483267187066 8.7539510930366831 0.15479468239579489 -6.1400160857172006 22.737806141360927 3.277190513772648 -8.4738229513115471 -5.810258445117193 5.8563246676017133 5.8443319767568482 4.2375325417716141 -1.0867142927540174 -3.8079270410822654 -11.481941547967754 6.0992401226094435 9.4251652382815401 -8.0751489167912087 -9.7460514612525202
leaf_weight=213023 1029 3827 17943 12790 1434 18689 5870 1126 8759 5742 1330 46798 12623 2288 3183 1690 404 1252
leaf_count=213023 1029 3827 17943 12790 1434 18689 5870 1126 8759 5742 1330 46798 12623 2288 3183 1690 404 1252
internal_value=7.27642e-06 0.000804328 0.000560158 -4.66462e-05 4.39971e-05 0.00151844 -6.36687e-05 8.12878e-05 0.00182492 -0.000695601 -0.000212643 -0.000677172 -0.000657595 -0.00236256 -0.000193731 -0.000678023 0.00229215 -0.000249044
internal_weight=359800 22799 21770 337001 295699 20123 275576 222908 9885 41302 28512 52668 22770 4870 17900 14717 2094 2582
internal_count=359800 22799 21770 337001 295699 20123 275576 222908 9885 41302 28512 52668 22770 4870 17900 14717 2094 2582
is_linear=0
shrinkage=0.0229654


Tree=318
num_leaves=19
num_cat=0
split_feature=37 37 35 3 30 4 7 30 35 4 13 37 35 35 3 1 10 10
split_gain=29.0385 25.7058 53.6475 39.58 44.7696 40.8086 39.965 39.5323 36.7792 52.6265 34.5735 40.8614 122.34 72.9867 55.98 82.8823 55.7675 97.1389
threshold=41859.284942633676 19574.565316963995 20217.500000000004 1.0000000180025095e-35 779.61875000000009 4.5000000000000009 0.99572243068690536 224.69375000000005 21001.500000000004 5.5000000000000009 19.806250000000006 28060.695964053844 27408.000000000004 27194.500000000004 1.0000000180025095e-35 4.5000000000000009 -0.68301270189221952 1.0000000180025095e-35
decision_type=2 2 2 2 2 2 2 2 2 2 2 2 2 2 2 2 2 2
left_child=1 3 7 6 5 -5 -1 -3 -7 -10 11 13 -13 14 15 -4 -15 -18
right_child=-2 2 10 4 -6 8 -8 -9 9 -11 -12 12 -14 16 -16 -17 17 -19
leaf_value=-4.6146151218332996 9.963247123215222 0.078917756207641049 -7.8233192937010321 7.166401049528754 -9.2124164218859228 0.036757618043339046 4.5279082602725067 4.2539983474659309 -19.020272444063409 -2.5982280707751757 2.4307576923644221 10.510605201576267 0.13576440699555856 -9.0935603640717577 0.11456325259782781 -0.56004059479626545 3.3822038443698581 -6.2855683468512966
leaf_weight=5131 1439 11149 4724 2060 2179 27580 477 14763 763 2960 14297 7776 102515 5524 126859 10088 6678 12838
leaf_count=5131 1439 11149 4724 2060 2179 27580 477 14763 763 2960 14297 7776 102515 5524 126859 10088 6678 12838
internal_value=7.85088e-06 -5.22289e-06 6.48323e-05 -0.000545254 -0.000262336 -5.40354e-05 -0.00233831 0.0010662 -0.000260079 -0.00240264 -2.42427e-05 -8.10831e-05 0.000261844 -0.000307953 -0.000105935 -0.00144193 -0.00145093 -0.000874324
internal_weight=359800 358361 317211 41150 35542 33363 5608 25912 31303 3723 291299 277002 110291 166711 141671 14812 25040 19516
internal_count=359800 358361 317211 41150 35542 33363 5608 25912 31303 3723 291299 277002 110291 166711 141671 14812 25040 19516
is_linear=0
shrinkage=0.0229654


Tree=319
num_leaves=19
num_cat=0
split_feature=7 36 3 27 8 29 17 9 16 29 7 3 28 26 3 26 4 7
split_gain=26.6365 27.3282 48.5973 60.5797 54.7268 53.8474 38.8879 42.2991 37.3892 57.7447 35.6545 58.0696 53.0462 49.506 41.7289 57.0719 55.1661 52.7735
threshold=-0.97868534383143924 32394.000000000004 2.5000000000000004 4.5711867559523816 -0.70710678118654757 746.06875000000002 70.562500000000014 -0.24999999999999994 121.06250000000001 411.58125000000007 0.32075123873380545 5.5000000000000009 -2.1185971973762663 1.0000000180025095e-35 5.5000000000000009 7.8050781250000005 1.5000000000000002 -0.55438071450436044
decision_type=2 2 2 2 2 2 2 2 2 2 2 2 2 2 2 2 2 2
left_child=-1 10 5 4 6 8 -4 -8 -3 -10 14 -12 13 -13 15 -2 -17 -16
right_child=1 2 3 -5 -6 -7 7 -9 9 -11 11 12 -14 -15 17 16 -18 -19
leaf_value=2.0402330608592787 3.4825701451792517 1.3164745138898812 -8.3204440281196597 -13.983887280550807 -4.631107845014923 27.537463224491152 -11.216737023143063 9.6126367901046894 -15.838315077875226 3.7576969505073361 -0.046382491023404471 12.661612178129493 -1.5606547408377827 -8.6251559574809704 7.0163604357148479 11.7335647360526 -0.4028879495050513 0.59141997764519549
leaf_weight=22488 23352 22233 2767 2066 14153 318 601 5365 2545 2824 111528 152 16544 3408 9672 1815 103969 14000
leaf_count=22488 23352 22233 2767 2066 14153 318 601 5365 2545 2824 111528 152 16544 3408 9672 1815 103969 14000
internal_value=8.8083e-06 -4.22118e-05 -0.000521665 -0.00125816 -0.000918175 0.000136542 0.000511482 0.00155515 2.82887e-05 -0.00169172 4.69094e-05 -0.000230122 -0.00136623 -0.00390928 0.00028555 0.000123065 -0.000103772 0.00117194
internal_weight=359800 337312 52872 24952 22886 27920 8733 5966 27602 5369 284440 131632 20104 3560 152808 129136 105784 23672
internal_count=359800 337312 52872 24952 22886 27920 8733 5966 27602 5369 284440 131632 20104 3560 152808 129136 105784 23672
is_linear=0
shrinkage=0.0229654


Tree=320
num_leaves=19
num_cat=0
split_feature=15 29 30 7 17 1 36 4 0 36 6 0 15 36 5 0 36 4
split_gain=26.1417 42.6771 41.6005 32.0855 36.255 56.0659 34.9042 67.1448 37.862 34.3129 33.7289 36.0806 29.3169 28.9383 57.8961 88.8717 71.3415 56.4276
threshold=5.6812500000000012 746.06875000000002 2284.7250000000004 0.55438071450436044 98.562500000000014 19.500000000000004 27301.500000000004 1.5000000000000002 43.500000000000007 17070.500000000004 1.0000000180025095e-35 14.500000000000002 14.606250000000003 19594.500000000004 1.0000000180025095e-35 11.500000000000002 27598.000000000004 4.5000000000000009
decision_type=2 2 2 2 2 2 2 2 2 2 2 2 2 2 2 2 2 2
left_child=-1 3 -3 4 6 -6 7 -2 -8 -5 13 -12 -7 17 15 -15 -16 -11
right_child=1 2 -4 9 5 12 8 -9 -10 10 11 -13 -14 14 16 -17 -18 -19
leaf_value=1.4248062844375244 9.4782047014786404 2.5359675527591552 24.792100433640286 -4.1414621610743438 4.9184328978055731 1.136369877732111 -0.59558946040690575 0.39121447231834366 -4.3345391623978911 7.9988229007194604 -1.9073601524747823 -27.843474916356836 -7.7696541961089256 -2.4102223566426781 -2.3252749542922024 1.5513228951414955 -18.157724948838478 0.06627166231659104
leaf_weight=20651 3018 1080 636 3581 18804 2717 82602 118079 7677 2506 1434 728 2980 22181 15825 35714 1559 18028
leaf_count=20651 3018 1080 636 3581 18804 2717 82602 118079 7677 2506 1434 728 2980 22181 15825 35714 1559 18028
internal_value=9.06361e-06 -3.92407e-05 0.00357329 -5.76121e-05 8.93295e-05 0.000925609 -7.6053e-06 0.000247202 -0.000349395 -0.000398903 -0.000318199 -0.00315482 -0.00107027 -0.000254191 -0.00046264 -0.000113647 -0.00162491 0.000509994
internal_weight=359800 339149 1716 337433 235877 24501 211376 121097 90279 101556 97975 2162 5697 95813 75279 57895 17384 20534
internal_count=359800 339149 1716 337433 235877 24501 211376 121097 90279 101556 97975 2162 5697 95813 75279 57895 17384 20534
is_linear=0
shrinkage=0.0229654


Tree=321
num_leaves=19
num_cat=0
split_feature=37 33 15 24 31 26 21 18 35 37 27 18 37 16 25 14 3 27
split_gain=27.6657 35.9991 32.1452 32.7175 35.0556 34.3086 33.0321 36.4092 34.1881 77.7395 60.8655 58.1808 53.0239 39.4339 32.5577 32.1952 30.6876 32.5068
threshold=40097.014493550079 0.98958333333333348 7.3812500000000023 2.5250000000000021 46.543750000000017 14.075911458333335 3.9632812500000001 0.55625000000000024 26978.500000000004 27736.99555956195 0.17576264880952366 0.014375000000000002 25880.966961899576 670.31250000000011 15.861197916666669 86.687500000000014 5.5000000000000009 5.2823102678571443
decision_type=2 2 2 2 2 2 2 2 2 2 2 2 2 2 2 2 2 2
left_child=1 2 -1 6 5 -5 -4 8 9 10 -8 13 -10 16 -6 -7 -12 -18
right_child=-2 -3 3 4 14 15 7 -9 12 -11 11 -13 -14 -15 -16 -17 17 -19
leaf_value=0.94597683057662751 4.4558374661882016 -4.5982822841015007 3.1950219159977795 -2.2547380786893334 7.4640116635614939 -13.210964479272132 -0.70658370562245754 3.2918572603579563 -8.1324626961274884 9.7257443426445462 -0.66573686579240188 3.6248363826403613 -0.94215683942320105 -9.8894113236394574 0.24155804080511514 0.45584566046969804 2.4363435472532586 23.010200384751943
leaf_weight=49539 5662 6711 12977 23054 922 2413 90324 12648 5936 5291 19766 32349 77347 2869 6585 1024 3831 552
leaf_count=49539 5662 6711 12977 23054 922 2413 90324 12648 5936 5291 19766 32349 77347 2869 6585 1024 3831 552
internal_value=9.51041e-06 -1.59528e-05 1.62279e-05 -7.38562e-05 -0.000744393 -0.00113696 1.25318e-05 -4.5901e-05 -0.000109639 9.20205e-05 -4.67927e-06 0.000566524 -0.000484909 -0.000220151 0.000640902 -0.00327743 8.22605e-05 0.00182078
internal_weight=359800 354138 347427 297888 33998 26491 263890 250913 238265 154982 149691 59367 83283 27018 7507 3437 24149 4383
internal_count=359800 354138 347427 297888 33998 26491 263890 250913 238265 154982 149691 59367 83283 27018 7507 3437 24149 4383
is_linear=0
shrinkage=0.0229654


Tree=322
num_leaves=19
num_cat=0
split_feature=37 31 14 13 26 35 23 0 35 37 37 36 37 36 3 3 9 0
split_gain=27.0525 26.0084 25.57 31.9046 63.1401 47.6271 42.485 38.6443 38.7188 126.238 61.0686 66.5759 54.8343 61.5871 56.1471 71.5933 66.8216 58.2102
threshold=41859.284942633676 455.66250000000008 51.312500000000007 14.343750000000004 15.002213541666668 16644.500000000004 -4.1249999999999947 44.500000000000007 30043.500000000004 30152.371458841222 26800.025061189601 27301.500000000004 32338.954424611878 32663.500000000004 5.5000000000000009 3.5000000000000004 -0.24999999999999994 30.500000000000004
decision_type=2 2 2 2 2 2 2 2 2 2 2 2 2 2 2 2 2 2
left_child=1 2 -1 4 5 -4 -5 8 9 -7 -10 -12 -13 -14 15 -15 -17 -18
right_child=-2 -3 3 6 -6 7 -8 -9 10 -11 11 12 13 14 -16 16 17 -19
leaf_value=-2.1638205718186097 9.5867423615164107 9.6598679006781083 -8.7283741690152592 3.1358464233157206 -1.8020137904696223 0.46397111441680161 0.61828302239110122 -1.6430904161082089 -17.248337712004396 12.950681982116945 8.4374185751117121 -3.7500178778467554 4.7639045153150894 0.15369810437573281 6.4233763340497338 -15.096637572489152 4.9428772670242198 -5.9678851116346552
leaf_weight=20133 1439 546 1586 7312 25762 135847 53588 22027 1603 8736 3369 21488 9789 31536 4028 1689 3401 5921
leaf_count=20133 1439 546 1586 7312 25762 135847 53588 22027 1603 8736 3369 21488 9789 31536 4028 1689 3401 5921
internal_value=9.44658e-06 -3.17219e-06 -1.08147e-05 3.65888e-05 -6.81208e-05 4.29995e-05 0.000512479 6.82239e-05 0.000157188 0.000383993 -0.000238738 -0.000151131 -0.000287908 8.84163e-05 -0.000259609 -0.000504951 -0.00209924 -0.00133772
internal_weight=359800 358361 357815 337682 276782 251020 60900 249434 227407 144583 82824 81221 77852 56364 46575 42547 11011 9322
internal_count=359800 358361 357815 337682 276782 251020 60900 249434 227407 144583 82824 81221 77852 56364 46575 42547 11011 9322
is_linear=0
shrinkage=0.0229654


Tree=323
num_leaves=19
num_cat=0
split_feature=0 9 13 6 23 28 14 0 25 26 0 35 10 36 35 0 0 5
split_gain=25.7886 26.7679 25.1967 24.9925 35.3048 25.6592 29.768 30.4613 29.993 39.3366 29.5071 66.9066 63.5883 69.1683 56.7958 54.2759 47.2458 45.4745
threshold=47.500000000000007 -0.6830127018922193 14.631250000000003 1.0000000180025095e-35 -1.3624999999999989 9.4997336800573908 51.312500000000007 37.500000000000007 23.489843750000002 21.610286458333338 11.500000000000002 23300.500000000004 -0.5 30043.500000000004 26684.500000000004 44.500000000000007 8.5000000000000018 1.0000000180025095e-35
decision_type=2 2 2 2 2 2 2 2 2 2 2 2 2 2 2 2 2 2
left_child=3 -2 -3 5 -5 6 7 -1 9 10 16 -12 14 15 -13 17 -8 -14
right_child=1 2 -4 4 -6 -7 8 -9 -10 -11 11 12 13 -15 -16 -17 -18 -19
leaf_value=-4.4469914111321698 -6.4484022047380094 -2.00390708826394 4.1241371433111507 1.6917743159523186 -6.4399198490290104 8.2440026906828745 0.10479277214324927 1.4243075715213984 -4.3744351943076891 5.2641723791138144 2.4500303377691761 -0.54513523225962102 4.7122672079953647 -0.58516792896828984 -4.5855086172282524 -1.3555767314204814 -1.9489844198609894 0.78296813246405905
leaf_weight=14485 1504 5189 811 2313 5583 1171 57473 4421 2770 2378 53295 28917 31271 83147 11383 10839 21554 21296
leaf_count=14485 1504 5189 811 2313 5583 1171 57473 4421 2770 2378 53295 28917 31271 83147 11383 10839 21554 21296
internal_value=1.00849e-05 -0.0013221 -0.000635376 3.84608e-05 -0.00123902 6.77493e-05 5.61708e-05 -0.000829651 0.000107809 0.000128307 0.000106382 0.000233051 2.83299e-05 0.000250491 -0.00077957 0.000821823 -0.000278542 0.00112693
internal_weight=359800 7504 6000 352296 7896 344400 343229 18906 324323 321553 319175 240148 186853 146553 40300 63406 79027 52567
internal_count=359800 7504 6000 352296 7896 344400 343229 18906 324323 321553 319175 240148 186853 146553 40300 63406 79027 52567
is_linear=0
shrinkage=0.0229654


Tree=324
num_leaves=19
num_cat=0
split_feature=7 30 36 3 3 22 4 36 37 37 37 36 3 7 37 37 19 36
split_gain=26.3621 32.1659 27.3456 27.2844 66.828 37.2815 26.3769 26.126 109.068 65.5927 50.8451 59.692 51.9843 70.7052 48.755 44.3643 63.6076 35.8933
threshold=-0.94490267940017747 2152.9812500000003 21066.500000000004 3.5000000000000004 5.5000000000000009 17.670789930555561 8.5000000000000018 25563.500000000004 29908.181515470071 19911.45470056358 27586.121524324124 29388.500000000004 1.0000000180025095e-35 0.44134171618254497 31188.192987530074 26673.860048062674 9.7812500000000018 31379.500000000004
decision_type=2 2 2 2 2 2 2 2 2 2 2 2 2 2 2 2 2 2
left_child=1 2 -1 -4 -5 6 -6 8 15 -9 17 14 13 -13 -12 -2 -17 -11
right_child=7 -3 3 4 5 -7 -8 9 -10 10 11 12 -14 -15 -16 16 -18 -19
leaf_value=11.953025249417323 0.046850134058784958 34.236846733553932 2.6445313665982821 -3.4442714219368709 4.4332720109014669 -9.9474356655618461 13.80915068868161 -40.069637667740317 35.459452282980223 -1.87443796583603 1.3565646926094661 0.35894555049953814 -1.7489314152399555 15.242544371309801 11.721018654702389 9.6593255727772327 -1.560205764725564 -17.38899483685525
leaf_weight=1192 176358 292 21136 9954 3062 485 1359 396 651 42171 19889 9423 59981 2859 3240 3458 2621 1273
leaf_count=1192 176358 292 21136 9954 3062 485 1359 396 651 42171 19889 9423 59981 2859 3240 3458 2621 1273
internal_value=1.05317e-05 0.000587003 0.000527387 0.000414061 -0.000339999 0.00185371 0.00251679 -5.65015e-05 0.000123803 -0.000293599 -0.000266978 2.9612e-05 -0.000295398 0.00106581 0.00104506 9.03198e-05 0.00201925 -0.000918215
internal_weight=359800 37480 37188 35996 14860 4906 4421 322320 183088 139232 138836 95392 72263 12282 23129 182437 6079 43444
internal_count=359800 37480 37188 35996 14860 4906 4421 322320 183088 139232 138836 95392 72263 12282 23129 182437 6079 43444
is_linear=0
shrinkage=0.0229654


Tree=325
num_leaves=19
num_cat=0
split_feature=37 33 15 14 12 7 23 24 9 29 10 10 27 36 24 29 6 25
split_gain=26.1093 34.7464 30.0619 35.1733 69.9836 54.7658 43.7798 53.9884 40.7192 39.207 43.0031 69.7282 60.768 58.1584 54.5672 50.1297 43.3073 40.2688
threshold=40097.014493550079 0.98958333333333348 8.7437500000000021 86.812500000000014 13.331250000000002 0.82968937203783699 -1.2124999999999975 4.9062500000000009 -0.6830127018922193 519.19375000000014 1.0000000180025095e-35 0.6830127018922193 0.2051897321428591 34381.500000000007 -2.3749999999999982 365.80625000000003 1.0000000180025095e-35 4.3210937500000011
decision_type=2 2 2 2 2 2 2 2 2 2 2 2 2 2 2 2 2 2
left_child=1 2 -1 5 6 9 -5 -8 -7 10 14 17 13 -13 -4 -16 -17 -12
right_child=-2 -3 3 4 -6 8 7 -9 -10 -11 11 12 -14 -15 15 16 -18 -19
leaf_value=0.7157059010847715 4.3329617821136441 -4.4775044263307455 -3.4351839071432355 -1.8732911003391266 3.7828263037237497 -6.4186937418332075 2.0650903197799764 -6.1108854481889328 -1.8018274681479023 3.5656896045754793 5.0808335466059695 7.5980927419237192 -2.9842613450265394 -2.9870117242049923 0.38583235374994496 9.384004609529109 -13.789476725316945 -4.5480100836242494
leaf_weight=80289 5662 6711 14228 14296 8382 4501 33947 2997 18767 11788 2228 8664 9086 4092 93022 3368 359 37413
leaf_count=80289 5662 6711 14228 14296 8382 4501 33947 2997 18767 11788 2228 8664 9086 4092 93022 3368 359 37413
internal_value=1.03402e-05 -1.43964e-05 1.72194e-05 -9.98952e-05 0.000391732 -0.000241146 7.35037e-05 0.000491086 -0.00129099 -0.000108565 -0.00019615 -0.000683363 0.000358539 0.00138088 7.37736e-05 0.00026906 0.00288069 -0.00125745
internal_weight=359800 354138 347427 267138 59622 207516 51240 36944 23268 184248 172460 61483 21842 12756 110977 96749 3727 39641
internal_count=359800 354138 347427 267138 59622 207516 51240 36944 23268 184248 172460 61483 21842 12756 110977 96749 3727 39641
is_linear=0
shrinkage=0.0229654


Tree=326
num_leaves=19
num_cat=0
split_feature=7 30 15 37 13 35 4 26 36 3 3 36 32 36 35 35 26 35
split_gain=25.5604 32.2387 26.1174 50.8633 52.4169 40.2986 44.3443 64.299 58.3578 47.8654 43.2593 31.0083 38.5707 30.7812 43.0627 42.3062 30.4228 30.6994
threshold=-0.94490267940017747 2152.9812500000003 17.393750000000008 21453.201029702428 16.818750000000005 23703.500000000004 1.5000000000000002 7.6691406250000007 23203.500000000004 4.5000000000000009 2.5000000000000004 24629.500000000004 24.087499999999991 29919.500000000004 37475.500000000007 26684.500000000004 13.462890625000002 23594.500000000004
decision_type=2 2 2 2 2 2 2 2 2 2 2 2 2 2 2 2 2 2
left_child=1 -1 -2 11 5 10 7 -7 -9 13 -5 12 -4 15 -15 -10 -14 -18
right_child=2 -3 3 4 -6 6 -8 8 9 -11 -12 -13 16 14 -16 -17 17 -19
leaf_value=1.3497856290706134 0.097110437798219262 33.351075308637661 -0.55165423177861905 -0.79344577722737375 10.688586050293233 -6.1557881857920451 -3.2158224917951825 18.208846402637111 -3.6002485682084653 -7.0082107363632913 11.159953461247838 -25.42622849698845 -14.399454103820018 -4.7397670709249313 22.051123288666385 23.498421697483206 -4.3150438243050235 -38.771734331865673
leaf_weight=37188 257370 292 7373 5022 1824 2885 30966 560 413 1487 3609 776 1558 1714 940 903 4481 439
leaf_count=37188 257370 292 7373 5022 1824 2885 30966 560 413 1487 3609 776 1558 1714 940 903 4481 439
internal_value=1.0787e-05 0.000578424 -5.5219e-05 -0.000466733 -0.000120251 -0.000263989 -0.000572004 0.000856495 0.00220799 0.00148347 0.00115878 -0.00165878 -0.0014085 0.00279981 0.00137585 0.00567155 -0.0027014 -0.00181576
internal_weight=359800 37480 322320 64950 50323 48499 39868 8902 6017 5457 8631 14627 13851 3970 2654 1316 6478 4920
internal_count=359800 37480 322320 64950 50323 48499 39868 8902 6017 5457 8631 14627 13851 3970 2654 1316 6478 4920
is_linear=0
shrinkage=0.0229654


Tree=327
num_leaves=19
num_cat=0
split_feature=37 35 3 33 27 35 23 22 26 35 35 37 8 33 35 37 37 17
split_gain=24.8726 61.64 41.2486 31.4398 30.3365 33.9222 26.1656 25.3544 48.5615 30.5077 25.1244 61.1691 39.4213 41.2108 33.6242 94.1422 62.9161 41.0832
threshold=36939.885737871497 38284.500000000007 1.0000000180025095e-35 0.98958333333333348 -1.0854352678571431 37282.500000000007 1.975000000000001 8.5499565972222253 4.5654947916666675 38086.000000000007 35575.000000000007 34107.426737346999 -0.55438071450436044 0.13541666666666671 26282.500000000004 26605.106371552731 24820.000308201481 85.187500000000014
decision_type=2 2 2 2 2 2 2 2 2 2 2 2 2 2 2 2 2 2
left_child=1 3 4 10 -2 -6 -5 8 -4 -10 11 14 13 -13 15 -1 -16 -17
right_child=2 -3 7 6 5 -7 -8 -9 9 -11 -12 12 -14 -15 16 17 -18 -19
leaf_value=0.059132419223068521 23.895714756363496 -13.40416448952568 3.4788069979113692 -6.1243591374875406 0.50770024794318203 10.483329632423249 18.472393735872839 8.943716317961286 2.6909220826199522 -6.1583587770786785 -3.0475425759578623 3.2231441065525717 1.0217186186289513 18.867116250748126 -8.7644291476918479 2.4175646048517665 -0.53055307593559631 12.588796074335205
leaf_weight=195520 955 1776 9264 4637 2151 900 311 2270 1970 5289 11681 2680 6408 3300 6568 7170 92275 4675
leaf_count=195520 955 1776 9264 4637 2151 900 311 2270 1970 5289 11681 2680 6408 3300 6568 7170 92275 4675
internal_value=1.0787e-05 -3.88775e-05 0.000744898 -1.62705e-05 0.00286064 0.00174254 -0.00183333 0.000293896 -1.87637e-05 -0.00142525 1.09516e-05 4.93049e-05 0.00163138 0.00297245 -1.46999e-05 0.000151449 -0.000363267 0.0021395
internal_weight=359800 337001 22799 335225 4006 3051 4948 18793 16523 7259 330277 318596 12388 5980 306208 207365 98843 11845
internal_count=359800 337001 22799 335225 4006 3051 4948 18793 16523 7259 330277 318596 12388 5980 306208 207365 98843 11845
is_linear=0
shrinkage=0.0229654


Tree=328
num_leaves=19
num_cat=0
split_feature=24 27 17 16 28 21 23 30 28 11 29 4 10 35 30 34 3 25
split_gain=24.7613 27.7595 25.5914 59.8651 28.4082 25.3105 24.4069 27.187 49.1613 35.2821 32.8892 37.7729 39.8685 30.824 30.082 39.4561 37.5358 43.7025
threshold=6.6812500000000021 5.9033854166666675 99.687500000000014 9.9375000000000018 -0.026974502487561832 10.066536458333337 -5.6499999999999968 39.818750000000009 2.8525168918918911 60.000000000000007 8.2750000000000057 8.5000000000000018 -0.9330127018922193 26490.500000000004 1.0000000180025095e-35 0.43402777777777785 4.5000000000000009 22.846354166666668
decision_type=2 2 2 2 2 2 2 2 2 2 2 2 2 2 2 2 2 2
left_child=2 -2 6 4 -4 -3 -1 8 9 -8 11 12 -9 -14 16 -16 -10 -18
right_child=1 5 3 -5 -6 -7 7 10 14 -11 -12 -13 13 -15 15 -17 17 -19
leaf_value=1.7580135017629912 -0.61831895711788221 -21.389067266709294 -3.6516934430816463 7.5072643245896273 1.6317071368677878 3.6248892511015978 -4.1241680490066033 7.0975468429079553 6.6075699736812323 -1.018156966973073 -0.057550858337517795 8.5026408032277594 0.7994085442830321 -11.353418341950537 2.1202011195139092 -3.8391013988297003 2.9341564694573212 -21.622658643727132
leaf_weight=8256 1121 635 5578 8376 9968 165 10753 1738 3609 12814 278940 1656 4728 814 4826 4046 1223 554
leaf_count=8256 1121 635 5578 8376 9968 165 10753 1738 3609 12814 278940 1656 4728 814 4826 4046 1223 554
internal_value=1.21274e-05 -0.00258824 2.60855e-05 0.000751689 -9.15898e-05 -0.00585618 -2.5891e-05 -5.71489e-05 -0.000635989 -0.00127997 1.89068e-05 0.00139036 0.000678237 -0.000273496 0.000428447 -0.000393456 0.00178231 -0.000949892
internal_weight=359800 1921 357879 23922 15546 800 333957 325701 37825 23567 287876 8936 7280 5542 14258 8872 5386 1777
internal_count=359800 1921 357879 23922 15546 800 333957 325701 37825 23567 287876 8936 7280 5542 14258 8872 5386 1777
is_linear=0
shrinkage=0.0229654


Tree=329
num_leaves=19
num_cat=0
split_feature=0 9 29 3 33 14 24 17 8 11 24 11 14 4 28 28 29 28
split_gain=25.3683 25.2393 24.9542 44.5296 33.2607 29.485 26.4839 28.9111 46.3145 51.4806 37.8614 56.1827 48.6773 41.0326 40.1087 36.8952 38.2229 45.0727
threshold=47.500000000000007 -0.6830127018922193 746.06875000000002 2.5000000000000004 0.98958333333333348 83.437500000000014 6.6812500000000021 71.562500000000014 -0.32075123873380501 1.0000000180025095e-35 0.57499999999999984 84.000000000000014 88.187500000000014 4.5000000000000009 -2.0038298565840931 4.1325543478260878 119.53125000000001 -1.1399596774193543
decision_type=2 2 2 2 2 2 2 2 2 2 2 2 2 2 2 2 2 2
left_child=2 -2 4 -4 6 -5 7 8 9 -1 11 13 -12 -9 -13 16 17 -10
right_child=1 -3 3 5 -6 -7 -8 10 15 -11 12 14 -14 -15 -16 -17 -18 -19
leaf_value=-8.1419119396738555 -6.2932270254712934 -1.0186620286239569 20.680605417456469 10.288095516321 -4.8403469970244526 -5.0757879481433203 -6.5551356651276249 5.3259655138185984 -3.8498415287671865 -1.5065467738495362 -1.3473291695871699 -3.6621924168904232 1.6674866326116455 1.0899795685083116 0.94586168255475178 2.3304462137521083 0.75058084473198594 -0.35086143003279918
leaf_weight=5792 1504 6000 825 673 6193 940 1851 22757 5208 59236 47240 10888 20815 32474 38163 10814 55884 32543
leaf_count=5792 1504 6000 825 673 6193 940 1851 22757 5208 59236 47240 10888 20815 32474 38163 10814 55884 32543
internal_value=1.14253e-05 -0.00130986 3.9569e-05 0.00235494 2.34342e-05 0.000135258 5.34934e-05 6.8329e-05 -0.000144654 -0.000625803 0.000277778 0.000552762 -0.000143587 0.00105511 -1.28753e-05 0.0001549 8.21638e-06 -0.000556326
internal_weight=359800 7504 352296 2438 349858 1613 343665 341814 169477 65028 172337 104282 68055 55231 49051 104449 93635 37751
internal_count=359800 7504 352296 2438 349858 1613 343665 341814 169477 65028 172337 104282 68055 55231 49051 104449 93635 37751
is_linear=0
shrinkage=0.0229654


Tree=330
num_leaves=19
num_cat=0
split_feature=37 4 0 37 32 32 36 37 36 37 3 3 0 4 28 36 30 36
split_gain=25.1325 24.2522 27.5161 23.9666 26.0427 40.1608 24.7937 54.3174 46.583 39.409 48.629 33.4534 42.0641 37.6663 52.278 43.1424 47.0242 32.6898
threshold=41859.284942633676 10.500000000000002 31.500000000000004 16571.864639373602 291.01875000000007 90.331250000000011 19397.500000000004 19777.377895503061 25499.500000000004 20167.682146005318 1.0000000180025095e-35 5.5000000000000009 28.500000000000004 4.5000000000000009 -0.22334119496855417 16651.000000000004 251.05625000000001 16651.000000000004
decision_type=2 2 2 2 2 2 2 2 2 2 2 2 2 2 2 2 2 2
left_child=3 2 -2 4 5 -1 9 8 -8 10 -5 17 13 -13 -15 16 -16 -12
right_child=1 -3 -4 6 -6 -7 7 -9 -10 -11 11 12 -14 14 15 -17 -18 -19
leaf_value=-18.773982726157559 -19.46377841607406 -8.7645847729379867 15.292670367021049 -2.8219081107133803 -27.790722157702255 8.3113732569217298 -2.3215633571887353 0.023020057893670693 -39.300256569486443 4.6495209936936508 13.12473180065906 5.845158869213936 11.4910233569453 -7.2324242479063319 -9.6585774320807776 1.369991343423036 8.6009979804828234 1.4214319112118845
leaf_weight=430 130 182 1127 4235 562 410 15125 302415 381 8282 1662 1116 1191 3498 919 4367 150 13618
leaf_count=430 130 182 1127 4235 562 410 15125 302415 381 8282 1662 1116 1191 3498 919 4367 150 13618
internal_value=1.12976e-05 0.00304024 0.0041747 -8.65142e-07 -0.00299762 -0.000437436 1.0905e-05 -5.61637e-05 -0.00138183 0.000557104 0.000178461 0.000543373 -0.000407579 -0.000891195 -0.0013881 2.11234e-05 -0.00411401 0.00124296
internal_weight=359800 1439 1257 358361 1402 840 356959 317921 15506 39038 30756 26521 11241 10050 8934 5436 1069 15280
internal_count=359800 1439 1257 358361 1402 840 356959 317921 15506 39038 30756 26521 11241 10050 8934 5436 1069 15280
is_linear=0
shrinkage=0.0229654


Tree=331
num_leaves=19
num_cat=0
split_feature=15 37 30 0 7 3 37 27 37 36 6 3 31 0 3 36 19 3
split_gain=24.8661 34.5432 43.0445 28.9108 27.3666 86.7349 43.1223 53.1947 42.2419 42.5609 54.2336 45.5713 43.622 47.9923 59.6766 61.223 44.0518 42.3059
threshold=22.243750000000006 21971.225937209423 1243.0375000000004 36.500000000000007 0.25881904510252096 5.5000000000000009 18031.999696501833 1.157812500000001 35846.50295650318 22917.500000000004 1.0000000180025095e-35 4.5000000000000009 93.406250000000014 12.500000000000002 1.0000000180025095e-35 28384.500000000004 12.756250000000001 1.0000000180025095e-35
decision_type=2 2 2 2 2 2 2 2 2 2 2 2 2 2 2 2 2 2
left_child=4 -2 -3 -4 5 6 7 -1 9 -6 11 12 13 16 -15 -16 -11 -10
right_child=1 2 3 -5 8 -7 -8 -9 17 10 -12 -13 -14 14 15 -17 -18 -19
leaf_value=14.753743424586876 -6.7197336719928691 1.247195930049299 -3.9779197803264252 -16.572463815442859 0.16891529647473177 3.5928481433067878 0.2081750425202176 -19.017005624692164 38.386846220498072 -1.3616817849615601 -14.482424092881995 -4.6528262033518031 -4.5283359045991087 7.7585660079341938 2.3636296185539489 -3.7547583943166667 -8.4269656633724832 3.9363621560459539
leaf_weight=348 5155 14333 3510 997 74457 27015 164336 1624 633 10481 1558 11914 5206 6040 13010 12651 2252 4280
leaf_count=348 5155 14333 3510 997 74457 27015 164336 1624 633 10481 1558 11914 5206 6040 13010 12651 2252 4280
internal_value=1.21912e-05 -0.000702027 -0.000246232 -0.0022038 6.32257e-05 0.000241209 4.51553e-05 -0.00333068 -0.000178266 -0.000252994 -0.000691742 -0.000584638 -0.000278509 -4.54822e-05 0.000432852 -5.05649e-05 -0.00123638 0.00191417
internal_weight=359800 23995 18840 4507 335805 193323 166308 1972 142482 137569 63112 61554 49640 44434 31701 25661 12733 4913
internal_count=359800 23995 18840 4507 335805 193323 166308 1972 142482 137569 63112 61554 49640 44434 31701 25661 12733 4913
is_linear=0
shrinkage=0.0229654


Tree=332
num_leaves=19
num_cat=0
split_feature=0 37 35 35 15 37 14 20 12 3 13 3 0 0 3 0 25 0
split_gain=24.2067 25.5557 68.4918 56.2844 41.0449 36.1772 32.5612 29.492 30.7799 28.837 43.8447 41.0233 76.6654 54.9086 167.873 63.1282 62.4293 58.4079
threshold=47.500000000000007 20713.858809328627 23062.500000000004 22354.500000000004 15.731250000000003 22027.651292515438 73.812500000000014 4.700000000000002 16.206250000000008 5.5000000000000009 1.0062500000000003 4.5000000000000009 7.5000000000000009 12.500000000000002 1.0000000180025095e-35 14.500000000000002 4.3210937500000011 4.5000000000000009
decision_type=2 2 2 2 2 2 2 2 2 2 2 2 2 2 2 2 2 2
left_child=1 2 4 -3 -1 6 -5 8 -6 11 -11 13 -13 14 -7 -15 -17 -16
right_child=-2 3 -4 5 7 9 -8 -9 -10 10 -12 12 -14 15 17 16 -18 -19
leaf_value=0.13375524755541543 -2.0321523467799261 1.9271021793197967 -10.569254786216081 -9.3078060487004635 -3.6262108841491201 -14.097431294562197 -0.3531783039508648 -17.116182267680166 4.4113105323534914 -2.4752420703920701 3.2115130114512094 5.1835790446801493 -2.9537630748520924 5.8106843976019116 2.9041315007981123 4.5888414345767714 -0.10643971763261599 -2.9415865818569729
leaf_weight=48546 7504 46840 2635 3828 10800 2800 4493 1300 2832 6309 19527 2866 26767 6119 7610 19074 130845 9105
leaf_count=48546 7504 46840 2635 3828 10800 2800 4493 1300 2832 6309 19527 2866 26767 6119 7610 19074 130845 9105
internal_value=1.14253e-05 3.89171e-05 -0.000368034 0.00013293 -0.000217433 -9.54721e-06 -0.00149726 -0.00127039 -0.000955207 4.40377e-05 0.000767114 -4.70084e-05 -0.000837381 8.6405e-05 -0.00106207 0.00023004 0.000136718 -0.000190291
internal_weight=359800 352296 66113 286183 63478 239343 8321 14932 13632 231022 25836 205186 29633 175553 19515 156038 149919 16715
internal_count=359800 352296 66113 286183 63478 239343 8321 14932 13632 231022 25836 205186 29633 175553 19515 156038 149919 16715
is_linear=0
shrinkage=0.0229654


Tree=333
num_leaves=19
num_cat=0
split_feature=37 9 8 24 18 13 14 25 13 26 13 30 25 34 35 24 26 6
split_gain=23.3383 23.5655 26.8171 22.9575 24.5825 23.4353 34.0817 31.9011 30.662 51.2603 48.2825 65.9773 48.05 45.3511 42.0503 39.9672 37.0616 36.9387
threshold=41859.284942633676 0.25000000000000011 -0.55438071450436044 6.6812500000000021 0.8187500000000002 26.381250000000005 51.312500000000007 13.251822916666669 15.731250000000003 14.413671875 12.481250000000003 258.41875000000005 22.846354166666668 0.017361111111111115 26684.500000000004 -3.5499999999999989 18.747265625000004 1.0000000180025095e-35
decision_type=2 2 2 2 2 2 2 2 2 2 2 2 2 2 2 2 2 2
left_child=3 -2 -3 4 5 6 7 -1 9 10 11 -8 14 15 -10 -13 -11 -17
right_child=1 2 -4 -5 -6 -7 8 -9 12 16 -12 13 -14 -15 -16 17 -18 -19
leaf_value=0.6277749367782689 -8.6734679445660881 -19.212569572095596 14.831302493369092 -6.0361206394531131 3.5702682264997398 5.4435272926521137 -3.7493792832746866 -4.8253284199754276 2.4612013722685369 -1.6147740645503421 4.2101336307179151 3.5561116361103831 -3.5988039290954981 4.7010098549482988 -1.6045123936480123 0.057498959704789514 2.2224584424344336 -4.7838221047967702
leaf_weight=6979 182 130 1127 1919 6424 2093 9138 11690 32829 42635 11510 11641 3618 2606 6571 199316 4174 5218
leaf_count=6979 182 130 1127 1919 6424 2093 9138 11690 32829 42635 11510 11641 3618 2606 6571 199316 4174 5218
internal_value=9.7019e-06 0.00292853 0.00404681 -2.01866e-06 1.14685e-05 -1.4369e-05 -2.8944e-05 -0.000983494 2.51795e-05 -6.07355e-05 7.51513e-05 1.86408e-06 0.000596851 8.1719e-05 0.000829436 4.54156e-05 -0.000755799 -2.90809e-05
internal_weight=359800 1439 1257 358361 356442 350018 347925 18669 329256 286238 239429 227919 43018 218781 39400 216175 46809 204534
internal_count=359800 1439 1257 358361 356442 350018 347925 18669 329256 286238 239429 227919 43018 218781 39400 216175 46809 204534
is_linear=0
shrinkage=0.0229654


Tree=334
num_leaves=19
num_cat=0
split_feature=31 15 22 8 33 24 17 23 14 35 37 0 15 11 24 33 35 8
split_gain=23.7566 23.8354 28.4242 35.4763 28.3426 25.812 28.4971 54.7652 46.8996 48.0749 69.4055 48.9401 40.8042 64.6254 38.4753 35.7747 45.7913 37.8271
threshold=455.66250000000008 5.356250000000002 1.0000000180025095e-35 0.25881904510252057 0.98263888888888895 6.6812500000000021 63.312500000000007 -0.72499999999999909 66.562500000000014 29804.500000000004 30652.222152087903 18.500000000000004 14.543750000000005 84.000000000000014 -1.3249999999999993 0.32986111111111116 22466.500000000004 -0.5
decision_type=2 2 2 2 2 2 2 2 2 2 2 2 2 2 2 2 2 2
left_child=1 -1 3 -3 5 6 -4 12 15 10 -10 -11 -8 14 -14 16 -9 -18
right_child=-2 2 4 -5 -6 -7 7 8 9 11 -12 -13 13 -15 -16 -17 17 -19
leaf_value=1.5352211641177951 8.9784922073724811 21.999567202022682 -0.5666180903667366 -3.8694303518331394 -4.7935936416359546 -6.3861397182726902 0.019427226677878485 2.4205349503509233 2.5444864125038036 -5.784697584042676 18.872393932647835 1.2661792354515309 -0.093501518697041319 0.38873852551195764 -6.8305796974789148 12.785615784740381 -9.5828998758453086 -0.85853676982260962
leaf_weight=16094 546 834 135371 600 6081 1868 49912 9727 55404 5044 3430 36365 2711 10011 8270 1332 7306 8894
leaf_count=16094 546 834 135371 600 6081 1868 49912 9727 55404 5044 3430 36365 2711 10011 8270 1332 7306 8894
internal_value=8.23385e-06 9.58879e-07 -3.95517e-05 0.00318697 -5.30913e-05 -2.49397e-05 -9.87347e-06 0.000165406 0.000449935 0.000679617 0.00110155 8.01396e-05 -0.000346243 -0.00119575 -0.0024124 -0.000394706 -0.000583281 -0.00133114
internal_weight=359800 359254 343160 1434 341726 335645 333777 198406 127502 100243 58834 41409 70904 20992 10981 27259 25927 16200
internal_count=359800 359254 343160 1434 341726 335645 333777 198406 127502 100243 58834 41409 70904 20992 10981 27259 25927 16200
is_linear=0
shrinkage=0.0229654


Tree=335
num_leaves=19
num_cat=0
split_feature=7 36 37 8 35 37 29 37 36 36 26 37 8 35 35 37 37 27
split_gain=23.5502 28.1979 112.82 43.2183 48.0309 51.6038 46.7526 42.9 58.6695 47.8522 42.7122 42.698 52.623 42.7798 41.2143 57.0171 41.0144 51.4052
threshold=-0.97868534383143924 32394.000000000004 34574.61961582378 0.75023006073889131 29483.000000000004 33138.221006374057 426.20625000000007 30396.612590994228 27301.500000000004 27444.500000000004 3.2561197916666673 27434.633048687825 -0.55438071450436044 26282.500000000004 35575.000000000007 36373.894888711664 22263.946202917101 0.17576264880952366
decision_type=2 2 2 2 2 2 2 2 2 2 2 2 2 2 2 2 2 2
left_child=-1 2 7 4 6 -6 -3 9 -9 11 -10 13 -13 16 -7 -16 -2 -18
right_child=1 3 -4 -5 5 14 -8 8 10 -11 -12 12 -14 -15 15 -17 17 -19
leaf_value=1.9104242165391689 -0.38047587040125586 0.78782547534634517 14.646852513579466 -9.5673419878157588 -7.3565390430684241 2.3296340241021776 26.646733902929363 18.850622088802922 -7.4991567342443437 -2.0730998107395728 3.2130320760052968 12.417641784893936 0.71778864358344185 -2.3723068966308518 -7.8672336763331385 -0.42621731665075469 0.011323985265579492 2.9339939742354977
leaf_weight=22488 103427 3457 3569 2392 8484 14098 1639 1129 1775 40488 15984 3286 7652 23853 6407 16395 49283 33994
leaf_count=22488 103427 3457 3569 2392 8484 14098 1639 1129 1775 40488 15984 3286 7652 23853 6407 16395 49283 33994
internal_value=8.55299e-06 -3.94204e-05 5.11078e-05 -0.000526443 -0.000383515 -0.000620892 0.00173052 -4.49707e-07 0.00105659 -7.66586e-05 0.000733874 5.6041e-05 0.00145502 -1.66331e-05 -0.00024957 -0.00085307 0.000100372 0.000479704
internal_weight=359800 337312 284440 52872 50480 45384 5096 280871 18888 261983 17759 221495 10938 210557 36900 22802 186704 83277
internal_count=359800 337312 284440 52872 50480 45384 5096 280871 18888 261983 17759 221495 10938 210557 36900 22802 186704 83277
is_linear=0
shrinkage=0.0229654


Tree=336
num_leaves=19
num_cat=0
split_feature=31 14 7 13 29 28 32 4 28 32 35 3 4 35 28 8 4 18
split_gain=23.3497 22.5458 35.339 30.4595 50.9057 66.3698 54.9285 68.1436 39.7593 39.6229 35.2962 30.6266 77.0159 29.4806 42.1646 53.5747 65.9297 41.3856
threshold=455.66250000000008 51.312500000000007 -0.97868534383143924 14.343750000000004 93.650000000000006 -0.45594965675057159 1.0000000180025095e-35 4.5000000000000009 2.7664634146341469 642.80000000000007 16644.500000000004 1.0000000180025095e-35 11.500000000000002 24553.500000000004 1.0000000180025095e-35 -0.19467261866128607 6.5000000000000009 0.038125000000000013
decision_type=2 2 2 2 2 2 2 2 2 2 2 2 2 2 2 2 2 2
left_child=1 -1 -3 4 5 -4 8 -8 -6 -7 -9 12 -10 14 -5 17 -17 -16
right_child=-2 2 3 13 6 9 7 10 11 -11 -12 -13 -14 -15 15 16 -18 -19
leaf_value=-1.980017316276772 8.7657697815995235 2.6434888553689229 -4.2903488485260679 6.3246232080703226 -0.08111484446167648 -0.097175235611067071 4.6464334185099183 -10.775716985349451 -2.8129127249459196 -8.8184986086469141 0.6868175209138635 -3.5714925858302484 14.364644725977731 -0.58925894820198121 -3.8073071642228649 5.6150282582251085 0.47116404057831279 3.4545327751464248
leaf_weight=20135 546 18705 12702 7038 159223 27186 10744 726 2356 1242 31023 17885 712 18114 10421 4592 9735 6715
leaf_count=20135 546 18705 12702 7038 159223 27186 10744 726 2356 1242 31023 17885 712 18114 10421 4592 9735 6715
internal_value=7.34025e-06 1.27851e-07 4.44587e-05 -1.21846e-05 -0.000115916 -0.000858202 2.11947e-05 0.000763928 -0.000153973 -0.000241546 0.000228938 -0.0010944 0.00102551 0.000471153 0.00083061 0.000471162 0.00150757 -0.000395355
internal_weight=359800 359254 339119 320414 263799 41130 222669 42493 180176 28428 31749 20953 3068 56615 38501 31463 14327 17136
internal_count=359800 359254 339119 320414 263799 41130 222669 42493 180176 28428 31749 20953 3068 56615 38501 31463 14327 17136
is_linear=0
shrinkage=0.0229654


Tree=337
num_leaves=19
num_cat=0
split_feature=8 9 14 8 13 24 16 3 29 27 29 9 26 15 13 14 11 8
split_gain=23.1723 23.4247 40.6293 46.4943 44.2165 46.8627 40.4702 56.6399 39.1944 41.9468 37.1378 32.3469 72.9699 58.5484 54.4547 54.3765 41.6947 36.8527
threshold=0.99572243068690536 -0.93301270189221908 84.062500000000014 0.13052619222005152 18.868750000000006 1.4750000000000025 194.56250000000003 1.0000000180025095e-35 208.91875000000002 -3.0164434523809516 63.91875000000001 -0.6830127018922193 7.323046875000002 7.0187500000000016 15.843750000000004 87.187500000000014 108.00000000000001 -0.065263096110025884
decision_type=2 2 2 2 2 2 2 2 2 2 2 2 2 2 2 2 2 2
left_child=1 2 4 -4 5 6 8 -8 9 -1 -9 12 -3 -14 15 16 -15 -16
right_child=-2 11 3 -5 -6 -7 7 10 -10 -11 -12 -13 13 14 17 -17 -18 -19
leaf_value=-5.5591243879279117 -1.9591481570609348 -16.930369902094746 8.3460584914157998 0.56730130175729587 15.080589183958168 -7.8276740569975569 -25.133640870965674 9.7540543274404481 9.5370474230153999 3.4008263562073315 -4.8461369750500021 0.18745675452599941 2.5349129688892917 -5.2633320733385265 6.0971552835320146 1.1139909291221344 -1.3624006255633228 -1.4424469342256121
leaf_weight=1255 7472 841 3345 3808 772 2660 791 1371 1240 4542 2776 283112 6066 15210 5397 6703 8179 4260
leaf_count=1255 7472 841 3345 3808 772 2660 791 1371 1240 4542 2776 283112 6066 15210 5397 6703 8179 4260
internal_value=8.48916e-06 3.53286e-05 0.000751262 0.0021816 8.71991e-05 -0.000195367 0.000417117 -0.00117664 0.00153549 0.0007428 -0.00010245 -1.36497e-05 -0.000573938 -0.000450887 -0.000771599 -0.00125313 -0.00177575 0.000728891
internal_weight=359800 352328 22560 7153 15407 14635 11975 4938 7037 5797 4147 329768 46656 45815 39749 30092 23389 9657
internal_count=359800 352328 22560 7153 15407 14635 11975 4938 7037 5797 4147 329768 46656 45815 39749 30092 23389 9657
is_linear=0
shrinkage=0.0229654


Tree=338
num_leaves=19
num_cat=0
split_feature=7 37 35 37 35 17 0 36 36 37 28 9 37 33 35 25 37 36
split_gain=23.9349 37.2031 66.6131 82.7082 39.9448 37.0492 60.4177 32.4984 40.4863 46.8575 44.4712 47.7898 40.8409 36.8914 36.5277 31.8886 30.6842 36.3486
threshold=0.44134171618254497 36029.311559945709 30043.500000000004 30396.612590994228 34697.500000000007 98.562500000000014 37.500000000000007 17070.500000000004 22917.500000000004 20825.599656332084 -0.026974502487561832 0.25000000000000011 22202.067321382412 0.27430555555555564 20761.500000000004 3.1252604166666669 24026.812138910074 28065.500000000004
decision_type=2 2 2 2 2 2 2 2 2 2 2 2 2 2 2 2 2 2
left_child=5 2 3 7 -3 -1 -7 -2 10 -10 11 -9 -12 -14 -13 -11 -17 -18
right_child=1 4 -4 -5 -6 6 -8 8 9 15 12 14 13 -15 -16 16 17 -19
leaf_value=0.1183101417027357 -3.6020489012558699 40.740132831798164 -5.892339885922131 13.864077677602356 4.0396226671846964 6.0178522297045633 -1.3818024705645278 -2.2663951495279875 -7.8105226306043374 -6.946507847873292 0.60669778519371764 3.116319519159215 6.3040636692829937 -5.3766315827390825 -0.92424743086820749 -2.9901593595225702 1.3064037817576377 -4.0411161881090853
leaf_weight=208320 4160 418 11594 2561 2905 15815 8233 14769 1141 2287 32111 4955 4456 738 7207 13502 18531 6097
leaf_count=208320 4160 418 11594 2561 2905 15815 8233 14769 1141 2287 32111 4955 4456 738 7207 13502 18531 6097
internal_value=7.65939e-06 -0.000245275 -0.000309483 -0.000138693 0.00215279 0.00014637 0.000999866 -0.000233719 -0.000155427 -0.000713973 0.000205929 -0.000505254 0.000719343 0.0026087 0.000560823 -0.000584406 -0.000426423 5.59495e-05
internal_weight=359800 127432 124109 112515 3323 232368 24048 109954 105794 41558 64236 26931 37305 5194 12162 40417 38130 24628
internal_count=359800 127432 124109 112515 3323 232368 24048 109954 105794 41558 64236 26931 37305 5194 12162 40417 38130 24628
is_linear=0
shrinkage=0.0229654


Tree=339
num_leaves=19
num_cat=0
split_feature=29 3 14 15 7 35 25 27 0 3 0 10 36 36 26 10 32 35
split_gain=22.8107 44.4565 29.8289 25.7835 27.3735 34.2765 41.68 35.0467 34.2302 55.0385 52.236 35.0755 36.4153 31.4799 30.036 47.2988 74.0198 55.5463
threshold=746.06875000000002 2.5000000000000004 83.437500000000014 5.356250000000002 0.89495246814786289 23358.500000000004 20.560677083333335 5.7233258928571438 11.500000000000002 4.5000000000000009 14.500000000000002 -0.5 22917.500000000004 21929.500000000004 19.946614583333339 -0.5 1.0000000180025095e-35 27129.500000000004
decision_type=2 2 2 2 2 2 2 2 2 2 2 2 2 2 2 2 2 2
left_child=3 -2 -3 -1 5 6 -5 -8 13 10 11 -10 -13 -6 15 17 -17 -7
right_child=1 2 -4 4 8 14 7 -9 9 -11 -12 12 -14 -15 -16 16 -18 -19
leaf_value=1.5856753968734858 19.393847858705822 9.4465301845785774 -5.0742078128571197 1.0903833198860848 -1.1201596436734804 -0.86904860222709712 -5.7802737327318674 5.6819631748668806 -0.3518058239177323 -2.8869863585313182 -3.2928540141459437 9.1978946473806769 2.9105729927448847 -5.7099615238099233 2.9390458150801448 -0.60427147964800232 3.170507375792659 -5.2997263312943543
leaf_weight=15455 842 683 968 88423 15342 31898 5648 1896 5111 7820 4883 2790 6795 5318 5669 129144 21310 9805
leaf_count=15455 842 683 968 88423 15342 31898 5648 1896 5111 7820 4883 2790 6795 5318 5669 129144 21310 9805
internal_value=7.9147e-06 0.00219705 6.955e-06 -7.35933e-06 -4.88394e-05 3.4277e-05 0.000390427 -0.00124812 -0.000556944 -2.47264e-05 0.000625775 0.00130954 0.00212882 -0.00126276 -0.000138494 -0.000187099 2.59489e-06 -0.000871466
internal_weight=359800 2493 1651 357307 341852 293793 95967 7544 48059 27399 19579 14696 9585 20660 197826 192157 150454 41703
internal_count=359800 2493 1651 357307 341852 293793 95967 7544 48059 27399 19579 14696 9585 20660 197826 192157 150454 41703
is_linear=0
shrinkage=0.0229654


Tree=340
num_leaves=19
num_cat=0
split_feature=0 37 15 34 28 25 22 3 23 26 18 26 13 25 0 26 26 22
split_gain=23.0442 23.3812 40.998 26.4926 33.163 23.9191 32.0374 34.3807 36.6854 38.3716 27.9512 32.0001 29.0211 25.5573 27.9245 27.3772 23.4416 22.9689
threshold=47.500000000000007 20713.858809328627 17.393750000000008 0.61458333333333348 4.7363636363636363 12.607031250000004 10.342317708333335 1.0000000180025095e-35 -3.4749999999999996 18.047656250000006 0.038125000000000013 16.567317708333338 12.143750000000004 20.800260416666671 11.500000000000002 13.064192708333335 6.0217447916666682 21.665711805555556
decision_type=2 2 2 2 2 2 2 2 2 2 2 2 2 2 2 2 2 2
left_child=1 2 5 -3 17 16 -7 13 9 -9 -10 12 -12 14 -8 -16 -1 -5
right_child=-2 3 -4 4 -6 6 7 8 10 -11 11 -13 -14 -15 15 -17 -18 -19
leaf_value=-10.654740853926647 -1.9722286214010147 0.23888319281427392 -4.6598636014086789 11.832662020591982 6.7444351489827943 -17.257970609610684 -3.2023876914573055 0.21516134604566656 -1.6459846801761717 4.3303096384933477 -0.0078412133328243407 -2.6210531925758569 6.7574643601702613 -13.044587673620249 -21.124138343199036 5.0767466112998205 1.7313926236285992 -3.1416022579926866
leaf_weight=307 7504 282236 11670 267 2372 485 3452 5733 18192 2926 3129 2831 2966 662 198 929 12633 1308
leaf_count=307 7504 282236 11670 267 2372 485 3452 5733 18192 2926 3129 2831 2966 662 198 929 12633 1308
internal_value=7.59556e-06 3.44192e-05 -0.000354834 0.000124343 0.00199282 -9.00596e-05 -0.000358843 -0.000289461 -3.49838e-05 0.00126643 -0.000450535 0.000602051 0.00153919 -0.00202662 -0.00141684 0.0017219 0.000772021 -0.000590539
internal_weight=359800 352296 66113 286183 3947 54443 41503 41018 35777 8659 27118 8926 6095 5241 4579 1127 12940 1575
internal_count=359800 352296 66113 286183 3947 54443 41503 41018 35777 8659 27118 8926 6095 5241 4579 1127 12940 1575
is_linear=0
shrinkage=0.0229654


Tree=341
num_leaves=19
num_cat=0
split_feature=21 3 33 36 37 8 17 8 23 14 7 36 37 17 37 35 3 33
split_gain=22.2396 39.1351 31.7809 28.3153 32.6583 25.6926 22.4406 46.6017 39.9499 40.5422 49.0274 52.6349 63.0795 34.7384 33.9446 48.8921 33.5766 33.6338
threshold=1.0000000180025095e-35 2.5000000000000004 0.98958333333333348 35561.000000000007 27736.99555956195 0.25881904510252057 63.312500000000007 -0.32075123873380501 -0.52499999999999991 66.562500000000014 0.82968937203783699 27094.500000000004 28798.095678294521 25.687500000000004 27223.827058536357 27946.500000000004 5.5000000000000009 0.32986111111111116
decision_type=2 2 2 2 2 2 2 2 2 2 2 2 2 2 2 2 2 2
left_child=1 5 6 4 -3 -1 7 -2 -8 16 11 12 -11 -9 -13 -16 17 -10
right_child=2 3 -4 -5 -6 -7 8 13 9 10 -12 14 -14 -15 15 -17 -18 -19
leaf_value=28.395978030405882 -2.6307219862108124 10.81832889263748 -4.7495823533040058 21.916850878059424 -6.8005304019918222 2.7149049934996854 -0.40547667702801848 1.4355894365710298 -2.9080934475850913 4.3450123557856175 -1.0468982644661946 -5.7122660717945486 20.432120434572177 -0.25450882601861508 9.4535450183426057 1.1865487446585776 5.045858432362766 13.130907697105096
leaf_weight=522 52617 195 6293 441 1064 337 82369 23117 22144 29537 16414 4235 1283 67513 4624 41867 4066 1162
leaf_count=522 52617 195 6293 441 1064 337 82369 23117 22144 29537 16414 4235 1283 67513 4624 41867 4066 1162
internal_value=7.08494e-06 0.00214039 -8.1964e-06 0.000121582 -0.00163257 0.00613569 2.08094e-05 -0.00020032 0.000173318 0.000431522 0.000649858 0.00088036 0.00162889 0.000115296 0.00042557 0.000604873 -0.000349868 -0.000685829
internal_weight=359800 2559 357241 1700 1259 859 350948 143247 207701 125332 97960 81546 30820 90630 50726 46491 27372 23306
internal_count=359800 2559 357241 1700 1259 859 350948 143247 207701 125332 97960 81546 30820 90630 50726 46491 27372 23306
is_linear=0
shrinkage=0.0229654


Tree=342
num_leaves=19
num_cat=0
split_feature=15 33 30 11 26 7 3 3 28 26 33 26 36 14 36 3 9 30
split_gain=22.1667 38.4027 45.8575 39.9953 27.869 25.6603 80.8647 39.01 50.8808 41.185 39.0026 40.7113 38.5882 38.4253 49.1717 44.6391 37.6493 32.8656
threshold=22.243750000000006 0.32291666666666669 447.11875000000003 132.00000000000003 3.5102864583333337 0.25881904510252096 5.5000000000000009 5.5000000000000009 -2.0801677286356819 1.0000000180025095e-35 0.093750000000000014 4.5654947916666675 23088.500000000004 59.437500000000007 25563.500000000004 3.5000000000000004 -0.93301270189221908 50.581250000000004
decision_type=2 2 2 2 2 2 2 2 2 2 2 2 2 2 2 2 2 2
left_child=5 2 3 -2 -3 6 13 -7 9 -9 12 -12 -10 15 -15 -1 17 -8
right_child=1 4 -4 -5 -6 7 16 8 10 -11 11 -13 -14 14 -16 -17 -18 -19
leaf_value=-0.057443591225331402 -9.9008411470646038 18.602480633199999 1.2048495114731699 6.9608157571870795 -10.291096624951244 -0.04402997574722313 -10.675789947579675 11.282044703286298 -1.192210557675613 -8.2427861417197068 -8.3263619663121293 4.9505681046770471 -9.507051358339762 1.8643111902143716 -0.24578878697657705 -4.9081772010595373 2.8462638032731977 14.321658652275566
leaf_weight=23662 4216 211 14793 1307 3468 122465 166 160 10921 3639 609 3148 1540 44334 85340 12972 25109 1740
leaf_count=23662 4216 211 14793 1307 3468 122465 166 160 10921 3639 609 3148 1540 44334 85340 12972 25109 1740
internal_value=8.68064e-06 -0.000665657 -0.00027469 -0.00206036 -0.00282464 5.68656e-05 0.000229211 -0.000176977 -0.00111689 -0.00350919 -0.000556505 0.00149455 -0.0011749 3.99079e-05 0.00022545 -0.000616858 0.00139459 0.00450633
internal_weight=359800 23995 20316 5523 3679 335805 193323 142482 20017 3799 16218 3757 12461 166308 129674 36634 27015 1906
internal_count=359800 23995 20316 5523 3679 335805 193323 142482 20017 3799 16218 3757 12461 166308 129674 36634 27015 1906
is_linear=0
shrinkage=0.0229654


Tree=343
num_leaves=19
num_cat=0
split_feature=7 30 35 14 23 31 30 32 29 10 35 6 37 35 35 30 32 10
split_gain=22.2707 31.2499 25.3644 24.6277 22.2889 24.5712 24.5527 37.3071 32.023 32.0534 36.1229 27.932 26.07 60.4196 48.8876 35.3394 83.3653 73.3827
threshold=-0.94490267940017747 2152.9812500000003 20761.500000000004 58.437500000000007 -5.6499999999999968 133.96250000000006 21.024999999999999 466.90000000000003 8.2750000000000057 -0.24999999999999994 26093.500000000004 1.0000000180025095e-35 22577.936403045827 22297.500000000004 22354.500000000004 245.06875000000005 99.443750000000009 -0.9330127018922193
decision_type=2 2 2 2 2 2 2 2 2 2 2 2 2 2 2 2 2 2
left_child=1 2 -1 -4 5 -2 7 -6 9 10 11 -8 14 -14 15 17 -17 -10
right_child=4 -3 3 -5 6 -7 8 -9 12 -11 -12 -13 13 -15 -16 16 -18 -19
leaf_value=15.405216010165287 0.032525442214658265 30.517859070007912 -1.6453677995055618 1.9248573317071891 -4.0215090601502421 3.819185614813732 2.7800013375658281 -0.52752915163519243 2.9525420032527299 7.2385388879031405 -4.9219388679825071 -6.7594292308417607 4.0717503821362913 -0.11494946063076041 -4.2555270319786151 -0.13839946692339788 5.1170887676003787 -2.3632869164700399
leaf_weight=1000 4661 292 10418 25770 5910 3642 10270 16516 5352 1683 1676 301 13695 178530 14618 42643 3557 19266
leaf_count=1000 4661 292 10418 25770 5910 3642 10270 16516 5352 1683 1676 301 13695 178530 14618 42643 3557 19266
internal_value=8.74447e-06 0.000538596 0.000479836 0.000380134 -5.28678e-05 0.00112158 -8.39216e-05 -0.00081617 -2.7605e-05 0.00104688 0.000638501 0.00113513 -8.15109e-05 6.68443e-05 -0.0004153 -0.000165711 0.000208776 -0.000868503
internal_weight=359800 37480 37188 36188 322320 8303 314017 22426 291591 13930 12247 10571 277661 192225 85436 70818 46200 24618
internal_count=359800 37480 37188 36188 322320 8303 314017 22426 291591 13930 12247 10571 277661 192225 85436 70818 46200 24618
is_linear=0
shrinkage=0.0229654


Tree=344
num_leaves=19
num_cat=0
split_feature=0 7 35 18 23 4 29 35 28 27 28 4 27 28 35 6 36 9
split_gain=22.6285 26.2836 35.5069 47.2522 51.0685 33.0767 32.4439 48.2276 30.9614 30.4306 29.9607 52.3592 48.5737 33.4042 30.8623 29.3329 45.1289 50.4818
threshold=47.500000000000007 0.25881904510252096 23418.500000000004 0.014375000000000002 3.6750000000000016 4.5000000000000009 369.01250000000005 31136.500000000004 1.0000000180025095e-35 0.17576264880952366 -2.1595545277507293 11.500000000000002 -0.84614955357142774 -3.3031250000000001 39170.500000000007 1.0000000180025095e-35 26525.500000000004 0.68301270189221941
decision_type=2 2 2 2 2 2 2 2 2 2 2 2 2 2 2 2 2 2
left_child=1 2 3 4 -1 -6 -4 -8 -7 -5 11 -9 13 -13 -12 -3 17 -17
right_child=-2 15 6 9 5 8 7 10 -10 -11 14 12 -14 -15 -16 16 -18 -19
leaf_value=2.0149578069550018 -1.9660091851062784 -0.29769373957431161 -0.51821643319728539 0.785881118366765 -10.144567980933724 6.5620424461804649 4.5355187843179401 4.1861405963559859 -3.6535134625137182 7.6884862737924067 -0.31076355267446587 -30.294975415148663 -41.495502478700644 7.0224618869522182 -6.4805277185390722 -4.3691341210906058 -23.81091942404225 9.7271052279856622
leaf_weight=12232 7504 146560 98041 8235 3029 2454 18264 11768 7814 15932 18569 436 449 631 4522 1896 768 696
leaf_count=12232 7504 146560 98041 8235 3029 2454 18264 11768 7814 15932 18569 436 449 631 4522 1896 768 696
internal_value=8.42533e-06 3.50059e-05 0.000205737 0.000738926 4.99268e-05 -0.000935231 3.21889e-05 0.000480626 -0.000313124 0.00146676 -2.84108e-06 0.00086613 -0.00315093 -0.000484275 -0.000502751 -0.000195463 -0.00231705 -0.000868291
internal_weight=359800 352296 202376 49696 25529 13297 152680 54639 10268 24167 36375 13284 1516 1067 23091 149920 3360 2592
internal_count=359800 352296 202376 49696 25529 13297 152680 54639 10268 24167 36375 13284 1516 1067 23091 149920 3360 2592
is_linear=0
shrinkage=0.0229654


Tree=345
num_leaves=19
num_cat=0
split_feature=31 30 32 25 8 15 9 9 3 35 35 8 7 3 8 3 35 35
split_gain=21.7168 22.1179 51.1634 59.0851 37.464 42.1463 35.0804 27.0666 27.06 28.2077 26.7297 25.0099 27.722 38.2197 66.8113 67.2203 50.5845 41.2162
threshold=455.66250000000008 21.024999999999999 484.33125000000007 15.634635416666669 -0.19467261866128607 14.606250000000003 1.0000000180025095e-35 -0.5 4.5000000000000009 29804.500000000004 25257.500000000004 0.99572243068690536 0.65793410509763428 1.5000000000000002 0.25881904510252057 1.0000000180025095e-35 25257.500000000004 22824.500000000004
decision_type=2 2 2 2 2 2 2 2 2 2 2 2 2 2 2 2 2 2
left_child=1 2 8 -4 7 6 -6 -5 9 -1 -10 12 -3 14 15 16 -14 -16
right_child=-2 11 3 4 5 -7 -8 -9 10 -11 -12 -13 13 -15 17 -17 -18 -19
leaf_value=-5.9191861590646457 8.3336173698993932 0.54855489513979727 -9.0317410849055779 4.0578882465085062 -0.55310533196090794 8.7064098369021785 4.7757208275655696 -4.5970432255674138 1.2007927142240076 15.024462506884879 -11.29533164736033 -2.172377572096015 4.923842328630875 -1.0523834041946543 -0.5961437263877013 -0.18100147810559497 33.368422534305196 -9.5020939172620604
leaf_weight=5089 546 235389 1111 1798 5740 1639 2358 6807 1921 120 267 6905 7143 64361 8353 7981 744 1528
leaf_count=5089 546 235389 1111 1798 5740 1639 2358 6807 1921 120 267 6905 7143 64361 8353 7981 744 1528
internal_value=8.04236e-06 1.08673e-06 -0.000632939 -1.4757e-05 0.00029674 0.00127245 0.000592711 -0.000807326 -0.00225866 -0.0031589 -0.000115457 5.23003e-05 8.1314e-05 -0.000261231 0.000486529 0.00140965 0.00291326 -0.000995919
internal_weight=359800 359254 26850 19453 18342 9737 8098 8605 7397 5209 2188 332404 325499 90110 25749 15868 7887 9881
internal_count=359800 359254 26850 19453 18342 9737 8098 8605 7397 5209 2188 332404 325499 90110 25749 15868 7887 9881
is_linear=0
shrinkage=0.0229654


Tree=346
num_leaves=19
num_cat=0
split_feature=34 7 30 36 37 14 35 36 37 37 37 37 1 15 3 35 37 37
split_gain=21.419 21.2546 30.7444 26.0146 31.7009 27.7783 26.7192 25.7114 105.054 59.1057 40.9987 39.9642 64.0918 41.4645 37.2273 35.6072 43.2477 42.2952
threshold=0.96875000000000011 -0.94490267940017747 2152.9812500000003 22492.500000000004 24566.936554354073 52.812500000000007 22407.500000000004 25563.500000000004 29908.181515470071 24870.637002989264 19911.45470056358 26673.860048062674 5.5000000000000009 26.818750000000005 1.0000000180025095e-35 26421.500000000004 27819.434989129277 28231.963308138806
decision_type=2 2 2 2 2 2 2 2 2 2 2 2 2 2 2 2 2 2
left_child=1 2 3 5 6 -1 -5 8 11 10 -9 13 14 -3 -13 16 -11 -17
right_child=-2 7 -4 4 -6 -7 -8 9 -10 15 -12 12 -14 -15 -16 17 -18 -19
leaf_value=0.6212784585747797 23.528068914607775 0.12407752078333015 29.708269738673835 3.7594552998300377 1.3481949755464895 16.572453198808294 -8.715916221494691 -36.832848607711092 33.994736183167944 0.33609061296226828 -4.18632589871057 -28.405157974763167 8.0453675591921368 -11.500276200384777 -1.5127103801771393 -2.7861031959248583 8.0259507992480916 -0.23562452636501008
leaf_weight=1218 136 174532 292 1097 30864 1318 2676 396 651 16817 12528 237 4758 1729 1081 21466 5039 82965
leaf_count=1218 136 174532 292 1097 30864 1318 2676 396 651 16817 12528 237 4758 1729 1081 21466 5039 82965
internal_value=6.44665e-06 3.00106e-06 0.000520729 0.000462422 0.000298032 0.00270767 -0.00168908 -5.71999e-05 0.000121737 -0.000292406 -0.00177163 8.8858e-05 0.00192008 2.57327e-05 -0.00256139 -0.000141025 0.000701908 -0.00031744
internal_weight=359800 359664 37465 37173 34637 2536 3773 322199 182988 139211 12924 182337 6076 176261 1318 126287 21856 104431
internal_count=359800 359664 37465 37173 34637 2536 3773 322199 182988 139211 12924 182337 6076 176261 1318 126287 21856 104431
is_linear=0
shrinkage=0.0229654


Tree=347
num_leaves=19
num_cat=0
split_feature=15 29 18 8 31 15 29 22 4 26 25 26 24 25 26 4 31 23
split_gain=21.517 35.1272 21.9456 24.7233 20.6917 19.9438 31.1911 24.8823 31.2184 29.1394 20.4084 41.3981 19.7012 18.6434 21.7427 50.1825 31.2203 21.412
threshold=5.356250000000002 746.06875000000002 0.8187500000000002 0.13052619222005152 455.66250000000008 21.706250000000008 1.0687499999999999 6.9522135416666684 1.5000000000000002 3.5102864583333337 23.489843750000002 21.610286458333338 3.6500000000000004 20.560677083333335 19.762369791666668 7.5000000000000009 117.19375000000001 -1.2374999999999978
decision_type=2 2 2 2 2 2 2 2 2 2 2 2 2 2 2 2 2 2
left_child=-1 2 4 -4 5 10 -7 9 -9 -8 11 13 -5 14 17 -16 -17 -2
right_child=1 -3 3 12 -6 6 7 8 -10 -11 -12 -13 -14 -15 15 16 -18 -19
leaf_value=1.4271359738399503 -0.50501894530407532 8.5925331737459345 7.2829005868987906 1.2165700205978274 8.612430025972321 -25.289034827955096 20.559970466152837 7.8324492516785496 -1.8973904478646395 -7.65260865582189 -4.5159146757673314 4.3383697689152045 -11.250313200431426 -3.1043747570357474 4.7793268609192472 11.153149058773712 -6.8859273595918919 0.31006696074513396
leaf_weight=16124 102145 1824 3691 2420 515 590 288 3255 16530 4870 3142 3354 445 7677 3506 116 849 188459
leaf_count=16124 102145 1824 3691 2420 515 590 288 3255 16530 4870 3142 3354 445 7677 3506 116 849 188459
internal_value=7.59556e-06 -3.08722e-05 -4.78317e-05 0.00126807 -7.35614e-05 -8.06373e-05 -0.000697516 -0.000574066 -0.000203711 -0.00199467 -2.97048e-05 -1.08035e-05 -0.000332658 -3.89139e-05 -9.84538e-06 0.00157948 -0.00305809 -3.42975e-05
internal_weight=359800 343676 341852 6556 335296 334781 25533 24943 19785 5158 309248 306106 2865 302752 295075 4471 965 290604
internal_count=359800 343676 341852 6556 335296 334781 25533 24943 19785 5158 309248 306106 2865 302752 295075 4471 965 290604
is_linear=0
shrinkage=0.0229654


Tree=348
num_leaves=19
num_cat=0
split_feature=34 37 36 37 36 37 3 3 4 34 28 36 26 26 34 9 16 26
split_gain=21.4115 21.007 26.9167 46.5083 37.725 36.493 38.6743 28.9497 46.6756 62.4745 55.7459 45.2725 40.6103 39.2435 34.0702 28.7596 52.21 32.7291
threshold=0.96875000000000011 16571.864639373602 19397.500000000004 19574.565316963995 25161.500000000004 22689.98080292749 1.0000000180025095e-35 5.5000000000000009 4.5000000000000009 1.0000000180025095e-35 -2.0038298565840931 16651.000000000004 13.462890625000002 12.303776041666667 0.43402777777777785 -0.24999999999999994 5.6875000000000009 17.953255208333335
decision_type=2 2 2 2 2 2 2 2 2 2 2 2 2 2 2 2 2 2
left_child=1 -1 5 4 -4 6 15 -8 13 10 -10 12 -11 -9 -13 17 -17 -3
right_child=-2 2 3 -5 -6 -7 7 8 9 11 -12 14 -14 -15 -16 16 -18 -19
leaf_value=-8.3812334497052419 22.789949213221306 -1.7853165037519612 -2.3876380189585347 0.0046924819249447407 -34.441415312101867 11.573376752971374 2.2886033434547941 8.9589269382843675 -15.42335759974933 30.700753223832557 -2.285658029063192 4.7547951793463303 -8.2337971596824264 -10.494208242286689 -3.1436713401085741 -2.1172350753372191 10.583591385613856 -10.654305680026734
leaf_weight=1402 136 1923 12163 306677 392 1519 20009 1367 1171 118 3676 3547 1248 195 999 1809 597 852
leaf_count=1402 136 1923 12163 306677 392 1519 20009 1367 1171 118 3676 3547 1248 195 999 1809 597 852
internal_value=8.04236e-06 4.59737e-06 1.55769e-05 -5.40266e-05 -0.00142402 0.000584874 0.000443562 0.000738757 -0.000136998 -0.000675579 -0.00260831 0.000908983 -0.00275719 0.00357272 0.00201061 -0.00139849 0.000439073 -0.00299171
internal_weight=359800 359664 358262 319232 12555 39030 37511 32330 12321 10759 4847 5912 1366 1562 4546 5181 2406 2775
internal_count=359800 359664 358262 319232 12555 39030 37511 32330 12321 10759 4847 5912 1366 1562 4546 5181 2406 2775
is_linear=0
shrinkage=0.0229654


Tree=349
num_leaves=19
num_cat=0
split_feature=18 22 1 28 14 7 35 10 10 7 26 1 1 4 1 35 35 26
split_gain=21.0002 23.8882 22.6336 20.869 23.4763 30.1466 28.009 61.3168 66.2768 59.5551 40.234 44.8921 36.1047 33.666 35.5775 29.9816 28.1395 28.1563
threshold=0.8187500000000002 5.2172309027777777 18.500000000000004 9.4997336800573908 51.312500000000007 -0.97868534383143924 26218.500000000004 -0.5 1.0000000180025095e-35 -0.19467261866128624 8.9501302083333361 20.500000000000004 21.500000000000004 1.5000000000000002 9.5000000000000018 37073.500000000007 16644.500000000004 13.338671875000005
decision_type=2 2 2 2 2 2 2 2 2 2 2 2 2 2 2 2 2 2
left_child=3 -2 -3 4 -1 -6 9 -8 12 -7 -10 13 -9 -12 -15 -16 17 -11
right_child=1 2 -4 -5 5 6 7 8 10 16 11 -13 -14 14 15 -17 -18 -19
leaf_value=-2.0998939076611784 -8.6631768228058732 6.1058718457093599 -2.7786350802969904 5.8976112068001019 2.360868627277362 2.3791833627364434 -3.7433819925910221 3.479313853820714 -0.16443697947933453 -17.531057849724444 12.505095916360712 -6.9270216897143664 -8.5459450374147998 -6.2331488176692273 -0.32414667556802168 -10.010471001318534 -0.045362604592242534 -1.6889985889883885
leaf_weight=19401 834 4595 1158 1317 18198 40335 12873 13769 73756 703 1135 3385 509 5905 16123 1168 142306 2330
leaf_count=19401 834 4595 1158 1317 18198 40335 12873 13769 73756 703 1135 3385 509 5905 16123 1168 142306 2330
internal_value=6.95728e-06 0.00129174 0.00181831 -1.70024e-05 -2.78016e-05 1.75092e-05 -3.51097e-05 -0.000295587 -0.000128368 0.000145332 -0.000334505 -0.00108049 0.00133662 -0.00073575 -0.000924715 -0.000399115 -7.13427e-05 -0.0022602
internal_weight=359800 6587 5753 353213 351896 332495 314297 128623 115750 185674 101472 27716 14278 24331 23196 17291 145339 3033
internal_count=359800 6587 5753 353213 351896 332495 314297 128623 115750 185674 101472 27716 14278 24331 23196 17291 145339 3033
is_linear=0
shrinkage=0.0229654


Tree=350
num_leaves=19
num_cat=0
split_feature=15 30 33 28 15 17 24 11 8 11 17 28 35 10 7 28 35 35
split_gain=20.9322 34.1083 28.2483 30.7359 27.2985 27.2338 43.682 40.6691 30.4126 48.0049 46.4378 44.1351 38.4591 31.6405 30.2589 46.2048 33.7015 31.4362
threshold=5.6812500000000012 2284.7250000000004 0.98263888888888895 -6.9004640468227416 13.468750000000004 63.312500000000007 2.825000000000002 84.000000000000014 -0.32075123873380501 108.00000000000001 26.312500000000004 3.9125000000000014 23117.500000000004 0.6830127018922193 0.75023006073889154 -2.9569200664136615 22652.500000000004 28609.000000000004
decision_type=2 2 2 2 2 2 2 2 2 2 2 2 2 2 2 2 2 2
left_child=-1 2 3 -2 -3 8 14 -8 9 10 -5 13 -12 -10 16 -16 -7 -17
right_child=1 4 -4 5 -6 6 7 -9 11 -11 12 -13 -14 -15 15 17 -18 -19
leaf_value=1.1926167444729667 6.8815516223326867 18.081743080880695 -4.7734777867850555 -9.0855641329487771 -13.634642256739223 2.5644562677606833 -4.2331052819432875 0.2061482111084979 -0.67621108141186637 0.50339661424813864 1.0538249078760265 2.2556179017479923 -5.3982886643254444 2.504576425334105 -6.1872396714782729 0.31184370881103568 0.59953626445084218 -5.3368764693949551
leaf_weight=20651 2334 780 6287 6031 183 31730 9814 11277 64690 19725 8478 9843 14276 9078 3243 31927 105242 4211
leaf_count=20651 2334 780 6287 6031 183 31730 9814 11277 64690 19725 8478 9843 14276 9078 3243 31927 105242 4211
internal_value=7.97853e-06 -3.52456e-05 -4.75353e-05 -1.86478e-05 0.00428068 -3.72461e-05 0.000133528 -0.00085422 -0.000292454 -0.000749891 -0.00134793 -2.7055e-05 -0.000873037 -0.000219791 0.000251658 -0.000309366 0.000412959 -7.37171e-05
internal_weight=359800 339149 338186 331899 963 329565 197444 21091 132121 48510 28785 83611 22754 73768 176353 39381 136972 36138
internal_count=359800 339149 338186 331899 963 329565 197444 21091 132121 48510 28785 83611 22754 73768 176353 39381 136972 36138
is_linear=0
shrinkage=0.0229654


Tree=351
num_leaves=19
num_cat=0
split_feature=0 18 22 15 33 30 11 35 21 36 0 29 10 32 30 35 22 36
split_gain=20.73 21.1513 23.6605 22.3058 29.9 43.111 32.4729 30.0908 22.6532 21.6273 54.1792 46.8509 64.2477 105.943 102.042 43.8028 43.6016 40.9731
threshold=47.500000000000007 0.8187500000000002 5.2172309027777777 21.706250000000008 0.17013888888888892 447.11875000000003 132.00000000000003 38086.000000000007 4.3683593750000007 23776.500000000004 32.500000000000007 371.9812500000001 0.6830127018922193 1.0000000180025095e-35 498.65625000000006 18599.500000000004 8.1383680555555564 31254.500000000004
decision_type=2 2 2 2 2 2 2 2 2 2 2 2 2 2 2 2 2 2
left_child=1 3 -3 9 5 6 -5 8 -6 10 -1 12 13 17 -15 -16 -14 -11
right_child=-2 2 -4 4 7 -7 -8 -9 -10 11 -12 -13 16 14 15 -17 -18 -19
leaf_value=0.24976734371423392 -1.8950900715784369 -8.3085317322190217 4.431287460062542 -8.6450645120594043 10.776884884642076 1.7665471233267729 5.8768747396129708 -19.905936679430141 -6.0738460865591568 -2.7729238302965982 3.2096604253823675 1.105158807635984 -2.7274574980359052 -0.92514982654118805 -18.638462590461767 5.6905323902880847 4.0757506535845662 -7.3426743944247397
leaf_weight=117872 7504 817 5648 4782 708 12928 1425 651 4702 25061 13635 73336 4886 50721 341 9380 13699 11704
leaf_count=117872 7504 817 5648 4782 708 12928 1425 651 4702 25061 13635 73336 4886 50721 341 9380 13699 11704
internal_value=6.95728e-06 3.23983e-05 0.00133388 8.06838e-06 -0.000649878 -0.00020463 -0.00177781 -0.00205556 -0.00149424 5.97709e-05 0.000285961 -9.75066e-05 -0.000385163 -0.000621699 -3.03966e-05 0.00212503 0.000852012 -0.00159381
internal_weight=359800 352296 6465 345831 25196 19135 6207 6061 5410 320635 131507 189128 115792 97207 60442 9721 18585 36765
internal_count=359800 352296 6465 345831 25196 19135 6207 6061 5410 320635 131507 189128 115792 97207 60442 9721 18585 36765
is_linear=0
shrinkage=0.0229654


Tree=352
num_leaves=19
num_cat=0
split_feature=37 22 32 36 37 36 37 3 8 4 3 4 34 36 30 26 34 3
split_gain=20.5798 25.8589 40.6092 24.6383 45.542 37.7047 35.979 36.7543 36.5828 37.0281 27.5365 46.4466 60.3786 42.4735 49.0373 38.1721 32.4767 29.2374
threshold=16571.864639373602 16.911675347222225 90.331250000000011 19397.500000000004 19643.101295160526 25499.500000000004 22689.98080292749 1.0000000180025095e-35 0.25881904510252057 6.5000000000000009 5.5000000000000009 4.5000000000000009 1.0000000180025095e-35 16651.000000000004 210.00625000000005 12.303776041666667 0.43402777777777785 3.5000000000000004
decision_type=2 2 2 2 2 2 2 2 2 2 2 2 2 2 2 2 2 2
left_child=1 2 -1 6 5 -5 7 8 9 -2 17 15 -13 14 -14 -12 -15 -9
right_child=3 -3 -4 4 -6 -7 -8 10 -10 -11 11 12 13 16 -16 -17 -18 -19
leaf_value=-17.515247017575835 8.1907423400452721 -26.290910108068211 9.1026655735654032 -2.2617499852666336 0.025837824512581653 -38.981101986307614 11.280460163701198 0.2373047422148504 -3.460281099769698 -3.4304437352925956 8.7703986247774424 -5.220089855078494 -8.6348759268207242 4.6265523742970016 27.503643366737094 -10.285287628260237 -3.1227932259970368 3.9581510582604009
leaf_weight=430 820 565 407 13133 305877 350 1519 7917 3620 741 1367 4847 1187 3547 179 195 999 12100
leaf_count=430 820 565 407 13133 305877 350 1519 7917 3620 741 1367 4847 1187 3547 179 195 999 12100
internal_value=8.68064e-06 -0.0027683 -0.000205783 1.95438e-05 -4.70296e-05 -0.00135326 0.000564164 0.00042388 -0.0013719 0.00156683 0.000711588 -0.00014259 -0.000679848 0.000877906 -0.00267313 0.00355802 0.00194494 0.00123736
internal_weight=359800 1402 837 358398 319360 13483 39038 37519 5181 1561 32338 12321 10759 5912 1366 1562 4546 20017
internal_count=359800 1402 837 358398 319360 13483 39038 37519 5181 1561 32338 12321 10759 5912 1366 1562 4546 20017
is_linear=0
shrinkage=0.0229654


Tree=353
num_leaves=19
num_cat=0
split_feature=28 14 7 36 8 25 13 35 26 13 30 32 24 30 32 32 32 26
split_gain=20.4429 24.1429 31.0909 35.6082 29.5928 28.6469 48.1658 35.958 34.9142 54.8174 62.8739 55.9347 52.8475 51.457 66.9177 66.6844 41.9733 36.4799
threshold=9.4997336800573908 51.312500000000007 -0.97868534383143924 22492.500000000004 0.19467261866128602 22.846354166666668 16.168750000000006 26684.500000000004 14.413671875 12.481250000000003 258.41875000000005 1.0000000180025095e-35 -3.5499999999999989 389.08125000000001 105.88125000000001 42.875000000000014 7.2750000000000075 18.747265625000004
decision_type=2 2 2 2 2 2 2 2 2 2 2 2 2 2 2 2 2 2
left_child=1 4 3 -3 -1 6 8 -8 9 10 -4 12 -12 14 15 -13 -10 -18
right_child=-2 2 5 -5 -6 -7 7 -9 16 -11 11 13 -14 -15 -16 -17 17 -19
leaf_value=-4.2083078208134896 5.7942629427770136 17.441175383001244 -3.680401281088058 1.8873822981461574 1.3404817358287935 -3.637705126712977 2.4448268286940125 -1.7194307375056437 -9.1795961859186512 4.3577763172053947 4.303610796283718 0.52519316549816275 -0.5764182894232095 2.8508597433198761 5.3314167640790435 -8.0601811732169235 -1.1681889573908089 2.311253446125566
leaf_weight=14812 1321 697 9153 18003 4614 3889 27670 4885 2113 10904 9350 8368 169282 21344 1816 3291 43444 4844
leaf_count=14812 1321 697 9153 18003 4614 3889 27670 4885 2113 10904 9350 8368 169282 21344 1816 3291 43444 4844
internal_value=8.17002e-06 -2.33832e-06 4.2774e-05 0.000953003 -0.000789709 -1.03589e-05 1.37155e-05 0.000850401 -8.22247e-05 3.60943e-05 -4.17827e-05 3.8141e-05 -0.000125991 0.00088019 -0.000230932 -0.000869648 -0.000630397 -0.000491763
internal_weight=359800 358479 339053 18700 19426 320353 316464 32555 283909 233508 222604 213451 178632 34819 13475 11659 50401 48288
internal_count=359800 358479 339053 18700 19426 320353 316464 32555 283909 233508 222604 213451 178632 34819 13475 11659 50401 48288
is_linear=0
shrinkage=0.0229654


Tree=354
num_leaves=19
num_cat=0
split_feature=37 36 36 3 0 3 36 3 9 15 26 27 8 3 33 37 15 36
split_gain=19.7477 141.082 62.5352 47.8827 58.3655 39.2921 45.7033 58.777 49.3767 46.1543 40.394 37.6158 36.9865 71.7782 50.8346 36.4362 42.4944 40.1494
threshold=29908.181515470071 27819.500000000004 27525.500000000004 1.0000000180025095e-35 22.500000000000004 5.5000000000000009 31796.500000000004 3.5000000000000004 -0.24999999999999994 16.306250000000006 3.5102864583333337 -0.52639508928571377 -0.55438071450436044 4.5000000000000009 0.69097222222222232 25357.176074945422 26.818750000000005 23088.500000000004
decision_type=2 2 2 2 2 2 2 2 2 2 2 2 2 2 2 2 2 2
left_child=2 -2 15 4 -3 6 -5 -8 -9 12 -11 -6 13 -10 -15 16 17 -1
right_child=1 3 -4 5 11 -7 7 8 9 10 -12 -13 -14 14 -16 -17 -18 -19
leaf_value=0.34875542273813054 17.720636469059535 16.635111730272158 -2.3655057167042304 2.1246289524669768 10.09541822207305 3.8299020321489357 -0.32043646281896793 -11.631728677934264 13.887063596468362 12.335435021473135 -11.688010252191299 -0.7734912723025964 -3.2057047511184624 -26.627528529558454 14.999289299773469 1.4852887036833915 -10.480755649282807 -1.238502188161257
leaf_weight=123437 2873 3369 41936 15456 2584 8091 32321 2555 1984 344 3863 8072 5094 626 521 44338 2113 60223
leaf_count=123437 2873 3369 41936 15456 2584 8091 32321 2555 1984 344 3863 8072 5094 626 521 44338 2113 60223
internal_value=7.02111e-06 0.000306588 -8.96087e-05 0.000137176 0.00136319 -0.000105501 -0.000299673 -0.000653894 -0.00184266 -0.00124507 -0.00320162 0.00053017 -0.000244313 0.00172002 -0.00285316 5.90326e-05 -8.2146e-05 -4.48905e-05
internal_weight=359800 87753 272047 84880 14025 70855 62764 47308 14987 12432 4207 10656 8225 3131 1147 230111 185773 183660
internal_count=359800 87753 272047 84880 14025 70855 62764 47308 14987 12432 4207 10656 8225 3131 1147 230111 185773 183660
is_linear=0
shrinkage=0.0229654


Tree=355
num_leaves=19
num_cat=0
split_feature=37 9 7 33 23 15 11 12 33 11 9 15 14 9 18 7 26 23
split_gain=19.4484 22.7839 25.3495 20.7833 28.5604 24.4727 46.3868 39.8909 49.2701 30.2579 62.0011 50.5627 32.2514 29.3639 28.2471 27.0459 25.2949 25.2115
threshold=41859.284942633676 0.25000000000000011 -0.79335334029123528 0.98263888888888895 2.1750000000000025 7.3812500000000023 108.00000000000001 7.0812500000000016 0.45486111111111116 1.0000000180025095e-35 -0.24999999999999994 15.581250000000004 84.312500000000014 0.93301270189221952 0.46375000000000011 0.89495246814786289 10.18815104166667 2.5374999999999992
decision_type=2 2 2 2 2 2 2 2 2 2 2 2 2 2 2 2 2 2
left_child=3 -2 -3 5 -5 6 7 8 -1 10 12 16 -7 15 -15 -11 -12 -10
right_child=1 2 -4 4 -6 9 -8 -9 17 13 11 -13 -14 14 -16 -17 -18 -19
leaf_value=7.1737214527223081 -9.0607551954544867 13.194826312569857 -18.731153709175057 -4.7088888147070254 10.43297797225395 -5.2252917088868145 -0.8822936205988231 0.67021227128405547 1.4432390474080941 0.52138661213772541 3.7826484384647712 -4.8140424424289607 0.40021386153442312 -2.5251049475955676 9.5407755102830301 -0.96496044604866249 -0.37236984523319472 -20.298765461255389
leaf_weight=6103 182 1127 130 6886 838 10147 19016 21287 3443 205778 8550 7107 2687 25843 991 30944 8475 266
leaf_count=6103 182 1127 130 6886 838 10147 19016 21287 3443 205778 8550 7107 2687 25843 991 30944 8475 266
internal_value=8.68064e-06 0.00267318 0.00377276 -2.01866e-06 -0.00118038 2.39389e-05 0.000493769 0.00104012 0.0022516 -5.44099e-05 -0.000669716 1.61782e-05 -0.00195941 3.1892e-05 -0.000688089 0.000113507 0.00069537 0.000164083
internal_weight=359800 1439 1257 358361 7724 350637 50115 31099 9812 300522 36966 24132 12834 263556 26834 236722 17025 3709
internal_count=359800 1439 1257 358361 7724 350637 50115 31099 9812 300522 36966 24132 12834 263556 26834 236722 17025 3709
is_linear=0
shrinkage=0.0229654


Tree=356
num_leaves=19
num_cat=0
split_feature=28 22 25 26 4 24 11 24 16 32 36 32 11 24 13 16 32 24
split_gain=19.9465 22.8532 20.502 39.0156 38.9716 25.2892 54.8386 51.4994 44.3679 37.4259 33.0471 59.4453 72.3907 62.4538 39.6806 37.5109 40.4016 37.6805
threshold=9.4997336800573908 18.210156250000001 22.846354166666668 20.607161458333337 7.5000000000000009 0.09999999999999977 84.000000000000014 3.2750000000000012 670.31250000000011 399.48750000000007 20281.000000000004 25.781250000000004 60.000000000000007 -2.3249999999999984 12.981250000000003 137.56250000000003 0.687500000000001 -1.4250000000000018
decision_type=2 2 2 2 2 2 2 2 2 2 2 2 2 2 2 2 2 2
left_child=2 -2 3 5 -5 10 7 8 -7 -9 -1 12 15 -13 -15 17 -17 -12
right_child=1 -3 -4 4 -6 6 -8 9 -10 -11 11 13 -14 14 -16 16 -18 -19
leaf_value=1.5702026312959481 -10.644488700567422 7.4880794511415649 -3.1795020860164604 4.9146998775203494 -2.6522738725523918 -0.74578036469446585 0.48028069791177402 -5.6391576255491387 -17.168819803048809 9.3526119860267336 5.0091940406808479 -5.1348655542896653 -0.32745810123284053 -2.0241580833195596 0.79416764282520602 -6.0312415305676614 7.8741090165153516 1.8208350878139934
leaf_weight=30186 104 1217 4924 4910 1065 69355 78221 8809 862 287 13895 11161 73933 12387 20732 5316 1744 20692
leaf_count=30186 104 1217 4924 4910 1065 69355 78221 8809 862 287 13895 11161 73933 12387 20732 5316 1744 20692
internal_value=8.23385e-06 0.00282504 -2.14613e-06 1.835e-05 0.00185837 -1.32805e-05 -0.000228438 -0.000653958 -0.000443334 -0.00227988 0.000165069 3.34727e-05 0.000307583 -0.000682012 -0.00018133 0.00107336 -0.000452152 0.00138475
internal_weight=359800 1321 358479 353555 5975 347580 157534 79313 70217 9096 190046 159860 115580 44280 33119 41647 7060 34587
internal_count=359800 1321 358479 353555 5975 347580 157534 79313 70217 9096 190046 159860 115580 44280 33119 41647 7060 34587
is_linear=0
shrinkage=0.0229654


Tree=357
num_leaves=19
num_cat=0
split_feature=7 3 1 14 8 1 36 10 36 3 35 35 30 36 3 28 26 35
split_gain=19.489 53.2052 68.5202 46.1476 60.8115 54.956 52.4931 64.5392 45.0039 44.3173 49.0959 42.4907 49.372 45.7253 40.5144 41.8785 45.621 40.869
threshold=0.44134171618254497 5.5000000000000009 10.500000000000002 59.437500000000007 0.065263096110025676 19.500000000000004 34381.500000000007 0.6830127018922193 19594.500000000004 3.5000000000000004 30149.500000000004 20093.500000000004 93.406250000000014 19036.500000000004 5.5000000000000009 -2.0801677286356819 1.0000000180025095e-35 22297.500000000004
decision_type=2 2 2 2 2 2 2 2 2 2 2 2 2 2 2 2 2 2
left_child=1 3 -3 4 -1 6 7 8 -5 -8 -11 12 -4 -13 17 16 -16 -2
right_child=14 2 11 5 -6 -7 9 -9 -10 10 -12 13 -14 -15 15 -17 -18 -19
leaf_value=-4.8624413133079809 0.6362195228085451 -2.7431141033827071 1.1203829156045737 7.0803396583848563 1.0602211135782604 -0.94313763093918279 0.42676572349792474 6.7009490856101728 0.74151506794005428 21.444234054047644 -6.0241164303862034 -12.608026431394224 17.206495420925247 3.0760654703503141 12.293128310699354 -1.3269528601560354 -7.8648180930334277 -1.1319609177167671
leaf_weight=26931 51528 5312 1666 5001 12477 46028 23173 15051 63100 198 7433 920 2878 22200 136 14792 3160 57816
leaf_count=26931 51528 5312 1666 5001 12477 46028 23173 15051 63100 198 7433 920 2878 22200 136 14792 3160 57816
internal_value=8.55299e-06 0.00013372 0.000988231 -7.60169e-06 -0.00071155 0.000165798 0.00043631 0.000736312 0.000435527 -0.000373512 -0.00189146 0.00144696 0.00347716 0.00104795 -0.000219684 -0.00122648 -0.00356744 -5.31373e-05
internal_weight=359800 232368 32976 199392 39408 159984 113956 83152 68101 30804 7631 27664 4544 23120 127432 18088 3296 109344
internal_count=359800 232368 32976 199392 39408 159984 113956 83152 68101 30804 7631 27664 4544 23120 127432 18088 3296 109344
is_linear=0
shrinkage=0.0229654


Tree=358
num_leaves=19
num_cat=0
split_feature=7 30 36 3 3 22 9 17 36 29 35 15 9 4 4 7 29 3
split_gain=19.8649 28.9086 24.9772 29.7226 62.4575 42.7695 29.5612 25.3662 24.8207 54.198 94.2591 46.6984 26.8687 27.3396 27.7419 33.1867 29.6258 28.318
threshold=-0.94490267940017747 2152.9812500000003 22492.500000000004 3.5000000000000004 5.5000000000000009 16.198654513888894 -0.24999999999999994 49.062500000000007 31254.500000000004 396.75625000000008 31795.000000000004 23.856250000000006 -0.93301270189221908 1.5000000000000002 11.500000000000002 -0.70710678118654735 325.6062500000001 3.5000000000000004
decision_type=2 2 2 2 2 2 2 2 2 2 2 2 2 2 2 2 2 2
left_child=1 2 7 -4 -5 6 -6 -1 -2 12 -11 -12 -10 -14 15 17 -16 -15
right_child=8 -3 3 4 5 -7 -8 -9 9 10 11 -13 13 14 16 -17 -18 -19
leaf_value=-1.5015500634823475 0.085650707546254631 28.366278334975963 2.2149109201966559 -3.7559004756546588 15.173272145700757 -9.0430433804298058 3.9994149833235717 14.267254628293962 9.0167691465070003 12.152018191502398 -0.88259990858222381 -21.72131430240665 1.5322415120324844 -0.075872656584768966 4.4105725884160547 -9.7013075410882177 -8.5031933098235601 -6.7213752453806093
leaf_weight=916 265560 292 20824 9306 1080 624 2818 1620 120 5790 24816 722 3958 5243 2581 9341 2129 2060
leaf_count=916 265560 292 20824 9306 1080 624 2818 1620 120 5790 24816 722 3958 5243 2581 9341 2129 2060
internal_value=9.38275e-06 0.000509798 0.000453281 0.00029227 -0.000533114 0.00168102 0.00257462 0.00265334 -4.88065e-05 -0.000484717 0.000154676 -0.000445136 -0.00127234 -0.00132374 -0.00164868 -0.00208902 -9.26418e-05 -0.000929245
internal_weight=359800 37480 37188 34652 13828 4522 3898 2536 322320 56760 31328 25538 25432 25312 21354 16644 4710 7303
internal_count=359800 37480 37188 34652 13828 4522 3898 2536 322320 56760 31328 25538 25432 25312 21354 16644 4710 7303
is_linear=0
shrinkage=0.0229654


Tree=359
num_leaves=19
num_cat=0
split_feature=0 9 7 14 15 0 14 17 11 14 23 24 8 11 12 8 10 25
split_gain=20.0365 25.0715 23.5044 31.6566 37.4132 33.6344 52.1885 45.6426 63.0085 40.4207 34.9154 39.8076 28.34 29.656 28.119 27.2437 38.2941 42.2331
threshold=47.500000000000007 -0.6830127018922193 0.32075123873380545 54.312500000000007 21.531250000000004 40.500000000000007 76.062500000000014 71.312500000000014 84.000000000000014 67.312500000000014 1.6875000000000016 -0.45000000000000001 0.19467261866128602 36.000000000000007 15.231250000000005 -0.065263096110025884 -0.24999999999999994 20.140364583333337
decision_type=2 2 2 2 2 2 2 2 2 2 2 2 2 2 2 2 2 2
left_child=2 -2 3 4 12 6 15 14 10 -7 11 -9 13 -1 -8 16 17 -5
right_child=1 -3 -4 5 -6 9 7 8 -10 -11 -12 -13 -14 -15 -16 -17 -18 -19
leaf_value=-5.7543817024276489 -5.8489326804973532 -0.85536712228708922 -0.37685887529922468 2.766901767098036 -16.56681036260418 1.8007431846396698 -0.71683197549327482 7.3759051266156632 1.8220011614647691 -1.0557177716958503 13.028991368704721 2.0808949629421343 1.6027160317542926 -0.38030978444511226 6.6989198339144949 1.5448462497446043 -3.5176129152345328 -6.3635580327320804
leaf_weight=7191 1504 6000 142424 24414 1512 9522 15592 5912 20748 39747 5716 9794 6934 12766 1679 20633 23767 3945
leaf_count=7191 1504 6000 142424 24414 1512 9522 15592 5912 20748 39747 5716 9794 6934 12766 1679 20633 23767 3945
internal_value=8.23385e-06 -0.00116602 3.32458e-05 0.000187775 -0.000525157 0.000299361 0.00049023 0.000995061 0.00140232 -0.000212785 0.00227596 0.00171663 -0.000327516 -0.000766971 6.64855e-07 7.78044e-05 -0.000201783 0.000368059
internal_weight=359800 7504 352296 209872 28403 181469 132200 59441 42170 49269 21422 15706 26891 19957 17271 72759 52126 28359
internal_count=359800 7504 352296 209872 28403 181469 132200 59441 42170 49269 21422 15706 26891 19957 17271 72759 52126 28359
is_linear=0
shrinkage=0.0229654


Tree=360
num_leaves=19
num_cat=0
split_feature=37 29 3 36 37 37 3 35 4 34 0 3 35 36 15 10 36 35
split_gain=19.3865 25.7258 31.3682 23.8055 43.3796 34.1009 42.0758 46.756 38.3972 41.5795 40.9127 38.4827 36.88 33.4039 31.4343 28.9268 35.1175 28.1326
threshold=16571.864639373602 57.906250000000007 5.5000000000000009 19397.500000000004 19574.565316963995 20103.978074904768 1.0000000180025095e-35 21001.500000000004 5.5000000000000009 0.12152777777777779 18.500000000000004 5.5000000000000009 19968.500000000004 25161.500000000004 14.481250000000003 -0.68301270189221952 17070.500000000004 16644.500000000004
decision_type=2 2 2 2 2 2 2 2 2 2 2 2 2 2 2 2 2 2
left_child=1 -1 -3 5 13 6 -2 8 -8 10 11 14 -7 -5 17 16 -9 -10
right_child=3 2 -4 4 -6 12 7 15 9 -11 -12 -13 -14 -15 -16 -17 -18 -19
leaf_value=-25.864930109901618 -2.5054681590332057 -9.7013358502020104 9.2979857661184138 -2.2788269261226 0.018544882656724767 11.537081105304766 4.1008316483227691 4.8094579712709304 -8.0114567022714631 2.9475313250799129 10.487735328007597 -4.1914478204498566 2.418323717970333 -32.768585185058619 -5.1740819900116213 1.9281154810254859 -13.90334380039935 2.2876617394532599
leaf_weight=789 4204 339 274 12163 306805 1621 4985 739 208 6623 1328 3327 6992 392 1569 1539 1593 4310
leaf_count=789 4204 339 274 12163 306805 1621 4985 739 208 6623 1328 3327 6992 392 1569 1539 1593 4310
internal_value=8.87213e-06 -0.0026864 0.000842939 1.94156e-05 -4.60229e-05 0.000554751 0.000193611 0.000535576 0.000939167 0.000429155 -0.000453237 -0.000985556 0.00183046 -0.00136914 9.99808e-05 -0.00179464 -0.00340739 0.00107253
internal_weight=359800 1402 613 358398 319360 39038 30425 26221 22350 17365 10742 9414 8613 12555 6087 3871 2332 4518
internal_count=359800 1402 613 358398 319360 39038 30425 26221 22350 17365 10742 9414 8613 12555 6087 3871 2332 4518
is_linear=0
shrinkage=0.0229654


Tree=361
num_leaves=19
num_cat=0
split_feature=18 8 21 15 14 33 22 11 26 7 3 37 3 36 3 37 37 37
split_gain=19.2793 24.299 31.7056 19.9374 30.2659 33.2348 34.6167 23.1457 22.9689 21.2013 65.7981 39.3381 42.2541 38.673 53.8758 48.2562 37.6429 36.827
threshold=0.8187500000000002 -0.70710678118654757 5.2751302083333345 22.068750000000005 54.312500000000007 0.12152777777777779 12.336197916666668 132.00000000000003 3.5102864583333337 0.25881904510252096 5.5000000000000009 35683.73035002665 1.0000000180025095e-35 27231.500000000004 1.0000000180025095e-35 28060.695964053844 30520.511841956639 18031.999696501833
decision_type=2 2 2 2 2 2 2 2 2 2 2 2 2 2 2 2 2 2
left_child=3 -2 -3 9 -5 6 -6 -8 -7 10 17 13 -13 16 15 -15 -11 -1
right_child=1 2 -4 4 5 8 7 -9 -10 11 -12 12 -14 14 -16 -17 -18 -19
leaf_value=-11.662023429816239 17.334456694661508 -11.59167792948808 2.4139702302930166 -17.537161204617348 2.4983020298549379 17.938425863799843 -7.6139927065493929 5.5438284039505268 -6.4637096663425453 -0.18428357056669878 3.0562703298403799 36.642910602749076 3.3704463615049627 -12.320454028307559 -4.8285610034659117 8.9874599917456042 19.990940966989132 0.12963891305162187
leaf_weight=1952 1612 632 4343 1198 11141 272 3658 1162 6018 110746 26400 670 4501 694 19968 3176 451 161206
leaf_count=1952 1612 632 4343 1198 11141 272 3658 1162 6018 110746 26400 670 4501 694 19968 3176 451 161206
internal_value=8.42533e-06 0.00123944 0.00044546 -1.45317e-05 -0.000661569 -0.000470125 8.70501e-05 -0.00153897 -0.00188397 3.14782e-05 0.000189846 -0.000182634 0.00178314 -0.000257911 -0.00109731 0.00138267 -7.79647e-05 1.77352e-05
internal_weight=359800 6587 4975 353213 23449 22251 15961 4820 6290 329764 189558 140206 5171 135035 23838 3870 111197 163158
internal_count=359800 6587 4975 353213 23449 22251 15961 4820 6290 329764 189558 140206 5171 135035 23838 3870 111197 163158
is_linear=0
shrinkage=0.0229654


Tree=362
num_leaves=19
num_cat=0
split_feature=0 7 35 16 23 11 18 28 36 30 36 1 0 30 12 4 0 16
split_gain=19.7201 21.7406 33.7481 54.119 46.425 61.0751 37.6069 38.1895 35.3146 33.81 39.2106 49.6686 46.6926 37.9344 34.4773 32.3259 46.6104 31.8755
threshold=47.500000000000007 0.32075123873380545 26490.500000000004 286.56250000000006 0.34999999999999992 132.00000000000003 0.014375000000000002 -2.6959885057471262 18436.500000000004 447.11875000000003 32663.500000000004 21.500000000000004 42.500000000000007 2152.9812500000003 8.9562500000000025 8.5000000000000018 32.500000000000007 189.31250000000003
decision_type=2 2 2 2 2 2 2 2 2 2 2 2 2 2 2 2 2 2
left_child=1 2 3 4 -1 17 -5 8 -8 15 11 -11 13 -12 -13 16 -4 -6
right_child=-2 -3 9 6 5 -7 7 -9 -10 10 12 14 -14 -15 -16 -17 -18 -19
leaf_value=1.0463861544388215 -1.7946752913699076 -0.35387847862230443 -21.128222093249562 -2.2051650449450144 15.206410993253471 -4.8879425434053001 18.164394468488929 3.7688671484596581 -11.913609878569629 2.5718547138204011 -0.86931472126114151 -1.1657036115784201 -9.9720682494454724 13.660509128069394 -8.8691503339626756 0.51207639423177476 -2.2672595025149409 7.7243146017453927
leaf_weight=36810 7504 142424 1059 24052 3625 2150 420 21379 2378 38445 45293 4988 2128 1079 1316 7642 11666 5442
leaf_count=36810 7504 142424 1059 24052 3625 2150 420 21379 2378 38445 45293 4988 2128 1079 1316 7642 11666 5442
internal_value=8.10619e-06 3.29199e-05 0.000181537 0.000497931 0.00104362 0.00233708 -4.54746e-05 0.000594154 -0.00192883 -8.65124e-05 9.86353e-05 0.000588903 -0.000353715 -0.000201069 -0.00130055 -0.0009342 -0.00164322 0.00316227
internal_weight=359800 352296 209872 96256 48027 11217 48229 24177 2798 113616 93249 44749 48500 46372 6304 20367 12725 9067
internal_count=359800 352296 209872 96256 48027 11217 48229 24177 2798 113616 93249 44749 48500 46372 6304 20367 12725 9067
is_linear=0
shrinkage=0.0229654


Tree=363
num_leaves=19
num_cat=0
split_feature=28 32 14 7 3 29 28 13 22 34 14 8 23 10 18 22 32 26
split_gain=19.2262 21.6967 21.1682 28.1202 26.2822 46.1408 39.9477 25.3846 50.2269 56.5732 52.0847 43.7328 30.577 36.4135 29.9954 35.4312 29.6477 32.2104
threshold=9.4997336800573908 914.51875000000007 51.312500000000007 -0.97868534383143924 5.5000000000000009 60.031250000000014 -1.517165178571428 14.343750000000004 14.673914930555558 0.038194444444444454 85.062500000000014 -0.55438071450436044 -4.1249999999999947 -0.68301270189221952 0.063750000000000015 15.974956597222224 62.018750000000004 14.075911458333335
decision_type=2 2 2 2 2 2 2 2 2 2 2 2 2 2 2 2 2 2
left_child=2 -2 4 -4 -1 -6 -7 8 9 -5 -10 -12 13 -9 16 -16 17 -14
right_child=1 -3 3 7 5 6 -8 12 10 -11 11 -13 14 -15 15 -17 -18 -19
leaf_value=-2.8456809716594371 1.1205978244583323 10.732930787895512 2.2758170218298712 -0.089483755424223432 -3.5648304751213389 -3.948129361884142 16.19449715945607 3.7627643173670835 -2.9857852883343838 4.1981533032547702 14.954978421116651 -0.022247689755428231 4.6786641794847768 -1.7768529223850771 8.5850889139143742 0.70354808690628412 0.037785159452991011 -14.381420443691788
leaf_weight=16570 811 510 18700 231110 1471 480 905 5731 20758 3026 776 8129 707 1575 4521 11048 31433 1539
leaf_count=16570 811 510 18700 231110 1471 480 905 5731 20758 3026 776 8129 707 1575 4521 11048 31433 1539
internal_value=7.40408e-06 0.00277289 -2.78676e-06 3.9455e-05 -0.000740057 0.00129462 0.00430291 -1.10758e-05 -0.00010573 7.06218e-06 -0.000996022 0.000473234 0.000430444 0.00181686 0.000224767 0.00105836 -0.000160585 -0.00270963
internal_weight=359800 1321 358479 339053 19426 2856 1385 320353 263799 234136 29663 8905 56554 7306 49248 15569 33679 2246
internal_count=359800 1321 358479 339053 19426 2856 1385 320353 263799 234136 29663 8905 56554 7306 49248 15569 33679 2246
is_linear=0
shrinkage=0.0229654


Tree=364
num_leaves=19
num_cat=0
split_feature=34 0 7 3 0 14 36 3 10 0 36 7 3 28 29 15 15 12
split_gain=19.0993 19.0301 20.7135 43.6522 64.4287 47.7467 53.7435 68.5382 60.4789 51.6295 46.2906 43.4226 39.1217 40.2873 41.3034 37.8906 35.1566 37.8908
threshold=0.96875000000000011 47.500000000000007 0.44134171618254497 5.5000000000000009 23.500000000000004 59.437500000000007 32663.500000000004 3.5000000000000004 0.6830127018922193 36.500000000000007 19594.500000000004 -0.82968937203783699 5.5000000000000009 -2.0801677286356819 712.09375000000011 15.656250000000004 10.481250000000003 6.9312500000000012
decision_type=2 2 2 2 2 2 2 2 2 2 2 2 2 2 2 2 2 2
left_child=1 2 3 5 -5 9 8 -8 10 -1 -7 -10 -4 14 -14 -15 17 -9
right_child=-2 -3 12 4 -6 6 7 16 11 -11 -12 -13 13 15 -16 -17 -18 -19
leaf_value=-4.5456079129632041 22.27671459745136 -1.7567249314319915 -0.080986083530183189 -2.4237037180648437 3.8377491634524126 6.6297597788178724 0.23134906635440583 -4.1217112389858306 15.804526920558409 0.98956119577908808 0.26611737623036547 3.8499904121691886 -7.7904038336097985 -0.086555402913075757 9.7171199925008693 -7.1565228980919633 -7.6674533138275178 6.7489456301767747
leaf_weight=27120 136 7501 109301 6392 25512 5035 33009 2760 1496 12048 85485 17050 3090 11410 206 3382 7763 1104
leaf_count=27120 136 7501 109301 6392 25512 5035 33009 2760 1496 12048 85485 17050 3090 11410 206 3382 7763 1104
internal_value=7.40408e-06 4.15041e-06 2.85304e-05 0.000161124 0.000948014 3.09587e-05 0.000213365 -0.000457909 0.000488088 -0.000684834 0.000243303 0.00168284 -0.000205427 -0.00119474 -0.0034908 -0.000683125 -0.00197419 -0.000184246
internal_weight=359800 359664 352163 224774 31904 192870 153702 44636 109066 39168 90520 18546 127389 18088 3296 14792 11627 3864
internal_count=359800 359664 352163 224774 31904 192870 153702 44636 109066 39168 90520 18546 127389 18088 3296 14792 11627 3864
is_linear=0
shrinkage=0.0229654


Tree=365
num_leaves=19
num_cat=0
split_feature=15 30 29 33 26 4 22 33 35 10 10 10 30 1 35 16 29 15
split_gain=18.7826 35.9453 36.0684 29.5218 22.8183 38.9531 44.8664 39.7738 33.2447 49.6752 86.7838 46.4423 81.3729 44.5064 43.4212 72.6809 43.0925 49.8955
threshold=5.356250000000002 2284.7250000000004 746.06875000000002 0.98263888888888895 4.285286458333335 11.500000000000002 6.337934027777778 0.73263888888888895 27194.500000000004 -0.5 1.0000000180025095e-35 0.6830127018922193 1009.1687500000002 16.500000000000004 36866.500000000007 0.56250000000000011 371.9812500000001 17.393750000000008
decision_type=2 2 2 2 2 2 2 2 2 2 2 2 2 2 2 2 2 2
left_child=-1 3 -3 4 5 6 7 -2 -6 13 -11 16 -13 -10 15 -14 -12 -18
right_child=1 2 -4 -5 8 -7 -8 -9 9 10 11 12 14 -15 -16 -17 17 -19
leaf_value=1.3161969907576971 -1.0857480222593299 -8.4975172821863296 19.909452355461159 -4.6856312531760667 0.21369525043848156 -4.9329657345151787 9.9450300297095975 4.815440887190225 -17.92883906916094 3.2762352751996739 -4.5665019753261529 4.4657530535880001 -4.6376583336731301 -2.4078710847890643 -5.8169902542054581 5.6047536001459077 1.7477058662500566 -6.9377595800424059
leaf_weight=16124 9638 328 682 6411 207213 3313 3544 8026 1675 14303 23920 14090 7918 9462 7893 7702 12681 4877
leaf_count=16124 9638 328 682 6411 207213 3313 3544 8026 1675 14303 23920 14090 7918 9462 7893 7702 12681 4877
internal_value=7.34025e-06 -2.86002e-05 0.00429749 -4.13512e-05 -1.19179e-05 0.000662617 0.00102439 0.000551253 -6.49768e-05 -0.000398903 -0.000226005 -0.000523743 6.0768e-05 -0.00184866 -0.00076623 -6.46913e-05 -0.00105365 -0.000189656
internal_weight=359800 343676 1010 342666 336255 24521 21208 17664 311734 104521 93384 79081 37603 11137 23513 15620 41478 17558
internal_count=359800 343676 1010 342666 336255 24521 21208 17664 311734 104521 93384 79081 37603 11137 23513 15620 41478 17558
is_linear=0
shrinkage=0.0229654


Tree=366
num_leaves=19
num_cat=0
split_feature=0 14 7 14 37 17 11 8 37 8 19 37 11 17 10 29 4 26
split_gain=19.0395 36.7773 29.6659 48.5011 43.8391 41.8659 48.3164 49.8474 48.4514 41.4113 37.3423 33.5054 33.0768 28.0221 30.6433 33.9878 61.7285 45.1034
threshold=43.500000000000007 68.062500000000014 0.25881904510252096 76.312500000000014 36029.311559945709 71.312500000000014 84.000000000000014 0.19467261866128602 29323.072998428692 -0.065263096110025884 7.2562500000000005 36373.894888711664 1.0000000180025095e-35 18.062500000000004 -0.5 37.943750000000009 6.5000000000000009 15.21861979166667
decision_type=2 2 2 2 2 2 2 2 2 2 2 2 2 2 2 2 2 2
left_child=2 -2 3 9 -4 -5 7 8 -7 12 -10 -12 -1 -14 15 17 -17 -15
right_child=1 -3 4 5 -6 6 -8 -9 10 -11 11 -13 13 14 -16 16 -18 -19
leaf_value=-6.1727484386557476 1.4901369641454023 -1.4645327767265046 -0.47660599548596377 -0.30426691294897451 7.2872853412671352 18.958732531397324 1.3032898989011317 1.1699529197646561 2.3965238531432314 1.0239285889343717 21.803099044887261 5.4299897881696308 -6.6953188207761114 -23.521972043442073 -2.4291452516897136 2.0789819870461343 16.324873432463701 0.17077950647418352
leaf_weight=9122 7130 30334 145052 19693 4868 2616 22600 9571 6059 39991 1979 3070 4110 837 26757 10202 2735 13074
leaf_count=9122 7130 30334 145052 19693 4868 2616 22600 9571 6059 39991 1979 3070 4110 837 26757 10202 2735 13074
internal_value=7.59556e-06 -0.000482431 6.45496e-05 0.000269992 -0.00017172 0.000761569 0.00114164 0.00187558 0.00276274 -3.18164e-05 0.00210055 0.00355921 -0.000381571 -0.000178463 -3.83435e-05 0.00050981 0.00135712 -0.000278173
internal_weight=359800 37464 322336 172416 149920 65588 45895 23295 13724 106828 11108 5049 66837 57715 53605 26848 12937 13911
internal_count=359800 37464 322336 172416 149920 65588 45895 23295 13724 106828 11108 5049 66837 57715 53605 26848 12937 13911
is_linear=0
shrinkage=0.0229654


Tree=367
num_leaves=19
num_cat=0
split_feature=0 36 9 26 14 26 1 37 36 36 25 3 15 9 12 3 29 30
split_gain=18.0919 46.5678 48.5742 42.5176 46.6856 32.9764 30.7756 27.1935 65.0653 52.9946 62.4948 112.07 41.2811 42.1927 55.9298 39.14 62.1753 57.8309
threshold=43.500000000000007 24730.000000000004 -0.6830127018922193 7.5406250000000012 68.312500000000014 18.246484375000005 22.500000000000004 23785.09947273909 22917.500000000004 24337.500000000004 7.1997395833333346 1.0000000180025095e-35 26.818750000000005 0.68301270189221941 5.7062500000000016 2.5000000000000004 746.06875000000002 27.456250000000008
decision_type=2 2 2 2 2 2 2 2 2 2 2 2 2 2 2 2 2 2
left_child=7 2 6 -3 -5 -4 -2 8 12 10 11 -9 13 14 -1 16 -11 -17
right_child=1 3 5 4 -6 -7 -8 9 -10 15 -12 -13 -14 -15 -16 17 -18 -19
leaf_value=-5.9103436969876926 0.79734751951848659 0.3218922752827284 1.3002879624785604 0.39223802271064356 -5.20540687408461 6.2708698414548234 -4.7776767162768525 -15.054451354027815 -3.0746207098347278 1.1254141597639278 5.4799661569239886 1.4822453556769597 -12.79317932626439 2.3785579284880707 0.040152154480381591 -6.3719325347671383 22.670026150010724 -0.34679562521630997
leaf_weight=2626 2320 7930 9807 3446 9424 1633 2904 1198 29831 77311 16951 6797 939 18282 83164 3058 611 81568
leaf_count=2626 2320 7930 9807 3446 9424 1633 2904 1198 29831 77311 16951 6797 939 18282 83164 3058 611 81568
internal_value=9.95721e-06 -0.000467719 0.000436872 -0.00119243 -0.00200747 0.00127474 -0.00139797 6.54758e-05 -0.000183257 0.00024436 0.00122993 -0.000443797 8.56192e-05 0.00012887 -8.45911e-05 9.31061e-05 0.000464484 -0.000248851
internal_weight=359800 37464 16664 20800 12870 11440 5224 322336 134842 187494 24946 7995 105011 104072 85790 162548 77922 84626
internal_count=359800 37464 16664 20800 12870 11440 5224 322336 134842 187494 24946 7995 105011 104072 85790 162548 77922 84626
is_linear=0
shrinkage=0.0229654


Tree=368
num_leaves=19
num_cat=0
split_feature=6 8 24 30 24 35 31 10 8 30 3 22 16 14 10 29 37 16
split_gain=18.0974 36.435 22.6712 37.4889 67.1059 45.6308 34.7872 36.1444 33.8945 44.566 31.78 43.3174 39.2298 31.1018 48.6852 53.2139 50.2599 40.1215
threshold=1.0000000180025095e-35 0.60876142900872032 0.09999999999999977 266.60625000000005 -2.3249999999999984 19637.500000000004 11.956250000000006 0.6830127018922193 -0.19467261866128607 581.14375000000007 4.5000000000000009 11.809852430555559 182.31250000000003 88.062500000000014 1.0000000180025095e-35 390.09375000000006 19777.377895503061 10.687500000000002
decision_type=2 2 2 2 2 2 2 2 2 2 2 2 2 2 2 2 2 2
left_child=2 -2 3 4 -1 8 7 -6 9 -5 -7 12 -12 14 16 -16 -4 -15
right_child=1 -3 13 5 6 10 -8 -9 -10 -11 11 -13 -14 17 15 -17 -18 -19
leaf_value=-3.7232854539791163 -5.3283685353739481 2.1394969786773106 -2.4483820678373056 20.558022270946317 -4.2962842064556845 1.3575128364595097 0.6991179296791078 7.4133588824590362 1.6324222261264048 1.6681718677181618 -0.7979065482031934 2.9381978084234803 -11.104774021286314 0.03525370421038599 -4.529664049095115 -0.48730685086431824 0.6266654596011465 4.7436596326944693
leaf_weight=13631 5712 2352 14890 2084 4393 88979 36477 379 6341 1293 24578 6734 4092 27242 23539 24433 64652 7999
leaf_count=13631 5712 2352 14890 2084 4393 88979 36477 379 6341 1293 24578 6734 4092 27242 23539 24433 64652 7999
internal_value=7.72322e-06 -0.00106796 3.23846e-05 0.000203489 -0.000302132 0.000410412 0.000159509 -0.00168439 0.00192599 0.0037845 0.000292 -0.000289954 -0.00067927 -0.000166291 -0.000333187 -0.000911014 1.53022e-05 0.000437595
internal_weight=359800 8064 351736 188981 54880 134101 41249 4772 9718 3377 124383 35404 28670 162755 127514 47972 79542 35241
internal_count=359800 8064 351736 188981 54880 134101 41249 4772 9718 3377 124383 35404 28670 162755 127514 47972 79542 35241
is_linear=0
shrinkage=0.0229654


Tree=369
num_leaves=19
num_cat=0
split_feature=13 25 14 13 30 13 34 14 35 35 36 15 25 37 35 25 37 36
split_gain=18.2333 27.2856 24.6574 39.1482 34.2936 68.1012 63.8017 51.7853 36.5003 32.8766 31.36 35.5189 30.3164 29.0246 38.6315 50.5128 48.5389 52.436
threshold=25.293750000000006 22.846354166666668 51.312500000000007 16.168750000000006 245.06875000000005 11.156250000000004 0.038194444444444454 84.687500000000014 30149.500000000004 19234.500000000004 25864.500000000004 14.368750000000004 13.251822916666669 17350.890228859495 21182.500000000004 14.804947916666668 21341.006800712184 26525.500000000004
decision_type=2 2 2 2 2 2 2 2 2 2 2 2 2 2 2 2 2 2
left_child=1 2 12 4 5 8 13 -7 -4 -8 -5 -12 -1 -6 16 -16 -15 -18
right_child=-2 -3 3 10 6 7 9 -9 -10 -11 11 -13 -14 14 15 -17 17 -19
leaf_value=0.87096554211975374 4.3012115803725708 -3.4042429955510158 -4.0754577066202193 2.508895119053145 -6.4009032638507133 -1.2599070437527262 8.8175201500767457 1.4808823506795892 12.948082916290961 2.3384824421909598 -2.6786649902946795 4.0709751255582241 -4.3557787896702358 0.36929826993721904 -0.015508870199385062 -5.9867238865722259 7.2412091347947429 -5.3182359678379036
leaf_weight=6986 3193 3949 9262 27362 1001 30672 953 11783 262 3508 5455 2510 10820 24647 201728 5785 8382 1542
leaf_count=6986 3193 3949 9262 27362 1001 30672 953 11783 262 3508 5455 2510 10820 24647 201728 5785 8382 1542
internal_value=9.2551e-06 -6.21458e-06 1.50429e-05 5.9325e-05 -2.59537e-05 -0.000562217 8.66493e-05 -0.000168501 -0.00231728 0.00280826 0.000782372 -0.000485834 -0.000817706 3.67035e-05 5.28401e-05 -6.55718e-05 0.000763609 0.00211974
internal_weight=359800 356607 352658 334852 299525 51979 247546 42455 9524 4461 35327 7965 17806 243085 242084 207513 34571 9924
internal_count=359800 356607 352658 334852 299525 51979 247546 42455 9524 4461 35327 7965 17806 243085 242084 207513 34571 9924
is_linear=0
shrinkage=0.0229654


Tree=370
num_leaves=19
num_cat=0
split_feature=28 30 32 25 29 25 4 36 25 3 3 1 36 9 25 1 3 3
split_gain=18.5 24.069 47.9788 55.4764 30.0826 35.3013 33.9375 30.3064 28.8112 29.7933 54.7187 25.5915 36.7337 38.9445 36.2252 34.0545 67.7832 90.8071
threshold=9.4997336800573908 21.024999999999999 484.33125000000007 15.634635416666669 8.2750000000000057 19.947135416666672 8.5000000000000018 25739.500000000004 23.489843750000002 4.5000000000000009 3.5000000000000004 21.500000000000004 24629.500000000004 -0.6830127018922193 6.8643229166666675 5.5000000000000009 5.5000000000000009 1.0000000180025095e-35
decision_type=2 2 2 2 2 2 2 2 2 2 2 2 2 2 2 2 2 2
left_child=1 2 -1 -4 6 11 -3 -7 -5 10 -10 15 13 -13 -14 16 17 -6
right_child=-2 4 3 8 5 7 -8 -9 9 -11 -12 12 14 -15 -16 -17 -18 -19
leaf_value=-3.999636281334916 5.5238511720270278 1.2188574604334199 -8.8686524448503548 1.2441516843781166 -3.611535043297772 -3.1558962300083602 7.5534447059868439 -16.021074439831793 -4.4891501081397926 -16.067385505848886 12.099679213612951 -2.8365054391226399 -0.58992426176466506 1.7166209889778545 -4.9942169910851497 0.68085700635868174 -3.4932874427842462 0.55390130065803267
leaf_weight=7396 1321 14325 1104 15113 11215 3367 1904 501 1575 741 468 3812 6463 8881 7112 206428 11279 56795
leaf_count=7396 1321 14325 1104 15113 11215 3367 1904 501 1575 741 468 3812 6463 8881 7112 206428 11279 56795
internal_value=7.97853e-06 -2.018e-06 -0.000669466 -5.86191e-05 5.1037e-05 1.49054e-06 0.00101532 -0.00217898 0.000249582 -0.00189729 -0.000466502 2.85241e-05 -0.000657453 0.000230685 -0.00148789 9.15909e-05 -0.000312958 -3.95082e-05
internal_weight=359800 358479 26397 19001 332082 315853 16229 3868 17897 2784 2043 311985 26268 12693 13575 285717 79289 68010
internal_count=359800 358479 26397 19001 332082 315853 16229 3868 17897 2784 2043 311985 26268 12693 13575 285717 79289 68010
is_linear=0
shrinkage=0.0229654


Tree=371
num_leaves=19
num_cat=0
split_feature=36 37 37 3 35 37 12 35 36 15 36 35 4 26 0 24 28 0
split_gain=18.5085 43.6055 34.1144 34.2219 39.8976 34.8876 32.8664 32.5602 31.3743 28.6744 28.7577 24.3185 38.9765 29.7941 24.0236 23.8489 34.1856 27.3606
threshold=19397.500000000004 19574.565316963995 20167.682146005318 1.0000000180025095e-35 21693.500000000004 17658.666800385352 18.681250000000006 19152.500000000004 25161.500000000004 16.118750000000006 17070.500000000004 16852.500000000004 4.5000000000000009 18.967317708333336 11.500000000000002 1.2500000000000009 -0.085053191489361954 19.500000000000004
decision_type=2 2 2 2 2 2 2 2 2 2 2 2 2 2 2 2 2 2
left_child=2 8 3 6 5 9 14 -4 -2 10 11 -5 -13 -14 -1 17 -17 -7
right_child=1 -3 7 4 -6 15 -8 -9 -10 -11 -12 12 13 -15 -16 16 -18 -19
leaf_value=-2.3270872437914925 -2.1762763129541329 0.0081996143768079937 18.38211864446475 6.1747540867015305 -8.4356116468549391 1.6040854516982006 -25.184164007027206 2.709338166795435 -31.77408051463059 -9.9896214931533205 2.4963855341109737 36.011678168097305 -7.0528840736708185 11.2887067099111 4.454833243327406 -9.9350655402999344 0.87706194631258338 14.748363213561774
leaf_weight=3583 12318 306805 1037 423 2357 11148 259 7245 397 1804 2920 97 1661 252 435 660 3614 2785
leaf_count=3583 12318 306805 1037 423 2357 11148 259 7245 397 1804 2920 97 1661 252 435 660 3614 2785
internal_value=8.17002e-06 -5.03123e-05 0.000472079 0.000132059 0.000427065 0.000692656 -0.00177999 0.00178577 -0.00136817 -0.000665827 0.000178043 -0.00166601 -0.00271929 -0.00343941 -0.00126887 0.00122666 -0.000274037 0.00168701
internal_weight=359800 319520 40280 31998 27721 25364 4277 8282 12715 7157 5353 2433 2010 1913 4018 18207 4274 13933
internal_count=359800 319520 40280 31998 27721 25364 4277 8282 12715 7157 5353 2433 2010 1913 4018 18207 4274 13933
is_linear=0
shrinkage=0.0229654


Tree=372
num_leaves=19
num_cat=0
split_feature=17 16 29 29 9 25 22 3 36 37 37 37 35 35 3 29 35 28
split_gain=18.1302 48.2447 24.8312 26.516 26.9747 24.4492 49.2118 26.0431 23.0092 105.551 52.4951 37.0831 65.1952 58.2649 35.1198 52.9561 36.7341 36.38
threshold=99.812500000000014 9.9375000000000018 476.2312500000001 690.61250000000007 0.68301270189221941 10.735156250000003 11.096614583333336 2.5000000000000004 27094.500000000004 29908.181515470071 25765.757237587812 25132.462338645339 24553.500000000004 27264.500000000004 2.5000000000000004 746.06875000000002 38550.000000000007 -1.5514545795795789
decision_type=2 2 2 2 2 2 2 2 2 2 2 2 2 2 2 2 2 2
left_child=8 2 5 4 -4 -2 -7 -8 9 11 -10 13 -13 -1 15 17 -16 -12
right_child=1 -3 3 -5 -6 6 7 -9 10 -11 14 12 -14 -15 16 -17 -18 -19
leaf_value=-0.032304372692534132 3.3426681591556058 6.8288947755836009 -9.8500800998898406 20.263075238844138 1.2357080113962653 -10.099948288282141 7.4706818745715564 -2.6077753894170814 -6.7696581289892004 17.68783102001246 3.6775327946358654 8.6347735525193574 0.80690281893181381 -10.24579666899511 -0.92862219445558636 23.137087029223064 -5.7156223281642822 -0.46187268302751466
leaf_weight=168165 6966 7338 2516 156 1438 1409 833 1005 7963 1676 14751 5004 35595 3699 51582 531 6566 42607
leaf_count=168165 6966 7338 2516 156 1438 1409 833 1005 7963 1676 14751 5004 35595 3699 51582 531 6566 42607
internal_value=7.40408e-06 0.000651505 -0.000124263 -0.00163161 -0.001998 0.000482334 -0.00116348 0.00131195 -3.38567e-05 0.000110302 -0.000282808 6.50169e-05 0.000689262 -8.24469e-05 -0.000159024 0.000241401 -0.000557666 0.000174569
internal_weight=359800 21661 14323 4110 3954 10213 3247 1838 338139 214139 124000 212463 40599 171864 116037 57889 58148 57358
internal_count=359800 21661 14323 4110 3954 10213 3247 1838 338139 214139 124000 212463 40599 171864 116037 57889 58148 57358
is_linear=0
shrinkage=0.0229654


Tree=373
num_leaves=19
num_cat=0
split_feature=31 30 32 29 28 4 29 34 4 30 4 18 3 37 37 37 1 15
split_gain=17.9046 21.1892 46.5218 30.169 31.5814 24.7971 24.4339 24.2398 27.2968 30.7612 28.826 25.4151 24.0783 33.6251 23.8647 22.9934 38.5868 37.4233
threshold=455.66250000000008 21.024999999999999 484.33125000000007 8.2750000000000057 -0.11275552774301099 8.5000000000000018 3.5249999999999972 0.26736111111111116 5.5000000000000009 35.031250000000007 6.5000000000000009 0.075625000000000026 4.5000000000000009 24366.059982709161 30520.511841956639 24617.385043280763 21.500000000000004 26.818750000000005
decision_type=2 2 2 2 2 2 2 2 2 2 2 2 2 2 2 2 2 2
left_child=1 2 12 4 6 7 -3 8 -6 -10 -11 -12 14 -14 -1 17 -17 -5
right_child=-2 3 -4 15 5 -7 -8 -9 9 10 11 -13 13 -15 -16 16 -18 -19
leaf_value=-5.6425030012892909 7.5300380569455445 -11.2940298896049 -0.052622711724064103 -0.35398226703003688 -9.1148247744751512 7.4693691548985885 2.2590354676864788 3.8935589703535238 -5.2444695264110672 8.7905805451010597 -1.5639697376737327 6.8025320633405455 1.59901347414602 -9.9402898204999488 21.992026102241791 0.72079005271092889 -2.0410607690043507 -10.516528702888243
leaf_weight=5135 546 975 19453 136489 539 1875 775 6171 1455 1287 2263 1052 1871 317 74 163726 13871 1926
leaf_count=5135 546 975 19453 136489 539 1875 775 6171 1455 1287 2263 1052 1871 317 74 163726 13871 1926
internal_value=8.48916e-06 2.17346e-06 -0.000618398 5.23003e-05 0.00101293 0.00136142 -0.00190285 0.000999239 3.13355e-05 0.000472048 0.0013923 0.00025979 -0.00216863 -0.000146945 -0.00301782 2.47087e-06 0.000175412 -0.000219425
internal_weight=359800 359254 26850 332404 16392 14642 1750 12767 6596 6057 4602 3315 7397 2188 5209 316012 177597 138415
internal_count=359800 359254 26850 332404 16392 14642 1750 12767 6596 6057 4602 3315 7397 2188 5209 316012 177597 138415
is_linear=0
shrinkage=0.0229654


Tree=374
num_leaves=19
num_cat=0
split_feature=34 17 8 29 16 11 36 17 16 27 36 21 15 11 35 16 35 36
split_gain=17.6317 18.0138 39.5586 48.6381 37.2244 71.798 45.1043 40.216 36.5748 35.1203 29.793 30.3713 29.9932 29.7035 36.71 28.9246 28.1305 34.2617
threshold=0.96875000000000011 63.312500000000007 -0.82968937203783677 448.24375000000003 43.312500000000007 108.00000000000001 30991.000000000004 6.0625000000000009 720.93750000000011 0.2051897321428591 24825.500000000004 4.9519531250000011 26.818750000000005 108.00000000000001 38284.500000000007 221.06250000000003 20093.500000000004 21704.500000000004
decision_type=2 2 2 2 2 2 2 2 2 2 2 2 2 2 2 2 2 2
left_child=1 4 3 -3 7 6 8 -1 16 -8 11 -4 -13 14 15 -5 17 -6
right_child=-2 2 10 13 5 -7 9 -9 -10 -11 -12 12 -14 -15 -16 -17 -18 -19
leaf_value=3.3949684751834757 21.334763550100948 1.3985698647736027 -2.892645376488383 19.579351760269944 6.7333299233423221 1.0947730084242284 -4.470369060391465 0.053975693976466843 -14.056320067648919 -14.569813686134786 -0.70353745067277351 0.89695229289391687 -10.69366556761317 4.6356311529371101 -0.99473387489447052 -4.3037680306833153 -2.326201237726202 -3.7376692345808591
leaf_weight=4203 136 33811 5555 3208 2872 28472 3389 70721 1516 3368 92843 72350 738 3647 1034 486 28883 2568
leaf_count=4203 136 33811 5555 3208 2872 28472 3389 70721 1516 3368 92843 72350 738 3647 1034 486 28883 2568
internal_value=6.89345e-06 3.76729e-06 0.000138111 0.000768127 -0.000192857 -0.000569385 -0.00116617 0.000164293 -0.000841683 -0.00288725 -1.68739e-05 0.000312024 0.000436446 0.00233493 0.00353613 0.00460676 -0.000687497 0.00082743
internal_weight=359800 359664 213672 42186 145992 71068 42596 74924 35839 6757 171486 78643 73088 8375 4728 3694 34323 5440
internal_count=359800 359664 213672 42186 145992 71068 42596 74924 35839 6757 171486 78643 73088 8375 4728 3694 34323 5440
is_linear=0
shrinkage=0.0229654


Tree=375
num_leaves=19
num_cat=0
split_feature=28 34 37 36 35 35 28 0 37 36 8 36 37 8 4 36 3 3
split_gain=17.5646 19.4925 17.7744 133.859 77.1476 65.6612 40.4487 33.1977 31.3161 32.5774 32.8735 28.6073 41.4383 32.9398 29.9444 29.0875 43.9491 61.447
threshold=9.4997336800573908 0.57291666666666674 30152.371458841222 27819.500000000004 30043.500000000004 30043.500000000004 -0.48531947261663338 13.500000000000002 26800.025061189601 29272.500000000004 -0.70710678118654757 30043.500000000004 32338.954424611878 -0.32075123873380501 10.500000000000002 32663.500000000004 5.5000000000000009 3.5000000000000004
decision_type=2 2 2 2 2 2 2 2 2 2 2 2 2 2 2 2 2 2
left_child=2 -2 5 7 6 -1 -5 -4 -7 10 -10 -6 13 14 -13 -14 17 -17
right_child=1 -3 3 4 11 8 -8 -9 9 -11 -12 12 15 -15 -16 16 -18 -19
leaf_value=-0.030118792809604292 0.41225950310669984 10.509972606990884 -11.176598847681367 15.033689096593884 3.9720795149888319 -17.084161126779367 3.6306635164919485 21.397724228861641 4.9877851243814053 -8.3089011165024935 -3.9077956465075054 -13.926943103196535 3.0857066020583037 -0.51578367207275044 -1.4949586390531227 0.2353060186921915 5.6376759744900014 -5.0437726617849501
leaf_weight=261595 734 587 132 3530 6600 1718 5067 2273 2515 4032 3696 3794 8036 5292 1932 33006 4052 11209
leaf_count=261595 734 587 132 3530 6600 1718 5067 2273 2515 4032 3696 3794 8036 5292 1932 33006 4052 11209
internal_value=7.9147e-06 0.00265119 -1.82581e-06 0.00028841 0.000132753 -9.19268e-05 0.00219182 0.00562915 -0.00175586 -0.00127461 -0.000231096 -0.000106717 -0.000248174 -0.00153617 -0.00274334 3.87495e-06 -0.000209114 -0.000418899
internal_weight=359800 1321 358479 84923 82518 273556 8597 2405 11961 10243 6211 73921 67321 11018 5726 56303 48267 44215
internal_count=359800 1321 358479 84923 82518 273556 8597 2405 11961 10243 6211 73921 67321 11018 5726 56303 48267 44215
is_linear=0
shrinkage=0.0229654


Tree=376
num_leaves=19
num_cat=0
split_feature=7 26 36 37 36 29 8 18 3 32 36 37 8 37 3 36 3 36
split_gain=18.1512 28.7697 23.8782 84.9883 71.1992 49.7286 63.5063 41.4346 35.51 32.3031 31.9048 33.4209 52.2791 30.7488 30.4275 29.2704 28.683 47.9347
threshold=-0.94490267940017747 0.78072916666666681 31254.500000000004 30152.371458841222 27301.500000000004 399.4812500000001 -0.55438071450436044 0.33812500000000006 1.0000000180025095e-35 1.0000000180025095e-35 26804.500000000004 26868.08036656753 1.0000000180025095e-35 21453.201029702428 2.5000000000000004 39877.000000000007 5.5000000000000009 35218.500000000007
decision_type=2 2 2 2 2 2 2 2 2 2 2 2 2 2 2 2 2 2
left_child=1 -1 3 10 -5 7 8 9 15 -4 11 -2 -13 -12 -8 -7 -10 -18
right_child=2 -3 5 4 -6 6 14 -9 16 -11 13 12 -14 -15 -16 -17 17 -19
leaf_value=29.060944604361445 -0.020607217020193459 1.0331156142269224 -5.5981162925407038 20.584044109864625 3.2728386388396271 24.82406974719407 0.19912449016582817 2.2797174326202896 0.93303300685902035 3.4812111255095535 -36.857188917329317 8.7349225177148355 -0.17307569270499473 -1.3369546493372728 -5.5226008679978147 -10.333444993837009 4.7295379071836647 36.901448260758706
leaf_weight=412 194571 37068 18913 1660 14684 2775 6478 5071 13156 1808 306 4928 6169 43242 6916 292 948 403
leaf_count=412 194571 37068 18913 1660 14684 2775 6478 5071 13156 1808 306 4928 6169 43242 6916 292 948 403
internal_value=8.17002e-06 0.000486514 -4.74527e-05 4.39314e-05 0.00164821 -0.000475007 0.000145351 -0.00121986 0.00105327 -0.00167522 -6.12802e-05 5.82878e-05 0.00128413 -0.000625975 -0.00104591 0.00329842 0.000578607 0.00376524
internal_weight=359800 37480 322320 265560 16344 56760 30968 25792 17574 20721 249216 205668 11097 43548 13394 3067 14507 1351
internal_count=359800 37480 322320 265560 16344 56760 30968 25792 17574 20721 249216 205668 11097 43548 13394 3067 14507 1351
is_linear=0
shrinkage=0.0229654


Tree=377
num_leaves=19
num_cat=0
split_feature=18 8 21 14 25 21 3 33 8 25 11 33 32 30 26 26 28 8
split_gain=17.3789 22.4137 32.7484 17.7138 22.9376 22.4495 25.1874 24.9928 24.6212 24.3302 59.4615 39.431 37.6835 48.2595 34.7044 31.5146 28.7069 34.5168
threshold=0.8187500000000002 -0.82968937203783677 5.2751302083333345 95.312500000000014 4.0117187500000009 1.0000000180025095e-35 2.5000000000000004 0.98958333333333348 1.0000000180025095e-35 11.475000000000003 1.0000000180025095e-35 0.32986111111111116 1.0000000180025095e-35 382.94375000000008 13.338671875000005 12.677994791666668 4.7363636363636363 -0.32075123873380501
decision_type=2 2 2 2 2 2 2 2 2 2 2 2 2 2 2 2 2 2
left_child=3 -2 -3 5 -5 6 8 9 -1 12 -11 16 15 14 -14 -7 -12 -18
right_child=1 2 -4 4 -6 7 -8 -9 -10 10 11 -13 13 -15 -16 -17 17 -19
leaf_value=27.900195868793833 20.341556259819342 -11.026444231557189 2.7227663324256963 -8.7137951339400708 -1.1313881113973063 0.25927739428159208 0.88107238388745679 -4.4076453065173045 1.5847772194106264 -2.4572528717818307 -0.19957524599227899 -8.7357520841191008 -2.6237163996404451 3.2816269753670508 3.7088794872323954 -11.43589859750201 -1.6806079852972839 2.9632442397829903
leaf_weight=440 1167 694 4726 936 4458 158280 1484 5917 394 21773 122502 850 5015 14651 932 432 5613 9536
leaf_count=440 1167 694 4726 936 4458 158280 1484 5917 394 21773 122502 850 5015 14651 932 432 5613 9536
internal_value=7.9147e-06 0.00117669 0.000555068 -1.38815e-05 -0.00131985 6.3716e-06 0.00225889 -8.74079e-06 0.00545222 1.70423e-05 -0.000188568 -1.31822e-05 0.000200824 0.00112497 -0.0006198 8.08865e-05 1.72677e-05 0.000960366
internal_weight=359800 6587 5420 353213 5394 347819 2318 345501 834 339584 160274 138501 179310 20598 5947 158712 137651 15149
internal_count=359800 6587 5420 353213 5394 347819 2318 345501 834 339584 160274 138501 179310 20598 5947 158712 137651 15149
is_linear=0
shrinkage=0.0229654


Tree=378
num_leaves=19
num_cat=0
split_feature=13 25 26 10 30 31 25 25 11 30 31 11 37 15 23 24 11 15
split_gain=17.5231 25.5928 36.4915 38.1563 29.9765 37.663 26.1132 29.2769 27.3133 24.1323 26.5632 33.182 23.5632 23.3563 23.0814 21.9529 65.1687 44.1757
threshold=25.293750000000006 22.846354166666668 20.607161458333337 -0.68301270189221952 21.024999999999999 220.56875000000005 20.800260416666671 15.861197916666669 36.000000000000007 4.3000000000000043 248.60000000000002 1.0000000180025095e-35 30520.511841956639 11.943750000000003 -2.9999999999999982 1.1000000000000025 84.000000000000014 10.081250000000002
decision_type=2 2 2 2 2 2 2 2 2 2 2 2 2 2 2 2 2 2
left_child=1 2 4 9 5 6 7 12 -9 -4 11 -11 -1 -10 -5 -6 17 -17
right_child=-2 -3 3 14 15 -7 -8 8 13 10 -12 -13 -14 -15 -16 16 -18 -19
leaf_value=-5.5607302620547818 4.0913910130275521 -3.2468417054470566 7.9653683587196689 -6.7149380610146512 0.34027780801407376 1.8593355446467765 -17.313256117264505 -3.7487372980375246 -1.6579429234066234 -5.0005320144921193 -3.4027663769290695 7.4154522710933293 20.945283532379253 3.3858973814188484 1.6666035403129873 0.40012079664796729 0.86238582132400243 -3.3460044427285611
leaf_weight=2915 3193 3949 1678 428 238997 4519 1257 3695 3107 409 678 1610 74 3186 524 12269 46125 31187
leaf_count=2915 3193 3949 1678 428 238997 4519 1257 3695 3107 409 678 1610 74 3186 524 12269 46125 31187
internal_value=7.27642e-06 -7.88897e-06 1.26986e-05 0.00189905 -1.62324e-05 -0.000909285 -0.00148919 -0.00118305 -0.000586322 0.00280572 0.00146035 0.0027811 -0.00317705 0.000333916 -0.00226759 3.4737e-05 -0.000271875 -0.000910034
internal_weight=359800 356607 352658 5327 347331 18753 14234 12977 9988 4375 2697 2019 2989 6293 952 328578 89581 43456
internal_count=359800 356607 352658 5327 347331 18753 14234 12977 9988 4375 2697 2019 2989 6293 952 328578 89581 43456
is_linear=0
shrinkage=0.0229654


Tree=379
num_leaves=19
num_cat=0
split_feature=1 9 13 9 16 32 3 13 32 0 0 35 30 35 35 0 37 32
split_gain=17.5634 32.246 31.3751 19.111 41.5044 59.7488 60.5715 42.9459 39.9376 35.5506 31.5312 31.6714 27.4084 28.5464 25.3783 30.6544 25.029 24.8776
threshold=22.500000000000004 -0.6830127018922193 14.631250000000003 -0.93301270189221908 241.31250000000003 108.76875000000003 1.5000000000000002 12.731250000000003 176.00625000000005 10.500000000000002 43.500000000000007 24146.500000000004 977.13125000000014 28441.500000000004 26978.500000000004 23.500000000000004 31056.517438512285 68.143750000000026
decision_type=2 2 2 2 2 2 2 2 2 2 2 2 2 2 2 2 2 2
left_child=3 -2 -3 4 9 12 8 -8 -7 17 14 -12 13 -6 15 -11 -16 -1
right_child=1 2 -4 -5 5 6 7 -9 -10 10 11 -13 -14 -15 16 -17 -18 -19
leaf_value=1.6839887911016542 -4.5537432929088686 -1.2302856450774748 3.6859795242052913 -0.010296803150556129 -12.646462912045724 18.326492402750432 -43.27355933586103 17.091907355878071 -20.388729927484952 4.3273085583765054 4.3272496402398595 -7.4921128827757908 45.901873817943873 12.349808962751929 1.2575364252111707 18.495363204296499 8.6499690017981248 -3.0670511745260689
leaf_weight=2444 2944 10384 1664 322728 3143 135 121 1271 562 4071 568 872 75 264 4263 1483 452 2356
leaf_count=2444 2944 10384 1664 322728 3143 135 121 1271 562 4071 568 872 75 264 4263 1483 452 2356
internal_value=6.63814e-06 -0.000762858 -0.000236364 4.00953e-05 0.000693747 -0.00102027 0.00205029 0.00481746 -0.00347611 0.00127215 0.00195448 -0.00122801 -0.00286243 -0.00316474 0.00240076 0.00345267 0.00116166 -0.000392326
internal_weight=359800 14992 12048 344808 22080 5571 2089 1392 697 16509 11709 1440 3482 3407 10269 5554 4715 4800
internal_count=359800 14992 12048 344808 22080 5571 2089 1392 697 16509 11709 1440 3482 3407 10269 5554 4715 4800
is_linear=0
shrinkage=0.0229654


Tree=380
num_leaves=19
num_cat=0
split_feature=15 21 33 28 17 23 15 11 36 7 3 3 21 4 8 27 28 8
split_gain=17.2066 25.6237 27.2075 22.3494 24.6885 39.0131 30.1207 56.2482 26.7559 36.815 60.4332 31.1487 31.1362 31.0156 30.6201 28.961 30.2992 26.0112
threshold=5.356250000000002 1.0000000180025095e-35 0.98958333333333348 -6.9004640468227416 63.312500000000007 -0.77499999999999913 12.156250000000004 84.000000000000014 26525.500000000004 0.65793410509763428 1.0000000180025095e-35 4.5000000000000009 4.0730468750000011 11.500000000000002 -0.55438071450436044 -0.90491071428571368 -3.5829583333333326 -0.32075123873380501
decision_type=2 2 2 2 2 2 2 2 2 2 2 2 2 2 2 2 2 2
left_child=-1 -2 3 -3 17 6 -6 -8 -7 12 -11 -12 13 14 -10 16 -15 -5
right_child=1 2 -4 4 5 8 7 -9 9 10 11 -13 -14 15 -16 -17 -18 -19
leaf_value=1.2632247580929314 7.1535465288071487 6.177198877791839 -4.6950846231600334 -2.4123528488219672 0.21731714477568861 1.9888833031903042 -3.5739795015232176 0.42727976918932009 15.340405529608592 8.9730396126944552 -4.4493335215831324 -13.745239426436692 0.28790800059068899 -38.461231079473933 2.1413474565115331 -32.605536468265491 12.008654039255942 -0.055913918146527068
leaf_weight=16124 1879 2272 5907 49086 36777 63185 16863 15199 2741 1543 7123 956 52056 99 2406 433 267 84884
leaf_count=16124 1879 2272 5907 49086 36777 63185 16863 15199 2741 1543 7123 956 52056 99 2406 433 267 84884
internal_value=5.99986e-06 -2.83997e-05 -4.31025e-05 -1.59306e-05 -3.13899e-05 0.000130443 -0.000312093 -0.000826589 0.000363331 4.58466e-05 -0.00126976 -0.00206515 0.000264093 0.00183847 0.00249197 -0.00237127 0.00238439 -0.000272561
internal_weight=359800 343676 341797 335890 333618 199648 68839 32062 130809 67624 9622 8079 58002 5946 5147 799 366 133970
internal_count=359800 343676 341797 335890 333618 199648 68839 32062 130809 67624 9622 8079 58002 5946 5147 799 366 133970
is_linear=0
shrinkage=0.0229654


Tree=381
num_leaves=19
num_cat=0
split_feature=1 9 25 7 3 14 35 3 0 3 28 23 28 4 27 4 0 15
split_gain=17.0429 30.4901 28.5116 22.5229 62.4307 47.3526 80.1346 61.5409 46.9883 43.9562 44.3515 43.642 41.6722 77.708 58.564 40.013 52.5969 39.0119
threshold=22.500000000000004 -0.6830127018922193 15.257031250000002 0.25881904510252096 5.5000000000000009 59.437500000000007 26282.500000000004 3.5000000000000004 36.500000000000007 5.5000000000000009 -2.0801677286356819 1.0000000180025095e-35 -2.1595545277507293 11.500000000000002 -0.96320684523809585 1.5000000000000002 36.500000000000007 17.106250000000006
decision_type=2 2 2 2 2 2 2 2 2 2 2 2 2 2 2 2 2 2
left_child=3 -2 -3 4 5 8 -7 12 -1 -5 -11 -6 13 -8 -15 16 -13 -9
right_child=1 2 -4 9 11 6 7 17 -10 10 -12 15 -14 14 -16 -17 -18 -19
leaf_value=-4.4760203160035958 -4.4167149494614613 -1.1429147598903118 3.7661425245581244 -0.023560968050222536 0.31189448917777979 2.414801369445553 6.6358564060743781 -1.228169674035277 0.95386488452720375 -6.905675626710913 -1.1968132370635072 27.907427183550411 -0.11351188543511005 -2.2391581025864884 -46.014100492264475 5.9234454942772086 -7.9338011962445805 -6.6177989268300674
leaf_weight=26308 2944 10487 1561 128640 11713 43074 10514 20667 11780 3884 17396 852 45503 1058 412 14834 257 7916
leaf_count=26308 2944 10487 1561 128640 11713 43074 10514 20667 11780 3884 17396 852 45503 1058 412 14834 257 7916
internal_value=5.8722e-06 -0.000752136 -0.000240176 3.88298e-05 0.000201623 3.4469e-05 0.000244336 -0.00016036 -0.00067712 -0.000172792 -0.00113964 0.00121238 0.000272651 0.0014775 -0.00346825 0.00199433 0.00620211 -0.00103125
internal_weight=359800 14992 12048 344808 194888 167232 129144 86070 38088 149920 21280 27656 57487 11984 1470 15943 1109 28583
internal_count=359800 14992 12048 344808 194888 167232 129144 86070 38088 149920 21280 27656 57487 11984 1470 15943 1109 28583
is_linear=0
shrinkage=0.0229654


Tree=382
num_leaves=19
num_cat=0
split_feature=13 25 26 10 14 29 3 22 0 10 8 3 16 3 0 35 0 3
split_gain=17.2621 25.065 33.9395 36.4702 23.2717 35.9039 36.3148 34.9722 34.3153 32.7778 27.0163 65.9321 63.4029 54.8118 79.6002 94.7003 51.9379 52.5275
threshold=25.293750000000006 22.846354166666668 20.607161458333337 -0.68301270189221952 51.312500000000007 75.643750000000026 5.5000000000000009 10.407638888888892 38.500000000000007 -0.9330127018922193 0.13052619222005152 1.0000000180025095e-35 65.312500000000014 1.0000000180025095e-35 10.500000000000002 22775.500000000004 3.5000000000000004 5.5000000000000009
decision_type=2 2 2 2 2 2 2 2 2 2 2 2 2 2 2 2 2 2
left_child=1 2 4 -4 5 9 8 -8 -7 -1 11 12 -6 14 15 -12 17 -15
right_child=-2 -3 3 -5 10 6 7 -9 -10 -11 13 -13 -14 16 -16 -17 -18 -19
leaf_value=2.7638443826250376 4.0436284777757168 -3.1761549922555141 4.712838278570187 -2.8702473544631162 7.6382041511180132 -3.4897227431047639 -11.607122447565015 14.016688395170654 3.940619716047796 -7.0426861961170975 -2.3924564568233979 0.11965179715171124 1.7989380154987433 3.0138220393207429 0.073924390711019958 -14.780629912498421 -0.35782003784794603 -2.5782496374369623
leaf_weight=1281 3193 3949 4375 952 9234 6825 326 936 1284 6348 7957 149653 15687 15552 11864 2352 114893 3139
leaf_count=1281 3193 3949 4375 952 9234 6825 326 936 1284 6348 7957 149653 15687 15552 11864 2352 114893 3139
internal_value=5.55306e-06 -9.49897e-06 1.08752e-05 0.00183008 -1.70258e-05 -0.000845667 0.000106605 0.00373051 -0.000457382 -0.00201538 2.5619e-05 0.000221795 0.00131548 -0.000194257 -0.00125169 -0.00272782 -1.8739e-05 0.00110398
internal_weight=359800 356607 352658 5327 347331 17000 9371 1262 8109 7629 330331 174574 24921 155757 22173 10309 133584 18691
internal_count=359800 356607 352658 5327 347331 17000 9371 1262 8109 7629 330331 174574 24921 155757 22173 10309 133584 18691
is_linear=0
shrinkage=0.0229654


Tree=383
num_leaves=19
num_cat=0
split_feature=36 37 37 3 15 20 30 12 30 3 30 3 4 32 30 13 28 37
split_gain=17.4008 41.0953 31.8355 31.5625 32.9286 32.2135 29.6457 35.9939 35.1435 29.9956 26.0815 22.5572 30.4189 53.238 48.8615 46.8102 42.5683 26.9441
threshold=19397.500000000004 19574.565316963995 20103.978074904768 1.0000000180025095e-35 15.168750000000003 3.1062499999999997 787.73125000000016 7.7562500000000023 389.08125000000001 5.5000000000000009 1.0000000180025095e-35 5.5000000000000009 6.5000000000000009 25.781250000000004 273.96875000000006 3.9812500000000011 -0.37145989974937249 16571.864639373602
decision_type=2 2 2 2 2 2 2 2 2 2 2 2 2 2 2 2 2 2
left_child=2 6 3 5 11 -1 8 9 -2 -8 -6 17 13 15 -15 -13 -17 -5
right_child=1 -3 -4 4 10 -7 7 -9 -10 -11 -12 12 -14 14 -16 16 -18 -19
leaf_value=-1.5474429106934886 -2.8729444681435452 0.00090710604480298139 3.8534556295477209 -16.612648925603541 -24.271655021215743 -25.178443886125095 11.971022737483565 -17.528895246834043 3.3673482409338225 -12.346144460691431 -1.9356659994183849 8.8513716939225784 -1.8796800332288413 1.4690286824427359 7.4195062869227639 -19.479594817733595 0.7353348981957788 2.5520284248261507
leaf_weight=3989 9341 306805 8613 225 431 257 221 908 2036 209 5704 407 4291 2172 1338 674 487 11692
leaf_count=3989 9341 306805 8613 225 431 257 221 908 2036 209 5704 407 4291 2172 1338 674 487 11692
internal_value=4.02118e-06 -5.26842e-05 0.000453835 0.000117122 0.000402424 -0.00172538 -0.00133205 -0.00456562 -0.000951761 0.000907935 -0.00107995 0.000829672 -1.34817e-05 0.00118943 0.00276108 -0.00232876 -0.00467814 0.00149255
internal_weight=359800 319520 40280 31667 27421 4246 12715 1338 11377 430 6135 21286 9369 5078 3510 1568 1161 11917
internal_count=359800 319520 40280 31667 27421 4246 12715 1338 11377 430 6135 21286 9369 5078 3510 1568 1161 11917
is_linear=0
shrinkage=0.0229654


Tree=384
num_leaves=19
num_cat=0
split_feature=6 0 0 10 36 37 27 13 27 30 28 25 27 29 9 0 14 0
split_gain=17.151 21.9165 30.8479 69.5544 32.0727 29.7434 20.4647 21.4862 26.0891 27.612 24.5446 30.1646 38.2485 28.5784 24.5308 20.8952 19.9467 19.0224
threshold=1.0000000180025095e-35 7.5000000000000009 21.500000000000004 0.6830127018922193 22150.500000000004 19298.943765421787 -3.5135974702380959 -0.099999999999999881 -0.17645089285714285 382.94375000000008 -1.7538252508361214 9.4335937500000018 1.7073288690476194 25.368750000000006 0.25000000000000011 27.500000000000004 85.562500000000014 43.500000000000007
decision_type=2 2 2 2 2 2 2 2 2 2 2 2 2 2 2 2 2 2
left_child=17 16 3 4 -3 -4 -7 -8 9 -9 -10 12 15 14 -13 -12 -2 -1
right_child=1 2 5 -5 -6 6 7 8 10 -11 11 13 -14 -15 -16 -17 -18 -19
leaf_value=0.2012232601868173 4.1103179428237979 5.2628831511566219 -25.065725718077399 -20.549403238095177 -9.0226118256263721 15.066786291837335 -18.094974688055956 -4.9354368405128213 -12.472512987450202 10.73763546224944 -15.443439292062626 -19.677278913902978 -16.802028218445525 11.82134396726418 4.4176792388518846 6.0022587707049757 -3.3143811559961018 -0.8229493403843946
leaf_weight=315112 757 608 388 784 960 196 384 208 412 698 96 117 580 809 89 559 419 36624
leaf_count=315112 757 608 388 784 960 196 384 208 412 698 96 117 580 809 89 559 419 36624
internal_value=4.85095e-06 -0.00104233 -0.00153703 -0.00367134 -0.000878778 -0.000430348 0.000138413 -0.000220821 0.000334698 0.00370083 -0.00081095 0.000132689 -0.00227795 0.00306583 -0.00457079 0.00152518 0.0018552 2.88589e-05
internal_weight=359800 8064 6888 2352 1568 4536 4148 3952 3568 906 2662 2250 1235 1015 206 655 1176 351736
internal_count=359800 8064 6888 2352 1568 4536 4148 3952 3568 906 2662 2250 1235 1015 206 655 1176 351736
is_linear=0
shrinkage=0.0229654


Tree=385
num_leaves=19
num_cat=0
split_feature=7 7 0 5 16 35 37 37 14 25 27 1 16 11 24 35 9 11
split_gain=16.9622 36.7953 53.3587 51.6473 31.6985 27.672 72.2304 51.8987 47.1395 34.3459 39.2794 29.2931 35.7881 71.1481 54.2764 52.7617 42.0936 37.8078
threshold=0.89495246814786289 0.94490267940017769 11.500000000000002 1.0000000180025095e-35 1.4375000000000002 23175.500000000004 21623.970797757989 24970.052793478826 71.812500000000014 20.560677083333335 5.0116071428571427 21.500000000000004 135.56250000000003 132.00000000000003 -2.3749999999999982 35950.500000000007 -0.93301270189221908 1.0000000180025095e-35
decision_type=2 2 2 2 2 2 2 2 2 2 2 2 2 2 2 2 2 2
left_child=5 -2 -3 4 -4 7 8 9 -7 -1 -11 12 16 14 -14 17 -8 -16
right_child=1 2 3 -5 -6 6 11 -9 -10 10 -12 -13 13 -15 15 -17 -18 -19
leaf_value=0.82664984373786388 -2.2994827180509527 -1.6073455766087454 4.9550744077449487 -1.7262989410772565 0.23552231486350694 -17.048981112876444 4.4609836719743265 9.3731748122371261 -0.029016401693482248 -5.372491960704215 4.8245660732048696 -1.5563149805650656 -10.192849342253453 3.2663162644231121 -6.3392344152839657 -20.862556280926658 0.54662064776255515 -0.27472898891907138
leaf_weight=84303 14992 14992 9469 6408 6611 2726 5118 4358 1731 5494 2421 20846 5121 18858 5865 1671 114206 34610
leaf_count=84303 14992 14992 9469 6408 6611 2726 5118 4358 1731 5494 2421 20846 5121 18858 5865 1671 114206 34610
internal_value=4.34032e-06 -0.000377271 7.35285e-06 0.000714861 0.00140963 6.94952e-05 -7.80217e-05 0.000391413 -0.00297051 0.000275681 -0.00117076 -1.55296e-05 7.62215e-05 -0.000352339 -0.000828158 -0.000556889 0.000313714 -0.000391788
internal_weight=359800 52472 37480 22488 16080 307328 210752 96576 4457 92218 7915 206295 185449 66125 47267 42146 119324 40475
internal_count=359800 52472 37480 22488 16080 307328 210752 96576 4457 92218 7915 206295 185449 66125 47267 42146 119324 40475
is_linear=0
shrinkage=0.0229654


Tree=386
num_leaves=19
num_cat=0
split_feature=6 23 24 21 13 35 37 4 30 21 35 31 13 28 4 13 24 31
split_gain=17.1322 36.6057 26.3358 23.2279 19.8262 19.5309 48.0459 46.8584 44.2549 47.2916 40.7305 35.8524 34.7614 30.6641 50.8838 47.1488 29.7301 29.1451
threshold=1.0000000180025095e-35 -1.787499999999999 -0.50000000000000011 12.535807291666668 8.0187500000000025 20278.500000000004 20713.858809328627 6.5000000000000009 245.06875000000005 14.329817708333335 23062.500000000004 30.631249999999998 9.4437500000000032 -0.54285714285714171 5.5000000000000009 7.1187500000000012 -2.5249999999999972 59.993749999999999
decision_type=2 2 2 2 2 2 2 2 2 2 2 2 2 2 2 2 2 2
left_child=5 -2 3 4 -3 7 10 11 9 -9 -7 13 -10 14 -1 -16 17 -13
right_child=1 2 -4 -5 -6 6 -8 8 12 -11 -12 16 -14 -15 15 -17 -18 -19
leaf_value=5.7883053758080178 2.4140213673570172 -10.376209800471925 -1.9021235650303145 -27.245020192115337 4.7892133475567737 -1.4101840137327617 0.087778047004885909 -6.6583698747157376 0.098247108110352047 -0.85766869154530589 -9.8171329644928811 9.1747856263186076 6.3756329904357329 -1.1596765943290552 -8.7946678455004221 1.6476574050621688 4.0497844201264952 -6.3590016709283708
leaf_weight=4649 1976 1555 3741 365 427 18481 273145 1362 4401 19634 2614 391 2715 9265 790 1818 11258 1213
leaf_count=4649 1976 1555 3741 365 427 18481 273145 1362 4401 19634 2614 391 2715 9265 790 1818 11258 1213
internal_value=4.27649e-06 -0.00104233 -0.00192384 -0.00383083 -0.0028504 2.82713e-05 -4.73763e-05 0.000415403 -0.000254881 -0.000785348 -0.00110336 0.00105667 0.00131028 0.000348887 0.00146679 -0.00110072 0.00196586 -0.000959278
internal_weight=359800 8064 6088 2347 1982 351736 294240 57496 28112 20996 21095 29384 7116 16522 7257 2608 12862 1604
internal_count=359800 8064 6088 2347 1982 351736 294240 57496 28112 20996 21095 29384 7116 16522 7257 2608 12862 1604
is_linear=0
shrinkage=0.0229654


Tree=387
num_leaves=19
num_cat=0
split_feature=24 27 29 14 8 3 28 3 19 0 9 7 25 14 3 4 28 26
split_gain=17.478 26.7395 22.6828 18.1657 62.4673 65.0537 38.903 39.3235 37.7778 35.738 35.5956 66.2771 50.9811 44.2257 44.055 49.1532 37.2495 33.4063
threshold=6.6812500000000021 5.2823102678571443 267.73125000000005 86.812500000000014 0.13052619222005152 1.0000000180025095e-35 -0.28314568014705971 1.0000000180025095e-35 2.1812499999999999 17.500000000000004 -0.6830127018922193 -0.13052619222005171 16.827343750000004 57.312500000000007 5.5000000000000009 8.5000000000000018 2.5065588235294132 19.322005208333337
decision_type=2 2 2 2 2 2 2 2 2 2 2 2 2 2 2 2 2 2
left_child=3 -2 -3 10 5 -5 7 -6 9 -7 11 12 14 -14 -1 -16 -13 -15
right_child=1 2 -4 4 6 8 -8 -9 -10 -11 -12 16 13 17 15 -17 -18 -19
leaf_value=-1.5494537195233558 1.0491656927525916 5.2731100756725944 -15.758037913227346 9.4993543937096678 -7.0085998564456169 1.7868657424286436 0.3881736537911728 -1.2235106599445822 0.89914988049487854 16.923854543995724 0.13707652493518249 -2.3387786450646906 -0.25771213070001403 12.312313342819147 -7.1865056806238812 12.451457980067442 -7.5783490443737982 -4.9349825460271468
leaf_weight=20827 982 176 763 5187 2187 2671 33150 14923 30556 1283 212440 23329 2931 3001 737 2272 1988 397
leaf_count=20827 982 176 763 5187 2187 2671 33150 14923 30556 1283 212440 23329 2931 3001 737 2272 1988 397
internal_value=2.9361e-06 -0.00218177 -0.0049526 1.4663e-05 0.000297034 0.000977984 -0.000240803 -0.00113015 0.000617557 0.00272983 -8.01452e-05 -0.000598122 0.000129045 0.00196126 -0.00035745 0.00224006 -0.00146454 0.00374421
internal_weight=359800 1921 939 357879 89957 39697 50260 17110 34510 3954 267922 55482 30165 6329 23836 3009 25317 3398
internal_count=359800 1921 939 357879 89957 39697 50260 17110 34510 3954 267922 55482 30165 6329 23836 3009 25317 3398
is_linear=0
shrinkage=0.0229654


Tree=388
num_leaves=19
num_cat=0
split_feature=7 7 0 5 16 35 37 37 14 0 16 11 35 9 37 16 11 35
split_gain=17.578 34.8456 50.682 48.3113 30.1204 27.1223 67.5236 49.9668 44.4858 26.1594 33.3001 68.5182 51.8279 40.2618 35.6354 35.0005 32.9859 31.1366
threshold=0.89495246814786289 0.94490267940017769 11.500000000000002 1.0000000180025095e-35 1.4375000000000002 23175.500000000004 21623.970797757989 22263.946202917101 71.812500000000014 44.500000000000007 135.56250000000003 132.00000000000003 27635.500000000004 -0.93301270189221908 26868.08036656753 256.43750000000006 156.00000000000003 35950.500000000007
decision_type=2 2 2 2 2 2 2 2 2 2 2 2 2 2 2 2 2 2
left_child=5 -2 -3 4 -4 7 8 -1 -7 10 13 12 15 -8 -14 -12 -15 -16
right_child=1 2 3 -5 -6 6 9 -9 -10 -11 11 -13 14 16 17 -17 -18 -19
leaf_value=0.097278497265563715 -2.243591571269258 -1.5499889455033764 4.8140529705158599 -1.7079659157903508 0.1820683087516575 -16.541778530495659 4.3120113936768654 2.8355097994711262 0.039062250233615065 -1.4707616907278966 2.3159753864385051 3.186331263046803 -13.94081884004612 0.84432399947581893 -2.8356375088246786 -2.37934598010985 -2.5460748256342605 -19.38367218537007
leaf_weight=67758 14992 14992 9469 6408 6611 2726 5118 28818 1731 20830 9606 18858 3793 101357 13862 18164 12865 1842
leaf_count=67758 14992 14992 9469 6408 6611 2726 5118 28818 1731 20830 9606 18858 3793 101357 13862 18164 12865 1842
internal_value=3.76587e-06 -0.000384712 -1.04165e-05 0.000679118 0.00135107 7.0093e-05 -7.59513e-05 0.000388797 -0.00287261 -1.55296e-05 7.11381e-05 -0.000342267 -0.000809209 0.000300201 -0.00171678 -0.000172013 0.000210911 -0.00123426
internal_weight=359800 52472 37480 22488 16080 307328 210752 96576 4457 206295 185465 66125 47267 119340 19497 27770 114222 15704
internal_count=359800 52472 37480 22488 16080 307328 210752 96576 4457 206295 185465 66125 47267 119340 19497 27770 114222 15704
is_linear=0
shrinkage=0.0229654


Tree=389
num_leaves=19
num_cat=0
split_feature=36 22 24 13 8 27 10 34 29 25 33 11 24 22 29 28 34 15
split_gain=18.7387 24.3298 27.0247 31.8369 22.0339 29.4812 21.8048 22.8489 22.6412 21.5264 48.1433 46.2032 36.5658 32.5946 49.8627 31.5609 29.1603 39.3854
threshold=19397.500000000004 22.108723958333336 0.15000000000000061 12.893750000000002 -0.44134171618254459 5.7233258928571438 -0.9330127018922193 0.49652777777777785 18.456250000000008 10.860156250000001 0.30902777777777785 1.0000000180025095e-35 -2.7624999999999984 10.598220486111112 199.96875000000006 -1.2630747885835099 0.31597222222222227 15.031250000000004
decision_type=2 2 2 2 2 2 2 2 2 2 2 2 2 2 2 2 2 2
left_child=1 2 3 -1 5 -3 7 8 -5 13 11 -11 -13 -2 15 -15 -14 -18
right_child=9 4 -4 6 -6 -7 -8 -9 -10 10 -12 12 16 14 -16 -17 17 -19
leaf_value=0.81626744123412076 0.017119689774822408 -25.55408152499896 -0.11477914990136656 24.240217807922175 0.19455415838959705 16.007701362010483 3.3775400844957861 -4.4888744625560379 11.290275279957301 -2.4082927074331542 -6.3083655289732441 -3.7826181831885219 -0.19833374681713259 -3.7997584013408972 4.0145034040944054 1.2588005991942703 0.79639129340811476 8.2629944858463595
leaf_weight=14316 155399 506 17977 720 694 83 5352 194 438 19504 1995 8095 97862 3014 10911 5807 14259 2674
leaf_count=14316 155399 506 17977 720 694 83 5352 194 438 19504 1995 8095 97862 3014 10911 5807 14259 2674
internal_value=4.72329e-06 0.000471509 0.000573885 0.00113297 -0.00264022 -0.00590706 0.00243905 0.00504492 0.0062669 -5.41217e-05 -0.000261721 -0.000212084 -4.72801e-05 0.000117036 0.00099627 -0.000287686 5.79162e-05 0.000937848
internal_weight=359800 40280 38997 21020 1283 589 6704 1352 1158 319520 144389 142394 122890 175131 19732 8821 114795 16933
internal_count=359800 40280 38997 21020 1283 589 6704 1352 1158 319520 144389 142394 122890 175131 19732 8821 114795 16933
is_linear=0
shrinkage=0.0229654


Tree=390
num_leaves=19
num_cat=0
split_feature=7 26 30 14 4 26 37 15 0 0 13 15 37 13 30 34 32 26
split_gain=16.8796 29.6385 24.44 28.8768 25.1153 22.6444 20.9381 27.0413 18.0696 16.8863 20.7626 17.1902 34.6921 25.9577 23.8508 38.0936 37.8203 55.5427
threshold=-0.89495246814786256 1.0000000180025095e-35 1251.7312500000003 75.062500000000014 10.500000000000002 22.151953125000009 35034.858621994994 27.356250000000006 28.500000000000004 2.5000000000000004 14.931250000000004 17.018750000000008 18031.999696501833 16.268750000000008 58.66875000000001 0.031250000000000007 40.524999999999999 13.401171875000001
decision_type=2 2 2 2 2 2 2 2 2 2 2 2 2 2 2 2 2 2
left_child=1 -1 3 4 5 -3 9 8 -8 10 -2 -11 -13 14 -14 16 -16 -18
right_child=6 2 -4 -5 -6 -7 7 -9 -10 11 -12 12 13 -15 15 -17 17 -19
leaf_value=32.358580327815858 0.58633890846106584 0.045982139882028941 -1.5457763387081793 4.1163710629004981 9.641572327754325 7.6553581308635303 5.1542744151778841 -32.395144248806737 -0.21087490186719229 -0.11471208005179792 4.6038500888579401 -8.901559205972454 -8.4259916244974189 5.0508991595261161 -0.96106314045686136 8.8559039978306302 -15.30440576161414 -1.6855694821028908
leaf_weight=389 13090 28313 10843 11620 541 766 12533 115 9309 212591 1910 2886 2133 3255 43404 1627 1667 2808
leaf_count=389 13090 28313 10843 11620 541 766 12533 115 9309 212591 1910 2886 2133 3255 43404 1627 1667 2808
internal_value=4.46798e-06 0.000385149 0.000337979 0.000593069 0.000212442 0.000121228 -6.05281e-05 0.000622849 0.000681329 -0.000113108 0.000636907 -0.000154719 -0.00050597 -0.000376942 -0.000502322 -0.000399874 -0.000517308 -0.00252748
internal_weight=359800 52472 52083 41240 29620 29079 307328 21957 21842 285371 15000 270371 57780 54894 51639 49506 47879 4475
internal_count=359800 52472 52083 41240 29620 29079 307328 21957 21842 285371 15000 270371 57780 54894 51639 49506 47879 4475
is_linear=0
shrinkage=0.0229654


Tree=391
num_leaves=19
num_cat=0
split_feature=36 37 30 37 25 15 7 14 14 7 7 1 16 17 16 26 30 11
split_gain=18.3445 36.5163 37.3339 30.9479 26.5922 24.74 28.3929 30.154 21.7789 21.0221 29.3118 44.5155 30.299 24.4717 42.1918 32.4729 36.1665 26.9301
threshold=19397.500000000004 19228.289749810432 787.73125000000016 22689.98080292749 19.611718750000005 15.106250000000003 -0.89495246814786256 88.687500000000014 35.062500000000007 0.82968937203783699 0.94490267940017769 5.5000000000000009 29.437500000000004 98.562500000000014 11.562500000000002 12.303776041666667 632.69375000000014 108.00000000000001
decision_type=2 2 2 2 2 2 2 2 2 2 2 2 2 2 2 2 2 2
left_child=3 2 4 5 -2 8 -7 -8 -1 13 -11 -12 -13 -3 15 -15 -17 -16
right_child=1 9 -4 -5 -6 6 7 -9 -10 10 11 12 -14 14 17 16 -18 -19
leaf_value=-18.108307935714969 -1.0371219490492924 -0.028875366895123055 -15.883943386254508 10.467766592944439 -10.009928771712955 16.630110041871848 -4.8363357772553961 4.5479739526706409 1.0575349015769557 -2.1920036494667312 -1.5198862512843714 3.4694741076242743 -2.1191419016026707 0.87634182554753826 7.5986915339064369 -1.1878601795362127 -17.269263271714653 0.79936775189477227
leaf_weight=295 6693 234718 814 1519 1149 399 6902 1033 30132 21745 12499 10109 2415 14507 8527 1487 661 4196
leaf_count=295 6693 234718 814 1519 1149 399 6902 1033 30132 21745 12499 10109 2415 14507 8527 1487 661 4196
internal_value=3.95735e-06 -5.42654e-05 -0.00152554 0.000465808 -0.00103962 0.000339792 -0.00076882 -0.0010694 0.000643442 -1.32977e-05 -0.000462078 7.38806e-05 0.00104155 6.61755e-05 0.000691042 -6.96339e-05 -0.00270496 0.0016868
internal_weight=359800 319520 8656 40280 7842 38761 8334 7935 30427 310864 46768 25023 12524 264096 29378 16655 2148 12723
internal_count=359800 319520 8656 40280 7842 38761 8334 7935 30427 310864 46768 25023 12524 264096 29378 16655 2148 12723
is_linear=0
shrinkage=0.0229654


Tree=392
num_leaves=19
num_cat=0
split_feature=36 15 35 9 30 13 9 13 12 3 26 3 13 28 11 36 0 35
split_gain=18.4171 41.0445 35.3648 69.3411 34.9196 47.4344 30.7602 34.4744 58.7281 33.6206 30.44 56.0581 42.1094 34.8911 35.3177 27.7025 26.0727 31.4369
threshold=22616.000000000004 27.356250000000006 17545.500000000004 -0.5 55.706250000000004 17.181250000000006 0.68301270189221941 -3.0437499999999993 5.7062500000000016 5.5000000000000009 7.8755208333333346 1.0000000180025095e-35 2.5312500000000009 -0.89945652173912893 84.000000000000014 28384.500000000004 44.500000000000007 29383.500000000004
decision_type=2 2 2 2 2 2 2 2 2 2 2 2 2 2 2 2 2 2
left_child=1 6 3 -2 5 15 7 -1 9 -9 11 12 -8 14 -12 -4 17 -6
right_child=2 -3 4 -5 16 -7 10 8 -10 -11 13 -13 -14 -15 -16 -17 -18 -19
leaf_value=8.9386395631531954 8.8218972124806729 -12.945108096133737 -3.5251522404463063 -14.361197424727022 0.91479786132475993 -0.12768081448422289 -14.607316063620088 -2.5642003088438621 0.30259721256055966 -11.45636244783282 11.771789532228167 1.513118318345094 10.335492800571565 2.2078940360359312 2.786417862055087 -15.427700578546396 -1.416964443757353 -0.64524566177168541
leaf_weight=1375 632 798 8013 2016 105189 12816 815 2942 91269 867 1575 5658 180 10592 1297 613 20441 92712
leaf_count=1375 632 798 8013 2016 105189 12816 815 2942 91269 867 1575 5658 180 10592 1297 613 20441 92712
internal_value=4.53181e-06 0.000240674 -0.000109791 -0.00274926 -8.06429e-05 -0.000965014 0.000276207 0.000105835 5.36225e-05 -0.00274029 0.00109307 -0.000177772 -0.00520472 0.00172104 0.00396617 -0.00228163 6.20567e-06 8.68596e-05
internal_weight=359800 117368 242432 2648 239784 21442 116570 96453 95078 3809 20117 6653 995 13464 2872 8626 218342 197901
internal_count=359800 117368 242432 2648 239784 21442 116570 96453 95078 3809 20117 6653 995 13464 2872 8626 218342 197901
is_linear=0
shrinkage=0.0229654


Tree=393
num_leaves=19
num_cat=0
split_feature=7 7 1 17 1 14 7 11 23 24 15 11 28 11 29 23 24 3
split_gain=16.9687 31.5225 42.8035 25.7392 34.6006 49.9726 40.8113 48.4327 37.4078 40.2276 27.6169 32.668 27.1402 33.3666 32.922 33.5131 30.3316 38.8581
threshold=0.89495246814786289 0.94490267940017769 5.5000000000000009 63.312500000000007 19.500000000000004 76.062500000000014 0.44134171618254497 84.000000000000014 1.7250000000000021 -0.27500000000000019 16.831250000000008 60.000000000000007 -4.2968679950186788 108.00000000000001 510.63125000000008 1.0000000180025095e-35 -2.6999999999999975 5.5000000000000009
decision_type=2 2 2 2 2 2 2 2 2 2 2 2 2 2 2 2 2 2
left_child=3 -2 -3 12 5 -5 7 8 9 -7 -6 -12 -1 14 15 -14 17 -17
right_child=1 2 -4 4 10 6 -8 -9 -10 -11 11 -13 13 -15 -16 16 -18 -19
leaf_value=2.7429889045872078 -2.1697546111522628 -1.0094009366233903 1.8054821123502347 -0.42537623842678596 -0.067543357843986421 5.8755993345325983 0.35725244978359189 1.5076505869187793 11.510873804759333 1.1782820076172065 -7.8310114994742923 -1.6815486545156757 0.011835362914235731 0.48322164605004014 -6.5920973561217195 -16.211635622879726 -2.3631496611047229 5.6934959427727883
leaf_weight=8443 14992 22472 15008 57390 24328 8262 38448 26441 6357 11793 2938 5271 35335 47925 3851 1856 28231 459
leaf_count=8443 14992 22472 15008 57390 24328 8262 38448 26441 6357 11793 2938 5271 35335 47925 3851 1856 28231 459
internal_value=4.85095e-06 -0.000376834 -2.08331e-05 7.00183e-05 0.000245332 0.000393772 0.000727565 0.00114169 0.00183727 0.00135067 -0.000433023 -0.00158483 -0.000181938 -0.000272192 -0.000592809 -0.000472164 -0.00102926 -0.00355641
internal_weight=359800 52472 37480 307328 181228 148691 91301 52853 26412 20055 32537 8209 126100 117657 69732 65881 30546 2315
internal_count=359800 52472 37480 307328 181228 148691 91301 52853 26412 20055 32537 8209 126100 117657 69732 65881 30546 2315
is_linear=0
shrinkage=0.0229654


Tree=394
num_leaves=19
num_cat=0
split_feature=35 30 32 13 31 35 9 3 7 0 14 3 0 9 34 32 32 24
split_gain=17.2272 39.4121 79.7155 58.6057 43.0389 46.6003 37.4336 33.8488 101.016 32.7673 28.1658 28.6981 32.9762 34.414 44.1961 32.6322 29.4429 28.7719
threshold=21182.500000000004 258.41875000000005 105.88125000000001 11.081250000000002 8.5437500000000082 16644.500000000004 1.0000000180025095e-35 5.5000000000000009 0.13052619222005182 15.500000000000002 87.437500000000014 1.0000000180025095e-35 16.500000000000004 -0.5 0.61458333333333348 484.33125000000007 134.99375000000006 -0.025000000000000241
decision_type=2 2 2 2 2 2 2 2 2 2 2 2 2 2 2 2 2 2
left_child=1 3 4 -1 5 -3 10 -7 -9 -8 11 12 -5 15 16 -14 -15 -13
right_child=-2 2 -4 6 -6 7 9 8 -10 -11 -12 17 13 14 -16 -17 -18 -19
leaf_value=-3.0020606321224865 -0.19060350887816821 -9.9085977277206219 5.2802712901701874 -6.1689449071550415 -2.4276478434532311 3.0512843193534009 3.6325722585497759 15.745116445787644 -4.611335091131668 0.28276988792750968 1.2712680751048115 1.5578915022323203 0.011140796920764341 23.432303291242256 16.444998861147123 49.2885736969154 -16.449724122736729 -2.0932726215848754
leaf_weight=6192 278368 1168 3368 1895 6850 23112 5135 1695 3860 6312 5067 6073 1233 157 166 280 989 7880
leaf_count=6192 278368 1168 3368 1895 6850 23112 5135 1695 3860 6312 5067 6073 1233 157 166 280 989 7880
internal_value=4.85095e-06 0.000298659 0.000812186 -0.000198413 0.000501752 0.000878666 0.000164146 0.00106187 -0.00054778 0.00124286 -0.000355993 -0.000768055 -0.002316 -0.000743835 -0.00346582 0.00161653 -0.00507002 -0.000244418
internal_weight=359800 81432 40053 41379 36685 29835 35187 28667 5555 11447 23740 18673 4720 2825 1312 1513 1146 13953
internal_count=359800 81432 40053 41379 36685 29835 35187 28667 5555 11447 23740 18673 4720 2825 1312 1513 1146 13953
is_linear=0
shrinkage=0.0229654


Tree=395
num_leaves=19
num_cat=0
split_feature=28 22 35 37 35 35 37 10 10 37 35 13 22 35 37 37 22 32
split_gain=16.924 19.9954 16.1286 63.3294 31.4706 28.0538 61.4692 55.6405 55.6034 55.0732 59.1956 36.2819 39.9794 35.5637 49.8934 35.325 34.9102 63.368
threshold=9.4997336800573908 18.210156250000001 21182.500000000004 22027.651292515438 25042.500000000004 26282.500000000004 27736.99555956195 -0.5 1.0000000180025095e-35 31188.192987530074 31795.000000000004 0.71875000000000033 2.4973958333333335 29383.500000000004 27011.664572983358 24076.029809611711 8.7438802083333353 1.0000000180025095e-35
decision_type=2 2 2 2 2 2 2 2 2 2 2 2 2 2 2 2 2 2
left_child=2 -2 -1 4 -4 6 -5 15 16 13 -11 -12 -13 -10 -15 -7 -9 -18
right_child=1 -3 3 5 -6 7 -8 8 9 10 11 12 -14 14 -16 -17 17 -19
leaf_value=0.51997928600074816 -10.255841075707636 6.7313952914868027 -1.8833397235536402 0.42976799438225044 -12.873334503654277 -18.664505287437755 8.6257604726509225 7.7830245853968023 -0.59322819064391374 6.0530802643111956 2.474838815051482 16.092233483326599 -1.5664208375477235 -16.515756249675235 -3.3779290402740143 -2.2382262863735689 -3.5550258839714468 3.7842017412884998
leaf_weight=81142 104 1217 28533 91400 1740 939 5467 4093 23613 10438 19216 995 40614 2348 17427 16657 5017 8840
leaf_count=81142 104 1217 28533 91400 1740 939 5467 4093 23613 10438 19216 995 40614 2348 17427 16657 5017 8840
internal_value=4.40415e-06 0.00259904 -5.15711e-06 -8.84791e-05 -0.00107988 3.29984e-05 0.000337723 -0.000163529 -2.51128e-06 -0.000188589 0.000204153 -7.00384e-05 -0.000451206 -0.000833653 -0.00155212 -0.00137693 0.00118601 0.00063558
internal_weight=359800 1321 358479 277337 30273 247064 96867 150197 132601 114651 71263 60825 41609 43388 19775 17596 17950 13857
internal_count=359800 1321 358479 277337 30273 247064 96867 150197 132601 114651 71263 60825 41609 43388 19775 17596 17950 13857
is_linear=0
shrinkage=0.0229654


Tree=396
num_leaves=19
num_cat=0
split_feature=7 0 0 3 10 35 37 37 3 9 34 25 9 25 0 3 3 1
split_gain=16.7883 29.4742 48.0968 44.7215 30.1957 25.6251 61.7693 49.2397 30.7124 50.9675 36.4939 39.7027 47.2487 33.9479 33.482 28.7589 27.981 25.6532
threshold=0.89495246814786289 11.500000000000002 14.500000000000002 4.5000000000000009 -0.5 23175.500000000004 21113.0901851915 23426.150605651444 1.0000000180025095e-35 -0.24999999999999994 0.54513888888888895 14.884114583333336 0.68301270189221941 18.538020833333338 1.5000000000000002 2.5000000000000004 4.5000000000000009 21.500000000000004
decision_type=2 2 2 2 2 2 2 2 2 2 2 2 2 2 2 2 2 2
left_child=5 -2 3 4 -3 7 16 8 9 -1 11 -11 13 -13 -10 -9 -7 -8
right_child=1 2 -4 -5 -6 6 17 15 14 10 -12 12 -14 -15 -16 -17 -18 -19
leaf_value=-4.6440846639546489 -1.4736543788999303 -0.074445470557712418 -3.0536463361325783 -1.6408989091255397 4.6391930700736497 -29.715968411864246 0.15260989174823655 2.8545245907242558 3.9069676259545489 -1.0505674806340159 -15.944705113475489 12.280145713755761 -22.184752642486423 0.5388556894430333 0.47046720355562194 10.680211092699043 -6.3280731208523768 -1.4550092626970963
leaf_weight=5283 22488 5664 7496 6408 10416 616 187010 11142 3675 5277 233 1301 125 825 65961 2754 2262 20864
leaf_count=5283 22488 5664 7496 6408 10416 616 187010 11142 3675 5277 233 1301 125 825 65961 2754 2262 20864
internal_value=3.25524e-06 -0.000376396 9.49743e-05 0.000626014 0.00127252 6.80754e-05 -7.38809e-05 0.000377858 0.000165269 -0.000857418 0.000326978 0.000604032 0.00315762 0.0039644 0.000356835 0.00164275 -0.00341529 -2.76194e-05
internal_weight=359800 52472 29984 22488 16080 307328 210752 96576 82680 13044 7761 7528 2251 2126 69636 13896 2878 207874
internal_count=359800 52472 29984 22488 16080 307328 210752 96576 82680 13044 7761 7528 2251 2126 69636 13896 2878 207874
is_linear=0
shrinkage=0.0229654


Tree=397
num_leaves=19
num_cat=0
split_feature=36 37 37 7 15 11 36 9 21 7 3 10 26 26 10 23 21 26
split_gain=18.518 39.8521 38.6899 27.2963 30.851 26.185 25.109 23.4282 36.3343 34.6432 32.9156 24.086 33.3753 23.6066 22.7632 23.9551 23.4992 48.6952
threshold=19594.500000000004 19574.565316963995 22746.243133027394 -0.89495246814786256 15.106250000000003 60.000000000000007 25161.500000000004 0.68301270189221941 11.722265625 0.65793410509763428 5.5000000000000009 -0.9330127018922193 9.6251302083333368 11.674348958333335 0.25000000000000017 -0.29999999999999954 14.329817708333335 13.739713541666669
decision_type=2 2 2 2 2 2 2 2 2 2 2 2 2 2 2 2 2 2
left_child=2 6 3 -1 7 -6 -2 8 10 -9 11 -5 -13 -14 16 -16 17 -10
right_child=1 -3 -4 4 5 -7 -8 9 14 -11 -12 12 13 -15 15 -17 -18 -19
leaf_value=13.351922788344964 -2.3675457681396788 -0.01992247504223367 11.338954266365095 -7.7050256058127893 -7.1861858722181768 -0.19083983969430482 -29.769310876177233 -0.85358405353985778 1.7547175686693488 7.9454732616292087 -10.991597341426377 -5.2383763824528424 8.2828907144702573 -2.0941463133948517 10.864117394082554 -10.059123823542418 1.2700173522842082 -4.4668075658567155
leaf_weight=989 10617 304282 1759 452 3009 5643 397 1201 3277 1684 1259 554 855 392 669 108 19837 2816
leaf_count=989 10617 304282 1759 452 3009 5643 397 1201 3277 1684 1259 554 855 392 669 108 19837 2816
internal_value=3.19141e-06 -5.87071e-05 0.000441722 0.000304361 0.000215046 -0.001006 -0.00141579 0.000534176 0.000345404 0.00251147 -0.00185057 -0.000188575 0.00100099 0.00308477 0.000634178 0.00450737 0.000518117 -0.00072933
internal_weight=359800 315296 44504 42745 41756 8652 11014 33104 30219 2885 3512 2253 1801 1247 26707 777 25930 6093
internal_count=359800 315296 44504 42745 41756 8652 11014 33104 30219 2885 3512 2253 1801 1247 26707 777 25930 6093
is_linear=0
shrinkage=0.0229654


Tree=398
num_leaves=19
num_cat=0
split_feature=14 15 29 33 26 4 14 18 8 9 7 25 15 14 4 29 23 26
split_gain=16.3019 23.4051 27.0951 24.8049 20.3675 33.5633 27.0768 51.9776 37.8027 33.3225 61.5314 51.5352 48.9252 44.0154 40.2599 44.9792 62.2371 48.245
threshold=95.562500000000014 5.8812500000000023 746.06875000000002 0.98958333333333348 4.285286458333335 11.500000000000002 87.187500000000014 0.051250000000000011 0.065263096110025676 -0.6830127018922193 -0.13052619222005171 16.661718750000002 10.993750000000004 57.312500000000007 3.5000000000000004 77.818750000000037 -3.2499999999999982 18.144401041666672
decision_type=2 2 2 2 2 2 2 2 2 2 2 2 2 2 2 2 2 2
left_child=1 -1 3 4 5 -3 9 8 -8 10 11 -6 -12 -13 -11 16 17 -16
right_child=-2 2 -4 -5 6 -7 7 -9 -10 14 12 13 -14 -15 15 -17 -18 -19
leaf_value=1.2707987639868763 -2.5296598754589459 2.9229607967139453 8.1224232092771835 -4.7522185734268545 -1.0725522718452913 -4.2660526208693508 1.4031852682372692 2.2296568863766786 -1.4853596499189807 -1.7484220276689173 -0.5333871083820203 -0.90160948557273946 -6.1924485380118286 9.277426735138361 -0.57187001413069127 1.1988693897919045 -1.9146371647922353 3.7028968866337917
leaf_weight=22092 4692 19908 1618 5672 22696 3092 13425 33852 19776 50069 9950 2981 14043 3613 5782 78830 41414 6295
leaf_count=22092 4692 19908 1618 5672 22696 3092 13425 33852 19776 50069 9950 2981 14043 3613 5782 78830 41414 6295
internal_value=3.70204e-06 2.1471e-05 -2.65503e-05 -4.10248e-05 -1.48061e-05 0.00064403 -6.4862e-05 0.000342325 -0.000303314 -0.000180714 -0.00068595 2.03858e-05 -0.00154822 0.00180756 -3.31153e-05 0.000176769 -0.00033724 0.00111338
internal_weight=359800 355108 333016 331398 325726 23000 302726 67053 33201 235673 53283 29290 23993 6594 182390 132321 53491 12077
internal_count=359800 355108 333016 331398 325726 23000 302726 67053 33201 235673 53283 29290 23993 6594 182390 132321 53491 12077
is_linear=0
shrinkage=0.0229654


Tree=399
num_leaves=19
num_cat=0
split_feature=36 26 0 0 4 15 14 27 14 26 4 24 27 0 23 30 14 26
split_gain=17.8966 39.7954 54.2546 46.3854 36.1034 33.1437 32.4413 32.0704 39.0885 36.5294 46.5378 42.497 58.231 33.5706 31.7503 31.7342 29.9408 45.2594
threshold=25267.500000000004 8.1608072916666696 43.500000000000007 18.500000000000004 1.5000000000000002 26.818750000000005 68.312500000000014 -1.0000000180025095e-35 86.812500000000014 18.747265625000004 5.5000000000000009 1.0750000000000022 -2.8796688988095247 11.500000000000002 -2.7499999999999982 9.362500000000006 83.937500000000014 9.2248697916666682
decision_type=2 2 2 2 2 2 2 2 2 2 2 2 2 2 2 2 2 2
left_child=5 -2 3 -3 -5 7 -4 9 -9 10 13 12 -12 16 -11 -16 17 -1
right_child=1 2 6 4 -6 -7 -8 8 -10 14 11 -13 -14 -15 15 -17 -18 -19
leaf_value=-1.4035596732577493 0.64984911451454386 -3.5064338554671384 0.056415433574742074 7.0996453112988762 -0.43922063178523174 -9.1874081654116733 -5.2162494902036531 0.89763759411066102 3.4906309450673429 3.4044492924341241 -1.9379563502235171 -3.5752556185684772 0.64359689922198526 2.4195796358093049 -5.0875658569540265 2.721400063165512 -1.5221792496496123 2.8660465009497487
leaf_weight=5894 77913 15115 2772 4430 68113 1805 7297 62731 12121 4670 21054 8986 28070 16673 1564 2567 12674 5351
leaf_count=5894 77913 15115 2772 4430 68113 1805 7297 62731 12121 4670 21054 8986 28070 16673 1564 2567 12674 5351
internal_value=5.80837e-06 -0.000160041 -0.000468699 -0.000285306 -4.41624e-05 0.000163985 -0.00206527 0.000194637 0.000559623 -5.94948e-05 -0.000185907 -0.000602689 -0.000337067 0.000410743 0.0013582 -0.000108406 -0.000140659 0.000721945
internal_weight=359800 175640 97727 87658 72543 184160 10069 182355 74852 107503 98702 58110 49124 40592 8801 4131 23919 11245
internal_count=359800 175640 97727 87658 72543 184160 10069 182355 74852 107503 98702 58110 49124 40592 8801 4131 23919 11245
is_linear=0
shrinkage=0.0229654


Tree=400
num_leaves=19
num_cat=0
split_feature=34 14 27 10 14 8 3 9 3 0 25 9 26 11 1 0 25 26
split_gain=16.2234 15.9357 27.606 27.931 19.4874 51.8084 55.2226 39.7937 31.1868 49.3502 36.9922 29.6922 58.517 43.2285 39.0362 46.0732 36.9486 37.1098
threshold=0.96875000000000011 95.562500000000014 0.44555431547619101 0.93301270189221952 86.812500000000014 0.13052619222005152 1.0000000180025095e-35 -0.93301270189221908 1.0000000180025095e-35 10.500000000000002 6.6619791666666677 -0.6830127018922193 7.323046875000002 1.0000000180025095e-35 10.500000000000002 43.500000000000007 16.911197916666669 19.322005208333337
decision_type=2 2 2 2 2 2 2 2 2 2 2 2 2 2 2 2 2 2
left_child=1 4 -3 -4 11 6 -6 -8 9 10 -7 12 -1 -14 -15 16 -16 -18
right_child=-2 2 3 -5 5 8 7 -9 -10 -11 -12 -13 13 14 15 -17 17 -19
leaf_value=-14.254094037480572 20.750344905320439 -4.0804364109630429 4.4949818864794722 -17.562411624069831 9.0468652400248821 -13.034181032884453 6.8834558906456635 1.0508589787012854 0.096083711831840612 1.4082327938530648 -3.0767013226340034 0.11963792763774551 -4.0734419222702201 -2.0218848472841118 0.54635205056335201 -2.7646714652403843 9.9215107231226227 -3.3236715531008372
leaf_weight=791 136 3300 1152 240 5095 940 1763 31614 41161 2773 3185 212860 7422 17087 19068 5203 4793 1217
leaf_count=791 136 3300 1152 240 5095 940 1763 31614 41161 2773 3185 212860 7422 17087 19068 5203 4793 1217
internal_value=6.19134e-06 3.19262e-06 -0.00132643 0.00138584 2.07675e-05 0.000320472 0.000948535 0.00060859 -0.000182303 -0.00161137 -0.00320402 -7.5841e-05 -0.000548507 -0.000458973 -0.000203628 0.000291609 0.00069964 0.00226979
internal_weight=359800 359664 4692 1392 354972 86531 38472 33377 48059 6898 4125 268441 55581 54790 47368 30281 25078 6010
internal_count=359800 359664 4692 1392 354972 86531 38472 33377 48059 6898 4125 268441 55581 54790 47368 30281 25078 6010
is_linear=0
shrinkage=0.0229654


Tree=401
num_leaves=19
num_cat=0
split_feature=34 6 23 29 30 30 23 27 19 0 26 0 0 9 26 30 32 26
split_gain=16.2245 15.8097 35.5388 19.146 19.0663 36.6328 40.6149 26.0965 23.9364 22.1763 22.0238 18.5436 16.0813 19.4112 16.9586 16.3934 39.6258 32.8747
threshold=0.96875000000000011 1.0000000180025095e-35 -1.787499999999999 350.1062500000001 961.20625000000018 376.93125000000003 2.5875000000000012 1.0956473214285716 11.706250000000002 34.500000000000007 9.5029947916666675 12.500000000000002 47.500000000000007 -0.6830127018922193 18.349869791666674 21.024999999999999 484.33125000000007 16.91236979166667
decision_type=2 2 2 2 2 2 2 2 2 2 2 2 2 2 2 2 2 2
left_child=1 12 3 -3 5 11 9 8 -6 10 -7 -4 15 -14 -15 16 -1 -18
right_child=-2 2 4 -5 7 6 -8 -9 -10 -11 -12 -13 13 14 -16 -17 17 -19
leaf_value=-3.6046594190765786 20.273804749130029 0.66829977506994875 5.1147758595137178 13.6815944142157 1.5629387084640844 -11.385584405350912 15.978696811915809 -15.956080579198696 -11.814644667996342 7.0649019494299061 1.8015087989179079 -9.8412585668473067 -5.1694323911402318 -1.3789841455965317 4.970715577108038 0.21190475329880612 -5.888002825403758 0.652937851885522
leaf_weight=6793 136 1525 190 451 1057 371 479 959 653 444 356 1579 1488 5301 544 318170 2097 17207
leaf_count=6793 136 1525 190 451 1057 371 479 959 653 444 356 1579 1488 5301 544 318170 2097 17207
internal_value=5.93603e-06 2.93721e-06 -0.00100246 0.00167359 -0.00187103 -0.000735511 0.00172589 -0.00332564 -0.00162504 -0.000578548 -0.00304837 -0.00303133 2.59961e-05 -0.00103819 -0.00044202 4.86636e-05 -0.000504681 2.61728e-05
internal_weight=359800 359664 8064 1976 6088 3419 1650 2669 1710 1171 727 1769 351600 7333 5845 344267 26097 19304
internal_count=359800 359664 8064 1976 6088 3419 1650 2669 1710 1171 727 1769 351600 7333 5845 344267 26097 19304
is_linear=0
shrinkage=0.0229654


Tree=402
num_leaves=19
num_cat=0
split_feature=24 13 33 13 14 25 32 30 10 22 34 10 13 30 14 34 13 25
split_gain=16.4005 23.8858 32.662 18.135 21.5382 26.9339 28.9138 29.2368 25.9032 24.7755 21.355 20.9524 20.3502 37.6811 59.8649 52.3573 41.6271 34.0337
threshold=6.6812500000000021 3.5187500000000012 0.36458333333333343 26.381250000000005 51.312500000000007 13.251822916666669 1.0000000180025095e-35 294.7312500000001 -0.9330127018922193 10.538758680555556 0.61458333333333348 -0.5 15.331250000000004 245.06875000000005 84.687500000000014 0.038194444444444454 11.156250000000004 22.846354166666668
decision_type=2 2 2 2 2 2 2 2 2 2 2 2 2 2 2 2 2 2
left_child=3 -2 -3 4 5 6 9 -8 -7 11 -5 -1 13 14 16 -15 -6 -14
right_child=1 2 -4 10 12 8 7 -9 -10 -11 -12 -13 17 15 -16 -17 -18 -19
leaf_value=6.2159666769119077 15.376422312860059 2.0633572727915657 -11.806140359293963 0.5343913720678416 -5.2363918500353428 2.2945285555033346 -9.5114285043033071 4.8623445302756281 -5.2756760160243044 11.089195437437439 10.058386337884215 -8.9694159333482659 1.3003400021902201 0.092657358543567936 0.85173755150945751 3.5263945889477766 -1.411949920001706 -2.6271504514329544
leaf_weight=466 220 701 1000 1258 6310 1950 604 3316 9757 372 838 2228 44626 239923 13512 4310 24715 3694
leaf_count=466 220 701 1000 1258 6310 1950 604 3316 9757 372 838 2228 44626 239923 13512 4310 24715 3694
internal_value=6.25517e-06 -0.00211004 -0.003031 1.76149e-05 5.06709e-06 -0.000753719 0.000374758 0.0016814 -0.00142712 -0.00129583 0.00214753 -0.00206297 4.71449e-05 -2.58467e-05 -0.000640177 8.61792e-05 -0.00119583 0.000483357
internal_weight=359800 1921 1701 357879 355783 18693 6986 3920 11707 3066 2096 2694 337090 288770 44537 244233 31025 48320
internal_count=359800 1921 1701 357879 355783 18693 6986 3920 11707 3066 2096 2694 337090 288770 44537 244233 31025 48320
is_linear=0
shrinkage=0.0229654


Tree=403
num_leaves=19
num_cat=0
split_feature=24 23 28 22 30 32 25 25 3 3 26 29 25 26 4 32 23 14
split_gain=16.4045 20.8251 15.8588 18.812 18.7597 38.5487 49.3094 26.4792 28.8242 52.8849 26.0212 24.5514 32.3076 31.3197 29.0915 24.8913 24.6726 61.8824
threshold=6.6812500000000021 1.975000000000001 9.4997336800573908 18.210156250000001 21.024999999999999 484.33125000000007 15.634635416666669 23.489843750000002 4.5000000000000009 3.5000000000000004 21.246223958333335 8.2750000000000057 19.947135416666672 19.762369791666668 8.5000000000000018 380.3250000000001 -1.712499999999999 66.312500000000014
decision_type=2 2 2 2 2 2 2 2 2 2 2 2 2 2 2 2 2 2
left_child=2 -2 4 -4 5 -1 -7 -8 9 -9 -11 14 13 16 15 -6 17 -13
right_child=1 -3 3 -5 11 6 7 8 -10 10 -12 12 -14 -15 -16 -17 -18 -19
leaf_value=-3.632167573307592 -0.64408449794190969 -13.292914118023845 -9.8557573615602596 6.5929908249427776 -0.69545359067254087 -7.9730341624046028 1.1831142871156344 -4.3344535767484853 -14.944754130563988 -7.8070043034087151 13.309426019963553 2.4211229311482567 -4.7505290240500369 6.1108989464648795 6.918760211227279 2.8755832731438598 0.37278771595849514 -0.8672260269485369
leaf_weight=7396 1262 659 104 1217 7604 1104 15092 1575 735 68 400 7864 3845 1189 1904 6680 228394 72708
leaf_count=7396 1262 659 104 1217 7604 1104 15092 1575 735 68 400 7864 3845 1189 1904 6680 228394 72708
internal_value=6.51048e-06 -0.00211004 1.78716e-05 0.0025295 8.56635e-06 -0.000580885 -3.26798e-05 0.000258313 -0.00180218 -0.000399056 0.00637928 5.5642e-05 1.06782e-05 3.66152e-05 0.000927809 0.000572367 2.2299e-05 -0.000323224
internal_weight=359800 1921 357879 1321 356558 26370 18974 17870 2778 2043 468 330188 314000 310155 16188 14284 308966 80572
internal_count=359800 1921 357879 1321 356558 26370 18974 17870 2778 2043 468 330188 314000 310155 16188 14284 308966 80572
is_linear=0
shrinkage=0.0229654


Tree=404
num_leaves=19
num_cat=0
split_feature=36 37 37 15 37 25 3 35 30 13 36 3 30 13 15 3 30 36
split_gain=18.3083 58.3858 48.506 38.6695 36.8343 67.9342 84.0194 51.0739 32.8497 44.4048 33.9169 32.7035 31.1268 44.6106 33.0472 29.3902 31.9818 30.4806
threshold=22848.500000000004 21508.732551923084 27663.228840715772 26.818750000000005 22263.946202917101 7.0690104166666687 1.0000000180025095e-35 21001.500000000004 395.80000000000001 12.393750000000002 20345.500000000004 5.5000000000000009 55.706250000000004 17.181250000000006 15.806250000000004 1.0000000180025095e-35 186.86875000000003 21368.500000000004
decision_type=2 2 2 2 2 2 2 2 2 2 2 2 2 2 2 2 2 2
left_child=2 -2 3 4 7 6 -6 8 9 10 -1 -7 13 -3 -15 16 -11 -17
right_child=1 12 -4 -5 5 11 -8 -9 -10 15 -12 -13 -14 14 -16 17 -18 -19
leaf_value=-0.402454091503682 -5.3712061941744027 -4.2630934320857685 20.513066141495852 -11.163412536578985 -13.161565063844522 2.8929885344557986 0.19741060053982012 -1.5659961369863391 2.3578390591859297 -2.899039819034865 -3.6134272539685139 11.029555419359534 0.079039208129628252 -1.1340840615694339 5.5783289296410734 2.1563869623993925 10.372281341078626 -3.1550532958055895
leaf_weight=13619 6895 7947 598 1034 1191 20433 6066 31197 17920 3449 4107 2028 209670 10069 2107 18652 446 2372
leaf_count=13619 6895 7947 598 1034 1191 20433 6066 31197 17920 3449 4107 2028 209670 10069 2107 18652 446 2372
internal_value=7.14877e-06 -0.000111 0.000234295 0.000202447 0.000240089 0.000942789 -0.000988933 1.25136e-05 0.000401369 5.46603e-05 -0.000823987 0.00156692 -4.85207e-05 -0.00091129 -3.77224e-05 0.000679682 -0.00115269 0.00101916
internal_weight=359800 236688 123112 122514 121480 29718 7257 91762 60565 42645 17726 22461 229793 20123 12176 24919 3895 21024
internal_count=359800 236688 123112 122514 121480 29718 7257 91762 60565 42645 17726 22461 229793 20123 12176 24919 3895 21024
is_linear=0
shrinkage=0.0229654


Tree=405
num_leaves=19
num_cat=0
split_feature=36 37 37 37 33 3 0 35 37 37 35 26 35 36 26 3 25 0
split_gain=17.6415 78.8887 51.7933 45.6281 46.5249 62.833 39.4989 37.9505 66.395 62.2616 35.7095 33.2748 29.9567 28.7822 38.5425 30.0839 40.3618 47.2741
threshold=25267.500000000004 29908.181515470071 24870.637002989264 25301.641546275634 0.37152777777777785 1.0000000180025095e-35 43.500000000000007 28274.500000000004 30273.138219804448 27011.664572983358 27264.500000000004 7.5406250000000012 24722.500000000004 27372.500000000004 10.778776041666669 3.5000000000000004 10.174218750000001 33.500000000000007
decision_type=2 2 2 2 2 2 2 2 2 2 2 2 2 2 2 2 2 2
left_child=1 3 -2 10 12 -6 7 8 -4 -9 -1 -8 -5 14 -11 16 -15 -18
right_child=2 -3 6 4 5 -7 11 9 -10 13 -12 -13 -14 15 -16 -17 17 -19
leaf_value=0.12392920469846191 -3.6096210922509431 31.453262228118092 0.90509830039006622 17.334291564511691 -19.028797158497074 0.94648524308995075 0.26789740917409299 -11.492144426454511 12.901288682780507 8.505388864686628 -6.8273451824310687 -3.7397851077597015 3.8335474596051777 1.5912733950010678 -1.3151529864735172 -1.9454094100231523 -6.2351628930120144 0.93178870883785681
leaf_weight=162855 17479 579 37482 2022 687 4431 7096 2784 3552 3438 3495 9211 10091 43808 2354 34639 7448 6349
leaf_count=162855 17479 579 37482 2022 687 4431 7096 2784 3552 3438 3495 9211 10091 43808 2354 34639 7448 6349
internal_value=6.19134e-06 0.000163237 -0.000158472 0.000136543 0.00126149 -0.00057436 -2.73707e-05 9.56798e-05 0.000684474 -0.000143961 2.00179e-05 -0.00109778 0.00203718 -4.7788e-05 0.00152257 -0.000146391 0.000175216 -0.000907997
internal_weight=359800 184160 175640 183581 17231 5118 158161 141854 41034 100820 166350 16307 12113 98036 5792 92244 57605 13797
internal_count=359800 184160 175640 183581 17231 5118 158161 141854 41034 100820 166350 16307 12113 98036 5792 92244 57605 13797
is_linear=0
shrinkage=0.0229654


Tree=406
num_leaves=19
num_cat=0
split_feature=36 37 37 8 15 7 0 3 36 12 36 4 36 3 32 4 12 13
split_gain=17.0298 50.96 46.9527 39.1456 32.5671 27.4368 31.4368 36.3886 36.6378 31.3054 30.6606 34.4725 30.0999 27.1444 34.1195 27.1243 42.8973 41.6788
threshold=21479.500000000004 21397.667587999687 26466.99420136926 -0.19467261866128607 26.818750000000005 0.82968937203783699 11.500000000000002 4.5000000000000009 25985.500000000004 10.181250000000002 27994.500000000004 8.5000000000000018 28302.500000000004 2.5000000000000004 466.90000000000003 4.5000000000000009 5.793750000000002 -3.3437499999999996
decision_type=2 2 2 2 2 2 2 2 2 2 2 2 2 2 2 2 2 2
left_child=2 3 4 13 15 -3 -7 9 -9 12 11 -11 -8 14 -2 -1 17 -17
right_child=1 5 -4 -5 -6 6 7 8 -10 10 -12 -13 -14 -15 -16 16 -18 -19
leaf_value=2.5991313966606984 -18.868215950866201 0.20458544706666407 22.788040630830555 -0.41807026005957598 -12.691056662062104 -4.281182880000002 3.7396660600336502 -2.6705487944388189 -18.483099986772025 -2.8615636902049304 -12.239973875376171 4.0003459358226738 -1.0269538810050598 -5.0211675052143416 2.0681841014889684 23.861175692455031 0.31926468136964309 -7.65273960274323
leaf_weight=14424 2187 224672 427 8543 665 6797 7405 2744 704 4364 884 1556 6019 4707 522 127 71496 1557
leaf_count=14424 2187 224672 427 8543 665 6797 7405 2744 704 4364 884 1556 6019 4707 522 127 71496 1557
internal_value=5.99986e-06 -8.43719e-05 0.000282226 -0.00134333 0.000245475 -5.62558e-06 -0.000652268 -0.000257047 -0.00243774 0.000114668 -0.00115435 -0.000558618 0.000757872 -0.0025641 -0.00439556 0.000283909 0.000104502 -0.00351845
internal_weight=359800 271104 88696 15959 88269 255145 30473 23676 3448 20228 6804 5920 13424 7416 2709 87604 73180 1684
internal_count=359800 271104 88696 15959 88269 255145 30473 23676 3448 20228 6804 5920 13424 7416 2709 87604 73180 1684
is_linear=0
shrinkage=0.0229654


Tree=407
num_leaves=19
num_cat=0
split_feature=36 37 30 37 3 20 22 0 3 0 31 4 28 29 36 4 26 22
split_gain=16.5676 33.0914 36.7213 28.8538 30.0479 31.3948 27.3409 38.4558 27.0658 39.9121 33.587 30.777 42.3433 41.0733 34.3602 35.9667 41.9528 44.776
threshold=19397.500000000004 19228.289749810432 787.73125000000016 20355.288483892313 1.0000000180025095e-35 3.1500000000000044 22.108723958333336 15.500000000000002 5.5000000000000009 30.500000000000004 187.59375000000003 4.5000000000000009 -0.22334119496855417 52.61875000000002 16651.000000000004 5.5000000000000009 18.537369791666674 19.440451388888892
decision_type=2 2 2 2 2 2 2 2 2 2 2 2 2 2 2 2 2 2
left_child=3 2 -2 4 5 -1 8 -8 10 11 -6 -10 -13 14 -14 -16 -17 -18
right_child=1 -3 -4 -5 6 -7 7 -9 9 -11 -12 12 13 -15 15 16 17 -19
leaf_value=-1.3340224001413623 -1.9253682205859708 -0.02367931349034217 -15.27786291430828 3.8706680840426029 1.3051193390135194 -21.934789757870298 2.0549565622181012 -28.409979163180441 5.021376900353256 12.799549241510309 7.7358330193864067 -5.7649407906400389 -8.3346052026517974 3.4617091633842061 -10.081531977975445 -1.4344268825731761 14.602206106417052 -4.2720613609846225
leaf_weight=4081 7842 310864 814 7390 14328 271 361 467 1276 861 1656 3862 966 1878 520 1433 699 231
leaf_count=4081 7842 310864 814 7390 14328 271 361 467 1276 861 1656 3862 966 1878 520 1433 699 231
internal_value=4.65946e-06 -5.06717e-05 -0.00145126 0.000443572 0.000152218 -0.00162531 0.000423288 -0.00368889 0.000546164 -0.000291817 0.00116091 -0.000668988 -0.00111486 0.000138346 -0.00122017 3.58461e-05 0.00123914 0.00503757
internal_weight=359800 319520 8656 40280 32890 4352 28538 828 27710 11726 15984 10865 9589 5727 3849 2883 2363 930
internal_count=359800 319520 8656 40280 32890 4352 28538 828 27710 11726 15984 10865 9589 5727 3849 2883 2363 930
is_linear=0
shrinkage=0.0229654


Tree=408
num_leaves=19
num_cat=0
split_feature=35 37 30 34 10 34 37 21 27 18 13 27 13 16 10 25 0 7
split_gain=16.989 56.5534 33.9352 73.3459 57.498 66.9792 49.052 43.4956 32.4367 31.5105 34.6761 37.4462 31.2074 38.2258 26.2899 36.5819 37.1938 25.2391
threshold=21182.500000000004 20713.858809328627 258.41875000000005 0.052083333333333336 -0.9330127018922193 0.51041666666666674 21341.006800712184 14.399218750000003 -0.087797619047620831 0.011250000000000001 12.481250000000003 0.35318080357142906 25.293750000000006 650.81250000000011 -0.5 15.48307291666667 17.500000000000004 0.65793410509763428
decision_type=2 2 2 2 2 2 2 2 2 2 2 2 2 2 2 2 2 2
left_child=2 -2 4 6 5 9 -4 8 -6 -1 -11 -12 13 -9 -8 -16 -17 -3
right_child=1 17 3 -5 7 -7 14 12 -10 10 11 -13 -14 -15 15 16 -18 -19
leaf_value=5.6112030121462082 -4.0474892537618112 0.23525257147510065 0.017441894460321128 6.4769909408494017 -5.8054158319371032 -8.2026364804579366 10.760036949129965 -0.40795852979624897 2.7656336955187104 -4.1484339544714857 9.4502410429348238 -1.9869528305931257 10.228437721194281 -10.50041880533611 4.013352736034955 13.205426340556075 -26.251814206048341 -0.98497596928557163
leaf_weight=4097 11243 215206 27109 2448 2346 1079 2837 26710 572 1227 1525 1331 642 1850 7277 75 307 51919
leaf_count=4097 11243 215206 27109 2448 2346 1079 2837 26710 572 1227 1525 1331 642 1850 7277 75 307 51919
internal_value=4.91478e-06 -8.04377e-05 0.000296684 0.000773197 -0.000164558 0.00142991 0.000522455 -0.000624184 -0.00329764 0.00213932 0.000711517 0.00209873 -0.00035704 -0.000469601 0.00185544 0.00115592 -0.00577141 -1.32828e-05
internal_weight=359800 278368 81432 40053 41379 9259 37605 32120 2918 8180 4083 2856 29202 28560 10496 7659 382 267125
internal_count=359800 278368 81432 40053 41379 9259 37605 32120 2918 8180 4083 2856 29202 28560 10496 7659 382 267125
is_linear=0
shrinkage=0.0229654


Tree=409
num_leaves=19
num_cat=0
split_feature=35 9 32 13 3 32 25 28 32 18 27 13 18 15 6 28 35 7
split_gain=16.4976 30.5046 41.0581 56.1916 40.0948 37.5804 42.0036 33.7987 33.5877 31.2083 41.7254 29.5058 28.4228 28.0357 26.235 27.2814 25.3942 24.8857
threshold=21182.500000000004 1.0000000180025095e-35 15.837500000000004 9.7562500000000032 5.5000000000000009 111.36874999999999 12.47916666666667 0.97227153000458089 721.30000000000018 0.038125000000000013 3.3978422619047608 11.081250000000002 0.051250000000000011 9.5437500000000028 1.0000000180025095e-35 -2.1595545277507293 20459.500000000004 0.65793410509763428
decision_type=2 2 2 2 2 2 2 2 2 2 2 2 2 2 2 2 2 2
left_child=1 2 3 4 7 6 -3 -1 16 11 -11 13 -10 -4 15 -8 -7 -2
right_child=17 5 9 -5 -6 8 14 -9 12 10 -12 -13 -14 -15 -16 -17 -18 -19
leaf_value=3.4961751660347971 0.078287065985855581 2.0949082984661538 -0.8303158326399106 9.0754744944154204 -6.5358784617119898 3.7571502042052169 8.2491147412990475 -4.3786958016574848 0.011725568086730333 0.091359710075740203 18.683474344570218 -1.1509801754626838 -17.840787197438189 -7.0243798742055796 -14.963032951425637 -2.3217784959416643 -0.25809939144863964 -1.0508872923430286
leaf_weight=4293 222216 16367 1460 2280 1201 11830 996 1414 967 8753 677 16653 316 1829 546 9425 2425 56152
leaf_count=4293 222216 16367 1460 2280 1201 11830 996 1414 967 8753 677 16653 316 1829 546 9425 2425 56152
internal_value=6.06368e-06 0.000293582 -0.000175099 0.00116477 0.000132979 0.000715125 0.000202483 0.000935598 0.00161695 -0.00059423 0.000494377 -0.001109 -0.00194213 -0.00309673 -0.000897299 -0.000640193 0.00193728 -7.80452e-05
internal_weight=359800 81432 38560 9188 6908 42872 27334 5707 15538 29372 9430 19942 1283 3289 10967 10421 14255 278368
internal_count=359800 81432 38560 9188 6908 42872 27334 5707 15538 29372 9430 19942 1283 3289 10967 10421 14255 278368
is_linear=0
shrinkage=0.0229654


Tree=410
num_leaves=19
num_cat=0
split_feature=17 28 29 4 15 5 22 4 26 28 27 5 32 30 26 37 30 29
split_gain=15.2297 26.5509 34.1328 40.8952 40.7004 32.5782 37.4549 29.779 34.8148 51.8726 34.3949 36.5057 31.6839 81.6645 35.2489 32.7479 28.4413 36.5219
threshold=62.937500000000007 -4.2968679950186788 180.54375000000002 9.5000000000000018 6.4062500000000018 1.0000000180025095e-35 1.5197048611111112 3.5000000000000004 7.6045572916666684 -3.1874177631578942 0.50448288690476117 1.0000000180025095e-35 1.0000000180025095e-35 458.63125000000008 17.953255208333335 16946.789151764384 1736.66875 383.8562500000001
decision_type=2 2 2 2 2 2 2 2 2 2 2 2 2 2 2 2 2 2
left_child=1 2 -1 4 -4 6 -5 10 9 -9 11 -3 -10 14 -14 -16 17 -11
right_child=-2 7 3 5 -6 -7 -8 8 12 16 -12 -13 13 -15 15 -17 -18 -19
leaf_value=-13.789070224245586 0.29477990165630019 0.85319796301797768 -1.9858394997709483 -20.864271278579423 6.8326094711091754 -12.914053153344303 2.942154272577854 -4.5156779302650447 -2.6448851373927433 1.6700409137156826 -6.7763236017330453 -4.4060762697728535 -1.1761928756895876 3.2346423816123169 -17.186514550494536 0.91919940111841292 -23.11003630396047 9.1063918936093877
leaf_weight=301 215302 11864 1370 249 4798 590 3041 2055 17438 2885 9368 5277 46286 10807 637 23658 187 3687
leaf_count=301 215302 11864 1370 249 4798 590 3041 2055 17438 2885 9368 5277 46286 10807 637 23658 187 3687
internal_value=5.80837e-06 -0.000176574 0.000944225 0.0011725 0.00233452 -0.000674757 0.000216391 -0.000263038 -9.32356e-05 0.00128975 -0.000952524 -0.000340978 -0.00021658 -2.6242e-05 -0.000310897 0.000397487 0.0022612 0.0025125
internal_weight=359800 144498 10349 10048 6168 3880 3290 134149 107640 8814 26509 17141 98826 81388 70581 24295 6759 6572
internal_count=359800 144498 10349 10048 6168 3880 3290 134149 107640 8814 26509 17141 98826 81388 70581 24295 6759 6572
is_linear=0
shrinkage=0.0229654


Tree=411
num_leaves=19
num_cat=0
split_feature=36 37 37 35 3 37 12 3 35 14 35 37 35 37 8 36 19 36
split_gain=16.7469 53.9674 47.6459 42.7566 41.867 36.9741 58.2118 76.7429 54.3983 45.0039 37.2713 33.6263 30.9082 35.8501 31.9936 41.3211 44.4565 36.8762
threshold=23776.500000000004 28694.380984603627 24026.812138910074 24875.500000000004 2.5000000000000004 22577.936403045827 5.7062500000000016 1.0000000180025095e-35 24442.500000000004 64.562500000000014 28274.500000000004 25415.561728725286 24553.500000000004 25765.757237587812 0.82968937203783688 25803.000000000004 10.543750000000003 29694.500000000004
decision_type=2 2 2 2 2 2 2 2 2 2 2 2 2 2 2 2 2 2
left_child=1 5 3 4 -2 8 7 -7 -1 -10 11 -8 -4 -14 15 16 -15 -16
right_child=2 -3 12 -5 -6 6 10 -9 9 -11 -12 -13 13 14 17 -17 -18 -19
leaf_value=0.075776999010978133 -4.9238003889328708 27.878820348007604 2.126170610485 -10.452347837966323 0.4404759393216261 -12.154681655837502 2.4948776689910535 0.013660181213828381 -18.762034802890053 -2.2857654294913945 -5.1306083296179716 10.388974915137091 -2.2782293227492043 6.7149746960335408 -0.70802721781235622 0.1209746127598294 -4.8442397426667076 -6.619609841087029
leaf_weight=100356 10693 525 20565 3192 12221 1320 26636 8335 1405 2649 1922 2772 19106 6010 14360 122260 1579 3894
leaf_count=100356 10693 525 20565 3192 12221 1320 26636 8335 1405 2649 1922 2772 19106 6010 14360 122260 1579 3894
internal_value=6.25517e-06 0.000195943 -0.000123159 -0.00104244 -0.000695557 0.000169403 0.000753933 -0.000805157 -6.00475e-05 -0.00266816 0.0012344 0.0014369 4.64753e-06 -9.86828e-05 2.20966e-05 0.000148653 0.00179299 -0.000878156
internal_weight=359800 145920 213880 26106 22914 145395 40985 9655 104410 4054 31330 29408 187774 167209 148103 129849 7589 18254
internal_count=359800 145920 213880 26106 22914 145395 40985 9655 104410 4054 31330 29408 187774 167209 148103 129849 7589 18254
is_linear=0
shrinkage=0.0229654


Tree=412
num_leaves=19
num_cat=0
split_feature=14 27 30 14 23 9 9 16 20 6 3 22 18 19 16 18 29 9
split_gain=15.7809 25.7595 18.586 18.2907 45.9917 35.7039 28.2628 40.9121 38.0401 44.7549 40.4694 34.7851 34.5187 26.3173 25.3873 75.5282 34.8876 63.3448
threshold=95.562500000000014 0.44555431547619101 101.32500000000002 86.812500000000014 -2.299999999999998 -0.93301270189221908 -0.6830127018922193 1.0000000180025095e-35 4.4250000000000034 1.0000000180025095e-35 1.0000000180025095e-35 16.687413194444449 0.15312500000000004 2.0625000000000013 63.562500000000007 0.014375000000000002 75.643750000000026 0.25000000000000011
decision_type=2 2 2 2 2 2 2 2 2 2 2 2 2 2 2 2 2 2
left_child=3 2 -2 6 13 -6 7 -1 12 10 -10 -12 -9 -5 15 -8 17 -16
right_child=1 -3 -4 4 5 -7 14 8 9 -11 11 -13 -14 -15 16 -17 -18 -19
leaf_value=-2.1772989212984446 3.4222733471205853 2.5342008874465445 -4.8109321115591195 1.0294147818850738 4.607740703536181 0.97329119772601103 1.4784171974468625 0.028148161333362638 19.982646182656872 -45.403149265785707 15.891844882159582 0.57237373308858375 -5.7325804912805012 -1.9759611503472307 -0.93236739060834628 -0.96178817365673708 0.29273508245787822 -8.0420481697165744
leaf_weight=19921 217 1392 3083 3575 3483 67233 58331 25083 658 129 853 3070 5867 12240 29758 45529 73084 6294
leaf_count=19921 217 1392 3083 3575 3483 67233 58331 25083 658 129 853 3070 5867 12240 29758 45529 73084 6294
internal_value=6.51048e-06 -0.00131664 -0.00242181 2.39932e-05 0.000314367 0.00056475 -6.95605e-05 -0.00053074 -6.5045e-05 0.00185771 0.00223337 0.00134936 -0.000357652 -0.000805205 5.07836e-05 0.000307798 -0.000193805 -0.000778424
internal_weight=359800 4692 3300 355108 86531 70716 268577 55581 35660 4710 4581 3923 30950 15815 212996 103860 109136 36052
internal_count=359800 4692 3300 355108 86531 70716 268577 55581 35660 4710 4581 3923 30950 15815 212996 103860 109136 36052
is_linear=0
shrinkage=0.0229654


Tree=413
num_leaves=19
num_cat=0
split_feature=36 4 12 21 7 3 7 0 35 7 21 35 16 3 22 35 16 10
split_gain=16.5358 40.4043 46.5663 37.1489 30.5511 31.3819 30.382 45.5822 28.4737 28.2835 28.2206 44.7596 45.4391 44.5396 40.4553 45.6853 54.5247 38.1826
threshold=22734.500000000004 4.5000000000000009 5.7062500000000016 2.3868489583333337 0.82968937203783699 1.0000000180025095e-35 0.94490267940017769 12.500000000000002 24722.500000000004 -0.89495246814786256 7.4000000000000004 38086.000000000007 1.0000000180025095e-35 1.0000000180025095e-35 1.8855034722222224 31391.500000000004 115.31250000000001 0.6830127018922193
decision_type=2 2 2 2 2 2 2 2 2 2 2 2 2 2 2 2 2 2
left_child=1 -1 3 -3 10 8 -7 -8 -6 -4 11 12 -2 -13 -14 16 -16 -12
right_child=4 2 9 -5 5 6 7 -9 -10 -11 17 13 14 -15 15 -17 -18 -19
leaf_value=2.2976200895416152 0.10157335335427607 11.933372326226616 6.0300003698631794 -6.303225674743449 1.1873817625708176 -4.3245255631950528 -4.2245745855487664 2.2409446693107413 19.613126624985966 0.021010375122654978 -0.84432320840787101 8.6421542308335439 18.449811075441147 -3.1667036023860216 17.827778705252811 1.6367820881718231 5.3129032273525896 1.5560266168870085
leaf_weight=24720 30467 315 4192 2531 3520 12184 4200 6592 352 88482 118149 605 898 12732 2913 16139 6334 24475
leaf_count=24720 30467 315 4192 2531 3520 12184 4200 6592 352 88482 118149 605 898 12732 2913 16139 6334 24475
internal_value=7.14877e-06 0.000226904 1.27425e-05 -0.00288076 -0.000103151 -0.000833146 -0.00115547 -0.000268128 0.00107947 0.000101602 -1.10124e-05 0.00036633 0.000647674 -0.000830832 0.00134731 0.00117785 0.00246493 -0.000196445
internal_weight=359800 120240 95520 2846 239560 26848 22976 10792 3872 92674 212712 70088 56751 13337 26284 25386 9247 142624
internal_count=359800 120240 95520 2846 239560 26848 22976 10792 3872 92674 212712 70088 56751 13337 26284 25386 9247 142624
is_linear=0
shrinkage=0.0229654


Tree=414
num_leaves=19
num_cat=0
split_feature=36 0 35 35 30 35 3 3 0 36 9 15 3 16 25 9 4 28
split_gain=16.8828 37.5285 38.2573 30.1113 27.5381 33.977 34.898 36.4711 47.0197 33.6721 51.7148 32.1224 39.5732 58.873 30.7976 30.5937 30.4747 29.8294
threshold=27525.500000000004 43.500000000000007 20761.500000000004 37475.500000000007 69.812500000000014 29383.500000000004 3.5000000000000004 5.5000000000000009 24.500000000000004 32394.000000000004 -0.24999999999999994 15.231250000000003 4.5000000000000009 2.1875000000000004 18.773177083333337 0.68301270189221941 10.500000000000002 -2.5576923076923066
decision_type=2 2 2 2 2 2 2 2 2 2 2 2 2 2 2 2 2 2
left_child=3 2 -2 -1 -4 14 17 9 -9 16 -11 12 13 -12 -6 -10 -8 -7
right_child=1 -3 4 -5 5 6 7 8 15 10 11 -13 -14 -15 -16 -17 -18 -19
leaf_value=0.22161068464156772 -12.821020861134455 -3.8524512038228207 -4.2633861450312516 64.677697963512216 2.0828970023288624 4.1629185778519631 -2.7597052705252181 -11.364467517262131 6.0578542731244003 -12.112107497959908 -4.1130618210169851 -8.8572545232543618 -5.8891862109209852 9.6904934532133442 -13.396960440071297 -1.8998737890345869 5.8497570735886848 -0.432427495542347
leaf_weight=232312 1000 8976 3449 168 29769 10222 7401 1440 4352 2232 1775 4688 3006 2187 256 2504 2792 41271
leaf_count=232312 1000 8976 3449 168 29769 10222 7401 1440 4352 2232 1775 4688 3006 2187 256 2504 2792 41271
internal_value=6.7658e-06 -0.000205808 -9.72222e-05 0.000123184 -5.91045e-05 2.11719e-06 -0.000235213 -0.000825994 0.000487212 -0.0012784 -0.0020141 -0.00140086 -0.00041198 0.00109552 0.00066506 0.00127958 -0.000275999 0.00013625
internal_weight=359800 127320 118344 232480 117344 113895 83870 32377 8296 24081 13888 11656 6968 3962 30025 6856 10193 51493
internal_count=359800 127320 118344 232480 117344 113895 83870 32377 8296 24081 13888 11656 6968 3962 30025 6856 10193 51493
is_linear=0
shrinkage=0.0229654


Tree=415
num_leaves=19
num_cat=0
split_feature=7 1 7 5 14 35 37 37 36 36 25 27 4 37 27 24 5 36
split_gain=16.4705 27.1875 35.2532 33.7234 26.16 24.6313 57.9224 46.278 40.4509 33.3707 31.6038 34.2942 29.6404 29.2747 30.8389 30.6866 27.026 26.0999
threshold=0.89495246814786289 4.5000000000000009 0.94490267940017769 1.0000000180025095e-35 85.062500000000014 23175.500000000004 21113.0901851915 24970.052793478826 27598.000000000004 23384.500000000004 20.560677083333335 5.0116071428571427 7.5000000000000009 22263.946202917101 1.2574404761904756 1.1000000000000025 1.0000000180025095e-35 22376.500000000004
decision_type=2 2 2 2 2 2 2 2 2 2 2 2 2 2 2 2 2 2
left_child=5 -2 -3 -4 -5 7 16 8 10 -9 13 -12 -10 15 -15 -1 -7 -8
right_child=1 2 3 4 -6 6 17 9 12 -11 11 -13 -14 14 -16 -17 -18 -19
leaf_value=0.96180327682287159 -1.757058251281884 -2.8477217675407687 1.4843993564938109 -3.7729808664641946 0.25708649153410168 -28.241933038227181 2.3244414005069549 46.226771619122424 -20.663016716921014 5.9047555457782117 -4.9951732234462236 4.7536526362062315 12.597789118600275 1.1508044460489082 7.3890513344681139 -1.2027422343231633 -5.867277164640921 -0.2416415951194755
leaf_weight=44853 14976 7520 21440 3621 4915 616 14402 571 1100 3787 5467 2399 178 14744 6442 17035 2262 193472
leaf_count=44853 14976 7520 21440 3621 4915 616 14402 571 1100 3787 5467 2399 178 14744 6442 17035 2262 193472
internal_value=7.08494e-06 -0.000368956 -3.8586e-05 0.000314112 -0.000906671 7.12887e-05 -6.78876e-05 0.000375005 0.000265719 0.00268755 0.000322738 -0.00106857 -0.00379163 0.000454476 0.0011913 0.000202239 -0.00330357 -2.30898e-05
internal_weight=359800 52472 37496 29976 8536 307328 210752 96576 92218 4358 90940 7866 1278 83074 21186 61888 2878 207874
internal_count=359800 52472 37496 29976 8536 307328 210752 96576 92218 4358 90940 7866 1278 83074 21186 61888 2878 207874
is_linear=0
shrinkage=0.0229654


Tree=416
num_leaves=19
num_cat=0
split_feature=36 22 29 34 8 3 31 25 11 36 23 30 29 35 3 27 3 8
split_gain=16.0115 25.2203 25.03 24.2436 18.8472 30.8658 18.6975 17.6612 41.0629 34.1372 32.6691 45.8125 45.5485 29.4373 26.9552 32.5361 25.8846 26.6832
threshold=19397.500000000004 22.108723958333336 10.156249999999996 0.33680555555555564 -0.44134171618254459 4.5000000000000009 168.88125000000005 10.860156250000001 1.0000000180025095e-35 36520.500000000007 -2.799999999999998 708.46875000000011 225.64375000000004 21633.500000000004 5.5000000000000009 1.0956473214285716 4.5000000000000009 0.19467261866128602
decision_type=2 2 2 2 2 2 2 2 2 2 2 2 2 2 2 2 2 2
left_child=1 2 -1 -4 5 -3 -5 10 -9 14 13 12 -12 -2 16 -16 -10 -18
right_child=7 4 3 6 -6 -7 -8 8 9 -11 11 -13 -14 -15 15 -17 17 -19
leaf_value=2.7094718423300717 1.7905455888774546 12.185624840971846 0.58152963196493335 -9.237532733453051 -0.070482221682746149 -26.690582478386609 3.6132992035535256 -2.4051439814575439 -0.058972811078197407 -10.086303937703901 0.60594241702376705 0.26270334956204427 5.9330064327588863 -2.2152352787514307 -0.39352688514410189 5.0476971538122415 -5.0907066771757945 0.041371560035794432
leaf_weight=8506 4311 110 29244 891 694 479 356 19814 97046 753 7701 140139 6568 16412 6109 5579 8482 6606
leaf_count=8506 4311 110 29244 891 694 479 356 19814 97046 753 7701 140139 6568 16412 6109 5579 8482 6606
internal_value=6.95728e-06 0.000438441 0.000542673 0.000235371 -0.00272972 -0.0057511 -0.0029006 -4.74373e-05 -0.000235477 -8.10219e-05 0.000107594 0.000222503 0.0014622 -0.000748595 -5.13755e-05 0.000998154 -0.000160771 -0.00104568
internal_weight=359800 40280 38997 30491 1283 589 1247 319520 144389 124575 175131 154408 14269 20723 123822 11688 112134 15088
internal_count=359800 40280 38997 30491 1283 589 1247 319520 144389 124575 175131 154408 14269 20723 123822 11688 112134 15088
is_linear=0
shrinkage=0.0229654


Tree=417
num_leaves=19
num_cat=0
split_feature=31 30 25 21 4 35 34 34 3 8 4 4 34 24 24 11 30 31
split_gain=15.8187 17.0517 34.8908 27.1397 28.2538 27.036 26.322 25.8273 30.8966 27.5703 30.8064 29.6617 24.831 39.4325 24.8329 64.0167 44.6043 34.17
threshold=455.66250000000008 17.943750000000009 15.861197916666669 18.432161458333336 8.5000000000000018 29804.500000000004 0.25347222222222227 0.31597222222222227 4.5000000000000009 -0.19467261866128607 7.5000000000000009 7.5000000000000009 0.37847222222222227 -0.45000000000000001 1.6000000000000025 108.00000000000001 1977.9687500000002 45.80625000000002
decision_type=2 2 2 2 2 2 2 2 2 2 2 2 2 2 2 2 2 2
left_child=1 2 5 12 6 -1 -5 8 -4 11 -11 -9 14 -14 -3 17 -17 -16
right_child=-2 3 7 4 -6 -7 -8 9 -10 10 -12 -13 13 -15 15 16 -18 -19
leaf_value=-5.7114106181261732 6.754196675361066 0.2673104290392454 -5.9134692977399128 -1.5264526919883485 13.394328667411999 17.671790244239777 2.6684095528953611 -4.8895989069582697 1.4614595341089682 2.5215701164456958 -2.178215853431535 4.6026046450437565 -11.441366316999931 1.6002642329474723 -3.0962687489633778 1.0021536613650162 20.792722528088088 0.85760737489471739
leaf_weight=2749 546 255843 2567 3017 382 95 9895 6501 1171 7348 1839 1751 1318 1118 31563 24579 796 6722
leaf_count=2749 546 255843 2567 3017 382 95 9895 6501 1171 7348 1839 1751 1318 1118 31563 24579 796 6722
internal_value=5.68072e-06 -2.55701e-07 -0.00059132 4.20968e-05 0.00105896 -0.00297969 0.000876855 -0.00027057 -0.00200287 0.000100743 0.000966162 -0.000862733 1.07002e-07 -0.00230974 1.77181e-05 -0.000388168 0.00050637 -0.000981061
internal_weight=359800 359254 24021 335233 13294 2844 12912 21177 3738 17439 9187 8252 321939 2436 319503 63660 25375 38285
internal_count=359800 359254 24021 335233 13294 2844 12912 21177 3738 17439 9187 8252 321939 2436 319503 63660 25375 38285
is_linear=0
shrinkage=0.0229654


Tree=418
num_leaves=19
num_cat=0
split_feature=7 8 7 36 35 36 35 37 37 36 25 16 36 7 13 36 37 36
split_gain=15.7618 25.934 42.3159 29.2417 25.7463 25.5759 23.3174 56.4854 43.5933 42.357 32.5913 31.8409 31.5084 33.562 30.9432 29.9144 28.9949 29.8165
threshold=0.89495246814786289 0.13052619222005152 0.94490267940017769 21929.500000000004 18204.500000000004 20095.500000000004 22652.500000000004 21857.889420534932 24717.614730698628 27372.500000000004 20.338281250000005 150.81250000000003 17557.000000000004 -0.5 23.881250000000005 23384.500000000004 22263.946202917101 16651.000000000004
decision_type=2 2 2 2 2 2 2 2 2 2 2 2 2 2 2 2 2 2
left_child=6 2 -2 4 -3 -6 8 11 9 10 16 -8 13 -13 -12 -10 17 -1
right_child=1 3 -4 -5 5 -7 7 -9 15 -11 14 12 -14 -15 -16 -17 -18 -19
leaf_value=7.2170007919802153 -2.7935382134733566 -2.5642387289665605 1.1050286229682118 -4.8542269501303963 1.1080505751550003 -1.844383470805669 1.0695835083243341 0.031540542164131227 46.354543588267632 -16.323021793001207 -4.894566123757043 -4.9594925189029135 -11.642795476422336 26.247471342631108 5.0546978887859799 6.0851061043058019 3.1666537440237201 0.27758883044038896
leaf_weight=2774 7496 4288 22488 5664 7752 4784 1960 213685 601 1170 5717 255 5087 221 2080 3310 14709 55759
leaf_count=2774 7496 4288 22488 5664 7752 4784 1960 213685 601 1170 5717 255 5087 221 2080 3310 14709 55759
internal_value=4.59563e-06 -0.000363266 7.889e-05 -0.000952807 -0.000472303 5.31267e-05 6.74029e-05 -5.74114e-05 0.000388001 0.000275303 0.000337939 -0.00201325 -0.00290009 0.00275006 -0.0010736 0.00275691 0.000488205 0.000259147
internal_weight=359800 52472 29984 22488 16824 12536 307328 221208 86120 82209 81039 7523 5563 476 7797 3911 73242 58533
internal_count=359800 52472 29984 22488 16824 12536 307328 221208 86120 82209 81039 7523 5563 476 7797 3911 73242 58533
is_linear=0
shrinkage=0.0229654


Tree=419
num_leaves=19
num_cat=0
split_feature=24 27 29 18 21 9 13 13 34 25 24 21 30 24 11 0 36 0
split_gain=15.6252 25.2907 22.2867 17.9612 16.8163 17.745 15.6628 15.4322 20.04 18.0277 23.2198 19.9789 37.937 25.3195 22.7628 17.5834 20.1604 38.0368
threshold=6.6812500000000021 5.2823102678571443 267.73125000000005 0.8187500000000002 5.3563802083333343 -0.5 4.2562500000000023 26.381250000000005 0.61458333333333348 22.846354166666668 1.1750000000000014 19.769921875000005 22.237499999999997 -3.8749999999999969 36.000000000000007 47.500000000000007 32394.000000000004 42.500000000000007
decision_type=2 2 2 2 2 2 2 2 2 2 2 2 2 2 2 2 2 2
left_child=3 -2 -3 7 -5 -6 -4 9 -9 11 -11 12 13 -1 -15 16 -14 -18
right_child=1 2 6 4 5 -7 -8 8 -10 10 -12 -13 15 14 -16 -17 17 -19
leaf_value=-9.194632843891025 1.5245840203530283 5.5365802268824345 27.729807295815913 -5.7323379779608148 0.16749488119049158 6.2354243532328821 -16.291629747965235 0.41195409143481038 9.3749001106954619 -5.4466720946894185 0.43517104328009915 1.7999359581872993 0.28667540176493189 -3.6535462115560247 -0.32253210498204188 -1.8054391885656438 -0.6828521350632526 -8.7866698769836571
leaf_weight=1015 982 176 61 883 2144 3428 702 1258 835 2118 2157 11158 251541 4821 8896 6685 58616 2324
leaf_count=1015 982 176 61 883 2144 3428 702 1258 835 2118 2157 11158 251541 4821 8896 6685 58616 2324
internal_value=3.44673e-06 -0.00206222 -0.00475695 1.45347e-05 0.00121498 0.0016816 -0.0064562 -7.5152e-06 0.00195859 -1.9295e-05 -0.00150148 -9.31778e-07 -3.28767e-05 -0.00117228 -0.000913292 1.97155e-05 4.46475e-05 -0.000330123
internal_weight=359800 1921 939 357879 6455 5572 763 351424 2093 349331 4275 345056 333898 14732 13717 319166 312481 60940
internal_count=359800 1921 939 357879 6455 5572 763 351424 2093 349331 4275 345056 333898 14732 13717 319166 312481 60940
is_linear=0
shrinkage=0.0229654


Tree=420
num_leaves=19
num_cat=0
split_feature=14 15 30 21 8 33 10 22 21 35 16 3 4 3 1 3 15 35
split_gain=15.6142 23.1108 22.3581 29.0446 21.6042 20.09 19.918 74.7161 42.6406 38.08 59.9727 47.4924 35.893 48.8124 53.9209 104.641 53.4048 49.6788
threshold=95.062500000000014 5.8812500000000023 2284.7250000000004 1.0000000180025095e-35 1.0000000180025095e-35 0.98263888888888895 0.6830127018922193 7.8970052083333337 3.1248697916666672 36288.500000000007 7.5625000000000009 1.0000000180025095e-35 9.5000000000000018 4.5000000000000009 10.500000000000002 5.5000000000000009 21.393750000000008 28274.500000000004
decision_type=2 2 2 2 2 2 2 2 2 2 2 2 2 2 2 2 2 2
left_child=1 -1 5 4 -4 6 12 8 -8 10 -10 -11 -3 17 -15 -16 -17 -14
right_child=-2 2 3 -5 -6 -7 7 -9 9 11 -12 -13 13 14 15 16 -18 -19
leaf_value=1.2549219429990006 -2.0488222986735805 -0.041368060379589781 23.973858551136868 -10.573802207407651 2.0652105496865234 -4.0565492066116073 4.0068108855353746 3.5078382510013322 -1.8330427181135811 6.8585623093300159 6.674506871494315 -6.4120952291288438 1.9598113398929538 -12.136170011425234 -12.638715902220101 14.876762500687358 -23.593789939952625 -4.4636644267284851
leaf_weight=21749 6318 234651 344 298 248 6018 6396 26457 19437 834 6580 9105 8342 2486 1563 1240 289 7445
leaf_count=21749 6318 234651 344 298 248 6018 6396 26457 19437 834 6580 9105 8342 2486 1563 1240 289 7445
internal_value=4.78712e-06 2.50131e-05 -2.25339e-05 0.00361254 0.006556 -3.23126e-05 -7.95385e-06 0.000338929 -0.000259196 -0.000566535 -0.000104601 -0.00177572 -0.000101185 -0.00100235 -0.00284906 -0.000824437 0.00344706 -0.000349856
internal_weight=359800 353482 331733 890 592 330843 324825 68809 42352 35956 26017 9939 256016 21365 5578 3092 1529 15787
internal_count=359800 353482 331733 890 592 330843 324825 68809 42352 35956 26017 9939 256016 21365 5578 3092 1529 15787
is_linear=0
shrinkage=0.0229654


Tree=421
num_leaves=19
num_cat=0
split_feature=7 35 30 24 35 37 14 8 23 35 18 37 37 35 27 4 14 37
split_gain=16.0909 29.5874 29.7016 19.5988 44.7747 35.2467 33.0047 51.646 35.1135 33.4713 31.5627 30.2297 28.2383 39.6505 38.7817 46.2284 33.3958 30.2317
threshold=-0.89495246814786256 20761.500000000004 2152.9812500000003 0.062499999999999341 37846.000000000007 38216.250375972268 86.687500000000014 -0.55438071450436044 -5.25 30623.000000000004 0.52562500000000012 19161.366179972218 35034.858621994994 29383.500000000004 -2.5879092261904746 4.5000000000000009 86.187500000000014 26800.025061189601
decision_type=2 2 2 2 2 2 2 2 2 2 2 2 2 2 2 2 2 2
left_child=1 -1 -3 12 6 -6 8 9 -5 -8 -11 -10 13 14 15 16 -2 -15
right_child=3 2 -4 4 5 -7 7 -9 11 10 -12 -13 -14 17 -16 -17 -18 -19
leaf_value=10.767973537593402 3.3550386518215345 0.53711412757785382 21.349420496036274 2.1374534055311609 -13.217417337522457 -1.2750542846018085 11.868093621385666 -0.040428141322702477 -3.6334142176312101 0.54845992969747082 18.186050773534447 -0.80825830451723391 3.9177162782465711 -16.337930016216916 1.0899072735456674 -1.2480129915396669 -1.4034887153037219 -1.7209063001144795
leaf_weight=2064 8210 49999 409 4094 2163 1950 2953 33385 10472 3999 494 84723 13746 1200 79994 30882 4889 24174
leaf_count=2064 8210 49999 409 4094 2163 1950 2953 33385 10472 3999 494 84723 13746 1200 79994 30882 4889 24174
internal_value=4.27649e-06 0.000375958 0.000265609 -5.9183e-05 -0.000254202 -0.00261592 -0.000184877 0.000364749 -0.000410902 0.00209421 0.000845933 -0.000500465 0.000113282 2.16047e-05 0.000190892 -0.000356901 0.000786318 -0.000805518
internal_weight=359800 52472 50408 307328 144233 4113 140120 40831 99289 7446 4493 95195 163095 149349 123975 43981 13099 25374
internal_count=359800 52472 50408 307328 144233 4113 140120 40831 99289 7446 4493 95195 163095 149349 123975 43981 13099 25374
is_linear=0
shrinkage=0.0229654


Tree=422
num_leaves=19
num_cat=0
split_feature=17 8 29 14 36 4 32 32 29 10 3 29 7 29 0 4 24 25
split_gain=15.896 42.6941 28.1741 24.4105 21.7038 35.539 32.106 46.8889 48.852 55.5812 54.9597 43.6897 36.5591 33.8317 29.5898 27.6747 27.3601 27.2065
threshold=99.687500000000014 -0.70710678118654757 476.2312500000001 87.812500000000014 27525.500000000004 1.5000000000000002 176.00625000000005 1.0000000180025095e-35 371.9812500000001 0.6830127018922193 2.5000000000000004 135.06875000000005 -0.89495246814786256 746.06875000000002 16.500000000000004 6.5000000000000009 3.5500000000000016 3.1252604166666669
decision_type=2 2 2 2 2 2 2 2 2 2 2 2 2 2 2 2 2 2
left_child=4 -2 3 -3 5 14 7 8 9 -6 13 15 16 -10 -1 -9 -11 -7
right_child=1 2 -4 -5 6 17 -8 11 10 12 -12 -13 -14 -15 -16 -17 -18 -19
leaf_value=1.4548836838196391 9.0961657087762458 -0.55690993078402939 -3.9245274054142505 3.7638486279419627 -4.6472548770482076 -5.016890766228002 -3.6840362892969991 -3.5388650268390158 2.5358114564353635 6.7671504230254289 -1.8645932727337844 5.4346653399711338 -1.4549749749070797 21.468251173376348 10.176628432356123 2.145281571066386 -12.222117753274546 0.12485307501831341
leaf_weight=7668 5696 8009 5070 5660 25162 3581 5680 2955 23898 3409 29279 6685 12350 508 2407 4520 304 206959
leaf_count=7668 5696 8009 5070 5660 25162 3581 5680 2955 23898 3409 29279 6685 12350 508 2407 4520 304 206959
internal_value=3.57438e-06 0.000569083 3.98301e-05 0.000582158 -3.76291e-05 9.56133e-05 -0.000293797 -0.000206135 -0.000390056 -0.00098463 6.65199e-05 0.00102663 7.07706e-05 0.000871342 0.00142807 -0.000179729 0.00206893 3.1851e-05
internal_weight=359800 24435 18739 13669 335365 220615 114750 109070 94910 41225 53685 14160 16063 24406 10075 7475 3713 210540
internal_count=359800 24435 18739 13669 335365 220615 114750 109070 94910 41225 53685 14160 16063 24406 10075 7475 3713 210540
is_linear=0
shrinkage=0.0229654


Tree=423
num_leaves=19
num_cat=0
split_feature=7 3 8 3 28 26 26 14 8 35 1 3 8 28 4 35 3 1
split_gain=16.0531 52.6798 40.7241 38.4171 38.6108 38.2717 36.8459 34.1974 48.5696 39.0821 51.1995 44.4877 42.6607 41.8086 116.466 49.8176 34.0452 46.3193
threshold=0.32075123873380545 5.5000000000000009 0.89495246814786289 5.5000000000000009 -2.1185971973762663 1.0000000180025095e-35 18.853515625000004 59.437500000000007 0.065263096110025676 26282.500000000004 22.500000000000004 3.5000000000000004 0.82968937203783688 -2.5576923076923066 11.500000000000002 39170.500000000007 1.0000000180025095e-35 9.5000000000000018
decision_type=2 2 2 2 2 2 2 2 2 2 2 2 2 2 2 2 2 2
left_child=1 7 -3 -2 5 -5 -4 8 -1 10 16 12 13 14 -11 -16 17 -9
right_child=3 2 6 4 -6 -7 -8 9 -10 11 -12 -13 -14 -15 15 -17 -18 -19
leaf_value=-4.2669043054845632 -0.057884045624868964 3.9741395706159337 -1.7210103516682174 10.451937833616634 -1.1381770208154278 -7.2162875620028517 7.7487501509710928 -5.3281200306316725 0.9570309138389651 8.5391759970120855 -1.363223381320525 -2.2828243201567533 -2.860876766128273 0.42287640015792638 -44.33164680379322 8.6012562619841688 2.9816335079623699 1.410706792603805
leaf_weight=26616 122208 24472 5899 152 16620 3444 477 1914 12425 7877 10546 30514 8425 43260 956 167 35052 8776
leaf_count=26616 122208 24472 5899 152 16620 3444 477 1914 12425 7877 10546 30514 8425 43260 956 167 35052 8776
internal_value=4.72329e-06 0.000128891 0.00100801 -0.000184789 -0.00111215 -0.00326982 -0.000626722 -1.64981e-05 -0.000620885 0.000143488 0.000619341 -0.000150209 0.000209465 0.000453947 0.00187806 -0.00504094 0.000951913 -0.000182606
internal_weight=359800 217376 30848 142424 20216 3596 6376 186528 39041 147487 56288 91199 60685 52260 9000 1123 45742 10690
internal_count=359800 217376 30848 142424 20216 3596 6376 186528 39041 147487 56288 91199 60685 52260 9000 1123 45742 10690
is_linear=0
shrinkage=0.0229654


Tree=424
num_leaves=19
num_cat=0
split_feature=7 22 36 21 35 16 8 17 10 5 36 30 35 22 9 32 18 35
split_gain=15.6019 27.02 24.9015 37.8018 53.73 43.9807 40.2178 49.5388 35.7311 60.0399 30.4194 30.1439 37.724 27.5538 58.6077 38.1309 35.5513 27.4271
threshold=-0.94490267940017747 0.88997395833333348 29484.500000000004 7.3270833333333352 29259.500000000004 1.0000000180025095e-35 -0.70710678118654757 71.312500000000014 0.25000000000000017 1.0000000180025095e-35 33390.500000000007 1596.1875000000002 41270.500000000007 14.673914930555558 -0.93301270189221908 1.0000000180025095e-35 0.33812500000000006 38847.500000000007
decision_type=2 2 2 2 2 2 2 2 2 2 2 2 2 2 2 2 2 2
left_child=1 -1 -2 4 5 -4 7 10 9 -7 17 -12 -13 14 -5 16 -16 -6
right_child=2 -3 3 13 6 8 -8 -9 -10 -11 11 12 -14 -15 15 -17 -18 -19
leaf_value=22.799602273714328 0.12677009717326013 0.93670355004745964 -0.48336354354986971 9.6002264918113234 -7.9929303655151305 13.494985023355301 -2.6523624432540593 6.5763701802906755 31.511339601330363 -35.864139602810866 -6.6492582728250911 16.396073025447162 -20.995525368905163 -8.7892678865281759 -4.5189146579414103 3.1690915621672597 1.1214408793242421 -33.796154849575366
leaf_weight=346 246664 37134 1969 542 1788 1140 19018 9911 1321 345 1933 1103 154 877 25140 3970 6117 328
leaf_count=346 246664 37134 1969 542 1788 1140 19018 9911 1321 345 1933 1103 154 877 25140 3970 6117 328
internal_value=5.04243e-06 0.000448524 -4.65265e-05 -0.000411007 8.65397e-05 0.00236868 -0.000231767 0.000648199 0.00421496 0.00177073 -0.00114264 0.000273569 0.00304196 -0.000940651 -0.000842046 -0.000957354 -0.00122663 -0.00327767
internal_weight=359800 37480 322320 75656 39010 4775 34235 15217 2806 1485 5306 3190 1257 36646 35769 35227 31257 2116
internal_count=359800 37480 322320 75656 39010 4775 34235 15217 2806 1485 5306 3190 1257 36646 35769 35227 31257 2116
is_linear=0
shrinkage=0.0229654


Tree=425
num_leaves=19
num_cat=0
split_feature=36 24 27 15 4 3 28 28 14 3 25 0 28 15 27 25 24 32
split_gain=15.0123 34.8937 38.4375 37.0314 35.5766 44.2921 34.3777 33.6141 40.8018 27.8754 25.3252 25.1824 24.6665 24.541 24.3966 23.3508 41.4016 47.1082
threshold=21250.500000000004 0.8000000000000006 -1.7587239583333323 26.818750000000005 4.5000000000000009 1.0000000180025095e-35 -0.22334119496855417 -1.6524080086580082 75.437500000000014 5.5000000000000009 20.800260416666671 17.500000000000004 -7.4592064950980372 12.956250000000004 -4.3800595238095221 10.860156250000001 -2.7624999999999984 0.037499999999998763
decision_type=2 2 2 2 2 2 2 2 2 2 2 2 2 2 2 2 2 2
left_child=1 2 4 10 5 -1 -3 8 -6 12 -4 -11 -10 -12 -14 -2 -17 -18
right_child=15 6 3 -5 7 -7 -8 -9 9 11 13 -13 14 -15 -16 16 17 -19
leaf_value=-10.944021483225763 0.24960600702039276 -4.020458184766035 3.6425954707660595 -16.594377974254719 2.3229657903840573 4.5581105309490155 0.0043002040560061678 0.36981732107167831 14.958203057043072 -12.016970821664282 0.60786027169683354 11.676995754174687 -4.0789578930375212 -28.868875483227566 -0.20914079436934435 -5.1117387606409803 -2.8150135287407942 0.092470459897732019
leaf_weight=484 163493 5229 22450 271 1822 3835 22750 18381 103 1196 1646 142 2125 477 2057 7309 23687 82343
leaf_count=484 163493 5229 22450 271 1822 3835 22750 18381 103 1196 1646 142 2125 477 2057 7309 23687 82343
internal_value=6.38283e-06 0.000277352 0.000613299 0.00128212 6.20893e-05 0.00199133 -0.000382907 -0.000260546 -0.00156239 -0.00253016 0.00137523 -0.00542382 -0.0016266 -0.00102225 -0.00190006 -7.48281e-05 -0.000328153 -0.000212911
internal_weight=359800 82968 54989 24844 30145 4319 27979 25826 7445 5623 24573 1338 4285 2123 4182 276832 113339 106030
internal_count=359800 82968 54989 24844 30145 4319 27979 25826 7445 5623 24573 1338 4285 2123 4182 276832 113339 106030
is_linear=0
shrinkage=0.0229654


Tree=426
num_leaves=19
num_cat=0
split_feature=17 16 16 15 35 26 8 21 22 14 23 15 14 15 11 15 21 16
split_gain=14.9522 40.2299 23.1901 21.3209 20.8524 27.077 20.8567 17.616 21.0138 20.5409 15.9381 16.547 14.876 19.6637 17.9576 76.9698 31.3983 23.0825
threshold=99.812500000000014 9.9375000000000018 306.06250000000006 24.131250000000005 37664.500000000007 2.4003906250000004 0.55438071450436011 1.2218750000000003 4.1880642361111118 88.812500000000014 1.8750000000000016 19.856250000000006 95.562500000000014 5.356250000000002 1.0000000180025095e-35 11.943750000000003 10.525651041666668 179.93750000000003
decision_type=2 2 2 2 2 2 2 2 2 2 2 2 2 2 2 2 2 2
left_child=12 3 4 7 6 -6 10 -2 -9 -10 -3 -12 13 -1 15 16 -15 -17
right_child=1 2 -4 -5 5 -7 -8 8 9 -11 11 -13 -14 14 -16 17 -18 -19
leaf_value=1.352549152942873 18.011137020227519 6.5447515840102684 -10.218153085112315 -12.200418587216728 17.922511344011912 -5.8139732753399933 -4.7717363527250045 -5.4322426323275854 -0.97987142816098272 3.5552239949850057 12.739402583390774 32.790181473644459 -2.5210133200346578 3.528907110436553 0.021046466058516421 -2.3684041162669867 -0.45123157088130045 -10.251900143715883
leaf_weight=14423 176 3676 579 750 135 896 209 2155 6792 4450 1371 472 4086 8394 280667 13515 11843 5211
leaf_count=14423 176 3676 579 750 135 896 209 2155 6792 4450 1371 472 4086 8394 280667 13515 11843 5211
internal_value=4.02118e-06 0.000588952 0.00197168 -0.000119453 0.00234955 -0.000657109 0.00289072 8.88296e-05 -5.99977e-06 0.000392222 0.0031604 0.00490336 -3.34492e-05 -1.66026e-05 -5.40312e-05 -0.000516034 0.000465845 -0.00157714
internal_weight=359800 21661 7338 14323 6759 1031 5728 13573 13397 11242 5519 1843 338139 334053 319630 38963 20237 18726
internal_count=359800 21661 7338 14323 6759 1031 5728 13573 13397 11242 5519 1843 338139 334053 319630 38963 20237 18726
is_linear=0
shrinkage=0.0229654


Tree=427
num_leaves=19
num_cat=0
split_feature=17 8 14 24 27 16 14 26 8 36 26 4 5 26 4 30 30 27
split_gain=14.785 33.2509 53.8237 30.8567 31.8414 29.4214 42.0092 43.657 48.0702 37.2251 37.8203 28.7298 28.0969 27.3056 33.5992 28.2004 30.2301 27.5202
threshold=63.312500000000007 -0.82968937203783677 71.562500000000014 3.2750000000000012 2.0226190476190484 43.312500000000007 68.062500000000014 18.246484375000005 0.13052619222005152 31796.500000000004 4.285286458333335 7.5000000000000009 1.0000000180025095e-35 8.9501302083333361 3.5000000000000004 1017.3437500000001 681.2750000000002 -0.29058779761904713
decision_type=2 2 2 2 2 2 2 2 2 2 2 2 2 2 2 2 2 2
left_child=5 2 -2 4 -3 6 -1 8 12 13 -11 -9 -8 14 -7 16 -16 -15
right_child=1 3 -4 -5 -6 9 7 11 -10 10 -12 -13 -14 17 15 -17 -18 -19
leaf_value=2.3201652374427826 -1.7313237397114165 -0.15147188595745395 5.1257419363081116 -2.5027752110307961 1.8408693360344321 -1.3436651702901536 3.2915449410691902 3.0734880166278393 -1.0349627097269247 1.7293980097331638 -9.7613932518721249 -1.2860524825371145 -1.5528088055270695 -3.1020215928025303 10.832332995018259 11.928999268083475 -4.162979568164471 -0.48232626514110932
leaf_weight=11131 14104 128562 28088 14315 28636 5012 9592 4805 44280 2754 6651 1371 3783 13682 648 2046 1666 38674
leaf_count=11131 14104 128562 28088 14315 28636 5012 9592 4805 44280 2754 6651 1371 3783 13682 648 2046 1666 38674
internal_value=3.95735e-06 0.000125678 0.000703245 -1.64026e-05 7.65523e-05 -0.000174094 0.000143377 -8.36499e-05 -0.000280221 -0.000508653 -0.00185457 0.00175141 0.000926343 -0.000303586 0.000838046 0.00231234 0.000575624 -0.000507945
internal_weight=359800 213705 42192 171513 157198 146095 74962 63831 57655 71133 9405 6176 13375 61728 9372 4360 2314 52356
internal_count=359800 213705 42192 171513 157198 146095 74962 63831 57655 71133 9405 6176 13375 61728 9372 4360 2314 52356
is_linear=0
shrinkage=0.0229654


Tree=428
num_leaves=19
num_cat=0
split_feature=7 35 22 24 35 6 37 1 35 26 9 16 17 35 19 1 27 10
split_gain=15.3921 28.3462 29.1912 18.6671 44.5267 36.4465 33.0757 27.1803 27.0754 37.6634 65.4188 72.476 26.849 28.9202 27.8574 26.7593 24.0482 23.8872
threshold=-0.89495246814786256 20761.500000000004 0.88997395833333348 0.062499999999999341 37846.000000000007 1.0000000180025095e-35 38216.250375972268 3.5000000000000004 17955.000000000004 17.496744791666671 0.68301270189221941 120.93750000000001 50.562500000000007 19705.500000000004 7.2000000000000011 10.500000000000002 5.0116071428571427 0.6830127018922193
decision_type=2 2 2 2 2 2 2 2 2 2 2 2 2 2 2 2 2 2
left_child=1 -1 -3 5 8 12 -6 -7 9 10 11 -5 14 -14 -2 17 -11 -9
right_child=3 2 -4 4 6 7 -8 15 -10 16 -12 -13 13 -15 -16 -17 -18 -19
leaf_value=10.562735382737285 -1.3237089233741708 19.36628988439497 0.50928543774183166 -1.7496940075197729 -12.844407488885485 2.658361619702148 -1.3973609493784982 -6.7052410270910112 -0.20272114992197865 -8.7123998903812581 -21.04366737447355 14.711524945572304 2.5906654615828955 0.53153910087514034 0.87693399747677536 -2.9829981100319962 1.6264378043669896 -19.661447666722076
leaf_weight=2064 29259 486 49922 2670 2163 710 1950 722 132273 2418 860 1255 13565 96141 20324 1753 644 621
leaf_count=2064 29259 486 49922 2670 2163 710 1950 722 132273 2418 860 1255 13565 96141 20324 1753 644 621
internal_value=2.80844e-06 0.00036633 0.00025832 -5.92578e-05 -0.000249584 0.000109057 -0.00260476 -0.0021119 -0.000180452 -0.00149113 -0.000218375 0.00103856 0.000162124 0.00036257 -0.000281376 -0.00304128 -0.00348006 -0.00548058
internal_weight=359800 52472 50408 307328 144233 163095 4113 3806 140120 7847 4785 3925 159289 109706 49583 3096 3062 1343
internal_count=359800 52472 50408 307328 144233 163095 4113 3806 140120 7847 4785 3925 159289 109706 49583 3096 3062 1343
is_linear=0
shrinkage=0.0229654


Tree=429
num_leaves=19
num_cat=0
split_feature=7 1 3 9 0 17 14 8 28 24 11 28 11 9 7 8 11 14
split_gain=14.9856 25.2356 31.7039 30.4114 28.7401 23.2735 30.7576 47.8431 41.5541 30.1306 33.6794 30.1407 29.0898 27.2448 28.8175 25.819 42.3505 33.3357
threshold=0.89495246814786289 4.5000000000000009 4.5000000000000009 -0.93301270189221908 14.500000000000002 62.937500000000007 76.687500000000014 -0.70710678118654757 -1.016553528190937 3.6500000000000004 36.000000000000007 -1.0000000180025095e-35 84.000000000000014 -0.93301270189221908 -0.94490267940017747 -0.5 84.000000000000014 76.187500000000014
decision_type=2 2 2 2 2 2 2 2 2 2 2 2 2 2 2 2 2 2
left_child=5 -2 3 -3 -5 15 -7 8 12 11 -11 -9 -8 -13 -15 16 -1 -17
right_child=1 2 -4 4 -6 6 7 9 -10 10 -12 13 -14 14 -16 17 -18 -19
leaf_value=-4.2432700026103554 -1.6810720133348063 4.6336785409212027 -1.7802397369274594 1.1086992692655053 -2.9316524870403016 -0.40920063835256765 13.761509239117037 -0.50012735710937195 2.4673030946173893 -8.500402921348666 -0.92595395729489638 4.48122638225282 5.1563927746290172 5.6586943579393107 0.68182827904596943 0.82124120181954885 0.18345790815531937 -0.79452536069015067
leaf_weight=21091 14976 1720 10696 20064 5016 70603 4521 30559 20476 1455 5034 2244 4135 4848 38712 45280 23464 34906
leaf_count=21091 14976 1720 10696 20064 5016 70603 4521 30559 20476 1455 5034 2244 4135 4848 38712 45280 23464 34906
internal_value=2.42547e-06 -0.000356263 -3.79735e-05 0.000383899 0.000181306 6.36666e-05 0.000228853 0.000465526 0.00126605 0.000184051 -0.00131833 0.000311717 0.00260006 0.00068439 0.000557264 -0.000178121 -0.000621362 6.81636e-05
internal_weight=359800 52472 37496 26800 25080 307328 182587 111984 29132 82852 6489 76363 8656 45804 43560 124741 44555 80186
internal_count=359800 52472 37496 26800 25080 307328 182587 111984 29132 82852 6489 76363 8656 45804 43560 124741 44555 80186
is_linear=0
shrinkage=0.0229654


Tree=430
num_leaves=19
num_cat=0
split_feature=36 7 3 35 16 23 35 16 3 25 29 26 10 24 17 30 24 23
split_gain=15.57 22.7484 29.1907 26.067 24.8286 38.1479 71.9232 43.7634 42.1334 50.8359 39.5505 38.1479 53.6487 33.2439 31.4729 28.7908 28.6008 58.7943
threshold=19397.500000000004 0.82968937203783699 1.0000000180025095e-35 17704.500000000004 179.93750000000003 -0.79999999999999838 29804.500000000004 7.5625000000000009 1.0000000180025095e-35 8.0242187500000028 431.99375000000003 18.246484375000005 -0.68301270189221952 -2.174999999999998 96.937500000000014 1928.5375000000001 -0.99999999999999956 -2.5999999999999979
decision_type=2 2 2 2 2 2 2 2 2 2 2 2 2 2 2 2 2 2
left_child=-1 4 -3 -4 5 11 7 8 -7 -10 14 16 -13 -6 -9 -8 17 -2
right_child=1 2 3 -5 13 6 15 10 9 -11 -12 12 -14 -15 -16 -17 -18 -19
leaf_value=0.74089477937803316 -1.3363741061079226 2.2093245087682098 -13.896379357109858 -1.2040731375836093 -5.2284363029795218 -5.954609129959394 -0.36889816039678447 3.1055532012585649 5.9261967702172198 -0.83095176927362102 21.47284232539803 2.8698379529842306 -3.5323353357819594 -0.42769570347815816 10.60023361020445 7.4915638935609588 -1.0328748219827004 2.1392974214193128
leaf_weight=40280 15113 6936 392 42456 10421 3187 51651 14053 6892 7188 1674 7214 1487 72520 3822 2991 53025 18498
leaf_count=40280 15113 6936 392 42456 10421 3187 51651 14053 6892 7188 1674 7214 1487 72520 3822 2991 53025 18498
internal_value=3.25524e-06 -5.03842e-05 -0.000501434 -0.000725173 3.28642e-05 0.000179683 0.000514762 0.00129935 0.000456861 0.000996581 0.0020435 -0.000141762 0.00130782 -0.000297794 0.00172738 -1.38695e-05 -0.000287346 0.000236753
internal_weight=359800 319520 49784 42848 269736 186795 91458 36816 17267 14080 19549 95337 8701 82941 17875 54642 86636 33611
internal_count=359800 319520 49784 42848 269736 186795 91458 36816 17267 14080 19549 95337 8701 82941 17875 54642 86636 33611
is_linear=0
shrinkage=0.0229654


Tree=431
num_leaves=19
num_cat=0
split_feature=36 37 37 37 1 35 35 37 36 37 37 35 35 35 5 29 24 36
split_gain=15.0921 87.309 50.3159 36.9712 58.3876 35.1139 34.84 34.5558 58.8728 41.5287 35.5302 51.6407 37.8319 34.065 33.092 32.1656 33.7973 32.0833
threshold=25563.500000000004 29908.181515470071 25357.176074945422 25946.294400098846 5.5000000000000009 27194.500000000004 26490.500000000004 28899.443628317462 30043.500000000004 34724.425522802536 32338.954424611878 32660.500000000004 31136.500000000004 25960.500000000004 1.0000000180025095e-35 353.18125000000009 -0.37500000000000128 21534.500000000004
decision_type=2 2 2 2 2 2 2 2 2 2 2 2 2 2 2 2 2 2
left_child=1 3 -2 5 14 -1 -4 -8 9 -9 12 -12 15 -6 17 16 -10 -5
right_child=2 -3 6 4 13 -7 7 8 10 -11 11 -13 -14 -15 -16 -17 -18 -19
leaf_value=0.16757393969903026 -3.4110606352136137 28.474564166543463 1.8364018054496514 12.261977172838369 13.092036929558919 -4.8113650669185528 -1.86454333380237 2.3367126701810541 1.8316363801837616 19.175465791745808 6.2651688080345078 -0.55955890363908412 -6.114423388666264 3.3586293546616197 5.1837761782332032 5.1774021546782745 -7.4639415496008583 -8.5711735611814639
leaf_weight=173016 18873 694 21786 125 2352 5409 31909 16199 3173 1127 8328 50487 8949 7409 465 3617 3864 2018
leaf_count=173016 18873 694 21786 125 2352 5409 31909 16199 3173 1127 8328 50487 8949 7409 465 3617 3864 2018
internal_value=2.55313e-06 0.000141999 -0.000156094 0.000112423 0.00132661 2.82522e-05 -1.49836e-05 -0.000159846 5.82866e-05 0.00126982 -0.000209394 7.28224e-05 -0.00105613 0.0021422 -0.00172593 -0.00013149 -0.00103617 -0.00293096
internal_weight=359800 191488 168312 190794 12369 178425 149439 127653 95744 17326 78418 58815 19603 9761 2608 10654 7037 2143
internal_count=359800 191488 168312 190794 12369 178425 149439 127653 95744 17326 78418 58815 19603 9761 2608 10654 7037 2143
is_linear=0
shrinkage=0.0229654


Tree=432
num_leaves=19
num_cat=0
split_feature=7 3 23 30 37 3 4 0 36 3 37 37 3 7 36 3 7 14
split_gain=15.0128 53.8005 43.9335 43.3751 38.4446 36.778 35.5044 58.8385 33.4007 55.0751 46.5046 37.4609 36.3968 38.8425 32.8135 32.5241 36.045 31.6176
threshold=0.25881904510252096 5.5000000000000009 1.0000000180025095e-35 1656.5437500000003 36029.311559945709 1.0000000180025095e-35 1.5000000000000002 36.500000000000007 27231.500000000004 1.0000000180025095e-35 28407.181565572457 30520.511841956639 4.5000000000000009 0.75023006073889154 27994.500000000004 3.5000000000000004 0.94490267940017769 59.437500000000007
decision_type=2 2 2 2 2 2 2 2 2 2 2 2 2 2 2 2 2 2
left_child=1 17 3 -3 8 -6 7 -4 11 10 -10 -2 15 -14 -7 16 -11 -1
right_child=4 2 6 -5 5 14 -8 -9 9 12 -12 -13 13 -15 -16 -17 -18 -19
leaf_value=-1.6118725573292414 -0.16867442421820011 0.79324499670849047 25.880723994824304 -9.1237404944817797 32.893782708216555 56.546114172090014 5.3340679691468189 -8.6011835688442275 -8.579858924806171 -5.9470386251727936 8.7212372971598704 15.424346914303394 -6.9831649891719412 -19.856217843449471 2.1686636312832879 2.1918143785239614 4.2509068639946275 0.32366553222790617
leaf_weight=38564 117284 12580 852 1090 597 171 14930 316 988 12356 3514 519 3297 768 4100 4551 1791 141532
leaf_count=38564 117284 12580 852 1090 597 171 14930 316 988 12356 3514 519 3297 768 4100 4551 1791 141532
internal_value=3.19141e-06 0.00012858 0.00103301 7.55994e-05 -0.000172314 0.00183516 0.00184602 0.00570203 -0.000239678 -0.000964017 0.00135691 -7.20331e-05 -0.00142304 -0.00339255 0.00108885 -0.000994865 -0.00153812 -2.09129e-05
internal_weight=359800 209864 29768 13670 149936 4868 16098 1168 145068 27265 4502 117803 22763 4065 4271 18698 14147 180096
internal_count=359800 209864 29768 13670 149936 4868 16098 1168 145068 27265 4502 117803 22763 4065 4271 18698 14147 180096
is_linear=0
shrinkage=0.0229654


Tree=433
num_leaves=19
num_cat=0
split_feature=36 14 1 4 3 34 34 28 8 35 3 36 28 3 36 21 26 16
split_gain=14.8283 24.7625 23.2121 22.1996 33.346 43.8742 55.4553 47.8176 24.5177 51.3386 37.8441 48.4882 34.2957 28.7067 26.8149 25.337 42.5507 24.5687
threshold=19594.500000000004 38.312500000000007 15.500000000000002 4.5000000000000009 5.5000000000000009 1.0000000180025095e-35 0.42708333333333343 -2.0038298565840931 -0.94490267940017736 23008.500000000004 3.5000000000000004 17557.000000000004 1.0000000180025095e-35 2.5000000000000004 16871.000000000004 12.286848958333335 14.487109375000001 1.0000000180025095e-35
decision_type=2 2 2 2 2 2 2 2 2 2 2 2 2 2 2 2 2 2
left_child=1 -1 3 -3 8 7 -7 -6 -5 10 11 12 -10 -13 -12 -16 -17 -11
right_child=-2 2 -4 4 5 6 -8 -9 9 17 14 13 -14 -15 15 16 -18 -19
leaf_value=-14.324898327850878 -0.11498225495331427 3.8729046250752335 8.8053368283878886 15.008722904972762 -13.757714975538086 2.5142754061289767 -6.3805349777087024 -2.1772198579351594 -0.083162538031873373 5.8425199890580215 13.480915729321879 1.3197358596640782 -6.8986134532837307 -2.5346511754762178 -3.3248400416390189 7.2834486429268681 1.0288836374883314 -11.590716224793947
leaf_weight=673 315296 5313 1368 2176 1250 4857 1479 4032 909 82 1310 8974 1129 2227 994 1840 4686 1205
leaf_count=673 315296 5313 1368 2176 1250 4857 1479 4032 909 82 1310 8974 1129 2227 994 1840 4686 1205
internal_value=3.89352e-06 0.000396311 0.000463437 0.000368578 0.00017 -0.000849985 0.000438576 -0.00239567 0.00063413 0.000416909 0.000676922 -9.9744e-05 -0.00335804 0.000493097 0.00184139 0.00131318 0.00183343 -0.0040417
internal_weight=359800 44504 43831 42463 37150 11618 6336 5282 25532 23356 22069 13239 2038 11201 8830 7520 6526 1287
internal_count=359800 44504 43831 42463 37150 11618 6336 5282 25532 23356 22069 13239 2038 11201 8830 7520 6526 1287
is_linear=0
shrinkage=0.0229654


Tree=434
num_leaves=19
num_cat=0
split_feature=1 9 26 3 18 6 8 9 3 1 10 21 22 9 37 35 21 28
split_gain=14.883 26.5588 23.6573 17.6792 15.6826 16.1494 33.3061 27.1274 34.9985 19.0762 27.5553 22.7818 33.9157 29.6516 28.7305 20.634 19.0216 18.6285
threshold=22.500000000000004 -0.6830127018922193 15.21861979166667 5.5000000000000009 1.0312500000000002 1.0000000180025095e-35 1.0000000180025095e-35 0.93301270189221952 1.5000000000000002 9.5000000000000018 0.6830127018922193 12.535807291666668 8.8005642361111125 0.68301270189221941 25946.294400098846 32660.500000000004 9.5011718750000025 -1.4228312841530046
decision_type=2 2 2 2 2 2 2 2 2 2 2 2 2 2 2 2 2 2
left_child=4 -2 -3 -4 5 -1 9 8 -8 10 -7 12 13 15 17 -11 -10 -14
right_child=1 2 3 -5 -6 6 7 -9 16 11 -12 -13 14 -15 -16 -17 -18 -19
leaf_value=0.097287691625389708 -4.0114242805338343 -1.4061563902044183 1.3506953825969903 10.048233201022152 3.6973097823615539 -5.9529533665511929 2.8039792505169836 24.656190775269184 -2.0948629022882952 5.1421264614373072 -29.002963722735839 -14.478028604432241 3.7255680470471777 -23.6003180568411 -6.6947165258352612 -32.499491912133301 -11.61267773264581 26.299087317209597
leaf_weight=333977 2944 9584 2132 332 3206 896 2094 175 1044 512 438 587 383 438 274 148 331 305
leaf_count=333977 2944 9584 2132 332 3206 896 2094 175 1044 512 438 587 383 438 274 148 331 305
internal_value=3.70204e-06 -0.000704648 -0.000226833 0.00178019 3.45006e-05 1.94963e-05 -0.00102554 0.0005609 0.000115853 -0.00247768 -0.00471703 -0.00134912 -0.000211817 -0.00297003 0.00293633 0.000104388 -0.0027308 0.00544093
internal_weight=359800 14992 12048 2464 344808 341602 7625 3644 3469 3981 1334 2647 2060 1098 962 660 1375 688
internal_count=359800 14992 12048 2464 344808 341602 7625 3644 3469 3981 1334 2647 2060 1098 962 660 1375 688
is_linear=0
shrinkage=0.0229654


Tree=435
num_leaves=19
num_cat=0
split_feature=28 30 25 32 3 35 21 32 16 30 1 1 3 35 3 1 35 37
split_gain=14.5375 17.0712 32.6821 34.9856 31.5178 25.6813 21.3543 24.904 22.3149 22.198 21.4341 27.2438 53.5227 124.837 69.0583 60.7564 49.6418 67.5978
threshold=9.4997336800573908 17.943750000000009 15.861197916666669 484.33125000000007 4.5000000000000009 29804.500000000004 18.527994791666671 642.80000000000007 12.562500000000002 83.043750000000031 22.500000000000004 5.5000000000000009 1.0000000180025095e-35 22775.500000000004 5.5000000000000009 1.5000000000000002 26218.500000000004 21915.138123433535
decision_type=2 2 2 2 2 2 2 2 2 2 2 2 2 2 2 2 2 2
left_child=1 2 5 4 -4 -1 7 10 -8 -10 11 12 13 -3 15 -14 17 -13
right_child=-2 6 3 -5 -6 -7 8 -9 9 -11 -12 16 14 -15 -16 -17 -18 -19
leaf_value=-5.4697060526972248 4.8817814103232759 -0.76416970862664402 -6.0364717835244219 0.37315578886978623 1.3168446789417114 16.38361863925142 2.6592054705227923 -9.4869755697082958 1.7296717491859535 -5.2262134189001674 -1.4957643827868559 -0.82374390459673341 2.3694604863491273 -13.277545506489519 -2.7958491143753035 -0.4131590447448289 -0.24263221828860451 2.6803578179678142
leaf_weight=2741 1321 8810 3089 16364 1316 95 4401 1006 6629 1039 13395 28028 19191 2552 11585 38454 139130 60654
leaf_count=2741 1321 8810 3089 16364 1316 95 4401 1006 6629 1039 13395 28028 19191 2552 11585 38454 139130 60654
internal_value=3.06376e-06 -5.79774e-06 -0.000602714 -0.000286943 -0.00210364 -0.00291521 3.62784e-05 8.18148e-07 0.000984721 0.000236602 1.20965e-05 5.11577e-05 -0.000311745 -0.00177263 -7.19846e-05 0.000253179 0.00017954 0.000604162
internal_weight=359800 358479 23605 20769 4405 2836 334874 322805 12069 7668 321799 308404 80592 11362 69230 57645 227812 88682
internal_count=359800 358479 23605 20769 4405 2836 334874 322805 12069 7668 321799 308404 80592 11362 69230 57645 227812 88682
is_linear=0
shrinkage=0.0229654


Tree=436
num_leaves=19
num_cat=0
split_feature=37 22 32 35 37 14 4 32 32 13 34 18 37 3 21 4 3 13
split_gain=14.4877 22.0668 38.5417 18.5603 35.9878 36.3605 35.8564 48.863 34.8296 36.2441 32.9651 32.7357 32.0357 41.2591 47.0782 36.9319 31.0651 29.9748
threshold=16571.864639373602 16.911675347222225 90.331250000000011 20278.500000000004 20713.858809328627 61.062500000000007 6.5000000000000009 111.36874999999999 18.66875000000001 9.7562500000000032 0.51041666666666674 0.014375000000000002 21568.319413839254 1.5000000000000002 11.145442708333336 2.5000000000000004 2.5000000000000004 11.981250000000003
decision_type=2 2 2 2 2 2 2 2 2 2 2 2 2 2 2 2 2 2
left_child=1 2 -1 6 5 -5 7 12 9 16 -9 -12 13 14 15 -2 -8 -10
right_child=3 -3 -4 4 -6 -7 8 10 17 -11 11 -13 -14 -15 -16 -17 -18 -19
leaf_value=-14.182143111685727 -11.711531958299801 -22.238484536502678 9.2666128521240907 -10.490197542948815 0.026094326981359967 -0.79162623170463575 4.4157870941153776 3.8640806158592755 -2.6646445071643932 10.227050962445478 3.667116775002111 -16.322717924993015 6.3895019438786376 1.1937000208212105 -7.7526976454260375 2.5213893486257493 -2.6571589371316056 -0.18697388109228455
leaf_weight=430 416 565 407 4707 278195 16782 2153 10741 5754 1524 516 390 4133 9423 2516 2198 1904 17046
leaf_count=430 416 565 407 4707 278195 16782 2153 10741 5754 1524 516 390 4133 9423 2516 2198 1904 17046
internal_value=3.95735e-06 -0.00232603 4.11566e-05 1.30719e-05 -6.00796e-05 -0.000965575 0.000386447 0.000935409 -0.000200273 0.00142582 0.00210291 -0.0021039 0.000207704 -0.000299041 -0.00195631 0.000202067 0.000291525 -0.000598309
internal_weight=359800 1402 837 358398 299684 21489 58714 30333 28381 5581 11647 906 18686 14553 5130 2614 4057 22800
internal_count=359800 1402 837 358398 299684 21489 58714 30333 28381 5581 11647 906 18686 14553 5130 2614 4057 22800
is_linear=0
shrinkage=0.0229654


Tree=437
num_leaves=19
num_cat=0
split_feature=36 37 37 26 4 19 30 37 36 37 36 21 4 1 10 22 32 30
split_gain=15.3013 45.5847 44.7911 33.5538 30.9587 30.8396 30.6256 31.4186 29.5042 27.4276 32.3484 44.6192 35.8305 35.7809 33.446 36.6459 69.4232 45.254
threshold=21250.500000000004 19091.612530663104 25132.462338645339 4.958463541666668 4.5000000000000009 13.643750000000002 546.86875000000009 21002.429534868792 15401.000000000002 23737.101329373709 24453.500000000004 5.8803385416666671 4.5000000000000009 21.500000000000004 -0.9330127018922193 16.346354166666675 1.0000000180025095e-35 447.11875000000003
decision_type=2 2 2 2 2 2 2 2 2 2 2 2 2 2 2 2 2 2
left_child=2 -2 3 5 -5 -1 7 -6 -9 -3 11 -11 -13 14 -12 16 -16 -18
right_child=1 9 -4 4 6 -7 -8 8 -10 10 13 12 -14 -15 15 -17 17 -19
leaf_value=-9.3022493369453922 -16.68680992094027 -1.019244207203388 12.03055692865423 2.9243773568872871 0.048836909100131068 2.1325038141158608 -2.1201735366077088 -15.799120550290908 3.3505311821338908 -1.5227624772813384 -2.8136749630359965 8.0141580526657332 1.7981048777206594 -2.2770088349790454 -0.051581268943719463 -2.2608006510112437 1.2710296492958184 6.1362098650852381
leaf_weight=1036 1524 64112 1022 11901 47681 678 9280 120 11250 6861 6996 4903 16944 14155 122158 11790 18324 9065
leaf_count=1036 1524 64112 1022 11901 47681 678 9280 120 11250 6861 6996 4903 16944 14155 122158 11790 18324 9065
internal_value=4.34032e-06 -7.76486e-05 0.000277906 0.000218315 0.000286238 -0.00296112 9.79704e-05 0.000290709 0.0013755 -5.57227e-05 7.05721e-05 0.000787166 0.00129454 -4.21585e-05 5.10925e-05 0.000118502 0.000215684 0.00126067
internal_weight=359800 276832 82968 81946 80232 1714 68331 59051 11370 275308 211196 28708 21847 182488 168333 161337 149547 27389
internal_count=359800 276832 82968 81946 80232 1714 68331 59051 11370 275308 211196 28708 21847 182488 168333 161337 149547 27389
is_linear=0
shrinkage=0.0229654


Tree=438
num_leaves=19
num_cat=0
split_feature=36 37 10 37 3 22 31 0 26 0 28 16 15 25 37 36 37 21
split_gain=14.9272 29.2638 23.672 23.584 23.8315 27.111 38.2167 25.6874 26.3615 23.217 21.8938 28.1433 23.0801 20.2331 18.285 44.0028 49.5871 45.8913
threshold=19397.500000000004 18324.567058026765 -0.68301270189221952 22689.98080292749 1.0000000180025095e-35 22.108723958333336 190.04375000000005 10.500000000000002 18.441536458333335 32.500000000000007 7.6875113378684805 37.562500000000007 10.081250000000002 16.331510416666671 24026.812138910074 24944.500000000004 29908.181515470071 5.8803385416666671
decision_type=2 2 2 2 2 2 2 2 2 2 2 2 2 2 2 2 2 2
left_child=3 2 -2 4 7 6 9 -1 13 -6 11 12 -7 -9 -3 16 17 -16
right_child=1 14 -4 -5 5 10 -8 8 -10 -11 -12 -13 -14 -15 15 -17 -18 -19
leaf_value=-2.8096135995291882 -1.9578638491231979 -0.51490049248081227 -13.872109608836888 9.0492968620796024 0.42034316006541389 -3.9626884460100191 6.1083877076360409 1.2847261200458833 -5.8025626260892968 10.686782890497271 11.387989861135205 -19.415255447825238 5.7836450503700396 10.593110019787222 -1.3375272286994853 -0.12629904153722024 33.568437029540952 2.9088684907078814
leaf_weight=3600 1687 110933 873 1519 28252 198 3223 806 396 907 107 616 235 421 8470 171470 450 25637
leaf_count=3600 1687 110933 873 1519 28252 198 3223 806 396 907 107 616 235 421 8470 171470 450 25637
internal_value=4.14884e-06 -4.83717e-05 -0.0024939 0.000420766 0.00031076 0.000535481 0.00065885 -0.00113222 0.00126642 0.000396553 -0.00292034 -0.00392973 0.000556898 0.00292917 -2.86198e-05 9.93737e-05 0.000846989 0.000747064
internal_weight=359800 319520 2560 40280 38761 33538 32382 5223 1623 29159 1156 1049 433 1227 316960 206027 34557 34107
internal_count=359800 319520 2560 40280 38761 33538 32382 5223 1623 29159 1156 1049 433 1227 316960 206027 34557 34107
is_linear=0
shrinkage=0.0229654


Tree=439
num_leaves=19
num_cat=0
split_feature=36 37 37 15 26 37 3 12 37 3 10 26 21 26 10 24 32 34
split_gain=15.0174 46.7313 44.3976 31.5786 26.7986 44.6866 33.8726 41.7897 32.5995 35.2858 51.2898 30.5165 35.2689 36.3493 30.0267 45.0485 44.2891 30.982
threshold=22616.000000000004 21508.732551923084 26868.08036656753 27.356250000000006 6.5186197916666684 22689.98080292749 2.5000000000000004 5.6312500000000023 20233.521183156357 1.0000000180025095e-35 0.93301270189221952 12.853515625000002 14.399218750000003 14.343489583333335 -0.9330127018922193 -2.575000000000002 62.018750000000004 0.47569444444444448
decision_type=2 2 2 2 2 2 2 2 2 2 2 2 2 2 2 2 2 2
left_child=2 -2 3 4 8 11 7 -7 -1 10 -10 -6 13 -13 15 -14 -17 -18
right_child=1 -3 -4 -5 5 6 -8 -9 9 -11 -12 12 14 -15 -16 16 17 -19
leaf_value=-10.592566475077303 -4.2332085419823899 -0.093190193968731613 16.615187801746035 -11.428220341595356 1.4164674609941452 -11.17333884198562 5.766707081229189 1.8088842661293378 -11.899891294484126 0.0051590915154038474 7.0136503052805867 -0.45601098995836792 -6.2413710673416629 -4.3835048369015714 -0.29826728601894559 -10.325276905129835 5.5191265021072011 -2.3427828657351779
leaf_weight=463 7869 234563 878 798 31238 406 7997 6769 955 5875 234 9129 1544 5274 36477 500 7417 1414
leaf_count=463 7869 234563 878 798 31238 406 7997 6769 955 5875 234 9129 1544 5274 36477 500 7417 1414
internal_value=3.95735e-06 -9.92763e-05 0.000217194 0.000178416 0.000209819 0.000302023 0.00145766 0.000312074 -0.00111517 -0.000728235 -0.00433619 0.000113477 -0.000182407 -0.00117753 0.000120278 0.00117942 0.00178067 0.00215715
internal_weight=359800 242432 117368 116490 115692 108165 15172 7175 7527 7064 1189 92993 61755 14403 47352 10875 9331 8831
internal_count=359800 242432 117368 116490 115692 108165 15172 7175 7527 7064 1189 92993 61755 14403 47352 10875 9331 8831
is_linear=0
shrinkage=0.0229654


Tree=440
num_leaves=19
num_cat=0
split_feature=34 7 30 14 21 13 0 3 14 27 11 15 14 13 23 8 27 3
split_gain=14.2294 14.1137 22.3193 17.5054 14.6571 15.523 13.0532 17.4715 13.1279 21.692 23.5622 19.452 19.2262 37.182 43.2993 30.7651 28.5375 36.8741
threshold=0.96875000000000011 -0.97868534383143924 2152.9812500000003 59.062500000000007 11.977213541666668 17.306250000000006 47.500000000000007 2.5000000000000004 95.562500000000014 0.44555431547619101 108.00000000000001 5.9687500000000009 86.812500000000014 12.056250000000004 -1.787499999999999 -0.5 5.9033854166666675 1.5000000000000002
decision_type=2 2 2 2 2 2 2 2 2 2 2 2 2 2 2 2 2 2
left_child=1 2 3 4 -1 -6 8 -8 11 -10 -11 -3 -13 14 -14 -15 -16 -18
right_child=-2 6 -4 -5 5 -7 7 -9 9 10 -12 12 13 15 16 -17 17 -19
leaf_value=2.610228242970388 19.821725202893994 1.1389475239098206 29.293366750143871 2.2564077644923297 -6.892850754512585 -0.34332914108732182 -3.857955880146128 -0.035304604882183753 -3.7077237129274438 -4.7049946242538834 7.8902136212201794 -0.34431657550130673 -1.8548469477415839 14.145447139302034 1.0837375643703266 1.3643239778806306 12.933206857364528 -10.666561473926707
leaf_weight=2200 136 22239 175 15291 1898 2915 3216 4285 3250 592 735 229541 13749 1500 48953 7940 313 872
leaf_count=2200 136 22239 175 15291 1898 2915 3216 4285 3250 592 735 229541 13749 1500 48953 7940 313 872
internal_value=2.9361e-06 1.27705e-07 0.000557304 0.000493204 -0.000456819 -0.00116664 -3.70174e-05 -0.000984319 -1.54643e-05 -0.00123683 0.0012374 1.73067e-06 -4.64058e-05 0.000277331 7.8544e-05 0.00162266 0.000391628 -0.00312988
internal_weight=359800 359664 22479 22304 7013 4813 337185 7501 329684 4577 1327 325107 302868 73327 63887 9440 50138 1185
internal_count=359800 359664 22479 22304 7013 4813 337185 7501 329684 4577 1327 325107 302868 73327 63887 9440 50138 1185
is_linear=0
shrinkage=0.0229654


Tree=441
num_leaves=19
num_cat=0
split_feature=35 37 36 30 37 32 31 36 36 37 9 26 24 0 35 35 31 26
split_gain=15.2371 46.902 40.585 41.1345 64.1977 61.6595 49.4795 41.1415 40.7216 50.984 35.5447 42.1369 39.8177 32.8431 31.5998 30.3126 28.1408 36.0317
threshold=21182.500000000004 22145.7007144788 26525.500000000004 245.06875000000005 21341.006800712184 99.443750000000009 17.400000000000009 21368.500000000004 15994.000000000002 17350.890228859495 1.0000000180025095e-35 13.739713541666669 -2.6374999999999984 7.5000000000000009 17834.500000000004 25042.500000000004 86.143750000000026 15.953645833333336
decision_type=2 2 2 2 2 2 2 2 2 2 2 2 2 2 2 2 2 2
left_child=2 15 3 6 5 8 -1 10 -5 -10 14 -12 -13 -7 -8 -2 -14 -18
right_child=1 -3 -4 4 -6 13 7 -9 9 -11 11 12 16 -15 -16 -17 17 -19
leaf_value=-4.0192038220091364 -1.5109359768365209 0.079045163679480099 -7.0955143921398305 15.304911590044661 6.5712230960223037 0.068326152057672146 -3.5488456379855773 -2.6532289066172097 -8.864926928169611 0.13044974133941623 -6.2678779257728694 -4.2761288898592698 7.0601144840791656 6.1603725430741827 0.61142716879949388 -11.242814447341539 -6.7737906071495413 3.6566170780129235
leaf_weight=3192 30731 245700 2456 684 9315 1088 4238 8579 1159 24698 551 1023 2609 2254 14500 1937 381 4705
leaf_count=3192 30731 245700 2456 684 9315 1088 4238 8579 1159 24698 551 1023 2609 2254 14500 1937 381 4705
internal_value=3.44673e-06 -7.73852e-05 0.000279763 0.000370175 0.000898157 0.00037926 -0.000150108 8.91349e-05 9.08544e-06 -0.000137222 0.000515363 0.00167861 0.00206789 0.00331906 -6.00547e-05 -0.000894911 0.00263378 0.0016391
internal_weight=359800 278368 81432 78976 39198 29883 39778 36586 26541 25857 28007 9269 8718 3342 18738 32668 7695 5086
internal_count=359800 278368 81432 78976 39198 29883 39778 36586 26541 25857 28007 9269 8718 3342 18738 32668 7695 5086
is_linear=0
shrinkage=0.0229654


Tree=442
num_leaves=19
num_cat=0
split_feature=35 30 34 21 9 24 27 26 16 30 3 9 22 0 22 27 35 31
split_gain=14.4363 29.7289 69.7704 50.7258 28.3489 43.6952 32.5772 28.9589 27.8962 27.5183 29.3801 32.0345 56.4781 33.3172 28.5964 30.2052 26.93 27.9182
threshold=21182.500000000004 258.41875000000005 0.052083333333333336 14.329817708333335 1.0000000180025095e-35 -2.575000000000002 -2.8359375 15.297265625000003 670.31250000000011 186.86875000000003 1.0000000180025095e-35 -0.5 20.905512152777778 11.500000000000002 17.180859375000004 -2.6668154761904765 16644.500000000004 8.5437500000000082
decision_type=2 2 2 2 2 2 2 2 2 2 2 2 2 2 2 2 2 2
left_child=1 3 8 -1 9 -6 -7 -8 16 10 11 13 -13 14 15 -5 -3 -18
right_child=-2 2 -4 4 5 6 7 -9 -10 -11 -12 12 -14 -15 -16 -17 17 -19
leaf_value=-3.9267727202771496 -0.17317835682554591 -6.2250661280926201 6.0826225755913841 -14.403137547267804 -5.428050702755673 5.1084809898795616 -6.1604609965090074 2.5999392729632289 -10.615238460299658 4.6980137940779745 -0.15934211253273098 -9.8734619379934223 6.4999195702941543 3.5292614909901983 -10.59173218539498 2.7939302706370865 2.3064377909235363 -1.0614879353990976
leaf_weight=3467 278368 1463 2448 171 1656 2355 986 7700 1066 1248 18619 1933 461 1915 493 375 28261 6815
leaf_count=3467 278368 1463 2448 171 1656 2355 986 7700 1066 1248 18619 1933 461 1915 493 375 28261 6815
internal_value=3.19141e-06 0.000272149 0.000718153 -0.000159563 8.35943e-05 0.000968573 0.00149033 0.000840778 0.000473599 -0.000362036 -0.00053516 -0.00203545 -0.00400983 -0.000435363 -0.00374652 -0.000126184 0.000580436 0.000707766
internal_weight=359800 81432 40053 41379 37912 12697 11041 8686 37605 25215 23967 5348 2394 2954 1039 546 36539 35076
internal_count=359800 81432 40053 41379 37912 12697 11041 8686 37605 25215 23967 5348 2394 2954 1039 546 36539 35076
is_linear=0
shrinkage=0.0229654


Tree=443
num_leaves=19
num_cat=0
split_feature=7 3 23 30 37 35 37 35 4 8 14 8 35 3 0 28 4 27
split_gain=14.4676 51.9779 43.01 41.1589 37.4537 54.899 62.7726 46.5516 35.2798 58.943 30.4746 46.1937 38.5179 51.803 44.7471 35.3761 67.8806 64.7324
threshold=0.25881904510252096 5.5000000000000009 1.0000000180025095e-35 1656.5437500000003 36029.311559945709 30043.500000000004 31742.305191497588 35051.500000000007 1.5000000000000002 0.065263096110025676 59.437500000000007 0.065263096110025676 26833.500000000004 3.5000000000000004 46.500000000000007 -2.1595545277507293 11.500000000000002 -0.96320684523809585
decision_type=2 2 2 2 2 2 2 2 2 2 2 2 2 2 2 2 2 2
left_child=1 10 3 -3 5 6 -2 -6 9 -4 11 -1 14 15 -12 16 -14 -18
right_child=4 2 8 -5 7 -7 -8 -9 -10 -11 12 -13 13 -15 -16 -17 17 -19
leaf_value=-4.1191905786819705 -0.25882281453496919 0.78663693711473581 25.689011416681662 -8.8567561764631364 26.574261525234132 -4.6353397350212981 18.480492164065506 2.9912057433587962 5.1691886113110836 -7.4285574398797216 1.9820574935494251 0.988515333549979 5.9309556213345216 -2.5958931756545982 -1.2231621035026323 -0.20997775837276397 -0.88255994907271729 -44.243222217547171
leaf_weight=26139 128172 12580 829 1090 747 14982 1914 4121 14930 339 47591 12425 10406 27521 11034 43494 1061 425
leaf_count=26139 128172 12580 829 1090 747 14982 1914 4121 14930 339 47591 12425 10406 27521 11034 43494 1061 425
internal_value=2.42547e-06 0.000125516 0.0010145 6.71994e-05 -0.000169863 -0.000236354 -8.47393e-05 0.00181157 0.00181892 0.0056627 -2.1423e-05 -0.000593728 0.000134516 -0.000184068 0.000585055 0.00022059 0.00133057 -0.0032609
internal_weight=359800 209864 29768 13670 149936 145068 130086 4868 16098 1168 180096 38564 141532 82907 58625 55386 11892 1486
internal_count=359800 209864 29768 13670 149936 145068 130086 4868 16098 1168 180096 38564 141532 82907 58625 55386 11892 1486
is_linear=0
shrinkage=0.0229654


Tree=444
num_leaves=19
num_cat=0
split_feature=36 37 37 37 8 7 8 36 37 32 8 16 36 37 25 30 10 36
split_gain=14.4157 116.868 49.8377 34.6607 50.9808 29.672 29.1611 30.929 49.936 35.6034 46.394 38.6974 39.3497 31.8749 28.9748 27.7013 27.135 26.5729
threshold=27525.500000000004 31188.192987530074 28060.695964053844 26535.342741169527 -0.5 0.44134171618254497 0.82968937203783688 32394.000000000004 34574.61961582378 165.34375000000003 -0.32075123873380501 14.562500000000002 30729.500000000004 31188.192987530074 3.9151041666666671 2152.9812500000003 -0.9330127018922193 25803.000000000004
decision_type=2 2 2 2 2 2 2 2 2 2 2 2 2 2 2 2 2 2
left_child=1 3 5 -1 17 16 7 8 9 10 11 13 -13 -4 -15 -9 -2 -5
right_child=2 -3 6 4 -6 -7 -8 15 -10 -11 -12 12 -14 14 -16 -17 -18 -19
leaf_value=-0.037160205976933952 -7.1986895125208612 25.907719032115342 -10.409493218611859 13.166351766598062 0.49237073618521537 -7.5169380872043519 -3.8653724697510974 -0.85936843669949836 11.063542679340735 -5.1262845927510128 3.2549791591235726 3.8318846041679158 -4.2148510160448334 -22.533891624985888 4.2411750835745563 9.4944413384813746 -1.3536519418417381 3.5221164257670239
leaf_weight=207214 1217 1136 2395 3000 17750 4821 5450 59601 3257 1495 13809 9629 5611 330 1336 1334 17035 3380
leaf_count=207214 1217 1136 2395 3000 17750 4821 5450 59601 3257 1495 13809 9629 5611 330 1336 1334 17035 3380
internal_value=4.14884e-06 0.000111725 -0.00019228 7.56434e-05 0.000899391 -0.00115807 2.14791e-05 0.000111692 0.000627179 0.000371309 0.000527837 -0.000199301 0.000331522 -0.00219136 0.000248126 -0.000208605 -0.000734813 0.0026601
internal_weight=359800 232480 127320 231344 24130 23073 104247 98797 37862 34605 33110 19301 15240 4061 1666 60935 18252 6380
internal_count=359800 232480 127320 231344 24130 23073 104247 98797 37862 34605 33110 19301 15240 4061 1666 60935 18252 6380
is_linear=0
shrinkage=0.0229654


Tree=445
num_leaves=19
num_cat=0
split_feature=7 22 35 37 37 36 35 37 37 36 37 35 36 35 35 18 22 32
split_gain=14.4388 24.9699 23.6187 50.4043 29.1511 84.097 39.5514 66.6025 45.6567 59.6087 38.5217 36.9664 27.9337 34.861 25.0174 28.0565 23.2705 35.312
threshold=-0.94490267940017747 0.88997395833333348 39170.500000000007 38216.250375972268 35034.858621994994 32093.500000000004 29383.500000000004 29003.814788121697 26800.025061189601 29272.500000000004 30273.138219804448 33092.000000000007 27444.500000000004 20761.500000000004 37664.500000000007 0.83125000000000016 15.895833333333336 1.0000000180025095e-35
decision_type=2 2 2 2 2 2 2 2 2 2 2 2 2 2 2 2 2 2
left_child=1 -1 4 -4 6 -6 7 12 -8 -10 -11 -7 -2 -14 15 -12 17 -15
right_child=2 -3 3 -5 5 11 8 -9 9 10 14 -13 13 16 -16 -17 -18 -19
leaf_value=21.064977926802484 0.087466559490330692 0.89126890175926932 -16.279177922861109 -0.90925022437359226 15.611358606825304 16.86848459754135 -13.557655821353134 4.9468770370550486 2.238892563766623 -7.4562251453624411 -1.918475009175665 -0.10040328195964175 -14.683190497831525 -2.8598555083013175 -16.401913128448079 10.64435252664533 -4.0337369172770616 2.0257210138369368
leaf_weight=346 208934 37134 1330 4518 2079 1981 2572 11431 12810 5791 27990 16360 905 14295 707 704 3602 6311
leaf_count=346 208934 37134 1330 4518 2079 1981 2572 11431 12810 5791 27990 16360 905 14295 707 704 3602 6311
internal_value=3.51055e-06 0.000430142 -4.6099e-05 -0.00149228 -1.93754e-05 0.000819872 -7.72619e-05 4.32219e-05 -0.000662071 -0.000502347 -0.000990608 0.000323677 -4.03776e-05 -0.00076405 -0.000653398 -0.000548244 -0.000598611 -0.000300915
internal_weight=359800 37480 322320 5848 316472 20420 296052 245478 50574 48002 35192 18341 234047 25113 29401 28694 24208 20606
internal_count=359800 37480 322320 5848 316472 20420 296052 245478 50574 48002 35192 18341 234047 25113 29401 28694 24208 20606
is_linear=0
shrinkage=0.0229654


Tree=446
num_leaves=19
num_cat=0
split_feature=7 3 3 30 22 4 22 18 27 27 24 11 15 16 16 24 27 16
split_gain=13.9541 26.5075 71.7591 40.4165 33.9444 26.9717 29.6694 28.9111 19.5287 19.125 17.5706 40.3854 46.5708 40.3124 31.7301 29.6763 31.2682 29.6487
threshold=-0.89495246814786256 5.5000000000000009 3.5000000000000004 2041.9937500000003 17.591102430555559 8.5000000000000018 5.9216579861111116 0.12625000000000006 3.4618489583333329 7.1070126488095244 0.09999999999999977 84.000000000000014 10.031250000000004 5.6875000000000009 265.31250000000006 2.3750000000000031 1.3921875000000032 670.31250000000011
decision_type=2 2 2 2 2 2 2 2 2 2 2 2 2 2 2 2 2 2
left_child=1 2 3 -1 5 7 -7 -3 -6 -10 -2 12 14 15 -12 16 -14 -15
right_child=10 4 -4 -5 8 6 -8 -9 9 -11 11 -13 13 17 -16 -17 -18 -19
leaf_value=1.7155894238356295 0.21875891867817537 8.008299684931913 -2.850580185266363 30.042474538448555 -10.246292500745742 -5.2423737204434273 13.07743696064461 -5.0540244072204583 11.103409704674558 -16.753838068760444 0.82830392161094479 0.3230352504436565 -3.3627076171472612 -0.67618809504909227 -3.5426380849659536 -5.8476613845515653 1.4082767642555802 -11.104704288524166
leaf_weight=29713 165773 3291 15008 303 499 233 1692 1325 277 131 19672 70087 12359 23527 4771 6877 3387 875
leaf_count=29713 165773 3291 15008 303 499 233 1692 1325 277 131 19672 70087 12359 23527 4771 6877 3387 875
internal_value=3.57438e-06 0.000349698 0.000139759 0.000788059 0.0016188 0.00219613 0.00447975 0.00124379 -0.00254468 0.00118204 -5.55215e-05 -0.000243436 -0.000627574 -0.00105023 0.000185561 -0.00174857 -0.00119888 -0.000402803
internal_weight=359800 52472 45024 30016 7448 6541 1925 4616 907 408 307328 141555 71468 47025 24443 22623 15746 24402
internal_count=359800 52472 45024 30016 7448 6541 1925 4616 907 408 307328 141555 71468 47025 24443 22623 15746 24402
is_linear=0
shrinkage=0.0229654


Tree=447
num_leaves=19
num_cat=0
split_feature=28 22 14 28 0 3 28 34 3 28 3 0 3 15 14 24 11 22
split_gain=14.3242 17.3954 15.9792 24.5388 22.7401 18.3527 15.8129 15.8672 28.0431 26.7537 16.8289 13.2425 17.236 13.179 18.3099 22.3415 26.4685 15.182
threshold=9.4997336800573908 18.210156250000001 44.187500000000007 -3.9813226744186041 36.500000000000007 1.5000000000000002 4.9477833894500565 0.39236111111111116 5.5000000000000009 -0.75246951219512181 3.5000000000000004 47.500000000000007 2.5000000000000004 5.356250000000002 92.812500000000014 -1.0499999999999978 84.000000000000014 1.0000000180025095e-35
decision_type=2 2 2 2 2 2 2 2 2 2 2 2 2 2 2 2 2 2
left_child=2 -2 3 -1 5 -5 7 8 10 -10 -7 13 -13 14 15 16 -4 -15
right_child=1 -3 11 4 -6 6 -8 -9 9 -11 -12 12 -14 17 -16 -17 -18 -19
leaf_value=10.418030017185067 -9.6240196584588773 6.3464967012470606 9.4961398042812348 -16.719243856715511 1.5453992029988695 -1.645035692527903 2.562880654196416 -16.663146533553185 -42.234934596402461 16.263455331470272 -15.75256707352243 -3.7702170168321305 0.020428645392851504 8.0531328706030401 -1.6720428065284239 0.6863622077099234 1.4095080895565022 -0.011190281487945132
leaf_weight=256 104 1217 1896 1125 1655 841 1022 360 82 272 851 3206 4281 1404 2703 9103 1959 327463
leaf_count=256 104 1217 1896 1125 1655 841 1022 360 82 272 851 3206 4281 1404 2703 9103 1959 327463
internal_value=3.3829e-06 0.00239042 -5.41336e-06 -0.0011369 -0.00142424 -0.00226224 -0.00142696 -0.00244353 -0.00166123 0.00421681 -0.00289104 1.5364e-05 -0.000940149 3.61284e-05 0.000687012 0.00104565 0.002511 5.13264e-06
internal_weight=359800 1321 358479 6464 6208 4553 3428 2406 2046 354 1692 352015 7487 344528 15661 12958 3855 328867
internal_count=359800 1321 358479 6464 6208 4553 3428 2406 2046 354 1692 352015 7487 344528 15661 12958 3855 328867
is_linear=0
shrinkage=0.0229654


Tree=448
num_leaves=19
num_cat=0
split_feature=34 37 34 32 29 22 14 27 10 0 9 25 6 23 24 22 22 4
split_gain=13.5861 13.279 16.9974 15.491 17.8028 16.3664 17.4466 15.5925 14.9066 12.5779 18.9493 16.1649 13.3511 32.341 27.4642 23.4312 23.8724 26.1254
threshold=0.96875000000000011 16946.789151764384 0.39930555555555564 90.331250000000011 56.006250000000001 15.974956597222224 83.187500000000014 -3.9334821428571409 -0.9330127018922193 47.500000000000007 -0.6830127018922193 14.583072916666669 1.0000000180025095e-35 -1.8249999999999986 -0.50000000000000011 8.9224392361111118 17.246137152777781 7.5000000000000009
decision_type=2 2 2 2 2 2 2 2 2 2 2 2 2 2 2 2 2 2
left_child=1 2 3 4 -1 7 8 -5 -7 12 -11 -12 -3 -14 -15 -16 -17 -18
right_child=-2 9 -4 5 -6 6 -8 -9 -10 10 11 -13 13 14 15 16 17 -19
leaf_value=-39.185250361539346 19.348574612480132 0.11730305028759015 -15.262304717834766 -7.3941322163477636 -4.3930313094090261 4.9840292257148455 9.4633438659776949 8.7882527853920482 -13.503178593968157 -4.8780227439764454 -1.5142708027118208 2.6882812056505561 2.2792788743712373 -9.2628443006048951 -6.1198747919266401 5.5042282378286398 2.6577222974434833 -37.328792213031733
leaf_weight=142 136 341626 461 85 709 171 190 513 531 1504 5037 960 1786 2328 1868 1448 157 148
leaf_count=142 136 341626 461 85 709 171 190 513 531 1504 5037 960 1786 2328 1868 1448 157 148
internal_value=3.89352e-06 1.14934e-06 -0.00157365 -0.000779902 -0.00325186 0.000631934 -0.00133879 0.00357154 -0.00300971 1.35143e-05 -0.000916963 -0.000338909 3.34922e-05 -0.000910006 -0.00172366 -0.0004725 0.00143452 -0.00440484
internal_weight=359800 359664 2802 2341 851 1490 892 598 702 356862 7501 5997 349361 7735 5949 3621 1753 305
internal_count=359800 359664 2802 2341 851 1490 892 598 702 356862 7501 5997 349361 7735 5949 3621 1753 305
is_linear=0
shrinkage=0.0229654


Tree=449
num_leaves=19
num_cat=0
split_feature=35 30 21 10 24 22 27 10 27 35 26 29 13 14 31 22 31 23
split_gain=14.1272 28.215 49.3055 43.5916 52.2399 37.0675 33.4239 29.3695 44.5616 35.9392 32.1501 31.4965 28.2643 28.8599 28.2286 26.0368 30.2492 25.781
threshold=21182.500000000004 258.41875000000005 14.329817708333335 -0.9330127018922193 -2.575000000000002 14.384895833333335 -2.9698660714285712 -0.9330127018922193 -4.5551339285714274 16644.500000000004 15.002213541666668 67.406250000000014 25.293750000000006 89.437500000000014 35.868749999999999 11.680338541666666 10.087500000000002 -2.1374999999999975
decision_type=2 2 2 2 2 2 2 2 2 2 2 2 2 2 2 2 2 2
left_child=1 2 -1 4 -4 7 -6 8 -3 14 15 -12 13 -5 -9 -10 -17 -7
right_child=-2 5 3 12 6 17 -8 9 10 -11 11 -13 -14 -15 -16 16 -18 -19
leaf_value=-3.8225028680374229 -0.16898722731498683 -10.640757276752158 -6.9576240953998987 -1.2375553567485436 6.6445236980786442 1.1240561035838503 3.2062694740091389 -10.551349706157225 -8.3426436164306619 2.1052888563622671 10.30373267569135 -11.566179831974383 9.7050750494603921 1.3623128192915142 7.050906080495106 4.4567249591945863 -3.1006381079524283 17.052287583550715
leaf_weight=3467 278368 437 1179 24467 1557 762 5779 1183 742 31469 170 530 642 4288 226 2423 1309 802
leaf_count=3467 278368 437 1179 24467 1557 762 5779 1183 742 31469 170 530 642 4288 226 2423 1309 802
internal_value=3.8297e-06 0.000269893 -0.000150683 8.90461e-05 0.00153597 0.000704392 0.0022571 0.000563559 -0.00097207 0.000825632 -0.000377283 -0.00495397 -0.000330064 -0.000436467 -0.00276269 0.000338783 0.00111996 0.00417019
internal_weight=359800 81432 41379 37912 8515 40053 7336 38489 5611 32878 5174 700 29397 28755 1409 4474 3732 1564
internal_count=359800 81432 41379 37912 8515 40053 7336 38489 5611 32878 5174 700 29397 28755 1409 4474 3732 1564
is_linear=0
shrinkage=0.0229654


end of trees

feature_importances:
mean_pred=1511
demand_lag_48=939
demand_lag_336=685
day_of_week=607
settlement_period=372
wind_speed_10m=289
period_sin=266
period_cos=238
shortwave_radiation=235
temp_mean_fwd_24h=207
temp_mean_fwd_12h=170
relative_humidity_2m=168
hdd_sum_72h=164
month_cos=163
apparent_temperature=157
hour=143
month=134
lead_hours=134
temp_delta_24h=133
month_sin=127
is_holiday=119
temp_anom_seasonal=118
hdd_sum_24h=117
temp_delta_6h=115
temp_mean_24h=105
cdd_sum_72h=105
temp_mean_72h=96
temp_anom_7d=84
cloud_cover=64
cdd_sum_24h=64
cold_frac_72h=60
is_weekend=53
hot_frac_72h=50
precipitation=43
temperature_2m=31
hdd=29
cdd=5

parameters:
[boosting: gbdt]
[objective: quantile]
[metric: quantile]
[tree_learner: serial]
[device_type: cpu]
[data_sample_strategy: bagging]
[data: ]
[valid: ]
[num_iterations: 450]
[learning_rate: 0.0229654]
[num_leaves: 19]
[num_threads: 0]
[seed: 0]
[deterministic: 0]
[force_col_wise: 0]
[force_row_wise: 0]
[histogram_pool_size: -1]
[max_depth: -1]
[min_data_in_leaf: 61]
[min_sum_hessian_in_leaf: 0.001]
[bagging_fraction: 0.781673]
[pos_bagging_fraction: 1]
[neg_bagging_fraction: 1]
[bagging_freq: 0]
[bagging_seed: 3]
[bagging_by_query: 0]
[feature_fraction: 0.638545]
[feature_fraction_bynode: 1]
[feature_fraction_seed: 2]
[extra_trees: 0]
[extra_seed: 6]
[early_stopping_round: 0]
[early_stopping_min_delta: 0]
[first_metric_only: 0]
[max_delta_step: 0]
[lambda_l1: 0]
[lambda_l2: 0]
[linear_lambda: 0]
[min_gain_to_split: 0]
[drop_rate: 0.1]
[max_drop: 50]
[skip_drop: 0.5]
[xgboost_dart_mode: 0]
[uniform_drop: 0]
[drop_seed: 4]
[top_rate: 0.2]
[other_rate: 0.1]
[min_data_per_group: 100]
[max_cat_threshold: 32]
[cat_l2: 10]
[cat_smooth: 10]
[max_cat_to_onehot: 4]
[top_k: 20]
[monotone_constraints: ]
[monotone_constraints_method: basic]
[monotone_penalty: 0]
[feature_contri: ]
[forcedsplits_filename: ]
[refit_decay_rate: 0.9]
[cegb_tradeoff: 1]
[cegb_penalty_split: 0]
[cegb_penalty_feature_lazy: ]
[cegb_penalty_feature_coupled: ]
[path_smooth: 0]
[interaction_constraints: ]
[verbosity: -1]
[saved_feature_importance_type: 0]
[use_quantized_grad: 0]
[num_grad_quant_bins: 4]
[quant_train_renew_leaf: 0]
[stochastic_rounding: 1]
[linear_tree: 0]
[max_bin: 255]
[max_bin_by_feature: ]
[min_data_in_bin: 3]
[bin_construct_sample_cnt: 200000]
[data_random_seed: 1]
[is_enable_sparse: 1]
[enable_bundle: 1]
[use_missing: 1]
[zero_as_missing: 0]
[feature_pre_filter: 1]
[pre_partition: 0]
[two_round: 0]
[header: 0]
[label_column: ]
[weight_column: ]
[group_column: ]
[ignore_column: ]
[categorical_feature: ]
[forcedbins_filename: ]
[precise_float_parser: 0]
[parser_config_file: ]
[objective_seed: 5]
[num_class: 1]
[is_unbalance: 0]
[scale_pos_weight: 1]
[sigmoid: 1]
[boost_from_average: 1]
[reg_sqrt: 0]
[alpha: 0.5]
[fair_c: 1]
[poisson_max_delta_step: 0.7]
[tweedie_variance_power: 1.5]
[lambdarank_truncation_level: 30]
[lambdarank_norm: 1]
[label_gain: ]
[lambdarank_position_bias_regularization: 0]
[eval_at: ]
[multi_error_top_k: 1]
[auc_mu_weights: ]
[num_machines: 1]
[local_listen_port: 12400]
[time_out: 120]
[machine_list_filename: ]
[machines: ]
[gpu_platform_id: -1]
[gpu_device_id: -1]
[gpu_device_id_list: ]
[gpu_use_dp: 0]
[num_gpu: 1]

end of parameters

pandas_categorical:[]
