tree
version=v4
num_class=1
num_tree_per_iteration=1
label_index=0
max_feature_idx=37
objective=quantile
feature_names=settlement_period hour minute day_of_week month is_weekend is_holiday period_sin period_cos month_sin month_cos lead_hours temperature_2m apparent_temperature relative_humidity_2m wind_speed_10m shortwave_radiation cloud_cover precipitation hdd cdd temp_mean_24h temp_mean_72h temp_delta_6h temp_delta_24h temp_mean_fwd_12h temp_mean_fwd_24h temp_anom_7d temp_anom_seasonal hdd_sum_24h hdd_sum_72h cdd_sum_24h cdd_sum_72h cold_frac_72h hot_frac_72h demand_lag_48 demand_lag_336 mean_pred
feature_infos=[1:50] [0:23] [0:30] [0:6] [1:12] [0:1] [0:1] [-1:1] [-1:1] [-1:1] [-1:1] [0:168] [-6:31.600000000000001] [-9.5250000000000004:33.700000000000003] [19.75:103.25] [0.875:43.625] [-0.5:963.75] [0:100] [0:4.5750000000000002] [0:21.5] [0:16.100000000000001] [-3.1416666666666662:26.550000000000001] [-2.2100694444444446:25.909635416666667] [-14.387500000000003:14.449999999999999] [-10.637500000000001:12.85] [-4.8390624999999998:29.322916666666668] [-3.1416666666666662:26.550000000000001] [-10.398921130952381:13.579203869047621] [-13.456818181818182:13.476149425287357] [0:894.80000000000007] [0:2550.25] [0:530.40000000000009] [0:1498.9875000000002] [0:1] [0:1] [12621:47319] [12621:47319] [14483.622681704732:45349.555196046764]
tree_sizes=1729 1842 1868 1855 1897 1838 1854 1824 1844 1847 1833 1870 1871 1864 1857 1843 1844 1860 1844 1849 1853 1860 1850 1861 1868 1869 1869 1862 1851 1863 1854 1854 1877 1858 1881 1824 1865 1852 1869 1857 1848 1889 1861 1859 1871 1878 1864 1855 1864 1870 1857 1868 1870 1874 1864 1878 1878 1862 1860 1868 1856 1879 1858 1846 1865 1855 1870 1853 1866 1857 1864 1864 1875 1865 1873 1868 1865 1878 1878 1878 1864 1891 1878 1885 1892 1864 1889 1888 1881 1878 1884 1869 1898 1869 1865 1902 1891 1898 1875 1891 1873 1912 1897 1894 1896 1890 1884 1885 1892 1879 1889 1886 1899 1905 1887 1889 1926 1893 1874 1906 1915 1899 1881 1899 1874 1908 1888 1910 1900 1878 1882 1863 1882 1916 1890 1875 1885 1908 1912 1895 1909 1902 1928 1905 1892 1918 1907 1909 1894 1890 1886 1925 1893 1884 1903 1912 1906 1920 1926 1884 1902 1908 1900 1901 1884 1917 1905 1908 1915 1913 1921 1918 1910 1886 1915 1908 1918 1911 1913 1922 1896 1916 1910 1919 1929 1919 1891 1909 1905 1923 1932 1920 1926 1890 1943 1926 1932 1934 1938 1913 1938 1882 1930 1926 1909 1933 1917 1912 1937 1909 1902 1920 1928 1906 1949 1939 1925 1911 1933 1929 1936 1947 1929 1927 1926 1933 1926 1929 1904 1913 1939 1922 1923 1921 1924 1926 1938 1896 1909 1894 1904 1933 1906 1927 1908 1916 1925 1901 1910 1917 1921 1916 1923 1882 1889 1929 1915 1913 1903 1886 1938 1897 1890 1892 1880 1880 1944 1921 1912 1918 1915 1904 1912 1942 1907 1918 1906 1908 1948 1906 1907 1879 1896 1903 1919 1909 1946 1908 1903 1901 1910 1892 1932 1907 1918 1918 1896 1933 1915 1913 1909 1920 1893 1905 1876 1907 1921 1932 1899 1899 1929 1943 1889 1919 1917 1915 1897 1897 1898 1932 1915 1889 1888 1878 1920 1936 1899 1878 1895 1882 1911 1916 1913 1871 1901 1919 1943 1848 1892 1893 1897 1880 1882 1917 1936 1894 1911 1916 1894 1900 1903 1927 1917 1880 1909 1899 1920 1899 1906 1900 1852 1925 1894 1893 1906 1911 1923 1896 1918 1915 1910 1862 1898 1939 1883 1884 1878 1897 1884 1874 1909 1885 1903 1897 1900 1863 1896 1887 1901 1893 1888 1925 1862 1879 1925 1875 1925 1871 1866 1914 1844 1892 1885 1894 1871 1879 1901 1910 1874 1878 1916 1886 1832 1863 1877 1859 1832 1873 1875 1912 1874 1903 1876 1893 1896 1858 1915 1879 1839 1863 1839 1896 1880 1873 1870 1924 1889 1820 1816 1910 1875 1907 1851 1895 1886 1872 1907 1846 1838 1901

Tree=0
num_leaves=19
num_cat=0
split_feature=37 37 37 37 37 37 37 8 8 8 36 8 8 25 17 33 9 3
split_gain=23535.2 839.528 698.427 109.713 77.5056 65.3348 38.3052 32.8103 24.3907 20.9535 20.5799 20.5077 17.4438 33.0307 21.061 16.2724 15.9739 17.2082
threshold=35034.858621994994 36373.894888711664 33793.841047580718 37762.658545106264 35846.50295650318 34421.048494538794 32338.954424611878 -0.55438071450436044 -0.70710678118654757 -0.44134171618254459 34381.500000000007 -0.55438071450436044 -0.5 10.113802083333336 91.812500000000014 0.64236111111111127 0.68301270189221941 4.5000000000000009
decision_type=2 2 2 2 2 2 2 2 2 2 2 2 2 2 2 2 2 2
left_child=2 4 6 7 8 9 -1 -3 10 -4 16 -8 13 14 -7 -6 17 -2
right_child=1 3 5 -5 15 12 11 -9 -10 -11 -12 -13 -14 -15 -16 -17 -18 -19
leaf_value=35293.545999284361 35485.656211221365 35515.46074577549 35450.69829259273 35587.9855071766 35481.563788933352 35460.070470124454 35425.321515725023 35496.835799133216 35459.700718783257 35426.653509442964 35478.968701891026 35403.711065921838 35441.39730197606 35424.219176096376 35466.383666891961 35477.935262294559 35465.115964031174 35456.779531474618
leaf_weight=297489 722 4480 2886 17156 3461 1528 5617 5354 4296 2737 1662 7162 2769 327 995 806 230 123
leaf_count=297489 722 4480 2886 17156 3461 1528 5617 5354 4296 2737 1662 7162 2769 327 995 806 230 123
internal_value=35425 35425 35425 35425 35425 35425 35425 35425 35425 35425 35425 35425 35425 35425 35425 35425 35425 35425
internal_weight=359800 38290 321510 26990 11300 11242 310268 9834 7033 5623 2737 12779 5619 2850 2523 4267 1075 845
internal_count=359800 38290 321510 26990 11300 11242 310268 9834 7033 5623 2737 12779 5619 2850 2523 4267 1075 845
is_linear=0
shrinkage=1


Tree=1
num_leaves=19
num_cat=0
split_feature=37 37 37 37 37 37 37 8 8 16 9 27 8 8 13 17 37 37
split_gain=23181.1 870.785 673.995 164.856 56.1898 45.2417 41.0084 27.3518 19.6526 19.2012 18.7644 23.4263 18.6809 16.5407 21.2533 22.2727 15.4357 14.954
threshold=35034.858621994994 36939.885737871497 33943.756258948641 35846.50295650318 33138.221006374057 34574.61961582378 37983.0710143713 -0.70710678118654757 -0.89495246814786256 79.062500000000014 0.68301270189221941 -0.2328311011904762 -0.44134171618254459 -0.55438071450436044 7.356250000000002 76.812500000000014 36373.894888711664 35349.906436027122
decision_type=2 2 2 2 2 2 2 2 2 2 2 2 2 2 2 2 2 2
left_child=2 3 4 7 -1 13 9 10 -5 -3 -2 -12 -6 14 15 -4 -10 -9
right_child=1 6 5 8 12 -7 -8 17 16 -11 11 -13 -14 -15 -16 -17 -18 -19
leaf_value=-116.79164350617167 54.612461209542637 85.455735851549306 20.752160824442399 66.383622292719181 11.035212379806064 27.274094741838795 161.33233056725388 25.957785206489994 52.05881315312795 96.418866779214412 47.466837097027053 47.489802505957108 -12.027238790090115 5.6174009855146005 -2.8407818733416552 33.311363595158156 62.194098322641914 38.097289403015942
leaf_weight=304581 1941 5110 989 1750 3574 4244 15715 1792 3385 1974 288 508 3489 3051 422 1160 3323 2504
leaf_count=304581 1941 5110 989 1750 3574 4244 15715 1792 3385 1974 288 508 3489 3051 422 1160 3323 2504
internal_value=-1.90852e-05 0.0168723 -0.00203075 0.0126708 -0.00221784 0.00387893 0.019727 0.0100727 0.0148311 0.0182764 0.011867 0.00889765 -0.000192815 0.00252775 0.00388474 0.00481002 0.0153965 0.00892957
internal_weight=359800 38290 321510 15491 311644 9866 22799 7033 8458 7084 2737 796 7063 5622 2571 2149 6708 4296
internal_count=359800 38290 321510 15491 311644 9866 22799 7033 8458 7084 2737 796 7063 5622 2571 2149 6708 4296
is_linear=0
shrinkage=0.0229654


Tree=2
num_leaves=19
num_cat=0
split_feature=36 21 36 36 21 36 21 27 12 7 26 8 3 7 7 21 7 7
split_gain=13391.9 1475.89 776.996 594.301 566.521 554.872 306.653 233.929 170.685 151.18 139.771 192.039 160.045 122.102 120.002 110.966 106.134 101.666
threshold=33568.000000000007 7.055338541666667 37846.000000000007 31379.500000000004 3.9632812500000001 36853.500000000007 3.9632812500000001 0.058649553571426878 10.181250000000002 -0.82968937203783699 2.4003906250000004 -0.32075123873380501 3.5000000000000004 -0.82968937203783699 -0.89495246814786256 5.8803385416666671 -0.55438071450436044 -0.89495246814786256
decision_type=2 2 2 2 2 2 2 2 2 2 2 2 2 2 2 2 2 2
left_child=3 5 7 10 -5 6 -2 -3 17 -7 11 12 -1 -8 -9 -6 -13 -4
right_child=1 2 8 4 15 9 13 14 -10 -11 -12 16 -14 -15 -16 -17 -18 -19
leaf_value=161.17311930566098 125.61348757364109 70.62277950428772 139.82907570134529 122.39833032343336 35.103209090784247 157.53538291316585 81.497541072623378 35.818738657125166 53.908481856252997 91.417993676788868 -136.79929967633379 131.69932094010574 6.9841118500202715 58.83507674350416 -3.9404315752991117 -8.0858402058197019 -82.375899143107858 82.127628274699092
leaf_weight=852 5034 5189 2523 3343 3346 8429 2823 3780 1891 6857 280944 405 780 5949 6611 14207 4243 2594
leaf_count=852 5034 5189 2523 3343 3346 8429 2823 3780 1891 6857 280944 405 780 5949 6611 14207 4243 2594
internal_value=-3.29359e-05 0.0107855 0.00638106 -0.00184747 0.00189188 0.0142052 0.0108679 0.00352441 0.0127319 0.0172194 -0.00211952 0.00126895 0.00804634 0.00827509 0.00153582 0.000241651 -0.00111072 0.0149107
internal_weight=359800 51680 22588 308120 20896 29092 13806 15580 7008 15286 287224 6280 1632 8772 10391 17553 4648 5117
internal_count=359800 51680 22588 308120 20896 29092 13806 15580 7008 15286 287224 6280 1632 8772 10391 17553 4648 5117
is_linear=0
shrinkage=0.0229654


Tree=3
num_leaves=19
num_cat=0
split_feature=35 36 35 3 3 35 3 26 35 3 36 12 24 3 21 35 4 36
split_gain=16042.7 1435.17 1001.29 358.667 324.469 322.424 276.47 237.371 204.485 183.12 232.644 127.522 115.083 113.857 108.706 99.7253 111.571 78.158
threshold=35225.000000000007 33568.000000000007 37664.500000000007 4.5000000000000009 1.0000000180025095e-35 32525.000000000004 5.5000000000000009 9.3894531250000011 33403.500000000007 4.5000000000000009 32819.500000000007 8.4312500000000021 3.2750000000000012 1.0000000180025095e-35 7.2509114583333343 33403.500000000007 1.5000000000000002 33088.500000000007
decision_type=2 2 2 2 2 2 2 2 2 2 2 2 2 2 2 2 2 2
left_child=1 15 3 7 5 14 -5 13 -6 12 -11 -10 -4 -2 -3 -1 -17 -8
right_child=2 4 9 6 8 -7 17 -9 11 10 -12 -13 -14 -15 -16 16 -18 -19
leaf_value=-123.73659116013773 118.64267338029939 54.00780715468354 153.08404200040181 6.1483931074301488 -5.2003634858329875 88.3769603023039 41.213897270448861 38.746120998565736 49.921272971012513 20.613102793122863 106.24590301688836 10.637676888646178 132.81547815891153 67.866154235947292 23.487978046870673 66.580778420638126 -7.5331164129358719 78.69688611079745
leaf_weight=293456 1424 1733 14552 3072 8296 2536 456 2373 3966 840 2472 2986 1544 9675 2595 1248 5424 1152
leaf_count=293456 1424 1733 14552 3072 8296 2536 456 2373 3966 840 2472 2986 1544 9675 2595 1248 5424 1152
internal_value=-6.51692e-05 -0.00172077 0.0141388 0.0102616 0.00392568 0.00807202 0.00478446 0.0121642 0.00205917 0.0177651 0.0128473 0.00496439 0.018777 0.0135738 0.00426197 -0.00213677 0.000639534 0.0124996
internal_weight=359800 322240 37560 18152 22112 6864 4680 13472 15248 19408 3312 6952 16096 11099 4328 300128 6672 1608
internal_count=359800 322240 37560 18152 22112 6864 4680 13472 15248 19408 3312 6952 16096 11099 4328 300128 6672 1608
is_linear=0
shrinkage=0.0229654


Tree=4
num_leaves=19
num_cat=0
split_feature=21 7 16 4 7 9 5 4 7 0 16 0 5 5 14 4 7 5
split_gain=4371.72 3554.4 1789.9 1373.1 745.927 705.043 697.655 441.494 1061.83 340.555 324.651 277.489 291.05 247.797 239.586 225.581 464.322 212.892
threshold=6.2350260416666679 -0.7502300607388912 1.0000000180025095e-35 1.5000000000000002 -0.7502300607388912 0.93301270189221952 1.0000000180025095e-35 10.500000000000002 -0.89495246814786256 15.500000000000002 150.81250000000003 42.500000000000007 1.0000000180025095e-35 1.0000000180025095e-35 77.187500000000014 2.5000000000000004 -0.82968937203783699 1.0000000180025095e-35
decision_type=2 2 2 2 2 2 2 2 2 2 2 2 2 2 2 2 2 2
left_child=1 10 -3 4 -2 6 14 15 13 -6 17 12 -11 -9 -4 16 -5 -1
right_child=3 2 5 7 9 -7 -8 8 -10 11 -12 -13 -14 -15 -16 -17 -18 -19
leaf_value=151.20389947874401 140.84154898177584 -26.48747948104436 82.713734251265322 72.630820419186961 -139.45561368953312 -49.229748996420817 20.656365284158547 85.675570426371181 -17.896296235703112 87.731861886425037 49.799240913404617 -44.519308943639786 -25.951352781746849 19.819598234282147 108.02142295035041 -124.63829140013313 -22.61814819276092 87.149656768386507
leaf_weight=10385 3003 33662 4003 2765 4105 3217 4309 2906 25539 3442 1230 1658 942 1433 7827 233437 11819 4118
leaf_count=10385 3003 33662 4003 2765 4105 3217 4309 2906 25539 3442 1230 1658 942 1433 7827 233437 11819 4118
internal_value=-8.67432e-05 0.00512176 0.00227722 -0.00131709 0.00593433 0.00784189 0.00979875 -0.00166022 0.000977094 0.00295877 0.0147075 0.00642667 0.00945332 0.0114806 0.0126805 -0.00197792 0.000793018 0.0156682
internal_weight=359800 68751 53018 291049 13150 19356 16139 277899 29878 10147 15733 6042 4384 4339 11830 248021 14584 14503
internal_count=359800 68751 53018 291049 13150 19356 16139 277899 29878 10147 15733 6042 4384 4339 11830 248021 14584 14503
is_linear=0
shrinkage=0.0229654


Tree=5
num_leaves=19
num_cat=0
split_feature=37 37 37 37 37 37 35 37 35 35 16 35 1 1 35 1 35 9
split_gain=21451.6 1091.66 616.486 146.874 68.3209 53.2845 49.2747 43.4667 40.2193 32.7432 26.7933 21.1808 19.0633 22.0044 17.9688 17.8781 16.3067 15.911
threshold=35034.858621994994 36939.885737871497 33793.841047580718 35846.50295650318 37983.0710143713 34421.048494538794 37073.500000000007 32338.954424611878 39170.500000000007 36288.500000000007 85.812500000000014 32660.500000000004 15.500000000000002 8.5000000000000018 29383.500000000004 19.500000000000004 32660.500000000004 0.68301270189221941
decision_type=2 2 2 2 2 2 2 2 2 2 2 2 2 2 2 2 2 2
left_child=2 3 7 6 10 11 12 -1 -5 15 -3 -4 13 16 -9 -7 -2 -15
right_child=1 4 5 8 -6 9 -8 14 -10 -11 -12 -13 -14 17 -16 -17 -18 -19
leaf_value=-118.97414218031902 61.300485377176003 77.903142214664015 28.032205388555784 54.827258717470094 147.7314400953957 28.528368617910324 20.536839049146682 19.353579001116273 36.596530739298899 11.133997887548478 88.575650849249755 5.1749039853605234 29.157926926357305 50.015971669270407 -13.285407742368877 11.946847894910364 36.790964145242206 45.605177022839733
leaf_weight=297489 99 5236 1447 8124 15715 3744 1234 1333 334 1216 1848 4176 2503 1838 11446 659 595 764
leaf_count=297489 99 5236 1447 8124 15715 3744 1234 1333 334 1216 1848 4176 2503 1838 11446 659 595 764
internal_value=-9.40834e-05 0.016155 -0.00202925 0.0114507 0.0193513 0.00325381 0.0089984 -0.00222067 0.0134898 0.00483545 0.0174789 0.00167329 0.00988514 0.0110326 -0.000909164 0.00575674 0.00739923 0.0120017
internal_weight=359800 38290 321510 15491 22799 11242 7033 310268 8458 5619 7084 5623 5799 3296 12779 4403 694 2602
internal_count=359800 38290 321510 15491 22799 11242 7033 310268 8458 5619 7084 5623 5799 3296 12779 4403 694 2602
is_linear=0
shrinkage=0.0229654


Tree=6
num_leaves=19
num_cat=0
split_feature=35 35 35 3 3 26 3 7 3 3 26 24 3 26 3 35 35 3
split_gain=15068 1062.76 1035.85 699.321 362.224 200.957 199.507 234.796 141.178 159.023 129.558 118.228 88.6439 74.4001 69.6334 63.9305 62.8227 57.3455
threshold=35225.000000000007 32374.500000000004 37664.500000000007 1.0000000180025095e-35 3.5000000000000004 9.3894531250000011 4.5000000000000009 -0.60876142900872077 5.5000000000000009 4.5000000000000009 5.6782552083333346 3.9250000000000025 1.0000000180025095e-35 9.6251302083333368 2.5000000000000004 38847.500000000007 36136.000000000007 1.0000000180025095e-35
decision_type=2 2 2 2 2 2 2 2 2 2 2 2 2 2 2 2 2 2
left_child=1 17 4 -3 5 12 11 13 9 -6 14 -4 -2 -8 -5 -13 -14 -1
right_child=2 3 6 10 8 -7 7 -9 -10 -11 -12 15 16 -15 -16 -17 -18 -19
leaf_value=-50.239267088066754 109.28334669524386 86.413046449065632 142.29817622482958 43.137879029234483 39.621894585359684 38.440277961603947 104.16652184318508 23.779187421237364 65.254605963011528 4.265826472690879 2.2978610063288047 56.755849632955979 46.786213001333685 7.0922923190279406 27.146944245306024 146.43701378427954 73.76355220271968 -122.53783785727389
leaf_weight=45976 1424 3024 15061 2335 2496 2100 2202 960 1608 3072 15419 456 2703 150 4414 579 4749 251072
leaf_count=45976 1424 3024 15061 2335 2496 2100 2202 960 1608 3072 15419 456 2703 150 4414 579 4749 251072
internal_value=-0.00011853 -0.00172305 0.0136472 0.00280577 0.00970362 0.0123267 0.0173355 0.0122025 0.00569143 0.00396038 0.00139255 0.0183917 0.0138382 0.016109 0.00404625 0.0108836 0.012835 -0.00210713
internal_weight=359800 322240 37560 25192 18152 10976 19408 3312 7176 5568 22168 16096 8876 2352 6749 1035 7452 297048
internal_count=359800 322240 37560 25192 18152 10976 19408 3312 7176 5568 22168 16096 8876 2352 6749 1035 7452 297048
is_linear=0
shrinkage=0.0229654


Tree=7
num_leaves=19
num_cat=0
split_feature=37 37 37 37 37 37 35 8 35 35 16 37 8 35 8 17 30 16
split_gain=20319.5 1182.43 572.546 130.359 98.8939 61.077 55.2672 45.9218 39.8165 37.9801 33.555 29.6132 28.1231 28.594 20.8816 33.3233 20.3041 21.334
threshold=35034.858621994994 36939.885737871497 33943.756258948641 35846.50295650318 37983.0710143713 32034.330985655582 37073.500000000007 -0.75023006073889131 39170.500000000007 32660.500000000004 85.812500000000014 34574.61961582378 -0.55438071450436044 31006.500000000004 -0.5 75.562500000000014 1782.0125000000003 47.937500000000007
decision_type=2 2 2 2 2 2 2 2 2 2 2 2 2 2 2 2 2 2
left_child=2 3 5 6 10 -1 7 -2 -5 14 -3 -11 13 -7 15 -4 -15 -18
right_child=1 4 9 8 -6 12 -8 -9 -10 11 -12 -13 -14 16 -16 -17 17 -19
leaf_value=-118.35935853065541 49.510773143825723 74.262519877566874 23.099683332222416 52.469412356394109 141.07258506024178 32.505126233045672 19.092282505321506 32.397078627916898 32.515711580006553 9.2947035241769544 84.066817777129572 21.0218552756657 -17.300761948435014 -11.330369494032277 12.646813131471141 40.350632353640634 -15.48780034172114 22.981120495766902
leaf_weight=294656 2024 5236 541 8124 15715 2072 1234 3775 334 4272 1848 3467 9438 4985 801 785 236 257
leaf_count=294656 2024 5236 541 8124 15715 2072 1234 3775 334 4272 1848 3467 9438 4985 801 785 236 257
internal_value=-0.000145338 0.0156691 -0.00202875 0.0107732 0.0189957 -0.00220119 0.00846288 0.009402 0.0126942 0.00341804 0.016743 0.00267104 -0.000862217 0.000182506 0.00613599 0.00790453 -0.000686699 0.00375925
internal_weight=359800 38290 321510 15491 22799 311644 7033 5799 8458 9866 7084 7739 16988 7550 2127 1326 5478 493
internal_count=359800 38290 321510 15491 22799 311644 7033 5799 8458 9866 7084 7739 16988 7550 2127 1326 5478 493
is_linear=0
shrinkage=0.0229654


Tree=8
num_leaves=19
num_cat=0
split_feature=35 35 35 3 3 3 0 26 3 3 24 12 3 3 10 26 16 16
split_gain=14286.5 1038 973.036 607.839 340.225 217.858 209.902 199.108 145.51 134.569 125.707 120.423 120.523 90.3274 73.3331 70.7552 65.0104 63.9823
threshold=35225.000000000007 37664.500000000007 32374.500000000004 1.0000000180025095e-35 3.5000000000000004 4.5000000000000009 23.500000000000004 9.2769531250000021 5.5000000000000009 4.5000000000000009 4.1500000000000039 8.9562500000000025 2.5000000000000004 1.0000000180025095e-35 0.25000000000000017 6.7871093750000009 23.187500000000004 121.06250000000001
decision_type=2 2 2 2 2 2 2 2 2 2 2 2 2 2 2 2 2 2
left_child=2 4 -1 -4 7 10 -7 13 9 -6 17 12 14 -2 -5 -8 -16 -3
right_child=1 5 3 11 8 6 15 -9 -10 -11 -12 -13 -14 -15 16 -17 -18 -19
leaf_value=-106.21518637741137 103.53382034441421 137.71796841086308 82.87324872324379 -2.8924431427208837 37.364499650733713 8.4349528281710437 100.61452225867173 36.645946275829623 62.050538115336735 4.179556590440578 112.1810851842102 -9.5355511244028239 9.5389241005512755 63.235215131087529 30.7152526216444 65.012652351723744 52.994563220033768 106.74513120818155
leaf_weight=297048 1416 13482 3024 806 2496 688 1932 2197 1608 3072 889 8755 8914 7363 2052 692 1641 1725
leaf_count=297048 1416 13482 3024 806 2496 688 1932 2197 1608 3072 889 8755 8914 7363 2052 692 1641 1725
internal_value=-0.000167677 0.0132363 -0.00173003 0.00260339 0.00928864 0.0169285 0.0115645 0.0118309 0.0054002 0.00364279 0.0180322 0.00128585 0.00265336 0.0133782 0.00571762 0.0145249 0.00708737 0.0185229
internal_weight=359800 37560 322240 25192 18152 19408 3312 10976 7176 5568 16096 22168 13413 8779 4499 2624 3693 15207
internal_count=359800 37560 322240 25192 18152 19408 3312 10976 7176 5568 16096 22168 13413 8779 4499 2624 3693 15207
is_linear=0
shrinkage=0.0229654


Tree=9
num_leaves=19
num_cat=0
split_feature=37 37 37 37 37 37 37 35 35 35 35 8 8 37 8 35 23 4
split_gain=19337.4 1063.05 752.517 133.155 83.163 64.9874 50.8941 44.4529 42.7887 40.9247 37.9919 37.6826 35.3622 27.4653 23.5203 30.8135 19.5662 18.8953
threshold=35190.496756701024 36939.885737871497 33793.841047580718 38473.853897399989 35846.50295650318 34574.61961582378 31884.863887757954 37073.500000000007 32660.500000000004 39170.500000000007 36682.500000000007 -0.75023006073889131 -0.75023006073889131 37558.007549116825 -0.55438071450436044 30749.500000000004 0.79999999999999927 1.5000000000000002
decision_type=2 2 2 2 2 2 2 2 2 2 2 2 2 2 2 2 2 2
left_child=2 4 6 13 7 8 -1 12 -4 -6 11 17 -2 16 15 -8 -3 -7
right_child=1 3 5 -5 9 10 14 -9 -10 -11 -12 -13 -14 -15 -16 -17 -18 -19
leaf_value=-115.56312867048216 48.420313037304766 70.334917260205927 30.180817702548683 139.5971536849548 50.059598137877749 40.90107155091323 31.172251830295501 18.57655662767581 7.0410221409560307 29.27182468961951 8.2366560547954855 18.867748855748395 32.162240136926783 78.209009779025621 -18.474738329385396 -10.823012722915863 62.43963927096236 39.45119822355926
leaf_weight=293210 1628 2937 1739 12842 8124 328 1938 997 5259 334 1066 3141 2949 5730 9487 5633 1290 1168
leaf_count=293210 1628 2937 1739 12842 8124 328 1938 997 5259 334 1066 3141 2949 5730 9487 5633 1290 1168
internal_value=-0.000182486 0.0155833 -0.0019804 0.0186442 0.01061 0.0034986 -0.00220469 0.00843219 0.00201563 0.0120453 0.00531833 0.00621705 0.00938937 0.016651 -0.000985232 -3.06373e-05 0.0152467 0.00921687
internal_weight=359800 36831 322969 22799 14032 12701 310268 5574 6998 8458 5703 4637 4577 9957 17058 7571 4227 1496
internal_count=359800 36831 322969 22799 14032 12701 310268 5574 6998 8458 5703 4637 4577 9957 17058 7571 4227 1496
is_linear=0
shrinkage=0.0229654


Tree=10
num_leaves=19
num_cat=0
split_feature=37 37 37 37 37 37 37 8 27 8 8 8 24 25 14 29 9 26
split_gain=18927.7 1111.26 719.857 140.081 79.2266 66.9754 46.1376 35.8442 28.4155 29.4735 27.2979 23.9531 23.5745 21.8577 16.9666 16.548 14.8103 15.2917
threshold=35190.496756701024 37353.276481140922 33943.756258948641 36029.311559945709 38757.320078214347 32499.598480193104 34574.61961582378 -0.55438071450436044 -0.2328311011904762 -0.5 -0.65793410509763406 -0.44134171618254459 3.0437499999999997 10.113802083333336 84.937500000000014 390.09375000000006 -0.24999999999999994 7.323046875000002
decision_type=2 2 2 2 2 2 2 2 2 2 2 2 2 2 2 2 2 2
left_child=2 3 5 7 -3 -1 -4 12 -5 14 13 -7 15 -8 -10 -2 -17 -18
right_child=1 4 6 8 -6 11 10 -9 9 -11 -12 -13 -14 -15 -16 16 17 -19
leaf_value=-104.6058420380769 35.912297751278437 76.774047672691538 13.048584522856473 52.064737061693137 139.25446388406212 4.7157489998781363 35.839061075380947 28.422932670092834 62.086947832021963 49.489632824981811 15.486268716626615 -12.920332763279786 25.048119702352921 -1.5418838295247148 54.696862025823243 57.471627374045276 45.349074443933738 47.065437629102405
leaf_weight=298921 801 8560 5622 3499 11387 6348 2147 3669 1601 3263 3357 6375 290 199 1502 246 1718 295
leaf_count=298921 801 8560 5622 3499 11387 6348 2147 3669 1601 3263 3357 6375 290 199 1502 246 1718 295
internal_value=-0.000202911 0.015395 -0.00198168 0.0110591 0.0190651 -0.00218836 0.0037059 0.00857923 0.0128236 0.0119098 0.00516128 -0.000556492 0.0102967 0.00706191 0.0103074 0.0108898 0.0118955 0.0112454
internal_weight=359800 36831 322969 16884 19947 311644 11325 7019 9865 6366 5703 12723 3350 2346 3103 3060 2259 2013
internal_count=359800 36831 322969 16884 19947 311644 11325 7019 9865 6366 5703 12723 3350 2346 3103 3060 2259 2013
is_linear=0
shrinkage=0.0229654


Tree=11
num_leaves=19
num_cat=0
split_feature=35 36 35 21 5 5 36 26 36 36 25 16 36 24 36 35 21 9
split_gain=13329.9 1346.65 941.886 256.37 242.058 236.274 214.659 182.762 182.144 169.815 135.966 131.898 129.593 102.375 99.6302 69.6403 68.5846 83.1853
threshold=35401.500000000007 33568.000000000007 37664.500000000007 7.2509114583333343 1.0000000180025095e-35 1.0000000180025095e-35 32237.500000000004 9.6251302083333368 35950.500000000007 38855.500000000007 5.8164062500000009 121.06250000000001 37273.500000000007 3.9250000000000025 31661.500000000004 32229.500000000004 5.8803385416666671 -0.24999999999999994
decision_type=2 2 2 2 2 2 2 2 2 2 2 2 2 2 2 2 2 2
left_child=1 14 4 12 7 10 -7 -2 -6 -5 -4 13 -3 -12 -1 -11 17 -16
right_child=2 3 5 9 8 6 -8 -9 -10 15 11 -13 -14 -15 16 -17 -18 -19
leaf_value=-111.84899784982284 63.811472626708287 40.098075699564312 133.41035616599399 5.0042351543018775 13.415468738507968 -2.5209646290609657 82.889384201363058 23.939061835859874 55.076637240614815 10.231098175133342 103.89452606129728 22.195715882953731 58.579222042744291 57.182930379411559 49.644006431806496 39.139198706046926 -13.963273682424852 22.396310190388455
leaf_weight=286320 10748 7359 10039 11550 3112 688 2624 1764 1144 355 4869 416 2642 772 454 1062 10959 2923
leaf_count=286320 10748 7359 10039 11550 3112 688 2624 1764 1144 355 4869 416 2642 772 454 1062 10959 2923
internal_value=-0.000222187 -0.0017001 0.0129989 0.00365979 0.00901222 0.0164433 0.0108573 0.0106215 0.00428119 0.00152896 0.0175927 0.0148754 0.00642255 0.0157957 -0.00210955 0.0090322 -0.000241253 0.00262025
internal_weight=359800 323624 36176 22968 16768 19408 3312 12512 4256 12967 16096 6057 10001 5641 300656 1417 14336 3377
internal_count=359800 323624 36176 22968 16768 19408 3312 12512 4256 12967 16096 6057 10001 5641 300656 1417 14336 3377
is_linear=0
shrinkage=0.0229654


Tree=12
num_leaves=19
num_cat=0
split_feature=35 35 35 3 3 3 25 25 25 3 3 3 0 12 3 35 35 3
split_gain=12961.3 1254.5 669.327 472.119 352.186 261.261 207.663 151.213 149.126 148.64 122.888 118.625 84.5337 81.5429 80.5298 68.2672 64.905 314.807
threshold=34880.500000000007 37664.500000000007 32374.500000000004 1.0000000180025095e-35 3.5000000000000004 3.5000000000000004 9.0747395833333364 9.9877604166666689 5.667447916666668 5.5000000000000009 1.0000000180025095e-35 4.5000000000000009 32.500000000000007 8.9562500000000025 2.5000000000000004 36136.000000000007 28441.500000000004 1.0000000180025095e-35
decision_type=2 2 2 2 2 2 2 2 2 2 2 2 2 2 2 2 2 2
left_child=2 4 16 -4 6 7 10 -3 -7 11 -2 -6 -10 14 -5 -12 -1 -18
right_child=1 5 3 13 9 8 -8 -9 12 -11 15 -13 -14 -15 -16 -17 17 -19
leaf_value=-147.24216083716601 93.286725830532703 128.25668056850262 76.422558991543809 34.230510293793614 32.237966124965936 105.91502051294601 31.323842942959406 37.500032424948856 41.748740457290751 51.602932741778012 39.058824922517601 -0.741724403287919 65.291278077596218 -11.851090288120037 4.3796260348323974 64.264799658713258 38.881681619463322 -40.682663401709767
leaf_weight=249584 1642 11425 2768 3909 2880 4464 2665 663 1260 1848 3735 3512 1596 7892 7839 4654 5216 42248
leaf_count=249584 1642 11425 2768 3909 2880 4464 2665 663 1260 1848 3735 3512 1596 7892 7839 4654 5216 42248
internal_value=-0.000237633 0.0120278 -0.00178663 0.00204073 0.00812872 0.0162339 0.0105283 0.0183074 0.0128098 0.00443143 0.0120422 0.00277295 0.00871174 0.000789289 0.00200214 0.0109177 -0.00207535 -0.00129691
internal_weight=359800 40344 319456 22408 20936 19408 12696 12088 7320 8240 10031 6392 2856 19640 11748 8389 297048 47464
internal_count=359800 40344 319456 22408 20936 19408 12696 12088 7320 8240 10031 6392 2856 19640 11748 8389 297048 47464
is_linear=0
shrinkage=0.0229654


Tree=13
num_leaves=19
num_cat=0
split_feature=35 36 35 36 29 25 36 26 25 36 7 36 4 28 36 36 28 35
split_gain=12582.9 1279.9 950.594 279.174 242.347 174.066 155.491 154.118 125.098 119.434 112.376 103.241 96.6012 84.8071 75.1822 74.9389 69.5682 67.6339
threshold=35401.500000000007 33568.000000000007 38284.500000000007 36853.500000000007 396.75625000000008 7.8789062500000009 39520.500000000007 1.9851562500000004 5.8914062500000011 37063.000000000007 -0.94490267940017747 31379.500000000004 1.5000000000000002 0.10527046783625772 33088.500000000007 33390.500000000007 -4.683692002442001 33580.500000000007
decision_type=2 2 2 2 2 2 2 2 2 2 2 2 2 2 2 2 2 2
left_child=1 11 3 7 6 -5 17 -2 15 -6 -10 -1 -12 14 -9 -4 -13 -3
right_child=2 4 8 5 9 -7 -8 13 10 -11 12 16 -14 -15 -16 -17 -18 -19
leaf_value=-110.10153327461434 87.543040809854404 -4.5090019784516446 127.84991861352299 72.284048216828651 38.45997886092411 49.92958413847235 33.429086462467325 37.471877066708657 112.57724882516395 54.39322095256518 94.263344047131781 58.841076385986128 44.484614169419906 27.751056297435458 41.992587840809115 127.69489333873759 -7.3689858320705843 19.739671062461273
leaf_weight=283952 1127 8317 1477 6073 7053 2487 919 2984 2461 2903 1672 589 1129 3554 4679 8533 16115 3776
leaf_count=283952 1127 8317 1477 6073 7053 2487 919 2984 2461 2903 1672 589 1129 3554 4679 8533 16115 3776
internal_value=-0.000259654 -0.00169555 0.0125856 0.00940369 0.0035298 0.0125907 0.00146631 0.00719362 0.016941 0.00622668 0.0140743 -0.00209473 0.0109285 0.00638024 0.00774015 0.018448 -0.000340137 0.000774249
internal_weight=359800 323624 36176 20904 22968 8560 13012 12344 15272 9956 5262 300656 2801 11217 7663 10010 16704 12093
internal_count=359800 323624 36176 20904 22968 8560 13012 12344 15272 9956 5262 300656 2801 11217 7663 10010 16704 12093
is_linear=0
shrinkage=0.0229654


Tree=14
num_leaves=19
num_cat=0
split_feature=35 36 35 3 3 19 35 35 36 3 21 7 35 12 3 4 35 3
split_gain=12161.6 1328.6 862.687 375.449 243.739 221.756 188.185 180.861 172.615 167.048 125.09 122.205 117.139 96.0251 93.1535 88.0882 81.8384 76.252
threshold=35575.000000000007 33568.000000000007 38550.000000000007 3.5000000000000004 1.0000000180025095e-35 5.1250000000000018 33403.500000000007 33580.500000000007 35754.000000000007 3.5000000000000004 7.2509114583333343 -0.89495246814786256 33403.500000000007 8.2062500000000025 1.0000000180025095e-35 1.5000000000000002 36866.500000000007 5.5000000000000009
decision_type=2 2 2 2 2 2 2 2 2 2 2 2 2 2 2 2 2 2
left_child=1 12 3 5 7 -2 -6 10 -5 -4 -3 -11 -1 -8 -7 -14 -16 -10
right_child=2 4 9 8 6 14 13 -9 17 11 -12 -13 15 -15 16 -17 -18 -19
leaf_value=-97.871487649123821 29.415511093860612 54.757586124982105 128.32668892031577 20.12628825552369 -4.4392136645859557 96.347536462269659 38.996316750834538 74.152145295531326 31.788394700803522 107.3671169300663 23.51363677819764 91.359462259799912 52.569690888839027 10.489333865669673 47.857411199963693 -3.7551298054434006 70.174558244660744 64.070042021077896
leaf_weight=293456 1880 2180 8688 5088 8296 1575 4709 1824 2208 2808 3068 2376 1504 3819 4070 6176 5203 872
leaf_count=293456 1880 2180 8688 5088 8296 1575 4709 1824 2208 2808 3068 2376 1504 3819 4070 6176 5203 872
internal_value=-0.000284675 -0.00166558 0.0126249 0.00967743 0.00354668 0.0121434 0.00204292 0.00712408 0.0058347 0.0170648 0.00495892 0.0138023 -0.00207919 0.00443851 0.0134054 0.000720659 0.0125283 0.0101257
internal_weight=359800 325032 34768 20896 23896 12728 16824 7072 8168 13872 5248 5184 301136 8528 10848 7680 9273 3080
internal_count=359800 325032 34768 20896 23896 12728 16824 7072 8168 13872 5248 5184 301136 8528 10848 7680 9273 3080
is_linear=0
shrinkage=0.0229654


Tree=15
num_leaves=19
num_cat=0
split_feature=35 35 35 24 25 35 25 35 30 26 35 16 16 16 29 8 25 8
split_gain=11736.5 1025.8 838.803 177.333 156.793 127.046 114.62 93.7332 72.156 71.9728 68.1296 66.8127 60.0122 54.8308 53.9086 76.2883 49.8819 48.7804
threshold=35575.000000000007 32374.500000000004 38550.000000000007 2.200000000000002 8.9502604166666693 36288.500000000007 5.8914062500000011 34388.000000000007 1271.0062500000001 8.6826822916666675 28441.500000000004 162.31250000000003 40.312500000000007 125.18750000000001 414.31875000000008 -0.5 3.8156250000000003 -0.70710678118654757
decision_type=2 2 2 2 2 2 2 2 2 2 2 2 2 2 2 2 2 2
left_child=1 10 3 5 7 -2 11 17 -8 -5 -1 -4 -10 -7 -12 -16 -15 -3
right_child=2 4 6 9 -6 13 8 -9 12 -11 14 -13 -14 16 15 -17 -18 -19
leaf_value=-139.24525679237331 42.676871329154906 43.839804942962573 124.69065176471911 52.449842592929457 -1.023350890052904 61.848113260345109 115.0136509605294 36.335280437024963 87.731828599592291 11.98523640054529 -32.629128290092346 82.236279997728971 42.345460827739331 83.485018465224513 32.522813904430997 -25.421252958262453 35.174075796297181 11.46701868092193
leaf_weight=249584 4868 4354 8629 1772 8335 11060 2170 7258 1605 1623 33671 649 819 718 5949 7844 855 8037
leaf_count=249584 4868 4354 8629 1772 8335 11060 2170 7258 1605 1623 33671 649 819 718 5949 7844 855 8037
internal_value=-0.000308036 -0.0016646 0.0123739 0.00946752 0.0025388 0.0103993 0.0167519 0.00365841 0.0137852 0.00466411 -0.00206058 0.0182208 0.0110621 0.011614 -0.00126304 -5.37802e-05 0.00760209 0.00244444
internal_weight=359800 325032 34768 20896 27984 17501 13872 19649 4594 3395 297048 9278 2424 12633 47464 13793 1573 12391
internal_count=359800 325032 34768 20896 27984 17501 13872 19649 4594 3395 297048 9278 2424 12633 47464 13793 1573 12391
is_linear=0
shrinkage=0.0229654


Tree=16
num_leaves=19
num_cat=0
split_feature=37 37 37 37 37 37 37 16 36 8 36 24 4 33 36 8 16 27
split_gain=15987.6 1285.96 644.556 131.165 115.841 60.2319 57.7873 46.8788 41.3676 32.9915 26.6862 24.9106 26.5161 28.1139 37.6813 39.5674 24.0783 23.1861
threshold=35190.496756701024 37558.007549116825 33633.706528732488 36373.894888711664 39042.268978538174 31322.269345415203 34421.048494538794 129.18750000000003 29919.500000000004 -0.65793410509763406 34381.500000000007 3.2125000000000012 10.500000000000002 0.6215277777777779 36139.500000000007 -0.70710678118654757 144.06250000000003 -0.8761718750000006
decision_type=2 2 2 2 2 2 2 2 2 2 2 2 2 2 2 2 2 2
left_child=2 3 5 8 16 -1 -4 17 -2 10 -8 12 -10 14 15 -14 -3 -5
right_child=1 4 6 7 -6 -7 9 -9 11 -11 -12 -13 13 -15 -16 -17 -18 -19
leaf_value=-107.70811790887772 54.30341215233527 67.049488179166858 9.6506027854272816 51.593892598602366 125.1176025094364 -10.643640318397603 36.174723681690892 56.715465662900037 32.342963785310324 12.881183323283157 27.291550309080012 20.990317261452482 51.021529121751684 17.669519133127647 33.320834831356485 31.39001149039229 68.711913599901123 49.141831089809095
leaf_weight=287568 437 7858 7049 1912 9971 21274 1273 1048 5815 4192 1613 754 714 261 1022 838 743 5458
leaf_count=287568 437 7858 7049 1912 9971 21274 1273 1048 5815 4192 1613 754 714 261 1022 838 743 5458
internal_value=-0.000331461 0.0140039 -0.00196625 0.00967606 0.0182588 -0.00218567 0.00283073 0.0117806 0.00787582 0.00429652 0.00618618 0.00755485 0.00790382 0.00972486 0.0104531 0.0127079 0.0163059 0.0124269
internal_weight=359800 36831 322969 18259 18572 308842 14127 8418 9841 7078 2886 9404 8650 2835 2574 1552 8601 7370
internal_count=359800 36831 322969 18259 18572 308842 14127 8418 9841 7078 2886 9404 8650 2835 2574 1552 8601 7370
is_linear=0
shrinkage=0.0229654


Tree=17
num_leaves=19
num_cat=0
split_feature=37 37 37 37 37 37 37 8 27 21 3 3 8 29 12 10 28 9
split_gain=15541.6 1168.75 773.118 125.635 106.878 74.487 61.5698 49.2083 27.423 29.3529 25.8477 24.7039 28.2163 31.2462 24.3976 23.6991 20.8985 19.1708
threshold=35349.906436027122 37558.007549116825 33633.706528732488 39042.268978538174 36373.894888711664 34574.61961582378 31188.192987530074 -0.70710678118654757 -0.78513764880952308 6.3863281250000012 1.5000000000000002 1.0000000180025095e-35 -0.55438071450436044 282.00625000000008 10.681250000000002 0.6830127018922193 -3.9813226744186041 0.68301270189221941
decision_type=2 2 2 2 2 2 2 2 2 2 2 2 2 2 2 2 2 2
left_child=2 4 6 -3 16 10 -1 14 -6 -10 15 12 13 -8 17 -4 -2 -7
right_child=1 3 5 -5 8 7 11 -9 9 -11 -12 -13 -14 -15 -16 -17 -18 -19
leaf_value=-106.87828799382767 41.125829467167577 65.53491292112561 7.4785692928562497 122.24422560345901 51.371904863000573 36.460773420680724 -15.660429383859288 15.521390162458237 46.421234227276351 50.372925874435985 4.8212789242845462 -14.888075185876911 -8.658539077444992 35.548645316746772 -1.9470935899119111 34.058249404286045 34.995952280396878 28.239666272114434
leaf_weight=286197 795 8601 1328 9971 2297 1697 663 4427 3041 3080 5700 19092 1824 1066 181 1396 7628 816
leaf_count=286197 795 8601 1328 9971 2297 1697 663 4427 3041 3080 5700 19092 1824 1066 181 1396 7628 816
internal_value=-0.000354056 0.0140918 -0.00193109 0.0180647 0.00971049 0.00306624 -0.00218262 0.00479529 0.0115405 0.0107376 0.00160463 -0.00102987 0.000728455 0.0028305 0.00724254 0.00344481 0.00788153 0.00782907
internal_weight=359800 35413 324387 18572 16841 15545 308842 7121 8418 6121 8424 22645 3553 1729 2694 2724 8423 2513
internal_count=359800 35413 324387 18572 16841 15545 308842 7121 8418 6121 8424 22645 3553 1729 2694 2724 8423 2513
is_linear=0
shrinkage=0.0229654


Tree=18
num_leaves=19
num_cat=0
split_feature=35 36 35 3 19 3 36 35 35 3 29 36 35 3 36 8 19 35
split_gain=10739.9 1184.34 837.785 438.196 255.938 233.203 171.78 153.504 143.74 123.986 118.922 115.918 104.267 96.2459 93.0304 90.6885 78.6289 72.0731
threshold=35575.000000000007 33568.000000000007 39170.500000000007 3.5000000000000004 5.1812500000000004 1.0000000180025095e-35 35754.000000000007 33403.500000000007 33748.000000000007 3.5000000000000004 396.75625000000008 31379.500000000004 36866.500000000007 5.5000000000000009 39520.500000000007 -0.5 7.7062500000000016 33403.500000000007
decision_type=2 2 2 2 2 2 2 2 2 2 2 2 2 2 2 2 2 2
left_child=1 11 3 4 -2 8 -5 -7 10 -4 -3 17 -6 -8 16 -11 -9 -1
right_child=2 5 9 6 12 7 13 14 -10 15 -12 -13 -14 -15 -16 -17 -18 -19
leaf_value=-103.12453448044204 25.491664058260792 23.520160500976328 121.55179837957384 17.578044232541938 49.580914788330233 -4.2706319350244426 31.183498412512289 5.4431010920864997 72.364538926785571 87.675484350363746 51.562260981870786 -2.8065613651606331 73.230851373089763 59.152868652899961 44.492370120073176 96.463803491715282 33.185771664308945 15.083442839052871
leaf_weight=280304 2077 3195 7008 5576 4939 8296 2712 3835 1576 1392 2301 16944 7392 976 552 2696 4141 3888
leaf_count=280304 2077 3195 7008 5576 4939 8296 2712 3835 1576 1392 2301 16944 7392 976 552 2696 4141 3888
internal_value=-0.000378566 -0.00167625 0.011753 0.00931228 0.0118177 0.00324491 0.00541561 0.001774 0.00674414 0.01696 0.00499088 -0.00206676 0.0130739 0.00926089 0.00393762 0.0137815 0.0033066 -0.00217678
internal_weight=359800 325032 34768 23672 14408 23896 9264 16824 7072 11096 5496 301136 12331 3688 8528 4088 7976 284192
internal_count=359800 325032 34768 23672 14408 23896 9264 16824 7072 11096 5496 301136 12331 3688 8528 4088 7976 284192
is_linear=0
shrinkage=0.0229654


Tree=19
num_leaves=19
num_cat=0
split_feature=37 37 37 37 37 37 8 12 16 3 36 16 27 37 36 33 28 28
split_gain=14629.6 1172.66 728.013 164.9 100.12 70.0991 65.6337 50.3746 49.8141 39.6003 36.4629 31.5062 27.5992 27.2954 28.5837 25.1893 25.9588 24.6203
threshold=35349.906436027122 37558.007549116825 33633.706528732488 39042.268978538174 36373.894888711664 31056.517438512285 -0.55438071450436044 10.681250000000002 129.18750000000003 1.0000000180025095e-35 30043.500000000004 144.06250000000003 -0.78513764880952308 34270.409831791323 29589.500000000004 0.63541666666666674 -3.5829583333333326 -3.9813226744186041
decision_type=2 2 2 2 2 2 2 2 2 2 2 2 2 2 2 2 2 2
left_child=2 4 5 11 10 -1 7 9 12 -4 -2 -3 -6 -11 -15 16 -12 -16
right_child=1 3 6 -5 8 -7 -8 -9 -10 13 15 -13 -14 14 17 -17 -18 -19
leaf_value=-103.94842921665482 62.31431085153136 62.348102235771726 39.933806220677013 116.72894907216894 48.264805847510161 -10.287814690195253 7.3138870231935931 -9.061788291605275 53.584764357295619 13.13710724065208 41.991369852438339 62.853845749405025 45.485998831667324 37.083155636268891 34.205140733865612 31.015025738746704 32.115817903417593 24.720943687094696
leaf_weight=284767 353 7858 1353 9971 1996 24075 8326 703 1048 1753 583 743 5374 185 288 1387 6100 2937
leaf_count=284767 353 7858 1353 9971 1996 24075 8326 703 1048 1753 583 743 5374 185 288 1387 6100 2937
internal_value=-0.000397842 0.0136177 -0.0019279 0.0175973 0.00922912 -0.00217199 0.00292146 0.00452405 0.0110004 0.00515418 0.00745892 0.0152673 0.0116666 0.00423768 0.00543492 0.0071429 0.00772741 0.00493133
internal_weight=359800 35413 324387 18572 16841 308842 15545 7219 8418 6516 8423 8601 7370 5163 3410 8070 6683 3225
internal_count=359800 35413 324387 18572 16841 308842 15545 7219 8418 6516 8423 8601 7370 5163 3410 8070 6683 3225
is_linear=0
shrinkage=0.0229654


Tree=20
num_leaves=19
num_cat=0
split_feature=37 37 37 37 37 37 37 16 0 3 16 28 25 3 0 21 13 3
split_gain=14250.7 1196.94 704.361 178.13 101.077 72.1592 64.1478 46.5799 33.3217 36.9556 29.7197 26.0751 23.1539 22.8973 23.2565 23.2605 23.6931 22.6592
threshold=35349.906436027122 37558.007549116825 33633.706528732488 39042.268978538174 36558.079481930494 30917.013928228869 34421.048494538794 129.18750000000003 31.500000000000004 1.0000000180025095e-35 144.06250000000003 -3.9813226744186041 10.113802083333336 1.0000000180025095e-35 30.500000000000004 9.6251302083333368 5.1812500000000012 1.5000000000000002
decision_type=2 2 2 2 2 2 2 2 2 2 2 2 2 2 2 2 2 2
left_child=2 4 5 10 11 -1 17 -6 9 -8 -3 -2 -11 14 15 16 -7 -4
right_child=1 3 6 -5 7 13 8 -9 -10 12 -12 -13 -14 -15 -16 -17 -18 -19
leaf_value=-103.14718852737306 38.609573540374178 60.916252571914299 22.810172554169601 114.04822102275104 47.848931180285227 18.320328330197768 37.354060696697644 56.95741003865124 10.409371901236796 26.340957910308195 61.410381478943279 33.186991809604031 -7.488320752504551 -13.989378987833938 -8.915820214782606 -14.90551290044719 48.464111321750124 2.0086174918923665
leaf_weight=283329 930 7858 2227 9971 6132 1123 835 881 4063 3285 743 8898 313 21501 1786 750 353 4822
leaf_count=283329 930 7858 2227 9971 6132 1123 835 881 4063 3285 743 8898 313 21501 1786 750 353 4822
internal_value=-0.000418139 0.0134147 -0.00192826 0.0174353 0.00898093 -0.00216835 0.00284168 0.0110871 0.00418546 0.00556236 0.0150136 0.00747801 0.00455223 -0.000998532 0.000594169 0.00216036 0.00383379 0.00122206
internal_weight=359800 35413 324387 18572 16841 308842 15545 7013 8496 4433 8601 9828 3598 25513 4012 2226 1476 7049
internal_count=359800 35413 324387 18572 16841 308842 15545 7013 8496 4433 8601 9828 3598 25513 4012 2226 1476 7049
is_linear=0
shrinkage=0.0229654


Tree=21
num_leaves=19
num_cat=0
split_feature=35 36 35 5 29 19 36 36 5 36 19 7 36 36 26 36 15 19
split_gain=9734.41 1078.32 813.139 353.505 203.355 201.077 186.589 122.05 120.536 117.003 112.83 144.72 108.956 104.67 75.3823 67.0325 62.912 62.24
threshold=35575.000000000007 33568.000000000007 39170.500000000007 1.0000000180025095e-35 396.75625000000008 5.1250000000000018 35950.500000000007 39520.500000000007 1.0000000180025095e-35 30369.500000000004 10.743750000000002 -0.82968937203783699 36686.500000000007 33223.500000000007 4.5654947916666675 38855.500000000007 11.431250000000002 7.2000000000000011
decision_type=2 2 2 2 2 2 2 2 2 2 2 2 2 2 2 2 2 2
left_child=1 9 3 5 7 16 -5 -3 -4 -1 11 15 -6 -10 -11 -7 -2 -8
right_child=2 4 8 6 12 10 17 -9 13 14 -12 -13 -14 -15 -16 -17 -18 -19
leaf_value=-101.80162538385501 31.358114016809534 4.5656484843160259 110.6270613821335 8.964593214412222 29.279961468121691 45.809975104280497 8.4072328348024215 25.393633023574655 -0.070032789764994066 28.66733301255119 69.742351558724863 41.5574935846766 45.958227595110387 81.071445451619951 -12.865824530861929 60.244134050941383 11.400648498676963 51.170617491898071
leaf_weight=273952 579 12473 9416 3976 6748 2966 337 961 384 3535 5111 5772 3714 1296 23649 2041 1635 1255
leaf_count=273952 579 12473 9416 3976 6748 2966 337 961 384 3535 5111 5772 3714 1296 23649 2041 1635 1255
internal_value=-0.000446032 -0.00168148 0.0111037 0.00869915 0.00301426 0.0102555 0.00363866 0.00114468 0.0162335 -0.0020541 0.011159 0.0098264 0.00541494 0.0105668 -0.000617052 0.0126835 0.00377155 0.0102825
internal_weight=359800 325032 34768 23672 23896 18104 5568 13434 11096 301136 15890 10779 10462 1680 27184 5007 2214 1592
internal_count=359800 325032 34768 23672 23896 18104 5568 13434 11096 301136 15890 10779 10462 1680 27184 5007 2214 1592
is_linear=0
shrinkage=0.0229654


Tree=22
num_leaves=19
num_cat=0
split_feature=37 37 37 37 37 35 35 35 37 35 37 22 8 8 17 35 37 36
split_gain=13260.3 1308.6 536.646 211.485 119.818 97.1384 80.5701 70.9091 68.0103 45.593 42.2793 42.1299 40.3308 37.4997 53.2515 36.6576 56.386 31.9845
threshold=35190.496756701024 37558.007549116825 33467.892597773149 39354.389669697441 36373.894888711664 35575.000000000007 32660.500000000004 37846.000000000007 30917.013928228869 29696.500000000004 34270.409831791323 7.762456597222223 -0.65793410509763406 -0.44134171618254459 75.562500000000014 38847.500000000007 38473.853897399989 31946.500000000004
decision_type=2 2 2 2 2 2 2 2 2 2 2 2 2 2 2 2 2 2
left_child=2 4 8 15 5 12 13 17 -1 -10 -8 -9 -2 14 -4 -3 -17 -6
right_child=1 3 6 -5 7 -7 10 11 9 -11 -12 -13 -14 -15 -16 16 -18 -19
leaf_value=-98.826988464948229 41.835515169652226 63.144063374145617 21.326508664071763 112.94561158692849 128.92588577194448 21.435265535129084 -2.3695553315335212 20.111579652170317 14.351060028187494 -14.925259089774466 12.30713672954996 57.669370632433257 32.72993829067817 10.771614049245377 38.389864474144829 41.841428362841071 53.959399146609023 44.552609148176401
leaf_weight=283329 2236 6338 977 8520 384 4984 5029 1717 3884 20205 6812 520 2621 1368 1365 1484 2230 5797
leaf_count=283329 2236 6338 977 8520 384 4984 5029 1717 3884 20205 6812 520 2621 1368 1365 1484 2230 5797
internal_value=-0.00047016 0.0125854 -0.001959 0.0168776 0.00821958 0.00649897 0.00220321 0.010231 -0.00216954 -0.00099807 0.00127792 0.00672742 0.00881026 0.00515638 0.006921 0.0146214 0.0128097 0.0114991
internal_weight=359800 36831 322969 18572 18259 9841 15551 8418 307418 24089 11841 2237 4857 3710 2342 10052 3714 6181
internal_count=359800 36831 322969 18572 18259 9841 15551 8418 307418 24089 11841 2237 4857 3710 2342 10052 3714 6181
is_linear=0
shrinkage=0.0229654


Tree=23
num_leaves=19
num_cat=0
split_feature=37 37 37 37 35 37 37 35 35 37 36 35 35 37 8 37 22 22
split_gain=12817.5 1053.01 760.729 218.351 91.3475 80.1097 80.0674 72.7058 68.3338 55.4307 51.4682 46.6112 44.7319 42.602 36.8376 32.6026 30.4951 30.164
threshold=35510.355415441394 38473.853897399989 33633.706528732488 36939.885737871497 32660.500000000004 30652.222152087903 39716.83368484956 38847.500000000007 37475.500000000007 34574.61961582378 30145.500000000004 36682.500000000007 29696.500000000004 34421.048494538794 -0.70710678118654757 37558.007549116825 8.4953559027777796 9.6250434027777789
decision_type=2 2 2 2 2 2 2 2 2 2 2 2 2 2 2 2 2 2
left_child=2 3 5 8 13 -1 -3 15 10 -6 -2 14 17 -4 -11 -5 -9 -7
right_child=1 6 4 7 9 12 -8 16 -10 11 -12 -13 -14 -15 -16 -17 -18 -19
leaf_value=-99.843954152415563 129.72092407787846 62.749605786405255 27.638568417483224 52.701025964222559 2.5865491143075512 22.334471967804429 115.65866215473568 28.748734531489074 19.77824717028469 32.801885756756683 34.943302011448509 -0.26435686609311215 -14.400533454483572 32.575688988776918 12.362819248176109 59.621386720934368 69.579288952338715 -15.615309492727544
leaf_weight=280453 349 5793 1917 3555 6215 3466 7049 1861 2232 1719 8649 1660 23621 1731 3687 4246 295 1302
leaf_count=280453 349 5793 1917 3555 6215 3466 7049 1861 2232 1719 8649 1660 23621 1731 3687 4246 295 1302
internal_value=-0.000494287 0.0129172 -0.00189521 0.00977203 0.00284487 -0.00215503 0.0181062 0.012248 0.00757674 0.00196073 0.00846897 0.00335218 -0.000992507 0.00606367 0.00438577 0.0132797 0.0085151 0.00103653
internal_weight=359800 34029 325771 21187 16929 308842 12842 9957 11230 13281 8998 7066 28389 3648 5406 7801 2156 4768
internal_count=359800 34029 325771 21187 16929 308842 12842 9957 11230 13281 8998 7066 28389 3648 5406 7801 2156 4768
is_linear=0
shrinkage=0.0229654


Tree=24
num_leaves=19
num_cat=0
split_feature=35 35 35 3 3 12 35 3 3 3 3 4 3 25 35 8 8 3
split_gain=8708.55 1002.82 493.411 441.463 378.639 257.676 176.936 163.746 123.086 135.675 119.303 84.0941 79.9782 77.4919 64.9351 59.5243 58.575 56.3655
threshold=34880.500000000007 39170.500000000007 31538.000000000004 3.5000000000000004 1.0000000180025095e-35 10.306250000000004 36866.500000000007 3.5000000000000004 5.5000000000000009 4.5000000000000009 1.0000000180025095e-35 1.5000000000000002 1.0000000180025095e-35 5.740885416666667 36682.500000000007 -0.44134171618254459 -0.44134171618254459 1.0000000180025095e-35
decision_type=2 2 2 2 2 2 2 2 2 2 2 2 2 2 2 2 2 2
left_child=2 3 17 5 -4 6 10 -3 9 -5 -2 -6 -8 15 -10 -9 -7 -1
right_child=1 7 4 8 11 16 12 13 14 -11 -12 -13 -14 -15 -16 -17 -18 -19
leaf_value=-34.879327559245489 60.582898950231836 105.66983320764623 58.393587367036297 24.602845062708663 26.088162517833496 -6.7119719186423943 86.191276568034809 77.040899217255685 27.391385981941649 -0.23751505247901711 32.993484530672553 -4.4893093192412366 55.39693711177808 52.656410046008006 63.311093950111328 89.87464431316566 25.059029003069693 -91.790712596146676
leaf_weight=45176 1300 7008 3568 4480 3768 934 808 980 1400 4792 6195 23256 6582 1308 800 1800 1957 243688
leaf_count=45176 1300 7008 3568 4480 3768 934 808 980 1400 4792 6195 23256 6582 1308 800 1800 1957 243688
internal_value=-0.000520456 0.0095334 -0.00179015 0.00730326 0.000983266 0.00956987 0.0107884 0.0154118 0.00379113 0.0026324 0.00830217 5.48975e-05 0.01331 0.0117591 0.00867466 0.0139279 0.00329587 -0.00208387
internal_weight=359800 40344 319456 29248 30592 17776 14885 11096 11472 9272 7495 27024 7390 4088 2200 2780 2891 288864
internal_count=359800 40344 319456 29248 30592 17776 14885 11096 11472 9272 7495 27024 7390 4088 2200 2780 2891 288864
is_linear=0
shrinkage=0.0229654


Tree=25
num_leaves=19
num_cat=0
split_feature=26 7 8 4 7 3 8 3 4 7 9 16 3 14 3 4 7 4
split_gain=2754.75 2274.62 1290.83 853.381 531.579 524.442 351.053 315.728 279.51 566.683 262.639 208.538 193.626 164.643 149.875 137.464 174.402 130.613
threshold=6.0217447916666682 -0.7502300607388912 -0.44134171618254459 1.5000000000000002 -0.82968937203783699 4.5000000000000009 -0.5 4.5000000000000009 10.500000000000002 -0.89495246814786256 0.93301270189221952 115.31250000000001 3.5000000000000004 76.937500000000014 4.5000000000000009 2.5000000000000004 -0.89495246814786256 1.5000000000000002
decision_type=2 2 2 2 2 2 2 2 2 2 2 2 2 2 2 2 2 2
left_child=1 7 5 4 -2 10 14 11 15 12 13 -1 -10 -3 -6 16 -5 -9
right_child=3 2 -4 8 6 -7 -8 17 9 -11 -12 -13 -14 -15 -16 -17 -18 -19
leaf_value=93.566032256786229 90.176464797795461 44.735413367700815 -34.00683821621908 41.184776141826745 55.378551814358403 -2.4200763204755136 -25.336358004148899 76.624522687422541 43.725043781463413 -13.473733195349009 -2.0265861871186339 39.360465881244991 16.084961486215292 61.423481436112986 -2.4098503361703938 -77.970342791066756 -16.563588958847411 18.05832651223686
leaf_weight=9457 2612 4296 29468 2198 3259 5426 6967 1411 2277 26059 1759 1446 2144 8721 1041 235751 13037 2471
leaf_count=9457 2612 4296 29468 2198 3259 5426 6967 1411 2277 26059 1759 1446 2144 8721 1041 235751 13037 2471
internal_value=-0.00053986 0.00376165 0.00140788 -0.00147861 0.00408062 0.00587924 0.0019166 0.0116691 -0.00175273 0.000323987 0.00812151 0.0136716 0.00792647 0.00924703 0.00707655 -0.00200493 0.000109287 0.00604484
internal_weight=359800 64455 49670 295345 13879 20202 11267 14785 281466 30480 14776 10903 4421 13017 4300 250986 15235 3882
internal_count=359800 64455 49670 295345 13879 20202 11267 14785 281466 30480 14776 10903 4421 13017 4300 250986 15235 3882
is_linear=0
shrinkage=0.0229654


Tree=26
num_leaves=19
num_cat=0
split_feature=35 35 36 3 3 35 3 36 3 27 29 19 29 35 35 12 35 3
split_gain=8148.52 983.114 689.451 438.759 268.403 231.088 217.888 160.056 145.257 113.276 105.971 104.791 73.4367 72.826 71.4423 65.4722 65.1508 96.5451
threshold=34880.500000000007 39506.500000000007 32394.000000000004 3.5000000000000004 1.0000000180025095e-35 36866.500000000007 1.0000000180025095e-35 35754.000000000007 3.5000000000000004 1.6379650297619037 396.75625000000008 9.2687500000000025 393.38125000000008 33748.000000000007 41867.500000000007 5.2562500000000023 30749.500000000004 1.0000000180025095e-35
decision_type=2 2 2 2 2 2 2 2 2 2 2 2 2 2 2 2 2 2
left_child=2 3 16 4 -2 15 10 -5 -3 -7 13 -9 -8 -4 -10 -6 -1 -18
right_child=1 8 6 7 5 9 12 11 14 -11 -12 -13 -14 -15 -16 -17 17 -19
leaf_value=-96.918932582703846 72.310029834240467 106.41366209537247 15.91724322586562 11.3142583735243 38.120478257424047 53.952976918715315 -7.9697539286459138 25.192588684576997 53.427114209112247 33.862726521811361 48.702658747599315 35.500101448693108 21.951443014425951 55.92713657162021 97.464731094720975 22.315845050168608 117.31440297067732 -11.595453969530309
leaf_weight=271624 2376 6168 4088 7424 2227 5850 11915 2315 2592 2486 3709 2285 7917 475 944 5677 664 19064
leaf_count=271624 2376 6168 4088 7424 2227 5850 11915 2315 2592 2486 3709 2285 7917 475 944 5677 664 19064
internal_value=-0.000554987 0.00917022 -0.00178318 0.0071527 0.00936134 0.00830658 0.00165197 0.00373322 0.0155405 0.0109741 0.00478298 0.00709931 0.000346009 0.00243948 0.0118295 0.00549322 -0.00211454 -0.00084025
internal_weight=359800 40344 319456 30640 18616 16240 28104 12024 9704 8336 8272 4600 19832 4563 3536 7904 291352 19728
internal_count=359800 40344 319456 30640 18616 16240 28104 12024 9704 8336 8272 4600 19832 4563 3536 7904 291352 19728
is_linear=0
shrinkage=0.0229654


Tree=27
num_leaves=19
num_cat=0
split_feature=37 37 37 37 37 37 35 35 35 35 37 35 37 22 37 35 22 30
split_gain=11227.7 1042.19 692.206 182.352 130.203 97.7748 95.7676 89.6427 71.0174 51.1157 47.4773 46.5328 39.2371 37.6859 35.5004 35.3316 28.5674 30.5049
threshold=35510.355415441394 38473.853897399989 33633.706528732488 36939.885737871497 40097.014493550079 30152.371458841222 31795.000000000004 38847.500000000007 35401.500000000007 29696.500000000004 34421.048494538794 36682.500000000007 34724.425522802536 8.4953559027777796 36373.894888711664 37846.000000000007 9.6250434027777789 842.77500000000009
decision_type=2 2 2 2 2 2 2 2 2 2 2 2 2 2 2 2 2 2
left_child=2 3 5 8 -3 -1 12 -5 -2 16 -8 -12 -4 -9 -10 -16 17 -7
right_child=1 4 6 7 -6 9 10 13 14 -11 11 -13 -14 -15 15 -17 -18 -19
leaf_value=-98.178412164356502 39.174586818282997 59.444726750375352 30.629928182876007 51.908747388945649 111.63970120324174 43.949692505785741 1.7250604024202307 24.522996360238587 20.573441042252767 -13.675763832214045 19.152678785965175 -0.94995867685941715 36.283685231437971 64.797510396064311 30.464700229704871 16.042783080974701 -11.079786721037198 14.759780370770649
leaf_weight=274858 4197 7180 1844 7801 5662 75 5647 1861 4025 27468 6787 1867 784 295 2156 852 1954 4487
leaf_count=274858 4197 7180 1844 7801 5662 75 5647 1861 4025 27468 6787 1867 784 295 2156 852 1954 4487
internal_value=-0.00057037 0.0119818 -0.00188153 0.00885285 0.0171441 -0.00212938 0.00264002 0.0111155 0.00684668 -0.000967299 0.00189957 0.00296847 0.00666941 0.00697058 0.00543588 0.00732328 0.000861379 0.00185656
internal_weight=359800 34029 325771 21187 12842 308842 16929 9957 11230 33984 14301 8654 2628 2156 7033 3008 6516 4562
internal_count=359800 34029 325771 21187 12842 308842 16929 9957 11230 33984 14301 8654 2628 2156 7033 3008 6516 4562
is_linear=0
shrinkage=0.0229654


Tree=28
num_leaves=19
num_cat=0
split_feature=37 37 37 37 37 37 3 36 0 9 36 3 3 0 13 37 36 3
split_gain=10886.7 1039.12 670.309 167.889 141.718 98.7846 56.799 45.0223 42.239 62.9573 41.0793 34.0799 45.7871 36.5933 27.4671 26.6644 25.3171 24.7709
threshold=35510.355415441394 38473.853897399989 33633.706528732488 36939.885737871497 40097.014493550079 30152.371458841222 1.5000000000000002 30043.500000000004 30.500000000000004 0.68301270189221941 29919.500000000004 3.5000000000000004 5.5000000000000009 22.500000000000004 3.0812500000000007 34421.048494538794 31532.000000000004 1.0000000180025095e-35
decision_type=2 2 2 2 2 2 2 2 2 2 2 2 2 2 2 2 2 2
left_child=2 3 5 7 -3 -1 8 -2 9 14 -8 16 13 -13 -4 -12 -5 -7
right_child=1 4 6 11 -6 17 10 -9 -10 -11 15 12 -14 -15 -16 -17 -18 -19
leaf_value=-95.923704780898518 119.89654945137178 58.079554291817523 35.889676268520404 113.34271309777155 109.07584981228017 3.9294866946928542 29.86432218642874 29.558038494658604 10.355262221726695 12.497450150812886 -0.04976093989822683 31.180240516259868 53.959127012828212 25.479523097392491 32.400731885281125 12.519871829581248 48.194435134520994 -12.391357070705915
leaf_weight=274858 393 7180 867 318 5662 5368 590 10837 2498 992 4598 396 546 1880 1119 6265 6817 28616
leaf_count=274858 393 7180 867 318 5662 5368 590 10837 2498 992 4598 396 546 1880 1119 6265 6817 28616
internal_value=-0.00058888 0.0117713 -0.00187998 0.0086469 0.0169259 -0.00212388 0.00256948 0.00672193 0.00449327 0.00634055 0.00164967 0.010818 0.00868161 0.00724884 0.00870049 0.00132913 0.011663 -0.000955811
internal_weight=359800 34029 325771 21187 12842 308842 16929 11230 5476 2978 11453 9957 2822 2276 1986 10863 7135 33984
internal_count=359800 34029 325771 21187 12842 308842 16929 11230 5476 2978 11453 9957 2822 2276 1986 10863 7135 33984
is_linear=0
shrinkage=0.0229654


Tree=29
num_leaves=19
num_cat=0
split_feature=37 37 37 37 37 35 37 35 35 35 37 35 8 37 8 35 37 37
split_gain=10519.6 967.579 756.339 190.435 124.082 105.581 77.8726 70.636 67.0865 54.8612 38.3751 38.0072 46.1017 34.5438 32.0342 28.7544 38.1243 28.5728
threshold=35683.73035002665 39042.268978538174 33943.756258948641 36939.885737871497 30396.612590994228 31795.000000000004 40097.014493550079 38847.500000000007 35401.500000000007 29804.500000000004 38473.853897399989 36682.500000000007 -0.70710678118654757 37762.658545106264 -0.55438071450436044 37846.000000000007 36558.079481930494 34724.425522802536
decision_type=2 2 2 2 2 2 2 2 2 2 2 2 2 2 2 2 2 2
left_child=2 3 4 8 -1 17 -3 13 -2 14 -9 12 -7 -5 -6 16 -10 -4
right_child=1 6 5 7 9 11 -8 10 15 -11 -12 -13 -14 -15 -16 -17 -18 -19
leaf_value=-91.129719786901845 37.984973316700554 60.393373404958055 29.801385183274157 47.762460414343273 29.418085855947215 25.762642227810172 106.57087831694784 32.19171641322756 22.868040740434985 -11.240380232540756 40.195962268635 -0.58417827621042018 9.2175131964521739 53.353096620284035 -4.0105778393104234 11.892931866034402 30.986665132698612 35.150486860536432
leaf_weight=277602 3491 4309 1219 4696 3405 3460 5662 2156 3440 27847 1357 2666 7271 4619 2790 1474 1440 896
leaf_count=277602 3491 4309 1219 4696 3405 3460 5662 2156 3440 27847 1357 2666 7271 4619 2790 1474 1440 896
internal_value=-0.000610582 0.0118208 -0.001851 0.00919882 -0.00209735 0.00309838 0.0177829 0.0110427 0.00679631 -0.000788766 0.00826768 0.00234557 0.00295526 0.0120892 0.00116588 0.00539112 0.00624019 0.00786687
internal_weight=359800 32644 327156 22673 311644 15512 9971 12828 9845 34042 3513 13397 10731 9315 6195 6354 4880 2115
internal_count=359800 32644 327156 22673 311644 15512 9971 12828 9845 34042 3513 13397 10731 9315 6195 6354 4880 2115
is_linear=0
shrinkage=0.0229654


Tree=30
num_leaves=19
num_cat=0
split_feature=35 35 35 5 5 28 26 5 35 7 9 0 0 26 24 12 35 26
split_gain=7093.84 795.121 678.322 231.303 138.793 138.21 122.795 108.814 96.6101 92.5197 78.9392 74.7259 65.2306 59.8337 58.4146 57.756 56.9266 54.0747
threshold=35950.500000000007 32374.500000000004 39830.500000000007 1.0000000180025095e-35 1.0000000180025095e-35 0.10527046783625772 5.8214843750000016 1.0000000180025095e-35 28441.500000000004 -0.82968937203783699 0.68301270189221941 30.500000000000004 24.500000000000004 8.6826822916666675 2.9250000000000016 6.2562500000000023 37073.500000000007 5.274869791666668
decision_type=2 2 2 2 2 2 2 2 2 2 2 2 2 2 2 2 2 2
left_child=1 8 3 5 14 16 7 10 -1 13 -3 -6 -5 -7 -4 -14 -2 -13
right_child=2 6 4 12 11 9 -8 -9 -10 -11 -12 17 15 -15 -16 -17 -18 -19
leaf_value=-105.50387510862949 40.322257907365575 43.264002839153186 96.522458369519967 -14.43128222178823 -1.0421508281968608 36.720645264580732 6.1062164012099149 -0.45123865261573692 -15.373085988061007 24.005264127689255 18.7316826011781 83.254857669564444 32.656245223883495 23.416282105151254 99.996808922750674 13.242928952867006 58.698395239219629 35.035936681053258
leaf_weight=249584 3759 3882 6261 1176 352 2083 20179 2764 47464 3358 3903 549 2104 1411 787 1864 7909 411
leaf_count=249584 3759 3882 6261 1176 352 2083 20179 2764 47464 3358 3903 549 2104 1411 787 1864 7909 411
internal_value=-0.00063056 -0.0016385 0.009686 0.00769939 0.0153094 0.008896 0.00187831 0.0038862 -0.00200229 0.00630711 0.005276 0.00845099 0.00339124 0.00892325 0.0165861 0.00479912 0.0104163 0.0117698
internal_weight=359800 327776 32024 23664 8360 18520 30728 10549 297048 6852 7785 1312 5144 3494 7048 3968 11668 960
internal_count=359800 327776 32024 23664 8360 18520 30728 10549 297048 6852 7785 1312 5144 3494 7048 3968 11668 960
is_linear=0
shrinkage=0.0229654


Tree=31
num_leaves=19
num_cat=0
split_feature=37 37 37 37 35 37 37 35 35 37 36 37 22 35 35 8 37 35
split_gain=9768.5 980.607 721.931 155.355 106.242 100.749 96.4012 66.3025 58.4923 56.3146 48.9332 47.1731 46.8762 45.1842 44.1342 44.431 40.7431 54.0421
threshold=35683.73035002665 39042.268978538174 33467.892597773149 37353.276481140922 31795.000000000004 29664.30767982973 40097.014493550079 37846.000000000007 38847.500000000007 34421.048494538794 30369.500000000004 34724.425522802536 8.4953559027777796 29696.500000000004 36682.500000000007 -0.82968937203783677 36558.079481930494 35401.500000000007
decision_type=2 2 2 2 2 2 2 2 2 2 2 2 2 2 2 2 2 2
left_child=2 3 5 7 11 -1 -3 10 -5 -6 -2 -4 -10 -7 15 -11 17 -12
right_child=1 6 4 8 9 13 -8 -9 12 14 16 -13 -14 -15 -16 -17 -18 -19
leaf_value=-95.458634934447886 117.05922888975923 57.300298401325016 30.134503744306034 51.09014677977914 0.63127177001706736 3.7549008845905978 101.90675678897367 16.1433183651965 32.595100713585367 30.709392707161282 33.270034156641614 36.241888801467354 57.676926816580824 -14.451237029780444 -0.46907155690703783 12.950646399996677 35.693010950658554 21.512296329002677
leaf_weight=269233 390 4309 2178 6903 6737 8773 5662 2356 2674 1857 2608 896 399 29412 2202 5868 4017 3326
leaf_count=269233 390 4309 2178 6903 6737 8773 5662 2356 2674 1857 2608 896 399 29412 2202 5868 4017 3326
internal_value=-0.000645368 0.011334 -0.00184068 0.0086944 0.00241685 -0.00211404 0.0173361 0.00700936 0.010839 0.00169319 0.00780149 0.00633977 0.00820343 -0.00101009 0.002793 0.00361055 0.00748874 0.00627969
internal_weight=359800 32644 327156 22673 19738 307418 9971 12697 9976 16664 10341 3074 3073 38185 9927 7725 9951 5934
internal_count=359800 32644 327156 22673 19738 307418 9971 12697 9976 16664 10341 3074 3073 38185 9927 7725 9951 5934
is_linear=0
shrinkage=0.0229654


Tree=32
num_leaves=19
num_cat=0
split_feature=35 36 35 3 3 3 3 3 12 10 35 35 4 7 3 3 36 15
split_gain=6530.48 926.38 669.067 337.514 203.743 196.531 137.315 126.494 126.191 114.773 105.382 94.969 118.258 83.1017 80.0128 72.9448 71.9949 70.7107
threshold=35950.500000000007 32394.000000000004 39830.500000000007 1.0000000180025095e-35 3.5000000000000004 1.0000000180025095e-35 4.5000000000000009 5.5000000000000009 10.243750000000004 0.6830127018922193 33243.500000000007 30749.500000000004 1.5000000000000002 -0.65793410509763395 1.0000000180025095e-35 4.5000000000000009 39520.500000000007 10.431250000000004
decision_type=2 2 2 2 2 2 2 2 2 2 2 2 2 2 2 2 2 2
left_child=1 11 3 -2 8 9 -4 15 -5 -3 -7 -1 13 -13 -15 17 -12 -6
right_child=2 5 6 4 7 10 -8 -9 -10 -11 16 12 -14 14 -16 -17 -18 -19
leaf_value=-84.675110181260962 68.215645080615147 19.554070495697065 92.020796983154142 41.703787408151015 34.117995427770872 -6.4942236573809549 57.140340061123077 45.684563594064322 14.016749819026392 43.210449360945177 12.643950895683691 72.530087184383248 -11.882602468830836 116.66175940807912 2.4135758389164188 1.7514204400210576 35.697701651798944 14.463991243090849
leaf_weight=271624 1752 4608 7048 10856 1199 12216 1312 1536 1880 4344 12600 688 18320 200 2400 3608 776 2833
leaf_count=271624 1752 4608 7048 10856 1199 12216 1312 1536 1880 4344 12600 688 18320 200 2400 3608 776 2833
internal_value=-0.000665665 -0.00163275 0.00923278 0.00725976 0.00648423 0.00192438 0.0148176 0.00387529 0.00836391 0.00485321 0.000899879 -0.0020518 -0.000586464 0.00342386 0.00154575 0.00266627 0.00230822 0.00478902
internal_weight=359800 327776 32024 23664 21912 34544 8360 9176 12736 8952 25592 293232 21608 3288 2600 7640 13376 4032
internal_count=359800 327776 32024 23664 21912 34544 8360 9176 12736 8952 25592 293232 21608 3288 2600 7640 13376 4032
is_linear=0
shrinkage=0.0229654


Tree=33
num_leaves=19
num_cat=0
split_feature=37 37 37 37 37 35 37 35 37 35 30 37 37 35 35 36 36 36
split_gain=9051.8 977.021 683.613 138.45 110.531 101.454 92.7612 71.7858 67.5287 58.7027 74.4985 55.3379 49.6426 48.0361 40.3409 38.7884 38.7865 30.8998
threshold=35683.73035002665 39042.268978538174 33138.221006374057 36939.885737871497 40588.166703123112 31795.000000000004 29434.265035654997 35401.500000000007 34421.048494538794 37664.500000000007 1051.0312500000002 34724.425522802536 38473.853897399989 28354.500000000004 36682.500000000007 39520.500000000007 32237.500000000004 30369.500000000004
decision_type=2 2 2 2 2 2 2 2 2 2 2 2 2 2 2 2 2 2
left_child=2 3 6 7 -3 11 -1 16 -7 15 -11 -4 -12 -8 17 -5 -2 -10
right_child=1 4 5 9 -6 8 13 -9 14 10 12 -13 -14 -15 -16 -17 -18 -19
leaf_value=-94.208751031163516 112.44371580042181 58.668598556319608 28.397251141226683 57.624325509426647 107.07365466179151 -0.86156123935048667 9.2492723927950991 20.855117047189985 28.51965422498419 51.4225695549462 26.044748781124788 34.739469216815486 34.495795301173331 -14.353694092655473 -0.78843206284635736 34.212036295837414 31.801758732573244 16.754612923381536
leaf_weight=266378 320 5753 2890 4419 4218 8862 5058 6354 430 1050 3916 896 1914 33145 2202 1529 3171 7295
leaf_count=266378 320 5753 2890 4419 4218 8862 5058 6354 430 1050 3916 896 1914 33145 2202 1529 3171 7295
internal_value=-0.000679452 0.0108521 -0.00183008 0.00821733 0.0168432 0.00202594 -0.00211588 0.00616882 0.00133485 0.00978948 0.00834499 0.00545565 0.00733081 -0.00105759 0.00263569 0.0114603 0.00881448 0.00341731
internal_weight=359800 32644 327156 22673 9971 22575 304581 9845 18789 12828 6880 3786 5830 38203 9927 5948 3491 7725
internal_count=359800 32644 327156 22673 9971 22575 304581 9845 18789 12828 6880 3786 5830 38203 9927 5948 3491 7725
is_linear=0
shrinkage=0.0229654


Tree=34
num_leaves=19
num_cat=0
split_feature=26 0 0 5 10 0 10 0 9 6 0 0 5 0 33 10 1 22
split_gain=2133.62 1494.28 890.137 666.997 654.966 418.557 407.94 309.695 325.42 272.54 251.87 161.521 156.404 138.592 126.24 114.577 111.618 93.3167
threshold=5.9483072916666684 15.500000000000002 42.500000000000007 1.0000000180025095e-35 0.6830127018922193 16.500000000000004 0.25000000000000017 40.500000000000007 0.25000000000000011 1.0000000180025095e-35 32.500000000000007 32.500000000000007 1.0000000180025095e-35 40.500000000000007 0.77430555555555569 1.0000000180025095e-35 15.500000000000002 2.4973958333333335
decision_type=2 2 2 2 2 2 2 2 2 2 2 2 2 2 2 2 2 2
left_child=1 -1 3 6 15 -6 -3 8 11 10 14 -7 -10 -12 -8 -2 -5 -18
right_child=4 2 -4 16 5 7 9 -9 12 -11 13 -13 -14 -15 -16 -17 17 -19
leaf_value=-68.083791432742814 -91.56257831408233 9.251307458224213 -16.941034236246264 -1.1764193326839623 -83.734200395333048 3.1368638195140535 33.706111601701252 -21.53157445764559 56.779335699908465 -33.678605821746125 82.98380628743331 24.133592971203793 14.524126259278185 31.245647369630028 71.222336634024529 -16.487845613343762 75.823796793380652 19.361993791682519
leaf_weight=19602 184555 3344 7830 5962 15111 10268 9272 7481 5316 928 6506 5131 1729 1613 4506 67221 625 2800
leaf_count=19602 184555 3344 7830 5962 15111 10268 9272 7481 5316 928 6506 5131 1729 1613 4506 67221 625 2800
internal_value=-0.000699686 0.00313928 0.00551686 0.00706053 -0.00151437 0.00103639 0.00894439 0.00260965 0.00395847 0.0100419 0.0105585 0.00208805 0.00804686 0.0137671 0.00866778 -0.00197064 0.00180871 0.00511274
internal_weight=359800 62988 43386 35556 296812 45036 26169 29925 22444 22825 21897 15399 7045 8119 13778 251776 9387 3425
internal_count=359800 62988 43386 35556 296812 45036 26169 29925 22444 22825 21897 15399 7045 8119 13778 251776 9387 3425
is_linear=0
shrinkage=0.0229654


Tree=35
num_leaves=19
num_cat=0
split_feature=37 37 37 37 37 37 3 4 8 37 36 30 4 3 3 36 37 21
split_gain=8437.97 1027.08 566.316 145.211 136.83 100.651 69.2905 52.2057 60.1612 38.3417 36.53 35.5128 35.1062 32.482 35.975 32.291 30.4757 29.9268
threshold=35510.355415441394 39042.268978538174 33138.221006374057 37353.276481140922 40588.166703123112 29544.946066381894 1.5000000000000002 1.5000000000000002 -0.5 34270.409831791323 29919.500000000004 1051.0312500000002 10.500000000000002 1.5000000000000002 5.5000000000000009 30043.500000000004 36373.894888711664 6.459765625000002
decision_type=2 2 2 2 2 2 2 2 2 2 2 2 2 2 2 2 2 2
left_child=2 3 5 15 -3 -1 7 8 -4 -8 -11 -5 -9 -13 -15 -2 -17 -14
right_child=1 4 6 11 -6 -7 9 12 -10 10 -12 13 17 14 -16 16 -18 -19
leaf_value=-89.131666979521015 107.15894994042542 55.644241340127927 35.641359792152315 51.272456121824554 102.82423426834417 -9.9132301698217358 -2.6872913375970242 7.9970034552485494 22.237088093561365 27.132716875279311 10.032866805840566 49.460735199877917 31.634414737593147 32.139766280461487 47.067183701992114 23.854211550118951 28.837037012907484 17.231625918759541
leaf_weight=267820 452 5753 360 1496 4218 36761 6798 3301 478 408 7152 2975 832 5049 456 6761 6869 1861
leaf_count=267820 452 5753 360 1496 4218 36761 6798 3301 478 408 7152 2975 832 5049 456 6761 6869 1861
internal_value=-0.000717239 0.0101644 -0.0018539 0.00759582 0.0163618 -0.00210646 0.00177632 0.00368011 0.00904914 0.000870439 0.0019958 0.00971564 0.00292949 0.00914012 0.00809525 0.0060941 0.00589384 0.00487535
internal_weight=359800 34029 325771 24058 9971 304581 21190 6832 838 14358 7560 9976 5994 8480 5505 14082 13630 2693
internal_count=359800 34029 325771 24058 9971 304581 21190 6832 838 14358 7560 9976 5994 8480 5505 14082 13630 2693
is_linear=0
shrinkage=0.0229654


Tree=36
num_leaves=19
num_cat=0
split_feature=35 36 35 3 3 3 10 3 3 27 35 35 4 35 25 36 7 3
split_gain=5633.19 826.58 661.322 325.102 192.131 172.799 143.344 132.33 107.935 107.407 93.0342 80.8888 106.441 74.5 65.8776 65.5996 64.8717 78.8688
threshold=35950.500000000007 31661.500000000004 39830.500000000007 1.0000000180025095e-35 1.0000000180025095e-35 3.5000000000000004 0.6830127018922193 4.5000000000000009 5.5000000000000009 1.6379650297619037 33901.500000000007 30494.500000000004 1.5000000000000002 30623.000000000004 5.2752604166666677 41226.000000000007 -0.7502300607388912 1.0000000180025095e-35
decision_type=2 2 2 2 2 2 2 2 2 2 2 2 2 2 2 2 2 2
left_child=1 11 3 -2 6 9 13 14 -7 -5 -6 -1 16 -3 -4 -11 -13 -18
right_child=2 4 7 5 10 8 -8 -9 -10 15 -12 12 -14 -15 -16 -17 17 -19
leaf_value=-81.068342144927982 61.346138516879066 -6.7648032104697364 88.222534245153298 38.247982454854814 -5.3114670853065533 12.208820536076267 40.65895329199914 51.056811441775267 42.028133631012864 16.335965700703191 12.953001858084574 66.510188849610969 -12.083910133791225 34.794628556221021 67.25629346260628 35.044535053001773 107.64838380657916 3.0104066478589409
leaf_weight=266744 1752 3432 4805 8908 19040 7640 4720 1312 1536 3174 11496 496 17120 2112 2243 654 224 2392
leaf_count=266744 1752 3432 4805 8908 19040 7640 4720 1312 1536 3174 11496 496 17120 2112 2243 654 224 2392
internal_value=-0.000735749 -0.00163394 0.00845756 0.006496 0.00142464 0.00573485 0.0041429 0.01401 0.00333219 0.00746592 0.00051096 -0.00206879 -0.000668803 0.00163873 0.0152566 0.00424872 0.00323818 0.00179439
internal_weight=359800 327776 32024 23664 40800 21912 10264 8360 9176 12736 30536 286976 20232 5544 7048 3828 3112 2616
internal_count=359800 327776 32024 23664 40800 21912 10264 8360 9176 12736 30536 286976 20232 5544 7048 3828 3112 2616
is_linear=0
shrinkage=0.0229654


Tree=37
num_leaves=19
num_cat=0
split_feature=35 36 35 3 29 3 3 3 28 3 36 35 36 8 10 35 26 24
split_gain=5435.73 798.944 643.268 319.221 203.842 164.635 162.732 129.277 104.353 100.341 97.7434 80.4283 80.1681 77.6529 76.2246 71.7322 67.0406 64.1854
threshold=35950.500000000007 31661.500000000004 39830.500000000007 1.0000000180025095e-35 396.75625000000008 3.5000000000000004 1.5000000000000002 4.5000000000000009 0.53696784420289767 5.5000000000000009 40727.500000000007 30270.500000000004 35754.000000000007 -0.5 0.6830127018922193 41867.500000000007 1.6664062500000003 -0.037500000000000304
decision_type=2 2 2 2 2 2 2 2 2 2 2 2 2 2 2 2 2 2
left_child=1 11 3 -2 -3 8 13 15 -5 -7 -10 -1 -8 14 -6 17 -13 -4
right_child=2 4 7 5 6 9 12 -9 10 -11 -12 16 -14 -15 -16 -17 -18 -19
leaf_value=-80.590565122075219 59.937299359559155 -0.17347052287436537 59.6240454083893 40.583780307659225 40.705573428406453 11.928439979911584 0.63331797721682692 49.884270888350144 14.259615634335823 41.062940355609605 31.999758326809417 42.700795152550377 25.448511164372995 20.945631431204255 44.21779349419166 107.8312638368848 -9.1833428790731713 54.348084704815385
leaf_weight=264904 1752 23518 1923 8305 1988 7640 7080 1312 3535 1536 896 915 3139 2770 2305 2416 21157 2709
leaf_count=264904 1752 23518 1923 8305 1988 7640 7080 1312 3535 1536 896 915 3139 2770 2305 2416 21157 2709
internal_value=-0.0007496 -0.00163191 0.00828114 0.00634654 0.00137511 0.00559232 0.00326874 0.0137573 0.007282 0.00324709 0.00443604 -0.00205943 0.00141604 0.00594929 0.00788356 0.0149894 -0.000727502 0.0133162
internal_weight=359800 327776 32024 23664 40800 21912 17282 8360 12736 9176 4431 286976 10219 7063 4293 7048 22072 4632
internal_count=359800 327776 32024 23664 40800 21912 17282 8360 12736 9176 4431 286976 10219 7063 4293 7048 22072 4632
is_linear=0
shrinkage=0.0229654


Tree=38
num_leaves=19
num_cat=0
split_feature=37 37 37 37 35 37 37 35 37 37 35 30 22 35 35 37 8 35
split_gain=7562.5 1076.18 465.405 179.918 122.021 110.329 105.922 84.1466 51.9995 44.7752 74.5223 45.3798 39.0907 31.9898 31.148 30.9795 30.7469 29.2093
threshold=35349.906436027122 39354.389669697441 31462.010697715847 36939.885737871497 29804.500000000004 40588.166703123112 34107.426737346999 35401.500000000007 29110.947298392126 38473.853897399989 38086.000000000007 1092.6062500000003 9.6250434027777789 28119.500000000004 29483.000000000004 36204.943172306936 -0.55438071450436044 36514.500000000007
decision_type=2 2 2 2 2 2 2 2 2 2 2 2 2 2 2 2 2 2
left_child=2 3 8 7 12 -3 -6 14 -1 10 -5 -12 16 -10 -2 -9 -4 -8
right_child=1 5 4 9 6 -7 17 15 13 -11 11 -13 -14 -15 -16 -17 -18 -19
leaf_value=-89.182136246488909 41.553953670236069 53.963621306294499 38.356599771992677 43.532443265902891 -6.8180632430168098 96.493702034939446 12.78671813292774 12.597566921735829 5.9501482098113829 40.612876025940125 45.949771963552998 18.854990962869632 -2.5341619312049297 -17.268399368924534 30.64661535917995 19.835238644569415 8.0780800677905393 -2.6664503135652753
leaf_weight=262147 285 4302 2412 6367 20645 4218 8379 3799 4354 4322 649 2941 753 22498 4613 3917 1028 2171
leaf_count=262147 285 4302 2412 6367 20645 4218 8379 3799 4354 4322 649 2941 753 22498 4613 3917 1028 2171
internal_value=-0.000760706 0.00931619 -0.00186079 0.0070628 0.000625078 0.0164289 0.000130673 0.00506426 -0.00216519 0.00882831 0.00798104 0.00533514 0.00430334 -0.00120267 0.00741851 0.00356982 0.00534079 0.00200267
internal_weight=359800 35413 324387 26893 35388 8520 31195 12614 288999 14279 9957 3590 4193 26852 4898 7716 3440 10550
internal_count=359800 35413 324387 26893 35388 8520 31195 12614 288999 14279 9957 3590 4193 26852 4898 7716 3440 10550
is_linear=0
shrinkage=0.0229654


Tree=39
num_leaves=19
num_cat=0
split_feature=35 35 35 26 26 0 26 10 35 8 30 16 35 24 25 35 16 35
split_gain=5054.12 624.584 615.535 140.276 111.836 98.6062 82.5684 78.0617 77.5619 71.2001 92.3333 62.8789 55.9103 55.854 52.174 46.0249 47.7341 45.8023
threshold=35950.500000000007 40221.000000000007 31538.000000000004 5.3605468750000007 5.8214843750000016 31.500000000000004 5.2751302083333345 0.6830127018922193 27487.500000000004 -0.5 1111.8187500000001 9.9375000000000018 38284.500000000007 1.6625000000000025 9.9877604166666689 37073.500000000007 121.06250000000001 34227.000000000007
decision_type=2 2 2 2 2 2 2 2 2 2 2 2 2 2 2 2 2 2
left_child=2 3 8 12 7 -3 -7 -4 -1 10 -10 -9 -2 15 -8 -5 -17 -6
right_child=1 5 4 13 17 6 14 11 9 -11 -12 -13 -14 -15 -16 16 -18 -19
leaf_value=-100.89867987600674 37.326498437418053 52.219805777580135 7.4592125453317513 17.624888059009695 -3.7701263027116214 96.752429855571918 63.386144194469928 18.389948910479607 -19.530262952086314 -27.067217262758405 21.071338825805828 36.407158883272018 48.513895555100667 13.050126644804203 -5.6688883623478477 32.349383317849885 -1.0795287283412636 9.8329319998873359
leaf_weight=232584 7188 1672 6075 3570 17655 3194 1931 3766 13772 35544 6964 2859 4188 4256 155 5399 471 8557
leaf_count=232584 7188 1672 6075 3570 17655 3194 1931 3766 13772 35544 6964 2859 4188 4256 155 5399 471 8557
internal_value=-0.000779663 0.00792831 -0.00163044 0.00623946 0.00108111 0.0140191 0.0155582 0.00284988 -0.0019957 -0.0012307 -0.000161255 0.00457402 0.0081243 0.0046739 0.0120045 0.00565864 0.00690918 0.000224116
internal_weight=359800 32024 327776 25072 38912 6952 5280 12700 288864 56280 20736 6625 11376 13696 2086 9440 5870 26212
internal_count=359800 32024 327776 25072 38912 6952 5280 12700 288864 56280 20736 6625 11376 13696 2086 9440 5870 26212
is_linear=0
shrinkage=0.0229654


Tree=40
num_leaves=19
num_cat=0
split_feature=35 35 36 5 29 35 8 26 36 26 5 10 36 35 35 10 10 30
split_gain=4818.77 815.589 518.498 190.488 155.643 148.508 145.443 129.858 94.8749 87.231 68.3178 85.306 58.4361 57.586 51.3745 48.121 53.4845 66.9908
threshold=34880.500000000007 39506.500000000007 31254.500000000004 1.0000000180025095e-35 396.75625000000008 41867.500000000007 -0.5 5.3605468750000007 37846.000000000007 4.5654947916666675 1.0000000180025095e-35 0.25000000000000017 41226.000000000007 29483.000000000004 36866.500000000007 0.93301270189221952 0.6830127018922193 1159.5875000000003
decision_type=2 2 2 2 2 2 2 2 2 2 2 2 2 2 2 2 2 2
left_child=2 3 13 7 -4 9 10 14 -5 -3 11 -6 -9 -1 -2 16 -13 -18
right_child=1 5 4 8 6 -7 -8 12 -10 -11 -12 15 -14 -15 -16 -17 17 -19
leaf_value=-82.638162850943829 28.211300206052421 53.60238215988511 -3.9237876056092134 3.9749105235368005 11.068494203966061 98.474241741432351 1.0454047169648397 20.15352556238512 37.875552415224618 42.14093386489543 1.9195128761522018 40.543658157014455 30.223147096021748 -10.062625466818849 48.512848269815031 21.749085533756567 17.91746147974111 48.431706739314293
leaf_weight=255872 4269 3478 22890 6352 1412 2752 6631 12570 824 3474 1495 2081 1246 26040 5379 1339 329 1367
leaf_count=255872 4269 3478 22890 6352 1412 2752 6631 12570 824 3474 1495 2081 1246 26040 5379 1339 329 1367
internal_value=-0.00079096 0.00668777 -0.00173545 0.00485017 0.000799849 0.0124899 0.0026479 0.00585156 0.00157583 0.0107024 0.0047279 0.00574206 0.00442387 -0.00207309 0.00789603 0.00712125 0.0084474 0.0114746
internal_weight=359800 40344 319456 30640 37544 9704 14654 23464 7176 6952 8023 6528 13816 281912 9648 5116 3777 1696
internal_count=359800 40344 319456 30640 37544 9704 14654 23464 7176 6952 8023 6528 13816 281912 9648 5116 3777 1696
is_linear=0
shrinkage=0.0229654


Tree=41
num_leaves=19
num_cat=0
split_feature=21 0 0 4 3 9 0 0 32 33 4 3 0 3 16 9 0 16
split_gain=1683.61 1204.54 741.389 527.826 515.824 307.246 272.627 183.015 177.382 171.951 162.643 158.141 152.167 178.261 114.293 112.601 96.1777 150.083
threshold=6.0920572916666682 16.500000000000004 42.500000000000007 1.5000000000000002 3.5000000000000004 0.93301270189221952 15.500000000000002 41.500000000000007 1.0000000180025095e-35 0.76736111111111127 1.5000000000000002 4.5000000000000009 16.500000000000004 1.0000000180025095e-35 144.06250000000003 -0.24999999999999994 40.500000000000007 55.187500000000007
decision_type=2 2 2 2 2 2 2 2 2 2 2 2 2 2 2 2 2 2
left_child=1 -1 4 6 5 9 -2 11 12 14 -6 -8 -5 16 15 -3 17 -14
right_child=3 2 -4 8 10 -7 7 -9 -10 -11 -12 -13 13 -15 -16 -17 -18 -19
leaf_value=-46.6305465694115 -65.642184982030969 43.252205146177424 -17.333482863271232 -103.19082644256392 43.205007934868419 6.3504468536534393 46.780343882003478 -15.491910314506827 -79.692627088012131 75.68046398361048 8.8388193884591946 3.7023967833346072 35.073236419764157 -9.9783709308711224 24.201201675189605 41.504225865752836 -16.368924168302541 10.88142423382012
leaf_weight=21983 4296 1651 8207 39222 5578 2559 5780 2015 163970 6127 10240 1628 2770 65440 1910 7676 2978 5770
leaf_count=21983 4296 1651 8207 39222 5578 2559 5780 2015 163970 6127 10240 1628 2770 65440 1910 7676 2978 5770
internal_value=-0.000803152 0.00251348 0.00470888 -0.00154725 0.00613822 0.00859655 0.00285096 0.00503689 -0.00176264 0.00969139 0.00304192 0.0067061 -0.00107612 -0.000482776 0.00800386 0.00905197 0.00215179 0.00339103
internal_weight=359800 65931 43948 293869 35741 19923 13719 9423 280150 17364 15818 7408 116180 76958 11237 9327 11518 8540
internal_count=359800 65931 43948 293869 35741 19923 13719 9423 280150 17364 15818 7408 116180 76958 11237 9327 11518 8540
is_linear=0
shrinkage=0.0229654


Tree=42
num_leaves=19
num_cat=0
split_feature=10 1 0 25 4 3 3 0 3 22 22 19 0 0 4 0 22 0
split_gain=1660.97 1299.2 851.818 1091.66 444.888 431.394 169.911 164.658 153.341 117.57 109.293 85.2026 76.4066 70.6715 69.1044 67.171 69.2813 58.5101
threshold=0.25000000000000017 7.5000000000000009 41.500000000000007 5.4346354166666675 1.5000000000000002 4.5000000000000009 2.5000000000000004 32.500000000000007 4.5000000000000009 9.6762586805555575 3.0213107638888892 14.893750000000002 39.500000000000007 33.500000000000007 3.5000000000000004 25.500000000000004 0.88997395833333348 33.500000000000007
decision_type=2 2 2 2 2 2 2 2 2 2 2 2 2 2 2 2 2 2
left_child=14 -2 3 5 8 7 9 11 17 13 -9 -3 -12 -6 -1 -7 -17 -5
right_child=1 2 -4 4 6 15 -8 10 -10 -11 12 -13 -14 -15 -16 16 -18 -19
leaf_value=-15.049537203586304 -61.525588850232467 38.516890479702916 -20.145508498545198 37.35349113359694 21.994619498790829 -11.948821773039745 -3.7190167684733546 109.47985572514204 8.9566014817062634 2.3932140703036318 53.950582470866166 81.207903340663819 26.238005922717825 31.720965628005874 -76.983789064504364 64.081265016330235 16.359691658607556 63.294669956977323
leaf_weight=35664 46368 9758 20304 4773 6950 1800 22808 1424 2218 7206 4632 728 1408 2628 185096 320 3877 1838
leaf_count=35664 46368 9758 20304 4773 6950 1800 22808 1424 2218 7206 4632 728 1408 2628 185096 320 3877 1838
internal_value=-0.000817704 0.00114844 0.00271872 0.00388496 0.00190137 0.00789582 0.00086184 0.00967746 0.00656292 0.00261563 0.0122845 0.00782173 0.0109352 0.00428282 -0.00205603 0.00256307 0.00415479 0.00831597
internal_weight=359800 139040 92672 72368 48421 23947 39592 17950 8829 16784 7464 10486 6040 9578 220760 5997 4197 6611
internal_count=359800 139040 92672 72368 48421 23947 39592 17950 8829 16784 7464 10486 6040 9578 220760 5997 4197 6611
is_linear=0
shrinkage=0.0229654


Tree=43
num_leaves=19
num_cat=0
split_feature=37 37 37 37 37 37 3 36 30 0 3 3 36 24 36 0 9 3
split_gain=6297.49 1073.26 475.744 178.795 117.123 90.8369 81.9147 50.1029 50.1943 48.7337 37.2029 35.2187 33.8783 32.5126 30.7527 27.6801 38.142 26.3934
threshold=35349.906436027122 39716.83368484956 29908.181515470071 37558.007549116825 34107.426737346999 40588.166703123112 1.0000000180025095e-35 31946.500000000004 842.77500000000009 41.500000000000007 1.0000000180025095e-35 1.5000000000000002 27819.500000000004 1.1000000000000025 39520.500000000007 30.500000000000004 0.68301270189221941 3.5000000000000004
decision_type=2 2 2 2 2 2 2 2 2 2 2 2 2 2 2 2 2 2
left_child=2 3 -1 12 6 -3 7 8 -4 -10 14 15 -2 -12 -5 16 -6 -14
right_child=1 5 4 10 11 -7 -8 -9 9 -11 13 -13 17 -15 -16 -17 -18 -19
leaf_value=-73.037871925142014 103.72834658136094 51.147636794037751 2.4879330693373172 52.549557655062813 27.251459534763498 87.851608936735474 -7.5502873630114733 -1.2319510717030557 39.339847822039467 3.4715033844841461 34.443202430416157 8.0703827024496277 25.556129707613803 25.305174649819008 33.531441903670121 7.4214069379834768 8.1064435538933317 16.764488868829584
leaf_weight=272047 169 2831 1346 1433 1396 4218 34464 3254 1423 533 7432 7617 11428 2028 630 1680 627 5244
leaf_count=272047 169 2831 1346 1433 1396 4218 34464 3254 1423 533 7432 7617 11428 2028 630 1680 627 5244
internal_value=-0.00082747 0.00836808 -0.00183134 0.006375 0.000173754 0.0163879 -0.00039694 0.00195605 0.00394905 0.00629788 0.00857929 0.00224176 0.00486677 0.00796992 0.0113736 0.00407895 0.00588836 0.00476306
internal_weight=359800 35413 324387 28364 52340 7049 41020 6556 3302 1956 11523 11320 16841 9460 2063 3703 2023 16672
internal_count=359800 35413 324387 28364 52340 7049 41020 6556 3302 1956 11523 11320 16841 9460 2063 3703 2023 16672
is_linear=0
shrinkage=0.0229654


Tree=44
num_leaves=19
num_cat=0
split_feature=37 37 37 37 37 37 37 3 36 8 3 7 3 24 36 36 36 36
split_gain=6053.47 926.261 602.565 121.615 119.268 98.3841 81.7891 63.4794 49.1186 48.2505 44.724 43.139 37.3867 33.3712 31.8388 30.1973 29.9642 27.3471
threshold=35846.50295650318 39716.83368484956 31462.010697715847 34107.426737346999 37558.007549116825 41166.464389715322 28798.095678294521 1.0000000180025095e-35 31946.500000000004 -0.55438071450436044 1.0000000180025095e-35 -0.19467261866128624 1.0000000180025095e-35 0.90000000000000069 27900.500000000004 27738.000000000004 39520.500000000007 30369.500000000004
decision_type=2 2 2 2 2 2 2 2 2 2 2 2 2 2 2 2 2 2
left_child=2 4 6 7 14 -3 -1 8 11 10 -5 -4 16 -14 -2 -9 -6 -11
right_child=1 5 3 9 12 -7 -8 15 -10 17 -12 -13 13 -15 -16 -17 -18 -19
leaf_value=-83.286818200853006 101.75363575196997 52.690290697203899 11.761949278463334 28.089675550473039 51.342735574420836 94.166057973947659 -10.512664873501027 34.057316959624046 7.4450396352169124 30.199814345396714 16.012834304100235 37.882320801161924 34.222701368339187 24.021852753981857 24.111314681815994 -6.6057711723608996 32.76137862833788 4.9914713379492897
leaf_weight=257911 99 4276 877 1376 1433 2773 31088 467 2433 364 5961 581 7188 2272 12586 19710 630 7775
leaf_count=257911 99 4276 877 1376 1433 2773 31088 467 2433 364 5961 581 7188 2272 12586 19710 630 7775
internal_value=-0.000843555 0.00881402 -0.00176236 0.000896454 0.00668072 0.0161403 -0.00212617 -0.000124808 0.00256096 0.0024847 0.00383529 0.00589414 0.00837202 0.00776114 0.00514436 -0.000642741 0.0111732 0.0012672
internal_weight=359800 31257 328543 39544 24208 7049 288999 24068 3891 15476 7337 1458 11523 9460 12685 20177 2063 8139
internal_count=359800 31257 328543 39544 24208 7049 288999 24068 3891 15476 7337 1458 11523 9460 12685 20177 2063 8139
is_linear=0
shrinkage=0.0229654


Tree=45
num_leaves=19
num_cat=0
split_feature=10 7 8 19 21 3 3 19 3 21 21 6 3 21 7 7 10 7
split_gain=1502.39 1538.5 800.381 608.875 413.348 252.598 190.402 205.293 168.17 106.077 102.851 102.841 102.416 108.154 82.2037 74.0958 70.5815 83.6415
threshold=0.25000000000000017 -0.82968937203783699 -0.5 9.4937500000000021 6.0920572916666682 4.5000000000000009 3.5000000000000004 4.4812500000000011 3.5000000000000004 3.1248697916666672 1.0000000180025095e-35 1.0000000180025095e-35 4.5000000000000009 9.6251302083333368 -0.65793410509763395 -0.94490267940017747 1.0000000180025095e-35 -0.82968937203783699
decision_type=2 2 2 2 2 2 2 2 2 2 2 2 2 2 2 2 2 2
left_child=16 3 4 6 5 10 7 -2 11 -10 -3 -5 13 -6 -4 -9 -1 -18
right_child=1 2 14 8 12 -7 -8 15 9 -11 -12 -13 -14 -15 -16 -17 17 -19
leaf_value=-71.851018115235448 4.5158423939967394 81.570273431355716 6.6325640766070464 68.32670198305037 21.267380536189229 4.0032363620741309 5.1385677201008146 40.883750449632608 58.583329026456198 20.589460507297954 33.422327386762468 -17.125167708743536 -36.693198579621935 -4.6973928169141272 -42.024374431394193 25.016359958923523 7.5413213242344277 -28.885846510506088
leaf_weight=185096 3291 597 5792 4916 9949 4791 7474 3676 1426 2116 12137 207 7329 8637 63744 2958 6696 28968
leaf_count=185096 3291 597 5792 4916 9949 4791 7474 3676 1426 2116 12137 207 7329 8637 63744 2958 6696 28968
internal_value=-0.000862384 0.00100754 -0.000152783 0.00603705 0.00229284 0.00501701 0.00355997 0.00564475 0.0110109 0.00716324 0.00670819 0.0136712 0.000450623 0.00135721 -0.00168059 0.00797108 -0.00204011 -0.00110461
internal_weight=359800 139040 112976 26064 43440 17525 17399 9925 8665 3542 12734 5123 25915 18586 69536 6634 220760 35664
internal_count=359800 139040 112976 26064 43440 17525 17399 9925 8665 3542 12734 5123 25915 18586 69536 6634 220760 35664
is_linear=0
shrinkage=0.0229654


Tree=46
num_leaves=19
num_cat=0
split_feature=35 35 36 35 35 29 8 24 16 36 25 26 26 26 36 35 36 15
split_gain=3807.58 784.321 397.76 184.529 118.547 115.293 93.8644 91.7328 66.2749 66.0314 63.1983 52.5183 51.9106 47.4586 47.0868 44.296 43.2695 47.4957
threshold=34388.000000000007 40221.000000000007 30145.500000000004 37073.500000000007 41867.500000000007 405.45625000000013 -0.44134171618254459 0.29999999999999999 137.56250000000003 36686.500000000007 4.9028645833333346 0.78072916666666681 1.9851562500000004 5.2191406250000005 31254.500000000004 29483.000000000004 41226.000000000007 11.493750000000004
decision_type=2 2 2 2 2 2 2 2 2 2 2 2 2 2 2 2 2 2
left_child=2 3 15 9 10 -4 14 11 -6 12 -3 -5 -2 -11 -7 -1 17 -9
right_child=1 4 5 7 8 6 -8 16 -10 13 -12 -13 -14 -15 -16 -17 -18 -19
leaf_value=-76.958317728159571 31.007028663449844 46.411970128798501 -5.7138965697931727 66.80999608760655 88.374868381168028 -4.0649257830768617 -1.6276712138448546 21.127419432931216 -1.4567388876391985 28.839902580221352 36.754440344819386 32.358948371247493 9.2669551992450145 17.86163741700609 29.644356492897149 -9.8697960865701937 27.813254907421403 11.700122008511816
leaf_weight=250904 864 2513 29467 546 2633 1456 6785 2211 119 2333 1687 9122 13184 4595 7340 19320 698 4023
leaf_count=250904 864 2513 29467 546 2633 1456 6785 2211 119 2333 1687 9122 13184 4595 7340 19320 698 4023
internal_value=-0.000872852 0.00541344 -0.00176071 0.00410243 0.0124995 0.000237158 0.0018349 0.00591152 0.0162043 0.00267076 0.010072 0.0073571 0.00176589 0.00450557 0.00340043 -0.00209376 0.00389537 0.00328825
internal_weight=359800 44528 315272 37576 6952 45048 15581 16600 2752 20976 4200 9668 14048 6928 8796 270224 6932 6234
internal_count=359800 44528 315272 37576 6952 45048 15581 16600 2752 20976 4200 9668 14048 6928 8796 270224 6932 6234
is_linear=0
shrinkage=0.0229654


Tree=47
num_leaves=19
num_cat=0
split_feature=37 37 37 37 37 3 37 3 1 16 36 37 36 37 3 7 36 24
split_gain=5365.34 1071.25 399.637 174.179 120.257 106.897 50.3268 44.0444 40.0069 39.8007 38.7182 44.4297 37.7476 36.6039 35.7831 49.0584 32.5 32.062
threshold=35034.858621994994 39716.83368484956 29434.265035654997 37353.276481140922 41166.464389715322 1.0000000180025095e-35 34107.426737346999 1.0000000180025095e-35 13.500000000000002 137.56250000000003 31946.500000000004 33138.221006374057 39520.500000000007 31884.863887757954 1.0000000180025095e-35 0.32075123873380545 32536.500000000004 0.90000000000000069
decision_type=2 2 2 2 2 2 2 2 2 2 2 2 2 2 2 2 2 2
left_child=2 3 -1 14 -3 8 -7 12 10 -6 13 -12 -5 -4 15 16 -2 -9
right_child=1 4 5 7 9 6 -8 17 -10 -11 11 -13 -14 -15 -16 -17 -18 -19
leaf_value=-71.332749790713976 97.019099374260051 48.992631763039093 19.467454828861555 49.659601947532849 89.148771010350345 -7.6332007472516965 6.3102734244803127 32.247192431388328 3.8156603621412781 38.400971572546254 -13.1849019480895 30.340538120603529 30.60432330803318 45.739381691487935 17.186517856878023 62.416404464812594 22.682916155140756 21.828462363121126
leaf_weight=266378 242 4276 1313 1637 2696 39288 7091 7999 4338 77 1275 1141 697 686 14998 584 2519 2565
leaf_count=266378 242 4276 1313 1637 2696 39288 7091 7999 4338 77 1275 1141 697 686 14998 584 2519 2565
internal_value=-0.000884086 0.00724229 -0.00185189 0.00541765 0.0153291 -7.21476e-05 -0.00051146 0.0074626 0.00225561 0.0190539 0.00379462 0.00183837 0.0103177 0.00615896 0.00397973 0.00612754 0.00484844 0.0068318
internal_weight=359800 38290 321510 31241 7049 55132 46379 12898 8753 2773 4415 2416 2334 1999 18343 3345 2761 10564
internal_count=359800 38290 321510 31241 7049 55132 46379 12898 8753 2773 4415 2416 2334 1999 18343 3345 2761 10564
is_linear=0
shrinkage=0.0229654


Tree=48
num_leaves=19
num_cat=0
split_feature=37 37 37 37 37 3 37 36 3 3 10 16 16 30 24 36 0 37
split_gain=5147.01 880.806 583.511 140.982 123.094 77.5226 73.3807 52.003 48.1245 40.5063 39.8257 38.9148 35.4647 36.4546 34.8387 34.3705 34.3607 31.2258
threshold=35846.50295650318 40097.014493550079 29776.60479584325 34107.426737346999 37762.658545106264 1.0000000180025095e-35 41166.464389715322 30610.500000000004 1.0000000180025095e-35 1.5000000000000002 0.6830127018922193 137.56250000000003 0.18750000000000003 853.6187500000002 0.47499999999999837 28730.500000000004 28.500000000000004 27976.737459534634
decision_type=2 2 2 2 2 2 2 2 2 2 2 2 2 2 2 2 2 2
left_child=2 4 17 5 15 7 -3 12 -6 10 -5 -8 -4 -14 -10 -2 -12 -1
right_child=1 6 3 9 8 -7 11 -9 14 -11 16 -13 13 -15 -16 -17 -18 -19
leaf_value=-88.38840689072984 96.112091006844039 51.55903029310273 6.0482230511776907 7.3136807416686924 45.269814583259461 -6.9905008309526897 87.101433028485715 5.4908981172610245 33.915036815630671 9.098248707593644 26.618956160139582 37.519077557071263 9.0163373989878082 39.898350129618287 22.991888978812092 23.108631127943092 9.9981267228889141 -18.796062094254527
leaf_weight=245110 164 2889 749 2247 2030 35670 2696 4698 6516 10416 1657 77 599 760 2948 13937 1156 25481
leaf_count=245110 164 2889 749 2247 2030 35670 2696 4698 6516 10416 1657 77 599 760 2948 13937 1156 25481
internal_value=-0.000898639 0.00800656 -0.00174586 0.000345479 0.00619335 -0.000338242 0.0162031 0.00190782 0.00795737 0.00222205 0.00390775 0.0188717 0.00490466 0.00711607 0.00726914 0.00475546 0.0057287 -0.00219376
internal_weight=359800 31257 328543 57952 25595 42476 5662 6806 11494 15476 5060 2773 2108 1359 9464 14101 2813 270591
internal_count=359800 31257 328543 57952 25595 42476 5662 6806 11494 15476 5060 2773 2108 1359 9464 14101 2813 270591
is_linear=0
shrinkage=0.0229654


Tree=49
num_leaves=19
num_cat=0
split_feature=37 37 37 37 3 35 37 36 35 37 3 37 16 36 30 16 37 36
split_gain=4916.11 1051.15 395.433 199.173 101.373 75.7739 74.7432 54.81 49.9866 50.1541 47.0044 42.1612 38.0389 33.8718 36.8717 57.9474 36.4325 33.3947
threshold=35034.858621994994 40097.014493550079 29110.947298392126 37558.007549116825 1.0000000180025095e-35 35401.500000000007 41166.464389715322 32237.500000000004 26218.500000000004 33793.841047580718 1.0000000180025095e-35 36558.079481930494 137.56250000000003 31946.500000000004 842.77500000000009 0.31250000000000006 33138.221006374057 27900.500000000004
decision_type=2 2 2 2 2 2 2 2 2 2 2 2 2 2 2 2 2 2
left_child=2 3 -1 5 13 7 -3 -2 -6 -10 -5 -7 -8 14 -4 -16 -15 -12
right_child=1 6 4 10 8 11 12 -9 9 -11 17 -13 -14 16 15 -17 -18 -19
leaf_value=-71.755412841820188 89.257491536504418 50.37495607838455 4.3043219063966029 44.349933634471462 47.604073310067854 9.6990423161645687 85.101113000592662 22.764318606678817 -8.8868946939450755 5.1766741497810225 72.283630165147017 20.452962807941201 36.657436598294609 -15.439857641525789 9.8667000095465855 37.158023977895589 20.661689905374455 28.659130890497124
leaf_weight=262147 729 2889 1962 2328 242 6997 2696 6553 40330 9413 101 5439 77 2454 1199 1463 2300 10481
leaf_count=262147 729 2889 1962 2328 242 6997 2696 6553 40330 9413 101 5439 77 2454 1199 1463 2300 10481
internal_value=-0.000916702 0.00686203 -0.0018431 0.00527695 -0.000150607 0.00382508 0.0159963 0.00568553 -0.000561673 -0.000612328 0.00749444 0.00273568 0.0186895 0.00204039 0.00343984 0.00520043 0.000679204 0.00684448
internal_weight=359800 38290 321510 32628 59363 19718 5662 7282 49985 49743 12910 12436 2773 9378 4624 2662 4754 10582
internal_count=359800 38290 321510 32628 59363 19718 5662 7282 49985 49743 12910 12436 2773 9378 4624 2662 4754 10582
is_linear=0
shrinkage=0.0229654


Tree=50
num_leaves=19
num_cat=0
split_feature=37 37 37 37 3 37 37 3 1 37 16 24 3 1 27 3 3 1
split_gain=4691.74 965.077 451.87 154.257 100.698 83.1162 70.6592 42.1599 41.4825 39.3672 37.2905 31.1442 30.9556 43.8832 23.3747 19.3328 23.2232 22.8124
threshold=35349.906436027122 40097.014493550079 29110.947298392126 37558.007549116825 1.0000000180025095e-35 41166.464389715322 34107.426737346999 1.0000000180025095e-35 13.500000000000002 31884.863887757954 137.56250000000003 0.50000000000000044 1.0000000180025095e-35 9.5000000000000018 -1.0854352678571431 5.5000000000000009 3.5000000000000004 14.500000000000002
decision_type=2 2 2 2 2 2 2 2 2 2 2 2 2 2 2 2 2 2
left_child=2 3 -1 12 8 -3 -6 14 9 -4 -7 15 13 -2 -5 16 -9 -18
right_child=1 5 4 7 6 10 -8 11 -10 -11 -12 -13 -14 -15 -16 -17 17 -19
leaf_value=-70.107520442962866 61.164002723681428 49.218074612210899 8.6295196679725343 49.626241961245931 -7.5538640682133984 83.14673114013118 7.3363612746814626 32.688277845706814 4.0130609988838781 30.99501724885641 35.815583576487171 21.910090543875171 17.640752912197399 29.781383085636907 38.866560542785898 42.502095565654841 41.570564911210802 13.869051170128774
leaf_weight=262147 405 2889 2387 556 42894 2696 9484 5354 4909 2566 77 3214 13709 2727 1772 375 442 1197
leaf_count=262147 405 2889 2387 556 42894 2696 9484 5354 4909 2566 77 3214 13709 2727 1772 375 442 1197
internal_value=-0.000935404 0.00700168 -0.00180189 0.00534779 -4.28024e-05 0.0156921 -0.00044363 0.0072365 0.00208603 0.00356884 0.0185322 0.00662095 0.00389993 0.00595986 0.0100345 0.00744381 0.00717139 0.00477944
internal_weight=359800 35413 324387 29751 62240 5662 52378 12910 9862 4953 2773 10582 16841 3132 2328 7368 6993 1639
internal_count=359800 35413 324387 29751 62240 5662 52378 12910 9862 4953 2773 10582 16841 3132 2328 7368 6993 1639
is_linear=0
shrinkage=0.0229654


Tree=51
num_leaves=19
num_cat=0
split_feature=37 37 37 37 3 37 37 35 35 35 8 30 16 30 33 37 37 35
split_gain=4483.24 941.34 447.186 143.628 96.0227 83.7193 68.3132 65.3985 50.4263 47.2835 37.6763 46.3152 37.3302 36.4309 35.5673 31.2655 29.9988 27.1299
threshold=35349.906436027122 40097.014493550079 28899.443628317462 37558.007549116825 1.0000000180025095e-35 41166.464389715322 34107.426737346999 35401.500000000007 27558.500000000004 37664.500000000007 -0.32075123873380501 842.77500000000009 137.56250000000003 1928.5375000000001 0.024305555555555556 38473.853897399989 36558.079481930494 32229.500000000004
decision_type=2 2 2 2 2 2 2 2 2 2 2 2 2 2 2 2 2 2
left_child=2 3 -1 7 10 -3 8 17 -6 13 11 -4 -7 -5 -11 -16 -9 -2
right_child=1 5 4 9 6 12 -8 16 -10 14 -12 -13 -14 -15 15 -17 -18 -19
leaf_value=-70.722235293606246 55.899103439732109 48.087761401991521 -0.30065789461891845 38.263827887366936 41.836744973958275 81.237232458300781 7.167878737949736 9.7327526081688109 -8.5845221483091461 38.322917778229062 1.1250255010915773 28.09491505247442 34.993064053584632 81.351265661142349 15.070310260155134 24.255633365620408 19.578125048762899 22.710495508382056
leaf_weight=259305 1049 2889 1749 3574 924 2696 9484 5672 44442 1640 4045 4438 77 386 2520 4790 5439 4681
leaf_count=259305 1049 2889 1749 3574 924 2696 9484 5672 44442 1640 4045 4438 77 386 2520 4790 5439 4681
internal_value=-0.000949637 0.00680908 -0.00179665 0.00517565 -9.464e-05 0.0153919 -0.000475638 0.00377857 -0.000846206 0.00699813 0.00194775 0.00307455 0.0182423 0.00908757 0.00607364 0.00538792 0.00275085 0.00577141
internal_weight=359800 35413 324387 29751 65082 5662 54850 16841 45366 12910 10232 6187 2773 3960 8950 7310 11111 5730
internal_count=359800 35413 324387 29751 65082 5662 54850 16841 45366 12910 10232 6187 2773 3960 8950 7310 11111 5730
is_linear=0
shrinkage=0.0229654


Tree=52
num_leaves=19
num_cat=0
split_feature=37 37 37 37 37 35 35 37 35 36 36 37 35 22 1 37 36 26
split_gain=4291.74 971.567 387.233 162.083 90.0278 79.4475 71.3525 67.7805 49.5354 54.0387 44.1154 42.8357 34.3889 33.1481 32.8349 26.5431 25.9526 25.0069
threshold=35034.858621994994 40097.014493550079 28598.859669692931 37353.276481140922 41166.464389715322 28119.500000000004 35401.500000000007 33138.221006374057 37664.500000000007 39520.500000000007 32237.500000000004 38473.853897399989 32660.500000000004 9.6250434027777789 17.500000000000004 36373.894888711664 24279.500000000004 1.0000000180025095e-35
decision_type=2 2 2 2 2 2 2 2 2 2 2 2 2 2 2 2 2 2
left_child=2 3 -1 6 -3 13 10 -7 9 17 -2 -10 -9 14 -4 -8 -15 -5
right_child=1 4 5 8 -6 7 15 12 11 -11 -12 -13 -14 16 -16 -17 -18 -19
leaf_value=-72.749570259519729 85.66332916772167 46.983406296863848 29.133383723677767 69.683912569129134 78.627595486048264 -10.327684481331376 8.0195576393755168 17.613135147176148 18.149189874890457 24.856685749045845 20.467422170627145 27.429086265317032 0.77441650688209063 16.526675589450111 -5.4054148947857952 15.948423161433839 -2.8907522982185871 42.115526321204968
leaf_weight=255086 704 2889 4148 189 2773 42024 6033 3814 3722 1247 6342 5810 12408 97 934 5264 2999 3317
leaf_count=255086 704 2889 4148 189 2773 42024 6033 3814 3722 1247 6342 5810 12408 97 934 5264 2999 3317
internal_value=-0.000961956 0.00630604 -0.00182753 0.00478214 0.0150877 -0.000265667 0.00335373 -0.000563273 0.00661632 0.00853146 0.00516738 0.00566136 0.000697654 0.00185397 0.00299517 0.00222254 -1.92867e-05 0.00999185
internal_weight=359800 38290 321510 32628 5662 66424 18343 58246 14285 4753 7046 9532 16222 8178 5082 11297 3096 3506
internal_count=359800 38290 321510 32628 5662 66424 18343 58246 14285 4753 7046 9532 16222 8178 5082 11297 3096 3506
is_linear=0
shrinkage=0.0229654


Tree=53
num_leaves=19
num_cat=0
split_feature=35 35 36 3 26 3 3 26 35 35 16 36 16 21 35 35 3 3
split_gain=2802.56 653.279 356.134 283.714 160.983 116.044 103.114 99.9277 86.8966 82.603 71.8423 69.9246 68.4046 58.831 57.5441 53.8526 51.0039 49.6187
threshold=34388.000000000007 41270.500000000007 30145.500000000004 1.0000000180025095e-35 4.3743489583333339 1.0000000180025095e-35 3.5000000000000004 6.1602864583333341 37282.500000000007 36866.500000000007 0.81250000000000011 41226.000000000007 137.56250000000003 1.0000000180025095e-35 42681.500000000007 29483.000000000004 1.0000000180025095e-35 3.5000000000000004
decision_type=2 2 2 2 2 2 2 2 2 2 2 2 2 2 2 2 2 2
left_child=2 3 15 8 6 7 9 10 -2 -5 -4 -6 14 -8 17 -1 -17 -3
right_child=1 12 5 4 11 -7 13 -9 -10 -11 -12 -13 -14 -15 -16 16 -18 -19
leaf_value=-65.567148485810847 31.856208300413208 52.014798283844158 11.233321782483799 16.895990624127407 10.174531675282356 -5.4921067375374983 58.486300376995388 7.5431501366417573 58.619236521748419 35.507991173596274 43.379847208955383 21.674480030091708 8.1764226720679325 8.8149395317286849 86.019267356818119 85.740220178506831 -10.073915668869637 35.23558204408468
leaf_weight=250904 2120 1586 1344 2319 24156 33504 357 8534 992 4136 1666 2029 213 4339 1348 560 18760 933
leaf_count=250904 2120 1586 1344 2319 24156 33504 357 8534 992 4136 1666 2029 213 4339 1348 560 18760 933
internal_value=-0.000974658 0.00441855 -0.00173638 0.00353509 0.00297979 0.000154061 0.00529063 0.00213978 0.0101972 0.00717424 0.00573754 0.00199571 0.013177 0.00270147 0.0138749 -0.00205153 -0.000883194 0.0118255
internal_weight=359800 44528 315272 40448 37336 45048 11151 11544 3112 6455 3010 26185 4080 4696 3867 270224 19320 2519
internal_count=359800 44528 315272 40448 37336 45048 11151 11544 3112 6455 3010 26185 4080 4696 3867 270224 19320 2519
is_linear=0
shrinkage=0.0229654


Tree=54
num_leaves=19
num_cat=0
split_feature=35 35 36 3 26 3 3 26 35 35 16 36 3 29 14 28 36 4
split_gain=2683.71 631.395 351.306 265.5 152.575 139.614 98.21 97.9389 79.8905 78.5242 77.8916 67.4646 66.2836 57.0644 52.3486 49.4837 62.3666 49.3873
threshold=34388.000000000007 41270.500000000007 29086.500000000004 1.0000000180025095e-35 4.3743489583333339 1.0000000180025095e-35 3.5000000000000004 6.1602864583333341 37282.500000000007 36866.500000000007 0.81250000000000011 41226.000000000007 4.5000000000000009 746.06875000000002 87.437500000000014 0.24048063255152832 35561.000000000007 1.5000000000000002
decision_type=2 2 2 2 2 2 2 2 2 2 2 2 2 2 2 2 2 2
left_child=2 3 -1 8 6 7 9 10 -2 -5 -4 15 -3 -8 -9 16 -6 -12
right_child=1 12 5 4 11 -7 13 14 -10 -11 17 -13 -14 -15 -16 -17 -18 -19
leaf_value=-59.261601642075021 31.12461744983317 68.49442415499054 10.958158209859512 16.507967290165908 6.874382382250884 -7.0186371419836844 8.6303389564932065 -0.71889610522684833 57.273021783858802 34.692535636009858 73.096252597533436 21.176716732854263 36.328962948987048 57.143138572031695 22.238301953185911 2.6298972017933115 24.204517152327526 33.458690784146597
leaf_weight=257480 2120 3512 1525 2319 7412 44624 4348 7523 992 4136 223 2029 568 348 2371 10670 6074 1526
leaf_count=257480 2120 3512 1525 2319 7412 44624 4348 7523 992 4136 223 2029 568 348 2371 10670 6074 1526
internal_value=-0.000981296 0.00429632 -0.00172669 0.00342778 0.0028906 -0.000108565 0.00514029 0.00196936 0.00987247 0.00697857 0.00541237 0.00193257 0.0129068 0.00261344 0.000830041 0.00159472 0.00251928 0.00872003
internal_weight=359800 44528 315272 40448 37336 57792 11151 13168 3112 6455 3274 26185 4080 4696 9894 24156 13486 1749
internal_count=359800 44528 315272 40448 37336 57792 11151 13168 3112 6455 3274 26185 4080 4696 9894 24156 13486 1749
is_linear=0
shrinkage=0.0229654


Tree=55
num_leaves=19
num_cat=0
split_feature=37 37 37 37 37 3 37 3 8 16 27 3 24 17 8 37 26 29
split_gain=3812.62 874.357 401.732 136.974 91.9278 83.2414 40.2058 37.7183 35.3287 32.4792 29.428 28.8958 28.5177 23.1126 21.9422 21.9323 21.2224 20.6098
threshold=35034.858621994994 40097.014493550079 28598.859669692931 37353.276481140922 41166.464389715322 1.0000000180025095e-35 33633.706528732488 1.0000000180025095e-35 -0.32075123873380501 137.56250000000003 -1.0854352678571431 1.0000000180025095e-35 0.062499999999999341 90.562500000000014 1.0000000180025095e-35 41859.284942633676 6.6522135416666677 359.51875000000001
decision_type=2 2 2 2 2 2 2 2 2 2 2 2 2 2 2 2 2 2
left_child=2 3 -1 11 -3 8 14 10 13 15 16 -2 -9 17 -7 -6 -5 -4
right_child=1 4 5 7 9 6 -8 12 -10 -11 -12 -13 -14 -15 -16 -17 -18 -19
leaf_value=-68.545805864428857 27.02133962339737 44.235770075149169 4.1387896478213211 53.906208229700432 41.818446408925453 -4.6607569391259389 4.4214030430342053 29.89654431544384 0.30135352704240231 30.771535339066624 35.098211323337637 14.345782891769321 19.322451067625295 28.279513840233449 -11.849528479006533 85.236522546278678 8.4700136370305064 25.319539438225053
leaf_weight=255086 3345 2889 2561 519 1292 27449 10563 7193 4212 77 1985 14998 4493 2000 18077 1404 95 1562
leaf_count=255086 3345 2889 2561 519 1292 27449 10563 7193 4212 77 1985 14998 4493 2000 18077 1404 95 1562
internal_value=-0.0009857 0.00586461 -0.00180153 0.00441895 0.0141954 -0.000210694 -0.000559672 0.00610508 0.00168324 0.0171822 0.00860739 0.00310583 0.00554856 0.00279688 -0.000855844 0.0176023 0.0130013 0.00181417
internal_weight=359800 38290 321510 32628 5662 66424 56089 14285 10335 2773 2599 18343 11686 6123 45526 2696 614 4123
internal_count=359800 38290 321510 32628 5662 66424 56089 14285 10335 2773 2599 18343 11686 6123 45526 2696 614 4123
is_linear=0
shrinkage=0.0229654


Tree=56
num_leaves=19
num_cat=0
split_feature=37 37 37 37 37 8 37 16 30 26 8 26 37 37 33 26 37 8
split_gain=3645.78 864.011 399.563 128.144 89.3749 54.8723 32.4669 31.3551 28.0101 30.841 24.7151 24.6237 23.8407 23.0822 23.0069 19.8401 15.9679 19.5116
threshold=35034.858621994994 40097.014493550079 28497.962273516761 37353.276481140922 41166.464389715322 0.13052619222005152 33793.841047580718 137.56250000000003 1000.8062500000002 1.0000000180025095e-35 -0.55438071450436044 6.0933593750000012 36029.311559945709 41859.284942633676 0.14930555555555561 4.3743489583333339 27223.827058536357 -0.65793410509763406
decision_type=2 2 2 2 2 2 2 2 2 2 2 2 2 2 2 2 2 2
left_child=2 3 16 10 -3 6 -4 13 -5 -10 11 -2 -12 -6 -14 -11 -1 -18
right_child=1 4 5 8 7 -7 -8 -9 9 15 12 -13 14 -15 -16 -17 17 -19
leaf_value=-87.552846185072454 22.26706936189397 43.219877526037394 -0.37574443239539246 38.766677582735802 40.85806868632482 -8.6503236454645798 9.330055675166955 30.064854446599309 61.626779707986223 28.806316443476025 6.4609574063504196 16.540131032172685 19.128472586826263 83.279030950227522 10.202315533596567 20.994600832625377 -5.2343264560486187 -26.262927712038497
leaf_weight=231217 4957 2889 35840 1914 1292 24076 7991 77 327 5447 4449 3491 2386 1404 3060 6597 4975 17411
leaf_count=231217 4957 2889 35840 1914 1292 24076 7991 77 327 5447 4449 3491 2386 1404 3060 6597 4975 17411
internal_value=-0.000999679 0.00569907 -0.00179746 0.00426199 0.0139804 -0.000232911 0.000250921 0.0169255 0.00589287 0.00549287 0.0029919 0.00390423 0.00221299 0.0173382 0.00323186 0.00530393 -0.0022164 -0.00163074
internal_weight=359800 38290 321510 32628 5662 67907 43831 2773 14285 12371 18343 8448 9895 2696 5446 12044 253603 22386
internal_count=359800 38290 321510 32628 5662 67907 43831 2773 14285 12371 18343 8448 9895 2696 5446 12044 253603 22386
is_linear=0
shrinkage=0.0229654


Tree=57
num_leaves=19
num_cat=0
split_feature=35 35 36 3 3 3 35 29 35 16 3 35 30 36 7 12 15 3
split_gain=2319.21 562.27 346.009 226.978 136.098 129.158 109.639 85.6673 74.7094 70.3169 66.2302 65.4867 63.5269 52.8223 50.7302 50.2276 50.0556 46.4813
threshold=34388.000000000007 41270.500000000007 28145.500000000004 1.0000000180025095e-35 1.0000000180025095e-35 3.5000000000000004 37073.500000000007 396.75625000000008 37282.500000000007 0.43750000000000006 5.5000000000000009 42681.500000000007 1928.5375000000001 37273.500000000007 -0.89495246814786256 9.6312500000000032 15.731250000000003 3.5000000000000004
decision_type=2 2 2 2 2 2 2 2 2 2 2 2 2 2 2 2 2 2
left_child=2 3 -1 8 7 6 -5 -4 -2 -9 -7 17 15 -12 -13 -8 -15 -3
right_child=1 11 4 5 -6 10 12 9 -10 -11 13 14 -14 16 -16 -17 -18 -19
leaf_value=-63.92048986941132 28.791662457830064 44.759809189257297 3.5106338023548287 12.201109457612825 -8.2570630942499434 2.1556772464840455 24.513688390284155 6.5465624072093878 54.015407595916251 34.957337199778088 15.138667548976455 80.185381865008992 52.197575298521549 36.412970622449514 42.227315364744967 5.2944383066217977 11.219353803649984 30.621926375428476
leaf_weight=242856 2120 1672 9896 10792 57248 12896 8786 2198 992 3074 1944 1120 582 505 280 1480 351 1008
leaf_count=242856 2120 1672 9896 10792 57248 12896 8786 2198 992 3074 1944 1120 582 505 280 1480 351 1008
internal_value=-0.00101417 0.00389197 -0.00170709 0.00307235 -0.000313834 0.00257567 0.00372604 0.00162036 0.00903119 0.00398497 0.000989666 0.0120174 0.00535648 0.00419119 0.016043 0.00493803 0.0089447 0.00991454
internal_weight=359800 44528 315272 40448 72416 37336 21640 15168 3112 5272 15696 4080 10848 2800 1400 10266 856 2680
internal_count=359800 44528 315272 40448 72416 37336 21640 15168 3112 5272 15696 4080 10848 2800 1400 10266 856 2680
is_linear=0
shrinkage=0.0229654


Tree=58
num_leaves=19
num_cat=0
split_feature=37 37 37 37 37 35 35 35 37 36 36 36 36 37 7 35 26 35
split_gain=3352.8 824.919 383.46 119.675 91.8328 71.8024 67.5493 53.1628 49.1682 48.673 39.2028 36.6058 36.0475 34.9975 30.3321 26.9565 26.5271 25.4198
threshold=34876.514806393076 40097.014493550079 28318.349165525371 37353.276481140922 41859.284942633676 27946.500000000004 35225.000000000007 37664.500000000007 33138.221006374057 39520.500000000007 23438.500000000004 27738.000000000004 30858.000000000004 38473.853897399989 -0.70710678118654735 28030.500000000004 1.0000000180025095e-35 32660.500000000004
decision_type=2 2 2 2 2 2 2 2 2 2 2 2 2 2 2 2 2 2
left_child=2 3 -1 6 -3 10 12 9 -7 16 -4 -10 -2 -9 -6 -14 -5 -13
right_child=1 4 5 7 14 8 -8 13 11 -11 -12 17 15 -15 -16 -17 -18 -19
leaf_value=-67.940900547897726 84.521288937309237 39.978051510072376 72.326210901585299 62.46767494141006 79.964508988172128 -8.9171264885184058 9.7556865440059486 14.764943462008297 38.557436224617724 20.8813276030249 11.679861372123945 14.40892551499277 22.31657205678016 23.787682024525459 47.617208797477247 19.202886593054622 37.750162099438775 -0.6390369207870179
leaf_weight=250811 541 4223 211 189 1324 45452 12471 3722 197 1247 8724 3583 168 5810 115 6607 3317 11088
leaf_count=250811 541 4223 211 189 1324 45452 12471 3722 197 1247 8724 3583 168 5810 115 6607 3317 11088
internal_value=-0.00101698 0.00527498 -0.00179808 0.00392607 0.0133923 -0.000285348 0.00276961 0.00552793 -0.000569948 0.00751195 0.00163598 0.000576452 0.00452151 0.00453863 0.0184026 0.00406598 0.00889795 0.000444405
internal_weight=359800 39734 320066 34072 5662 69255 19787 14285 60320 4753 8935 14868 7316 9532 1439 6775 3506 14671
internal_count=359800 39734 320066 34072 5662 69255 19787 14285 60320 4753 8935 14868 7316 9532 1439 6775 3506 14671
is_linear=0
shrinkage=0.0229654


Tree=59
num_leaves=19
num_cat=0
split_feature=37 37 37 37 37 3 35 35 35 37 30 0 25 37 16 35 35 17
split_gain=3215.51 771.422 404.433 104.119 88.7459 78.2279 58.6573 50.5062 48.667 42.2181 38.4405 34.3442 30.6583 30.0124 27.5599 27.2349 25.5359 30.1314
threshold=35034.858621994994 40097.014493550079 28146.982781622504 37353.276481140922 41166.464389715322 1.0000000180025095e-35 35401.500000000007 37664.500000000007 26218.500000000004 33633.706528732488 1000.8062500000002 32.500000000000007 1.0000000180025095e-35 38473.853897399989 137.56250000000003 28030.500000000004 24722.500000000004 78.687500000000014
decision_type=2 2 2 2 2 2 2 2 2 2 2 2 2 2 2 2 2 2
left_child=2 3 -1 6 -3 11 15 12 -7 -10 -9 16 -5 -12 -6 -2 -4 -18
right_child=1 4 5 7 14 8 -8 10 9 -11 13 -13 -14 -15 -16 -17 17 -19
leaf_value=-68.679026764075502 33.796246390931614 40.339435498219522 3.1972606835266899 70.526169533270235 67.31996346178444 43.139057656676883 9.9813893283605655 35.280232157212986 -8.6355831170875916 4.2003104918664693 11.744951531792976 -0.18087589783619182 32.259457050438279 19.970380876837876 27.257551806766944 21.236423125283199 14.59036349104086 29.371880803908891
leaf_weight=247934 144 2889 2264 266 2696 636 11297 1224 51104 10563 3162 4695 4487 5146 77 6902 2253 2061
leaf_count=247934 144 2889 2264 266 2696 636 11297 1224 51104 10563 3162 4695 4487 5146 77 6902 2253 2061
internal_value=-0.00102802 0.00526303 -0.00177725 0.00390513 0.0130881 -0.000282043 0.00276028 0.00537521 -0.000600574 -0.000665758 0.00441094 0.0014784 0.00730902 0.00385116 0.0160228 0.00440469 0.00254931 0.00358588
internal_weight=359800 38290 321510 32628 5662 73576 18343 14285 62303 61667 9532 11273 4753 8308 2773 7046 6578 4314
internal_count=359800 38290 321510 32628 5662 73576 18343 14285 62303 61667 9532 11273 4753 8308 2773 7046 6578 4314
is_linear=0
shrinkage=0.0229654


Tree=60
num_leaves=19
num_cat=0
split_feature=37 37 37 37 37 35 35 35 37 7 8 22 35 22 37 35 22 37
split_gain=3054.98 739.919 381.363 105.943 88.6488 68.8402 59.1364 45.568 44.6183 38.4478 37.2272 37.1406 32.9067 28.9962 28.2478 27.421 26.2908 22.0361
threshold=34876.514806393076 40097.014493550079 28407.181565572457 37353.276481140922 41859.284942633676 27946.500000000004 35225.000000000007 37664.500000000007 33138.221006374057 -0.82968937203783699 -0.44134171618254459 8.5499565972222253 33403.500000000007 9.6250434027777789 38473.853897399989 28030.500000000004 1.8855034722222224 36204.943172306936
decision_type=2 2 2 2 2 2 2 2 2 2 2 2 2 2 2 2 2 2
left_child=2 3 -1 6 -3 10 15 16 -7 -6 13 14 -10 -4 -9 -2 -5 -8
right_child=1 4 5 7 9 8 17 11 12 -11 -12 -13 -14 -15 -16 -17 -18 -19
leaf_value=-63.87992997103715 41.697372264565288 37.792722003179335 34.289341464458268 72.5755939550546 76.706814720089781 -8.3549727051576355 4.6394994753398073 11.475223917001669 12.876555268251479 44.16333512673652 -0.47224301898548593 34.48929859194557 -1.8350336914149592 3.2321598569897829 19.510681581137476 20.50779206701867 31.426960973722821 12.926023375962178
leaf_weight=252218 183 4223 3081 372 1295 44567 6122 3162 5266 144 3551 1223 9602 1781 5147 7133 4381 6349
leaf_count=252218 183 4223 3081 372 1295 44567 6122 3162 5266 144 3551 1223 9602 1781 5147 7133 4381 6349
internal_value=-0.00104372 0.00496229 -0.00178933 0.00368476 0.01265 -0.000260903 0.00259668 0.00519193 -0.000536124 0.0175728 0.00168344 0.00427602 0.000553282 0.002989 0.00372604 0.00423586 0.00702878 0.00163507
internal_weight=359800 39734 320066 34072 5662 67848 19787 14285 59435 1439 8413 9532 14868 4862 8309 7316 4753 12471
internal_count=359800 39734 320066 34072 5662 67848 19787 14285 59435 1439 8413 9532 14868 4862 8309 7316 4753 12471
is_linear=0
shrinkage=0.0229654


Tree=61
num_leaves=19
num_cat=0
split_feature=35 35 36 35 26 26 26 36 36 7 26 0 36 36 25 35 21 0
split_gain=1941.55 506.654 256.163 120.051 111.611 67.1522 59.7545 64.1994 57.8466 54.7243 49.1653 44.2854 43.2352 37.4325 35.1809 32.4807 31.4728 31.4193
threshold=33403.500000000007 40221.000000000007 28145.500000000004 42681.500000000007 5.3605468750000007 9.2248697916666682 1.0000000180025095e-35 35561.000000000007 35561.000000000007 -0.82968937203783699 2.2122395833333339 41.500000000000007 39520.500000000007 41226.000000000007 1.0000000180025095e-35 27337.500000000004 1.0000000180025095e-35 41.500000000000007
decision_type=2 2 2 2 2 2 2 2 2 2 2 2 2 2 2 2 2 2
left_child=2 4 15 10 6 11 17 -8 -6 -5 -3 14 16 -9 -4 -1 -12 -2
right_child=1 3 5 9 8 -7 7 13 -10 -11 12 -13 -14 -15 -16 -17 -18 -19
leaf_value=-80.142196950831618 52.501995612998506 48.384109304863465 71.428551259976018 72.829587938371077 1.1239412977991572 -12.493566011804985 11.549262691807717 20.04833126961563 13.810081032465396 29.933813034023697 44.367258502176732 -11.927253732857478 27.110932311781614 26.564475148710244 5.0189074051056721 -17.735914791509177 20.549679184257403 -0.26176754062689733
leaf_weight=213320 559 1054 245 1200 13556 29717 8393 8140 14272 200 100 7947 1836 918 26547 29104 2562 130
leaf_count=213320 559 1054 245 1200 13556 29717 8393 8140 14272 200 100 7947 1836 918 26547 29104 2562 130
internal_value=-0.00105425 0.00300824 -0.00175481 0.00878645 0.00213437 -0.000468031 0.00353596 0.00327406 0.00122073 0.0147963 0.007271 0.000217562 0.00622486 0.00461489 0.000664138 -0.00209694 0.00435497 0.0101694
internal_weight=359800 52920 306880 6952 45968 64456 18140 17451 27828 1400 5552 34739 4498 9058 26792 242424 2662 689
internal_count=359800 52920 306880 6952 45968 64456 18140 17451 27828 1400 5552 34739 4498 9058 26792 242424 2662 689
is_linear=0
shrinkage=0.0229654


Tree=62
num_leaves=19
num_cat=0
split_feature=37 37 37 37 35 35 37 37 35 7 0 36 0 36 35 36 37 36
split_gain=2820.45 679.732 392.455 122.078 62.8242 59.8477 57.134 50.9188 63.8049 45.615 44.8759 60.234 56.5103 43.2212 36.2453 45.1223 41.7289 30.6944
threshold=34876.514806393076 40588.166703123112 27899.708278299851 37558.007549116825 27408.000000000004 32660.500000000004 41859.284942633676 30652.222152087903 29804.500000000004 -0.82968937203783699 35.500000000000007 27994.500000000004 14.500000000000002 29272.500000000004 37664.500000000007 39877.000000000007 39716.83368484956 30145.500000000004
decision_type=2 2 2 2 2 2 2 2 2 2 2 2 2 2 2 2 2 2
left_child=2 3 -1 5 10 17 -3 -6 13 -8 11 12 -4 -9 15 -5 -16 -2
right_child=1 6 4 14 7 -7 9 8 -10 -11 -12 -13 -14 -15 16 -17 -18 -19
leaf_value=-67.972724512700907 85.694500788040258 36.379730264472322 -10.490127129663403 37.871233852320501 -13.063576629591795 12.599010208264749 73.272650083108744 36.672958454591459 -2.4735024139134745 42.461663818673706 -7.8653518075816908 9.1475506877123642 42.6705214139822 15.674467107711791 17.355881846313249 16.527811765265707 32.059612036383676 22.940327905194589
leaf_weight=243733 160 2779 339 3152 29937 19084 1295 462 33658 144 2576 4979 1027 3355 7741 917 2544 1918
leaf_count=243733 160 2779 339 3152 29937 19084 1295 462 33658 144 2576 4979 1027 3355 7741 917 2544 1918
internal_value=-0.00105942 0.00471145 -0.00177584 0.0036763 -0.000338857 0.00256741 0.0134275 -0.00057853 -1.44018e-05 0.0171419 0.00147225 0.00251009 0.00678202 0.00279953 0.00531113 0.00714586 0.00458527 0.00626852
internal_weight=359800 39734 320066 35516 76333 21162 4218 67412 37475 1439 8921 6345 1366 3817 14354 4069 10285 2078
internal_count=359800 39734 320066 35516 76333 21162 4218 67412 37475 1439 8921 6345 1366 3817 14354 4069 10285 2078
is_linear=0
shrinkage=0.0229654


Tree=63
num_leaves=19
num_cat=0
split_feature=37 37 37 37 3 37 36 0 25 3 36 36 1 28 9 36 22 30
split_gain=2699.19 664.488 392.427 113.03 72.2299 60.4556 53.3663 44.218 39.1378 36.2085 40.1373 34.8824 33.6436 25.323 29.5447 32.9137 30.7535 25.2482
threshold=34876.514806393076 40588.166703123112 27899.708278299851 37353.276481140922 1.0000000180025095e-35 41859.284942633676 23325.500000000004 31.500000000000004 1.0000000180025095e-35 1.5000000000000002 31532.000000000004 25985.500000000004 18.500000000000004 -2.5576923076923066 0.68301270189221941 38554.500000000007 6.1226128472222232 1034.3187500000004
decision_type=2 2 2 2 2 2 2 2 2 2 2 2 2 2 2 2 2 2
left_child=2 3 -1 11 6 -3 -4 -7 -5 13 -11 -2 -6 14 16 -16 -10 -12
right_child=1 5 4 8 12 7 -8 -9 9 10 17 -13 -14 -15 15 -17 -18 -19
leaf_value=-66.411703098176773 87.545923908016334 35.544254882183566 91.304674927000832 56.441136628887058 -2.3241767461320082 41.525374759350115 8.0488251501967305 71.58991371056122 21.61479711108792 69.77580201206213 30.8644249953383 12.809585640785453 -10.741192661231985 26.27838381071011 46.890316228358628 24.715741248276892 37.361980462955088 14.777515056323837
leaf_weight=243733 78 2779 230 550 42982 130 11445 1309 910 311 1167 19709 21676 4174 333 131 167 7986
leaf_count=243733 78 2779 230 550 42982 130 11445 1309 910 311 1167 19709 21676 4174 333 131 167 7986
internal_value=-0.00106983 0.00457563 -0.00177067 0.00355215 -0.000333743 0.0131934 0.00132875 0.0170142 0.00500526 0.0047872 0.00391557 0.00239705 -0.000633931 0.0062306 0.00874653 0.0135912 0.00665933 0.00363989
internal_weight=359800 39734 320066 35516 76333 4218 11675 1439 15729 15179 9464 19787 64658 5715 1541 464 1077 9153
internal_count=359800 39734 320066 35516 76333 4218 11675 1439 15729 15179 9464 19787 64658 5715 1541 464 1077 9153
is_linear=0
shrinkage=0.0229654


Tree=64
num_leaves=19
num_cat=0
split_feature=37 37 37 37 37 35 35 35 36 7 37 35 36 35 37 26 19 0
split_gain=2600.84 690.927 321.454 114.132 93.6633 61.7565 52.3317 51.4765 47.9419 41.8944 35.2446 68.9253 43.1457 30.8987 32.934 28.7064 27.6585 26.2928
threshold=34270.409831791323 40097.014493550079 27736.99555956195 36739.182209703904 41859.284942633676 26555.000000000004 32229.500000000004 35225.000000000007 23776.500000000004 -0.82968937203783699 30031.464732897952 29804.500000000004 29272.500000000004 37664.500000000007 38473.853897399989 1.0000000180025095e-35 8.5687500000000032 39.500000000000007
decision_type=2 2 2 2 2 2 2 2 2 2 2 2 2 2 2 2 2 2
left_child=2 3 -1 7 -3 8 -5 17 -4 -6 -7 12 16 15 -15 -8 -12 -2
right_child=1 4 5 6 9 10 13 -9 -10 -11 11 -13 -14 14 -16 -17 -18 -19
leaf_value=-67.555662596088794 15.905401258009142 34.652930495699813 39.273060335781004 65.101410563271244 69.945822066930873 -13.388832684386527 46.785232078506667 4.7759355167889641 8.4317110664475425 40.532867132905075 41.651878212376396 -5.1951464059916219 12.385365097551778 10.798575982705829 20.543685254210573 25.243569286653585 18.875692552832053 4.0241325062645608
leaf_weight=240880 8134 4223 293 251 1295 28282 202 11073 6261 144 512 33169 4686 5104 5810 7202 452 1827
leaf_count=240880 8134 4223 293 251 1295 28282 202 11073 6261 144 512 33169 4686 5104 5810 7202 452 1827
internal_value=-0.00107978 0.00406721 -0.00182049 0.00299438 0.0115711 -0.000492796 0.00430652 0.00183601 0.00163498 0.0166312 -0.000700623 -0.000251372 0.00209331 0.00416381 0.00338694 0.00530897 0.00651798 0.00303385
internal_weight=359800 45265 314535 39603 5662 73655 18569 21034 6554 1439 67101 38819 5650 18318 10914 7404 964 9961
internal_count=359800 45265 314535 39603 5662 73655 18569 21034 6554 1439 67101 38819 5650 18318 10914 7404 964 9961
is_linear=0
shrinkage=0.0229654


Tree=65
num_leaves=19
num_cat=0
split_feature=37 37 37 37 37 35 35 35 36 0 0 7 37 35 36 35 33 37
split_gain=2486.31 665.505 321.941 106.809 85.3034 59.5188 51.0601 48.5254 43.219 43.6247 42.9262 38.441 33.6553 61.5963 40.4821 28.4207 34.6817 31.3607
threshold=34270.409831791323 40097.014493550079 27736.99555956195 36739.182209703904 41859.284942633676 26684.500000000004 32229.500000000004 35225.000000000007 26466.500000000004 32.500000000000007 17.500000000000004 -0.82968937203783699 29908.181515470071 29804.500000000004 29272.500000000004 37664.500000000007 0.024305555555555556 38473.853897399989
decision_type=2 2 2 2 2 2 2 2 2 2 2 2 2 2 2 2 2 2
left_child=2 3 -1 7 -3 8 -5 -2 9 10 -4 -6 -7 14 -14 -8 -17 -18
right_child=1 4 5 6 11 12 15 -9 -10 -11 -12 -13 13 -15 -16 16 17 -19
leaf_value=-66.00421917902878 14.566563938258215 33.857111776241275 27.025103932311037 63.606330047762306 68.339487660214871 -13.484835947354329 25.400011261978328 4.6662542046223692 5.0330496041303636 -2.1701803979539385 45.551139078637128 39.602013264090331 27.232689573287921 -5.2752662430447677 11.094644092551782 30.56376366712227 5.908476626761562 16.403243614036665
leaf_weight=240880 9961 4223 230 251 1295 26701 7404 11073 6053 324 349 144 1052 33949 4997 2132 3992 4790
leaf_count=240880 9961 4223 230 251 1295 26701 7404 11073 6053 324 349 144 1052 33949 4997 2132 3992 4790
internal_value=-0.00108949 0.00394291 -0.0018137 0.00289 0.0113075 -0.000485001 0.00415935 0.00176941 0.00153653 0.00622329 0.00999927 0.0161364 -0.000695825 -0.000274336 0.00186069 0.00401838 0.00327332 0.00263545
internal_weight=359800 45265 314535 39603 5662 73655 18569 21034 6956 903 579 1439 66699 39998 6049 18318 10914 8782
internal_count=359800 45265 314535 39603 5662 73655 18569 21034 6956 903 579 1439 66699 39998 6049 18318 10914 8782
is_linear=0
shrinkage=0.0229654


Tree=66
num_leaves=19
num_cat=0
split_feature=37 37 37 37 37 8 35 36 35 35 8 30 8 36 35 30 26 37
split_gain=2375.45 627.146 323.09 100.409 79.8097 59.2161 86.4466 77.0868 48.8706 43.9211 35.2267 34.5454 28.5094 28.004 25.7913 30.5902 30.0145 28.6999
threshold=34270.409831791323 40097.014493550079 27736.99555956195 36558.079481930494 41859.284942633676 1.0000000180025095e-35 28609.000000000004 25499.500000000004 32660.500000000004 35225.000000000007 -0.55438071450436044 842.77500000000009 -0.82968937203783677 27900.500000000004 38086.000000000007 1000.8062500000002 1.0000000180025095e-35 38216.250375972268
decision_type=2 2 2 2 2 2 2 2 2 2 2 2 2 2 2 2 2 2
left_child=2 3 -1 9 -3 6 7 -4 -5 12 -6 -9 -2 -10 16 -16 -15 -17
right_child=1 4 5 8 10 -7 -8 11 13 -11 -12 -13 -14 14 15 17 -18 -19
leaf_value=-64.488405294473424 21.092193474202407 33.079569359109328 39.604628874374804 57.394088057228309 38.731397249149715 -10.230361301539956 -5.135258857307698 -2.2595410822413839 63.124332126360066 3.8927662949463557 66.770043380027502 19.994265808636694 9.3654497792090083 45.127468446476868 31.923445098389276 2.2467878366165563 21.661317460396351 14.615041400757251
leaf_weight=240880 2797 4223 705 471 130 30558 32385 4086 127 10072 1309 5921 6811 202 1322 2743 9731 5327
leaf_count=240880 2797 4223 705 471 130 30558 32385 4086 127 10072 1309 5921 6811 202 1322 2743 9731 5327
internal_value=-0.00109727 0.00382165 -0.00180516 0.00279954 0.0109708 -0.000474088 7.42292e-05 0.00186262 0.00394883 0.00163605 0.0156417 0.00134552 0.00274686 0.00377184 0.0037012 0.0028384 0.00451702 0.00230792
internal_weight=359800 45265 314535 39603 5662 73655 43097 10712 19923 19680 1439 10007 9608 19452 19325 9392 9933 8070
internal_count=359800 45265 314535 39603 5662 73655 43097 10712 19923 19680 1439 10007 9608 19452 19325 9392 9933 8070
is_linear=0
shrinkage=0.0229654


Tree=67
num_leaves=19
num_cat=0
split_feature=36 26 36 7 36 29 3 26 7 3 4 3 21 26 29 36 3 26
split_gain=1419.02 298.853 200.055 151.889 132.674 88.0059 77.9149 63.1416 64.2944 59.9702 55.6766 48.7024 40.8576 37.5041 36.9257 36.8449 34.0485 34.8472
threshold=32394.000000000004 4.285286458333335 28145.500000000004 -0.94490267940017747 38285.500000000007 746.06875000000002 3.5000000000000004 1.9851562500000004 -0.82968937203783699 2.5000000000000004 1.5000000000000002 1.5000000000000002 1.6337239583333336 9.6251302083333368 510.63125000000008 35400.000000000007 1.0000000180025095e-35 10.41861979166667
decision_type=2 2 2 2 2 2 2 2 2 2 2 2 2 2 2 2 2 2
left_child=2 3 -1 6 13 -5 12 8 -4 14 -8 -7 -2 -3 -6 -13 17 -9
right_child=1 4 7 5 9 11 10 16 -10 -11 -12 15 -14 -15 -16 -17 -18 -19
leaf_value=-50.554368889153615 92.372294618537964 6.857983135369266 66.760820922041404 14.809414507600543 21.327143784059501 62.257543057010544 47.137484255514217 15.275661899732855 16.545143361028881 10.353856892344377 1.8674556486312957 7.603265399477996 30.546625584683078 -6.6964075760012314 27.960335893076962 55.246689144953628 -8.2091440630169235 -8.8886838526506189
leaf_weight=243792 328 27858 245 10280 5765 279 584 4269 1428 4852 697 303 1694 8690 1052 306 44275 3103
leaf_count=243792 328 27858 245 10280 5765 279 584 4269 1428 4852 697 303 1694 8690 1052 306 44275 3103
internal_value=-0.00110838 0.00203145 -0.00177086 0.00492587 0.00116277 0.00364633 0.00925222 -0.000496608 0.00389437 0.00329475 0.00482076 0.0105827 0.0120597 0.00048208 0.0046837 0.00694242 -0.000638845 0.000806219
internal_weight=359800 62688 297112 14471 48217 11168 3303 53320 1673 11669 1281 888 2022 36548 6817 609 51647 7372
internal_count=359800 62688 297112 14471 48217 11168 3303 53320 1673 11669 1281 888 2022 36548 6817 609 51647 7372
is_linear=0
shrinkage=0.0229654


Tree=68
num_leaves=19
num_cat=0
split_feature=35 35 35 26 29 29 35 8 23 7 7 35 4 0 23 23 13 18
split_gain=1482.27 373.13 223.08 119.162 71.8416 68.143 66.5902 61.3693 53.2374 52.6516 45.4359 39.4598 36.0842 31.9879 26.0025 26.4908 24.2284 23.4464
threshold=33403.500000000007 41270.500000000007 27129.500000000004 4.3743489583333339 279.3562500000001 746.06875000000002 42681.500000000007 0.38268343236508956 0.72499999999999998 -0.89495246814786256 -0.94490267940017747 36136.000000000007 1.5000000000000002 16.500000000000004 0.97499999999999998 -0.03749999999999875 2.4312500000000008 0.011250000000000001
decision_type=2 2 2 2 2 2 2 2 2 2 2 2 2 2 2 2 2 2
left_child=2 3 -1 5 -4 10 -3 12 -7 16 17 -5 13 -6 15 -13 -8 -2
right_child=1 6 4 11 7 8 9 -9 -10 -11 -12 14 -14 -15 -16 -17 -18 -19
leaf_value=-62.269058898586877 30.709353525706568 27.405356167391389 -13.675102211087015 2.6347075112671594 -1.7871673938486512 21.953805193253078 63.11527450980541 -10.517250598001937 50.547988508932711 27.47331581747892 14.246615939720705 8.2360600471441749 2.352149708143378 30.783695235206817 4.0331802872476734 19.9132951345027 20.274020221561372 17.86405475303096
leaf_weight=225576 1118 2680 37461 17312 1425 400 979 15842 395 280 10825 5977 23934 2642 5350 6314 141 1149
leaf_count=225576 1118 2680 37461 17312 1425 400 979 15842 395 280 10825 5977 23934 2642 5350 6314 141 1149
internal_value=-0.00110857 0.00244105 -0.00172069 0.00188369 -0.000689324 0.00368336 0.00911299 -5.83006e-05 0.0102117 0.0131723 0.00328694 0.00116867 0.000587975 0.00258791 0.00193307 0.00251478 0.0153991 0.00624331
internal_weight=359800 52920 306880 48840 81304 13887 4080 43843 795 1400 13092 34953 28001 4067 17641 12291 1120 2267
internal_count=359800 52920 306880 48840 81304 13887 4080 43843 795 1400 13092 34953 28001 4067 17641 12291 1120 2267
is_linear=0
shrinkage=0.0229654


Tree=69
num_leaves=19
num_cat=0
split_feature=37 37 37 37 35 37 35 36 36 35 37 35 36 1 36 1 36 9
split_gain=2159.86 572.892 329.129 118.506 64.5849 53.9083 52.9131 43.3397 41.7344 40.9087 33.309 59.2964 41.2146 32.3531 29.5083 28.8292 39.7837 28.5327
threshold=34107.426737346999 40588.166703123112 27508.88673103532 37353.276481140922 26555.000000000004 41859.284942633676 32660.500000000004 23776.500000000004 28472.500000000004 32953.500000000007 29908.181515470071 29804.500000000004 29272.500000000004 14.500000000000002 32819.500000000007 16.500000000000004 31532.000000000004 0.25000000000000011
decision_type=2 2 2 2 2 2 2 2 2 2 2 2 2 2 2 2 2 2
left_child=2 3 -1 6 7 -3 8 -4 -2 -5 -6 12 -12 -7 17 16 -9 -11
right_child=1 5 4 9 10 13 -8 15 -10 14 11 -13 -14 -15 -16 -17 -18 -19
leaf_value=-64.117274130338032 85.226024029591571 31.055672040751038 39.766995844816734 63.152466156853528 -12.303603203290168 36.42467850041232 8.2503638160304682 21.962373295824818 17.420575149548775 -2.2477767073095967 27.292543960824961 -5.0452708103736397 10.538733229300563 61.665806420954979 18.84471174369121 -8.7976198355480673 -6.3844056905692268 56.913349582989959
leaf_weight=236737 114 2779 351 244 30145 115 23236 3145 3436 195 1071 32595 4986 1324 14398 2040 1997 892
leaf_count=236737 114 2779 351 244 30145 115 23236 3145 3436 195 1071 32595 4986 1324 14398 2040 1997 892
internal_value=-0.0011071 0.00349825 -0.00179456 0.00269735 -0.000483198 0.0115709 0.00176823 0.0015356 0.0043796 0.0042796 -0.000704248 -0.000257984 0.00182866 0.0151789 0.00413259 0.00115051 0.00206698 0.0077812
internal_weight=359800 46733 313067 42515 76330 4218 26786 7533 3550 15729 68797 38652 6057 1439 15485 7182 5142 1087
internal_count=359800 46733 313067 42515 76330 4218 26786 7533 3550 15729 68797 38652 6057 1439 15485 7182 5142 1087
is_linear=0
shrinkage=0.0229654


Tree=70
num_leaves=19
num_cat=0
split_feature=37 37 37 37 8 35 37 35 35 22 0 37 35 0 22 0 28 27
split_gain=2080.36 558.835 328.155 112.35 66.9103 86.7612 53.4042 45.6629 44.3161 38.2378 46.0777 36.8733 32.415 31.2143 25.3465 25.4143 23.7487 34.3806
threshold=34107.426737346999 40588.166703123112 27362.417557133838 36939.885737871497 1.0000000180025095e-35 28609.000000000004 41859.284942633676 32660.500000000004 32229.500000000004 9.6250434027777789 17.500000000000004 39716.83368484956 37664.500000000007 30.500000000000004 8.5499565972222253 28.500000000000004 0.48237567204301174 -0.29058779761904713
decision_type=2 2 2 2 2 2 2 2 2 2 2 2 2 2 2 2 2 2
left_child=2 3 -1 7 5 9 -3 -2 -5 10 -4 12 -10 -8 -14 -16 17 -12
right_child=1 6 4 8 -6 -7 13 -9 11 -11 16 -13 14 -15 15 -17 -18 -19
leaf_value=-64.605739238103112 18.161820305190741 30.342465832737584 1.3026642733008085 60.802648410302041 -10.174569960865925 -5.2499389874678437 35.588170863504516 7.2092609546590181 24.066460990682732 1.5902424586071688 17.975827744045141 28.116584246971598 10.54654936005244 60.249625959496122 40.674154695072126 16.430265349023401 20.197770648081228 44.584588717904879
leaf_weight=233964 3422 2779 2492 188 34158 32445 115 20512 6232 5339 1089 2831 8021 1324 390 919 1551 2029
leaf_count=233964 3422 2779 2492 188 34158 32445 115 20512 6232 5339 1089 2831 8021 1324 390 919 1551 2029
internal_value=-0.00111246 0.00340734 -0.00178716 0.00261632 -0.000508443 7.38342e-05 0.0113803 0.00157612 0.00395619 0.00169944 0.00279619 0.0038428 0.00340423 0.0149714 0.00254761 0.00551064 0.00414204 0.00529722
internal_weight=359800 46733 313067 42515 79103 44945 4218 23934 18581 12500 7161 18393 15562 1439 9330 1309 4669 3118
internal_count=359800 46733 313067 42515 79103 44945 4218 23934 18581 12500 7161 18393 15562 1439 9330 1309 4669 3118
is_linear=0
shrinkage=0.0229654


Tree=71
num_leaves=19
num_cat=0
split_feature=37 37 37 37 8 36 37 26 36 0 36 28 8 8 37 14 36 29
split_gain=1997.27 532.619 326.423 105.11 59.8807 68.669 54.7128 46.7072 33.0771 30.8429 28.7628 31.4988 26.1958 21.5297 25.6605 18.5294 19.9493 19.2107
threshold=34107.426737346999 40588.166703123112 27508.88673103532 36739.182209703904 1.0000000180025095e-35 24995.500000000004 41859.284942633676 1.0000000180025095e-35 25109.500000000004 31.500000000000004 32663.500000000004 -2.513443732193732 -0.70710678118654757 -0.75023006073889131 39354.389669697441 80.812500000000014 40256.000000000007 613.13750000000016
decision_type=2 2 2 2 2 2 2 2 2 2 2 2 2 2 2 2 2 2
left_child=2 3 -1 8 5 -4 -3 -5 -2 -8 11 -9 -10 15 -15 16 17 -12
right_child=1 6 4 7 -6 -7 9 10 12 -11 13 -13 -14 14 -16 -17 -18 -19
leaf_value=-61.238284970799583 94.841437480873907 29.645638696942601 24.269813581558893 47.952796836008581 -9.5042790460046938 -0.68218834878247803 34.127560538647295 38.295569105759746 12.403354784067696 58.865968661453351 36.000513075133526 74.237986525042956 4.6658526294398133 12.765011021161348 21.432113011911497 18.909543588651399 -4.2767492821712896 21.530070131996528
leaf_weight=236737 69 2779 1423 484 32548 42359 130 742 8419 1309 1047 446 14014 10088 3089 3469 204 444
leaf_count=236737 69 2779 1423 484 32548 42359 130 742 8419 1309 1047 446 14014 10088 3089 3469 204 444
internal_value=-0.00111514 0.00331348 -0.00177623 0.00254124 -0.00047026 8.43455e-05 0.0110972 0.00375206 0.00146435 0.014732 0.0035774 0.00704041 0.00141552 0.00335309 0.00286052 0.00460998 0.006578 0.00749957
internal_weight=359800 46733 313067 42515 76330 43782 4218 20013 22502 1439 19529 1188 22433 18341 13177 5164 1695 1491
internal_count=359800 46733 313067 42515 76330 43782 4218 20013 22502 1439 19529 1188 22433 18341 13177 5164 1695 1491
is_linear=0
shrinkage=0.0229654


Tree=72
num_leaves=19
num_cat=0
split_feature=37 37 37 37 1 35 37 35 36 0 35 36 26 0 0 35 37 36
split_gain=1907.01 492.587 325.963 101.557 55.8943 64.7084 47.4053 45.7027 44.6672 52.2329 41.2026 37.0551 33.2211 27.1757 24.2952 31.6276 33.0462 54.9617
threshold=34107.426737346999 40588.166703123112 27223.827058536357 37144.710925868676 17.500000000000004 26621.500000000004 41859.284942633676 32660.500000000004 26466.500000000004 15.500000000000002 32229.500000000004 28472.500000000004 1.0000000180025095e-35 31.500000000000004 19.500000000000004 32087.000000000004 30652.222152087903 29186.500000000004
decision_type=2 2 2 2 2 2 2 2 2 2 2 2 2 2 2 2 2 2
left_child=2 3 -1 7 5 8 -3 11 9 -4 -5 -2 -12 -8 -7 16 -16 -18
right_child=1 6 4 10 -6 14 13 -9 -10 -11 12 -13 -14 -15 15 -17 17 -19
leaf_value=-63.900565511421441 80.706033017422683 28.964814481274615 -9.0153470762731054 58.400528584140552 -9.8922217032788318 -10.229617486243525 33.343807155092044 7.1123023062178419 7.9240505786861783 42.383323251071488 46.347068151336217 15.567730251653375 18.521934068112806 57.514087619079213 -1.2390388828971357 -8.0968168802176308 24.253898746494155 11.284852859150829
leaf_weight=231217 112 2779 389 140 33911 13022 130 21882 5638 742 438 3385 16558 1309 11303 10757 920 5168
leaf_count=231217 112 2779 389 140 33911 13022 130 21882 5638 742 438 3385 16558 1309 11303 10757 920 5168
internal_value=-0.00111859 0.00320881 -0.00176456 0.00246615 -0.000519072 -1.43243e-05 0.0106943 0.00154385 0.00206651 0.00623173 0.00383212 0.00398168 0.00372992 0.0140777 -0.000356447 2.30073e-05 0.000628442 0.0019925
internal_weight=359800 46733 313067 42515 81850 47939 4218 25379 6769 1131 17136 3497 16996 1439 41170 28148 17391 6088
internal_count=359800 46733 313067 42515 81850 47939 4218 25379 6769 1131 17136 3497 16996 1439 41170 28148 17391 6088
is_linear=0
shrinkage=0.0229654


Tree=73
num_leaves=19
num_cat=0
split_feature=37 37 37 37 1 35 37 35 3 35 36 0 36 36 37 22 36 37
split_gain=1830.58 461.796 327.01 96.0843 62.4529 55.6121 48.0647 44.5053 36.8749 36.0316 37.6451 35.4631 61.9001 34.7786 31.1928 28.3221 33.7428 27.4943
threshold=34107.426737346999 40588.166703123112 26800.025061189601 37353.276481140922 17.500000000000004 26555.000000000004 41859.284942633676 32660.500000000004 1.0000000180025095e-35 37664.500000000007 39877.000000000007 15.500000000000002 26178.500000000004 28472.500000000004 27508.88673103532 9.6049913194444461 28814.000000000004 39354.389669697441
decision_type=2 2 2 2 2 2 2 2 2 2 2 2 2 2 2 2 2 2
left_child=2 3 -1 7 5 11 -3 13 -7 10 -5 -4 14 -2 -13 16 -14 -11
right_child=1 6 4 9 -6 8 -8 -9 -10 17 -12 12 15 -15 -16 -17 -18 -19
leaf_value=-69.618063986372817 78.820160459416243 28.299625672128958 -6.5300052579583863 30.937175530676164 -10.983028912842936 22.438367580467165 55.963598988367508 7.4770064552843749 -5.0334979950348995 11.482209740704985 10.558605613133782 24.032828307438482 38.397404323443915 16.001270447062417 42.955647630306579 -1.6257572972949834 11.384968632910134 22.782819173085066
leaf_weight=222709 114 2779 1877 3794 38084 2935 1439 23236 41196 7071 1068 482 611 3436 485 2514 2174 3796
leaf_count=222709 114 2779 1877 3794 38084 2935 1439 23236 41196 7071 1068 482 611 3436 485 2514 2174 3796
internal_value=-0.00111993 0.00311986 -0.00175283 0.00240079 -0.000587568 -7.2226e-05 0.0103676 0.00156418 -0.000393989 0.00382552 0.00546881 0.00167157 0.00250105 0.00395911 0.00784434 0.00152597 0.00312115 0.0030903
internal_weight=359800 46733 313067 42515 90358 52274 4218 26786 44131 15729 4862 8143 6266 3550 967 5299 2785 10867
internal_count=359800 46733 313067 42515 90358 52274 4218 26786 44131 15729 4862 8143 6266 3550 967 5299 2785 10867
is_linear=0
shrinkage=0.0229654


Tree=74
num_leaves=19
num_cat=0
split_feature=37 37 37 37 8 37 29 0 0 8 15 37 37 12 21 5 8 23
split_gain=1751 454.283 314.296 95.8923 77.2018 45.6841 29.046 26.7622 25.2084 24.7239 22.9282 20.2975 19.8662 17.7154 17.4979 17.3352 16.9046 27.5229
threshold=33943.756258948641 40588.166703123112 26800.025061189601 36558.079481930494 1.0000000180025095e-35 41859.284942633676 797.58750000000009 31.500000000000004 21.500000000000004 -0.70710678118654757 4.8187500000000023 29110.947298392126 39716.83368484956 10.306250000000004 1.0000000180025095e-35 1.0000000180025095e-35 -0.75023006073889131 1.2999999999999998
decision_type=2 2 2 2 2 2 2 2 2 2 2 2 2 2 2 2 2 2
left_child=2 3 -1 9 8 -3 12 -7 15 13 -8 -6 16 -2 -9 -4 17 -5
right_child=1 5 4 6 11 7 10 14 -10 -11 -12 -13 -14 -15 -16 -17 -18 -19
leaf_value=-68.019256678006982 12.88267975001537 27.649713196000988 -2.5571702215562455 28.204850836798229 -16.457060953458587 31.292826052524962 -13.790605577835644 82.801477422504689 3.8427020364727769 3.6632150298146602 56.253358228981234 -5.7796401446155921 24.512822868584141 -14.107824729446165 44.669563183111109 -36.538565420682708 13.408858291485434 12.950692020879096
leaf_weight=222709 7849 2779 16867 3602 21770 130 66 342 28571 14114 240 18490 2727 608 967 3237 12722 2010
leaf_count=222709 7849 2779 16867 3602 21770 130 66 342 28571 14114 240 18490 2727 608 967 3237 12722 2010
internal_value=-0.00112485 0.00295075 -0.00175462 0.00225964 -0.000600507 0.0101499 0.00336232 0.0134712 1.48615e-05 0.00121578 0.010387 -0.0013445 0.00326026 0.00219769 0.0144582 -0.000608177 0.00298823 0.00403818
internal_weight=359800 48156 311644 43938 88935 4218 21367 1439 48675 22571 306 40260 21061 8457 1309 20104 18334 5612
internal_count=359800 48156 311644 43938 88935 4218 21367 1439 48675 22571 306 40260 21061 8457 1309 20104 18334 5612
is_linear=0
shrinkage=0.0229654


Tree=75
num_leaves=19
num_cat=0
split_feature=37 37 37 37 1 37 36 0 36 36 0 22 36 37 36 22 22 27
split_gain=1682.66 438.956 312.296 90.4743 59.5592 45.6683 39.8091 36.5444 41.1961 27.0163 25.6565 24.707 22.0424 21.4169 21.0867 19.7476 19.1993 18.87
threshold=33943.756258948641 40588.166703123112 26800.025061189601 36558.079481930494 17.500000000000004 41859.284942633676 31532.000000000004 19.500000000000004 25499.500000000004 26178.500000000004 31.500000000000004 7.5425781250000012 20345.500000000004 39716.83368484956 33223.500000000007 0.88997395833333348 9.6250434027777789 -0.17645089285714285
decision_type=2 2 2 2 2 2 2 2 2 2 2 2 2 2 2 2 2 2
left_child=2 3 -1 9 7 -3 -5 12 11 -2 -7 -9 -4 -8 16 -12 17 -10
right_child=1 5 4 6 -6 10 13 8 14 -11 15 -13 -14 -15 -16 -17 -18 -19
leaf_value=-66.457166633278192 76.762805919113703 27.014726225656133 85.132510964813761 65.096174830856967 -10.658035146852928 30.5741735056517 14.695167872676992 31.770886199318614 -2.6008489958156633 6.9578590448497968 67.68258179823691 12.616399902782142 -8.1723828211520129 21.982926698574076 -10.224246071118969 43.003351232787125 -1.9254336146415347 15.316398631094913
leaf_weight=222709 105 2779 63 1001 37593 130 17704 411 3850 22466 404 1777 18210 2662 7481 905 9987 9563
leaf_count=222709 105 2779 63 1001 37593 130 17704 411 3850 22466 404 1777 18210 2662 7481 905 9987 9563
internal_value=-0.00112893 0.00286634 -0.00174629 0.00218699 -0.000595859 0.00994297 0.00325806 -8.7314e-05 0.000368138 0.00117305 0.0132638 0.00341332 -0.000911554 0.0030383 0.000152378 0.0142301 0.000491695 0.00105932
internal_weight=359800 48156 311644 43938 88935 4218 21367 51342 33069 22571 1439 2188 18273 20366 30881 1309 23400 13413
internal_count=359800 48156 311644 43938 88935 4218 21367 51342 33069 22571 1439 2188 18273 20366 30881 1309 23400 13413
is_linear=0
shrinkage=0.0229654


Tree=76
num_leaves=19
num_cat=0
split_feature=35 35 36 3 28 35 35 8 3 4 3 30 3 35 7 4 3 30
split_gain=1086.03 298.773 169.896 137.541 106.465 64.3928 63.6991 61.4769 55.6278 48.5905 48.3818 44.2597 40.887 49.7196 39.6145 42.7272 38.3187 33.9289
threshold=31538.000000000004 41270.500000000007 27231.500000000004 3.5000000000000004 -3.3702589897260271 36866.500000000007 42681.500000000007 -0.44134171618254459 1.0000000180025095e-35 11.500000000000002 1.0000000180025095e-35 842.77500000000009 5.5000000000000009 36682.500000000007 -0.89495246814786256 1.5000000000000002 1.0000000180025095e-35 1506.2687500000004
decision_type=2 2 2 2 2 2 2 2 2 2 2 2 2 2 2 2 2 2
left_child=2 3 -1 4 9 -6 -3 8 11 10 -2 -4 -5 -14 15 -8 -7 -15
right_child=1 6 7 12 5 16 14 -9 -10 -11 -12 -13 13 17 -16 -17 -18 -19
leaf_value=-51.167208544824796 45.588498956545394 21.52199426524513 -6.1392694817496842 -6.0614050816235068 5.2544471241788191 35.369139046397471 53.525019238698256 -12.756846514681268 -5.2303170899411482 -16.33649773448581 18.89377854835854 21.692819412544601 3.3527829066273189 54.725476886238305 21.891222963252975 8.6943210144888443 13.282390725308327 17.551033232866214
leaf_weight=224608 732 2680 2204 20672 24320 975 856 38288 18728 595 4062 5036 4936 246 280 264 9540 778
leaf_count=224608 732 2680 2204 20672 24320 975 856 38288 18728 595 4062 5036 4936 246 280 264 9540 778
internal_value=-0.00113251 0.00141361 -0.00175775 0.00104542 0.001893 0.00142829 0.00744687 -0.000716454 0.000146098 0.00489693 0.00566518 0.00185563 -0.000234725 0.00144112 0.0114171 0.0133486 0.00292992 0.00604636
internal_weight=359800 70936 288864 66856 40224 34835 4080 64256 25968 5389 4794 7240 26632 5960 1400 1120 10515 1024
internal_count=359800 70936 288864 66856 40224 34835 4080 64256 25968 5389 4794 7240 26632 5960 1400 1120 10515 1024
is_linear=0
shrinkage=0.0229654


Tree=77
num_leaves=19
num_cat=0
split_feature=35 35 36 3 26 8 35 3 13 30 13 30 7 36 21 7 4 36
split_gain=1044.88 282.342 168.975 128.606 121.178 67.1184 66.3793 59.3751 52.7892 46.4567 46.2365 43.2966 41.4527 40.5886 75.2693 39.1114 41.2221 35.348
threshold=31538.000000000004 41270.500000000007 26730.500000000004 3.5000000000000004 4.1878906250000014 -0.44134171618254459 42681.500000000007 1.0000000180025095e-35 15.943750000000003 842.77500000000009 0.73125000000000029 1928.5375000000001 -0.94490267940017747 35400.000000000007 1.0000000180025095e-35 -0.89495246814786256 1.5000000000000002 38855.500000000007
decision_type=2 2 2 2 2 2 2 2 2 2 2 2 2 2 2 2 2 2
left_child=2 3 -1 4 11 7 -3 9 10 -4 -6 12 -2 -5 -15 16 -8 -12
right_child=1 6 5 13 8 -7 15 -9 -10 -11 17 -13 -14 14 -16 -17 -18 -19
leaf_value=-54.586114369878196 23.787643143601425 21.027732865953418 -5.9288520416530313 -7.3508537709031634 18.938781506686926 -13.070984901191299 52.295795283892538 -5.6871526251976592 26.025584512911337 21.445451250023858 1.4194338989074156 40.386257112998479 13.922368635423252 42.045000712444313 4.8053097851684319 21.388482075922806 8.4946523770219304 11.611398032204063
leaf_weight=215216 1203 2680 2358 18400 5560 45072 856 21040 113 5178 19923 1204 6871 155 8077 280 264 5350
leaf_count=215216 1203 2680 2358 18400 5560 45072 856 21040 113 5178 19923 1204 6871 155 8077 280 264 5350
internal_value=-0.00112944 0.00136797 -0.00174273 0.00101004 0.00182963 -0.000793225 0.00723298 7.74723e-05 0.00113944 0.00182663 0.00108202 0.00413169 0.00352588 -0.000227827 0.00111256 0.0112859 0.0132051 0.00066489
internal_weight=359800 70936 288864 66856 40224 73648 4080 28576 30946 7536 30833 9278 8074 26632 8232 1400 1120 25273
internal_count=359800 70936 288864 66856 40224 73648 4080 28576 30946 7536 30833 9278 8074 26632 8232 1400 1120 25273
is_linear=0
shrinkage=0.0229654


Tree=78
num_leaves=19
num_cat=0
split_feature=37 37 37 8 35 37 37 35 22 0 35 26 0 22 37 35 37 37
split_gain=1500.15 369.73 332.633 77.587 78.4337 77.0729 45.2959 43.8375 36.5842 45.6112 34.8869 25.3917 24.181 22.7022 22.6227 22.2608 23.1399 22.8208
threshold=33943.756258948641 40588.166703123112 26673.860048062674 1.0000000180025095e-35 28609.000000000004 36558.079481930494 41859.284942633676 32229.500000000004 9.6250434027777789 18.500000000000004 34388.000000000007 1.0000000180025095e-35 31.500000000000004 8.5499565972222253 29110.947298392126 38086.000000000007 38216.250375972268 38757.320078214347
decision_type=2 2 2 2 2 2 2 2 2 2 2 2 2 2 2 2 2 2
left_child=2 5 -1 4 8 10 -3 -7 9 -4 -2 -9 -8 15 -5 17 -17 -13
right_child=1 6 3 14 -6 7 12 11 -10 -11 -12 13 -14 -15 -16 16 -18 -19
leaf_value=-65.097373527860015 12.142365263983057 25.371317584466833 1.8972264854830383 -14.966641794642028 -5.5598871071008142 52.47582855248956 28.879765356355716 41.427686796696499 1.3691962849956656 31.562400242294739 2.8335078212227924 15.034034825563934 49.898980750295898 26.518666113147674 -4.8571297634111277 -0.7280437426688563 11.261417048093589 22.146775032088598
leaf_weight=219950 8134 2779 3529 23351 33074 326 130 464 8074 5176 14437 7259 1309 3082 18490 2727 6337 1172
leaf_count=219950 8134 2779 3529 23351 33074 326 130 464 8074 5176 14437 7259 1309 3082 18490 2727 6337 1172
internal_value=-0.00112446 0.00264792 -0.00170738 -0.000545346 6.66573e-05 0.00202443 0.00914261 0.00301301 0.00134557 0.00237832 0.0010886 0.00288353 0.0124498 0.00276373 -0.00127454 0.00244356 0.00165349 0.00329295
internal_weight=359800 48156 311644 91694 49853 43938 4218 21367 16779 8705 22571 21041 1439 20577 41841 17495 9064 8431
internal_count=359800 48156 311644 91694 49853 43938 4218 21367 16779 8705 22571 21041 1439 20577 41841 17495 9064 8431
is_linear=0
shrinkage=0.0229654


Tree=79
num_leaves=19
num_cat=0
split_feature=37 37 37 8 37 35 37 35 8 35 3 35 37 13 33 12 9 7
split_gain=1443.39 343.123 331.447 90.7503 74.0959 66.5459 44.7673 43.1402 41.6874 32.3828 27.8835 28.3562 27.4789 24.8543 26.052 24.0098 23.6166 22.4956
threshold=33943.756258948641 40588.166703123112 26202.290285372062 1.0000000180025095e-35 36558.079481930494 28609.000000000004 41859.284942633676 32229.500000000004 -0.70710678118654757 33580.500000000007 1.5000000000000002 35051.500000000007 29110.947298392126 17.981250000000006 0.20486111111111113 5.2812500000000009 0.68301270189221941 -0.79335334029123528
decision_type=2 2 2 2 2 2 2 2 2 2 2 2 2 2 2 2 2 2
left_child=2 4 -1 5 9 8 -3 -6 13 -2 15 -12 -5 14 -4 16 -9 -8
right_child=1 6 3 12 7 -7 17 10 -10 -11 11 -13 -14 -15 -16 -17 -18 -19
leaf_value=-70.674636741144226 13.056269971168819 24.788654901045231 11.347361307631072 -16.173295098938265 51.270699690838214 -5.8053905905310677 48.753030252172422 17.547317862632216 0.86163780538360357 3.8208565111431794 55.637945706437606 11.073988231267782 -4.7455837921680368 35.832403198660408 36.749633333499297 16.585977550483776 36.014430328185298 28.216529735143038
leaf_weight=209983 5435 2779 7092 29042 326 33895 1309 2033 11377 17136 217 13039 18490 86 1679 4968 784 130
leaf_count=209983 5435 2779 7092 29042 326 33895 1309 2033 11377 17136 217 13039 18490 86 1679 4968 784 130
internal_value=-0.00113014 0.00257018 -0.00170193 -0.000625545 0.00196955 1.7437e-05 0.00882682 0.00293885 0.00105963 0.00105197 0.0028104 0.00216972 -0.00135777 0.00224105 0.00212059 0.00390132 0.00559502 0.0121147
internal_weight=359800 48156 311644 101661 43938 54129 4218 21367 20234 22571 21041 13256 47532 8857 8771 7785 2817 1439
internal_count=359800 48156 311644 101661 43938 54129 4218 21367 20234 22571 21041 13256 47532 8857 8771 7785 2817 1439
is_linear=0
shrinkage=0.0229654


Tree=80
num_leaves=19
num_cat=0
split_feature=37 37 37 8 37 36 3 35 22 0 36 35 22 35 36 35 36 36
split_gain=1386.54 321.86 318.998 81.0294 75.5317 67.3049 50.8518 48.7895 45.9296 44.3946 45.5064 53.0676 40.3989 38.5733 36.8314 36.5817 27.8338 26.3836
threshold=33793.841047580718 26330.685583143768 40588.166703123112 1.0000000180025095e-35 37144.710925868676 23264.500000000004 1.0000000180025095e-35 28609.000000000004 9.6250434027777789 18.500000000000004 26466.500000000004 25601.500000000004 0.88997395833333348 32660.500000000004 28472.500000000004 32229.500000000004 35218.500000000007 31532.000000000004
decision_type=2 2 2 2 2 2 2 2 2 2 2 2 2 2 2 2 2 2
left_child=1 -1 4 5 13 6 -3 8 9 -7 11 -11 -4 14 -2 -6 -14 -17
right_child=2 3 12 -5 15 7 -8 -9 -10 10 -12 -13 16 -15 -16 17 -18 -19
leaf_value=-67.240872415748072 76.801249310547831 41.672056602258323 49.746214597417065 -10.787122349326928 51.42460206514027 -0.047178026814136402 7.9562542599632096 -6.4291037857169568 -1.8977582903425145 55.845203152946141 22.831336467358739 23.16243578772767 43.150658698966772 5.3161024136676005 14.019212916457519 56.938208340510506 21.46478703001501 14.622795684648381
leaf_weight=212825 124 363 909 45488 140 3582 892 32386 9253 209 4723 547 452 23911 4143 732 2857 16264
leaf_count=212825 124 363 909 45488 140 3582 892 32386 9253 209 4723 547 452 23911 4143 732 2857 16264
internal_value=-0.00113589 -0.00170551 0.0024322 -0.000612369 0.00186991 7.29286e-06 0.005261 -0.000122755 0.000824617 0.00198682 0.00328658 0.00851786 0.00847292 0.00113873 0.00315014 0.00307224 0.00729493 0.00297594
internal_weight=359800 310268 49532 97443 45314 51955 1255 50700 18314 9061 5479 756 4218 28178 4267 17136 3309 16996
internal_count=359800 310268 49532 97443 45314 51955 1255 50700 18314 9061 5479 756 4218 28178 4267 17136 3309 16996
is_linear=0
shrinkage=0.0229654


Tree=81
num_leaves=19
num_cat=0
split_feature=35 35 36 26 35 13 22 36 26 0 1 35 17 6 36 36 9 0
split_gain=904.066 215.007 162.779 94.9281 56.0482 52.8616 49.1119 47.7082 39.5286 33.7395 53.8254 30.7918 30.2541 28.3334 28.2721 26.5359 25.7206 24.7196
threshold=31538.000000000004 41270.500000000007 26730.500000000004 4.285286458333335 42681.500000000007 15.943750000000003 9.6250434027777789 35561.000000000007 0.78072916666666681 14.500000000000002 19.500000000000004 25661.500000000004 60.812500000000007 1.0000000180025095e-35 34533.000000000007 25319.500000000004 0.68301270189221941 31.500000000000004
decision_type=2 2 2 2 2 2 2 2 2 2 2 2 2 2 2 2 2 2
left_child=2 3 11 8 -3 7 9 -5 15 -4 12 -1 -11 -14 16 -2 -10 -6
right_child=1 4 6 5 17 -7 -8 -9 14 10 -12 -13 13 -15 -16 -17 -18 -19
leaf_value=-74.735987198159236 27.587207269049077 18.724632308179032 -21.417097113692964 -1.7548644881656539 18.08377643509327 25.372104422853322 -12.142579252614079 8.0967100060769983 11.958553578806915 -4.4437903252120234 -12.516003111209848 -17.826472303346033 12.956917326399486 -40.118020670199378 13.358380155737779 31.348561399031176 -5.7586970496372905 45.417123918016699
leaf_weight=176960 96 2680 5834 29183 192 121 36504 21569 3807 7023 10228 38256 13036 1023 7987 1487 2606 1208
leaf_count=176960 96 2680 5834 29183 192 121 36504 21569 3807 7023 10228 38256 13036 1023 7987 1487 2606 1208
internal_value=-0.00114253 0.00118052 -0.00171299 0.000868175 0.0062986 0.000383125 -0.000781064 0.000346978 0.00241206 -0.000193151 0.000105621 -0.0020319 0.000768854 0.00138374 0.0020334 0.00585669 0.000897774 0.0100228
internal_weight=359800 70936 288864 66856 4080 50873 73648 50752 15983 37144 31310 215216 21082 14059 14400 1583 6413 1400
internal_count=359800 70936 288864 66856 4080 50873 73648 50752 15983 37144 31310 215216 21082 14059 14400 1583 6413 1400
is_linear=0
shrinkage=0.0229654


Tree=82
num_leaves=19
num_cat=0
split_feature=37 37 37 37 23 22 37 3 13 3 3 1 19 19 3 22 22 30
split_gain=1282.5 321.149 279.364 73.0309 60.3927 39.2603 38.2282 30.4685 35.0114 24.9442 23.3956 20.7515 19.8899 20.6009 19.4544 28.3045 19.4443 24.5387
threshold=33633.706528732488 26202.290285372062 40588.166703123112 36029.311559945709 1.0500000000000007 1.0000000180025095e-35 28497.962273516761 1.5000000000000002 0.96875000000000033 1.0000000180025095e-35 1.0000000180025095e-35 14.500000000000002 8.0062500000000032 11.181250000000002 5.5000000000000009 5.0525607638888905 8.5499565972222253 1702.23125
decision_type=2 2 2 2 2 2 2 2 2 2 2 2 2 2 2 2 2 2
left_child=1 -1 3 11 6 -4 -3 8 -5 -8 -6 -2 -7 -14 16 -16 17 -9
right_child=2 4 5 7 10 12 9 14 -10 -11 -12 -13 13 -15 15 -17 -18 -19
leaf_value=-66.458099960566869 9.1538733701249306 -15.10377497290888 49.102368221920337 32.400076458592423 16.935814251147647 45.740803103798882 5.3900241786321414 3.8126600098664096 14.10556861738635 -5.8224626376220279 -0.37507365185922964 0.28629185259595336 12.19176403698831 29.618359787677097 8.5129308656696985 25.990377793082668 18.414641985679904 19.745050836371611
leaf_weight=209983 10227 30695 590 3398 4605 346 5424 8820 6123 32087 26048 10919 1167 2115 854 542 2020 3837
leaf_count=209983 10227 30695 590 3398 4605 346 5424 8820 6123 32087 26048 10919 1167 2115 854 542 2020 3837
internal_value=-0.00114004 -0.00169698 0.00223543 0.00172462 -0.000617675 0.00789579 -0.000998201 0.00254976 0.00357928 -0.000506377 0.000229032 0.000725909 0.0070023 0.00645019 0.00193991 0.00453057 0.0016935 0.00135956
internal_weight=359800 308842 50958 46740 98859 4218 68206 25594 9521 37511 30653 21146 3628 3282 16073 1396 14677 12657
internal_count=359800 308842 50958 46740 98859 4218 68206 25594 9521 37511 30653 21146 3628 3282 16073 1396 14677 12657
is_linear=0
shrinkage=0.0229654


Tree=83
num_leaves=19
num_cat=0
split_feature=35 35 36 3 26 8 35 3 3 7 36 20 22 35 3 8 4 3
split_gain=842.214 193.973 164.013 106.66 91.2711 56.0579 50.5552 46.6277 35.6643 40.388 35.2958 33.3256 32.5431 31.7712 31.818 81.554 30.863 30.7017
threshold=31538.000000000004 41270.500000000007 26661.500000000004 3.5000000000000004 4.285286458333335 -0.44134171618254459 42681.500000000007 1.0000000180025095e-35 5.5000000000000009 -0.94490267940017747 23720.500000000004 1.5500000000000027 9.6250434027777789 25661.500000000004 1.0000000180025095e-35 -0.19467261866128607 1.5000000000000002 4.5000000000000009
decision_type=2 2 2 2 2 2 2 2 2 2 2 2 2 2 2 2 2 2
left_child=2 3 13 4 10 7 -3 12 17 -10 -2 16 -4 -1 15 -15 -6 -5
right_child=1 6 5 8 11 -7 -8 -9 9 -11 -12 -13 -14 14 -16 -17 -18 -19
leaf_value=-71.749227459791726 25.675817937819534 17.718488676826301 19.066828272524532 0.79001472683006113 13.144174236744982 -11.799704169622437 42.412498404156246 -5.4442263477756869 17.658412569465735 -0.3677067258006872 15.501451385151746 25.998954105506943 -5.341222847652193 50.94882430130091 -18.698875150724923 -13.623726756757959 3.2523992393810213 -15.704039782650579
leaf_weight=176400 94 2680 5263 10536 6702 46008 1400 21384 1920 4040 9616 87 2289 440 35944 1136 23725 10136
leaf_count=176400 94 2680 5263 10536 6702 46008 1400 21384 1920 4040 9616 87 2289 440 35944 1136 23725 10136
internal_value=-0.00114259 0.00109958 -0.0016932 0.000802909 0.0015493 -0.00076866 0.00596087 2.33331e-05 -0.000324407 0.00124075 0.00348857 0.000932193 0.00157461 -0.0020171 -0.00141024 0.00178361 0.00089161 -0.000775661
internal_weight=359800 70936 288864 66856 40224 74944 4080 28936 26632 5960 9710 30514 7552 213920 37520 1576 30427 20672
internal_count=359800 70936 288864 66856 40224 74944 4080 28936 26632 5960 9710 30514 7552 213920 37520 1576 30427 20672
is_linear=0
shrinkage=0.0229654


Tree=84
num_leaves=19
num_cat=0
split_feature=35 35 36 3 26 35 36 10 3 3 3 7 25 3 16 0 35 0
split_gain=819.596 195.234 131.46 100.044 94.3969 69.7923 48.8054 45.3539 46.4155 39.9398 35.9182 38.1119 35.3262 30.0605 28.2051 26.4989 26.3916 27.4132
threshold=30377.500000000004 40221.000000000007 26056.500000000004 3.5000000000000004 5.2751302083333345 42681.500000000007 23720.500000000004 -0.5 1.0000000180025095e-35 2.5000000000000004 5.5000000000000009 -0.94490267940017747 9.6252604166666682 4.5000000000000009 18.687500000000004 18.500000000000004 26348.500000000004 26.500000000000004
decision_type=2 2 2 2 2 2 2 2 2 2 2 2 2 2 2 2 2 2
left_child=2 3 -1 4 6 9 -2 -4 16 -3 13 -12 -6 -5 -10 -8 -9 -18
right_child=1 5 7 10 12 -7 15 8 14 -11 11 -13 -14 -15 -16 -17 17 -19
leaf_value=-54.005165295411636 27.461206204833527 20.119868957160243 -19.351466064897853 -0.98999574021312964 7.3061474397294539 41.438478034559502 0.48558809193282632 -2.613716211975162 -17.328082588642282 10.545134462468869 14.547352909732759 -0.57700250297022637 -3.6560132554669393 -16.899940081714036 -2.9950795853093459 15.36302111630487 23.270444947308217 4.4000407466807818
leaf_weight=200288 121 2424 21624 11944 19630 1400 1897 6640 21496 3128 2072 5520 11156 11568 20216 12572 2248 3856
leaf_count=200288 121 2424 21624 11944 19630 1400 1897 6640 21496 3128 2072 5520 11156 11568 20216 12572 2248 3856
internal_value=-0.00114138 0.000853523 -0.00174361 0.000518583 0.00120627 0.00453824 0.00272783 -0.000930933 -0.000577594 0.00338276 -0.000484649 0.000888729 0.000485178 -0.000928111 -0.000948194 0.00260636 0.000635405 0.00172542
internal_weight=359800 83432 276368 76480 45376 6952 14590 76080 54456 5552 31104 7592 30786 23512 41712 14469 12744 6104
internal_count=359800 83432 276368 76480 45376 6952 14590 76080 54456 5552 31104 7592 30786 23512 41712 14469 12744 6104
is_linear=0
shrinkage=0.0229654


Tree=85
num_leaves=19
num_cat=0
split_feature=37 37 37 37 35 23 37 35 10 35 17 10 14 27 37 22 35 30
split_gain=1181.85 337.044 164.974 117.351 67.7028 60.2941 54.7737 42.9664 40.7012 38.7216 27.4669 30.6923 27.3249 27.0864 25.1347 23.6541 21.7587 22.7008
threshold=29908.181515470071 39716.83368484956 25643.809435506239 36029.311559945709 29804.500000000004 1.0875000000000008 41859.284942633676 26684.500000000004 -0.5 35051.500000000007 67.937500000000014 0.25000000000000017 62.562500000000007 -1.2688058035714291 32975.980006800011 9.6250434027777789 23238.500000000004 127.38125000000001
decision_type=2 2 2 2 2 2 2 2 2 2 2 2 2 2 2 2 2 2
left_child=2 3 -1 4 15 16 -3 8 -7 13 -10 12 -12 -5 -6 -2 17 -4
right_child=1 6 5 9 14 7 -8 -9 10 -11 11 -13 -14 -15 -16 -17 -18 -19
leaf_value=-70.838691418020787 18.834727802394365 21.486369841434605 34.535442037275331 36.034874016322256 -5.3555107197763654 -7.4616831799547718 42.41871054448476 -7.3287879564214462 2.0059317783021466 9.5680125400561504 0.34498895205094132 4.4557683328951256 33.311338903776431 26.165935109227945 2.5659711594840751 1.248893673366873 -13.691805245121893 2.3953224732425862
leaf_weight=197241 6743 5610 119 1009 23766 2730 1439 14381 1726 19178 490 1112 2075 2576 24782 2650 50580 1593
leaf_count=197241 6743 5610 119 1009 23766 2730 1439 14381 1726 19178 490 1112 2075 2576 24782 2650 50580 1593
internal_value=-0.00113831 0.00117916 -0.00188585 0.000758532 0.000209633 -0.00096754 0.00599498 2.61127e-05 0.00136019 0.0021557 0.00251502 0.00363687 0.00501837 0.00434645 -0.00013567 0.00199434 -0.00139535 0.00115095
internal_weight=359800 87753 272047 80704 57941 74806 7049 22514 8133 22763 5403 3677 2565 3585 48548 9393 52292 1712
internal_count=359800 87753 272047 80704 57941 74806 7049 22514 8133 22763 5403 3677 2565 3585 48548 9393 52292 1712
is_linear=0
shrinkage=0.0229654


Tree=86
num_leaves=19
num_cat=0
split_feature=30 0 3 30 0 25 10 0 1 29 18 3 0 17 31 25 27 0
split_gain=426.801 406.673 190.365 134.361 109.939 74.2247 56.4542 54.8733 52.7247 56.7137 49.6554 49.1429 32.6988 34.0542 33.5581 31.9905 31.4721 31.3239
threshold=842.77500000000009 14.500000000000002 3.5000000000000004 1928.5375000000001 43.500000000000007 3.4802083333333331 -0.5 15.500000000000002 18.500000000000004 797.58750000000009 0.011250000000000001 2.5000000000000004 42.500000000000007 75.062500000000014 105.45625000000001 9.1341145833333357 6.7970982142857137 21.500000000000004
decision_type=2 2 2 2 2 2 2 2 2 2 2 2 2 2 2 2 2 2
left_child=6 -2 3 4 5 -3 -1 -8 9 17 15 12 13 -9 16 -7 -15 -4
right_child=1 2 8 -5 -6 10 7 11 -10 -11 -12 -13 -14 14 -16 -17 -18 -19
leaf_value=-41.156897859812752 -38.854489508188131 17.044425975368362 -14.867502714647005 40.430928572342339 -11.826729674151911 6.1509799673052852 -89.538400967916587 -6.1766755309113819 -14.879007860836145 39.546342569262464 12.674363113274804 -15.174890419979757 -21.562519974713943 5.3165096112768051 37.788683965687653 -8.9047633294272988 24.407912081630641 2.3011759893841575
leaf_weight=125676 45353 6738 9474 2298 8956 13464 24611 9594 13701 295 26316 31024 4238 9173 154 5695 121 22919
leaf_count=125676 45353 6738 9474 2298 8956 13464 24611 9594 13701 295 26316 31024 4238 9173 154 5695 121 22919
internal_value=-0.0011447 -0.000236581 0.000518736 0.00133605 0.00113124 0.00153447 -0.00183362 -0.0013522 -0.000599471 -9.8219e-05 0.00120117 -0.000944516 -0.000146987 0.000259057 0.00123772 0.000311775 0.00106154 -0.000189506
internal_weight=359800 155209 109856 63467 61169 52213 204591 78915 46389 32688 45475 54304 23280 19042 9448 19159 9294 32393
internal_count=359800 155209 109856 63467 61169 52213 204591 78915 46389 32688 45475 54304 23280 19042 9448 19159 9294 32393
is_linear=0
shrinkage=0.0229654


Tree=87
num_leaves=19
num_cat=0
split_feature=37 37 37 37 8 36 35 37 36 35 35 36 36 36 37 35 35 36
split_gain=1127.72 338.136 131.707 106.743 66.4396 62.776 48.6982 48.4787 47.439 56.3779 37.2139 49.2412 35.5223 26.1869 24.0276 24.5864 24.4964 24.1341
threshold=28497.962273516761 39716.83368484956 35510.355415441394 25643.809435506239 1.0000000180025095e-35 23203.500000000004 28119.500000000004 41859.284942633676 23495.500000000004 22188.500000000004 34697.500000000007 32237.500000000004 27994.500000000004 27900.500000000004 32810.018203595908 33403.500000000007 32229.500000000004 27598.000000000004
decision_type=2 2 2 2 2 2 2 2 2 2 2 2 2 2 2 2 2 2
left_child=3 2 5 -1 8 -2 12 13 9 -5 11 -4 -7 -3 16 17 -8 -16
right_child=1 7 10 4 -6 6 14 -9 -10 -11 -12 -13 -14 -15 15 -17 -18 -19
leaf_value=-68.432992419580614 73.019064061859993 37.645129882024989 67.658721975060715 37.407059205037854 -15.824109820967562 26.770567765085787 -1.7983059897599323 40.516034702459258 -5.0989053389029992 10.912454763479023 8.5962796857861719 17.639682379155722 6.4177263020943549 18.873292737284554 37.049629416356872 -1.5641471651763961 -14.792422337064085 7.4664427844801153
leaf_weight=197241 335 94 452 240 31735 1492 28938 1439 22358 2029 22483 4045 7114 5516 160 15283 11239 7607
leaf_count=197241 335 94 452 240 31735 1492 28938 1439 22358 2029 22483 4045 7114 5516 160 15283 11239 7607
internal_value=-0.00114189 0.000844964 0.000499435 -0.00197389 -0.00109249 -1.23475e-05 -5.86026e-05 0.00570503 -0.000197417 0.00296658 0.00186839 0.00377548 0.00156216 0.00474045 -0.000279209 0.000311851 -0.000618307 0.00136397
internal_weight=359800 106197 99148 253603 56362 72168 71833 7049 24627 2269 26980 4497 8606 5610 63227 23050 40177 7767
internal_count=359800 106197 99148 253603 56362 72168 71833 7049 24627 2269 26980 4497 8606 5610 63227 23050 40177 7767
is_linear=0
shrinkage=0.0229654


Tree=88
num_leaves=19
num_cat=0
split_feature=37 37 37 37 8 3 22 8 3 13 26 0 7 26 8 22 19 26
split_gain=1097.76 313.47 128.8 109.298 64.7215 41.2826 39.8797 26.4049 25.7846 29.4869 27.1257 25.0254 20.632 18.8825 20.483 18.7172 18.5346 27.1792
threshold=28497.962273516761 36029.311559945709 40588.166703123112 25415.561728725286 1.0000000180025095e-35 1.0000000180025095e-35 1.0000000180025095e-35 -0.82968937203783677 1.5000000000000002 0.96875000000000033 1.0000000180025095e-35 21.500000000000004 -0.94490267940017747 2.4003906250000004 -0.75023006073889131 8.5499565972222253 7.5062500000000023 3.2561197916666673
decision_type=2 2 2 2 2 2 2 2 2 2 2 2 2 2 2 2 2 2
left_child=3 5 8 -1 11 -2 12 -7 9 13 -10 -5 -4 -3 -15 -12 -8 -18
right_child=1 2 6 4 -6 7 16 -9 10 -11 15 -13 -14 14 -16 -17 17 -19
leaf_value=-70.520973597274164 8.2838291342725281 6.8666786370617681 70.802899967691488 -11.73526886605408 -16.259452576594818 5.52331017482632 40.598933882461502 -3.3321094355416094 35.741996540657695 12.361666392542315 6.9499084364554333 3.598965114740003 36.252003939884517 42.948394278570319 23.036224384521589 17.279524055735273 28.694970505716441 12.472660679278976
leaf_weight=191636 11935 793 201 12582 34630 15920 329 48530 372 6123 13566 14755 389 997 1608 2135 1741 1558
leaf_count=191636 11935 793 201 12582 34630 15920 329 48530 372 6123 13566 14755 389 997 1608 2135 1741 1558
internal_value=-0.00114668 0.000813608 0.00281082 -0.00196755 -0.00112913 3.41236e-05 0.00652919 -0.000195625 0.00219802 0.00314511 0.001637 -0.000293778 0.0120666 0.00486072 0.00580527 0.00149178 0.00562868 0.00511031
internal_weight=359800 106197 29812 253603 61967 76385 4218 64450 25594 9521 16073 27337 590 3398 2605 15701 3628 3299
internal_count=359800 106197 29812 253603 61967 76385 4218 64450 25594 9521 16073 27337 590 3398 2605 15701 3628 3299
is_linear=0
shrinkage=0.0229654


Tree=89
num_leaves=19
num_cat=0
split_feature=35 35 29 35 35 4 5 29 7 10 5 24 0 0 36 36 4 10
split_gain=718.93 165.465 106.228 104.782 52.3212 44.5103 44.4627 59.0003 36.2838 32.2397 41.6799 31.6266 30.9582 48.4333 27.0108 26.9224 26.4504 25.9296
threshold=29259.500000000004 36866.500000000007 746.06875000000002 25661.500000000004 42681.500000000007 1.5000000000000002 1.0000000180025095e-35 519.19375000000014 -0.94490267940017747 -0.5 1.0000000180025095e-35 0.025000000000000248 15.500000000000002 43.500000000000007 26390.500000000004 23720.500000000004 1.5000000000000002 0.6830127018922193
decision_type=2 2 2 2 2 2 2 2 2 2 2 2 2 2 2 2 2 2
left_child=3 6 4 -1 11 -6 7 17 -4 -5 12 14 -11 16 -3 -9 -14 -2
right_child=1 2 8 9 5 -7 -8 15 -10 10 -12 -13 13 -15 -16 -17 -18 -19
leaf_value=-54.39753877346142 -2.8646189727800682 24.206026133776867 68.294311152680493 -17.672746541499681 34.795345993913976 -0.72281880526266362 -8.6074046226784198 30.667532400814551 31.59875329116743 -13.132911621028427 -20.136899291170923 3.9384088503243273 43.826171396399459 -13.637501509967736 13.006960884755811 11.865448051313685 5.8849167214175679 5.2433449779416277
leaf_weight=194560 29001 63 270 22432 767 264 19480 99 880 8168 13608 10618 600 6704 12130 8803 16280 15073
leaf_count=194560 29001 63 270 22432 767 264 19480 99 880 8168 13608 10618 600 6704 12130 8803 16280 15073
internal_value=-0.00114655 0.000537842 0.00214915 -0.0017722 0.00182032 0.00688071 -1.79403e-05 0.000327036 0.00896649 -0.000994676 -0.000642485 0.0015916 -0.00018675 0.000235262 0.00238958 0.00203237 0.000891134 -1.74041e-05
internal_weight=359800 97448 24992 262352 23842 1031 72456 52976 1150 67792 45360 22811 31752 23584 12193 8902 16880 44074
internal_count=359800 97448 24992 262352 23842 1031 72456 52976 1150 67792 45360 22811 31752 23584 12193 8902 16880 44074
is_linear=0
shrinkage=0.0229654


Tree=90
num_leaves=19
num_cat=0
split_feature=36 35 29 35 3 35 3 8 25 35 36 3 3 3 3 8 22 21
split_gain=702.606 171.219 95.6501 88.6435 60.75 52.8384 51.0888 50.596 50.8899 38.9778 37.9689 35.5846 35.5493 34.2172 33.0291 72.8254 33.0189 28.5298
threshold=28227.500000000004 36136.000000000007 746.06875000000002 25717.500000000004 3.5000000000000004 38284.500000000007 3.5000000000000004 0.55438071450436011 9.6252604166666682 42681.500000000007 35561.000000000007 1.5000000000000002 2.5000000000000004 1.0000000180025095e-35 1.0000000180025095e-35 -0.19467261866128607 3.0213107638888892 3.1251302083333341
decision_type=2 2 2 2 2 2 2 2 2 2 2 2 2 2 2 2 2 2
left_child=3 7 6 -1 5 14 9 8 11 13 12 -2 -4 -3 15 -5 17 -13
right_child=1 2 10 4 -6 -7 -8 -9 -10 -11 -12 16 -14 -15 -16 -17 -18 -19
leaf_value=-57.061621011677531 10.704969857332033 22.449730255196485 28.704594038049827 60.384844255156381 -21.479041663330275 30.544747858334997 2.2305917565644866 -10.018707997257593 -5.1956230321111638 34.311349847951384 49.716922540794144 14.024607472953745 -3.2011815323007089 9.3651432557311143 -4.7286884844067609 -2.0786426813525503 -0.26219820233119179 41.42074029091642
leaf_weight=187024 13992 1777 226 712 30136 120 10994 20152 25236 675 576 751 345 15583 25288 1880 24140 193
leaf_count=187024 13992 1777 226 712 30136 120 10994 20152 25236 675 576 751 345 15583 25288 1880 24140 193
internal_value=-0.00113831 0.000345763 0.00183063 -0.00183229 -0.00104904 -0.000278866 0.00157362 -0.000184727 0.00012991 0.00232583 0.00833522 0.000649068 0.0041386 0.0021153 -0.000344317 0.00212465 0.000131471 0.00434494
internal_weight=359800 114640 30176 245160 58136 28000 29029 84464 64312 18035 1147 39076 571 17360 27880 2592 25084 944
internal_count=359800 114640 30176 245160 58136 28000 29029 84464 64312 18035 1147 39076 571 17360 27880 2592 25084 944
is_linear=0
shrinkage=0.0229654


Tree=91
num_leaves=19
num_cat=0
split_feature=37 37 37 37 35 35 36 36 29 35 36 37 35 36 29 30 35 1
split_gain=1044.64 278.666 113.124 109.724 56.1501 45.7332 59.3508 42.3853 35.0715 32.908 31.3809 30.9004 30.4214 28.2111 24.6221 35.8789 24.3808 24.3282
threshold=28318.349165525371 36029.311559945709 25415.561728725286 40588.166703123112 28030.500000000004 23703.500000000004 23325.500000000004 27900.500000000004 690.61250000000007 32229.500000000004 22616.000000000004 32810.018203595908 22188.500000000004 35051.500000000007 31.868750000000002 1320.9000000000003 32229.500000000004 18.500000000000004
decision_type=2 2 2 2 2 2 2 2 2 2 2 2 2 2 2 2 2 2
left_child=2 4 -1 9 7 6 12 14 13 -3 -6 16 -4 -5 -2 -16 -12 -7
right_child=1 3 5 8 10 17 -8 -9 -10 -11 11 -13 -14 -15 15 -17 -18 -19
leaf_value=-66.678309479755455 -5.9783832068507676 43.363979903291629 39.195115904862838 31.076126073243223 34.633261084540578 -8.4038150063343497 1.6200355869917564 5.8240295589485944 41.3036470810219 11.012644994190916 -2.0705198742214965 2.6431666606739204 20.384905859386183 16.853749546465391 36.776325519002164 10.564678018958626 -14.334935622112278 -16.307160644429963
leaf_weight=191636 297 597 280 307 143 33285 3495 7580 1145 24997 30985 27260 264 2766 961 622 11329 21851
leaf_count=191636 297 597 280 307 143 33285 3495 7580 1145 24997 30985 27260 264 2766 961 622 11329 21851
internal_value=-0.00113525 0.000741941 -0.00195098 0.00263441 2.93817e-05 -0.00107327 0.00128558 0.00168963 0.0060664 0.00206881 -0.0001959 -0.000217989 0.00834185 0.00478813 0.00477632 0.00591472 -0.000606456 -0.00124607
internal_weight=359800 108989 250811 29812 79177 59175 4039 9460 4218 25594 69717 69574 544 3073 1880 1583 42314 55136
internal_count=359800 108989 250811 29812 79177 59175 4039 9460 4218 25594 69717 69574 544 3073 1880 1583 42314 55136
is_linear=0
shrinkage=0.0229654


Tree=92
num_leaves=19
num_cat=0
split_feature=22 1 3 1 33 1 25 29 25 1 32 7 30 3 3 18 16 3
split_gain=385.604 372.027 165.57 114.522 118.198 49.5222 49.3641 46.7519 45.4359 40.7538 42.3855 31.4718 34.5065 38.5909 35.3061 30.4545 30.4396 28.2429
threshold=9.6250434027777789 6.5000000000000009 3.5000000000000004 19.500000000000004 0.80208333333333348 18.500000000000004 1.0000000180025095e-35 797.58750000000009 10.174218750000001 7.5000000000000009 38.856250000000003 0.32075123873380545 1672.9875000000002 5.5000000000000009 4.5000000000000009 0.31625000000000009 60.062500000000007 4.5000000000000009
decision_type=2 2 2 2 2 2 2 2 2 2 2 2 2 2 2 2 2 2
left_child=1 -1 3 4 8 7 16 11 15 -2 -11 12 13 14 -4 -3 -6 -13
right_child=9 2 5 -5 6 -7 -8 -9 -10 10 -12 17 -14 -15 -16 -17 -18 -19
leaf_value=-35.122604826751051 -89.536279119506773 9.1487366596835038 3.3893582980567123 -4.0118219713330596 51.386385218621896 -13.958154549731857 21.424567587819222 32.642541916598901 -2.2959590008391291 -9.4557510965293421 -27.122875489292063 3.1193533435622265 10.712008109626515 8.6659249802022025 -19.002075353585468 18.129167618300237 33.031650548964109 -40.441159291474499
leaf_weight=45435 68007 30154 6286 14923 436 13642 4989 295 7492 56342 80082 3067 3895 6399 6207 5503 266 6380
leaf_count=45435 68007 30154 6286 14923 436 13642 4989 295 7492 56342 80082 3067 3895 6399 6207 5503 266 6380
internal_value=-0.00113391 -0.000271516 0.000450935 0.00120934 0.00174733 -0.000596432 0.00485821 -0.00010936 0.00133703 -0.00178933 -0.0015604 -0.00019265 0.000269392 -0.000136393 -0.000879241 0.00167862 0.0105602 -0.00130714
internal_weight=359800 155369 109934 63763 48840 46171 5691 32529 43149 204431 136424 32234 22787 18892 12493 35657 702 9447
internal_count=359800 155369 109934 63763 48840 46171 5691 32529 43149 204431 136424 32234 22787 18892 12493 35657 702 9447
is_linear=0
shrinkage=0.0229654


Tree=93
num_leaves=19
num_cat=0
split_feature=36 26 36 36 3 29 1 36 26 26 3 3 28 18 10 16 3 22
split_gain=660.365 130.139 65.266 64.0577 61.4717 68.5528 40.7402 35.9842 33.8685 32.7196 27.5392 26.5635 25.285 24.8443 22.9066 38.4057 32.8707 26.8913
threshold=28227.500000000004 4.285286458333335 24730.000000000004 38285.500000000007 4.5000000000000009 746.06875000000002 19.500000000000004 35561.000000000007 1.0000000180025095e-35 9.6251302083333368 2.5000000000000004 2.5000000000000004 -2.513443732193732 0.31625000000000009 -0.5 7.5625000000000009 3.5000000000000004 1.8855034722222224
decision_type=2 2 2 2 2 2 2 2 2 2 2 2 2 2 2 2 2 2
left_child=2 4 -1 6 5 8 9 10 -2 13 -7 12 -5 -3 -4 -16 17 -17
right_child=1 3 14 11 -6 7 -8 -9 -10 -11 -12 -13 -14 -15 15 16 -18 -19
leaf_value=-57.514855464206299 40.307702541815196 1.0734267019398693 -17.984970200104076 32.931216205249179 -2.5091586964341683 38.375399421875706 -10.215210044529091 52.339417576258725 9.907925900722983 -4.9345967127121986 -4.54463343308249 2.1146616709010142 12.578161854586595 10.546567303040398 -16.324247228468568 46.890134815530331 -11.569874534259649 6.5347782671844641
leaf_weight=170048 378 34228 29960 231 4447 361 17220 455 14638 24380 288 4852 6586 6576 26476 73 8910 9693
leaf_count=170048 378 34228 29960 231 4447 361 17220 455 14638 24380 288 4852 6586 6576 26476 73 8910 9693
internal_value=-0.00113027 0.000308502 -0.00180306 -5.32927e-05 0.00196334 0.00262279 -0.000278805 0.00814606 0.00221671 -1.6348e-05 0.00467447 0.00153923 0.00246364 0.000381368 -0.00123926 -0.000912574 -0.000115098 0.000805176
internal_weight=359800 114640 245160 94073 20567 16120 82404 1104 15016 65184 649 11669 6817 40804 75112 45152 18676 9766
internal_count=359800 114640 245160 94073 20567 16120 82404 1104 15016 65184 649 11669 6817 40804 75112 45152 18676 9766
is_linear=0
shrinkage=0.0229654


Tree=94
num_leaves=19
num_cat=0
split_feature=37 37 37 37 36 35 35 36 1 36 35 22 7 4 35 37 35 25
split_gain=1009.2 272.11 94.1098 83.1475 67.4048 44.8644 38.4851 61.2705 32.5457 32.277 55.7664 31.5511 30.8186 40.4175 28.8547 33.3433 35.27 26.8217
threshold=27508.88673103532 36029.311559945709 40588.166703123112 25187.917678592792 25441.500000000004 25960.500000000004 23594.500000000004 20462.500000000004 18.500000000000004 31254.500000000004 34388.000000000007 3.2511718750000003 -0.94490267940017747 1.5000000000000002 27702.500000000004 30917.013928228869 29804.500000000004 7.0028645833333352
decision_type=2 2 2 2 2 2 2 2 2 2 2 2 2 2 2 2 2 2
left_child=3 4 9 -1 5 -2 7 -5 14 10 -3 12 13 -4 -6 -16 -17 -13
right_child=1 2 11 6 8 -7 -8 -9 -10 -11 -12 17 -14 -15 15 16 -18 -19
leaf_value=-66.660255104813459 46.539438840410767 67.690183434819659 43.685040072583377 40.721104828112992 9.5046995240861314 8.978307373728267 -14.404300837998628 4.1511548049643343 -5.3037556757894242 9.8503941215752171 29.159482142879281 9.8959428372645455 23.295584585896535 9.4331536272118317 -7.2186164516511697 19.898125193592076 1.1883028711527033 37.176837827853873
leaf_weight=185985 423 233 717 165 8771 3111 46728 3859 29706 24440 921 1786 1050 312 19727 2507 29006 353
leaf_count=185985 423 233 717 165 8771 3111 46728 3859 29706 24440 921 1786 1050 312 19727 2507 29006 353
internal_value=-0.00112268 0.000564267 0.00247418 -0.0019996 -4.63249e-05 0.00306465 -0.00117569 0.000979339 -0.000168868 0.00195036 0.00570354 0.0056526 0.00766729 0.0104918 0.000138876 -6.94705e-05 0.00039404 0.00369443
internal_weight=359800 123063 29812 236737 93251 3534 50752 4024 89717 25594 1154 4218 2079 1029 60011 51240 31513 2139
internal_count=359800 123063 29812 236737 93251 3534 50752 4024 89717 25594 1154 4218 2079 1029 60011 51240 31513 2139
is_linear=0
shrinkage=0.0229654


Tree=95
num_leaves=19
num_cat=0
split_feature=26 0 5 26 0 29 6 0 32 26 17 27 27 0 16 0 0 15
split_gain=370.097 349.895 173.241 127.051 106.965 65.9848 52.2407 49.1158 45.4858 44.173 60.6086 28.7909 44.488 27.0527 26.8149 25.8416 38.6482 25.839
threshold=9.6251302083333368 13.500000000000002 1.0000000180025095e-35 1.0000000180025095e-35 40.500000000000007 746.06875000000002 1.0000000180025095e-35 15.500000000000002 27.818750000000001 4.3743489583333339 51.062500000000007 -1.0000000180025095e-35 1.0000000180025095e-35 43.500000000000007 322.68750000000006 40.500000000000007 32.500000000000007 8.6937500000000032
decision_type=2 2 2 2 2 2 2 2 2 2 2 2 2 2 2 2 2 2
left_child=1 -1 3 15 5 6 9 -2 13 -5 -11 -12 -13 14 -9 16 17 -3
right_child=7 2 -4 4 -6 -7 -8 8 -10 10 11 12 -14 -15 -16 -17 -18 -19
leaf_value=-36.732768018357021 -98.673796172200639 37.91428451930954 -9.3180885738149328 12.52085598443243 -5.0901188366663312 37.326391151464421 -38.688022907232906 -3.3086280402489008 -25.24140453555092 -5.6954694987624439 4.5122986959233149 29.859433531571028 10.800242049100042 -31.857389204758178 -34.164175663427962 5.987970399769412 61.030461115052475 2.2042236557339883
leaf_weight=41237 64880 457 32315 12913 17667 456 2363 35676 86482 8513 12433 4212 18646 8423 12285 306 309 227
leaf_count=41237 64880 457 32315 12913 17667 456 2363 35676 86482 8513 12433 4212 18646 8423 12285 306 309 227
internal_value=-0.00112153 -0.000260596 0.000411428 0.000994011 0.000874168 0.00133983 0.00127266 -0.00175166 -0.0015137 0.00141205 0.00106407 0.00148363 0.0019674 -0.0010062 -0.000795393 0.00811657 0.00991467 0.00686948
internal_weight=359800 152054 110817 78502 77203 59536 59080 207746 142866 56717 43804 35291 22858 56384 47961 1299 993 684
internal_count=359800 152054 110817 78502 77203 59536 59080 207746 142866 56717 43804 35291 22858 56384 47961 1299 993 684
is_linear=0
shrinkage=0.0229654


Tree=96
num_leaves=19
num_cat=0
split_feature=35 35 35 36 5 29 4 29 8 28 8 8 36 30 24 15 16 4
split_gain=637.699 158.132 79.4467 56.9594 56.5475 72.7764 47.1362 37.2824 31.7311 29.7996 29.2205 28.848 27.5536 26.5935 25.3874 25.3471 25.2093 21.5478
threshold=27129.500000000004 36682.500000000007 42681.500000000007 25985.500000000004 1.0000000180025095e-35 279.3562500000001 1.5000000000000002 746.06875000000002 -0.82968937203783677 -5.0299502899751438 -0.19467261866128607 -0.44134171618254459 26879.500000000004 853.6187500000002 0.17499999999999991 26.168750000000006 280.43750000000006 1.5000000000000002
decision_type=2 2 2 2 2 2 2 2 2 2 2 2 2 2 2 2 2 2
left_child=3 4 7 -1 5 -2 11 12 17 -10 13 -4 -3 -5 -14 -15 -17 -7
right_child=1 2 6 10 -6 8 -8 -9 9 -11 -12 -13 14 15 -16 16 -18 -19
leaf_value=-50.380886791406041 -5.2010363268925834 21.422916075404036 11.938913907407905 -11.298485776124513 -10.923345816942645 18.36978634435723 -3.1149796602678412 33.111422367701032 12.752213620860157 0.85303069528790876 -16.91333495958833 34.194725133726401 10.670631512550701 2.8476615564396179 2.1183275855100607 50.545343009665537 -26.857163100682662 10.279767398832005
leaf_weight=186496 34387 120 232 10522 28184 2057 264 797 2166 31751 21224 904 13546 6993 10545 192 149 9271
leaf_count=186496 34387 120 232 10522 28184 2057 264 797 2166 31751 21224 904 13546 6993 10545 192 149 9271
internal_value=-0.00111623 0.000137151 0.00172988 -0.00186203 -0.000252966 5.99278e-05 0.00705366 0.00143185 0.000665182 0.000313703 -0.00106482 0.00908508 0.00127097 -0.000380185 0.00121629 0.000681384 0.00679534 0.00171754
internal_weight=359800 134224 26408 225576 107816 79632 1400 25008 45245 33917 39080 1136 24211 17856 24091 7334 341 11328
internal_count=359800 134224 26408 225576 107816 79632 1400 25008 45245 33917 39080 1136 24211 17856 24091 7334 341 11328
is_linear=0
shrinkage=0.0229654


Tree=97
num_leaves=19
num_cat=0
split_feature=35 35 3 35 36 3 4 26 25 3 0 8 0 13 25 8 16 4
split_gain=620.419 151.14 93.5442 76.1094 55.2868 47.0767 44.1767 37.5355 36.5808 52.8246 35.8203 28.0624 26.1685 26.0309 24.7733 23.5303 22.8615 27.4522
threshold=27129.500000000004 36136.000000000007 1.0000000180025095e-35 42681.500000000007 25985.500000000004 1.0000000180025095e-35 1.5000000000000002 1.0000000180025095e-35 8.9502604166666693 3.5000000000000004 25.500000000000004 -0.19467261866128607 32.500000000000007 1.0062500000000003 15.940625000000002 -0.75023006073889131 53.687500000000007 8.5000000000000018
decision_type=2 2 2 2 2 2 2 2 2 2 2 2 2 2 2 2 2 2
left_child=4 2 10 5 16 13 12 15 9 -4 -2 14 -5 -3 -6 -7 -1 -18
right_child=1 3 8 6 11 7 -8 -9 -10 -11 -12 -13 -14 -15 -16 -17 17 -19
leaf_value=-58.552417753291344 29.592319535633141 51.398106290232043 4.5980276069827841 11.664731867343635 0.3568992817891003 36.752636262941856 -3.0434428785609486 5.4478970263526385 -7.9504849367633357 -6.6022270714157285 6.9015266476096464 -16.52491330587042 33.409429287779545 10.902568330318358 -35.894606735822009 13.759050946534694 -41.616845375071222 -3.457165183359391
leaf_weight=114778 2728 637 22461 232 14295 201 264 26691 44499 25400 8520 21224 904 1227 3561 460 65032 6686
leaf_count=114778 2728 637 22461 232 14295 201 264 26691 44499 25400 8520 21224 904 1227 3561 460 65032 6686
internal_value=-0.00110991 0.000126372 -0.000292543 0.00154403 -0.00184553 0.00129338 0.0067748 0.00105272 -0.000533357 -9.26568e-05 0.00168484 -0.00106012 0.00874141 0.00482471 -0.000389188 0.0064588 -0.00201011 -0.00168845
internal_weight=359800 134224 103608 30616 225576 29216 1400 27352 92360 47861 11248 39080 1136 1864 17856 661 186496 71718
internal_count=359800 134224 103608 30616 225576 29216 1400 27352 92360 47861 11248 39080 1136 1864 17856 661 186496 71718
is_linear=0
shrinkage=0.0229654


Tree=98
num_leaves=19
num_cat=0
split_feature=36 26 36 8 5 25 25 0 22 0 4 8 4 36 0 18 22 36
split_gain=591.173 108.326 76.1017 59.7703 52.7593 59.0346 48.3574 35.6254 31.9805 30.1616 38.3235 27.0797 47.0939 27.3399 26.9429 26.1131 24.8182 19.9583
threshold=28227.500000000004 4.285286458333335 24511.500000000004 0.55438071450436011 1.0000000180025095e-35 1.0000000180025095e-35 9.6252604166666682 40.500000000000007 1.0000000180025095e-35 32.500000000000007 1.5000000000000002 -0.70710678118654757 1.5000000000000002 27301.500000000004 20.500000000000004 0.32562500000000011 7.762456597222223 38554.500000000007
decision_type=2 2 2 2 2 2 2 2 2 2 2 2 2 2 2 2 2 2
left_child=2 4 -1 6 5 7 15 9 -7 -2 -11 12 13 14 -4 17 -14 -3
right_child=1 3 11 -5 -6 8 -8 -9 -10 10 -12 -13 16 -15 -16 -17 -18 -19
leaf_value=-54.551166756525866 30.175913438649491 1.5033696688127125 31.437631381902424 -9.8614644149819046 -2.5469361953037777 30.389432043071189 -4.1899459073401646 2.5914364230073192 8.5127797831316503 57.688075734239931 5.42384808227653 -13.358461598818506 11.466355704079962 30.485697141464964 54.040777527418463 11.718635356166651 -11.677331685787017 9.3458588697669942
leaf_weight=164440 432 33477 168 18453 4447 503 27441 353 14311 387 134 63248 2031 336 192 7405 14745 7297
leaf_count=164440 432 33477 168 18453 4447 503 27441 353 14311 387 134 63248 2031 336 192 7405 14745 7297
internal_value=-0.00110429 0.000257018 -0.00174086 -7.30666e-05 0.00176682 0.00237775 0.00021289 0.00705843 0.0019651 0.0093669 0.0130872 -0.00116335 -0.000363041 0.00549058 0.00988788 0.000651176 -0.000605895 0.000423328
internal_weight=359800 114640 245160 94073 20567 16120 75620 1306 14814 953 521 80720 17472 696 360 48179 16776 40774
internal_count=359800 114640 245160 94073 20567 16120 75620 1306 14814 953 521 80720 17472 696 360 48179 16776 40774
is_linear=0
shrinkage=0.0229654


Tree=99
num_leaves=19
num_cat=0
split_feature=37 37 37 8 35 37 3 8 37 35 35 0 37 4 28 27 32 26
split_gain=977.221 245.302 83.6417 62.7801 77.2355 51.4969 40.2624 34.222 29.7016 33.122 29.658 29.5577 28.1655 27.2592 25.0526 39.4296 25.3823 35.1004
threshold=26605.106371552731 36029.311559945709 41859.284942633676 -0.70710678118654757 27776.500000000004 24820.000308201481 2.5000000000000004 1.0000000180025095e-35 39354.389669697441 35051.500000000007 24442.500000000004 23.500000000000004 30782.29218465649 1.5000000000000002 0.61666666666666814 -0.6424107142857135 87.706250000000011 7.8050781250000005
decision_type=2 2 2 2 2 2 2 2 2 2 2 2 2 2 2 2 2 2
left_child=5 3 8 4 14 -1 -5 10 9 -3 -7 -10 -6 -4 15 -2 17 -17
right_child=1 2 13 6 12 7 -8 -9 11 -11 -12 -13 -14 -15 -16 16 -18 -19
leaf_value=-67.252472522785553 7.4135637136072816 25.736340067280892 32.057598317237449 0.44101126463284507 -6.7347313226591723 9.3518306894548378 -6.9816148388680066 -22.648091680362608 26.324680633774488 6.4215472555183606 -15.707140466539764 12.571205322440926 5.7397768878580919 3.7799297815917217 7.6989608180726981 51.299709395038569 38.650923202026398 28.394789297247577
leaf_weight=176165 1258 3548 1177 38311 10272 5180 40936 22242 802 17744 14907 6279 16264 262 2217 750 166 1320
leaf_count=176165 1258 3548 1177 38311 10272 5180 40936 22242 802 17744 14907 6279 16264 262 2217 750 166 1320
internal_value=-0.00109408 0.000394182 0.00224462 -0.000100601 0.000753691 -0.00205658 -0.000448227 -0.00133732 0.00197067 0.00154217 -0.000650194 0.00325914 0.000232284 0.00764609 0.00317639 0.00438801 0.00621791 0.00552501
internal_weight=359800 141306 29812 111494 32247 218494 79247 42329 28373 21292 20087 7081 26536 1439 5711 3494 2236 2070
internal_count=359800 141306 29812 111494 32247 218494 79247 42329 28373 21292 20087 7081 26536 1439 5711 3494 2236 2070
is_linear=0
shrinkage=0.0229654


Tree=100
num_leaves=19
num_cat=0
split_feature=37 37 37 36 35 37 36 8 37 8 35 23 35 36 35 37 13 8
split_gain=961.567 231.617 80.7289 78.7942 58.7113 51.9203 48.8706 45.1136 35.761 33.7661 31.1347 61.7099 28.3913 52.7658 28.3441 28.7776 27.2129 25.9798
threshold=26605.106371552731 36029.311559945709 41859.284942633676 25441.500000000004 23117.500000000004 24820.000308201481 27900.500000000004 -0.70710678118654757 29908.181515470071 1.0000000180025095e-35 27487.500000000004 1.425 24442.500000000004 23325.500000000004 28882.500000000004 32659.076238648933 15.531250000000004 -0.82968937203783677
decision_type=2 2 2 2 2 2 2 2 2 2 2 2 2 2 2 2 2 2
left_child=5 3 6 4 -2 -1 17 14 10 12 11 -6 13 -7 -5 16 -16 -3
right_child=1 2 -4 7 8 9 -8 -9 -10 -11 -12 -13 -14 -15 15 -17 -18 -19
leaf_value=-65.707991989742496 42.393656104488159 62.517953702219131 29.11741524691999 14.939335374307005 5.2736351236939543 34.200192847215078 9.9029581602376737 -4.0302446473700471 41.733169217858332 -22.12796899343769 -0.57745314859028585 24.621763081822767 -15.346419562603847 -0.61776035228037673 -7.0311542229287944 6.7433571002721084 17.431804276405764 16.371795516195203
leaf_weight=176165 264 132 1439 7825 2157 697 28105 73727 533 22242 3568 780 14907 4483 12586 9993 61 136
leaf_count=176165 264 132 1439 7825 2157 697 28105 73727 533 22242 3568 780 14907 4483 12586 9993 61 136
internal_value=-0.00109446 0.00038183 0.00217991 -9.89528e-05 0.00220722 -0.00204922 0.00191078 -0.000260574 0.00180839 -0.00132701 0.0013398 0.00309099 -0.000644477 0.000820193 0.000482827 7.10056e-05 -0.000656804 0.0116712
internal_weight=359800 141306 29812 111494 7302 218494 28373 104192 7038 42329 6505 2937 20087 5180 30465 22640 12647 268
internal_count=359800 141306 29812 111494 7302 218494 28373 104192 7038 42329 6505 2937 20087 5180 30465 22640 12647 268
is_linear=0
shrinkage=0.0229654


Tree=101
num_leaves=19
num_cat=0
split_feature=36 36 21 8 25 36 30 1 5 4 21 8 4 5 4 8 17 1
split_gain=550.94 108.658 86.5121 54.1488 56.7866 51.7328 41.9486 32.2677 35.2593 49.9317 28.1594 27.436 59.5661 47.3101 39.0313 44.4824 24.9218 24.2127
threshold=27231.500000000004 36686.500000000007 1.0000000180025095e-35 0.55438071450436011 1.0000000180025095e-35 23032.500000000004 395.80000000000001 8.5000000000000018 1.0000000180025095e-35 1.5000000000000002 9.6251302083333368 1.0000000180025095e-35 4.5000000000000009 1.0000000180025095e-35 1.5000000000000002 -0.89495246814786256 79.937500000000014 6.5000000000000009
decision_type=2 2 2 2 2 2 2 2 2 2 2 2 2 2 2 2 2 2
left_child=5 3 -3 4 -2 -1 -6 -8 9 -9 -4 12 13 14 15 -7 -16 -18
right_child=1 2 10 -5 6 11 7 8 -10 -11 -12 -13 -14 -15 16 -17 17 -19
leaf_value=-68.859367504513457 34.046954988484771 46.676829923097344 8.2751975596770908 -8.5642266236373175 -9.6757512396843826 53.088060679947695 -6.0392534111888772 21.640881665372547 -3.3901654430875605 3.8024514424304945 -7.1420096199254699 -20.195606049582956 -18.813347094651668 -26.360718233580762 -1.5218152658428439 24.747362718715152 -15.127518510614729 28.835246044951031
leaf_weight=127384 909 434 23192 27248 11156 160 13629 3582 15962 34066 2750 51968 34848 4192 4860 680 592 2188
leaf_count=127384 909 434 23192 27248 11156 160 13629 3582 15962 34066 2750 51968 34848 4192 4860 680 592 2188
internal_value=-0.00109504 7.8988e-05 0.00139868 -0.00024769 5.57739e-05 -0.00178292 -1.04001e-05 0.000205988 0.00045965 0.000843146 0.00122856 -0.00139051 -0.000991689 0.000356659 0.00134326 0.00604209 0.000826634 0.00256089
internal_weight=359800 132928 26376 106552 79304 226872 78395 67239 53610 37648 25942 99488 47520 12672 8480 840 7640 2780
internal_count=359800 132928 26376 106552 79304 226872 78395 67239 53610 37648 25942 99488 47520 12672 8480 840 7640 2780
is_linear=0
shrinkage=0.0229654


Tree=102
num_leaves=19
num_cat=0
split_feature=37 37 36 37 8 8 37 36 35 36 37 3 37 3 35 8 35 36
split_gain=936.02 215.565 82.4656 68.1812 57.6031 50.9195 47.4099 45.5222 40.2339 47.4091 41.1303 40.0239 30.7314 30.6112 28.7637 28.1229 26.6212 54.9291
threshold=26401.24440824152 36558.079481930494 23264.500000000004 41859.284942633676 0.38268343236508956 -0.065263096110025884 24820.000308201481 31122.500000000004 27702.500000000004 25563.500000000004 30520.511841956639 1.0000000180025095e-35 27508.88673103532 1.5000000000000002 34388.000000000007 1.0000000180025095e-35 32087.000000000004 29919.500000000004
decision_type=2 2 2 2 2 2 2 2 2 2 2 2 2 2 2 2 2 2
left_child=6 2 5 7 8 11 -1 14 9 12 -10 -2 -4 -9 -3 -8 17 -12
right_child=1 3 4 -5 -6 -7 15 13 10 -11 16 -13 -14 -15 -16 -17 -18 -19
leaf_value=-63.392689813700208 74.941333873842837 62.569183662933867 13.356718188632227 27.925702196583561 -5.8706101847813814 -0.36695896263617783 -8.8225119112397419 13.849613539707208 -7.6324058955317744 5.3105563869120935 18.867930220001412 16.083302285274378 39.537662806279741 6.1435629482537424 31.928589955250789 -22.424726519331038 0.040969070280438419 4.631792278109268
leaf_weight=176165 354 161 1399 1439 38539 755 18317 8691 23012 14793 2023 834 445 14473 821 19815 28442 9322
leaf_count=176165 354 161 1399 1439 38539 755 18317 8691 23012 14793 2023 834 445 14473 821 19815 28442 9322
internal_value=-0.00108808 0.000333457 -7.48424e-05 0.00224717 -0.00015213 0.0046179 -0.00205327 0.00195776 0.000201333 0.00120549 -6.46924e-05 0.00758168 0.00467777 0.00175245 0.00680075 -0.00131907 0.000382285 0.00132286
internal_weight=359800 145503 119918 25585 117975 1943 214297 24146 79436 16637 62799 1188 1844 23164 982 38132 39787 11345
internal_count=359800 145503 119918 25585 117975 1943 214297 24146 79436 16637 62799 1188 1844 23164 982 38132 39787 11345
is_linear=0
shrinkage=0.0229654


Tree=103
num_leaves=19
num_cat=0
split_feature=37 37 37 37 1 35 35 37 23 3 35 1 37 37 37 4 30 1
split_gain=919.087 200.021 63.4785 57.3388 56.5351 53.2584 35.7446 33.3122 31.9932 28.482 26.7182 25.8515 24.0993 23.6208 23.6161 23.6052 22.2122 35.7436
threshold=26605.106371552731 36558.079481930494 41859.284942633676 24617.385043280763 18.500000000000004 27702.500000000004 32229.500000000004 30917.013928228869 1.0875000000000008 3.5000000000000004 32087.000000000004 6.5000000000000009 39354.389669697441 33633.706528732488 28407.181565572457 1.5000000000000002 2041.9937500000003 15.500000000000002
decision_type=2 2 2 2 2 2 2 2 2 2 2 2 2 2 2 2 2 2
left_child=3 4 6 -1 5 11 -3 -7 -5 14 -9 -2 -8 -12 -6 -13 -4 -18
right_child=1 2 16 8 9 7 12 10 -10 -11 13 15 -14 -15 -16 -17 17 -19
leaf_value=-65.714441063922507 -2.8194257532946176 38.304898093032328 21.806842862220225 -20.994963374797926 -7.4054137575443155 -5.7177386795939329 7.7544829041857177 9.7957434196525739 -5.3242124179586883 -10.313783552156103 -6.7707580080133845 40.703740318895797 13.799043227502377 4.0533585623866317 1.3578589151613101 10.783957481611145 10.368891566395305 39.786427700120711
leaf_weight=170505 3059 326 834 31762 9367 25157 16744 9127 16227 13800 9286 550 7076 16657 15748 12970 159 446
leaf_count=170505 3059 326 834 31762 9367 25157 16744 9127 16227 13800 9286 550 7076 16657 15748 12970 159 446
internal_value=-0.00108668 0.000356639 0.00219421 -0.00202011 -4.96341e-05 0.000311683 0.00191496 -5.60587e-06 -0.00131885 -0.00076276 0.000451842 0.00146431 0.00181159 7.58633e-05 -0.000302213 0.00189566 0.00688005 0.01023
internal_weight=359800 141306 25585 218494 115721 76806 24146 60227 47989 38915 35070 16579 23820 25943 25115 13520 1439 605
internal_count=359800 141306 25585 218494 115721 76806 24146 60227 47989 38915 35070 16579 23820 25943 25115 13520 1439 605
is_linear=0
shrinkage=0.0229654


Tree=104
num_leaves=19
num_cat=0
split_feature=26 8 7 7 33 7 16 8 10 25 16 32 26 6 10 28 24 7
split_gain=305.929 226.263 107.32 100.591 77.2362 55.5913 51.5748 45.1673 50.2072 35.7165 42.7447 33.6578 25.7167 22.7393 22.2017 18.7891 37.1903 15.7563
threshold=9.6251302083333368 0.13052619222005152 -0.32075123873380551 0.65793410509763428 0.7465277777777779 -0.79335334029123528 333.31250000000006 -0.44134171618254459 -0.5 1.0000000180025095e-35 33.312500000000007 27.818750000000001 1.6664062500000003 1.0000000180025095e-35 0.93301270189221952 -0.8404586834733897 3.4750000000000036 0.97868534383143946
decision_type=2 2 2 2 2 2 2 2 2 2 2 2 2 2 2 2 2 2
left_child=1 3 12 4 6 11 13 8 -7 10 -6 -2 -3 -1 15 16 -11 -5
right_child=5 2 -4 17 9 7 -8 -9 -10 14 -12 -13 -14 -15 -16 -17 -18 -19
leaf_value=7.7273427807922488 -0.88779016601113936 13.043425720565043 -28.653248998777315 -3.4382131373800768 41.929246775580197 -37.98970568908949 -17.519512053542684 -39.77902056352972 -6.6667762679329048 18.413980014192315 23.307191294006245 -12.65690875948726 -1.5667909427084914 -27.499667673978649 -6.552592206205083 9.1196666973184097 31.280266251970339 -24.337040809300856
leaf_weight=41260 16898 1172 44444 15837 331 41695 8436 95084 27692 5130 538 26377 24243 1209 787 2061 280 6326
leaf_count=41260 16898 1172 44444 15837 331 41695 8436 95084 27692 5130 538 26377 24243 1209 787 2061 280 6326
internal_value=-0.00108578 -0.000303036 -0.00126397 0.000513679 0.00100183 -0.00165869 0.000653028 -0.00185139 -0.00140589 0.00294723 0.00737589 -0.000926312 -7.36453e-05 0.000978824 0.0024812 0.00286768 0.00357853 -0.000808551
internal_weight=359800 152054 69859 82195 60032 207746 50905 164471 69387 9127 869 43275 25415 42469 8258 7471 5410 22163
internal_count=359800 152054 69859 82195 60032 207746 50905 164471 69387 9127 869 43275 25415 42469 8258 7471 5410 22163
is_linear=0
shrinkage=0.0229654


Tree=105
num_leaves=19
num_cat=0
split_feature=37 37 36 37 8 8 36 3 3 36 22 37 8 16 30 8 30 37
split_gain=906.879 201.91 73.2025 63.7048 60.1289 54.0564 48.3725 46.2009 38.5126 31.9294 33.7019 31.5032 26.5781 23.378 25.2754 21.5565 20.2269 19.6489
threshold=25946.294400098846 36029.311559945709 23264.500000000004 41859.284942633676 -0.70710678118654757 -0.065263096110025884 27900.500000000004 1.0000000180025095e-35 2.5000000000000004 25622.500000000004 7.3659288194444459 24218.596483362879 -0.82968937203783677 0.56250000000000011 2041.9937500000003 -0.19467261866128607 1000.8062500000002 28146.982781622504
decision_type=2 2 2 2 2 2 2 2 2 2 2 2 2 2 2 2 2 2
left_child=11 2 5 6 9 7 12 -2 17 10 -4 -1 -3 14 -5 -13 -8 -6
right_child=1 3 4 13 8 -7 16 -9 -10 -11 -12 15 -14 -15 -16 -17 -18 -19
leaf_value=-71.984367332250926 58.623235473377576 59.579558862448565 37.501470358997281 23.94779162268361 -5.0312322541262464 -1.3799768199623186 18.250394866444243 16.186105384179466 -7.3089794651307809 3.1810189300468332 15.571521433066637 -13.385751427822205 15.594862825278003 20.413298554144649 39.445476814660005 -27.195095231725741 7.0706572090284645 1.9748715822008769
leaf_weight=158967 437 132 346 550 16655 1180 4208 1258 46335 31733 1811 19660 136 538 351 25688 23897 25918
leaf_count=158967 437 132 346 550 16655 1180 4208 1258 46335 31733 1811 19660 136 538 351 25688 23897 25918
internal_value=-0.00107819 0.000243486 -0.000159587 0.00194265 -0.000244395 0.00346278 0.00170357 0.00609024 -0.000558147 0.000578709 0.00328245 -0.00208399 0.0114142 0.00665662 0.00891853 -0.00155007 0.00161097 -5.95003e-05
internal_weight=359800 155485 125673 29812 122798 2875 28373 1695 88908 33890 2157 204315 268 1439 901 45348 28105 42573
internal_count=359800 155485 125673 29812 122798 2875 28373 1695 88908 33890 2157 204315 268 1439 901 45348 28105 42573
is_linear=0
shrinkage=0.0229654


Tree=106
num_leaves=19
num_cat=0
split_feature=1 10 3 8 33 1 10 1 3 17 3 3 31 22 22 8 15 10
split_gain=297.646 331.988 151.629 96.8043 84.5794 41.377 45.4366 41.7444 59.8846 41.0944 39.1376 39.1083 35.9573 35.3087 34.1131 33.507 32.4125 28.5261
threshold=6.5000000000000009 -0.5 3.5000000000000004 0.82968937203783688 0.80208333333333348 18.500000000000004 1.0000000180025095e-35 10.500000000000002 5.5000000000000009 70.187500000000014 4.5000000000000009 4.5000000000000009 105.45625000000001 3.8497829861111117 1.0000000180025095e-35 -0.55438071450436044 12.781250000000004 0.93301270189221952
decision_type=2 2 2 2 2 2 2 2 2 2 2 2 2 2 2 2 2 2
left_child=-1 -2 3 4 9 6 -4 11 10 -3 14 -8 -11 -12 -9 -14 -10 -6
right_child=1 2 5 -5 17 -7 7 8 16 12 13 -13 15 -15 -16 -17 -18 -19
leaf_value=-47.113279579562864 -23.38322962280418 -0.031450142944433504 -20.448440480474467 -12.018667131296473 21.997334122521995 -12.731662582192724 4.1122487280567306 24.122982087472558 16.149557231748869 7.096973658022554 8.0645828679657576 -35.920216688036668 44.199992384544359 -18.168876721889678 4.5392235220894417 -1.9916460103025668 4.7466118231031125 -11.837100770693391
leaf_weight=104936 90304 30268 11712 13960 5815 20480 4160 129 3498 44152 1312 8320 110 7008 8191 65 4822 558
leaf_count=104936 90304 30268 11712 13960 5815 20480 4160 129 3498 44152 1312 8320 110 7008 8191 65 4822 558
internal_value=-0.00107455 -0.00065071 -3.67039e-05 0.000560345 0.000864861 -0.000850649 -0.000489286 -9.87567e-05 0.000443482 0.000647908 -0.000351934 -0.00118323 0.00109333 -0.0014657 0.000761833 0.0114827 0.00203432 0.00340427
internal_weight=359800 254864 164560 94928 80968 69632 49152 37440 24960 74595 16640 12480 44327 8320 8320 175 8320 6373
internal_count=359800 254864 164560 94928 80968 69632 49152 37440 24960 74595 16640 12480 44327 8320 8320 175 8320 6373
is_linear=0
shrinkage=0.0229654


Tree=107
num_leaves=19
num_cat=0
split_feature=37 37 36 26 8 8 7 37 36 36 22 37 37 36 30 22 36 8
split_gain=893.298 180.778 70.1118 59.5374 53.5642 48.1646 44.6693 33.0283 31.4986 29.9893 30.7738 27.0485 25.3026 27.8802 23.5484 23.3322 22.5308 22.2862
threshold=25946.294400098846 36029.311559945709 23264.500000000004 1.0000000180025095e-35 -0.70710678118654757 -0.065263096110025884 -0.94490267940017747 24318.22743490183 19719.500000000004 25622.500000000004 7.3659288194444459 39716.83368484956 27434.633048687825 26944.500000000004 1092.6062500000003 0.88997395833333348 30610.500000000004 -0.19467261866128607
decision_type=2 2 2 2 2 2 2 2 2 2 2 2 2 2 2 2 2 2
left_child=7 2 5 6 9 8 -3 -1 -2 10 -4 -5 -6 -14 -13 -16 -8 -9
right_child=1 3 4 11 12 -7 16 17 -10 -11 -12 14 13 -15 15 -17 -18 -19
leaf_value=-67.528589334733823 42.839647959091131 50.394447221734964 36.540858797198126 7.581725570732047 -8.693417402729672 -0.27114184307036471 28.520638284287038 -12.242144842881528 23.820441781590091 3.0402419060488692 15.158925130361396 31.809952901292668 5.5572804198405201 -3.1334803425669984 22.165907073097671 7.8212417847611535 16.735869439035962 -25.283981430737104
leaf_weight=161844 95 279 346 22424 24254 1180 260 18325 1600 31733 1811 597 6879 57775 681 4905 666 24146
leaf_count=161844 95 279 346 22424 24254 1180 260 18325 1600 31733 1811 597 6879 57775 681 4905 666 24146
internal_value=-0.00106855 0.00024319 -0.000138206 0.00185098 -0.000221205 0.00340687 0.00685151 -0.00206679 0.005887 0.000555669 0.00317598 0.00164034 -0.000517334 -0.000280044 0.00298517 0.00252184 0.00442444 -0.0014968
internal_weight=359800 155485 125673 29812 122798 2875 1205 204315 1695 33890 2157 28607 88908 64654 6183 5586 926 42471
internal_count=359800 155485 125673 29812 122798 2875 1205 204315 1695 33890 2157 28607 88908 64654 6183 5586 926 42471
is_linear=0
shrinkage=0.0229654


Tree=108
num_leaves=19
num_cat=0
split_feature=35 3 35 25 0 10 3 0 16 3 26 29 35 27 35 30 29 3
split_gain=534.299 122.284 73.632 67.1318 42.9833 42.2511 38.2495 38.1237 44.7005 59.495 36.9531 35.2545 33.0306 27.8112 36.234 26.3882 23.8174 23.3573
threshold=25717.500000000004 2.5000000000000004 35401.500000000007 3.5919270833333337 14.500000000000002 -0.5 1.0000000180025095e-35 44.500000000000007 336.56250000000006 4.5000000000000009 1.0000000180025095e-35 0.63124999999999887 42681.500000000007 1.0000000180025095e-35 37073.500000000007 1330.0125000000003 281.99375000000003 4.5000000000000009
decision_type=2 2 2 2 2 2 2 2 2 2 2 2 2 2 2 2 2 2
left_child=4 3 16 10 -1 -6 13 8 9 11 -2 -7 -4 14 -5 -16 -3 -18
right_child=1 2 12 6 5 7 -8 -9 -10 -11 -12 -13 -14 -15 15 -17 17 -19
leaf_value=-62.175019178069512 31.496120352070001 -12.384709105115036 2.5214573166518512 14.450602900616678 -32.892980150487745 39.142628358318007 0.33084419750921151 -36.972533758311023 -39.900664338998162 -14.398402465314001 8.9691679696633813 11.169671256671387 18.666199197316907 5.0978485525881823 61.733892758411926 17.599414488525948 -0.0123925083682819 -9.9946005833587108
leaf_weight=93776 825 34219 19792 4479 67168 143 45352 10336 10631 5587 7990 8303 856 9457 107 134 19042 21603
leaf_count=93776 825 34219 19792 4479 67168 143 45352 10336 10631 5587 7990 8303 856 9457 107 134 19042 21603
internal_value=-0.00106708 -9.93151e-05 -0.000630015 0.000642348 -0.00187637 -0.00155049 0.000365377 -0.000903525 -0.000412864 0.000438098 0.00251278 0.00165429 0.000584145 0.00140656 0.00284635 0.0115208 -0.000964889 -0.000589038
internal_weight=359800 163856 95512 68344 195944 102168 59529 35000 24664 14033 8815 8446 20648 14177 4720 241 74864 40645
internal_count=359800 163856 95512 68344 195944 102168 59529 35000 24664 14033 8815 8446 20648 14177 4720 241 74864 40645
is_linear=0
shrinkage=0.0229654


Tree=109
num_leaves=19
num_cat=0
split_feature=37 37 8 35 37 8 37 37 35 13 8 35 37 25 4 16 28 27
split_gain=875.4 168.693 63.4572 57.9173 52.5874 41.6347 34.8776 32.168 28.5789 30.7443 25.5513 23.6205 26.8965 23.4109 23.1309 26.7823 21.0507 44.7525
threshold=25880.966961899576 36029.311559945709 0.38268343236508956 27702.500000000004 41859.284942633676 -0.70710678118654757 23883.616476499952 30520.511841956639 30270.500000000004 16.056250000000002 -0.5 34552.000000000007 39354.389669697441 1.0000000180025095e-35 1.5000000000000002 0.56250000000000011 0.61666666666666814 -0.6424107142857135
decision_type=2 2 2 2 2 2 2 2 2 2 2 2 2 2 2 2 2 2
left_child=6 2 3 5 11 16 -1 -5 -9 -10 -8 13 -13 -3 15 -6 17 -2
right_child=1 4 -4 7 14 -7 10 8 9 -11 -12 12 -14 -15 -16 -17 -18 -19
leaf_value=-74.060521567620782 6.5806373400617852 44.807239870748894 -5.4237080136054185 -7.150997467611929 29.939181852808279 3.1934004889900209 -11.683993826852625 14.860419200360772 0.22768491145611666 25.660756129200578 -25.740011030444247 5.0115377028401706 11.858604855510938 22.431676150229844 -0.38889754311003705 21.333194193860813 6.2831833147875527 36.416480852681211
leaf_weight=149094 1742 186 43634 24978 718 14623 17116 4146 32021 93 36685 18442 7020 2725 262 459 2948 2908
leaf_count=149094 1742 186 43634 24978 718 14623 17116 4146 32021 93 36685 18442 7020 2725 262 459 2948 2908
internal_value=-0.00105974 0.000228402 -0.000136301 0.000234747 0.00178319 0.00123906 -0.0020559 -0.000129682 0.000307176 7.55163e-05 -0.00155466 0.00156597 0.00134192 0.00352567 0.00606612 0.00743986 0.00261814 0.00358063
internal_weight=359800 156905 127093 83459 29812 22221 202895 61238 36260 32114 53801 28373 25462 2911 1439 1177 7598 4650
internal_count=359800 156905 127093 83459 29812 22221 202895 61238 36260 32114 53801 28373 25462 2911 1439 1177 7598 4650
is_linear=0
shrinkage=0.0229654


Tree=110
num_leaves=19
num_cat=0
split_feature=36 8 25 25 0 3 4 8 3 10 0 16 16 0 6 13 3 36
split_gain=480.541 96.1808 91.5925 75.2076 43.9279 63.1966 67.9476 54.3927 43.7114 37.2124 58.1847 49.4441 31.2632 27.5046 27.2651 28.8132 24.8316 29.0926
threshold=25985.500000000004 0.38268343236508956 9.6252604166666682 1.0000000180025095e-35 14.500000000000002 3.5000000000000004 1.5000000000000002 -0.70710678118654757 3.5000000000000004 -0.5 44.500000000000007 336.56250000000006 33.312500000000007 19.500000000000004 1.0000000180025095e-35 0.38125000000000003 5.5000000000000009 37846.000000000007
decision_type=2 2 2 2 2 2 2 2 2 2 2 2 2 2 2 2 2 2
left_child=4 2 3 12 -1 6 7 -6 13 -8 11 -11 -2 -5 15 -15 -10 -18
right_child=1 -3 -4 8 5 -7 9 -9 16 10 -12 -13 -14 14 -16 -17 17 -19
leaf_value=-53.518322506500951 38.745218034403258 -7.2336745048723481 -4.4711391113481707 0.22884582010632629 56.465214832167035 -36.896823967569276 -18.192094972383721 12.242621609033968 -3.8062895204305209 16.648545714046804 -27.92603857031002 -10.750666748002697 19.872523387051544 17.997699000671087 -34.315056621244985 7.9035459890824775 4.0705193202239256 19.673733314631644
leaf_weight=95136 673 45952 43293 9320 144 57160 32928 1136 19446 4656 5200 5040 571 5797 1075 24378 7134 761
leaf_count=95136 673 45952 43293 9320 144 57160 32928 1136 19446 4656 5200 5040 571 5797 1075 24378 7134 761
internal_value=-0.00106076 -0.000114393 0.000247364 0.000765956 -0.00180508 -0.00148416 -0.000879911 0.0043419 0.000663454 -0.00101967 -6.72194e-05 0.000983893 0.00636164 0.00114176 0.00146832 0.00159635 -4.62825e-05 0.00103992
internal_weight=359800 158400 112448 69155 201400 106264 49104 1280 67911 47824 14896 9696 1244 40570 31250 30175 27341 7895
internal_count=359800 158400 112448 69155 201400 106264 49104 1280 67911 47824 14896 9696 1244 40570 31250 30175 27341 7895
is_linear=0
shrinkage=0.0229654


Tree=111
num_leaves=19
num_cat=0
split_feature=37 37 0 26 35 37 37 35 35 0 22 23 26 0 15 35 26 26
split_gain=865.366 152.546 57.6526 53.8203 40.8226 38.1904 29.1293 39.0693 28.88 28.7762 26.1368 25.8477 24.3645 22.1561 21.9952 21.6333 22.5197 21.136
threshold=25880.966961899576 36739.182209703904 39.500000000000007 1.0000000180025095e-35 26282.500000000004 23834.951018298565 30917.013928228869 30149.500000000004 32229.500000000004 19.500000000000004 8.5499565972222253 0.82500000000000162 9.0605468750000018 39.500000000000007 27.356250000000006 31664.000000000004 14.487109375000001 1.9851562500000004
decision_type=2 2 2 2 2 2 2 2 2 2 2 2 2 2 2 2 2 2
left_child=5 2 4 13 9 -1 15 -8 -5 -2 -10 -7 14 -3 -11 -6 -17 -4
right_child=1 3 17 8 6 11 7 -9 10 12 -12 -13 -14 -15 -16 16 -18 -19
leaf_value=-72.450683906617087 1.3367785526279634 29.783725359441586 7.3359841008696369 35.351774596145937 -1.5899910052416697 -25.712811632608602 17.85024684095178 1.5076873020238586 6.4031535319947563 34.127565491082635 22.09600441013265 -12.068690326470819 8.7762727006043555 -3.1479831760428327 57.298141146362717 -21.533763959647629 17.830801591335728 -5.6872880762902396
leaf_weight=147736 6538 988 1059 225 34445 33780 4043 35098 19734 1817 3119 21379 5886 165 115 5172 70 38431
leaf_count=147736 6538 988 1059 225 34445 33780 4043 35098 19734 1817 3119 21379 5886 165 115 5172 70 38431
internal_value=-0.00105234 0.000228402 -7.7617e-05 0.00190397 0.000234031 -0.00204277 2.89e-05 0.000473436 0.00166205 0.00136039 0.00158144 -0.00152713 0.00230065 0.00674621 0.0045384 -0.000409521 -0.00178396 -0.000813007
internal_weight=359800 156905 132674 24231 93184 202895 78828 39141 23078 14356 22853 55159 7818 1153 1932 39687 5242 39490
internal_count=359800 156905 132674 24231 93184 202895 78828 39141 23078 14356 22853 55159 7818 1153 1932 39687 5242 39490
is_linear=0
shrinkage=0.0229654


Tree=112
num_leaves=19
num_cat=0
split_feature=37 37 8 35 26 37 7 18 37 30 23 37 37 22 7 8 26 27
split_gain=851.812 144.73 57.0985 64.2206 52.0996 38.1047 37.8758 30.8903 29.3111 26.5905 25.8353 21.3164 20.5167 17.7983 27.9656 16.65 23.7283 27.1088
threshold=25880.966961899576 36029.311559945709 0.13052619222005152 28609.000000000004 1.0000000180025095e-35 23834.951018298565 -0.94490267940017747 0.014375000000000002 30031.464732897952 1000.8062500000002 0.75624999999999976 27434.633048687825 39716.83368484956 0.88997395833333348 -0.94490267940017747 -0.70710678118654757 8.3558593750000032 -0.75671502976190463
decision_type=2 2 2 2 2 2 2 2 2 2 2 2 2 2 2 2 2 2
left_child=5 2 3 7 6 -1 -3 -2 -5 12 -7 -4 -6 14 -11 16 17 -9
right_child=1 4 11 8 9 10 -8 15 -10 13 -12 -13 -14 -15 -16 -17 -18 -19
leaf_value=-70.786824323439475 1.6008527276186271 46.450076112857658 -9.268870036272272 -10.312686097106823 14.484042493583734 -25.122306398724248 20.037613388162463 6.3815804992040492 1.3378456610884242 22.613008711382374 -11.976960780811899 -2.1258037689018461 30.612766225065862 5.3230477042731934 13.758891135858999 7.5506947334266519 13.360151396168602 39.791433370186958
leaf_weight=147736 11070 279 17085 14141 3792 33398 926 550 34234 217 21761 35875 547 23070 981 8215 4421 1502
leaf_count=147736 11070 279 17085 14141 3792 33398 926 550 34234 217 21761 35875 547 23070 981 8215 4421 1502
internal_value=-0.00105164 0.000219035 -0.000118773 0.000292655 0.00165916 -0.00203428 0.00633693 0.00121897 -0.000200577 0.00146212 -0.00151922 -0.000694687 0.00311798 0.00116606 0.0038953 0.00190941 0.00278047 0.00482139
internal_weight=359800 156905 127093 74133 29812 202895 1205 25758 48375 28607 55159 52960 4339 24268 1198 14688 6473 2052
internal_count=359800 156905 127093 74133 29812 202895 1205 25758 48375 28607 55159 52960 4339 24268 1198 14688 6473 2052
is_linear=0
shrinkage=0.0229654


Tree=113
num_leaves=19
num_cat=0
split_feature=37 37 36 26 8 37 36 36 8 3 8 3 30 37 36 3 3 37
split_gain=837.81 138.887 70.8231 50.2331 47.8625 39.9169 38.9998 27.3204 26.2755 28.8899 26.0513 24.7743 22.7429 22.1297 25.7651 27.8778 21.6841 23.5207
threshold=25880.966961899576 36739.182209703904 23325.500000000004 1.0000000180025095e-35 0.38268343236508956 24026.812138910074 19909.500000000004 25384.500000000004 -0.065263096110025884 1.0000000180025095e-35 -0.19467261866128607 4.5000000000000009 1000.8062500000002 30917.013928228869 29484.500000000004 1.5000000000000002 3.5000000000000004 28146.982781622504
decision_type=2 2 2 2 2 2 2 2 2 2 2 2 2 2 2 2 2 2
left_child=5 2 6 -3 7 -1 -2 11 9 -8 -7 -4 -5 -9 15 -15 17 -6
right_child=1 3 4 12 16 10 8 13 -10 -11 -12 -13 -14 14 -16 -17 -18 -19
leaf_value=-65.762824907446543 39.56365667853386 26.476957097883911 14.481474133043459 21.373223927218866 -7.5752082973773724 -11.870672803524897 45.966366403647832 -2.6261124574037322 0.88808855193961234 14.678765279641855 -23.77086125033712 -11.352322718632593 6.5252940980504333 30.001858387677316 1.8680390626189012 3.4765440184136334 -9.3836555865552924 1.141715044589638
leaf_weight=153344 177 1153 4115 3141 12476 21742 365 40612 1271 1340 27809 1120 19937 942 37272 2038 15659 15287
leaf_count=153344 177 1153 4115 3141 12476 21742 365 40612 1271 1340 27809 1120 19937 942 37272 2038 15659 15287
internal_value=-0.00104978 0.000210399 -8.15983e-05 0.0018092 -0.000164385 -0.00202432 0.00331917 0.00014913 0.00269627 0.00455941 -0.00145766 0.00175695 0.00157548 4.50419e-05 0.00042665 0.0024815 -0.000786035 -0.000400611
internal_weight=359800 156905 132674 24231 129521 202895 3153 86099 2976 1705 49551 5235 23078 80864 40252 2980 43422 27763
internal_count=359800 156905 132674 24231 129521 202895 3153 86099 2976 1705 49551 5235 23078 80864 40252 2980 43422 27763
is_linear=0
shrinkage=0.0229654


Tree=114
num_leaves=19
num_cat=0
split_feature=37 37 8 35 26 37 8 8 0 3 37 37 30 15 26 25 35 17
split_gain=824.237 133.391 49.2837 62.6978 43.4212 40.9319 28.0411 27.8699 26.7474 26.5391 25.1318 24.4253 22.2405 21.7245 21.6699 20.6045 20.2656 20.2556
threshold=25880.966961899576 35683.73035002665 0.13052619222005152 28609.000000000004 1.0000000180025095e-35 23785.09947273909 -0.70710678118654757 -0.5 39.500000000000007 3.5000000000000004 29908.181515470071 28407.181565572457 1000.8062500000002 8.9812500000000028 8.3558593750000032 15.560677083333335 38847.500000000007 70.937500000000014
decision_type=2 2 2 2 2 2 2 2 2 2 2 2 2 2 2 2 2 2
left_child=5 2 3 6 8 -1 14 -7 13 11 -5 -4 16 -3 17 -12 -6 -2
right_child=1 4 9 10 12 7 -8 -9 -10 -11 15 -13 -14 -15 -16 -17 -18 -19
leaf_value=-68.677461709918944 17.439948628637225 31.502407030221669 -5.3410292354654825 -10.30794850120424 12.92989443756556 -10.361399261305211 3.289009996258887 -23.199097625713819 -5.5211120741107518 -8.7375948670815529 0.34528629728133703 2.0117208851497321 5.6626984190512566 16.890703601754229 9.2727636609729984 23.556710430810654 24.233136477581862 34.360990639668294
leaf_weight=146322 1355 659 16583 13505 3716 18006 15396 38567 214 19200 32645 16464 26424 363 6909 143 1268 2061
leaf_count=146322 1355 659 16583 13505 3716 18006 15396 38567 214 19200 32645 16464 26424 363 6909 143 1268 2061
internal_value=-0.00104832 0.000201617 -0.000141588 0.000247978 0.00150805 -0.00201493 0.00115706 -0.00149034 0.0057302 -0.000678541 -0.000257123 -0.000284019 0.00134189 0.00727612 0.00208301 8.62913e-05 0.00274903 0.00357927
internal_weight=359800 156905 124261 72014 32644 202895 25721 56573 1236 52247 46293 33047 31408 1022 10325 32788 4984 3416
internal_count=359800 156905 124261 72014 32644 202895 25721 56573 1236 52247 46293 33047 31408 1022 10325 32788 4984 3416
is_linear=0
shrinkage=0.0229654


Tree=115
num_leaves=19
num_cat=0
split_feature=37 37 0 37 35 37 23 0 14 3 35 37 4 7 30 3 25 7
split_gain=809.316 127.78 45.6997 41.9178 41.6461 41.5056 31.6174 25.9203 24.5043 23.374 22.862 24.3943 21.2511 22.582 43.9516 19.9857 24.3762 18.3407
threshold=25880.966961899576 35683.73035002665 39.500000000000007 23478.941376416547 26282.500000000004 41859.284942633676 0.87499999999999878 19.500000000000004 67.562500000000014 1.0000000180025095e-35 34697.500000000007 39354.389669697441 1.5000000000000002 -0.94490267940017747 2041.9937500000003 3.5000000000000004 1.712760416666667 0.25881904510252096
decision_type=2 2 2 2 2 2 2 2 2 2 2 2 2 2 2 2 2 2
left_child=3 2 4 -1 7 10 -5 -2 -9 -6 -3 -12 13 14 -7 16 -4 -11
right_child=1 5 15 6 9 12 -8 8 -10 17 11 -13 -14 -15 -16 -17 -18 -19
leaf_value=-73.629073231830247 1.1783853144552492 19.683241136812494 8.5945327025412634 -25.095890648092162 9.7325576111012317 21.822767531045958 -11.779775172212032 2.889124285525404 22.411836697257087 0.66647060692757276 3.7273278460736399 10.260206353925074 -1.4040197711345934 9.8848927947564711 44.453339839776952 -9.7481285291752791 -3.1723797854627152 -5.2355046496926452
leaf_weight=137839 6537 4022 892 39897 5754 517 25159 2879 4939 40875 20170 7013 262 383 277 13766 23621 24998
leaf_count=137839 6537 4022 892 39897 5754 517 25159 2879 4939 40875 20170 7013 262 383 277 13766 23621 24998
internal_value=-0.00104646 0.000192104 -0.000143806 -0.00200429 0.000150054 0.00147076 -0.0015238 0.00127906 0.0021714 -7.62131e-05 0.00129491 0.0010558 0.00528412 0.00660085 0.00881016 -0.000803871 -0.000410629 -0.000198825
internal_weight=359800 156905 124261 202895 85982 32644 65056 14355 7818 71627 31205 27183 1439 1177 794 38279 24513 65873
internal_count=359800 156905 124261 202895 85982 32644 65056 14355 7818 71627 31205 27183 1439 1177 794 38279 24513 65873
is_linear=0
shrinkage=0.0229654


Tree=116
num_leaves=19
num_cat=0
split_feature=35 5 13 8 8 31 5 16 25 35 0 1 28 6 18 23 22 35
split_gain=487.878 94.4476 94.9758 51.3081 49.7702 55.0446 42.1581 42.635 40.5071 39.4114 25.928 32.0931 23.9322 22.7575 23.9535 22.5941 21.9255 22.8083
threshold=25373.500000000004 1.0000000180025095e-35 0.73125000000000029 0.55438071450436011 -0.32075123873380501 1.0000000180025095e-35 1.0000000180025095e-35 333.31250000000006 9.3127604166666682 42681.500000000007 21.500000000000004 18.500000000000004 -5.0299502899751438 1.0000000180025095e-35 0.54375000000000018 -0.12500000000000064 3.8497829861111117 28441.500000000004
decision_type=2 2 2 2 2 2 2 2 2 2 2 2 2 2 2 2 2 2
left_child=4 2 9 8 5 6 7 13 -4 12 -3 16 -2 14 -1 -14 17 -12
right_child=1 10 3 -5 -6 -7 -8 -9 -10 -11 11 -13 15 -15 -16 -17 -18 -19
leaf_value=13.628502702460903 11.564167745807259 -26.770299719574741 4.7555246412163097 -7.433826688716759 -42.479177575235241 -34.441566598995529 -41.516761422592445 -21.116575831156286 -2.5977720949802139 21.112764874018275 67.705994090747268 -11.287655693060167 0.1626492090178909 -53.588350242537594 26.469431698974443 10.837380821369544 -3.9738670644482803 5.5215040094881731
leaf_weight=5442 4823 11480 33564 24993 123096 46017 6145 5886 43199 958 130 13088 9635 646 328 11876 15840 2654
leaf_count=5442 4823 11480 33564 24993 123096 46017 6145 5886 43199 958 130 13088 9635 646 328 11876 15840 2654
internal_value=-0.00104621 -0.000163734 0.000147386 -0.000175272 -0.0018566 -0.00133965 -0.000279739 0.000496196 0.000118981 0.00135039 -0.00109329 -0.000754748 0.00118394 0.00179113 0.00224878 0.000856118 -0.000142301 0.00173725
internal_weight=359800 172240 129048 101756 187560 64464 18447 12302 76763 27292 43192 31712 26334 6416 5770 21511 18624 2784
internal_count=359800 172240 129048 101756 187560 64464 18447 12302 76763 27292 43192 31712 26334 6416 5770 21511 18624 2784
is_linear=0
shrinkage=0.0229654


Tree=117
num_leaves=19
num_cat=0
split_feature=0 26 3 26 3 0 0 3 3 10 4 22 25 0 1 10 4 21
split_gain=282.983 262.882 121.53 81.154 64.9412 55.8767 35.8006 35.7035 35.3429 34.6881 31.1968 34.5743 31.1838 30.9908 41.5618 34.6901 29.268 26.1303
threshold=13.500000000000002 9.6251302083333368 4.5000000000000009 1.0000000180025095e-35 3.5000000000000004 45.500000000000007 43.500000000000007 5.5000000000000009 1.5000000000000002 -0.5 1.5000000000000002 1.8855034722222224 0.64062499999999967 21.500000000000004 18.500000000000004 1.0000000180025095e-35 8.5000000000000018 17.780078125000006
decision_type=2 2 2 2 2 2 2 2 2 2 2 2 2 2 2 2 2 2
left_child=-1 2 3 -2 6 8 9 -4 -5 -3 11 -10 -13 -9 15 -15 -6 -11
right_child=1 4 7 5 16 -7 -8 13 10 17 -12 12 -14 14 -16 -17 -18 -19
leaf_value=-42.788504613900479 25.168018334630172 -10.322707467736283 -14.187119981725486 8.9694614209470007 -36.160603816881633 -13.06908849596981 -22.169327300388851 -32.535944318469589 28.903556864219254 -1.1380218471901233 0.128540913577434 40.435013370698442 5.7461389948534309 -24.794421098154551 -8.2031861734128544 11.502953772070173 -8.0829873425827596 35.443933359034922
leaf_weight=97456 1299 43839 16001 28187 48029 6641 12512 3686 790 31245 32500 207 8878 1230 4758 6640 15650 252
leaf_count=97456 1299 43839 16001 28187 48029 6641 12512 3686 790 31245 32500 207 8878 1230 4758 6640 15650 252
internal_value=-0.00103906 -0.000646513 0.000203569 0.000691519 -0.00126821 0.000595738 -0.000863425 -0.000981796 0.00078528 -0.000674489 0.000366091 0.00149653 0.00109582 -0.000225798 0.000314983 0.00133941 -0.00182662 -9.31105e-05
internal_weight=359800 262344 110817 78502 151527 77203 87848 32315 70562 75336 42375 9875 9085 16314 12628 7870 63679 31497
internal_count=359800 262344 110817 78502 151527 77203 87848 32315 70562 75336 42375 9875 9085 16314 12628 7870 63679 31497
is_linear=0
shrinkage=0.0229654


Tree=118
num_leaves=19
num_cat=0
split_feature=37 37 8 35 3 37 37 8 28 35 35 37 37 35 27 4 7 30
split_gain=800.439 115.211 47.9249 52.3302 38.2122 36.3885 36.1888 26.5724 22.9075 22.5279 21.6458 22.0823 21.6386 24.2328 21.2576 19.4003 20.9377 35.4536
threshold=25583.618629345867 35683.73035002665 -0.82968937203783677 26978.500000000004 2.5000000000000004 23478.941376416547 41859.284942633676 -0.5 -5.0299502899751438 23418.500000000004 34552.000000000007 39354.389669697441 30396.612590994228 31940.500000000004 -3.1050595238095231 1.5000000000000002 -0.94490267940017747 2041.9937500000003
decision_type=2 2 2 2 2 2 2 2 2 2 2 2 2 2 2 2 2 2
left_child=5 2 3 -2 8 -1 10 -7 -4 -6 14 -12 -5 -14 -3 16 17 -8
right_child=1 6 4 12 9 7 15 -9 -10 -11 11 -13 13 -15 -16 -17 -18 -19
leaf_value=-70.315158548707359 23.870710780178261 32.992932189511777 9.5692530472364226 -6.2234686943845539 28.545349086261698 -11.112728968839926 20.86943947987389 -24.036627560568498 -0.048010890265080881 -5.7045901164281982 3.5348455459277113 9.7006902347015629 14.266790140404161 0.60326385498654633 15.74762527785756 -1.6403037188071903 8.772733526319108 42.654970357653227
leaf_weight=137839 5080 429 1747 8830 258 18959 517 39043 47939 54919 20465 7020 4431 8111 3291 262 383 277
leaf_count=137839 5080 429 1747 8830 258 18959 517 39043 47939 54919 20465 7020 4431 8111 3291 262 383 277
internal_value=-0.00103255 0.000151287 -0.00015224 0.000721293 -0.000372592 -0.00202366 0.00137227 -0.00154108 8.9391e-05 -0.0007886 0.00120807 0.000985544 0.000223292 0.000836437 0.00285216 0.00493301 0.0061911 0.00831845
internal_weight=359800 163959 131315 26452 104863 195841 32644 58002 49686 55177 31205 27485 21372 12542 3720 1439 1177 794
internal_count=359800 163959 131315 26452 104863 195841 32644 58002 49686 55177 31205 27485 21372 12542 3720 1439 1177 794
is_linear=0
shrinkage=0.0229654


Tree=119
num_leaves=19
num_cat=0
split_feature=35 5 25 8 8 10 25 25 7 5 29 7 8 4 18 17 0 15
split_gain=471.821 93.3057 87.2464 54.742 49.1006 46.2509 43.3465 33.6693 50.1191 32.5193 47.9887 26.0391 30.0007 25.8459 23.6823 19.6521 24.6789 19.9433
threshold=25199.500000000004 1.0000000180025095e-35 4.1111979166666677 0.60876142900872032 1.0000000180025095e-35 -0.5 9.6252604166666682 1.0000000180025095e-35 -0.94490267940017747 1.0000000180025095e-35 0.63124999999999887 0.32075123873380545 0.19467261866128602 1.5000000000000002 0.33812500000000006 60.812500000000007 14.500000000000002 28.068750000000005
decision_type=2 2 2 2 2 2 2 2 2 2 2 2 2 2 2 2 2 2
left_child=4 2 7 6 5 -1 14 8 13 10 -7 12 -3 -2 -4 -12 -17 -18
right_child=1 11 3 -5 -6 9 -8 -9 -10 -11 15 -13 -14 -15 -16 16 17 -19
leaf_value=-35.175326245498852 42.521913777447665 -0.79436990617735381 3.0132212103801286 -8.5626811277521853 -44.55289596474104 37.265683218663938 -2.8343139831270254 6.1511761261432971 12.17019703850618 -30.827295977089779 -18.608710100019145 -29.084500931623619 -9.9729019632450768 2.5787852777047275 10.380867172314737 -16.51332011045476 9.2075567234002023 53.591347339534501
leaf_weight=52512 244 17184 36695 22367 104304 144 45441 19132 1775 9584 6715 10920 16248 77 6413 2453 7482 110
leaf_count=52512 244 17184 36695 22367 104304 144 45441 19132 1775 9584 6715 10920 16248 77 6413 2453 7482 110
internal_value=-0.00103185 -0.000184327 0.000121583 -0.000136572 -0.00184789 -0.00141601 0.000119846 0.00147044 0.0042337 -0.000633613 -2.77155e-05 -0.00109577 -0.000777742 0.0125845 0.000641526 -0.000141136 0.000501832 0.00114887
internal_weight=359800 176496 132144 110916 183304 79000 88549 21228 2096 26488 16904 44352 33432 321 43108 16760 10045 7592
internal_count=359800 176496 132144 110916 183304 79000 88549 21228 2096 26488 16904 44352 33432 321 43108 16760 10045 7592
is_linear=0
shrinkage=0.0229654


Tree=120
num_leaves=19
num_cat=0
split_feature=1 26 3 3 26 8 7 8 6 3 7 29 3 34 26 22 19 8
split_gain=275.974 229.139 104.641 69.7815 68.1356 52.6234 42.4714 39.0442 36.8232 34.478 36.6482 31.9488 30.3348 29.7178 25.1162 23.4584 36.9554 21.2451
threshold=6.5000000000000009 9.6251302083333368 4.5000000000000009 3.5000000000000004 1.0000000180025095e-35 0.94490267940017769 -0.94490267940017747 0.82968937203783688 1.0000000180025095e-35 5.5000000000000009 -0.55438071450436044 540.44375000000014 1.5000000000000002 0.059027777777777783 3.5102864583333337 3.1249131944444453 8.5187500000000025 0.19467261866128602
decision_type=2 2 2 2 2 2 2 2 2 2 2 2 2 2 2 2 2 2
left_child=11 2 4 7 6 8 -2 13 12 15 17 -1 -6 -3 -14 16 -4 -11
right_child=1 3 9 -5 5 -7 -8 -9 -10 10 -12 -13 14 -15 -16 -17 -18 -19
leaf_value=-47.462085619721634 40.698848382102717 -1.8214182143626605 29.321837903966429 -24.688272352272616 9.0978374866265632 -12.558464181999721 18.225549361331321 -20.972729543523954 -28.750781766811308 11.21159648971754 -13.240836011552535 -5.2577510529380591 8.4655728372575929 -10.830901279898059 1.5950665085044 -16.149860748629838 -0.56128448096408423 -2.1711602170636648
leaf_weight=95436 194 46563 147 61844 26574 6641 1074 12512 2702 4186 8855 9500 6312 26270 32752 13664 1733 2841
leaf_count=95436 194 46563 147 61844 26574 6641 1074 12512 2702 4186 8855 9500 6312 26270 32752 13664 1733 2841
internal_value=-0.00102585 -0.00061773 0.00018737 -0.0012067 0.000646985 0.00055771 0.00592609 -0.000781032 0.000747367 -0.000927795 -0.000175256 -0.00201707 0.000855525 -0.000577439 0.000448326 -0.0016967 0.000708507 0.00106313
internal_weight=359800 254864 107675 147189 76249 74981 1268 85345 68340 31426 15882 104936 65638 72833 39064 15544 1880 7027
internal_count=359800 254864 107675 147189 76249 74981 1268 85345 68340 31426 15882 104936 65638 72833 39064 15544 1880 7027
is_linear=0
shrinkage=0.0229654


Tree=121
num_leaves=19
num_cat=0
split_feature=37 37 1 35 37 26 16 7 18 30 28 37 35 37 37 35 5 33
split_gain=783.796 98.73 42.8646 42.2032 41.1972 33.9168 30.7671 29.3805 25.6538 22.1414 21.2787 20.8112 25.7052 32.2179 28.7197 19.973 19.7696 17.3442
threshold=25583.618629345867 35510.355415441394 19.500000000000004 26028.500000000004 23115.241805573642 1.0000000180025095e-35 123.06250000000001 -0.94490267940017747 0.063750000000000015 1000.8062500000002 -3.8097953216374267 26738.811796793358 32087.000000000004 31056.517438512285 32659.076238648933 38847.500000000007 1.0000000180025095e-35 0.86458333333333348
decision_type=2 2 2 2 2 2 2 2 2 2 2 2 2 2 2 2 2 2
left_child=4 2 3 8 -1 7 -6 16 -2 15 -4 -5 13 -13 -14 -7 -3 -9
right_child=1 5 10 11 6 9 -8 17 -10 -11 -12 12 14 -15 -16 -17 -18 -19
leaf_value=-74.590902171384741 3.0105558745562346 39.764182686025372 4.8033526609861816 -9.8932550948071558 -25.117576571981761 11.1330088069046 -13.054172750133649 23.130714651742391 15.591890539646561 4.6678274890903868 -6.3607770869823081 0.35329658127842939 -13.533671017008247 9.1579358739562817 0.38385880605725209 22.680510502252378 10.539896795436167 13.043787431564315
leaf_weight=127731 9891 194 2544 9909 38160 4027 29950 139 5936 27477 32310 33099 9834 9610 16797 1272 85 835
leaf_count=127731 9891 194 2544 9909 38160 4027 29950 139 5936 27477 32310 33099 9834 9610 16797 1272 85 835
internal_value=-0.00101934 0.000152127 -0.000136276 0.000116281 -0.00200009 0.00125331 -0.00154395 0.00496148 0.00119898 0.00111155 -0.000825211 -9.99484e-05 4.07371e-05 0.000389899 -0.000519225 0.00247076 0.0115321 0.00307934
internal_weight=359800 163959 129930 95076 195841 34029 68110 1253 15827 32776 34854 79249 69340 42709 26631 5299 279 974
internal_count=359800 163959 129930 95076 195841 34029 68110 1253 15827 32776 34854 79249 69340 42709 26631 5299 279 974
is_linear=0
shrinkage=0.0229654


Tree=122
num_leaves=19
num_cat=0
split_feature=37 37 8 35 37 26 8 7 37 35 13 8 35 33 14 5 25 35
split_gain=775.901 94.6356 47.0413 48.017 42.7179 34.171 32.2565 26.119 25.3431 37.3993 26.8928 24.8852 24.5445 20.3914 20.1515 19.4188 19.2999 18.6181
threshold=25583.618629345867 36739.182209703904 0.38268343236508956 26282.500000000004 23115.241805573642 1.0000000180025095e-35 -0.5 -0.94490267940017747 29908.181515470071 30043.500000000004 16.056250000000002 -0.82968937203783677 32229.500000000004 0.024305555555555556 85.187500000000014 1.0000000180025095e-35 1.9783854166666668 30749.500000000004
decision_type=2 2 2 2 2 2 2 2 2 2 2 2 2 2 2 2 2 2
left_child=4 2 3 11 -1 7 -6 15 17 -10 -11 -2 -7 -14 -12 -3 -4 -5
right_child=1 5 16 8 6 12 -8 -9 9 10 14 -13 13 -15 -16 -17 -18 -19
leaf_value=-72.877891600557135 23.985442476431754 38.850981969871341 3.872724619672208 -2.1567851631127226 -10.527904389849024 32.411803468501759 -23.361772757724307 16.350179893015142 14.463884850773722 0.33725886253359405 -6.3512238621481423 5.3691398161136208 15.919581146851604 4.3557210526947019 24.994205841612469 10.297843755448335 -4.8932778774314372 -19.684855176754798
leaf_weight=127731 3959 194 3680 25943 22403 225 45707 874 6053 39954 61 11115 4455 18398 83 85 43875 5005
leaf_count=127731 3959 194 3680 25943 22403 225 45707 874 6053 39954 61 11115 4455 18398 83 85 43875 5005
internal_value=-0.00101678 0.000148766 -8.09961e-05 0.000221673 -0.00199259 0.00147369 -0.00152811 0.00533204 -1.00983e-05 0.000330863 7.68601e-05 0.00140711 0.00128092 0.00120661 0.00998357 0.0114498 -0.000667642 -0.000518555
internal_weight=359800 163959 139728 92173 195841 24231 68110 1153 77099 46151 40098 15074 23078 22853 144 279 47555 30948
internal_count=359800 163959 139728 92173 195841 24231 68110 1153 77099 46151 40098 15074 23078 22853 144 279 47555 30948
is_linear=0
shrinkage=0.0229654


Tree=123
num_leaves=19
num_cat=0
split_feature=35 3 26 0 3 36 1 18 31 0 14 36 22 7 6 17 24 9
split_gain=454.67 101.2 68.5302 46.4478 43.3688 39.7693 40.3051 38.1177 35.4876 41.1775 43.8798 64.3166 33.4044 39.1104 30.3388 36.1796 32.1481 29.2258
threshold=25096.500000000004 3.5000000000000004 5.9483072916666684 14.500000000000002 3.5000000000000004 26594.500000000004 18.500000000000004 0.31625000000000009 1.0000000180025095e-35 45.500000000000007 66.562500000000014 26525.500000000004 2.2143663194444447 -0.94490267940017747 1.0000000180025095e-35 68.687500000000014 1.0000000000000009 0.68301270189221941
decision_type=2 2 2 2 2 2 2 2 2 2 2 2 2 2 2 2 2 2
left_child=3 2 12 -1 8 -3 -7 -4 9 10 -5 14 13 -2 15 -12 17 -17
right_child=1 5 7 4 -6 6 -8 -9 -10 -11 11 -13 -14 -15 -16 16 -18 -19
leaf_value=-52.940000202480014 37.529786030313801 -15.14800110105811 -2.2013058984017406 -14.654659631826243 -40.957109666221911 0.061842296312468709 -8.8190778757965411 6.8279621894633289 -18.660006308189921 -29.079358740566949 13.502729298711539 -0.73321223957241477 5.2760676597142515 14.06535761179142 -27.982333928209719 28.171238562903078 7.8462719950825894 43.81490471142709
leaf_weight=90152 350 27504 64372 4937 41328 32936 14360 10785 33373 4194 894 3716 26311 2734 373 769 279 433
leaf_count=90152 350 27504 64372 4937 41328 32936 14360 10785 33373 4194 894 3716 26311 2734 373 769 279 433
internal_value=-0.00101455 -0.000195681 0.000265739 -0.00182845 -0.00146029 -0.000840633 -0.000436817 -0.000101968 -0.000997913 -9.35115e-05 0.000622227 0.00186736 0.00120589 0.00346715 0.00453124 0.00548752 0.00768977 0.00931991
internal_weight=359800 179352 104552 180448 90296 74800 47296 75157 48968 15595 11401 6464 29395 3084 2748 2375 1481 1202
internal_count=359800 179352 104552 180448 90296 74800 47296 75157 48968 15595 11401 6464 29395 3084 2748 2375 1481 1202
is_linear=0
shrinkage=0.0229654


Tree=124
num_leaves=19
num_cat=0
split_feature=37 37 36 35 37 37 23 3 37 35 36 22 1 1 35 9 3 26
split_gain=762.825 88.331 63.0442 60.3084 46.0462 35.0119 34.1884 33.1553 30.4154 27.1374 38.2131 26.837 26.2051 27.1912 31.4632 26.0963 33.494 21.8734
threshold=25583.618629345867 35510.355415441394 23325.500000000004 22188.500000000004 23115.241805573642 30782.29218465649 0.87499999999999878 2.5000000000000004 39716.83368484956 35051.500000000007 32237.500000000004 4.7875000000000005 17.500000000000004 10.500000000000002 26093.500000000004 0.93301270189221952 4.5000000000000009 21.610286458333338
decision_type=2 2 2 2 2 2 2 2 2 2 2 2 2 2 2 2 2 2
left_child=4 2 3 -2 -1 -5 -6 17 9 10 11 -3 13 -9 15 -15 -17 -4
right_child=1 8 7 5 6 -7 -8 12 -10 -11 -12 -13 -14 14 -16 16 -18 -19
leaf_value=-70.249996625055758 35.866898529508767 31.262364831671096 0.93202418750083693 8.8934755908204099 -23.143661902138721 87.383652948176504 -10.784999464674645 -6.5429266045489172 11.931317806012316 2.7639534542317516 9.9834788710042215 55.922701991760263 -6.8268374123912716 5.4237173997406094 1.0038348354674809 54.913793389417805 2.08073319210098 11.298826051250273
leaf_weight=127731 266 288 58279 3767 41359 94 26751 18450 7049 21750 4708 234 27750 960 19188 309 195 672
leaf_count=127731 266 288 58279 3767 41359 94 26751 18450 7049 21750 4708 234 27750 960 19188 309 195 672
internal_value=-0.00100874 0.000146945 -0.000125848 0.00266715 -0.00197629 0.00193847 -0.00149405 -0.000217473 0.00118853 0.000837581 0.00232289 0.00821827 -0.000567574 -0.000184537 0.000387872 0.00363305 0.00786474 0.000179551
internal_weight=359800 163959 129930 4127 195841 3861 68110 125803 34029 26980 5230 522 66852 39102 20652 1464 504 58951
internal_count=359800 163959 129930 4127 195841 3861 68110 125803 34029 26980 5230 522 66852 39102 20652 1464 504 58951
is_linear=0
shrinkage=0.0229654


Tree=125
num_leaves=19
num_cat=0
split_feature=36 26 8 23 5 25 25 0 16 0 10 17 28 31 8 7 5 17
split_gain=389.989 69.9572 52.3798 51.9845 52.5497 44.4184 36.3473 32.3521 31.2843 53.9756 38.2285 30.384 23.635 21.7934 20.201 20.1516 18.3225 18.0224
threshold=25499.500000000004 9.6251302083333368 0.38268343236508956 -1.0000000180025095e-35 1.0000000180025095e-35 1.0000000180025095e-35 2.7429687499999997 19.500000000000004 410.06250000000006 18.500000000000004 -0.5 50.062500000000007 2.0752404646902076 109.39375000000003 0.75023006073889131 -0.94490267940017747 1.0000000180025095e-35 99.562500000000014
decision_type=2 2 2 2 2 2 2 2 2 2 2 2 2 2 2 2 2 2
left_child=3 2 5 6 8 15 -1 16 9 -5 17 -9 13 -12 -3 -2 -7 -11
right_child=1 14 -4 4 -6 7 -8 11 -10 10 12 -13 -14 -15 -16 -17 -18 -19
leaf_value=0.96978864182804703 36.591546552434188 -4.2378186545762766 -4.080817774174557 -17.09174972775536 -39.707654436447065 -0.99179489902586171 -38.976942710393722 -3.000193201415188 -27.079774482719738 -5.3088913498447257 15.797197055788111 6.3198262682486108 -13.54802134252288 35.335698158266091 -14.328113440182589 16.886045797561309 -41.602565221427042 22.24719399790342
leaf_weight=3711 424 56111 29280 10594 30148 14499 108119 11281 21637 9190 5032 44203 980 129 10649 823 2522 468
leaf_count=3711 424 56111 29280 10594 30148 14499 108119 11281 21637 9190 5032 44203 980 129 10649 823 2522 468
internal_value=-0.00100504 -0.000205211 0.000170024 -0.00171977 -0.00126545 0.000496288 -0.00203738 0.000422375 -0.000793725 -0.000263042 0.000587399 0.000691064 0.0020041 0.00262494 -0.000784319 0.00479382 -0.00045348 -0.000313403
internal_weight=359800 169792 103032 190008 78178 73752 111830 72505 48030 26393 15799 55484 6141 5161 66760 1247 17021 9658
internal_count=359800 169792 103032 190008 78178 73752 111830 72505 48030 26393 15799 55484 6141 5161 66760 1247 17021 9658
is_linear=0
shrinkage=0.0229654


Tree=126
num_leaves=19
num_cat=0
split_feature=37 37 36 35 37 37 36 35 36 37 36 37 37 37 35 35 35 37
split_gain=752.12 84.8377 57.6036 70.4501 42.1895 33.4051 50.7603 42.9467 40.3688 32.7335 29.0681 28.5184 26.6105 25.3884 24.5727 20.9489 20.4098 29.0826
threshold=25415.561728725286 36939.885737871497 23325.500000000004 22188.500000000004 22853.533310929546 27152.532109597381 27819.500000000004 26028.500000000004 26315.500000000004 29110.947298392126 31122.500000000004 31462.010697715847 30152.371458841222 41859.284942633676 25425.500000000004 34388.000000000007 33580.500000000007 32659.076238648933
decision_type=2 2 2 2 2 2 2 2 2 2 2 2 2 2 2 2 2 2
left_child=4 2 3 -2 -1 14 7 8 -7 -9 15 -8 -5 -12 -4 -3 17 -11
right_child=1 10 5 12 -6 6 11 9 -10 16 13 -13 -14 -15 -16 -17 -18 -19
leaf_value=-72.962002954733052 35.164279001894847 51.751170179612338 1.1004132690219495 7.6937412640013561 -20.054626233406445 29.705974650186963 -4.8543764018521127 1.0104050904490676 9.5073836424010629 9.8036046927624287 5.5279762230049379 1.2486065635651669 83.824244833288475 17.633204071343137 -9.6945127047001467 23.712067757983217 -16.359874822732316 43.454171492067388
leaf_weight=120590 302 117 10077 4315 71046 757 40233 12628 1155 3551 20517 47045 134 1412 24441 753 441 286
leaf_count=120590 302 117 10077 4315 71046 757 40233 12628 1155 3551 20517 47045 134 1412 24441 753 441 286
internal_value=-0.000996934 0.000123946 -8.03356e-05 0.00240675 -0.00198053 -0.000164368 3.75334e-05 0.00111935 0.00438168 0.000750389 0.00142644 -0.000195716 0.00167814 0.0012631 -0.000784941 0.00554337 0.00248658 0.00302435
internal_weight=359800 168164 145365 4751 191636 140614 106096 18818 1912 16906 22799 87278 4449 21929 34518 870 4278 3837
internal_count=359800 168164 145365 4751 191636 140614 106096 18818 1912 16906 22799 87278 4449 21929 34518 870 4278 3837
is_linear=0
shrinkage=0.0229654


Tree=127
num_leaves=19
num_cat=0
split_feature=35 3 13 8 3 31 8 36 1 3 22 3 3 0 22 8 10 15
split_gain=437.556 94.4607 63.0323 57.9165 48.8549 49.0977 35.6935 35.4906 37.0389 32.2053 28.0048 27.1105 33.7884 31.5471 30.7948 28.5995 35.2148 27.2008
threshold=25096.500000000004 3.5000000000000004 0.73125000000000029 1.0000000180025095e-35 3.5000000000000004 1.0000000180025095e-35 0.82968937203783688 26594.500000000004 18.500000000000004 1.0000000180025095e-35 2.863932291666667 5.5000000000000009 4.5000000000000009 23.500000000000004 3.9680121527777783 -0.75023006073889131 -0.5 12.781250000000004
decision_type=2 2 2 2 2 2 2 2 2 2 2 2 2 2 2 2 2 2
left_child=3 2 -2 4 5 -1 9 -3 11 -4 -11 12 15 -13 -14 16 -9 -15
right_child=1 7 6 -5 -6 -7 -8 8 -10 10 -12 13 14 17 -16 -17 -18 -19
leaf_value=3.2201673954265559 8.1577048669935834 -13.888880688677046 6.9183720392760328 -40.604462678011302 -50.995825601584201 -19.800779912436376 -9.6217435757461995 42.557969459177478 -8.3404625422074758 39.089359248559809 -0.76400564425294248 -17.505003092938242 5.4080593262461498 14.372253139300248 -18.022762815701661 -3.8165409413401452 8.3161670557703484 3.3591946879100432
leaf_weight=13459 21498 27504 12882 102744 35032 29213 10070 128 14360 207 59895 2184 1988 2831 7932 8672 5512 3689
leaf_count=13459 21498 27504 12882 102744 35032 29213 10070 128 14360 207 59895 2184 1988 2831 7932 8672 5512 3689
internal_value=-0.000994126 -0.000190816 0.000254975 -0.00179256 -0.00131945 -0.000797698 -3.191e-05 -0.000813922 -0.000432447 0.000144934 -7.8409e-05 -8.08892e-06 -0.000402976 0.00109128 -0.00143302 0.000310976 0.00158396 0.00189148
internal_weight=359800 179352 104552 180448 77704 42672 83054 74800 47296 72984 60102 32936 24232 8704 9920 14312 5640 6520
internal_count=359800 179352 104552 180448 77704 42672 83054 74800 47296 72984 60102 32936 24232 8704 9920 14312 5640 6520
is_linear=0
shrinkage=0.0229654


Tree=128
num_leaves=19
num_cat=0
split_feature=0 10 3 0 25 18 3 25 0 0 3 3 3 0 30 10 13 14
split_gain=274.121 214.51 101.791 70.2019 52.711 52.2752 50.2034 33.2827 28.6948 28.8835 57.2158 34.1802 32.4731 28.8952 26.8774 25.5126 24.8452 31.4285
threshold=13.500000000000002 -0.5 3.5000000000000004 44.500000000000007 3.4802083333333331 0.011250000000000001 3.5000000000000004 5.2752604166666677 43.500000000000007 20.500000000000004 5.5000000000000009 4.5000000000000009 4.5000000000000009 29.500000000000004 1672.9875000000002 -0.24999999999999994 15.843750000000004 82.437500000000014
decision_type=2 2 2 2 2 2 2 2 2 2 2 2 2 2 2 2 2 2
left_child=7 6 3 4 -3 -6 -2 -1 9 12 11 13 -4 -11 -13 -12 -7 -18
right_child=1 2 8 -5 5 16 -8 -9 -10 10 15 14 -14 -15 -16 -17 17 -19
leaf_value=-7.7715585469671273 -9.3845032791223346 11.204927555153851 0.53078455760544219 -13.058116921128642 -2.0644470366298431 5.8285184225890463 -33.706235560298708 -51.101168091664086 -15.763861320296916 8.7741954526510675 -9.6960289856886934 -15.095148502607877 -39.58939222357062 -7.1304164738495768 4.0014697305301263 6.4636217046985864 9.5523762656375428 30.204696658312482
leaf_weight=14051 52360 9143 4760 11168 34078 42665 40600 83405 10224 6120 2208 13730 9576 9520 1910 13616 395 271
leaf_count=14051 52360 9143 4760 11168 34078 42665 40600 83405 10224 6120 2208 13730 9576 9520 1910 13616 395 271
internal_value=-0.000987871 -0.000601518 -0.000115028 0.000367089 0.000588198 0.000393422 -0.00148796 -0.0020279 -0.000772436 -0.000584976 -0.000310275 -0.000879558 -0.00148756 -0.000120407 -0.00163871 0.000815051 0.000922676 0.00532411
internal_weight=359800 262344 169384 97720 86552 77409 92960 97456 71664 61440 47104 31280 14336 15640 15640 15824 43331 666
internal_count=359800 262344 169384 97720 86552 77409 92960 97456 71664 61440 47104 31280 14336 15640 15640 15824 43331 666
is_linear=0
shrinkage=0.0229654


Tree=129
num_leaves=19
num_cat=0
split_feature=37 37 36 37 8 8 8 3 3 36 28 26 36 4 37 0 28 3
split_gain=736.63 77.7634 53.1272 43.8186 36.4857 35.4673 32.7419 56.2313 30.1669 29.7209 23.9457 23.1507 22.64 46.8302 21.9444 19.771 19.4383 17.5225
threshold=25301.641546275634 37144.710925868676 23325.500000000004 22853.533310929546 -0.82968937203783677 -0.5 1.0000000180025095e-35 1.0000000180025095e-35 2.5000000000000004 31122.500000000004 -1.0000000180025095e-35 21.610286458333338 26879.500000000004 1.5000000000000002 41859.284942633676 29.500000000000004 0.53696784420289767 1.5000000000000002
decision_type=2 2 2 2 2 2 2 2 2 2 2 2 2 2 2 2 2 2
left_child=3 2 6 -1 12 -5 7 10 11 -3 -2 -6 13 -4 17 -12 -10 -11
right_child=1 9 4 5 8 -7 -8 -9 16 14 15 -13 -14 -15 -16 -17 -18 -19
leaf_value=-69.682920053621004 27.994717380687206 35.197422419513515 43.67868121699599 -9.9668146381507725 -0.025772237723776747 -22.59993992331238 -0.0075236540178301092 14.287686884745876 -2.2814618913832057 9.5938475189217343 75.348781266623163 11.883051638584027 2.6969280255374604 11.052019021754962 16.805537988368993 31.580374533633776 -8.5153988017900666 2.6668441565268353
leaf_weight=120590 307 811 122 22596 53954 45641 2124 2461 37479 7110 226 695 25132 4047 1412 95 22977 12021
leaf_count=120590 307 811 122 22596 53954 45641 2124 2461 37479 7110 226 695 25132 4047 1412 95 22977 12021
internal_value=-0.000983275 0.00010876 -7.6271e-05 -0.00197206 -0.000158493 -0.00150699 0.00220138 0.0037106 -0.000342671 0.0014052 0.00984441 4.83685e-05 0.000565023 0.00213238 0.00123496 0.01423 -0.00069615 0.00103105
internal_weight=359800 170973 149619 188827 144406 68237 5213 3089 115105 21354 628 54649 29301 4169 20543 321 60456 19131
internal_count=359800 170973 149619 188827 144406 68237 5213 3089 115105 21354 628 54649 29301 4169 20543 321 60456 19131
is_linear=0
shrinkage=0.0229654


Tree=130
num_leaves=19
num_cat=0
split_feature=37 8 37 36 3 37 0 8 26 36 28 4 3 37 36 3 0 37
split_gain=727.314 77.6798 56.1611 57.4494 46.2827 42.9116 35.6477 34.2893 27.5286 27.2 26.6653 26.3497 23.3342 22.8106 22.2876 23.5953 21.9341 19.0373
threshold=25247.731780150305 0.38268343236508956 39354.389669697441 23325.500000000004 1.0000000180025095e-35 22853.533310929546 19.500000000000004 -0.5 1.0000000180025095e-35 25687.500000000004 -1.0000000180025095e-35 4.5000000000000009 1.0000000180025095e-35 30652.222152087903 29484.500000000004 3.5000000000000004 30.500000000000004 27152.532109597381
decision_type=2 2 2 2 2 2 2 2 2 2 2 2 2 2 2 2 2 2
left_child=5 2 3 4 10 -1 12 -7 -4 11 -2 -8 -5 -11 15 -15 -12 -3
right_child=1 17 8 6 -6 7 9 -9 -10 13 16 -13 -14 14 -16 -17 -18 -19
leaf_value=-68.08262329914929 25.150921985314973 -8.3685021575786251 20.132851305476475 6.8150091833843698 11.618686529169626 -10.02740520813105 26.754666138733587 -22.438223611885906 8.3144131110834127 -1.4085716616712149 72.469659423435004 5.3815487045551968 -6.1906074679632068 19.378857454951451 3.1154735756699816 -2.5141176711858417 31.627954233987928 -1.5634864014630938
leaf_weight=120590 361 19054 821 3911 2940 22160 1690 44705 7200 28825 248 4340 22510 1892 42966 986 94 34507
leaf_count=120590 361 19054 821 3911 2940 22160 1690 44705 7200 28825 248 4340 22510 1892 42966 986 94 34507
internal_value=-0.000981105 9.57414e-05 0.000423138 0.000288759 0.00312488 -0.00197115 0.000192307 -0.00150452 0.00227879 0.000432022 0.00841847 0.00191569 -0.000539867 0.000312206 0.000630491 0.002587 0.0130137 -0.000630337
internal_weight=359800 172345 118784 110763 3643 187455 107120 66865 8021 80699 703 6030 26421 74669 45844 2878 342 53561
internal_count=359800 172345 118784 110763 3643 187455 107120 66865 8021 80699 703 6030 26421 74669 45844 2878 342 53561
is_linear=0
shrinkage=0.0229654


Tree=131
num_leaves=19
num_cat=0
split_feature=37 8 37 36 37 8 36 3 21 0 37 36 3 36 0 0 9 37
split_gain=717.118 78.7748 55.9566 51.2086 35.602 35.5225 35.2832 36.7935 31.9561 30.5234 44.8753 24.4775 23.8386 22.9751 22.7309 22.5079 21.8792 21.5091
threshold=25023.449702637965 0.38268343236508956 37144.710925868676 20158.000000000004 22689.98080292749 -0.5 25319.500000000004 3.5000000000000004 1.0000000180025095e-35 23.500000000000004 29664.30767982973 31122.500000000004 1.5000000000000002 35561.000000000007 21.500000000000004 19.500000000000004 -0.93301270189221908 27152.532109597381
decision_type=2 2 2 2 2 2 2 2 2 2 2 2 2 2 2 2 2 2
left_child=4 2 3 16 -1 -6 7 9 13 10 -5 12 -10 -4 -14 -8 -2 -3
right_child=1 17 8 6 5 -7 15 -9 11 -11 -12 -13 14 -15 -16 -17 -18 -19
leaf_value=-69.577773894791534 38.928860160133382 -8.645564047116082 11.020658051632092 1.5428209821188421 -10.402125568703728 -24.42640634724939 -4.7008200056790317 -3.879822671067918 35.223534330624545 17.506533050565817 66.924180292725808 5.9013522313798799 6.5073496327456475 33.816971400547459 50.002979535332777 1.3095390385276691 18.028847739220318 -1.5275802968968786
leaf_weight=116319 116 21448 601 3970 21752 43595 22898 4509 235 4099 270 17626 138 524 200 66760 233 34507
leaf_count=116319 116 21448 601 3970 21752 43595 22898 4509 235 4099 270 17626 138 524 200 66760 233 34507
internal_value=-0.00097536 6.00256e-05 0.000386851 0.000173823 -0.00199062 -0.00156168 0.000143923 0.00126946 0.00152073 0.00217316 0.000807039 0.00128853 0.00595978 0.00527694 0.00986561 -1.73671e-05 0.00895585 -0.000653605
internal_weight=359800 178134 122179 102855 181666 65347 102506 12848 19324 8339 4240 18199 573 1125 338 89658 349 55955
internal_count=359800 178134 122179 102855 181666 65347 102506 12848 19324 8339 4240 18199 573 1125 338 89658 349 55955
is_linear=0
shrinkage=0.0229654


Tree=132
num_leaves=19
num_cat=0
split_feature=37 8 37 36 35 26 37 8 0 17 35 36 26 37 37 36 28 11
split_gain=709.051 75.8261 53.5792 49.2529 74.5359 38.1832 37.2101 35.1301 29.229 27.2459 28.3628 31.7395 51.6128 23.8763 21.0744 24.6148 20.5415 19.1482
threshold=25023.449702637965 0.38268343236508956 36939.885737871497 23325.500000000004 22188.500000000004 1.0000000180025095e-35 22689.98080292749 -0.5 19.500000000000004 57.312500000000007 26684.500000000004 26466.500000000004 9.0048177083333361 26605.106371552731 27152.532109597381 28065.500000000004 -2.6959885057471262 108.00000000000001
decision_type=2 2 2 2 2 2 2 2 2 2 2 2 2 2 2 2 2 2
left_child=6 2 3 4 -2 -4 -1 -8 -5 17 11 12 16 -6 -3 -16 -11 -10
right_child=1 14 5 8 13 -7 7 -9 9 10 -12 -13 -14 -15 15 -17 -18 -19
leaf_value=-67.97989186485475 33.732067050913855 -8.4470151333430419 18.921902650433932 -4.4022549884388829 5.674577265956259 6.4983493109471588 -10.163236501276659 -23.865443936793071 -8.2251858341266395 -14.751423292752778 2.012537285672896 3.7107380112947981 11.441743541595772 20.317719242589803 2.8759053434735917 -3.7443268303657598 40.113129212304123 3.5370206280108611
leaf_weight=116319 397 21448 982 26247 2758 19592 21752 43595 11352 77 42238 5628 3236 1129 9402 25105 435 8108
leaf_count=116319 397 21448 982 26247 2758 19592 21752 43595 11352 77 42238 5628 3236 1129 9402 25105 435 8108
internal_value=-0.000972743 5.68025e-05 0.000377453 0.000161043 0.00257101 0.00144619 -0.00198227 -0.00154376 5.49582e-05 0.000296817 0.000572911 0.00171555 0.0033529 0.00160291 -0.000643344 -0.000291968 0.0101281 -0.00043547
internal_weight=359800 178134 122179 101605 4284 20574 181666 65347 97321 71074 51614 9376 3748 3887 55955 34507 512 19460
internal_count=359800 178134 122179 101605 4284 20574 181666 65347 97321 71074 51614 9376 3748 3887 55955 34507 512 19460
is_linear=0
shrinkage=0.0229654


Tree=133
num_leaves=19
num_cat=0
split_feature=0 10 3 0 3 7 26 3 26 25 7 3 9 18 25 8 3 22
split_gain=267.172 192.335 92.0901 72.5902 58.4011 76.8296 58.1567 52.4724 37.6561 36.9219 34.2803 29.6206 28.6272 23.4291 23.107 21.8635 20.4548 19.6471
threshold=13.500000000000002 -0.5 4.5000000000000009 44.500000000000007 5.5000000000000009 -0.55438071450436044 1.0000000180025095e-35 3.5000000000000004 9.6251302083333368 5.2752604166666677 -0.97868534383143924 1.5000000000000002 -0.24999999999999994 0.29250000000000009 4.1111979166666677 -0.82968937203783677 2.5000000000000004 3.8497829861111117
decision_type=2 2 2 2 2 2 2 2 2 2 2 2 2 2 2 2 2 2
left_child=9 7 3 6 17 12 10 13 11 -1 -3 -8 -6 -2 -5 -7 -10 -4
right_child=1 2 4 14 5 15 8 -9 16 -11 -12 -13 -14 -15 -16 -17 -18 -19
leaf_value=-7.0430839129219569 -10.133261864734544 43.44907959365792 -0.046752254541911183 2.0614256747492297 12.142310907376288 -3.0695006559779481 8.0184137748236992 -31.354080438230266 1.2387195061770562 -46.871636835755417 15.604793391691803 2.1427224454204183 2.4127128441102852 3.2258491476268798 -19.035931108504364 -25.650907448471497 -6.131276398376448 -18.274717957342837
leaf_weight=14051 46619 117 2886 2899 3120 6192 26892 40600 24461 83405 1030 40221 7200 5741 10989 7552 14911 20914
leaf_count=14051 46619 117 2886 2899 3120 6192 26892 40600 24461 83405 1030 40221 7200 5741 10989 7552 14911 20914
internal_value=-0.000971211 -0.000589788 -0.000129129 0.000206938 -0.000982354 -0.000184571 0.00040856 -0.00142916 0.000353156 -0.00199797 0.00555214 0.000683935 0.00131294 -0.000948705 -0.00135563 -0.00130902 -0.000210686 -0.00178899
internal_weight=359800 262344 169384 121520 47864 24064 107632 92960 106485 97456 1147 67113 10320 52360 13888 13744 39372 23800
internal_count=359800 262344 169384 121520 47864 24064 107632 92960 106485 97456 1147 67113 10320 52360 13888 13744 39372 23800
is_linear=0
shrinkage=0.0229654


Tree=134
num_leaves=19
num_cat=0
split_feature=37 37 35 37 37 16 35 26 7 1 3 26 3 37 27 29 3 3
split_gain=700.59 69.7648 38.6051 38.1913 35.9373 33.0598 32.2158 26.7325 24.205 21.1577 19.1078 17.767 18.3435 16.8098 27.8443 26.5945 16.2633 15.7382
threshold=24970.052793478826 34876.514806393076 23703.500000000004 22689.98080292749 26466.99420136926 121.06250000000001 27408.000000000004 1.0000000180025095e-35 -0.94490267940017747 17.500000000000004 2.5000000000000004 21.246223958333335 1.5000000000000002 30031.464732897952 6.7970982142857137 83.843750000000014 4.5000000000000009 5.5000000000000009
decision_type=2 2 2 2 2 2 2 2 2 2 2 2 2 2 2 2 2 2
left_child=3 2 -2 -1 -4 -5 9 8 16 -6 11 13 -13 -8 -15 -16 -3 -12
right_child=1 7 4 5 6 -7 10 -9 -10 -11 17 12 -14 14 15 -17 -18 -19
leaf_value=-65.655257031686077 9.511530132501667 32.483736722740318 -8.0361128621823283 -24.354415635043079 8.3505684389187387 -11.6413807046552 -3.93599096817149 4.4925572867418246 12.359817112395548 -0.10654062942221243 -5.3607532763167658 -0.64548751924966641 14.427249665095234 2.7224464861578124 23.89570932214723 12.862480178204196 6.5499422097555264 1.7731177069313697
leaf_weight=116319 7510 194 31200 36227 11079 27723 13250 38435 1020 10234 38371 162 194 18261 79 102 85 9355
leaf_count=116319 7510 194 31200 36227 11079 27723 13250 38435 1020 10234 38371 162 194 18261 79 102 85 9355
internal_value=-0.000966105 4.93634e-05 -0.000191991 -0.00197742 -0.000282921 -0.0015266 -7.26315e-05 0.000898525 0.00413872 0.000720544 -0.000284542 0.000149194 0.00525108 9.18843e-05 0.000540201 0.00950336 0.0101328 -0.000575796
internal_weight=359800 179531 139797 180269 132287 63950 101087 39734 1299 21313 79774 32048 356 31692 18442 181 279 47726
internal_count=359800 179531 139797 180269 132287 63950 101087 39734 1299 21313 79774 32048 356 31692 18442 181 279 47726
is_linear=0
shrinkage=0.0229654


Tree=135
num_leaves=19
num_cat=0
split_feature=37 8 3 36 19 0 37 8 22 36 3 14 37 3 3 37 36 22
split_gain=692.411 67.9908 50.9618 59.7727 43.054 41.354 39.5899 34.2129 31.4008 21.9787 23.3646 25.4847 20.1993 20.1523 55.4475 24.1146 19.5604 25.1483
threshold=24970.052793478826 0.38268343236508956 1.0000000180025095e-35 23325.500000000004 16.268750000000001 19.500000000000004 22689.98080292749 -0.5 3.6414496527777787 25687.500000000004 3.5000000000000004 89.062500000000014 36558.079481930494 5.5000000000000009 4.5000000000000009 37144.710925868676 31946.500000000004 9.5488281250000018
decision_type=2 2 2 2 2 2 2 2 2 2 2 2 2 2 2 2 2 2
left_child=6 2 3 -2 12 -4 -1 -8 -7 10 11 -10 16 14 -11 -15 17 -5
right_child=1 -3 5 4 -6 8 7 -9 9 13 -12 -13 -14 15 -16 -17 -18 -19
leaf_value=-64.147457205545535 38.921606070855191 -3.64059896238208 -4.7749275173491501 16.757786284553902 39.653435679705836 10.139008465045368 -9.4692829623622607 -22.476374145919618 11.301165996390978 1.4774694066944902 -1.3436683321844682 33.029039634476909 16.436052172061714 4.5783783418722779 -13.565202986736381 20.491709325447271 -3.789053696252715 1.5754401858729365
leaf_weight=116319 802 56536 25297 3236 125 7783 21310 42640 4984 47379 3431 111 4049 7534 7267 406 5654 4937
leaf_count=116319 802 56536 25297 3236 125 7783 21310 42640 4984 47379 3431 111 4049 7534 7267 406 5654 4937
internal_value=-0.000964765 4.47583e-05 0.000347762 0.00144818 0.00117487 0.000149176 -0.00197015 -0.00151116 0.000408251 0.000256678 0.00135056 0.00233711 0.00108095 0.00010766 -4.94229e-05 0.00118876 0.000663201 0.00138163
internal_weight=359800 179531 122995 18803 18001 104192 180269 63950 78895 71112 8526 5095 17876 62586 54646 7940 13827 8173
internal_count=359800 179531 122995 18803 18001 104192 180269 63950 78895 71112 8526 5095 17876 62586 54646 7940 13827 8173
is_linear=0
shrinkage=0.0229654


Tree=136
num_leaves=19
num_cat=0
split_feature=37 8 37 36 37 8 26 36 35 9 8 37 35 7 9 17 37 36
split_gain=683.152 65.1 45.5291 47.4015 41.3971 36.5888 33.9192 30.1958 33.4002 47.1253 39.8884 28.8377 24.0291 20.5116 20.463 19.3609 19.2722 25.563
threshold=24970.052793478826 0.38268343236508956 37144.710925868676 20158.000000000004 22421.220383782642 -0.5 1.0000000180025095e-35 25319.500000000004 24553.500000000004 0.68301270189221941 -0.32075123873380501 26605.106371552731 27487.500000000004 0.55438071450436044 -0.93301270189221908 57.312500000000007 27152.532109597381 28065.500000000004
decision_type=2 2 2 2 2 2 2 2 2 2 2 2 2 2 2 2 2 2
left_child=4 2 3 14 -1 -6 -4 8 9 -5 -11 -10 -13 15 -2 -9 -3 -18
right_child=1 16 6 7 5 -7 -8 13 11 10 -12 12 -14 -15 -16 -17 17 -19
leaf_value=-67.03626870353942 37.404757687731959 -7.7785590845110493 16.688949493330764 11.11607534613303 -9.839415131759548 -23.029766252469447 6.1317541765503059 -3.7504055758015618 -2.4738719953106778 32.713092366341023 -1.1256468203942709 15.859531357344867 5.5935657670319916 -4.4841432645814168 17.277430028647263 2.4916511111739883 3.0975411295224373 -3.6532591416022067
leaf_weight=109309 117 22029 977 1849 23527 47433 18347 18356 7084 457 176 1330 2420 23027 244 48611 9402 25105
leaf_count=109309 117 22029 977 1849 23527 47433 18347 18356 7084 457 176 1330 2420 23027 244 48611 9402 25105
internal_value=-0.00096119 4.15603e-05 0.000338053 0.000147289 -0.00195984 -0.0015279 0.00136148 0.000118261 0.00113896 0.00354197 0.00895034 0.000588443 0.00221693 -3.27667e-05 0.00845458 0.000170542 -0.000603464 -0.000264681
internal_weight=359800 179531 122995 103671 180269 70960 19324 103310 13316 2482 633 10834 3750 89994 361 66967 56536 34507
internal_count=359800 179531 122995 103671 180269 70960 19324 103310 13316 2482 633 10834 3750 89994 361 66967 56536 34507
is_linear=0
shrinkage=0.0229654


Tree=137
num_leaves=19
num_cat=0
split_feature=37 1 37 37 16 26 7 3 37 22 14 26 11 3 26 28 27 10
split_gain=675.082 63.4914 44.9294 43.2192 35.2111 31.4709 27.0178 26.1472 21.8243 20.076 19.3431 49.9928 21.792 16.5026 16.2119 14.888 14.7877 18.2318
threshold=24970.052793478826 19.500000000000004 36739.182209703904 22632.780340932997 121.06250000000001 1.0000000180025095e-35 0.44134171618254497 4.5000000000000009 27152.532109597381 8.5499565972222253 86.937500000000014 13.87565104166667 108.00000000000001 3.5000000000000004 21.610286458333338 -5.5024404761904746 6.7970982142857137 -0.9330127018922193
decision_type=2 2 2 2 2 2 2 2 2 2 2 2 2 2 2 2 2 2
left_child=3 2 6 -1 -5 -4 10 15 -3 -7 12 -12 -2 14 -10 -8 17 -13
right_child=1 8 5 4 -6 9 7 -9 13 -11 11 16 -14 -15 -16 -17 -18 -19
leaf_value=-62.171177136831119 -0.89833920673632051 -10.115792942978024 15.808690456303033 -23.032607000515124 -10.890535374083289 3.7517144069836821 8.0006608549561182 -20.359580757777525 -0.31896969337528908 15.746419168894098 4.3786893620363321 30.274085666143414 4.7650036302680476 -6.3364108776135417 8.8032985333133027 -2.1213121743570826 21.957408105151728 16.885048674661189
leaf_weight=114898 41818 14183 1039 37122 28249 18852 1615 5236 17298 3046 12178 72 25251 8964 424 29110 72 373
leaf_count=114898 41818 14183 1039 37122 28249 18852 1615 5236 17298 3046 12178 72 25251 8964 424 29110 72 373
internal_value=-0.000957042 3.97694e-05 0.000274236 -0.00194977 -0.00147834 0.00120279 9.01941e-05 -0.00043241 -0.000755737 0.00101749 0.000325806 0.00114782 0.000170214 -0.000368845 3.73205e-05 -0.000176773 0.00814228 0.00657998
internal_weight=359800 179531 138662 180269 65371 22937 115725 35961 40869 21898 79764 12695 67069 26686 17722 30725 517 445
internal_count=359800 179531 138662 180269 65371 22937 115725 35961 40869 21898 79764 12695 67069 26686 17722 30725 517 445
is_linear=0
shrinkage=0.0229654


Tree=138
num_leaves=19
num_cat=0
split_feature=37 1 37 37 16 26 3 7 37 30 30 24 15 3 28 3 26 37
split_gain=667.315 60.7683 44.9472 42.9616 38.6014 28.047 26.1259 23.0165 21.2146 18.6293 18.3478 17.9925 28.9146 15.8172 16.465 15.8107 16.2119 15.7501
threshold=24970.052793478826 19.500000000000004 22372.022079668532 35510.355415441394 121.06250000000001 1.0000000180025095e-35 1.5000000000000002 0.44134171618254497 27152.532109597381 1000.8062500000002 1782.0125000000003 3.4750000000000036 16.656250000000004 4.5000000000000009 -5.5024404761904746 3.5000000000000004 21.610286458333338 38473.853897399989
decision_type=2 2 2 2 2 2 2 2 2 2 2 2 2 2 2 2 2 2
left_child=2 3 -1 6 -4 -5 -2 10 -3 17 -8 -12 -13 14 -9 16 -10 -7
right_child=1 8 4 5 -6 9 7 13 15 -11 11 12 -14 -15 -16 -17 -18 -19
leaf_value=-65.023334013238554 4.0484054748429728 -9.883479621390741 -23.606403423051677 15.445637415325386 -11.04780555783311 8.1299389137465798 0.017329752201484225 8.3330721433217825 -0.31164442393059522 3.3242485015554353 6.9441536428812656 32.013096773827527 -13.955366158718851 -19.886103254285771 -4.9938241089807658 -6.1908926106602635 8.6011271825624362 19.961574567335614
leaf_weight=107963 32063 14183 41495 1087 30811 3870 49585 1136 17298 25537 1452 155 107 5211 17221 8964 424 1238
leaf_count=107963 32063 14183 41495 1087 30811 3870 49585 1136 17298 25537 1452 155 107 5211 17221 8964 424 1238
internal_value=-0.000954488 3.65715e-05 -0.00194149 0.000265954 -0.00149838 0.00100801 4.57456e-05 -0.000189173 -0.000741688 0.000879422 8.37599e-05 0.00241981 0.007959 -0.000783249 -0.000466265 -0.000360239 3.73205e-05 0.00214548
internal_weight=359800 179531 180269 138662 72306 31732 106930 74867 40869 30645 51299 1714 262 23568 18357 26686 17722 5108
internal_count=359800 179531 180269 138662 72306 31732 106930 74867 40869 30645 51299 1714 262 23568 18357 26686 17722 5108
is_linear=0
shrinkage=0.0229654


Tree=139
num_leaves=19
num_cat=0
split_feature=37 1 37 37 36 16 36 7 36 3 3 9 3 0 30 25 37 36
split_gain=655.408 59.2687 46.8804 41.0173 39.3317 38.4842 30.9958 27.9656 33.9438 32.2642 23.684 23.6047 21.9606 30.034 20.6874 21.3657 20.5615 19.7875
threshold=24970.052793478826 19.500000000000004 22372.022079668532 37353.276481140922 20224.500000000004 121.06250000000001 31122.500000000004 0.44134171618254497 26466.500000000004 3.5000000000000004 4.5000000000000009 -0.93301270189221908 1.5000000000000002 21.500000000000004 338.25000000000006 15.708072916666669 27152.532109597381 22554.500000000004
decision_type=2 2 2 2 2 2 2 2 2 2 2 2 2 2 2 2 2 2
left_child=2 3 -1 4 11 -4 12 8 9 -6 -9 -2 -5 -14 -10 -16 -3 -7
right_child=1 16 5 6 7 17 -8 10 14 -11 -12 -13 13 -15 15 -17 -18 -19
leaf_value=-63.530046557628935 35.562122938604261 -9.6565014702335983 -23.06427271507345 10.441137120266863 11.336874719308957 0.58685243414695298 5.5286741380292224 -1.4602469845811659 -5.5422566240770434 -0.37615783633652722 -19.442116054760234 13.716881614249647 4.3061885491174596 47.880771574493799 1.4324214034140823 22.630608997782989 -1.9549801060403287 -15.457246788345429
leaf_weight=107963 120 14183 41495 297 9927 8870 18365 30996 9073 6111 5244 355 157 220 57667 130 26686 21941
leaf_count=107963 120 14183 41495 297 9927 8870 18365 30996 9073 6111 5244 355 157 220 57667 130 26686 21941
internal_value=-0.000950212 3.19664e-05 -0.00192837 0.000258501 0.000100924 -0.00147583 0.00124857 7.46311e-05 0.000307246 0.00125609 -0.000457534 0.00669623 0.00608549 0.00976487 7.96761e-05 0.000239718 -0.000736631 -0.00086097
internal_weight=359800 179531 180269 138662 119623 72306 19039 119148 82908 16038 36240 475 674 377 66870 57797 40869 30811
internal_count=359800 179531 180269 138662 119623 72306 19039 119148 82908 16038 36240 475 674 377 66870 57797 40869 30811
is_linear=0
shrinkage=0.0229654


Tree=140
num_leaves=19
num_cat=0
split_feature=35 3 26 16 3 3 0 9 17 30 30 7 1 25 15 14 18 9
split_gain=388.37 78.0068 63.7483 61.6293 52.9244 39.4226 39.3054 36.1021 35.3522 34.8064 31.0928 33.621 29.1301 25.7352 23.6848 20.8788 20.6092 22.4402
threshold=24875.500000000004 4.5000000000000009 9.6251302083333368 30.812500000000004 5.5000000000000009 3.5000000000000004 21.500000000000004 -0.93301270189221908 98.687500000000014 1782.0125000000003 2041.9937500000003 -0.94490267940017747 18.500000000000004 1.0000000180025095e-35 12.781250000000004 89.437500000000014 0.014375000000000002 0.68301270189221941
decision_type=2 2 2 2 2 2 2 2 2 2 2 2 2 2 2 2 2 2
left_child=3 2 10 -1 9 8 -6 -7 16 -3 13 -12 14 -2 -8 -10 -5 -18
right_child=1 4 -4 5 6 7 12 -9 15 -11 11 -13 -14 -15 -16 -17 17 -19
leaf_value=-36.158882685939211 13.678383793593873 -16.820501694134212 -3.367087317075744 -18.954129858318527 -17.41972079004681 6.2358814379404075 12.693452710688316 -36.83969198120559 18.764187476092431 3.7327368180427341 29.599071826906318 8.8709855655587386 -3.474897620954009 2.3273085161702816 1.5693104335614008 22.793552939235685 -6.9123441387055138 14.600828012556002
leaf_weight=104660 1001 24915 59386 18151 4744 2118 3786 30491 1718 2685 303 2617 6056 74797 4686 133 14841 2712
leaf_count=104660 1001 24915 59386 18151 4744 2118 3786 30491 1718 2685 303 2617 6056 74797 4686 133 14841 2712
internal_value=-0.000946638 -0.000213122 6.16268e-05 -0.00172275 -0.00102265 -0.00119612 -9.91455e-05 -0.00178031 -0.000688871 -0.00166749 0.000490186 0.00281562 0.000493515 0.000400602 0.00136296 0.00240572 -0.000849304 -0.000288229
internal_weight=359800 184976 138104 174824 46872 70164 19272 32609 37555 27600 78718 2920 14528 75798 8472 1851 35704 17553
internal_count=359800 184976 138104 174824 46872 70164 19272 32609 37555 27600 78718 2920 14528 75798 8472 1851 35704 17553
is_linear=0
shrinkage=0.0229654


Tree=141
num_leaves=19
num_cat=0
split_feature=35 3 8 3 26 29 18 26 14 9 30 7 0 3 26 18 16 8
split_gain=379.544 76.35 63.5264 49.8178 41.9226 40.8317 33.5091 28.7871 27.668 27.5364 24.4904 35.6708 21.0251 29.1136 38.4586 29.2266 25.2996 37.2937
threshold=24875.500000000004 3.5000000000000004 1.0000000180025095e-35 3.5000000000000004 5.9483072916666684 126.45625000000003 0.31625000000000009 13.943880208333335 56.562500000000007 -0.93301270189221908 2041.9937500000003 -0.94490267940017747 13.500000000000002 1.0000000180025095e-35 13.80924479166667 0.22562500000000005 368.06250000000006 -0.55438071450436044
decision_type=2 2 2 2 2 2 2 2 2 2 2 2 2 2 2 2 2 2
left_child=2 4 3 5 10 -1 -6 -3 -7 -5 -2 -12 -10 -14 16 -16 17 -15
right_child=1 7 -4 9 6 8 -8 -9 12 -11 11 -13 13 14 15 -17 -18 -19
leaf_value=-16.875159795428598 4.3179206090344247 -4.2016109233430594 -34.265814537236238 2.6958840804530073 -1.9773889054404692 -25.73886207264469 5.9362276552076514 -16.338442773217068 -15.490749764000837 -46.005212667013531 33.592211844823574 9.3878012924227026 0.55366182017031917 28.330127840673654 21.032772122897981 34.372837907347296 -1.9133518858696459 -5.0094000115815245
leaf_weight=25685 27837 66037 99896 2640 66767 3536 11097 11187 1673 31192 216 1835 5637 1327 369 201 1830 838
leaf_count=25685 27837 66037 99896 2640 66767 3536 11097 11187 1673 31192 216 1835 5637 1327 369 201 1830 838
internal_value=-0.00093751 -0.000212377 -0.00170475 -0.00119927 0.000182611 -0.000661983 -9.80395e-05 -0.000763512 0.000272556 -0.00185192 0.00091376 0.00333564 0.000803547 0.00119487 0.00255814 0.00813862 0.00176193 0.00344216
internal_weight=359800 184976 174824 74928 107752 41096 77864 77224 15411 33832 29888 2051 11875 10202 4565 570 3995 2165
internal_count=359800 184976 174824 74928 107752 41096 77864 77224 15411 33832 29888 2051 11875 10202 4565 570 3995 2165
is_linear=0
shrinkage=0.0229654


Tree=142
num_leaves=19
num_cat=0
split_feature=36 23 25 8 36 25 7 33 8 1 16 9 32 7 19 4 13 7
split_gain=335.84 56.259 53.0273 43.3734 38.226 33.8579 24.7619 24.0639 20.5588 18.603 26.9686 17.3908 16.5107 15.8616 25.7888 14.8752 14.3637 17.0017
threshold=24730.000000000004 -1.0000000180025095e-35 9.6252604166666682 0.25881904510252057 20882.500000000004 4.1111979166666677 0.55438071450436044 0.7465277777777779 0.75023006073889131 7.5000000000000009 302.93750000000006 -0.93301270189221908 162.79375000000002 -0.13052619222005171 4.9812500000000011 11.500000000000002 0.85625000000000029 -0.44134171618254464
decision_type=2 2 2 2 2 2 2 2 2 2 2 2 2 2 2 2 2 2
left_child=1 5 3 6 -3 -1 7 -2 12 -6 13 -5 -4 14 -11 -9 -13 -18
right_child=2 4 8 11 9 -7 -8 15 -10 10 -12 16 -14 -15 -16 -17 17 -19
leaf_value=-1.5594647529524022 2.8155409535832905 -34.866957185424347 -2.6231584368291787 12.303458776232212 -17.6234680496141 -35.584684019739036 -2.7145320224873077 11.194502317145711 -12.496529493283482 4.3478997764282692 -14.884417720649477 0.24329249437194531 -8.3318019118191469 -3.8401294013119029 28.175663254962867 -7.5506150147466355 -1.7399731126009541 -13.591532722524409
leaf_weight=5733 43871 26364 50680 341 7968 96175 15896 8393 11095 4370 23116 13475 17236 5789 533 803 15948 12014
leaf_count=5733 43871 26364 50680 341 7968 96175 15896 8393 11095 4370 23116 13475 17236 5789 533 803 15948 12014
internal_value=-0.000929404 -0.00167057 -0.000265198 5.90819e-05 -0.00115973 -0.00201214 0.000412833 0.000651004 -0.000719706 -0.00072762 -0.000492349 -0.000524855 -0.000569977 0.00046137 0.00142252 0.00171916 -0.00056736 -0.000864181
internal_weight=359800 170048 189752 110741 68140 101908 68963 53067 79011 41776 33808 41778 67916 10692 4903 9196 41437 27962
internal_count=359800 170048 189752 110741 68140 101908 68963 53067 79011 41776 33808 41778 67916 10692 4903 9196 41437 27962
is_linear=0
shrinkage=0.0229654


Tree=143
num_leaves=19
num_cat=0
split_feature=37 0 37 37 16 36 7 17 35 36 37 35 11 36 37 3 35 22
split_gain=648.456 58.3602 38.912 38.4309 38.17 36.2294 28.4154 30.959 37.616 31.1586 40.3981 27.5415 26.8431 26.1417 25.3419 25.0362 24.5638 21.2336
threshold=24515.504057869399 40.500000000000007 35510.355415441394 22090.039410927366 121.06250000000001 20158.000000000004 0.44134171618254497 66.437500000000014 26684.500000000004 26466.500000000004 26401.24440824152 22075.500000000004 108.00000000000001 30369.500000000004 26466.99420136926 4.5000000000000009 33748.000000000007 3.1249131944444453
decision_type=2 2 2 2 2 2 2 2 2 2 2 2 2 2 2 2 2 2
left_child=3 2 5 -1 -5 11 7 12 9 10 -9 -2 -7 16 -3 -8 -4 -10
right_child=1 14 13 4 -6 6 15 8 17 -11 -12 -13 -14 -15 -16 -17 -18 -19
leaf_value=-64.725258289623525 35.564498109951238 -11.855222156418492 53.009101560415516 -25.039956320975225 -10.848698242878987 -7.2252228045961511 -1.9176424530551697 11.758028214214709 12.659246083227595 2.5976021686788018 23.289363532380662 10.169996350502281 3.4166348624970899 4.3263605727540515 -2.2124969200393672 -19.044574169981082 15.084468006133623 0.5640229977860951
leaf_weight=100915 174 12304 173 39047 27617 16976 32702 5601 1174 5928 1510 456 12367 30728 31457 6085 831 33755
leaf_count=100915 174 12304 173 39047 27617 16976 32702 5601 1174 5928 1510 456 12367 30728 31457 6085 831 33755
internal_value=-0.000921681 -1.13625e-05 0.000205893 -0.00196586 -0.00153796 1.20401e-05 -1.77639e-05 0.00023672 0.000596158 0.00164874 0.00267375 0.00550441 -0.000350864 0.000918992 -0.000748406 -0.000525007 0.00456563 0.000203229
internal_weight=359800 192221 148460 167579 66664 116728 116098 77311 47968 13039 7111 630 29343 31732 43761 38787 1004 34929
internal_count=359800 192221 148460 167579 66664 116728 116098 77311 47968 13039 7111 630 29343 31732 43761 38787 1004 34929
is_linear=0
shrinkage=0.0229654


Tree=144
num_leaves=19
num_cat=0
split_feature=37 37 36 37 35 37 16 35 36 33 36 37 35 35 3 37 36 36
split_gain=640.889 59.4694 60.0104 40.7379 39.459 36.2236 37.7559 35.8712 35.5 31.7898 31.0086 24.1456 32.675 27.3747 26.2423 22.9239 19.3375 18.5964
threshold=24412.078114376811 26401.24440824152 25384.500000000004 33633.706528732488 26028.500000000004 22090.039410927366 121.06250000000001 23876.500000000004 31379.500000000004 0.37152777777777785 20345.500000000004 29776.60479584325 29383.500000000004 25042.500000000004 2.5000000000000004 27736.99555956195 30369.500000000004 22554.500000000004
decision_type=2 2 2 2 2 2 2 2 2 2 2 2 2 2 2 2 2 2
left_child=5 7 4 8 9 -1 -7 10 11 15 -2 13 -13 14 -4 -3 -5 -8
right_child=1 2 3 16 -6 6 17 -9 -10 -11 -12 12 -14 -15 -16 -17 -18 -19
leaf_value=-63.238816264898908 37.197538348377321 18.128895297219458 4.6978057306264391 17.083309688187427 5.428511758240667 -25.096915950054392 -0.24532559209512447 -8.3010071575020117 -9.8966125201864852 2.6736949790484594 2.1640306929009729 14.82508803664183 1.600374140032792 -2.5144646733131037 34.713508334323294 33.890263164441322 3.0337899930173529 -17.097334203888206
leaf_weight=100915 229 939 3452 1870 6710 37519 9100 40569 24512 544 8826 3046 14789 40096 398 251 48896 17139
leaf_count=100915 229 939 3452 1870 6710 37519 9100 40569 24512 544 8826 3046 14789 40096 398 251 48896 17139
internal_value=-0.000918617 -2.8212e-05 0.000205926 9.01627e-05 0.00208495 -0.00197369 -0.00154517 -0.000714731 -0.000213519 0.00517318 0.000592205 7.98827e-05 0.000792554 -0.000209347 0.00164039 0.0072756 0.000606367 -0.000876903
internal_weight=359800 195127 145503 137059 8444 164673 63758 49624 86293 1734 9055 61781 17835 43946 3850 1190 50766 26239
internal_count=359800 195127 145503 137059 8444 164673 63758 49624 86293 1734 9055 61781 17835 43946 3850 1190 50766 26239
is_linear=0
shrinkage=0.0229654


Tree=145
num_leaves=19
num_cat=0
split_feature=35 3 8 26 3 3 1 31 22 9 1 8 13 9 15 36 15 11
split_gain=364.862 81.3946 64.0371 63.6056 48.2447 42.1131 37.6322 31.9677 31.5542 30.8537 29.6544 28.7299 28.7799 31.5756 23.1719 23.1425 23.0408 22.0398
threshold=24320.500000000004 4.5000000000000009 1.0000000180025095e-35 9.6251302083333368 5.5000000000000009 3.5000000000000004 10.500000000000002 4.5249999999999986 3.1249131944444453 -0.93301270189221908 18.500000000000004 -0.89495246814786256 -3.0437499999999993 0.68301270189221941 11.381250000000003 21306.500000000004 8.2437500000000021 108.00000000000001
decision_type=2 2 2 2 2 2 2 2 2 2 2 2 2 2 2 2 2 2
left_child=2 3 5 11 8 7 -6 -1 -3 15 14 -2 13 -13 -8 -7 -14 -18
right_child=1 4 -4 -5 6 9 10 -9 -10 -11 -12 12 16 -15 -16 -17 17 -19
leaf_value=2.1900360411730007 10.138849184519469 3.3122781297298158 -36.525633596034574 -3.4527300813406252 -16.365725584511043 -15.114100199566284 12.555942804983696 -15.563510325313514 -16.548013764319506 -47.071855759779794 -3.7321893719820958 11.294121085712325 5.1121190254528752 -6.8460457761359539 2.2334577235809121 16.25029222728292 -3.4859819148955422 3.1712673548415631
leaf_weight=13096 14177 2733 92816 66252 6032 1336 3001 23656 26755 28656 6944 4479 11969 1649 5519 976 29998 19756
leaf_count=13096 14177 2733 92816 66252 6032 1336 3001 23656 26755 28656 6944 4479 11969 1649 5519 976 29998 19756
internal_value=-0.000917277 -0.00026086 -0.00173205 1.13056e-05 -0.00105242 -0.00119507 -0.000224997 -0.000669367 -0.00165558 -0.00181896 0.000375133 0.000438769 0.000242309 0.00174339 0.00128304 0.000733065 9.32779e-05 -0.00012435
internal_weight=359800 199264 160536 148280 50984 67720 21496 36752 29488 30968 15464 82028 67851 6128 8520 2312 61723 49754
internal_count=359800 199264 160536 148280 50984 67720 21496 36752 29488 30968 15464 82028 67851 6128 8520 2312 61723 49754
is_linear=0
shrinkage=0.0229654


Tree=146
num_leaves=19
num_cat=0
split_feature=37 37 36 37 37 16 0 37 36 37 30 36 36 37 36 36 13 7
split_gain=628.893 56.8455 55.9944 37.9217 37.8703 37.5345 29.3604 22.221 22.0957 28.4145 18.8456 18.7654 18.5518 18.0792 18.5066 17.8343 17.1981 16.3563
threshold=24366.059982709161 26401.24440824152 25384.500000000004 35510.355415441394 22027.651292515438 121.06250000000001 38.500000000000007 30031.464732897952 27900.500000000004 29110.947298392126 1000.8062500000002 24453.500000000004 22554.500000000004 31462.010697715847 31379.500000000004 20158.000000000004 16.168750000000006 -0.13052619222005171
decision_type=2 2 2 2 2 2 2 2 2 2 2 2 2 2 2 2 2 2
left_child=4 6 7 8 -1 -6 11 15 9 -4 -5 -2 -7 14 -10 -3 -15 -17
right_child=1 2 3 10 5 12 -8 -9 13 -11 -12 -13 -14 16 -16 17 -18 -19
leaf_value=-61.779218849389579 2.2448385844689969 24.91025016929617 0.68612119954150952 11.544071477500875 -24.473048092979361 -0.28038831755297272 -11.450944065975754 32.013292920337008 -2.0974948416292998 10.953741516752395 2.8767599560560733 -7.177233588790136 -16.837937954814318 0.22128698522247764 -19.996363389040901 10.684050204799446 22.915702894089289 2.3701762470589629
leaf_weight=99421 13651 135 19667 5283 37752 9285 14474 630 32151 3912 28603 22892 16822 35849 11532 3624 62 4055
leaf_count=99421 13651 135 19667 5283 37752 9285 14474 630 32151 3912 28603 22892 16822 35849 11532 3624 62 4055
internal_value=-0.00091 -3.4825e-05 0.000196456 8.46333e-05 -0.00196334 -0.00152694 -0.00069445 0.00201151 -0.00013429 0.00048319 0.00075119 -0.000347721 -0.00085741 -0.000317213 -0.000631033 0.001677 6.45259e-05 0.00153153
internal_weight=359800 196520 145503 137059 163280 63859 51017 8444 103173 23579 33886 36543 26107 79594 43683 7814 35911 7679
internal_count=359800 196520 145503 137059 163280 63859 51017 8444 103173 23579 33886 36543 26107 79594 43683 7814 35911 7679
is_linear=0
shrinkage=0.0229654


Tree=147
num_leaves=19
num_cat=0
split_feature=35 3 8 26 3 3 0 9 22 31 8 13 9 1 0 15 15 14
split_gain=352.323 79.3417 64.4312 59.1182 45.9756 41.6351 37.0658 30.857 30.4849 30.4847 26.4873 26.3979 29.6755 25.972 23.0662 21.0835 20.7295 19.9226
threshold=24320.500000000004 4.5000000000000009 1.0000000180025095e-35 9.6891927083333353 5.5000000000000009 3.5000000000000004 21.500000000000004 -0.93301270189221908 3.1249131944444453 4.5249999999999986 -0.89495246814786256 -3.0437499999999993 0.68301270189221941 18.500000000000004 21.500000000000004 8.3062500000000021 11.381250000000003 64.312500000000014
decision_type=2 2 2 2 2 2 2 2 2 2 2 2 2 2 2 2 2 2
left_child=2 3 5 10 8 9 -6 14 -3 17 -2 12 -12 16 -7 -13 -8 -1
right_child=1 4 -4 -5 6 7 13 -9 -10 -11 11 15 -14 -15 -16 -17 -18 -19
leaf_value=-18.243829832635974 9.8256677137098549 3.1846566719161524 -35.089911004342376 -3.371161390810244 -16.827581540977178 -35.197171283512972 11.582225284920327 -44.973877104664766 -16.081278029768807 -14.936188652860588 10.832128977515751 4.8845275991693029 -6.6530450748343197 -3.5904622877360066 11.736822573253868 -0.85913033758890101 1.9568020740080487 7.062935431709831
leaf_weight=4449 14274 2733 92816 65672 5544 832 3202 28656 26755 23656 4479 12307 1654 6944 1480 49894 5806 8647
leaf_count=4449 14274 2733 92816 65672 5544 832 3202 28656 26755 23656 4479 12307 1654 6944 1480 49894 5806 8647
internal_value=-0.000906936 -0.000261897 -0.00170759 6.81411e-06 -0.00104341 -0.00116896 -0.00023568 -0.0017893 -0.00163222 -0.000646246 0.000415672 0.000227724 0.00166521 0.000326514 0.000762864 8.59891e-05 0.00114011 0.0002427
internal_weight=359800 199264 160536 148280 50984 67720 21496 30968 29488 36752 82608 68334 6133 15952 2312 62201 9008 13096
internal_count=359800 199264 160536 148280 50984 67720 21496 30968 29488 36752 82608 68334 6133 15952 2312 62201 9008 13096
is_linear=0
shrinkage=0.0229654


Tree=148
num_leaves=19
num_cat=0
split_feature=36 23 3 29 3 3 13 21 0 4 0 31 18 9 10 4 3 3
split_gain=317.499 57.9717 59.8992 48.9981 40.8895 30.9128 30.0842 24.2955 22.0711 21.6898 21.4873 33.2662 22.4351 19.6651 17.9066 17.4571 18.1468 17.3366
threshold=24393.500000000004 -0.02499999999999902 3.5000000000000004 279.3562500000001 3.5000000000000004 2.5000000000000004 0.73125000000000029 3.1248697916666672 13.500000000000002 2.5000000000000004 12.500000000000002 1.0000000180025095e-35 0.72875000000000012 -0.24999999999999994 -0.5 8.5000000000000018 5.5000000000000009 5.5000000000000009
decision_type=2 2 2 2 2 2 2 2 2 2 2 2 2 2 2 2 2 2
left_child=1 7 10 5 6 -2 9 13 -8 -5 -3 12 -12 -1 -14 -7 -17 -6
right_child=3 2 -4 4 17 15 8 -9 -10 -11 11 -13 14 -15 -16 16 -18 -19
leaf_value=7.4832729731281429 -1.6879006840443809 -18.254349098182239 -27.366605116724322 9.7591874783129899 -5.438536837456347 -14.104053355614898 -13.186866327625927 -32.677899013589958 1.4248628103631833 -0.11694914337863503 10.212081763546069 -7.086839960950666 43.589770518456483 -3.182265031024615 7.5671847573365447 -4.9304154112099274 4.6434654148157843 1.2740710831766981
leaf_weight=484 43003 4601 36165 15178 32125 27066 5252 94821 41611 6603 5821 17374 117 2159 82 11022 2686 13630
leaf_count=484 43003 4601 36165 15178 32125 27066 5252 94821 41611 6603 5821 17374 117 2159 82 11022 2686 13630
internal_value=-0.000901 -0.00165642 -0.00112035 -0.000284913 2.41093e-05 -0.000706888 0.000378585 -0.00200931 5.08181e-05 0.00108379 -0.000322804 -4.06421e-05 0.00143057 0.000162486 0.00901306 -0.00115993 -0.000492212 -0.000507694
internal_weight=359800 161624 64160 198176 114399 83777 68644 97464 46863 21781 27995 23394 6020 2643 199 40774 13708 45755
internal_count=359800 161624 64160 198176 114399 83777 68644 97464 46863 21781 27995 23394 6020 2643 199 40774 13708 45755
is_linear=0
shrinkage=0.0229654


Tree=149
num_leaves=19
num_cat=0
split_feature=37 37 36 37 16 37 0 36 37 36 36 22 37 36 32 4 17 37
split_gain=619.861 56.6064 54.5593 37.9748 35.6678 33.1484 30.5471 24.276 26.1056 19.4701 19.1044 17.7535 17.4191 16.5363 15.5763 32.3985 16.1837 15.3105
threshold=24218.596483362879 26401.24440824152 25384.500000000004 22027.651292515438 146.31250000000003 35034.858621994994 38.500000000000007 27900.500000000004 30520.511841956639 24453.500000000004 20345.500000000004 8.5499565972222253 39716.83368484956 22554.500000000004 15.456250000000006 4.5000000000000009 72.937500000000014 29908.181515470071
decision_type=2 2 2 2 2 2 2 2 2 2 2 2 2 2 2 2 2 2
left_child=3 6 10 -1 -5 7 9 8 -4 14 -3 -7 -13 -6 -2 16 -16 -12
right_child=1 2 5 4 13 11 -8 -9 -10 -11 17 12 -14 -15 15 -17 -18 -19
leaf_value=-58.9612671926673 -2.1213887133412217 50.126270286559951 1.6550929047273208 -23.488972165499412 -0.13564907192695766 2.5233662423300691 -10.912223825266937 -2.2831420491243266 17.836054282692285 -7.055706461434176 6.5952058035076453 7.8749270422778421 22.879417408530568 -16.28983088765381 31.679569368941991 7.1479707621969846 32.881149190299801 24.654231447470188
leaf_weight=99421 9830 193 22219 36055 8710 31737 15504 75406 1302 24405 7626 5848 547 14781 112 5296 183 625
leaf_count=99421 9830 193 22219 36055 8710 31737 15504 75406 1302 24405 7626 5848 547 14781 112 5296 183 625
internal_value=-0.000893149 -4.50891e-05 0.000192668 -0.00196456 -0.00150591 8.22875e-05 -0.000670327 -0.00013945 0.00050469 -0.000333647 0.00198432 0.000657548 0.00176146 -0.000809573 0.000305143 0.00127293 0.00868015 0.00181725
internal_weight=359800 200833 145503 158967 59546 137059 55330 98927 23521 39826 8444 38132 6395 23491 15421 5591 295 8251
internal_count=359800 200833 145503 158967 59546 137059 55330 98927 23521 39826 8444 38132 6395 23491 15421 5591 295 8251
is_linear=0
shrinkage=0.0229654


Tree=150
num_leaves=19
num_cat=0
split_feature=37 37 36 37 35 35 16 37 36 36 22 37 37 35 35 3 36 8
split_gain=613.536 53.8321 50.7169 39.0382 38.7639 38.5348 35.139 32.0203 39.3689 29.899 26.2289 21.5032 20.4248 28.0037 23.8376 22.7573 18.8971 22.5206
threshold=24218.596483362879 26401.24440824152 25384.500000000004 22090.039410927366 26028.500000000004 23929.500000000004 123.06250000000001 33138.221006374057 31379.500000000004 20345.500000000004 4.597135416666668 27586.121524324124 28694.380984603627 28119.500000000004 25042.500000000004 2.5000000000000004 27819.500000000004 -0.94490267940017736
decision_type=2 2 2 2 2 2 2 2 2 2 2 2 2 2 2 2 2 2
left_child=3 5 4 -1 10 9 -5 8 12 -2 -3 -12 14 -14 15 -4 17 -9
right_child=1 2 7 6 -6 -7 -8 16 -10 -11 11 -13 13 -15 -16 -17 -18 -19
leaf_value=-56.808002792235349 32.154833483036036 1.5098621791324678 4.0154017180673174 -22.833383502290346 4.7648059352451293 -7.763215427201108 -10.042491714327358 44.519361112288372 -11.89496736143491 2.0388096116424927 16.33286625504887 32.580027119957727 12.496247262693949 1.2092998908286443 -3.3114624070827223 34.153457951706969 2.7894198836850315 15.528580610173442
leaf_weight=100915 288 442 2934 34472 6710 43767 23580 84 21091 11275 994 298 3879 23972 29795 387 54590 327
leaf_count=100915 288 442 2934 34472 6710 43767 23580 84 21091 11275 994 298 3879 23972 29795 387 54590 327
internal_value=-0.000889384 -4.56608e-05 0.000186197 -0.00195531 0.0019136 -0.000655384 -0.00148081 7.97741e-05 -0.000207607 0.000523737 0.00497451 0.00662655 8.8257e-05 0.000546614 -0.000297228 0.00154831 0.000508528 0.00541447
internal_weight=359800 200833 145503 158967 8444 55330 58052 137059 82058 11563 1734 1292 60967 27851 33116 3321 55001 411
internal_count=359800 200833 145503 158967 8444 55330 58052 137059 82058 11563 1734 1292 60967 27851 33116 3321 55001 411
is_linear=0
shrinkage=0.0229654


Tree=151
num_leaves=19
num_cat=0
split_feature=37 8 37 16 0 5 17 35 11 37 37 4 26 15 35 37 37 20
split_gain=606.348 52.5508 40.1 36.2793 34.1741 29.0717 27.1514 32.9212 28.6593 20.9808 20.4167 20.4069 20.1548 65.8609 19.8057 24.4743 17.2958 16.5271
threshold=24218.596483362879 0.38268343236508956 21971.225937209423 123.06250000000001 19.500000000000004 1.0000000180025095e-35 67.937500000000014 26282.500000000004 108.00000000000001 26268.531921288923 29434.265035654997 1.5000000000000002 8.3558593750000032 24.806250000000006 32087.000000000004 32659.076238648933 35510.355415441394 5.4250000000000034
decision_type=2 2 2 2 2 2 2 2 2 2 2 2 2 2 2 2 2 2
left_child=2 4 -1 -4 5 11 8 12 16 -3 -9 -2 13 -8 -12 -16 -6 -11
right_child=1 9 3 -5 6 -7 7 10 -10 17 14 -13 -14 -15 15 -17 -18 -19
leaf_value=-57.351462710394671 7.5913351204779671 -7.8461264144735825 -22.744780787000906 -10.063510836025708 -8.0864238944674245 -28.306955877535806 19.929144079995236 -2.8368370747938618 4.8482849485957367 -2.2342402011016009 9.8276960880904252 -2.8263906604945421 9.0063926569620296 46.068971173577076 -8.6297902908192476 3.6778748516885078 3.5118290260593845 4.8295915151406819
leaf_weight=97972 4584 22143 36457 24538 16652 4505 1246 11871 15490 41076 9076 25511 9934 154 4097 27534 4979 1981
leaf_count=97972 4584 22143 36457 24538 16652 4505 1246 11871 15490 41076 9076 25511 9934 154 4097 27534 4979 1981
internal_value=-0.000886256 -4.74904e-05 -0.00194592 -0.00148365 0.000210075 -0.000412847 0.000423402 0.00071032 -7.05901e-05 -0.000583294 0.000468323 -0.000155291 0.00183294 0.00441264 0.000712707 0.00044136 -0.000610578 -0.000287862
internal_weight=359800 200833 158967 60995 135633 34600 101033 63912 37121 65200 52578 30095 11334 1400 40707 31631 21631 43057
internal_count=359800 200833 158967 60995 135633 34600 101033 63912 37121 65200 52578 30095 11334 1400 40707 31631 21631 43057
is_linear=0
shrinkage=0.0229654


Tree=152
num_leaves=19
num_cat=0
split_feature=37 37 36 37 35 37 36 16 35 36 37 35 35 36 36 35 9 32
split_gain=595.912 50.5473 50.615 41.3308 40.7106 32.808 36.8596 31.7922 30.9474 24.4491 23.2982 30.1206 28.3987 20.6502 20.306 18.9327 18.6817 21.9116
threshold=24218.596483362879 25946.294400098846 24995.500000000004 22263.946202917101 23703.500000000004 32810.018203595908 31379.500000000004 155.31250000000003 22188.500000000004 23495.500000000004 28694.380984603627 27635.500000000004 25425.500000000004 30369.500000000004 27301.500000000004 32229.500000000004 0.68301270189221941 237.20625000000004
decision_type=2 2 2 2 2 2 2 2 2 2 2 2 2 2 2 2 2 2
left_child=3 8 4 -1 16 6 10 -5 9 -2 12 -12 14 -7 -4 -13 17 -3
right_child=1 2 5 7 -6 13 -8 -9 -10 -11 11 15 -14 -15 -16 -17 -18 -19
leaf_value=-51.82021120775979 32.801314679368645 10.711015373602029 10.595367890480871 -20.949277402472266 6.1403078836151721 14.16763196455538 -13.386371771488376 -9.2112282406072392 -7.4313276533044004 2.2511589805995835 15.000727150351528 3.2705306496988142 -3.9784874465018492 2.225147570614912 -0.16821234449789266 -5.3506732185112069 26.72162612867908 30.63781028160108
leaf_weight=105201 732 397 2714 32524 8486 2647 19244 21242 41448 3168 2945 18396 35162 55209 3856 6137 172 120
leaf_count=105201 732 397 2714 32524 8486 2647 19244 21242 41448 3168 2945 18396 35162 55209 3856 6137 172 120
internal_value=-0.000881979 -5.04635e-05 0.000146298 -0.00193249 0.00180094 4.25367e-05 -0.00023559 -0.00141451 -0.000725101 0.00123071 1.16132e-05 0.000530883 -0.000330295 0.000467755 0.00105564 0.000267444 0.00716961 0.00498842
internal_weight=359800 200833 155485 158967 9175 146310 88454 53766 45348 3900 69210 27478 41732 57856 6570 24533 689 517
internal_count=359800 200833 155485 158967 9175 146310 88454 53766 45348 3900 69210 27478 41732 57856 6570 24533 689 517
is_linear=0
shrinkage=0.0229654


Tree=153
num_leaves=19
num_cat=0
split_feature=36 16 3 26 25 3 8 17 3 33 10 11 3 14 28 10 25 8
split_gain=296.995 59.3355 56.7096 53.5525 39.8349 39.429 33.2603 30.468 29.6454 30.059 25.7067 20.6598 20.1661 24.2412 25.5706 21.0496 21.8899 18.9457
threshold=23997.500000000004 53.687500000000007 3.5000000000000004 9.0048177083333361 4.7164062500000012 3.5000000000000004 0.82968937203783688 85.687500000000014 2.5000000000000004 0.57986111111111127 -0.24999999999999994 132.00000000000003 2.5000000000000004 77.187500000000014 -3.3702589897260271 -0.5 17.787239583333339 -0.19467261866128607
decision_type=2 2 2 2 2 2 2 2 2 2 2 2 2 2 2 2 2 2
left_child=1 4 7 5 -1 -2 8 -3 9 11 -4 -5 15 -14 -15 17 -17 -9
right_child=3 2 10 6 -6 -7 -8 12 -10 -11 -12 -13 13 14 -16 16 -18 -19
leaf_value=-1.8537099665410646 2.9174106798410966 -8.5699747635553827 -33.146568101340428 -2.4727636937902706 -34.464165340151091 -3.1276226141096561 -12.911034971267902 -11.559072328162417 -7.3898433630834708 27.164158752157526 -1.8577663991113722 4.2347796908603614 12.083677206406366 35.46046128146115 18.698069623301425 12.053033755244117 23.604295798569531 35.943034233939372
leaf_weight=6755 61406 16520 27820 35005 89757 43398 14367 2651 43372 238 5228 10382 1062 109 345 1198 68 119
leaf_count=6755 61406 16520 27820 35005 89757 43398 14367 2651 43372 238 5228 10382 1062 109 345 1198 68 119
internal_value=-0.000878405 -0.0016515 -0.00105036 -0.000315277 -0.00199482 5.05302e-05 -0.000686181 -0.000148997 -0.000520662 -0.000111996 -0.00165236 -0.000154682 0.00132283 0.00358115 0.00802272 0.000474557 0.00292782 -0.00064668
internal_weight=359800 151632 55120 208168 96512 104804 103364 22072 88997 45625 33048 45387 5552 1516 454 4036 1266 2770
internal_count=359800 151632 55120 208168 96512 104804 103364 22072 88997 45625 33048 45387 5552 1516 454 4036 1266 2770
is_linear=0
shrinkage=0.0229654


Tree=154
num_leaves=19
num_cat=0
split_feature=37 0 37 23 0 3 3 0 3 33 18 19 37 3 30 27 12 26
split_gain=587.751 48.7089 44.7567 37.1531 32.3471 27.0578 40.3405 27.857 34.1436 25.8276 22.7089 24.6308 22.1949 19.8716 19.2343 16.992 16.5717 20.5208
threshold=24218.596483362879 40.500000000000007 21798.629662579697 0.79999999999999927 19.500000000000004 3.5000000000000004 5.5000000000000009 31.500000000000004 4.5000000000000009 0.71875000000000011 0.014375000000000002 13.781250000000002 27152.532109597381 4.5000000000000009 2284.7250000000004 0.50448288690476117 6.0187500000000016 6.9819010416666671
decision_type=2 2 2 2 2 2 2 2 2 2 2 2 2 2 2 2 2 2
left_child=2 4 -1 -4 13 10 7 8 14 -10 11 -6 -3 15 -7 -2 -11 -18
right_child=1 12 3 -5 5 6 -8 -9 9 16 -12 -13 -14 -15 -16 -17 17 -19
leaf_value=-56.674938952953795 0.53562125887987244 -8.3758435574782037 -21.688642356313114 -9.7808986752265294 0.28755969832097478 7.7103909290480734 5.2755051620377165 -9.1024115315642735 -16.754801514401944 2.9623759913034631 6.2763100995702485 17.19540625235906 -1.4891192692697142 -11.260229296953703 34.299006003155384 -8.1819183911183107 26.821806112251732 -16.497346606527096
leaf_weight=93703 31319 18953 39661 25603 28931 7233 12379 14479 4306 879 38953 964 26668 7369 72 8132 129 67
leaf_count=93703 31319 18953 39661 25603 28931 7233 12379 14479 4306 879 38953 964 26668 7369 72 8132 129 67
internal_value=-0.000869405 -4.36025e-05 -0.00191269 -0.00145096 0.000150299 0.000368193 -0.000110576 -0.000605733 0.000179943 -0.00120823 0.000643183 0.000167083 -0.000703294 -0.000354145 0.0012025 -0.000149665 0.00197609 0.00801446
internal_weight=359800 200833 158967 65264 155212 108392 39544 27165 12686 5381 68848 29895 45621 46820 7305 39451 1075 196
internal_count=359800 200833 158967 65264 155212 108392 39544 27165 12686 5381 68848 29895 45621 46820 7305 39451 1075 196
is_linear=0
shrinkage=0.0229654


Tree=155
num_leaves=19
num_cat=0
split_feature=35 0 26 1 1 1 1 22 0 16 6 33 17 36 6 36 4 22
split_gain=336.832 61.1997 54.9597 24.65 33.8212 22.872 26.2716 22.8582 26.3347 38.8363 21.5867 19.2445 19.8558 18.5584 19.238 19.7868 17.5976 17.5756
threshold=23358.500000000004 14.500000000000002 9.6251302083333368 8.5000000000000018 18.500000000000004 21.500000000000004 8.5000000000000018 14.240104166666669 42.500000000000007 372.06250000000006 1.0000000180025095e-35 0.7465277777777779 45.062500000000007 20525.500000000004 1.0000000180025095e-35 27900.500000000004 8.5000000000000018 7.4243923611111127
decision_type=2 2 2 2 2 2 2 2 2 2 2 2 2 2 2 2 2 2
left_child=1 -1 3 -2 10 6 -4 8 9 13 11 12 -5 -3 15 17 -9 -15
right_child=2 7 5 4 -6 -7 -8 16 -10 -11 -12 -13 -14 14 -16 -17 -18 -19
leaf_value=-40.452063624619477 -3.9013410679175822 -24.486247244988643 -11.704997823577854 -5.1403349631160848 -2.3859654479583514 -13.82347547672966 -2.8737283507951505 -26.913009001794901 -27.156140187210276 -23.304657611081883 -26.589307415152625 9.0539845160161168 4.0480082483300599 35.402399778912496 -30.226856965412232 -2.9865130770466815 2.6952723410056874 12.461856407295883
leaf_weight=77304 34285 2139 16323 8100 30059 9073 75420 30208 5306 11056 1512 9404 39624 390 819 1815 2495 4468
leaf_count=77304 34285 2139 16323 8100 30059 9073 75420 30208 5306 11056 1512 9404 39624 390 819 1815 2495 4468
internal_value=-0.000863405 -0.00176479 -0.000315647 1.01952e-05 0.000212335 -0.000713136 -0.000604356 -0.00120571 -0.000697365 -0.000327158 0.000533405 0.000605089 0.000417981 0.000738965 0.00127763 0.00168532 -0.00160975 0.00244971
internal_weight=359800 136000 223800 122984 88699 100816 91743 58696 25993 20687 58640 57128 47724 9631 7492 6673 32703 4858
internal_count=359800 136000 223800 122984 88699 100816 91743 58696 25993 20687 58640 57128 47724 9631 7492 6673 32703 4858
is_linear=0
shrinkage=0.0229654


Tree=156
num_leaves=19
num_cat=0
split_feature=0 3 26 26 25 0 18 3 7 3 8 9 30 0 25 22 1 7
split_gain=240.765 118.391 71.1599 53.6821 53.3298 48.5741 32.0373 22.9151 44.1042 41.4581 35.6605 27.6956 24.9757 21.6448 24.0384 19.1913 18.7804 18.6433
threshold=13.500000000000002 3.5000000000000004 9.0048177083333361 13.943880208333335 6.3820312500000016 44.500000000000007 0.014375000000000002 4.5000000000000009 -0.13052619222005171 5.5000000000000009 -0.65793410509763406 -0.5 2284.7250000000004 45.500000000000007 1.0000000180025095e-35 8.9500434027777782 17.500000000000004 -0.94490267940017747
decision_type=2 2 2 2 2 2 2 2 2 2 2 2 2 2 2 2 2 2
left_child=4 2 13 7 -1 6 -4 10 9 -9 12 -11 -3 14 17 16 -13 -2
right_child=1 3 5 -5 -6 -7 -8 8 -10 11 -12 15 -14 -15 -16 -17 -18 -19
leaf_value=-5.7921605030181782 29.945355565722267 6.7019938640650354 -5.3517459001293251 -21.167748266391868 -35.518249349932162 -16.587812300355413 1.1617424933560394 -8.4549638520129111 -24.676936359053855 10.691250173896879 -5.6649376143451518 9.4132844881155986 33.318895936142503 -6.0153485925443082 4.1166926446334848 -11.024467961044804 -3.4338135644463197 9.5942288435783638
leaf_weight=19844 262 9457 40725 35084 77612 10895 43630 16158 19128 3630 16175 4257 78 4697 48942 4682 3615 929
leaf_count=19844 262 9457 40725 35084 77612 10895 43630 16158 19128 3630 16175 4257 78 4697 48942 4682 3615 929
internal_value=-0.000855491 -0.000493407 -7.14614e-05 -0.00105748 -0.00183019 -0.00045087 -0.000264489 -0.000718897 -0.000998574 -0.000481577 -0.000158999 0.000339996 0.000954985 0.000587643 0.000727308 -0.00017086 0.000521622 0.00395098
internal_weight=359800 262344 150080 112264 97456 95250 84355 77180 51470 32342 25710 16184 9535 54830 50133 12554 7872 1191
internal_count=359800 262344 150080 112264 97456 95250 84355 77180 51470 32342 25710 16184 9535 54830 50133 12554 7872 1191
is_linear=0
shrinkage=0.0229654


Tree=157
num_leaves=19
num_cat=0
split_feature=36 16 3 26 25 3 17 3 10 14 0 14 30 33 0 11 31 0
split_gain=286.159 60.2995 55.9982 48.1106 41.8826 34.9627 29.7967 29.7363 26.3427 24.6652 29.4131 24.2512 22.2899 21.5999 19.4319 19.2745 18.6888 17.2263
threshold=23997.500000000004 53.687500000000007 3.5000000000000004 9.0048177083333361 4.8096354166666675 3.5000000000000004 58.312500000000007 2.5000000000000004 -0.24999999999999994 67.812500000000014 17.500000000000004 88.187500000000014 2041.9937500000003 0.57986111111111127 44.500000000000007 132.00000000000003 1.0000000180025095e-35 18.500000000000004
decision_type=2 2 2 2 2 2 2 2 2 2 2 2 2 2 2 2 2 2
left_child=1 4 6 5 -1 12 -3 13 -4 -8 -11 16 17 14 15 -5 -12 -2
right_child=3 2 8 7 -6 -7 9 -9 -10 10 11 -13 -14 -15 -16 -17 -18 -19
leaf_value=-1.7086987782314611 -2.4821740167376238 -14.033261527168237 -31.351273285911407 -2.4732891773817332 -32.127580691642606 -2.9245955382779614 -5.3826257433348204 -8.1558563251900278 -1.4172091475339632 -14.942847076356658 20.437297074435985 24.776328513114994 11.885214608735952 23.296105362005701 -13.153262160347062 3.9453605287731763 8.9660617067106099 3.7089059632755434
leaf_weight=6963 16033 9115 27820 37089 89549 43398 6614 50699 5228 1295 1148 147 1742 310 4307 10959 3753 43631
leaf_count=6963 16033 9115 27820 37089 89549 43398 6614 50699 5228 1295 1148 147 1742 310 4307 10959 3753 43631
internal_value=-0.000849172 -0.00160803 -0.00100203 -0.000296412 -0.00195413 5.03111e-05 -0.000106337 -0.000647966 -0.00160024 0.000601386 0.00162456 0.00241664 0.000402939 -0.000265783 -0.000301571 -0.000169106 0.00214097 0.000328176
internal_weight=359800 151632 55120 208168 96512 104804 22072 103364 33048 12957 6343 5048 61406 52665 52355 48048 4901 59664
internal_count=359800 151632 55120 208168 96512 104804 22072 103364 33048 12957 6343 5048 61406 52665 52355 48048 4901 59664
is_linear=0
shrinkage=0.0229654


Tree=158
num_leaves=19
num_cat=0
split_feature=37 37 37 16 1 1 5 7 18 26 13 8 7 18 28 14 26 31
split_gain=579.819 60.56 33.0065 33.7141 26.6927 25.3797 19.321 22.0988 19.4483 33.0547 18.8593 15.6708 15.6021 18.4781 14.0195 13.0049 12.0766 12.1224
threshold=23737.101329373709 25880.966961899576 21738.779508258558 123.06250000000001 19.500000000000004 18.500000000000004 1.0000000180025095e-35 0.25881904510252096 0.014375000000000002 3.1248697916666672 19.806250000000006 -0.89495246814786256 0.55438071450436044 0.55625000000000024 -3.5829583333333326 78.937500000000014 21.610286458333338 239.84375000000003
decision_type=2 2 2 2 2 2 2 2 2 2 2 2 2 2 2 2 2 2
left_child=2 5 -1 -4 6 12 8 -8 9 -3 14 -10 13 -2 15 -6 -7 -18
right_child=1 4 3 -5 10 16 7 -9 11 -11 -12 -13 -14 -15 -16 -17 17 -19
leaf_value=-54.264251228201957 -1.9146348794377135 7.7788073820964998 -22.774288647587319 -9.619737766132884 7.6251745921708061 -11.983551104075142 0.71605930926745665 -14.419462280828228 9.868430322348658 -0.85401159893580414 4.4234999078074662 3.4052973370945518 -7.7661888460379354 18.897092486924734 -4.1401390851802011 -1.6220343405954116 11.356150264351633 -2.2480758400275898
leaf_weight=92259 23882 6289 32324 20353 1621 14472 18242 5643 11635 38410 1819 41418 18037 1208 29926 1902 128 232
leaf_count=92259 23882 6289 32324 20353 1621 14472 18242 5643 11635 38410 1819 41418 18037 1208 29926 1902 128 232
internal_value=-0.000842725 -8.55501e-05 -0.00196522 -0.00150657 0.00014878 -0.000719921 0.00031007 -0.00027547 0.000453143 0.000100238 -0.000407502 0.000750478 -0.000438094 -6.77343e-05 -0.000531345 0.000838957 -0.00153939 0.0026155
internal_weight=359800 214864 144936 52677 156905 57959 121637 23885 97752 44699 35268 53053 43127 25090 33449 3523 14832 360
internal_count=359800 214864 144936 52677 156905 57959 121637 23885 97752 44699 35268 53053 43127 25090 33449 3523 14832 360
is_linear=0
shrinkage=0.0229654


Tree=159
num_leaves=19
num_cat=0
split_feature=37 37 36 35 37 16 37 35 33 11 10 21 18 22 1 35 36 35
split_gain=575.134 62.6993 52.1225 41.7229 30.266 32.5331 26.8791 25.5544 23.6979 22.2489 20.3437 21.2479 19.2907 19.2122 16.3443 22.3357 16.3435 18.4457
threshold=23634.054453938876 25880.966961899576 24995.500000000004 23703.500000000004 21738.779508258558 123.06250000000001 39716.83368484956 22188.500000000004 0.024305555555555556 108.00000000000001 -0.24999999999999994 17.705598958333336 0.5012500000000002 15.189453125000002 20.500000000000004 26282.500000000004 22554.500000000004 16377.500000000002
decision_type=2 2 2 2 2 2 2 2 2 2 2 2 2 2 2 2 2 2
left_child=4 7 3 10 -1 -6 9 12 -8 -4 -3 -12 -2 -14 15 -9 17 -7
right_child=1 2 6 -5 5 16 8 14 -10 -11 11 -13 13 -15 -16 -17 -18 -19
leaf_value=-53.018050508463006 2.1445888325450522 32.038087809440412 -1.5351628188557491 6.1127017862860704 -22.833519265423156 24.41442612616882 19.895452798340742 -2.940445190591046 4.6645026789027204 2.1829222146528111 7.1520494080580823 22.880849381382173 26.134396750230149 -7.2924045148655399 -11.630746219700303 -16.621858851949479 -15.893105189350583 -2.235029813778461
leaf_weight=92259 5947 227 87379 8892 30738 274 812 32184 6206 52891 404 94 364 231 11878 10176 10592 8252
leaf_count=92259 5947 227 87379 8892 30738 274 812 32184 6206 52891 404 94 364 231 11878 10176 10592 8252
internal_value=-0.000840363 -9.84833e-05 0.000144096 0.00178216 -0.00197674 -0.00152083 3.714e-05 -0.000724707 0.00142413 -3.2254e-05 0.00707968 0.0044824 0.00063118 0.00457378 -0.000888249 -0.000677144 -0.000776966 -2.85524e-05
internal_weight=359800 217685 156905 9617 142115 49856 147288 60780 7018 140270 725 498 6542 595 54238 42360 19118 8526
internal_count=359800 217685 156905 9617 142115 49856 147288 60780 7018 140270 725 498 6542 595 54238 42360 19118 8526
is_linear=0
shrinkage=0.0229654


Tree=160
num_leaves=19
num_cat=0
split_feature=37 37 36 37 8 37 36 0 36 37 3 36 8 36 7 36 30 3
split_gain=570.997 65.0834 48.4974 27.3493 32.349 26.6523 37.6927 26.0815 23.0312 21.8126 19.5558 19.1162 26.3543 19.0685 18.8763 16.7855 15.8401 21.8603
threshold=23530.509437321645 25880.966961899576 24995.500000000004 21508.732551923084 -0.5 32810.018203595908 31379.500000000004 43.500000000000007 19909.500000000004 28694.380984603627 1.0000000180025095e-35 27819.500000000004 -0.97868534383143924 25687.500000000004 0.55438071450436044 27819.500000000004 1388.9187500000003 1.0000000180025095e-35
decision_type=2 2 2 2 2 2 2 2 2 2 2 2 2 2 2 2 2 2
left_child=3 7 8 -1 -5 6 9 13 -3 -4 -11 12 -7 14 -2 -12 17 -10
right_child=1 2 5 4 -6 11 -8 -9 16 10 15 -13 -14 -15 -16 -17 -18 -19
leaf_value=-55.5400611523241 1.5633714345141716 23.528746791828421 -1.8526160809122165 -9.5174520009873138 -23.002901487450877 45.004192659288563 -12.973693428811865 -12.376267123872321 22.960877938729176 9.4727721028235656 7.9728236629469258 2.2274870089357464 16.488163005385839 -13.990550708169977 -5.9351838157118495 0.0028935992028015262 1.4960934419090308 7.9802458618340477
leaf_weight=86592 22151 185 42691 16344 36308 65 19263 11609 1062 3705 4568 57363 428 15015 14876 19205 3510 4860
leaf_count=86592 22151 185 42691 16344 36308 65 19263 11609 1062 3705 4568 57363 428 15015 14876 19205 3510 4860
internal_value=-0.000838193 -0.000111269 0.000139998 -0.00198961 -0.00157686 3.68282e-05 -0.000211648 -0.000730661 0.00172008 3.53792e-05 0.000540077 0.000420916 0.00492382 -0.000511098 -0.000231162 0.000298213 0.00156268 0.00228723
internal_weight=359800 220556 156905 139244 52652 147288 89432 63651 9617 70169 27478 57856 493 52042 37027 23773 9432 5922
internal_count=359800 220556 156905 139244 52652 147288 89432 63651 9617 70169 27478 57856 493 52042 37027 23773 9432 5922
is_linear=0
shrinkage=0.0229654


Tree=161
num_leaves=19
num_cat=0
split_feature=37 37 36 37 23 1 37 36 33 11 7 36 18 36 33 22 26 22
split_gain=564.787 62.5641 46.0667 27.8723 29.9575 26.1565 25.2204 24.3963 24.2475 20.8862 17.8303 19.6721 16.2425 15.4563 15.2319 15.1389 15.051 14.0634
threshold=23530.509437321645 25946.294400098846 24995.500000000004 21738.779508258558 0.79999999999999927 18.500000000000004 39716.83368484956 19909.500000000004 0.024305555555555556 108.00000000000001 0.55438071450436044 26315.500000000004 0.54375000000000018 22554.500000000004 0.35763888888888895 0.88997395833333348 10.18815104166667 0.88997395833333348
decision_type=2 2 2 2 2 2 2 2 2 2 2 2 2 2 2 2 2 2
left_child=3 5 7 -1 -5 10 9 -3 -8 -4 11 12 -2 -6 16 -11 -9 -10
right_child=1 2 6 4 13 -7 8 14 17 15 -12 -13 -14 -15 -16 -17 -18 -19
leaf_value=-50.667036727146744 0.817315882207856 23.983815296628713 -1.4865398295985219 -22.203483914326966 -0.80589979898172059 -10.91058154652297 19.387390438931494 18.855613792501259 10.561520502321594 18.871432199991503 -7.857440881823238 -12.924347547841034 17.496388917461939 -15.393311775041481 1.3490645583122383 1.9104408409205538 5.800654472369418 1.2638377573648754
leaf_weight=92259 20302 177 86747 28907 8344 16401 812 2062 1198 521 20176 6923 1269 9734 3343 52024 3593 5008
leaf_count=92259 20302 177 86747 28907 8344 16401 812 2062 1198 521 20176 6923 1269 9734 3343 52024 3593 5008
internal_value=-0.000835895 -0.000112935 0.000137288 -0.00198103 -0.00152573 -0.000710834 3.82987e-05 0.00171583 0.00138159 -2.93808e-05 -0.000443549 -7.36665e-05 0.000268183 -0.000792446 0.00154974 0.000331948 0.00227623 0.000893304
internal_weight=359800 220556 155485 139244 46985 65071 146310 9175 7018 139292 48670 28494 21571 18078 8998 52545 5655 6206
internal_count=359800 220556 155485 139244 46985 65071 146310 9175 7018 139292 48670 28494 21571 18078 8998 52545 5655 6206
is_linear=0
shrinkage=0.0229654


Tree=162
num_leaves=19
num_cat=0
split_feature=37 37 36 35 37 16 37 36 36 8 0 35 36 0 10 25 32 13
split_gain=561.647 59.5725 43.9636 43.1388 28.97 30.7156 27.5555 31.5212 30.2454 27.2272 25.6115 31.8769 25.4205 20.3172 19.3334 27.2414 17.6111 25.4658
threshold=23530.509437321645 25880.966961899576 25384.500000000004 23703.500000000004 21738.779508258558 123.06250000000001 31462.010697715847 31254.500000000004 27819.500000000004 -0.97868534383143924 43.500000000000007 26282.500000000004 23495.500000000004 13.500000000000002 -0.24999999999999994 17.687760416666674 186.00625000000005 16.706250000000008
decision_type=2 2 2 2 2 2 2 2 2 2 2 2 2 2 2 2 2 2
left_child=4 10 3 14 -1 -6 7 -4 9 -8 11 12 13 -2 -3 -16 17 -14
right_child=1 2 6 -5 5 -7 8 -9 -10 -11 -12 -13 16 -15 15 -17 -18 -19
leaf_value=-49.503447509433684 -2.4236869699631494 28.309369811923993 -0.46185456797355801 4.9292414898144115 -21.887817124050425 -9.1801178646642683 39.765307446153727 -17.428857437177996 1.7180642547077267 16.335057417156268 -11.841475121464374 -16.178109796856269 -3.0741322859703164 11.460453389761886 10.320121903917022 21.3582854210125 -12.52511626410366 13.787991492321485
leaf_weight=92259 4942 254 61368 11647 29119 17866 115 12615 69637 711 11609 10686 19852 7076 489 69 8826 660
leaf_count=92259 4942 254 61368 11647 29119 17866 115 12615 69637 711 11609 10686 19852 7076 489 69 8826 660
internal_value=-0.000832321 -0.000111373 0.00012902 0.00143794 -0.00197427 -0.00151009 1.6121e-05 -0.000293436 0.000341142 0.00470985 -0.000703961 -0.000486386 -0.000197469 0.000692134 0.00655589 0.00416505 -0.000561885 -0.000192797
internal_weight=359800 220556 156905 12459 139244 46985 144446 73983 70463 826 63651 52042 41356 12018 812 558 29338 20512
internal_count=359800 220556 156905 12459 139244 46985 144446 73983 70463 826 63651 52042 41356 12018 812 558 29338 20512
is_linear=0
shrinkage=0.0229654


Tree=163
num_leaves=19
num_cat=0
split_feature=7 8 3 10 26 3 26 8 3 3 9 34 14 4 31 4 4 10
split_gain=171.586 131.271 101.997 73.917 57.5971 53.6024 46.7572 23.7732 26.3877 50.8152 25.4338 21.8669 20.8499 20.473 19.2883 17.8398 17.0445 16.8256
threshold=-0.13052619222005171 -0.19467261866128607 4.5000000000000009 -0.5 6.6522135416666677 3.5000000000000004 11.492317708333333 0.82968937203783688 5.5000000000000009 3.5000000000000004 -0.24999999999999994 0.88541666666666674 51.312500000000007 1.5000000000000002 227.73750000000004 1.5000000000000002 2.5000000000000004 -0.24999999999999994
decision_type=2 2 2 2 2 2 2 2 2 2 2 2 2 2 2 2 2 2
left_child=3 2 6 5 -3 14 13 8 9 12 -10 -8 16 -2 -1 -6 -5 -14
right_child=1 4 -4 7 15 -7 11 -9 10 -11 -12 -13 17 -15 -16 -17 -18 -19
leaf_value=-3.8335418247500677 10.089864707426706 -5.7887491612303306 -27.784991438073877 26.385653670769642 -2.9587489947268244 -18.084053224732678 -7.4406088668144443 -4.3249216628132388 11.791112898663636 -5.3466387657879233 2.6312710731890276 30.5426186543007 10.255230525751704 1.7055325135606174 6.0632108526985942 -32.44032057003465 -16.152724118188331 2.5846446550316626
leaf_weight=29443 5984 24151 23496 73 3618 25520 27241 14520 3952 25840 9120 68 5858 25667 3469 84663 3201 43916
leaf_count=29443 5984 24151 23496 73 3618 25520 27241 14520 3952 25840 9120 68 5858 25667 3469 84663 3201 43916
internal_value=-0.000829449 -0.00129079 -0.000594802 -0.000284255 -0.00180121 -0.000940595 -8.49134e-05 7.59182e-05 0.000212272 5.39138e-05 0.00116795 -0.000781156 0.00046071 0.000515816 -0.000328098 -0.00207308 -0.00131451 0.00057748
internal_weight=359800 194888 82456 164912 112432 58432 58960 106480 91960 78888 13072 27309 53048 31651 32912 88281 3274 49774
internal_count=359800 194888 82456 164912 112432 58432 58960 106480 91960 78888 13072 27309 53048 31651 32912 88281 3274 49774
is_linear=0
shrinkage=0.0229654


Tree=164
num_leaves=19
num_cat=0
split_feature=37 37 36 35 37 8 3 35 0 35 36 36 10 31 28 0 8 35
split_gain=555.091 59.2513 42.8514 35.3492 27.7749 33.146 25.0521 37.7237 24.4277 28.6662 23.334 20.8149 19.4518 21.3133 19.3547 17.6978 17.4933 28.4156
threshold=23426.150605651444 25822.820239056793 24995.500000000004 23703.500000000004 21341.006800712184 -0.5 1.0000000180025095e-35 40221.000000000007 43.500000000000007 26282.500000000004 23495.500000000004 40727.500000000007 -0.24999999999999994 108.32500000000003 -3.3702589897260271 13.500000000000002 -0.82968937203783677 26282.500000000004
decision_type=2 2 2 2 2 2 2 2 2 2 2 2 2 2 2 2 2 2
left_child=4 8 3 12 -1 -6 7 14 9 10 15 -9 -3 -14 -4 -2 17 -8
right_child=1 2 6 -5 5 -7 16 11 -10 -11 -12 -13 13 -15 -16 -17 -18 -19
leaf_value=-54.174386622374463 -2.3211191999308536 29.104022323968966 11.93263277188937 5.378586911436031 -9.3048125234905026 -22.089775576944003 24.060898680421776 39.725607642165457 -11.651392398985486 -15.850066420375788 -5.2167970665280352 30.002618363834944 6.8768318668641042 21.241804251846329 2.8033937796388226 9.9155867550131802 -1.3850958061701431 1.8554810988143944
leaf_weight=82356 5288 246 1957 9305 16518 37506 1320 80 11779 10441 29968 112 436 95 20521 7652 99294 24926
leaf_count=82356 5288 246 1957 9305 16518 37506 1320 80 11779 10441 29968 112 436 95 20521 7652 99294 24926
internal_value=-0.000824406 -0.000119648 0.000120244 0.00156899 -0.00197895 -0.0015743 2.16927e-05 0.000724316 -0.000702701 -0.000493712 -0.00023111 0.0108607 0.00627485 0.00380162 0.000637734 0.000583896 -0.000105187 0.000422102
internal_weight=359800 223420 158292 10082 136380 54024 148210 22670 65128 53349 42908 192 777 531 22478 12940 125540 26246
internal_count=359800 223420 158292 10082 136380 54024 148210 22670 65128 53349 42908 192 777 531 22478 12940 125540 26246
is_linear=0
shrinkage=0.0229654


Tree=165
num_leaves=19
num_cat=0
split_feature=37 37 0 35 37 16 35 37 35 1 14 28 8 37 13 22 22 13
split_gain=550.053 57.9039 29.3239 31.1354 28.9895 35.1634 25.611 30.8077 26.0387 19.7238 27.7339 24.7208 19.3438 18.6072 18.3849 15.9593 15.368 27.5354
threshold=23426.150605651444 26466.99420136926 43.500000000000007 25601.500000000004 21341.006800712184 121.06250000000001 27408.000000000004 32810.018203595908 32229.500000000004 8.5000000000000018 82.687500000000014 -3.731757305194805 -0.19467261866128607 30273.138219804448 15.631250000000003 9.6250434027777789 15.821484375000002 16.481250000000006
decision_type=2 2 2 2 2 2 2 2 2 2 2 2 2 2 2 2 2 2
left_child=4 2 3 9 -1 -6 12 8 13 -2 16 -12 15 -8 -10 -3 17 -11
right_child=1 6 -4 -5 5 -7 7 -9 14 10 11 -13 -14 -15 -16 -17 -18 -19
leaf_value=-52.930249680056754 -3.817969714759498 15.273049267703547 -10.278884941828117 -9.8974415836798926 -22.178305758571025 -9.5902500492909493 -2.4558581083718223 2.3154499641948547 -10.572228182542304 3.4457076088539242 37.684329762248026 14.804221042263491 1.3655283242829599 3.2490712080242949 18.569383486049656 3.1142719640397503 -4.1074299554303151 14.273087510059318
leaf_weight=82356 19784 5684 14879 23490 34287 19737 35841 57444 12030 10723 84 1231 14118 14057 64 4872 8103 1016
leaf_count=82356 19784 5684 14879 23490 34287 19737 35841 57444 12030 10723 84 1231 14118 14057 64 4872 8103 1016
internal_value=-0.000821406 -0.000119854 -0.000618222 -0.000406015 -0.0019707 -0.0015573 0.00015442 1.52667e-05 -0.000339784 -2.36161e-05 0.000463823 0.00369368 0.000827998 -0.000108067 -0.00129582 0.00157164 0.000249769 0.000780772
internal_weight=359800 223420 79310 64431 136380 54024 144110 119436 61992 40941 21157 1315 24674 49898 12094 10556 19842 11739
internal_count=359800 223420 79310 64431 136380 54024 144110 119436 61992 40941 21157 1315 24674 49898 12094 10556 19842 11739
is_linear=0
shrinkage=0.0229654


Tree=166
num_leaves=19
num_cat=0
split_feature=35 0 4 12 29 7 0 7 11 15 16 0 4 31 16 31 15 33
split_gain=326.694 64.2194 41.2739 34.4651 34.637 32.5852 30.3061 41.1054 26.6929 32.724 22.6468 22.2901 37.0925 26.8524 28.9613 20.3715 18.0506 18.0385
threshold=23358.500000000004 14.500000000000002 1.5000000000000002 8.5437500000000028 591.96875000000011 -0.97868534383143924 44.500000000000007 0.55438071450436044 108.00000000000001 13.918750000000003 333.31250000000006 42.500000000000007 8.5000000000000018 3.9124999999999974 283.56250000000006 119.81875000000002 11.531250000000004 0.46180555555555564
decision_type=2 2 2 2 2 2 2 2 2 2 2 2 2 2 2 2 2 2
left_child=1 -1 3 4 -2 -6 7 8 9 10 -4 12 13 14 -3 -14 -17 -7
right_child=2 11 6 -5 5 17 -8 -9 -10 -11 -12 -13 15 -15 -16 16 -18 -19
leaf_value=-33.222204603915493 -3.9154444017924535 10.673411308524807 1.1981890792676211 9.6165169173481786 17.265254862005115 28.758263241218661 -8.8335534606786599 -7.8016353589471539 2.0498377566034165 -6.8066096322123002 -11.565128737056103 -25.079520848539389 5.4918610223045006 -20.908153368127216 -17.455190134913412 39.850282174551566 -3.8119881980152477 3.2930690330842167
leaf_weight=77304 15677 4111 38951 7542 621 188 17264 37760 51024 39285 6804 10120 4340 31825 8088 129 83 8684
leaf_count=77304 15677 4111 38951 7542 621 188 17264 37760 51024 39285 6804 10120 4340 31825 8088 129 83 8684
internal_value=-0.000819492 -0.00170721 -0.000280039 0.000473742 6.56931e-05 0.00116049 -0.000409077 -0.000317931 -0.000131888 -0.000381047 3.63887e-05 -0.0011345 -0.000930228 -0.00113429 -0.00021819 0.00104333 0.00799456 0.000804514
internal_weight=359800 136000 223800 32712 25170 9493 191088 173824 136064 85040 45755 58696 48576 44024 12199 4552 212 8872
internal_count=359800 136000 223800 32712 25170 9493 191088 173824 136064 85040 45755 58696 48576 44024 12199 4552 212 8872
is_linear=0
shrinkage=0.0229654


Tree=167
num_leaves=19
num_cat=0
split_feature=37 37 37 23 1 35 4 30 21 7 35 7 31 35 18 35 35 18
split_gain=545.151 55.0444 30.2355 31.9952 28.6239 30.1549 21.9808 22.6745 22.4396 25.5938 19.1336 18.5401 17.2273 15.7397 15.4799 14.8106 14.822 14.1653
threshold=23374.762466709133 25415.561728725286 21341.006800712184 0.79999999999999927 19.500000000000004 25425.500000000004 1.5000000000000002 1000.8062500000002 3.7500000000000004 -0.97868534383143924 22652.500000000004 0.44134171618254497 187.59375000000003 16377.500000000002 0.11312500000000002 38847.500000000007 32374.500000000004 0.5012500000000002
decision_type=2 2 2 2 2 2 2 2 2 2 2 2 2 2 2 2 2 2
left_child=2 10 -1 -4 5 14 7 15 9 -9 17 -8 -6 -5 -3 16 -7 -2
right_child=1 4 3 13 12 6 11 8 -10 -11 -12 -13 -14 -15 -16 -17 -18 -19
leaf_value=-51.004784061546637 -0.44305575033417194 3.7067236194599147 -21.20402119047835 20.180268688151084 -3.1973380854723978 14.12104980790798 1.0147224449254379 16.024775979560687 -2.0508847544510611 5.0406051176346125 -7.8021945011136058 -4.3764780381579467 3.949520799422769 -10.589298946819596 13.486414839644613 16.669686958420861 2.3293881436921766 17.261849456271769
leaf_weight=82356 8687 9230 33099 580 36288 1284 72280 708 10123 7247 47226 21836 1907 18924 3875 1156 2230 764
leaf_count=82356 8687 9230 33099 580 36288 1284 72280 708 10123 7247 47226 21836 1907 18924 3875 1156 2230 764
internal_value=-0.000810556 -0.000117983 -0.00196438 -0.00153427 9.06244e-05 0.00025305 0.000135909 0.000776551 0.000408036 0.00132076 -0.000736934 -1.89359e-05 -0.000462075 -0.000796442 0.00129766 0.00220311 0.00146132 0.000206302
internal_weight=359800 224841 134959 52603 168164 129969 116864 22748 18078 7955 56677 94116 38195 19504 13105 4670 3514 9451
internal_count=359800 224841 134959 52603 168164 129969 116864 22748 18078 7955 56677 94116 38195 19504 13105 4670 3514 9451
is_linear=0
shrinkage=0.0229654


Tree=168
num_leaves=19
num_cat=0
split_feature=0 5 30 13 0 7 6 4 13 30 9 30 7 18 13 4 22 13
split_gain=224.115 106.163 66.8185 58.0972 53.2163 41.8227 35.3612 28.1821 33.4534 27.4447 24.8911 21.922 21.7211 18.5104 34.0209 21.8901 22.477 17.6614
threshold=13.500000000000002 1.0000000180025095e-35 319.80625000000003 2.3312500000000007 45.500000000000007 -0.32075123873380551 1.0000000180025095e-35 1.5000000000000002 -1.7187499999999998 371.05625000000003 -0.93301270189221908 1009.1687500000002 -0.97868534383143924 0.011250000000000001 16.381250000000005 9.5000000000000018 13.596961805555557 17.831250000000008
decision_type=2 2 2 2 2 2 2 2 2 2 2 2 2 2 2 2 2 2
left_child=3 2 17 -1 6 9 7 8 12 10 -3 -10 -4 -9 -15 16 -16 -2
right_child=1 5 4 -5 -6 -7 -8 13 11 -11 -12 -13 -14 14 15 -17 -18 -19
leaf_value=-6.3140447019845345 -8.7280269314974337 6.6016040256286246 26.821057957611764 -30.124603279496185 -10.379105414388029 -23.63632979523555 -21.681724618400988 -0.84730590055850408 15.408922693283376 -1.5139085688136984 -18.089760457692144 1.2643236682910031 13.235668508761915 3.0149357671139643 6.1845222734829566 23.213390967634901 22.083487886455824 -1.817868806736834
leaf_weight=27170 39422 1665 358 70286 10844 34160 4033 43252 2398 26286 12633 10354 3530 51507 298 97 127 21380
leaf_count=27170 39422 1665 358 70286 10844 34160 4033 43252 2398 26286 12633 10354 3530 51507 298 97 127 21380
internal_value=-0.000807556 -0.000458216 -0.00016661 -0.00174795 0.00013352 -0.00119012 0.000277397 0.000353527 0.00122556 -0.000691724 -0.00150147 0.000656977 0.00309041 0.000201234 0.000493083 0.00632649 0.00407974 -0.000792508
internal_weight=359800 262344 187600 97456 126798 74744 115954 111921 16640 40584 14298 12752 3888 95281 52029 522 425 60802
internal_count=359800 262344 187600 97456 126798 74744 115954 111921 16640 40584 14298 12752 3888 95281 52029 522 425 60802
is_linear=0
shrinkage=0.0229654


Tree=169
num_leaves=19
num_cat=0
split_feature=37 37 36 37 23 37 36 0 36 36 36 37 8 7 3 27 37 27
split_gain=538.201 51.8858 41.6877 32.636 31.9127 28.5667 27.1285 23.986 22.5198 20.8087 20.1209 19.611 19.5685 18.978 17.6965 21.1553 25.2597 21.9569
threshold=23374.762466709133 25822.820239056793 26178.500000000004 21341.006800712184 0.79999999999999927 31462.010697715847 31254.500000000004 43.500000000000007 19909.500000000004 27819.500000000004 25687.500000000004 30273.138219804448 -0.97868534383143924 0.55438071450436044 1.0000000180025095e-35 1.0000000180025095e-35 40097.014493550079 -1.0000000180025095e-35
decision_type=2 2 2 2 2 2 2 2 2 2 2 2 2 2 2 2 2 2
left_child=3 7 8 -1 -5 6 -4 10 -3 12 13 -10 -7 -2 15 16 -11 -18
right_child=1 2 5 4 -6 9 -8 -9 11 14 -12 -13 -14 -15 -16 -17 17 -19
leaf_value=-49.318207869866086 1.7211987343314266 21.313188616777666 -0.87408115969857836 -20.233809583800358 -9.1782167719624717 39.212615053815917 -17.021260759898336 -10.666164533071386 3.6976647135745337 9.6923135769012987 -12.967100165934122 22.575755149912702 17.300256891641599 -5.3674686204085269 0.50320693459365617 1.6803150822959592 21.537041815673092 45.095719908504769
leaf_weight=82356 23585 190 54662 33099 19504 99 12647 11988 19646 4551 15001 820 591 15975 57942 6652 409 83
leaf_count=82356 23585 190 54662 33099 19504 99 12647 11988 19646 4551 15001 820 591 15975 57942 6652 409 83
internal_value=-0.000801939 -0.000113795 0.000112409 -0.00194838 -0.00150153 -3.19702e-05 -0.000370162 -0.000651841 0.00107445 0.000291708 -0.000447473 0.00100138 0.00426025 -0.000175898 0.000252386 0.00106727 0.00218907 0.00713235
internal_weight=359800 224841 158292 134959 52603 137636 67309 66549 20656 70327 54561 20466 690 39560 69637 11695 5043 492
internal_count=359800 224841 158292 134959 52603 137636 67309 66549 20656 70327 54561 20466 690 39560 69637 11695 5043 492
is_linear=0
shrinkage=0.0229654


Tree=170
num_leaves=19
num_cat=0
split_feature=37 37 36 35 37 16 37 0 35 9 36 37 36 36 37 35 35 3
split_gain=533.141 50.8184 47.6385 59.2134 33.3783 33.2293 28.255 28.225 31.4409 22.8722 22.1923 30.0796 21.6005 18.1416 17.3647 21.9912 20.0934 16.7866
threshold=23374.762466709133 26466.99420136926 27094.500000000004 24722.500000000004 21397.667587999687 123.06250000000001 31462.010697715847 43.500000000000007 25661.500000000004 0.68301270189221941 25864.500000000004 25187.917678592792 31254.500000000004 27819.500000000004 30273.138219804448 30623.000000000004 27865.500000000004 1.0000000180025095e-35
decision_type=2 2 2 2 2 2 2 2 2 2 2 2 2 2 2 2 2 2
left_child=4 7 3 9 -1 -6 12 8 10 -3 11 -2 -4 -8 15 -5 -16 -15
right_child=1 2 6 14 5 -7 13 -9 -10 -11 -12 -13 -14 17 16 -17 -18 -19
leaf_value=-47.323752042446628 0.023056951599583989 14.410200914266383 -0.96155307645268306 3.8787020609584584 -19.73263783715857 -8.2785357226018075 26.187635114653862 -9.4743829703273512 -9.6690080573845734 32.394051870288379 -7.9132880615126062 10.198585973919581 -16.309674954689267 6.5818323207659564 55.344346832270951 -11.007776381982229 7.3901534477171609 0.49165058156434099
leaf_weight=83807 25695 848 40325 17067 32555 18597 374 15088 22915 325 11818 5215 12359 11695 151 1783 1241 57942
leaf_count=83807 25695 848 40325 17067 32555 18597 374 15088 22915 325 11818 5215 12359 11695 151 1783 1241 57942
internal_value=-0.000797981 -0.00011308 0.000145336 0.00114478 -0.00193902 -0.00147673 -2.91062e-05 -0.00057437 -0.000368501 0.00616131 -4.30531e-07 0.000323194 -0.000430853 0.000273212 0.000854083 0.000671296 0.00332932 0.00024612
internal_weight=359800 224841 144110 21415 134959 51152 122695 80731 65643 1173 42728 30910 52684 70011 20242 18850 1392 69637
internal_count=359800 224841 144110 21415 134959 51152 122695 80731 65643 1173 42728 30910 52684 70011 20242 18850 1392 69637
is_linear=0
shrinkage=0.0229654


Tree=171
num_leaves=19
num_cat=0
split_feature=35 3 0 3 1 25 3 9 22 0 0 14 11 6 0 16 24 22
split_gain=315.163 63.3091 57.8452 34.6643 40.0911 32.2536 30.3764 33.18 26.8614 26.1424 24.8453 25.6477 24.6876 24.4982 19.4748 18.7588 24.0156 17.2333
threshold=23117.500000000004 4.5000000000000009 14.500000000000002 5.5000000000000009 10.500000000000002 9.6252604166666682 3.5000000000000004 -0.93301270189221908 3.1249131944444453 43.500000000000007 43.500000000000007 87.187500000000014 108.00000000000001 1.0000000180025095e-35 45.500000000000007 41.812500000000007 -1.5249999999999975 14.673914930555558
decision_type=2 2 2 2 2 2 2 2 2 2 2 2 2 2 2 2 2 2
left_child=2 5 -1 8 -5 13 10 15 -3 -6 11 17 -7 14 -2 -8 -17 -4
right_child=1 3 6 4 9 12 7 -9 -10 -11 -12 -13 -14 -15 -16 16 -18 -19
leaf_value=-30.999971572961627 2.6015682405956531 3.5940175081142369 1.5952232109692417 -13.712785060112816 3.6344661140373855 -4.3745280989422346 -29.727263680074056 -30.363662024476028 -13.458438198026933 -9.005829224138262 -23.544740856608708 11.566960136905514 0.98960968621420997 -20.790135778617419 -4.9731744753495937 22.005699860868646 11.536494811691991 -13.374944417003691
leaf_weight=75208 80728 2792 10366 8072 14656 50881 611 24136 31072 3368 4968 1301 28642 2900 6545 146 1155 12253
leaf_count=75208 80728 2792 10366 8072 14656 50881 611 24136 31072 3368 4968 1301 28642 2900 6545 146 1155 12253
internal_value=-0.000796322 -0.000284658 -0.00169922 -0.000926124 -0.000297101 -5.80041e-05 -0.00113272 -0.00170142 -0.00141086 0.000305288 -0.000619927 -0.000312991 -0.000395151 0.000239324 0.000308326 0.00121073 0.00276962 -0.000493342
internal_weight=359800 229656 130144 59960 26096 169696 54936 26048 33864 18024 28888 23920 79523 90173 87273 1912 1301 22619
internal_count=359800 229656 130144 59960 26096 169696 54936 26048 33864 18024 28888 23920 79523 90173 87273 1912 1301 22619
is_linear=0
shrinkage=0.0229654


Tree=172
num_leaves=19
num_cat=0
split_feature=37 37 36 37 3 0 0 29 36 30 18 1 3 30 3 36 36 30
split_gain=525.32 47.6649 38.0115 36.1427 25.6001 22.8639 19.0847 18.4887 18.9367 18.8568 19.2497 18.2827 18.6198 23.0541 30.3597 17.675 16.8537 15.2567
threshold=23374.762466709133 25415.561728725286 24944.500000000004 21341.006800712184 2.5000000000000004 37.500000000000007 43.500000000000007 746.06875000000002 36853.500000000007 0.94999999999999585 0.31625000000000009 9.5000000000000018 5.5000000000000009 1672.9875000000002 4.5000000000000009 19909.500000000004 26661.500000000004 506.00625000000008
decision_type=2 2 2 2 2 2 2 2 2 2 2 2 2 2 2 2 2 2
left_child=3 6 15 -1 7 11 16 9 -9 -4 17 -6 13 14 -13 -3 -2 -11
right_child=1 2 4 -5 5 -7 -8 8 -10 10 -12 12 -14 -15 -16 -17 -18 -19
leaf_value=-46.526022336510337 -2.7171516163927323 27.341418885539277 9.8859562582301805 -15.760615598526229 -4.592172905048626 -4.3857045789107048 -10.426089371841046 8.3075673289484016 36.218809946441716 -3.310871708038547 6.4900912699243856 1.3842718303921524 6.9883548350533031 8.6763911102985745 -11.374090716950604 5.6387440501504216 -19.061408653170194 1.6617211356629968
leaf_weight=82356 40368 255 838 52603 15666 28787 10072 559 100 14448 9732 17406 7677 3981 5760 13066 6237 49889
leaf_count=82356 40368 255 838 52603 15666 28787 10072 559 100 14448 9732 17406 7677 3981 5760 13066 6237 49889
internal_value=-0.000789365 -0.000109506 8.46155e-05 -0.00192201 -1.66562e-05 -0.000304953 -0.000685474 0.000285798 0.00411565 0.000252105 0.000213348 -1.04621e-05 0.000282649 2.53242e-07 -0.00027718 0.0012618 -0.000489565 6.93558e-05
internal_weight=359800 224841 168164 134959 154843 79277 56677 75566 659 74907 74069 50490 34824 27147 23166 13321 46605 64337
internal_count=359800 224841 168164 134959 154843 79277 56677 75566 659 74907 74069 50490 34824 27147 23166 13321 46605 64337
is_linear=0
shrinkage=0.0229654


Tree=173
num_leaves=19
num_cat=0
split_feature=35 3 8 13 3 10 1 11 3 1 22 0 16 22 13 13 26 10
split_gain=306.175 61.7546 60.9189 41.5596 35.3122 37.5326 39.8557 32.4756 32.4519 38.5123 25.8039 25.1406 24.6654 22.4693 21.0448 25.2982 31.2825 18.9897
threshold=23117.500000000004 4.5000000000000009 1.0000000180025095e-35 0.73125000000000029 3.5000000000000004 -0.24999999999999994 10.500000000000002 108.00000000000001 5.5000000000000009 10.500000000000002 3.1249131944444453 43.500000000000007 372.06250000000006 14.308680555555558 4.0812500000000016 11.318750000000003 15.881901041666667 -0.5
decision_type=2 2 2 2 2 2 2 2 2 2 2 2 2 2 2 2 2 2
left_child=2 3 4 -2 13 -6 -7 -5 10 -10 -3 17 14 -1 -8 -16 -17 -11
right_child=1 8 -4 7 5 6 12 -9 9 11 -12 -13 -14 -15 15 16 -18 -19
leaf_value=1.5025669488507583 3.9396929611260267 3.3579714394572751 -28.999454832035436 -3.0802338800466789 -35.780162890444629 -30.810888294096586 38.788795100699943 1.5458145316701799 -13.29130924207074 -7.1015291085744057 -13.011778768799692 -8.6567386154316655 -3.1561126414183152 -14.64748389361035 -8.0121264021906136 34.940672205101649 -10.757891419431346 5.4724040589127965
leaf_weight=12649 32346 2792 76992 86417 21040 1848 90 50933 8072 2728 31072 3368 902 15495 445 514 169 11928
leaf_count=12649 32346 2792 76992 86417 21040 1848 90 50933 8072 2728 31072 3368 902 15495 445 514 169 11928
internal_value=-0.000786173 -0.000281858 -0.0016761 -5.80041e-05 -0.0010781 -0.00170606 0.000342629 -0.000232413 -0.0009154 -0.000306781 -0.00138441 0.000283627 0.00249153 -0.000520117 0.00462325 0.00377056 0.00654665 0.000694791
internal_weight=359800 229656 130144 169696 53152 25008 3968 137350 59960 26096 33864 18024 2120 28144 1218 1128 683 14656
internal_count=359800 229656 130144 169696 53152 25008 3968 137350 59960 26096 33864 18024 2120 28144 1218 1128 683 14656
is_linear=0
shrinkage=0.0229654


Tree=174
num_leaves=19
num_cat=0
split_feature=0 3 13 29 0 7 3 4 29 4 13 33 7 0 18 15 11 32
split_gain=212.717 100.087 59.2882 58.7995 45.5729 40.6867 44.0362 34.3102 35.1898 24.4764 28.3728 20.3809 20.1736 18.4456 17.6178 18.0857 19.6921 16.6473
threshold=13.500000000000002 4.5000000000000009 2.4312500000000008 126.45625000000003 45.500000000000007 -0.32075123873380551 5.5000000000000009 8.5000000000000018 279.3562500000001 1.5000000000000002 -1.7187499999999998 0.38541666666666669 -0.97868534383143924 3.5000000000000004 0.011250000000000001 12.618750000000004 84.000000000000014 101.68125000000001
decision_type=2 2 2 2 2 2 2 2 2 2 2 2 2 2 2 2 2 2
left_child=2 3 13 -2 9 6 -3 8 -8 10 12 -9 -5 -1 -11 17 -17 -16
right_child=1 5 -4 4 -6 -7 7 11 -10 14 -12 -13 -14 -15 15 16 -18 -19
leaf_value=1.9639584301626354 -5.5085802124335217 -10.580823668230714 -27.300363483560027 25.348577504580923 -8.9682800755973915 -21.8897867218455 -11.911111722088359 9.7540881145115819 4.2384988645492383 -1.200443002366562 3.5067151514752219 -15.799330690327904 12.305202108350841 -8.6239912832534671 5.3854383074072611 -3.610734354982359 5.2800789925795133 17.598069133587032
leaf_weight=5889 67711 20368 69786 370 10252 34160 8563 4678 6333 42499 13329 642 3629 21781 15821 15648 18177 164
leaf_count=5889 67711 20368 69786 370 10252 34160 8563 4678 6333 42499 13329 642 3629 21781 15821 15648 18177 164
internal_value=-0.000780173 -0.000439833 -0.00169634 -0.000156694 0.000148857 -0.00115048 -0.000658904 0.000100422 -0.000464982 0.000285776 0.00107776 0.00168355 0.00277434 -0.000796777 0.000137107 0.000430169 0.000129339 0.00106674
internal_weight=359800 262344 97456 187600 119889 74744 40584 20216 14896 109637 17328 5320 3999 27670 92309 49810 33825 15985
internal_count=359800 262344 97456 187600 119889 74744 40584 20216 14896 109637 17328 5320 3999 27670 92309 49810 33825 15985
is_linear=0
shrinkage=0.0229654


Tree=175
num_leaves=19
num_cat=0
split_feature=37 37 37 36 23 35 1 11 22 35 1 36 7 35 36 36 17 10
split_gain=515.661 42.0023 40.1108 37.5336 31.7756 31.7178 21.4996 18.5671 23.5138 18.4848 24.6442 19.5017 18.259 15.3274 17.3238 18.5597 14.7242 14.4667
threshold=23374.762466709133 25415.561728725286 21227.09264132009 24944.500000000004 0.79999999999999927 23929.500000000004 19.500000000000004 108.00000000000001 0.88997395833333348 25601.500000000004 21.500000000000004 25864.500000000004 0.75023006073889154 16377.500000000002 22917.500000000004 18218.000000000004 67.187500000000014 1.0000000180025095e-35
decision_type=2 2 2 2 2 2 2 2 2 2 2 2 2 2 2 2 2 2
left_child=2 9 -1 5 -4 17 7 16 -9 10 11 12 -2 14 15 -6 -5 -3
right_child=1 3 4 6 13 -7 -8 8 -10 -11 -12 -13 -14 -15 -16 -17 -18 -19
leaf_value=-46.666443264488692 3.6142050128103826 21.422628492914701 -17.907118170397847 -3.539098679634574 -2.639352854356368 3.9961825882283883 -2.7851438534486657 18.303844249860934 2.785747994184784 -13.47091251841398 -10.096001639535119 -11.39421453289102 -4.7869467097619163 -8.9694466776965012 -24.069654605347502 33.669578014420267 0.79444761456207968 10.676575831197132
leaf_weight=79506 19215 715 35036 24756 131 12042 35652 794 43979 13614 7686 7794 8368 19790 291 205 49662 564
leaf_count=79506 19215 715 35036 24756 131 12042 35652 794 43979 13614 7686 7794 8368 19790 291 205 49662 564
internal_value=-0.000775833 -0.000102254 -0.00189801 7.99722e-05 -0.00142394 0.00124973 -2.06607e-05 0.00012734 0.000496875 -0.000642928 -0.000409733 -0.000153657 0.000132965 -0.000703799 0.0028313 0.00638384 -9.49877e-05 0.00468825
internal_weight=359800 224841 134959 168164 55453 13321 154843 119191 44773 56677 43063 35377 27583 20417 627 336 74418 1279
internal_count=359800 224841 134959 168164 55453 13321 154843 119191 44773 56677 43063 35377 27583 20417 627 336 74418 1279
is_linear=0
shrinkage=0.0229654


Tree=176
num_leaves=19
num_cat=0
split_feature=37 0 37 16 7 5 26 25 35 26 5 35 37 37 35 8 26 16
split_gain=513.162 42.3523 40.5345 33.8292 31.8086 23.4149 17.7073 19.6296 17.5957 20.9069 14.8834 13.9017 30.5451 23.2526 14.7557 22.8499 13.9208 16.6315
threshold=23374.762466709133 43.500000000000007 21227.09264132009 135.56250000000003 0.65793410509763428 1.0000000180025095e-35 21.610286458333338 4.2148437500000009 23876.500000000004 9.6891927083333353 1.0000000180025095e-35 31006.500000000004 32975.980006800011 26673.860048062674 26833.500000000004 -0.89495246814786256 6.6522135416666677 265.31250000000006
decision_type=2 2 2 2 2 2 2 2 2 2 2 2 2 2 2 2 2 2
left_child=2 4 -1 -4 8 -6 7 -3 -2 11 -11 13 -13 -10 15 16 -15 -18
right_child=1 6 3 -5 5 -7 -8 -9 9 10 -12 12 -14 14 -16 -17 17 -19
leaf_value=-45.594729311608454 6.1738664519942512 1.2619449318953062 -17.598347485749507 -7.202517282871562 -2.1983012175899335 -19.142200942808643 7.7815154762281242 -8.146052289494282 -0.77448801767981823 -0.34527348784183831 -7.1371933726424421 -7.046821583503978 2.3063053086503524 55.124108069999636 6.151495490164379 7.6195378346662554 29.615434520148746 -8.3255540772214758
leaf_weight=79506 14603 4896 35734 19719 33490 5596 632 22445 10338 48812 12233 11072 42647 164 15443 1950 339 181
leaf_count=79506 14603 4896 35734 19719 33490 5596 632 22445 10338 48812 12233 11072 42647 164 15443 1950 339 181
internal_value=-0.000772769 -0.000100824 -0.00189223 -0.00141566 1.79875e-05 -0.000568525 -0.000936991 -0.00102484 0.000163279 8.58276e-05 -0.000236069 0.000325073 0.000107775 0.000735879 0.00123269 0.00282141 0.006433 0.00459308
internal_weight=359800 224841 134959 55453 196868 39086 27973 27341 157782 143179 61045 82134 53719 28415 18077 2634 684 520
internal_count=359800 224841 134959 55453 196868 39086 27973 27341 157782 143179 61045 82134 53719 28415 18077 2634 684 520
is_linear=0
shrinkage=0.0229654


Tree=177
num_leaves=19
num_cat=0
split_feature=35 3 1 13 7 3 11 3 10 7 33 1 23 35 4 7 21 30
split_gain=301.059 57.7965 57.3375 36.837 34.8261 32.5306 30.1782 28.802 30.0778 30.6895 27.0553 23.7611 23.6968 18.8025 18.7658 28.0838 19.8838 19.6638
threshold=23117.500000000004 4.5000000000000009 6.5000000000000009 0.73125000000000029 0.44134171618254497 5.5000000000000009 108.00000000000001 3.5000000000000004 -0.24999999999999994 -0.32075123873380551 0.71875000000000011 21.500000000000004 -1.1624999999999992 21122.500000000004 1.5000000000000002 -0.97868534383143924 3.2598958333333337 1359.8125000000002
decision_type=2 2 2 2 2 2 2 2 2 2 2 2 2 2 2 2 2 2
left_child=2 3 -1 14 5 10 -5 11 -9 -10 -3 13 -7 -4 15 16 -2 -17
right_child=1 4 7 6 -6 12 -8 8 9 -11 -12 -13 -14 -15 -16 17 -18 -19
leaf_value=-27.752110282699 26.077507305627542 -10.439657832569079 -9.9147914760457585 -2.940193600424061 -18.31181284446394 -4.8867457550291995 1.508904929419943 -29.155551085320255 20.799177565013007 -12.275509281026677 3.4670342486392576 -21.808563232224088 3.5992770387515813 4.7730385686352506 1.3686012587059475 13.890508529285572 11.875339407674241 2.1707595603139485
leaf_weight=75168 316 21968 14520 86417 14816 6129 50933 21776 1392 2920 2736 4912 14311 9456 19584 4080 474 7892
leaf_count=75168 316 21968 14520 86417 14816 6129 50933 21776 1392 2920 2736 4912 14311 9456 19584 4080 474 7892
internal_value=-0.000769642 -0.000269558 -0.0016521 -5.29968e-05 -0.000882461 -0.000565386 -0.000217198 -0.00108845 -0.00164159 0.000110779 -0.00112615 -0.000588922 0.000112355 -0.000290804 0.000644246 0.00132948 0.00552333 0.00105274
internal_weight=359800 229656 130144 169696 59960 45144 137350 54976 26088 4312 24704 28888 20440 23976 32346 12762 790 11972
internal_count=359800 229656 130144 169696 59960 45144 137350 54976 26088 4312 24704 28888 20440 23976 32346 12762 790 11972
is_linear=0
shrinkage=0.0229654


Tree=178
num_leaves=19
num_cat=0
split_feature=37 37 0 16 5 6 8 1 10 1 26 25 16 13 9 37 13 4
split_gain=504.272 43.0828 40.3876 30.5599 25.6491 23.5742 20.4116 19.7107 18.6329 17.0958 16.4838 18.5397 16.2999 14.5163 21.6292 11.9571 9.91419 13.4563
threshold=23374.762466709133 21453.201029702428 43.500000000000007 123.06250000000001 1.0000000180025095e-35 1.0000000180025095e-35 -0.82968937203783677 10.500000000000002 -0.5 1.5000000000000002 21.610286458333338 4.2148437500000009 333.31250000000006 -3.0437499999999993 0.68301270189221941 24412.078114376811 23.881250000000005 5.5000000000000009
decision_type=2 2 2 2 2 2 2 2 2 2 2 2 2 2 2 2 2 2
left_child=1 -1 4 -3 5 6 12 9 -9 -6 11 -4 -2 14 -8 -15 -17 -18
right_child=2 3 10 -5 7 -7 13 8 -10 -11 -12 -13 -14 15 -16 16 17 -19
leaf_value=-40.30954166552376 6.2867062771122448 -16.02024562273888 1.2085477681963699 -6.4693020274894186 1.8946457335894946 -20.070068690097838 9.062896975392551 -11.298993017157329 0.57109726936114347 -14.659771131210768 7.5681571724803183 -7.9177764568280136 -1.5999453293276416 -6.037393132835569 -6.0989675084143595 0.23687476749366609 10.368833773680945 7.8924423798728407
leaf_weight=85199 26234 31584 4896 18176 2605 3136 4120 5375 24259 10198 632 22445 9417 12392 1644 95911 84 1493
leaf_count=85199 26234 31584 4896 18176 2605 3136 4120 5375 24259 10198 632 22445 9417 12392 1644 95911 84 1493
internal_value=-0.000761919 -0.00187164 -9.58187e-05 -0.00133473 2.02039e-05 0.000157617 0.000198468 -0.000479851 -0.000154529 -0.00123285 -0.000912361 -0.00099712 0.000678893 5.03611e-05 0.00117377 -8.56973e-06 7.68429e-05 0.00188296
internal_weight=359800 134959 224841 49760 196868 154431 151295 42437 29634 12803 27973 27341 35651 115644 5764 109880 97488 1577
internal_count=359800 134959 224841 49760 196868 154431 151295 42437 29634 12803 27973 27341 35651 115644 5764 109880 97488 1577
is_linear=0
shrinkage=0.0229654


Tree=179
num_leaves=19
num_cat=0
split_feature=35 8 5 7 5 32 11 12 24 18 4 0 14 30 35 21 7 6
split_gain=293.071 61.6113 56.067 33.3441 31.6618 27.6924 25.6956 24.9964 39.9866 25.7789 22.1446 28.9625 30.8396 21.45 44.046 20.9404 17.1981 15.7873
threshold=23175.500000000004 1.0000000180025095e-35 1.0000000180025095e-35 0.55438071450436044 1.0000000180025095e-35 137.70625000000004 108.00000000000001 4.606250000000002 -1.2999999999999994 0.33812500000000006 8.5000000000000018 23.500000000000004 75.312500000000014 1233.7562500000001 20032.500000000004 9.6251302083333368 -0.65793410509763395 1.0000000180025095e-35
decision_type=2 2 2 2 2 2 2 2 2 2 2 2 2 2 2 2 2 2
left_child=1 4 6 15 5 17 7 8 -2 -9 13 -12 -13 -6 -15 -4 -3 -1
right_child=2 16 3 -5 10 -7 -8 9 -10 -11 11 12 -14 14 -16 -17 -18 -19
leaf_value=2.5533465759190213 8.1856535750271533 8.6942957264466845 -1.0736471844287119 -19.507431507960902 -41.426617592129254 -14.923920736270807 2.1294888248551462 -3.5609460890796765 -2.3456378341138255 3.4612307182111643 -30.867799691137542 -1.0014390093340553 22.694901467714452 63.834754051620777 -8.909374486666934 -8.5799351241811266 -26.155110783045306 -26.759100781677809
leaf_weight=14869 6527 528 27341 12608 17892 16751 63252 78406 9419 11068 1224 597 419 91 249 19603 77200 1756
leaf_count=14869 6527 528 27341 12608 17892 16751 63252 78406 9419 11068 1224 597 419 91 249 19603 77200 1756
internal_value=-0.000757323 -0.00162054 -0.000259657 -0.000865445 -0.00102348 -0.000587347 -4.57756e-05 -0.000265338 0.000572334 -0.000414627 -0.00173452 0.000420348 0.00328658 -0.00199927 0.00371499 -0.000583822 -0.00203417 7.66659e-05
internal_weight=359800 131576 228224 59552 53848 33376 168672 105420 15946 89474 20472 2240 1016 18232 340 46944 77728 16625
internal_count=359800 131576 228224 59552 53848 33376 168672 105420 15946 89474 20472 2240 1016 18232 340 46944 77728 16625
is_linear=0
shrinkage=0.0229654


Tree=180
num_leaves=19
num_cat=0
split_feature=37 37 36 37 3 36 8 31 0 1 18 28 3 36 3 10 3 3
split_gain=496.558 52.6244 35.0775 29.4507 25.313 23.6777 22.8101 22.4016 19.7295 18.0029 17.3611 20.4528 17.3049 16.233 16.6586 16.1601 16.311 21.5102
threshold=22905.088031179152 25247.731780150305 24944.500000000004 21113.0901851915 2.5000000000000004 22435.500000000004 -0.5 223.94375000000002 37.500000000000007 9.5000000000000018 0.31625000000000009 -3.5829583333333326 1.0000000180025095e-35 19909.500000000004 1.0000000180025095e-35 -0.68301270189221952 2.5000000000000004 3.5000000000000004
decision_type=2 2 2 2 2 2 2 2 2 2 2 2 2 2 2 2 2 2
left_child=3 5 13 -1 7 15 -5 10 9 -6 11 12 -4 14 -3 16 -2 -18
right_child=1 2 4 6 8 -7 -8 -9 -10 -11 -12 -13 -14 -15 -16 -17 17 -19
leaf_value=-44.301554221941188 -0.79878154056917428 42.454440438527357 14.182524611816557 -8.0116933727022701 -4.4614443056503275 -7.8980636955633718 -17.122084336008033 8.5295926785764777 -4.1069872589235761 1.4904997225027194 6.2168476266610577 -0.33618807027526865 2.5532607280941004 5.1624179053174997 4.9282829490485751 -2.3871072190278015 22.458644839975236 4.0543956405362511
leaf_weight=76666 2209 124 1706 13159 16165 51691 32165 1241 29307 35129 9896 59191 4563 14869 154 9401 1035 1129
leaf_count=76666 2209 124 1706 13159 16165 51691 32165 1241 29307 35129 9896 59191 4563 14869 154 9401 1035 1129
internal_value=-0.00075011 -0.000139062 7.14894e-05 -0.0019413 -3.02124e-05 -0.000693365 -0.00147722 0.000268729 -0.000314304 -4.27131e-05 0.000218329 8.27956e-05 0.00133015 0.00112697 0.00662527 0.000152724 0.00130608 0.00272316
internal_weight=359800 237810 172345 121990 157198 65465 45324 76597 80601 51294 75356 65460 6269 15147 278 13774 4373 2164
internal_count=359800 237810 172345 121990 157198 65465 45324 76597 80601 51294 75356 65460 6269 15147 278 13774 4373 2164
is_linear=0
shrinkage=0.0229654


Tree=181
num_leaves=19
num_cat=0
split_feature=36 0 0 30 8 3 11 17 36 25 26 17 22 25 9 14 3 3
split_gain=244.961 49.1115 70.1507 38.404 27.3601 38.6559 20.6579 22.4112 20.8048 18.6038 16.9946 15.5213 15.4883 14.5673 28.5832 14.0246 21.902 16.3377
threshold=21640.500000000004 18.500000000000004 44.500000000000007 319.80625000000003 1.0000000180025095e-35 3.5000000000000004 108.00000000000001 66.812500000000014 29484.500000000004 6.2414062500000016 6.9819010416666671 62.562500000000007 0.88997395833333348 2.5835937500000004 -0.24999999999999994 69.312500000000014 4.5000000000000009 5.5000000000000009
decision_type=2 2 2 2 2 2 2 2 2 2 2 2 2 2 2 2 2 2
left_child=4 9 3 -3 5 11 7 -5 15 -2 -4 -1 -8 14 -6 -9 -17 -18
right_child=1 2 10 6 13 -7 12 8 -10 -11 -12 -13 -14 -15 -16 16 17 -19
leaf_value=-13.054029211632052 -2.1607718627517158 -4.1105766390514109 -1.520429559326091 -3.9159002707470183 13.082618323911971 -26.847114319193942 18.279700374993059 0.78718339173730312 -0.37216757162916847 -9.4480390251084163 -12.312419464680543 6.4239055099639524 3.5341928099273319 -29.334309772722822 -3.3898342657861398 12.962006932347911 -9.3379904750505585 7.6945007381725707
leaf_weight=4658 20681 45619 6821 26850 152 26160 682 6310 34172 51519 19667 5790 45542 55490 678 5297 1569 2143
leaf_count=4658 20681 45619 6821 26850 152 26160 682 6310 34172 51519 19667 5790 45542 55490 678 5297 1569 2143
internal_value=-0.000746025 -0.000392424 -0.000202696 -2.96864e-05 -0.0017615 -0.00127273 0.000182033 -4.99679e-05 0.000239858 -0.000903985 -0.00130121 -9.18798e-05 0.000565192 -0.0020792 0.000940751 0.000943112 0.00152465 0.000171993
internal_weight=359800 266872 194672 168184 92928 36608 122565 76341 49491 72200 26488 10448 46224 56320 830 15319 9009 3712
internal_count=359800 266872 194672 168184 92928 36608 122565 76341 49491 72200 26488 10448 46224 56320 830 15319 9009 3712
is_linear=0
shrinkage=0.0229654


Tree=182
num_leaves=19
num_cat=0
split_feature=37 37 36 37 35 16 36 6 1 7 11 15 22 10 35 15 35 36
split_gain=488.827 48.6817 35.1847 31.4849 28.8724 25.7903 24.4424 18.7495 19.1485 18.0072 15.3643 17.9893 17.0741 14.6552 17.0446 16.3032 15.2978 16.2686
threshold=22905.088031179152 25415.561728725286 24944.500000000004 21113.0901851915 23929.500000000004 121.06250000000001 22376.500000000004 1.0000000180025095e-35 19.500000000000004 0.65793410509763428 108.00000000000001 12.618750000000004 0.88997395833333348 -0.68301270189221952 25779.500000000004 15.231250000000003 19234.500000000004 20525.500000000004
decision_type=2 2 2 2 2 2 2 2 2 2 2 2 2 2 2 2 2 2
left_child=3 6 4 -1 -3 -5 13 8 9 10 11 -4 -12 14 15 -2 17 -15
right_child=1 2 7 5 -6 -7 -8 -9 -10 -11 12 -13 -14 16 -16 -17 -18 -19
leaf_value=-42.667848663152071 6.9130723963605885 16.925577553678867 2.5811822830372639 -16.746920747297228 3.9750282628061337 -7.9065009494309058 -7.1571042598709917 -18.67845842353325 -2.4293749277102124 -3.1649290045384966 17.828918593611046 -1.7587259149967596 3.720411934009185 -11.077613411952141 -17.091831335127107 22.567015454042885 -2.419619858642005 34.47833403609242
leaf_weight=76666 2745 1279 26357 29812 12042 15512 56110 2410 35123 20194 660 34229 35870 138 776 749 8976 152
leaf_count=76666 2745 1279 26357 29812 12042 15512 56110 2410 35123 20194 660 34229 35870 138 776 749 8976 152
internal_value=-0.000740217 -0.000133944 7.75141e-05 -0.0019221 0.00121008 -0.00144225 -0.00064452 -1.99191e-05 1.18563e-05 0.000152698 0.000282444 5.81464e-05 0.000654448 0.000231418 0.00134458 0.00202837 -0.000281554 0.00490985
internal_weight=359800 237810 168164 121990 13321 45324 69646 154843 152433 117310 97116 60586 36530 13536 4270 3494 9266 290
internal_count=359800 237810 168164 121990 13321 45324 69646 154843 152433 117310 97116 60586 36530 13536 4270 3494 9266 290
is_linear=0
shrinkage=0.0229654


Tree=183
num_leaves=19
num_cat=0
split_feature=37 37 36 37 35 36 23 37 36 35 37 36 35 37 35 37 10 10
split_gain=481.345 46.872 33.5735 32.7953 29.8958 23.8757 23.6509 20.1776 33.7937 27.6694 21.5363 20.0257 18.0908 15.7169 14.5734 16.8393 15.4043 14.3563
threshold=22905.088031179152 25247.731780150305 24825.500000000004 21113.0901851915 23594.500000000004 22435.500000000004 0.90000000000000091 27011.664572983358 27819.500000000004 24875.500000000004 31462.010697715847 32093.500000000004 25425.500000000004 29110.947298392126 30494.500000000004 32659.076238648933 -0.68301270189221952 -0.68301270189221952
decision_type=2 2 2 2 2 2 2 2 2 2 2 2 2 2 2 2 2 2
left_child=3 5 4 -1 -3 17 -5 12 9 -9 11 -10 -4 -11 15 16 -15 -2
right_child=1 2 7 6 -6 -7 -8 8 10 13 -12 -13 -14 14 -16 -17 -18 -19
leaf_value=-41.68796407043704 8.6971857625158844 18.576732443503733 1.2815590598737825 -16.227207928823219 3.7472445056824433 -7.4346128835440854 -8.2068840849549414 19.126176057565946 -1.3087233773768563 2.2081263168023848 1.0906050371092146 -18.752181982142755 -7.1247091480467617 12.663893298464016 3.2570508850438475 26.803544360513978 11.079030434337284 -1.9495538486676813
leaf_weight=76666 4373 1286 9312 29513 12990 51691 15811 891 32945 13536 69637 8281 19328 171 2171 109 1688 9401
leaf_count=76666 4373 1286 9312 29513 12990 51691 15811 891 32945 13536 69637 8281 19328 171 2171 109 1688 9401
internal_value=-0.000735366 -0.000133751 6.49601e-05 -0.00190817 0.00113154 -0.000656882 -0.00141844 -3.13681e-05 9.06872e-05 0.000997484 -6.11723e-05 -0.000477179 -0.000582956 0.000798429 0.00203687 0.00346815 0.00295375 0.000192739
internal_weight=359800 237810 172345 121990 14276 65465 45324 158069 129429 18566 110863 41226 28640 17675 4139 1968 1859 13774
internal_count=359800 237810 172345 121990 14276 65465 45324 158069 129429 18566 110863 41226 28640 17675 4139 1968 1859 13774
is_linear=0
shrinkage=0.0229654


Tree=184
num_leaves=19
num_cat=0
split_feature=37 37 37 16 35 1 35 37 35 37 35 13 35 17 18 16 4 13
split_gain=476.833 45.0766 34.3961 25.5093 24.9402 21.5821 24.0445 19.6582 24.4637 15.2999 25.9511 18.1063 14.9581 14.4693 13.6537 15.2087 12.8636 12.8347
threshold=22905.088031179152 25415.561728725286 21113.0901851915 121.06250000000001 24987.500000000004 21.500000000000004 25661.500000000004 27152.532109597381 27408.000000000004 32810.018203595908 32229.500000000004 15.631250000000003 33580.500000000007 99.437500000000014 0.014375000000000002 624.93750000000011 1.5000000000000002 14.631250000000003
decision_type=2 2 2 2 2 2 2 2 2 2 2 2 2 2 2 2 2 2
left_child=2 5 -1 -4 13 6 14 -6 -9 10 -10 -12 16 -3 -2 -16 -11 -14
right_child=1 4 3 -5 7 -7 -8 8 9 12 11 -13 17 -15 15 -17 -18 -19
leaf_value=-40.730582928098038 -4.2244038334030476 4.0786374683709585 -15.989656398137871 -7.5225584399724577 -3.2873071279164243 -10.493247283756736 -13.033681864895682 5.8475117736637294 0.016271985871286962 19.108765641035571 -9.3411532167801745 17.660355558008533 0.52161263527917412 18.231998676856005 0.63506754380759423 26.468540775331498 3.6723437362924387 19.8741432683331
leaf_weight=76666 21989 11285 29812 15512 30227 11119 12944 11019 45263 2338 11810 64 46309 1052 22951 643 8734 63
leaf_count=76666 21989 11285 29812 15512 30227 11119 12944 11019 45263 2338 11810 64 46309 1052 22951 643 8734 63
internal_value=-0.000730898 -0.000132109 -0.00189819 -0.00139665 7.13686e-05 -0.000623416 -0.000447207 -7.32521e-06 0.000119215 1.98219e-05 -0.000246267 -0.00120185 0.000284488 0.00106534 -0.000199159 0.000184548 0.0010429 0.000103406
internal_weight=359800 237810 121990 45324 168164 69646 58527 155827 125600 114581 57137 11874 57444 12337 45583 23594 11072 46372
internal_count=359800 237810 121990 45324 168164 69646 58527 155827 125600 114581 57137 11874 57444 12337 45583 23594 11072 46372
is_linear=0
shrinkage=0.0229654


Tree=185
num_leaves=19
num_cat=0
split_feature=37 1 37 7 16 3 11 15 18 23 27 22 18 4 33 22 11 16
split_gain=471.357 43.8859 34.9222 31.5801 26.3002 25.5169 23.2513 24.6387 25.6096 18.4523 16.6745 16.1633 16.1314 15.2938 16.2218 13.7649 13.2667 12.1007
threshold=22905.088031179152 21.500000000000004 21002.429534868792 0.65793410509763428 121.06250000000001 4.5000000000000009 108.00000000000001 12.118750000000004 0.11312500000000002 -0.62499999999999956 -4.5551339285714274 0.88997395833333348 0.32562500000000011 11.500000000000002 0.11458333333333334 8.9224392361111118 84.000000000000014 189.31250000000003
decision_type=2 2 2 2 2 2 2 2 2 2 2 2 2 2 2 2 2 2
left_child=2 3 -1 6 -4 -5 7 8 10 -9 -2 -8 -11 -10 15 -15 -6 -13
right_child=1 -3 4 5 16 -7 11 9 13 12 -12 17 -14 14 -16 -17 -18 -19
leaf_value=-41.692182112245931 9.8459137134048156 -6.3878784163439573 -15.852284541480056 -2.2703206726023812 -14.846760178684798 -17.402688773320058 16.782129340514111 -6.1554972014551854 6.1815934203827005 -2.5561697184049037 0.073940897342679709 0.9765520854397377 4.4534265921547922 20.697594389971702 -2.6375204389990734 0.59451494616211897 -0.26360470333045277 6.2746764938157655
leaf_weight=73839 1254 22780 31805 35970 7931 6582 812 15915 5551 37899 37696 41084 9024 187 115 66 8415 22875
leaf_count=73839 1254 22780 31805 35970 7931 6582 812 15915 5551 37899 37696 41084 9024 187 115 66 8415 22875
internal_value=-0.000727643 -0.000132302 -0.00188821 -3.07592e-05 -0.00140704 -0.000591082 0.000107478 -9.92976e-05 0.000311757 -0.000392808 9.78751e-05 0.000451323 -0.000163616 0.0017192 0.00625308 0.00950387 -0.000658363 0.000410446
internal_weight=359800 237810 121990 215030 48151 42552 172478 107707 44869 62838 38950 64771 46923 5919 368 253 16346 63959
internal_count=359800 237810 121990 215030 48151 42552 172478 107707 44869 62838 38950 64771 46923 5919 368 253 16346 63959
is_linear=0
shrinkage=0.0229654


Tree=186
num_leaves=19
num_cat=0
split_feature=37 37 37 36 35 37 36 35 36 8 37 36 13 3 35 13 35 10
split_gain=465.336 47.9842 32.7766 29.1251 39.2163 27.8861 36.78 27.4263 22.7422 21.1672 21.0502 19.5628 16.8667 16.3633 30.4733 25.8575 18.1534 33.2276
threshold=22799.823670822549 24617.385043280763 20884.631928884504 24453.500000000004 24722.500000000004 26938.03789291166 27819.500000000004 24875.500000000004 22435.500000000004 -0.5 31462.010697715847 32093.500000000004 16.168750000000006 1.0000000180025095e-35 40221.000000000007 1.1187500000000006 30270.500000000004 0.6830127018922193
decision_type=2 2 2 2 2 2 2 2 2 2 2 2 2 2 2 2 2 2
left_child=2 8 -1 4 -3 -5 7 -7 -2 -4 11 -8 13 14 -12 -16 17 -15
right_child=1 3 9 5 -6 6 10 -9 -10 -11 12 -13 -14 16 15 -17 -18 -19
leaf_value=-42.83851329857464 0.40089219382709246 12.874906248609507 -8.1783617622242861 -4.2672989661357228 1.542806310053989 17.854520745560837 -1.3165192575374161 3.7210084848492477 -8.9282157496044423 -15.654364788585321 4.9879305140992205 -18.323598202449233 21.183047774721881 34.839202058788452 35.37294073110877 6.3858519026456237 -0.23061146242466232 -5.930642612636043
leaf_weight=70951 12858 4297 13702 39673 13905 982 33380 19111 38479 34515 11495 8310 62 398 91 101 56971 519
leaf_count=70951 12858 4297 13702 39673 13905 982 33380 19111 38479 34515 11495 8310 62 398 91 101 56971 519
internal_value=-0.000722856 -0.000141649 -0.00189647 2.7236e-05 0.000900599 -6.56781e-05 9.5412e-05 0.000999743 -0.000764381 -0.00143445 -6.78074e-05 -0.000475945 0.000176535 0.000165865 0.000949703 0.0100234 7.6165e-06 0.00321315
internal_weight=359800 240632 119168 189295 18202 171093 131420 20093 51337 48217 111327 41690 69637 69575 11687 192 57888 917
internal_count=359800 240632 119168 189295 18202 171093 131420 20093 51337 48217 111327 41690 69637 69575 11687 192 57888 917
is_linear=0
shrinkage=0.0229654


Tree=187
num_leaves=19
num_cat=0
split_feature=35 3 8 13 0 0 3 3 0 0 22 18 20 22 35 4 0 14
split_gain=270.72 58.8617 50.8308 36.0195 29.8083 28.179 26.7696 25.9211 39.5127 24.5474 24.0569 20.75 20.2557 18.7182 31.1493 20.0416 34.5033 21.3232
threshold=22132.500000000004 4.5000000000000009 1.0000000180025095e-35 0.73125000000000029 44.500000000000007 17.500000000000004 1.5000000000000002 5.5000000000000009 21.500000000000004 43.500000000000007 3.1249131944444453 0.014375000000000002 6.1500000000000012 7.6032986111111116 19234.500000000004 8.5000000000000018 26.500000000000004 75.312500000000014
decision_type=2 2 2 2 2 2 2 2 2 2 2 2 2 2 2 2 2 2
left_child=2 3 6 -2 5 12 -1 10 -9 -10 -3 -7 -5 14 -8 -15 -17 -18
right_child=1 7 -4 4 -6 11 13 8 9 -11 -12 -13 -14 15 -16 16 17 -19
leaf_value=-3.9582942470690039 3.3884812694068245 3.4589493509470017 -26.994971274811871 -5.6548380917021719 -7.726453036448695 -1.8915566461378126 52.794075098179647 -13.093206254169827 3.146311362307495 -7.5891663977095547 -11.693077343657313 2.1575927507851183 18.050046292351308 -26.636637071044778 -0.78301993897622069 -22.632153770682574 26.997537110573962 24.752965928855939
leaf_weight=16720 34014 2819 63448 28892 14967 49973 117 9528 16264 4120 35061 58122 184 22920 549 1329 513 260
leaf_count=16720 34014 2819 63448 28892 14967 49973 117 9528 16264 4120 35061 58122 184 22920 549 1329 513 260
internal_value=-0.000719026 -0.000312309 -0.00169472 -0.000101311 -0.000252361 -0.000146176 -0.00107917 -0.000891692 -0.00038634 0.000184318 -0.00129074 2.45381e-05 -0.000780837 -0.00154468 0.00225516 -0.00164582 0.000500388 0.00435838
internal_weight=359800 253944 105856 186152 152138 137171 42408 67792 29912 20384 37880 108095 29076 25688 666 25022 2102 773
internal_count=359800 253944 105856 186152 152138 137171 42408 67792 29912 20384 37880 108095 29076 25688 666 25022 2102 773
is_linear=0
shrinkage=0.0229654


Tree=188
num_leaves=19
num_cat=0
split_feature=37 37 37 36 35 37 36 35 36 16 37 36 15 22 35 36 37 35
split_gain=456.186 52.8052 28.4683 27.9747 36.1923 25.6799 35.0603 24.146 23.4285 22.21 19.6748 22.398 18.2389 16.9383 15.4586 17.3741 15.1084 16.8642
threshold=22577.936403045827 24617.385043280763 20884.631928884504 24453.500000000004 24670.500000000004 26938.03789291166 27819.500000000004 24875.500000000004 22376.500000000004 121.06250000000001 32810.018203595908 31379.500000000004 24.806250000000006 6.4070312500000011 16644.500000000004 18788.500000000004 29908.181515470071 32229.500000000004
decision_type=2 2 2 2 2 2 2 2 2 2 2 2 2 2 2 2 2 2
left_child=2 8 -1 4 13 -5 7 12 14 -4 11 16 -7 -3 15 -2 -8 -18
right_child=1 3 9 5 -6 6 10 -9 -10 -11 -12 -13 -14 -15 -16 -17 17 -19
leaf_value=-41.25290245632177 -2.5712452180041425 1.4614856298607348 -15.741019974037149 -4.1238827528874902 1.6825796046748287 12.685016203755003 -2.6478219059331982 3.6946527317754505 -9.0660038418568778 -8.4301567044032595 1.2929926713754394 -11.36817618014415 37.396373517734681 17.743053254931326 -0.35637914003703131 21.876423282425385 5.0289667442677528 -3.0066602100808715
leaf_weight=70951 78 1111 28629 39673 14124 916 21650 19111 42372 13863 57363 18785 66 2967 14544 68 8840 4689
leaf_count=70951 78 1111 28629 39673 14124 916 21650 19111 42372 13863 57363 18785 66 2967 14544 68 8840 4689
internal_value=-0.000712515 -0.000157608 -0.00191757 2.69933e-05 0.000882935 -6.40674e-05 9.0519e-05 0.000973455 -0.000769995 -0.00144747 -6.88388e-05 -0.000383609 0.0044855 0.00278874 2.03228e-05 0.00745589 -4.17155e-05 0.000560343
internal_weight=359800 246357 113443 189295 18202 171093 131420 20093 57062 42492 111327 53964 982 4078 14690 146 35179 13529
internal_count=359800 246357 113443 189295 18202 171093 131420 20093 57062 42492 111327 53964 982 4078 14690 146 35179 13529
is_linear=0
shrinkage=0.0229654


Tree=189
num_leaves=19
num_cat=0
split_feature=35 3 8 13 7 11 3 8 10 3 33 22 15 4 7 22 26 15
split_gain=265.115 57.5946 52.1573 34.5395 34.3439 30.5803 27.7428 29.486 25.9723 28.795 23.3954 17.668 16.8695 16.6943 25.186 18.7505 18.7404 15.4064
threshold=22132.500000000004 4.5000000000000009 1.0000000180025095e-35 0.85625000000000029 0.55438071450436044 108.00000000000001 5.5000000000000009 0.82968937203783688 -0.24999999999999994 3.5000000000000004 0.71875000000000011 14.308680555555558 11.381250000000003 1.5000000000000002 -0.97868534383143924 6.0568576388888902 1.9851562500000004 14.231250000000003
decision_type=2 2 2 2 2 2 2 2 2 2 2 2 2 2 2 2 2 2
left_child=2 3 8 13 6 17 10 12 9 11 -3 -1 -8 14 16 -16 -2 -5
right_child=1 4 -4 5 -6 -7 7 -9 -10 -11 -12 -13 -14 -15 15 -17 -18 -19
leaf_value=1.3342853895999756 27.624753454944532 -9.8218024762255975 -25.9292411022215 -1.4219819434366163 -17.607477838141122 1.1874418249560379 6.0542990550482179 -8.0574160685131009 2.7211690383637088 -31.249919013548794 3.3852269525067951 -15.276195810158118 -0.33309455884577105 0.98722084841736457 1.8652140726316411 12.448325919966955 9.2226206696285651 -6.8288640011141775
leaf_weight=7360 238 25714 63448 57383 15352 56032 6161 6320 6192 17000 2926 11856 11319 21531 8394 4271 566 37737
leaf_count=7360 238 25714 63448 57383 15352 56032 6161 6320 6192 17000 2926 11856 11319 21531 8394 4271 566 37737
internal_value=-0.000706835 -0.00030435 -0.00167238 -9.56363e-05 -0.000877464 -0.000246167 -0.000597784 -1.83343e-05 -0.00104885 -0.00128385 -0.00107931 -0.000674765 0.000467716 0.00055445 0.00118859 0.000938381 0.00513008 -0.000496876
internal_weight=359800 253944 105856 186152 67792 151152 52440 23800 42408 36216 28640 19216 17480 35000 13469 12665 804 95120
internal_count=359800 253944 105856 186152 67792 151152 52440 23800 42408 36216 28640 19216 17480 35000 13469 12665 804 95120
is_linear=0
shrinkage=0.0229654


Tree=190
num_leaves=19
num_cat=0
split_feature=35 8 0 7 26 36 32 18 26 6 23 13 10 22 4 36 4 9
split_gain=258.541 51.1786 37.555 43.4464 31.6787 25.1542 21.5075 17.3828 14.5671 14.411 13.4543 12.9481 14.2464 13.3161 12.8889 38.5772 12.635 12.9095
threshold=22132.500000000004 1.0000000180025095e-35 45.500000000000007 0.65793410509763428 9.0048177083333361 19107.500000000004 162.79375000000002 0.5012500000000002 21.246223958333335 1.0000000180025095e-35 -0.22499999999999606 2.3312500000000007 0.6830127018922193 8.5499565972222253 8.5000000000000018 20281.000000000004 1.5000000000000002 -0.93301270189221908
decision_type=2 2 2 2 2 2 2 2 2 2 2 2 2 2 2 2 2 2
left_child=1 5 3 4 9 -1 7 -7 -4 10 -2 12 -5 -14 -8 -16 -6 -18
right_child=2 -3 8 11 16 6 14 -9 -10 -11 -12 -13 13 -15 15 -17 17 -19
leaf_value=-33.395927292430258 -0.22279855628238351 -25.333765477062986 -10.28711321302875 -7.0165199133113356 9.6819005023324234 -3.2441078022151624 -17.495089548740623 15.809496192743788 6.8487417819690046 -18.795361171583732 3.7114703378213139 -9.6472403561637492 -1.4056149400821603 6.7184459980723936 35.173752921739755 -14.319039852076152 2.0583501602702885 -3.0435662612297998
leaf_weight=11544 33625 63448 17190 10029 1299 15723 13715 955 458 2158 49333 27006 8924 1753 152 319 10902 91267
leaf_count=11544 33625 63448 17190 10029 1299 15723 13715 955 458 2158 49333 27006 8924 1753 152 319 10902 91267
internal_value=-0.000700005 -0.0016535 -0.000302542 -0.000226218 -6.95846e-05 -0.00103585 -0.000693784 -0.00013467 -0.00132447 0.000258588 0.000306784 -0.000845319 -0.000413258 0.000170568 -0.00135112 0.00238431 -0.00033955 -0.000368165
internal_weight=359800 105856 253944 236296 188584 42408 30864 16678 17648 85116 82958 47712 20706 10677 14186 471 103468 102169
internal_count=359800 105856 253944 236296 188584 42408 30864 16678 17648 85116 82958 47712 20706 10677 14186 471 103468 102169
is_linear=0
shrinkage=0.0229654


Tree=191
num_leaves=19
num_cat=0
split_feature=37 37 37 36 35 3 1 36 28 22 27 21 35 35 23 18 30 22
split_gain=443.236 49.9814 30.1882 27.1576 34.203 24.4937 22.6077 21.6079 21.5388 21.9251 23.3216 20.8407 20.3502 19.2859 18.5562 16.6597 17.5695 16.0818
threshold=22525.575014980692 24617.385043280763 20825.599656332084 24453.500000000004 24670.500000000004 2.5000000000000004 21.500000000000004 22435.500000000004 1.2856433823529427 13.33715277777778 0.90398065476190503 20.160286458333335 28274.500000000004 29696.500000000004 1.0125000000000011 0.30187500000000006 506.00625000000008 6.4070312500000011
decision_type=2 2 2 2 2 2 2 2 2 2 2 2 2 2 2 2 2 2
left_child=2 6 -1 4 17 11 7 -2 9 10 -7 15 -12 -13 -4 16 -5 -3
right_child=1 3 14 5 -6 8 -8 -9 -10 -11 12 13 -14 -15 -16 -17 -18 -19
leaf_value=-40.264562316128334 1.2824168673631238 1.437529928368017 -14.648346508712088 -3.440670378588262 1.7856592760266734 -1.2463454394745341 -13.385395184834795 -7.2156724291503131 -6.0762426437809509 -8.5984280061393026 15.447922130037927 6.7088021527975652 2.3872656311313065 13.497365749963654 -9.3659186075182301 5.8793589590882895 1.530676158951497 17.105518192656589
leaf_weight=69545 14102 1111 28580 17177 14124 44524 9443 34931 24091 6369 3073 1377 10312 64 13904 10727 53379 2967
leaf_count=69545 14102 1111 28580 17177 14124 44524 9443 34931 24091 6369 3073 1377 10312 64 13904 10727 53379 2967
internal_value=-0.000692537 -0.000150535 -0.00189127 3.07543e-05 0.000874103 -5.89667e-05 -0.000737395 -0.000539231 -0.000324826 -0.000105327 3.53345e-05 0.000225034 0.000875893 0.00296271 -0.00140893 0.0001765 4.83025e-05 0.00272679
internal_weight=359800 247771 112029 189295 18202 171093 58476 49033 88369 64278 57909 82724 13385 1441 42484 81283 70556 4078
internal_count=359800 247771 112029 189295 18202 171093 58476 49033 88369 64278 57909 82724 13385 1441 42484 81283 70556 4078
is_linear=0
shrinkage=0.0229654


Tree=192
num_leaves=19
num_cat=0
split_feature=37 37 37 36 35 1 16 37 36 36 37 36 35 3 13 7 35 3
split_gain=436.6 45.7322 32.5729 31.6226 27.1359 24.1228 21.4627 20.6168 27.9971 20.4505 17.7971 19.2537 17.5777 22.5796 16.9048 16.5503 16.8664 15.4643
threshold=22577.936403045827 25132.462338645339 20825.599656332084 25267.500000000004 24617.500000000004 21.500000000000004 121.06250000000001 27152.532109597381 27819.500000000004 22435.500000000004 31462.010697715847 32093.500000000004 24875.500000000004 1.0000000180025095e-35 16.168750000000006 0.32075123873380545 16644.500000000004 1.0000000180025095e-35
decision_type=2 2 2 2 2 2 2 2 2 2 2 2 2 2 2 2 2 2
left_child=2 5 -1 4 -3 9 -4 -5 12 15 11 -10 13 -9 17 16 -2 -12
right_child=1 3 6 7 -6 -7 -8 8 10 -11 14 -13 -14 -15 -16 -17 -18 -19
leaf_value=-39.339870177148725 18.693634282341012 13.36798068053537 -14.367684506726217 -4.1369340034154423 2.5828674366303717 -11.374009836641882 -7.8271952440382497 10.680713332948663 -1.0570563866776075 -5.9443332508224298 5.6119101430695855 -17.492972596837454 3.8306529173517334 28.87877287682203 20.668631517916552 -2.6760307911790813 6.0216543120191561 -0.0077196092017984795
leaf_weight=69545 117 3073 29624 29457 17016 11338 14274 621 32018 44672 11687 8215 15106 125 62 7381 7581 57888
leaf_count=69545 117 3073 29624 29457 17016 11338 14274 621 32018 44672 11687 8215 15106 125 62 7381 7581 57888
internal_value=-0.000688261 -0.000145396 -0.00186717 5.38791e-05 0.000911231 -0.000636703 -0.00137736 -5.71111e-05 7.10208e-05 -0.000452421 -5.91542e-05 -0.000443691 0.000973262 0.00441453 0.000163013 0.000278862 0.00102387 0.000152332
internal_weight=359800 246357 113443 175268 20089 71089 43898 155179 125722 59751 109870 40233 15852 746 69637 15079 7698 69575
internal_count=359800 246357 113443 175268 20089 71089 43898 155179 125722 59751 109870 40233 15852 746 69637 15079 7698 69575
is_linear=0
shrinkage=0.0229654


Tree=193
num_leaves=19
num_cat=0
split_feature=37 37 37 1 3 35 35 35 13 16 23 7 11 1 9 17 3 37
split_gain=432.489 45.8389 31.8107 24.5485 23.5098 27.9858 26.379 22.7312 22.0651 20.992 20.543 16.8994 16.1849 14.3954 14.119 16.324 17.8868 13.9076
threshold=22525.575014980692 25415.561728725286 20825.599656332084 21.500000000000004 1.0000000180025095e-35 25425.500000000004 40221.000000000007 25661.500000000004 1.1187500000000006 125.18750000000001 -0.15000000000000022 0.75023006073889154 108.00000000000001 5.5000000000000009 0.68301270189221941 84.687500000000014 4.5000000000000009 29222.169824188488
decision_type=2 2 2 2 2 2 2 2 2 2 2 2 2 2 2 2 2 2
left_child=2 3 -1 7 6 10 13 11 -8 -4 -6 -2 -7 -3 17 -16 -17 -12
right_child=1 4 9 -5 5 12 8 -9 -10 -11 14 -13 -14 -15 15 16 -18 -19
leaf_value=-38.43641397127525 0.29667184658251278 -24.25421262679944 -14.143094575335606 -10.304238368721219 0.16021362630451849 -1.7438351567404664 33.736906026961812 -12.299192337764943 5.8834165996148942 -7.8275741911382655 5.1759546046325271 -6.0165185567610493 1.1637674314413422 4.3281010939198721 8.8908502026484815 30.440092586270097 1.5084645511215207 22.851727021938213
leaf_weight=69545 37958 880 28761 12745 3728 83993 91 13531 101 13723 2790 15373 50461 24569 804 519 166 62
leaf_count=69545 37958 880 28761 12745 3728 83993 91 13531 101 13723 2790 15373 50461 24569 804 519 166 62
internal_value=-0.000684814 -0.000149423 -0.00186892 -0.000603424 6.54963e-05 -4.96784e-05 0.000705684 -0.000427352 0.00918616 -0.0013738 0.00126397 -0.000214062 -0.000128514 0.000641703 0.00233781 0.00415043 0.00675552 0.00139145
internal_weight=359800 247771 112029 79607 168164 142523 25641 66862 192 42484 8069 53331 134454 25449 4341 1489 685 2852
internal_count=359800 247771 112029 79607 168164 142523 25641 66862 192 42484 8069 53331 134454 25449 4341 1489 685 2852
is_linear=0
shrinkage=0.0229654


Tree=194
num_leaves=19
num_cat=0
split_feature=35 5 8 7 26 8 26 36 25 21 11 17 4 24 4 15 24 26
split_gain=247.035 55.0031 50.8639 33.2611 30.2349 29.7625 33.201 25.5915 20.3602 18.3316 17.5322 17.2513 14.1992 13.5407 13.0235 20.6758 18.8949 12.2815
threshold=22132.500000000004 1.0000000180025095e-35 1.0000000180025095e-35 0.55438071450436044 6.0217447916666682 0.82968937203783688 21.246223958333335 19036.500000000004 16.248697916666671 9.6251302083333368 132.00000000000003 66.437500000000014 8.5000000000000018 3.1500000000000021 4.5000000000000009 8.4562500000000025 -3.1249999999999969 12.735156250000001
decision_type=2 2 2 2 2 2 2 2 2 2 2 2 2 2 2 2 2 2
left_child=2 4 7 9 -2 10 -7 -1 17 -3 11 -6 -11 14 15 16 -13 -9
right_child=1 3 -4 -5 5 6 -8 8 -10 12 -12 13 -14 -15 -16 -17 -18 -19
leaf_value=-31.473612113464053 2.5611752941849746 -1.0104956527940849 -23.513030526739978 -16.614419360314617 -4.5667899838428605 -6.6586490258477893 7.6460283366884587 -5.3701066107845499 -15.127732087173413 -11.607942414852792 2.8964414534858043 42.386668003433613 -0.9002838165621595 -8.5622543580707102 -0.97865724419072819 1.964157989966826 9.4990440162128369 6.7173660404474536
leaf_weight=11320 44346 28453 63448 15352 33866 24474 874 9632 15485 16625 28175 140 7362 5178 30254 17111 1734 5971
leaf_count=11320 44346 28453 63448 15352 33866 24474 874 9632 15485 16625 28175 140 7362 5178 30254 17111 1734 5971
internal_value=-0.000682197 -0.000293679 -0.00161424 -0.000853751 -8.97146e-05 -0.000253387 -0.000966526 -0.000998482 -0.000658055 -0.000578515 -9.81662e-05 -0.000257351 -0.00104616 -4.0942e-06 0.000113383 0.00058487 0.00287496 -7.25632e-05
internal_weight=359800 253944 105856 67792 186152 141806 25348 42408 31088 52440 116458 88283 23987 54417 49239 18985 1874 15603
internal_count=359800 253944 105856 67792 186152 141806 25348 42408 31088 52440 116458 88283 23987 54417 49239 18985 1874 15603
is_linear=0
shrinkage=0.0229654


Tree=195
num_leaves=19
num_cat=0
split_feature=35 3 8 13 11 3 0 25 0 18 9 3 35 34 3 16 16 17
split_gain=243.833 53.1611 49.7927 30.4481 29.0512 23.3491 36.4285 22.4061 21.7959 19.5026 16.0829 15.0031 17.9744 15.735 22.6483 14.7198 22.6646 25.3338
threshold=22132.500000000004 4.5000000000000009 1.0000000180025095e-35 0.85625000000000029 108.00000000000001 5.5000000000000009 21.500000000000004 16.017968750000005 43.500000000000007 0.5012500000000002 0.93301270189221952 1.5000000000000002 21001.500000000004 0.57291666666666674 1.0000000180025095e-35 379.18750000000006 5.0625000000000009 66.437500000000014
decision_type=2 2 2 2 2 2 2 2 2 2 2 2 2 2 2 2 2 2
left_child=2 3 7 -2 15 -3 -7 9 -8 -1 -4 12 -9 14 -14 16 -5 -18
right_child=1 5 10 4 -6 6 8 11 -10 -11 -12 -13 13 -15 -16 -17 17 -19
leaf_value=-6.8741582514501562 2.980328696967907 -9.3662425054397414 -24.06450935747662 -4.5037272580848953 1.2556620248952775 -11.70592635197686 3.1536387876239336 -12.567181452483114 -6.2777996181899303 13.821630555345198 -1.9906911082348742 -28.247234946675928 17.57151256377341 30.848624808673197 -19.123395184463117 -12.960346581164584 -5.0959627443136677 1.9265652580579335
leaf_weight=18086 35000 37880 60384 33108 56032 9528 16264 7302 4120 1218 3064 14349 435 105 913 10979 18247 32786
leaf_count=18086 35000 37880 60384 33108 56032 9528 16264 7302 4120 1218 3064 14349 435 105 913 10979 18247 32786
internal_value=-0.00067524 -0.000289248 -0.00160122 -8.87276e-05 -0.000230062 -0.000839861 -0.000360236 -0.000991984 0.000187698 -0.000414482 -0.00200842 -0.0014745 -0.000725293 0.00160742 0.000940423 -0.000474423 -0.000371226 -6.76372e-05
internal_weight=359800 253944 105856 186152 151152 67792 29912 42408 20384 19304 63448 23104 8755 1453 1348 95120 84141 51033
internal_count=359800 253944 105856 186152 151152 67792 29912 42408 20384 19304 63448 23104 8755 1453 1348 95120 84141 51033
is_linear=0
shrinkage=0.0229654


Tree=196
num_leaves=19
num_cat=0
split_feature=37 37 37 36 37 36 0 36 16 37 36 7 30 7 36 8 37 8
split_gain=422.736 43.0257 35.9067 26.7668 23.3554 33.5111 21.6774 19.3484 19.235 16.9203 16.8549 15.9192 18.9887 15.0471 14.6574 14.4241 13.409 16.3229
threshold=22525.575014980692 24617.385043280763 20825.599656332084 24453.500000000004 26938.03789291166 27819.500000000004 44.500000000000007 22435.500000000004 125.18750000000001 30396.612590994228 30043.500000000004 -0.97868534383143924 2152.9812500000003 0.44134171618254497 26661.500000000004 -0.89495246814786256 30273.138219804448 -0.97868534383143924
decision_type=2 2 2 2 2 2 2 2 2 2 2 2 2 2 2 2 2 2
left_child=2 6 -1 -3 14 16 7 13 -4 -7 -11 12 -12 -2 -5 -13 -6 -18
right_child=1 3 8 4 5 9 -8 -9 -10 10 11 15 -14 -15 -16 -17 17 -19
leaf_value=-36.564874886170934 6.0769303385167461 4.3206502519064012 -13.061678070333347 -1.0306668136586477 3.6764228201523492 -3.5506440480264803 -12.14292647441113 -6.6335294464743217 -7.072151229990058 4.8803998707503293 3.7154714448222208 3.4329234211328816 24.892589763590678 -3.2955155013229667 -8.9797815408183883 -1.8503483570844974 29.387504453590967 9.9233402470902963
leaf_weight=69545 7933 18202 28761 22714 18144 31205 9463 34924 13723 6917 10316 13456 175 6156 16959 49258 185 1764
leaf_count=69545 7933 18202 28761 22714 18144 31205 9463 34924 13723 6917 10316 13456 175 6156 16959 49258 185 1764
internal_value=-0.000670772 -0.000141452 -0.00184145 2.67507e-05 -6.23224e-05 8.51018e-05 -0.000685947 -0.000491658 -0.00131541 -7.06954e-05 0.000105995 3.60716e-06 0.000831623 0.000226736 -0.000550677 -0.000134906 0.00094831 0.00275844
internal_weight=359800 247771 112029 189295 171093 131420 58476 49013 42484 111327 80122 73205 10491 14089 39673 62714 20093 1949
internal_count=359800 247771 112029 189295 171093 131420 58476 49013 42484 111327 80122 73205 10491 14089 39673 62714 20093 1949
is_linear=0
shrinkage=0.0229654


Tree=197
num_leaves=19
num_cat=0
split_feature=0 3 30 0 32 7 10 3 6 28 1 3 3 10 26 26 14 27
split_gain=166.169 74.3525 73.7946 46.6683 45.8728 39.8615 39.5617 38.1811 32.9176 25.975 20.3071 19.6958 15.8274 17.0853 15.1806 15.3839 14.9966 15.7119
threshold=13.500000000000002 4.5000000000000009 770.85625000000016 45.500000000000007 165.34375000000003 -0.13052619222005171 -0.5 5.5000000000000009 1.0000000180025095e-35 1.5027141173389216 1.5000000000000002 2.5000000000000004 1.0000000180025095e-35 1.0000000180025095e-35 21.246223958333335 7.323046875000002 48.687500000000007 -1.0000000180025095e-35
decision_type=2 2 2 2 2 2 2 2 2 2 2 2 2 2 2 2 2 2
left_child=2 3 -1 4 8 6 -3 -8 9 16 12 -11 -4 -14 15 -5 -2 -18
right_child=1 5 10 14 -6 -7 7 -9 -10 11 -12 -13 13 -15 -16 -17 17 -19
leaf_value=-22.784249140638433 -11.63486760072572 -12.6421523798873 -19.58905509465481 -0.97339361013067904 -5.0480269535148601 -18.783001079897499 -4.852138229409289 4.0794868447008605 -16.669226443448679 1.0994000652594536 -8.5695589242199155 -6.8197132739125417 -10.770421486271847 3.0880366932026986 6.6759786445164266 -13.653255270706529 1.1188059223687359 5.0716696407960455
leaf_weight=52209 2468 16896 1942 4115 38096 27752 14960 15136 4864 18600 31347 13145 1885 10073 391 11574 46834 47513
leaf_count=52209 2468 16896 1942 4115 38096 27752 14960 15136 4864 18600 31347 13145 1885 10073 391 11574 46834 47513
internal_value=-0.000665793 -0.000364987 -0.00147554 -0.000120948 -1.00426e-05 -0.000977499 -0.000569933 -7.0661e-05 0.000190643 0.000260808 -0.000796712 -0.000309269 -6.60881e-05 0.000246208 -0.00130394 -0.00141534 0.000447732 0.00049396
internal_weight=359800 262344 97456 187600 171520 74744 46992 30096 133424 128560 45247 31745 13900 11958 16080 15689 96815 94347
internal_count=359800 262344 97456 187600 171520 74744 46992 30096 133424 128560 45247 31745 13900 11958 16080 15689 96815 94347
is_linear=0
shrinkage=0.0229654


Tree=198
num_leaves=19
num_cat=0
split_feature=37 37 1 37 1 7 35 25 11 37 35 22 25 28 11 37 22 28
split_gain=416.735 53.3231 26.6944 24.7365 22.2887 21.9347 20.3142 19.3705 18.9512 15.5936 14.9483 14.4642 12.4851 12.6216 12.3173 11.922 20.0663 15.0349
threshold=22090.039410927366 24366.059982709161 21.500000000000004 20825.599656332084 19.500000000000004 0.44134171618254497 24722.500000000004 17.159114583333338 108.00000000000001 26466.99420136926 27702.500000000004 0.88997395833333348 5.4346354166666675 -3.6562499999999978 84.000000000000014 35846.50295650318 8.3150607638888907 -1.7538252508361214
decision_type=2 2 2 2 2 2 2 2 2 2 2 2 2 2 2 2 2 2
left_child=3 2 5 -1 6 14 -3 12 9 -8 -11 -10 -6 -14 -2 -12 17 -17
right_child=1 4 -4 -5 7 -7 8 -9 11 10 15 -13 13 -15 -16 16 -18 -19
leaf_value=-35.373676351537448 -5.011833352313519 5.4468841096812497 -13.220070971902025 -12.563063048814072 0.39058615791216139 -8.1539163996715001 -5.6596833962935262 4.6539050055960303 13.527169965989403 4.2254288180195969 -2.1927936674710069 2.1930730782862775 5.3751569102988785 -4.7051801426871842 2.7418493087410569 3.3233861284159341 9.3438578775506436 -4.4273321843195879
leaf_weight=69545 14230 18392 10049 31370 11712 23379 15987 2482 1020 9358 39787 49052 977 29538 14707 7491 3567 7157
leaf_count=69545 14230 18392 10049 31370 11712 23379 15987 2482 1020 9358 39787 49052 977 29538 14707 7491 3567 7157
internal_value=-0.000660559 -0.000172584 -0.000757658 -0.0019124 1.30878e-05 -0.000549421 0.000145815 -0.000437591 4.71803e-05 -0.000164966 -1.19333e-05 0.000400307 -0.000553483 -0.000798127 -0.000126744 -0.00014935 0.000337263 -3.88825e-05
internal_weight=359800 258885 62365 100915 196520 52316 151811 44709 133419 83347 67360 50072 42227 30515 28937 58002 18215 14648
internal_count=359800 258885 62365 100915 196520 52316 151811 44709 133419 83347 67360 50072 42227 30515 28937 58002 18215 14648
is_linear=0
shrinkage=0.0229654


Tree=199
num_leaves=19
num_cat=0
split_feature=1 21 8 3 10 3 3 8 1 18 25 12 24 30 33 33 13 15
split_gain=158.596 86.4861 60.6109 59.4258 56.8397 26.4067 26.5884 26.3639 24.8821 24.7101 28.7972 22.4325 18.2826 18.0004 16.0611 15.9923 16.9941 20.7692
threshold=7.5000000000000009 10.357161458333335 0.94490267940017769 3.5000000000000004 -0.24999999999999994 5.5000000000000009 4.5000000000000009 -0.65793410509763406 10.500000000000002 0.014375000000000002 3.4802083333333331 21.556250000000009 0.049999999999998053 2284.7250000000004 0.42013888888888895 0.69097222222222232 2.8937500000000007 17.568750000000005
decision_type=2 2 2 2 2 2 2 2 2 2 2 2 2 2 2 2 2 2
left_child=1 12 3 9 14 6 7 13 -7 10 -2 -3 -1 -6 -5 -8 -17 -18
right_child=2 11 -4 4 5 8 15 -9 -10 -11 -12 -13 -14 -15 -16 16 17 -19
leaf_value=-2.0001194305183696 5.7714322313115636 -20.235376587982419 -10.393408098743425 -10.942799457583055 6.6196157888222551 -6.6204138952378999 -10.017144250858671 -3.8331720832214304 6.0032867943009256 2.9172901946480789 -2.2714722904935623 13.000470538888322 -9.7723939893759155 28.279143970722654 10.43587987620046 -0.77951555740323231 21.070407100768406 -37.464150377149977
leaf_weight=32173 5668 63144 22472 41906 7514 3552 14259 9344 13632 65428 53256 295 24316 78 86 2275 262 140
leaf_count=32173 5668 63144 22472 41906 7514 3552 14259 9344 13632 65428 53256 295 24316 78 86 2275 262 140
internal_value=-0.000655836 -0.00133773 -0.000314909 -0.000197541 -0.000636481 -0.000121719 -0.000493724 0.000149703 0.000611555 0.000130901 -0.00021023 -0.00191969 -0.000684178 0.00115492 -0.00126235 -0.00113715 0.000491564 0.00484444
internal_weight=359800 119928 239872 217400 93048 51056 33872 16936 17184 124352 58924 63439 56489 7592 41992 16936 2677 402
internal_count=359800 119928 239872 217400 93048 51056 33872 16936 17184 124352 58924 63439 56489 7592 41992 16936 2677 402
is_linear=0
shrinkage=0.0229654


Tree=200
num_leaves=19
num_cat=0
split_feature=37 37 1 37 1 31 7 6 35 11 24 37 18 16 22 11 24 37
split_gain=410.395 49.8252 26.4186 26.3086 21.5142 24.7989 21.2868 19.361 18.7968 17.7459 18.5593 18.5288 17.1878 13.4854 13.1662 12.371 12.2178 11.834
threshold=22090.039410927366 24412.078114376811 21.500000000000004 20471.729123591304 18.500000000000004 187.59375000000003 0.44134171618254497 1.0000000180025095e-35 25425.500000000004 108.00000000000001 0.049999999999998053 36739.182209703904 0.11312500000000002 177.18750000000003 0.88997395833333348 84.000000000000014 -0.9249999999999996 27434.633048687825
decision_type=2 2 2 2 2 2 2 2 2 2 2 2 2 2 2 2 2 2
left_child=3 2 6 -1 7 17 15 8 12 10 11 -10 -3 -5 16 -2 -11 -6
right_child=1 4 -4 13 5 -7 -8 -9 9 14 -12 -13 -14 -15 -16 -17 -18 -19
leaf_value=-40.320217530613277 -4.6936929072069269 2.1886175942295103 -12.485785635665543 -13.653500874551803 -4.3962670922533889 4.7589315937634673 -7.7662986213955323 -23.359466104386339 -0.31543903153973507 -2.3851696849058088 -3.7193802548385073 6.2639463446907531 11.010356296710597 -9.825524883090587 2.6504034638442633 2.9461277178487633 16.628390948994891 -0.91071272275249737
leaf_weight=61056 14577 17700 10260 28302 20844 3199 23875 1951 29625 284 31387 7552 6797 11557 40254 15046 658 34876
leaf_count=61056 14577 17700 10260 28302 20844 3199 23875 1951 29625 284 31387 7552 6797 11557 40254 15046 658 34876
internal_value=-0.000650091 -0.000165842 -0.000723203 -0.00189237 1.62766e-05 -0.000350373 -0.00051848 0.000174877 0.000207883 7.9508e-05 -0.000146842 0.00020033 0.000783075 -0.00143344 0.00045623 -0.000107218 0.00314007 -0.000463265
internal_weight=359800 258885 63758 100915 195127 58919 53498 136208 134257 109760 68564 37177 24497 39859 41196 29623 942 55720
internal_count=359800 258885 63758 100915 195127 58919 53498 136208 134257 109760 68564 37177 24497 39859 41196 29623 942 55720
is_linear=0
shrinkage=0.0229654


Tree=201
num_leaves=19
num_cat=0
split_feature=37 37 37 23 3 35 15 26 35 22 21 15 19 18 26 3 21 26
split_gain=405.8 47.5958 27.1589 22.4232 21.8211 19.8405 24.4008 39.2316 14.7142 14.6252 21.6925 24.1903 13.7573 13.1112 13.0528 12.8974 11.9088 16.6522
threshold=22090.039410927366 24515.504057869399 20713.858809328627 -0.075000000000000108 1.5000000000000002 24500.500000000004 23.856250000000006 8.6826822916666675 23703.500000000004 2.863932291666667 3.630598958333334 18.056250000000002 8.4187500000000028 1.2062500000000003 21.246223958333335 5.5000000000000009 20.160286458333335 10.96549479166667
decision_type=2 2 2 2 2 2 2 2 2 2 2 2 2 2 2 2 2 2
left_child=2 3 -1 14 16 6 13 -8 -5 10 15 12 -12 -6 -2 -7 17 -3
right_child=1 4 -4 8 5 9 7 -9 -10 -11 11 -13 -14 -15 -16 -17 -18 -19
leaf_value=-35.145780031685526 -8.5158376719644355 3.7717166529737987 -11.99939528671767 1.3330852955641874 3.740364835513982 3.9869821836808748 43.287683883987178 -1.5588295589610328 -7.2264954059792483 -1.5863039805377119 26.714749559088137 -22.159950678557344 11.208044584319197 23.99247469617119 6.6252478548201887 -6.5173619596275811 7.245398246673231 -1.1441545078114153
leaf_weight=66776 32127 39586 34139 17698 5209 6193 131 159 15866 118102 130 202 359 71 973 1591 1382 19106
leaf_count=66776 32127 39586 34139 17698 5209 6193 131 159 15866 118102 130 202 359 71 973 1591 1382 19106
internal_value=-0.000645687 -0.000164156 -0.001881 -0.000692918 1.92228e-05 -0.000145756 0.00119569 0.00768153 -0.000274649 -0.000204785 0.000716737 0.00461635 0.00737805 0.000839455 -0.00111705 0.000370562 0.000382132 0.000332515
internal_weight=359800 258885 100915 66664 192221 132147 5570 290 33564 126577 8475 691 489 5280 33100 7784 60074 58692
internal_count=359800 258885 100915 66664 192221 132147 5570 290 33564 126577 8475 691 489 5280 33100 7784 60074 58692
is_linear=0
shrinkage=0.0229654


Tree=202
num_leaves=19
num_cat=0
split_feature=37 37 37 1 35 5 7 6 8 31 29 7 30 4 37 16 28 7
split_gain=400.973 47.9576 27.0454 25.7154 20.689 20.3446 19.538 17.7588 17.276 16.3674 19.4767 17.1598 18.957 15.0383 14.6535 13.5098 12.6261 11.9719
threshold=22027.651292515438 24366.059982709161 20471.729123591304 21.500000000000004 23876.500000000004 1.0000000180025095e-35 0.44134171618254497 1.0000000180025095e-35 -0.82968937203783677 187.59375000000003 126.45625000000003 -0.97868534383143924 2152.9812500000003 5.5000000000000009 26401.24440824152 226.81250000000003 1.3162221431958276 0.44134171618254497
decision_type=2 2 2 2 2 2 2 2 2 2 2 2 2 2 2 2 2 2
left_child=2 3 -1 6 -3 7 -2 8 -6 10 -10 12 -12 14 -11 -4 -13 -7
right_child=1 4 15 -5 5 17 -8 -9 9 13 11 16 -14 -15 -16 -17 -18 -19
leaf_value=-38.587110036280514 -0.90840530467155434 5.5414675513433229 -13.125620682001573 -12.292194087142922 4.2121850143406023 -1.7066261606236874 -7.520082994006569 -15.167108581807893 -3.3528849306426731 -1.9554945822199297 4.8230323974786797 0.75430244963104043 25.037221144500613 4.3466472300569361 11.250996370838342 -9.2455949259435659 -3.8489267595523797 -11.120946333216802
leaf_weight=61056 29593 13110 27759 10257 27844 34000 24009 2790 22978 76 9473 58022 124 4194 126 10606 17447 6336
leaf_count=61056 29593 13110 27759 10257 27844 34000 24009 2790 22978 76 9473 58022 124 4194 126 10606 17447 6336
internal_value=-0.000639368 -0.000165631 -0.00188006 -0.000712385 1.20361e-05 -5.09624e-05 -0.00051079 7.74636e-05 0.000113546 -1.32765e-05 -6.91663e-05 9.10879e-05 0.00100577 0.00136037 0.00748081 -0.00140223 -2.52272e-05 -0.000506497
internal_weight=359800 260379 99421 63859 196520 183410 53602 143074 140284 112440 108044 85066 9597 4396 202 38365 75469 40336
internal_count=359800 260379 99421 63859 196520 183410 53602 143074 140284 112440 108044 85066 9597 4396 202 38365 75469 40336
is_linear=0
shrinkage=0.0229654


Tree=203
num_leaves=19
num_cat=0
split_feature=35 3 1 7 13 11 3 33 7 15 9 36 15 18 1 10 29 3
split_gain=227.093 51.3822 40.3078 31.1874 25.6389 29.0119 23.76 22.7254 19.7809 18.2345 18.0824 17.3988 16.0261 36.0214 15.7049 18.0049 26.9318 17.9377
threshold=21746.500000000004 4.5000000000000009 6.5000000000000009 0.44134171618254497 0.73125000000000029 108.00000000000001 5.5000000000000009 0.69097222222222232 -0.55438071450436044 10.781250000000004 0.93301270189221952 19036.500000000004 14.231250000000003 0.11312500000000002 18.500000000000004 -0.24999999999999994 5.7875000000000032 2.5000000000000004
decision_type=2 2 2 2 2 2 2 2 2 2 2 2 2 2 2 2 2 2
left_child=2 4 10 6 -2 12 7 -3 9 -8 -1 -4 13 -6 15 -13 -17 -18
right_child=1 3 11 -5 5 -7 8 -9 -10 -11 -12 14 -14 -15 -16 16 17 -19
leaf_value=-22.899048828746356 2.6449808063222453 -8.2706335828755737 -25.724979546226528 -13.828967988553943 -2.4044815498428314 1.2749048621164412 7.5298347776674541 3.3068806964717181 -4.2751746511037219 0.22418893394637701 -0.65668071131413563 -8.4909890353848567 -6.4171161837879875 5.2862818358579169 -17.839392696763795 27.625735980294898 -9.5353683053539484 16.203708693735908
leaf_weight=56944 34610 25193 9160 19384 51359 58700 3849 2855 10888 8855 2672 20240 39170 9169 3536 76 1492 1648
leaf_count=56944 34610 25193 9160 19384 51359 58700 3849 2855 10888 8855 2672 20240 39170 9169 3536 76 1492 1648
internal_value=-0.000634964 -0.000287486 -0.00159296 -0.000815611 -9.31434e-05 -0.00021687 -0.000520769 -0.000972559 1.63533e-05 0.000631982 -0.00195986 -0.000987935 -0.000455356 -0.000221125 -0.000694442 -0.00047936 0.00111685 0.000789892
internal_weight=359800 264032 95768 71024 193008 158398 51640 28048 23592 12704 59616 36152 99698 60528 26992 23456 3216 3140
internal_count=359800 264032 95768 71024 193008 158398 51640 28048 23592 12704 59616 36152 99698 60528 26992 23456 3216 3140
is_linear=0
shrinkage=0.0229654


Tree=204
num_leaves=19
num_cat=0
split_feature=37 37 37 36 0 36 35 37 36 35 36 35 37 3 35 0 35 29
split_gain=394.999 48.2005 25.6069 24.0296 23.2931 23.3299 21.6176 21.149 31.9931 33.2907 18.3596 19.3215 18.1475 16.9006 18.1203 16.6431 21.0648 21.6842
threshold=21915.138123433535 24026.812138910074 20411.727015907407 23495.500000000004 45.500000000000007 22554.500000000004 22466.500000000004 26466.99420136926 27900.500000000004 25042.500000000004 26661.500000000004 23876.500000000004 30396.612590994228 2.5000000000000004 23594.500000000004 18.500000000000004 16644.500000000004 423.19375000000008
decision_type=2 2 2 2 2 2 2 2 2 2 2 2 2 2 2 2 2 2
left_child=2 4 -1 6 5 15 -3 10 9 13 11 -5 -10 -9 -15 -2 -17 -18
right_child=1 3 -4 7 -6 -7 -8 8 12 -11 -12 -13 -14 14 -16 16 17 -19
leaf_value=-38.197478150486951 -3.4456019058728558 19.303836614832417 -12.437723883292183 4.581832809427886 -13.637551179281228 -7.9590487132309296 2.9544594651953919 10.893950553286532 -3.7505829857489528 2.5414867659372025 -11.686481938273747 -2.8478794439467729 0.45245681739066196 40.096488415513683 17.895447545047798 22.796199643691175 3.6795223656224136 24.153780667541806
leaf_weight=59610 10558 1371 36956 7942 8262 28974 14185 1859 32972 26757 13892 27184 80048 73 173 265 8595 124
leaf_count=59610 10558 1371 36956 7942 8262 28974 14185 1859 32972 26757 13892 27184 80048 73 173 265 8595 124
internal_value=-0.000629028 -0.000168153 -0.00188535 -5.18416e-06 -0.000760741 -0.000568787 0.000862752 -7.59103e-05 6.61689e-05 0.000748591 -0.000487157 -0.000207648 -0.000108102 0.00352936 0.00918616 4.44213e-05 0.000770966 0.000577098
internal_weight=359800 263234 96566 206456 56778 48516 15556 190900 141882 28862 49018 35126 113020 2105 246 19542 8984 8719
internal_count=359800 263234 96566 206456 56778 48516 15556 190900 141882 28862 49018 35126 113020 2105 246 19542 8984 8719
is_linear=0
shrinkage=0.0229654


Tree=205
num_leaves=19
num_cat=0
split_feature=36 1 7 1 32 13 13 3 9 3 13 9 17 6 36 4 30 1
split_gain=205.126 37.6506 51.3099 30.0715 28.0154 22.9365 22.8893 16.4581 15.6391 15.2894 14.1263 14.1188 13.7076 14.1751 13.177 19.2865 25.6183 17.8982
threshold=21431.500000000004 21.500000000000004 0.65793410509763428 8.5000000000000018 173.11875000000003 -2.3812499999999992 17.831250000000008 3.5000000000000004 -0.24999999999999994 4.5000000000000009 3.0812500000000007 -0.93301270189221908 42.062500000000007 1.0000000180025095e-35 30043.500000000004 1.5000000000000002 1042.7437500000003 8.5000000000000018
decision_type=2 2 2 2 2 2 2 2 2 2 2 2 2 2 2 2 2 2
left_child=3 2 4 5 12 8 -6 -5 -1 -4 -3 -9 -2 14 15 16 -14 -17
right_child=1 10 9 7 6 -7 -8 11 -10 -11 -12 -13 13 -15 -16 17 -18 -19
leaf_value=12.013907898581166 -2.5751110600112233 -1.5817317084528844 -4.6633868240614236 -1.1092166476052396 -8.6948229833049027 -21.084483769539361 -0.45405089785147867 3.7325952568451286 0.26792238444153565 -14.823319508357521 -9.2733093847907551 -15.743001497476243 18.769228311921363 -13.174084604442028 -0.087403473270020127 -3.3626098555294006 4.9180052237256113 3.4099302806984535
leaf_weight=166 27669 7960 44000 8152 15604 58014 17733 1632 1196 10048 19152 18136 1303 3445 63995 12492 3254 45849
leaf_count=166 27669 7960 44000 8152 15604 58014 17733 1632 1196 10048 19152 18136 1303 3445 63995 12492 3254 45849
internal_value=-0.000625837 -0.000315477 -0.00022575 -0.00159466 -4.92574e-05 -0.00188694 -0.000654236 -0.000973069 0.0010589 -0.000850581 -0.0011276 -0.00133113 7.83836e-05 0.000176938 0.0002164 0.000452458 0.00189136 0.000340066
internal_weight=359800 272504 245392 87296 191344 59376 33337 27920 1362 54048 27112 19768 158007 130338 126893 62898 4557 58341
internal_count=359800 272504 245392 87296 191344 59376 33337 27920 1362 54048 27112 19768 158007 130338 126893 62898 4557 58341
is_linear=0
shrinkage=0.0229654


Tree=206
num_leaves=19
num_cat=0
split_feature=37 37 36 1 37 36 37 36 1 37 36 13 16 37 3 27 37 27
split_gain=390.174 48.705 27.5826 25.87 24.1558 23.0614 21.545 29.2526 18.6955 16.7041 17.42 15.9918 14.4541 13.8035 13.2642 15.1628 18.2334 23.352
threshold=21798.629662579697 24515.504057869399 24453.500000000004 21.500000000000004 20296.943862366232 22554.500000000004 26605.106371552731 27900.500000000004 8.5000000000000018 31462.010697715847 32093.500000000004 16.168750000000006 253.31250000000003 30520.511841956639 1.0000000180025095e-35 1.0000000180025095e-35 40097.014493550079 -1.0000000180025095e-35
decision_type=2 2 2 2 2 2 2 2 2 2 2 2 2 2 2 2 2 2
left_child=4 3 -3 5 -1 8 -4 13 -2 10 -9 14 -10 -8 15 16 -11 -18
right_child=1 2 6 -5 -6 -7 7 9 12 11 -12 -13 -14 -15 -16 -17 17 -19
leaf_value=-38.994792092242754 -2.8133467049952561 4.1281954916249584 -3.9498162214069978 -11.432493480845196 -12.527085194349313 -6.9920284533575892 3.0928826159295553 -1.2727959032549054 13.652883743663054 7.7978871743029483 -16.947283282371636 19.985928036742987 4.3285538016388969 12.26132068373315 -0.15830726000863418 0.6796028014270048 15.686447477393049 41.080395920940745
leaf_weight=56797 12718 19592 35151 11620 36906 38814 23323 34383 1540 4551 8410 62 9184 1753 57860 6644 409 83
leaf_count=56797 12718 19592 35151 11620 36906 38814 23323 34383 1540 4551 8410 62 9184 1753 57860 6644 409 83
internal_value=-0.000618943 -0.000170167 2.24486e-05 -0.000671343 -0.00189337 -0.000485677 -7.02288e-05 5.95019e-05 8.30754e-05 -9.87255e-05 -0.000455788 0.000120783 0.000789355 0.000768749 0.00011039 0.00081608 0.00176555 0.0059654
internal_weight=359800 266097 192221 73876 93703 62256 172629 137478 23442 112402 42793 69609 10724 25076 69547 11687 5043 492
internal_count=359800 266097 192221 73876 93703 62256 172629 137478 23442 112402 42793 69609 10724 25076 69547 11687 5043 492
is_linear=0
shrinkage=0.0229654


Tree=207
num_leaves=19
num_cat=0
split_feature=37 37 36 37 1 3 36 28 21 31 0 29 23 31 22 21 7 21
split_gain=384.189 49.2857 23.3497 22.9961 22.8615 21.424 20.4581 18.6478 25.3378 16.8772 15.1403 16.5601 14.1401 15.8869 13.6485 21.6457 12.8232 27.9345
threshold=21738.779508258558 24026.812138910074 23495.500000000004 20296.943862366232 21.500000000000004 2.5000000000000004 22554.500000000004 1.2856433823529427 13.379036458333333 227.73750000000004 18.500000000000004 423.19375000000008 1.0500000000000007 17.400000000000009 11.994531250000003 14.329817708333335 -0.94490267940017747 1.0000000180025095e-35
decision_type=2 2 2 2 2 2 2 2 2 2 2 2 2 2 2 2 2 2
left_child=3 4 -3 -1 6 9 10 8 12 14 -2 -12 -7 -14 15 16 17 -4
right_child=1 2 5 -5 -6 7 -8 -9 -10 -11 11 -13 13 -15 -16 -17 -18 -19
leaf_value=-38.099260745701926 -3.3096807039248186 4.3744288193805829 28.516566203801084 -12.35696359864688 -12.507712876097523 -0.84232551062374283 -7.857258897870639 -5.2269245935780519 -7.7488516632821387 7.1295496249791936 5.105177049029713 23.336292941382617 3.7079386703462962 35.409153163592663 -1.8202332997009736 16.215461819794676 1.0699979543683256 4.7924878870766205
leaf_weight=56797 12155 15556 92 35462 9609 46197 29625 27461 7943 1848 9562 134 17526 99 24109 73 56478 9074
leaf_count=56797 12155 15556 92 35462 9609 46197 29625 27461 7943 1848 9562 134 17526 99 24109 73 56478 9074
internal_value=-0.000614858 -0.000174176 -4.62798e-06 -0.00189279 -0.000747218 -7.43464e-05 -0.000555264 -0.000308193 -0.000113444 0.000178765 -2.21767e-05 0.000654665 3.87897e-05 0.000592214 0.00013407 0.000305532 0.000291633 0.00108839
internal_weight=359800 267541 206456 92259 61085 190900 51476 99226 71765 91674 21851 9696 63822 17625 89826 65717 65644 9166
internal_count=359800 267541 206456 92259 61085 190900 51476 99226 71765 91674 21851 9696 63822 17625 89826 65717 65644 9166
is_linear=0
shrinkage=0.0229654


Tree=208
num_leaves=19
num_cat=0
split_feature=37 37 37 36 0 36 35 11 15 18 23 23 37 16 22 22 24 35
split_gain=376.576 45.9318 25.2459 21.9261 21.7105 20.973 20.934 18.7367 16.5455 18.7999 16.4032 18.9302 15.2734 14.799 15.5603 14.6373 14.4077 14.3268
threshold=21798.629662579697 24026.812138910074 20296.943862366232 23495.500000000004 45.500000000000007 22554.500000000004 22466.500000000004 108.00000000000001 12.156250000000004 0.051250000000000011 -0.25000000000000028 1.0000000180025095e-35 36373.894888711664 235.31250000000003 4.7875000000000005 0.88997395833333348 -6.6062500000000002 16377.500000000002
decision_type=2 2 2 2 2 2 2 2 2 2 2 2 2 2 2 2 2 2
left_child=2 4 -1 6 5 17 -3 8 9 16 -10 12 -12 15 -15 -9 -5 -2
right_child=1 3 -4 7 -6 -7 -8 13 10 -11 11 -13 -14 14 -16 -17 -18 -19
leaf_value=-37.224295642744096 22.152873139205862 18.698410320172776 -11.955612837982722 17.027170659722511 -12.762859138522606 -7.5459334674042537 2.8646732366245296 13.060591679349434 -5.8130987051438296 4.1534820660760863 1.0096361812561381 -3.1887383114482044 13.956562215114404 25.332779989181677 5.1595602143396064 0.072637013991095636 -0.86537140540299817 -0.37871209700380343
leaf_weight=56797 309 1371 36906 110 8600 29907 14185 1083 23925 10131 5966 33603 2255 608 12589 57494 43136 20825
leaf_count=56797 309 1371 36906 110 8600 29907 14185 1083 23925 10131 5966 33603 2255 608 12589 57494 43136 20825
internal_value=-0.000609241 -0.000168355 -0.00186127 -6.18529e-06 -0.000729729 -0.000549873 0.000822892 -7.37449e-05 -0.000250348 5.00374e-05 -0.00049421 -0.000219859 0.000767934 0.00021937 0.000914126 6.28459e-05 -0.000158569 3.91142e-06
internal_weight=359800 266097 93703 206456 59641 51041 15556 190900 119126 53377 65749 41824 8221 71774 13197 58577 43246 21134
internal_count=359800 266097 93703 206456 59641 51041 15556 190900 119126 53377 65749 41824 8221 71774 13197 58577 43246 21134
is_linear=0
shrinkage=0.0229654


Tree=209
num_leaves=19
num_cat=0
split_feature=37 37 0 3 35 3 36 37 36 33 37 35 8 36 37 35 13 25
split_gain=372.405 51.809 22.2419 21.4052 49.8834 28.589 27.0895 27.0554 25.1102 23.6029 21.8776 43.1558 28.3314 20.064 19.7715 17.9072 20.5526 16.078
threshold=21568.319413839254 24026.812138910074 45.500000000000007 4.5000000000000009 20032.500000000004 5.5000000000000009 26466.500000000004 28231.963308138806 29484.500000000004 0.71180555555555569 27152.532109597381 26028.500000000004 -0.75023006073889131 22554.500000000004 20167.682146005318 16377.500000000002 16.593750000000004 10.237239583333334
decision_type=2 2 2 2 2 2 2 2 2 2 2 2 2 2 2 2 2 2
left_child=14 2 13 6 -5 9 10 -8 -9 -6 -3 12 -12 15 -1 16 -2 -10
right_child=1 3 -4 4 5 -7 7 8 17 -11 11 -13 -14 -15 -16 -17 -18 -19
leaf_value=-38.620034546320632 7.6275009900121633 1.9833970251648121 -12.669377010406961 34.422607075038492 -9.0599447080393389 0.61392033518821632 -4.4867681128682779 5.4148718965455629 0.83081168386047499 2.4096024923511554 23.36065540615839 4.3625402280563508 12.813202619349394 -7.612686681222236 -12.620735812178928 -1.0082935807076132 38.388124131580547 -4.1911133666923943
leaf_weight=53884 259 38778 9215 101 18886 21171 30810 13777 58421 3890 257 6571 754 31558 34098 24226 104 13040
leaf_count=53884 259 38778 9215 101 18886 21171 30810 13777 58421 3890 257 6571 754 31558 34098 24226 104 13040
internal_value=-0.000604263 -0.000183914 -0.000747408 -5.51787e-06 -0.000454533 -0.000491583 0.000116263 -7.12034e-05 0.000139616 -0.00105631 0.000585528 0.00171377 0.00613092 -0.000575782 -0.00190292 -8.39645e-05 0.004979 -3.34551e-05
internal_weight=359800 271818 65362 206456 44048 43947 162408 116048 85238 22776 46360 7582 1011 56147 87982 24589 363 71461
internal_count=359800 271818 65362 206456 44048 43947 162408 116048 85238 22776 46360 7582 1011 56147 87982 24589 363 71461
is_linear=0
shrinkage=0.0229654


Tree=210
num_leaves=19
num_cat=0
split_feature=37 37 36 3 35 37 35 23 36 35 13 28 21 27 27 31 35 35
split_gain=368.154 49.581 20.9227 20.1853 23.7471 20.0672 19.9484 19.1816 18.9073 20.8849 18.4112 17.7369 24.2734 20.5971 16.2856 16.1936 19.9638 16.1436
threshold=21568.319413839254 24026.812138910074 23495.500000000004 2.5000000000000004 20032.500000000004 20103.978074904768 22466.500000000004 -0.075000000000000108 23203.500000000004 16644.500000000004 16.481250000000006 1.2856433823529427 13.379036458333333 0.90398065476190503 2.2365513392857133 227.73750000000004 29696.500000000004 28441.500000000004
decision_type=2 2 2 2 2 2 2 2 2 2 2 2 2 2 2 2 2 2
left_child=5 7 6 15 -5 -1 -3 -2 9 10 14 12 13 -6 -9 -4 -17 -15
right_child=1 2 3 4 11 -7 -8 8 -10 -11 -12 -13 -14 17 -16 16 -18 -19
leaf_value=-39.019491458951968 -7.3194751595215335 18.215757169284707 0.80161984745832393 25.82660906570888 -1.0136046754964749 -12.559867974363421 2.7648285728161923 -18.383847280230082 -8.9136643291992446 0.58794880683341855 36.923406341136271 -5.1352362765046067 -7.6300659736911625 13.907865810238567 18.626709547187676 5.9229780695210925 12.931789324592662 1.9762063600704913
leaf_weight=52507 33986 1371 89826 87 49705 35475 14185 203 15028 15930 136 27444 7931 3860 79 1786 62 10199
leaf_count=52507 33986 1371 89826 87 49705 35475 14185 203 15028 15930 136 27444 7931 3860 79 1786 62 10199
internal_value=-0.000598646 -0.000180704 -6.18529e-06 -7.2181e-05 -0.000299167 -0.00188987 0.0008037 -0.000731948 -0.000322494 0.000218022 0.00528534 -0.000309692 -0.00011964 2.93887e-05 0.00193821 0.000173504 0.00230151 0.000805479
internal_weight=359800 271818 206456 190900 99226 87982 15556 65362 31376 16348 418 99139 71695 63764 282 91674 1848 14059
internal_count=359800 271818 206456 190900 99226 87982 15556 65362 31376 16348 418 99139 71695 63764 282 91674 1848 14059
is_linear=0
shrinkage=0.0229654


Tree=211
num_leaves=19
num_cat=0
split_feature=37 37 37 0 3 7 11 11 15 24 31 26 30 10 13 0 4 3
split_gain=361.546 43.6504 24.7971 24.2845 18.9877 17.1876 14.0997 14.0536 13.6428 17.3128 12.042 15.24 13.7179 21.9547 25.0978 14.3607 13.5009 12.7326
threshold=21738.779508258558 24617.385043280763 20167.682146005318 45.500000000000007 1.5000000000000002 0.55438071450436044 84.000000000000014 84.000000000000014 12.118750000000004 -5.8187499999999988 223.94375000000002 10.96549479166667 1092.6062500000003 0.6830127018922193 6.0312500000000009 21.500000000000004 11.500000000000002 1.0000000180025095e-35
decision_type=2 2 2 2 2 2 2 2 2 2 2 2 2 2 2 2 2 2
left_child=2 3 -1 5 10 6 -2 8 9 -6 11 12 13 14 -3 -15 -14 -17
right_child=1 4 -4 -5 7 -7 -8 -9 -10 -11 -12 -13 16 15 -16 17 -18 -19
leaf_value=-36.85121511651807 -4.0528399732357148 -5.2960011741403141 -11.670242595587098 -11.014016479522491 19.428394346864003 -6.7087191281485454 2.0228145140563476 0.62639665650478871 -4.2063652125613933 -0.24825346878502644 7.0095686935890056 -1.13209982501703 2.9770354260281828 20.236620682004052 7.3298086091657675 21.613745791016427 -6.8303176099327025 2.0802758075634169
leaf_weight=53884 20363 4503 38375 10874 198 26015 20994 64953 34470 30489 1335 18630 19680 1463 5632 1994 3923 2025
leaf_count=53884 20363 4503 38375 10874 198 26015 20994 64953 34470 30489 1335 18630 19680 1463 5632 1994 3923 2025
internal_value=-0.000593348 -0.00016585 -0.00183305 -0.000622109 2.27471e-05 -0.000459568 -0.000168644 -0.000132381 -0.000370686 -1.84854e-05 0.000363775 0.000314012 0.000570914 0.00109893 0.000465652 0.00226973 0.000221549 0.00156055
internal_weight=359800 267541 92259 78246 189295 67372 41357 130110 65157 30687 59185 57850 39220 15617 10135 5482 23603 4019
internal_count=359800 267541 92259 78246 189295 67372 41357 130110 65157 30687 59185 57850 39220 15617 10135 5482 23603 4019
is_linear=0
shrinkage=0.0229654


Tree=212
num_leaves=19
num_cat=0
split_feature=37 37 1 37 1 13 6 36 36 37 3 0 4 37 18 15 3 13
split_gain=352.809 46.533 22.0786 20.9468 20.9235 20.4795 19.8533 19.0891 17.5331 22.6408 21.5723 31.021 30.6512 19.9177 15.5069 12.6188 12.2331 21.9755
threshold=21568.319413839254 24026.812138910074 21.500000000000004 20103.978074904768 19.500000000000004 19.806250000000006 1.0000000180025095e-35 22554.500000000004 27016.500000000004 26605.106371552731 1.0000000180025095e-35 13.500000000000002 1.5000000000000002 28318.349165525371 0.026250000000000006 26.168750000000006 1.0000000180025095e-35 -3.8437499999999996
decision_type=2 2 2 2 2 2 2 2 2 2 2 2 2 2 2 2 2 2
left_child=3 2 7 -1 6 -6 8 14 9 -3 11 -11 -13 -10 -2 -12 17 -15
right_child=1 4 -4 -5 5 -7 -8 -9 13 10 15 12 -14 16 -16 -17 -18 -19
leaf_value=-37.277089656634033 -3.4354470119905502 1.3234900220440162 -11.330639599604794 -12.003413576704029 -2.655562588835565 4.2149683169314205 -21.082304578630271 -7.2375846251748621 -4.8978052609678331 -16.707071203178948 4.0400346875168118 65.632485129729062 13.662529765812186 23.715445201813747 4.1080241785422613 24.818149643288628 0.055055132146980011 4.2489666295812576
leaf_weight=52507 14894 39086 10073 35475 44235 2593 2409 30818 20683 414 11156 144 1190 172 9577 138 70743 13493
leaf_count=52507 14894 39086 10073 35475 44235 2593 2409 30818 20683 414 11156 144 1190 172 9577 138 70743 13493
internal_value=-0.000587731 -0.000178592 -0.000712623 -0.00185176 -9.52238e-06 -0.000436377 0.000115698 -0.000532464 0.000147401 0.00049175 0.00132031 0.00369443 0.00539876 -2.3405e-05 -5.35874e-05 0.000952859 0.000133099 0.000762152
internal_weight=359800 271818 65362 87982 206456 46828 159628 55289 157219 52128 13042 1748 1334 105091 24471 11294 84408 13665
internal_count=359800 271818 65362 87982 206456 46828 159628 55289 157219 52128 13042 1748 1334 105091 24471 11294 84408 13665
is_linear=0
shrinkage=0.0229654


Tree=213
num_leaves=19
num_cat=0
split_feature=37 37 37 1 1 36 37 37 36 36 31 1 25 37 15 29 30 16
split_gain=345.812 45.3719 21.5657 20.8215 20.6818 17.9659 25.7923 24.0396 18.6249 17.8158 16.8935 15.728 15.3433 14.1912 13.2038 13.1818 12.4672 17.1862
threshold=21568.319413839254 23685.696251002981 20167.682146005318 20.500000000000004 21.500000000000004 27016.500000000004 27081.620689907333 28318.349165525371 29801.500000000004 22554.500000000004 187.59375000000003 8.5000000000000018 5.4346354166666675 32659.076238648933 26.168750000000006 423.19375000000008 1702.23125 47.937500000000007
decision_type=2 2 2 2 2 2 2 2 2 2 2 2 2 2 2 2 2 2
left_child=2 4 -1 5 9 6 -3 -7 -9 11 12 -2 -5 16 -8 -13 -10 -18
right_child=1 3 -4 10 -6 7 14 8 13 -11 -12 15 -14 -15 -16 -17 17 -19
leaf_value=-35.199202751425183 -3.6966578710204754 1.0822289210127556 -11.49877775424903 0.51343535550465635 -12.031161712165293 -5.277494678036228 5.8476415469749421 3.992186922357746 -4.7681991863732911 -7.5560544245239045 3.8394330160735568 4.4339104106639962 -5.2747553508380403 0.74548993626278992 24.66160328700116 17.776955845021384 -10.600745112771031 59.286401826464036
leaf_weight=53884 12932 52356 34098 8881 8458 25082 10198 15389 23072 24755 1928 9272 23118 55506 145 128 322 276
leaf_count=53884 12932 52356 34098 8881 8458 25082 10198 15389 23072 24755 1928 9272 23118 55506 145 128 322 276
internal_value=-0.000581795 -0.000176733 -0.00183322 -2.63668e-05 -0.000762207 7.08304e-05 0.000385729 -9.4187e-05 7.34625e-05 -0.000574392 -0.000548769 -0.000104071 -0.000674559 -6.86276e-05 0.0014337 0.000610782 -0.00053945 0.00273434
internal_weight=359800 271818 87982 216273 55545 182346 62699 119647 94565 47087 33927 22332 31999 79176 10343 9400 23670 598
internal_count=359800 271818 87982 216273 55545 182346 62699 119647 94565 47087 33927 22332 31999 79176 10343 9400 23670 598
is_linear=0
shrinkage=0.0229654


Tree=214
num_leaves=19
num_cat=0
split_feature=35 3 8 7 23 1 25 11 15 18 25 3 15 16 15 33 23 23
split_gain=197.859 46.5228 38.7005 35.7667 27.6414 26.8079 25.4689 24.6185 22.2808 28.5152 29.3026 21.4204 20.368 19.3425 16.7174 16.2581 15.6184 38.818
threshold=21122.500000000004 4.5000000000000009 -0.19467261866128607 0.44134171618254497 -1.8875000000000002 22.500000000000004 16.017968750000005 84.000000000000014 12.118750000000004 0.026250000000000006 6.2414062500000016 5.5000000000000009 8.2437500000000021 394.31250000000006 12.881250000000003 0.67708333333333348 -0.02499999999999902 1.0000000180025095e-35
decision_type=2 2 2 2 2 2 2 2 2 2 2 2 2 2 2 2 2 2
left_child=2 5 6 4 -3 7 13 8 9 10 12 15 -2 -1 -9 -6 -10 -18
right_child=1 3 -4 -5 11 -7 -8 14 16 -11 -12 -13 -14 -15 -16 -17 17 -19
leaf_value=5.5039981705482974 6.2989966340158343 -7.0523888764389895 -20.604326867539104 -13.047574057192513 -6.3877417805386631 -8.9594516489803535 -17.219000185533783 -0.55676592714199891 -6.8837556310817973 5.2123083109590489 -3.4123466976749288 2.1989618538602578 -0.82263698409849473 -13.553123211454512 3.5347716016390027 3.5514791567037474 9.5301855915972826 -4.3568468278472627
leaf_weight=6083 4516 12568 51704 21712 19924 9544 15975 48675 20846 9703 25161 19418 4698 6270 48289 2674 3558 28482
leaf_count=6083 4516 12568 51704 21712 19924 9544 15975 48675 20846 9703 25161 19418 4698 6270 48289 2674 3558 28482
internal_value=-0.000574263 -0.000286223 -0.00158117 -0.000769849 -0.000456246 -0.000104877 -0.000898901 -4.63984e-05 -0.000305151 7.61722e-05 -0.000234164 -0.000173597 0.000873851 -0.000115822 0.000212354 -0.000654268 -0.000622966 -0.000304629
internal_weight=359800 279768 80032 76296 54584 203472 28328 193928 96964 44078 34375 42016 9214 12353 96964 22598 52886 32040
internal_count=359800 279768 80032 76296 54584 203472 28328 193928 96964 44078 34375 42016 9214 12353 96964 22598 52886 32040
is_linear=0
shrinkage=0.0229654


Tree=215
num_leaves=19
num_cat=0
split_feature=37 37 37 27 11 27 26 28 17 11 30 27 22 12 7 24 37 24
split_gain=338.579 42.2012 22.379 21.8555 16.4465 15.9442 14.1708 16.5329 17.9796 13.7175 11.7014 11.4356 20.0077 10.5609 10.2472 9.81779 9.42057 9.06601
threshold=21568.319413839254 24617.385043280763 19975.385879885547 -0.087797619047620831 108.00000000000001 -4.7429501488095234 22.151953125000009 2.6329057017543875 66.812500000000014 84.000000000000014 656.23125000000016 -0.6424107142857135 1.5197048611111112 20.656250000000004 1.0000000180025095e-35 -6.6062500000000002 33467.892597773149 -2.2749999999999977
decision_type=2 2 2 2 2 2 2 2 2 2 2 2 2 2 2 2 2 2
left_child=2 3 -1 14 5 15 7 8 -7 -5 16 -6 -13 -4 -2 -3 -9 -16
right_child=1 4 13 9 11 6 -8 10 -10 -11 -12 12 -14 -15 17 -17 -18 -19
leaf_value=-37.481607983575451 -10.48146499575725 18.560659202183579 -11.925323404842928 -4.4673148173640218 -0.79206702440384147 -3.051245411104178 6.9481342656025653 -1.7516700463265527 0.63664361029375593 1.1768405532280353 -12.071279016222272 14.594358883084061 2.7155096434899053 0.42383208808168898 0.28121243190347434 4.3833172449041253 13.044064996510908 -6.6573378134688967
leaf_weight=49673 10926 134 35792 20087 22937 33160 1313 7063 63875 21500 9169 882 47109 2517 5969 3400 253 24041
leaf_count=49673 10926 134 35792 20087 22937 33160 1313 7063 63875 21500 9169 882 47109 2517 5969 3400 253 24041
internal_value=-0.000568327 -0.000167524 -0.0018066 -0.000600914 2.14126e-05 -0.000144292 -0.000191051 -0.000218488 -0.000104254 -0.000230113 -0.000890894 0.000297946 0.000499543 -0.00138953 -0.000977612 0.00137506 -0.000205923 -0.000758372
internal_weight=359800 271818 87982 82523 189295 118367 114833 113520 97035 41587 16485 70928 47991 38309 40936 3534 7316 30010
internal_count=359800 271818 87982 82523 189295 118367 114833 113520 97035 41587 16485 70928 47991 38309 40936 3534 7316 30010
is_linear=0
shrinkage=0.0229654


Tree=216
num_leaves=19
num_cat=0
split_feature=35 5 0 7 23 0 30 5 26 18 26 23 27 29 21 26 30 21
split_gain=190.048 44.9154 38.2404 34.4305 26.8808 25.9798 20.7491 25.3237 26.7673 19.7444 29.6089 24.6426 18.0167 17.391 15.1718 14.3381 13.9833 16.8845
threshold=21122.500000000004 1.0000000180025095e-35 13.500000000000002 0.44134171618254497 -1.8875000000000002 46.500000000000007 1102.9375000000002 1.0000000180025095e-35 7.1207031250000012 0.014375000000000002 6.0217447916666682 -0.49999999999999978 -4.5551339285714274 228.36875000000003 19.611848958333336 14.854036458333335 86.781250000000014 19.956380208333339
decision_type=2 2 2 2 2 2 2 2 2 2 2 2 2 2 2 2 2 2
left_child=2 5 13 4 -3 9 15 -8 -9 10 12 -11 -2 -1 -12 -4 17 -13
right_child=1 3 6 -5 -6 -7 7 8 -10 11 14 16 -14 -15 -16 -17 -18 -19
leaf_value=-25.354541075766821 8.0988344361747462 -6.8570467585099504 -4.0767424582557172 -12.614933322278777 -0.86126884113558666 -8.6664467755878114 -13.503547973756289 -34.708255692456184 41.627532207092052 -2.0090136183327303 -3.6338652793380906 -7.1870528385080243 1.0589169660544644 -8.6666908281063524 2.9762020448832365 -15.921244805702301 3.5945316070989946 12.74286724950279
leaf_weight=38438 2923 12568 13216 21712 42016 9544 425 94 214 31574 64362 7180 20446 10866 6030 16779 60460 953
leaf_count=38438 2923 12568 13216 21712 42016 9544 425 94 214 31574 64362 7180 20446 10866 6030 16779 60460 953
internal_value=-0.0005622 -0.000279902 -0.00154903 -0.000755099 -0.00044741 -0.000101717 -0.000913146 0.00290436 0.00791859 -4.41484e-05 -0.00028366 0.000180046 0.000424637 -0.00194533 -0.000518804 -0.00100644 0.000424434 -0.000469587
internal_weight=359800 279768 80032 76296 54584 203472 30728 733 308 193928 93761 100167 23369 49304 70392 29995 68593 8133
internal_count=359800 279768 80032 76296 54584 203472 30728 733 308 193928 93761 100167 23369 49304 70392 29995 68593 8133
is_linear=0
shrinkage=0.0229654


Tree=217
num_leaves=19
num_cat=0
split_feature=37 0 7 37 3 23 18 3 35 32 31 3 35 37 37 26 12 35
split_gain=329.786 41.8865 30.8087 23.5131 20.1755 17.5807 19.9137 21.2758 19.5674 20.8945 15.9856 20.6321 29.7762 24.6784 16.8192 15.8166 15.443 28.4619
threshold=21568.319413839254 45.500000000000007 0.65793410509763428 19975.385879885547 4.5000000000000009 -1.1374999999999986 0.014375000000000002 5.5000000000000009 26282.500000000004 189.65000000000003 37.131250000000009 1.0000000180025095e-35 21182.500000000004 25247.731780150305 29434.265035654997 3.1251302083333337 7.0812500000000016 28119.500000000004
decision_type=2 2 2 2 2 2 2 2 2 2 2 2 2 2 2 2 2 2
left_child=3 2 5 -1 -4 -2 7 15 9 10 11 -8 -13 -14 -15 -7 -9 -18
right_child=1 -3 4 -5 -6 6 8 16 -10 -11 -12 12 13 14 -16 -17 17 -19
leaf_value=-36.153377169488039 -1.4438857733581625 -7.1985832052706975 -2.3841547026756928 -10.910094987064472 -11.068391058338911 5.2658860399806819 -2.7568010293809078 -2.7212021213624165 0.92335748819754793 -0.67473735378698474 13.828241349171131 22.051886389803741 3.6990915017636783 13.604023857537168 35.796994541910216 -2.4874591135537529 3.2395760317879101 15.472566645559983
leaf_weight=49673 49320 20140 43527 38309 9753 4526 4661 2227 55109 8436 2008 1476 9461 4010 93 52521 3136 1414
leaf_count=49673 49320 20140 43527 38309 9753 4526 4661 2227 55109 8436 2008 1476 9461 4010 93 52521 3136 1414
internal_value=-0.000556583 -0.000161018 -8.03728e-05 -0.00177867 -0.000570688 5.13017e-05 0.000175647 -0.00013112 0.000405303 0.000875725 0.00125263 0.00105367 0.0014674 0.00113032 0.00261782 -0.00027564 0.00108541 0.00185237
internal_weight=359800 271818 251678 87982 53280 198398 149078 63824 85254 30145 21709 19701 15040 13564 4103 57047 6777 4550
internal_count=359800 271818 251678 87982 53280 198398 149078 63824 85254 30145 21709 19701 15040 13564 4103 57047 6777 4550
is_linear=0
shrinkage=0.0229654


Tree=218
num_leaves=19
num_cat=0
split_feature=37 0 11 27 37 37 35 37 36 37 30 16 32 36 35 36 3 27
split_gain=323.59 40.3147 26.7063 24.1045 24.0141 18.3123 17.6184 21.7447 19.2091 30.7325 16.214 15.4972 16.363 12.9421 12.8268 12.6507 12.5721 11.6192
threshold=21568.319413839254 45.500000000000007 84.000000000000014 -0.11754092261904868 20233.521183156357 24122.371129755611 25425.500000000004 26868.08036656753 26315.500000000004 27362.417557133838 2041.9937500000003 174.43750000000003 274.09375000000006 22973.500000000004 30623.000000000004 27900.500000000004 2.5000000000000004 1.0000000180025095e-35
decision_type=2 2 2 2 2 2 2 2 2 2 2 2 2 2 2 2 2 2
left_child=4 2 5 -4 -1 13 8 -8 9 -7 11 16 -13 -2 -12 -9 -5 -17
right_child=1 -3 3 10 -6 6 7 15 -10 -11 14 12 -14 -15 -16 17 -18 -19
leaf_value=-31.296421088132224 -2.3351628791419996 -7.0332647982446321 -1.3918659128672586 3.1586717806125182 -9.9430461661184033 4.0634216974637605 -7.1199693568002704 2.8648713555547678 -2.8343850175155754 19.272145149936815 17.440936820223353 8.3086528661560308 -1.5990445517788527 -10.428191462535283 8.3665826967121699 0.62608180784830492 -1.1786695181688873 -3.3820065727191264
leaf_weight=55376 14584 20140 51467 20072 32606 10598 15748 10528 6921 274 184 22520 6639 14517 670 23896 24481 28579
leaf_count=55376 14584 20140 51467 20072 32606 10598 15748 10528 6921 274 184 22520 6639 14517 670 23896 24481 28579
internal_value=-0.000551413 -0.000159582 -8.04641e-05 0.000155741 -0.00176196 -0.000317398 -0.000165181 -0.000312647 0.000487496 0.00108955 0.000419602 0.000383151 0.000794759 -0.000822386 0.00356582 -0.000121857 0.000113762 -0.00026762
internal_weight=359800 271818 251678 126033 87982 125645 96544 78751 17793 10872 74566 73712 29159 29101 854 63003 44553 52475
internal_count=359800 271818 251678 126033 87982 125645 96544 78751 17793 10872 74566 73712 29159 29101 854 63003 44553 52475
is_linear=0
shrinkage=0.0229654


Tree=219
num_leaves=19
num_cat=0
split_feature=37 37 37 0 35 35 27 37 35 16 18 35 30 17 37 35 13 37
split_gain=316.485 39.0237 24.46 23.7831 19.7682 17.9778 17.8677 16.0976 20.48 13.0917 11.7726 10.2422 10.1492 14.992 10.0821 19.2957 26.3077 17.7484
threshold=21568.319413839254 25023.449702637965 19975.385879885547 45.500000000000007 25661.500000000004 25425.500000000004 -0.11754092261904868 27152.532109597381 27408.000000000004 296.43750000000006 0.11312500000000002 28441.500000000004 1.0000000180025095e-35 25.062500000000004 30273.138219804448 32229.500000000004 15.943750000000003 32810.018203595908
decision_type=2 2 2 2 2 2 2 2 2 2 2 2 2 2 2 2 2 2
left_child=2 3 -1 4 6 10 -2 11 -9 -4 -3 -7 13 -10 -14 -16 17 -17
right_child=1 5 9 -5 -6 7 -8 8 12 -11 -12 -13 14 -15 15 16 -18 -19
leaf_value=-34.604364970252043 -4.1647574042172861 1.4538971646766614 -11.255003884315061 -9.2727952902356936 -12.076288441871796 -1.9261645049942024 0.73337691743257905 5.4885693747175326 12.051420034943387 -5.9873063355781326 8.1112879256986279 -13.470884131317874 -2.1493166489315421 3.1382964740059291 3.8261364808451517 -6.4993684667752083 18.2930365241352 0.33751209934846005
leaf_weight=49673 34358 16031 29160 12626 11333 26435 35367 9942 193 9149 6023 5122 32977 535 19571 9353 71 51881
leaf_count=49673 34358 16031 29160 12626 11333 26435 35367 9942 193 9149 6023 5122 32977 535 19571 9353 71 51881
internal_value=-0.000546243 -0.000158737 -0.00174343 -0.000538174 -0.00039376 4.08162e-05 -0.00024917 -4.59078e-05 7.15018e-05 -0.0013074 0.000654577 -0.000509203 -1.52532e-05 0.00268771 -3.25365e-05 0.000105462 -9.49639e-05 -0.000111163
internal_weight=359800 271818 87982 93684 81058 178134 69725 156080 124523 38309 22054 31557 114581 728 113853 80876 61305 61234
internal_count=359800 271818 87982 93684 81058 178134 69725 156080 124523 38309 22054 31557 114581 728 113853 80876 61305 61234
is_linear=0
shrinkage=0.0229654


Tree=220
num_leaves=19
num_cat=0
split_feature=36 23 7 23 11 16 26 25 13 3 26 27 24 22 0 36 17 24
split_gain=160.241 40.5041 42.7873 32.9104 27.3178 23.0293 21.7516 17.3477 21.7127 15.5469 14.9473 17.235 14.505 20.5108 13.8541 13.1248 12.2786 14.2445
threshold=20882.500000000004 -2.4499999999999984 0.65793410509763428 -0.075000000000000108 84.000000000000014 379.18750000000006 22.151953125000009 5.3575520833333341 18.406250000000004 4.5000000000000009 14.413671875 0.35318080357142906 1.4250000000000036 13.095963541666668 12.500000000000002 30043.500000000004 90.812500000000014 0.075000000000000414
decision_type=2 2 2 2 2 2 2 2 2 2 2 2 2 2 2 2 2 2
left_child=3 7 4 -1 5 6 12 -2 -9 10 11 14 13 15 -4 -3 -5 -18
right_child=1 2 9 16 -6 -7 -8 8 -10 -11 -12 -13 -14 -15 -16 -17 17 -19
leaf_value=-17.398680223835676 0.3577364205323959 3.4809776888930966 -5.5511686531485012 -11.211697175265826 1.7350223214130271 -13.399678574988345 13.778374193484671 -7.6493049896584164 1.9088746356388657 -12.666573108226302 -11.495721022499533 -10.555362902030224 -4.9439541347540485 -4.2769748215134245 1.6419800078786722 -0.61469018813133214 4.7634018558023206 -11.058012982131526
leaf_weight=47636 7373 21094 9313 20885 94512 13949 436 32683 2947 10689 7845 8322 17162 14190 17205 27728 2997 2834
leaf_count=47636 7373 21094 9313 20885 94512 13949 436 32683 2947 10689 7845 8322 17162 14190 17205 27728 2997 2834
internal_value=-0.000541073 -0.000293722 -0.000178508 -0.00149069 -1.64104e-05 -0.00029239 -0.000143303 -0.000943279 -0.00115311 -0.000752721 -0.000556583 -0.000352655 -0.000171123 -9.91388e-06 -6.65117e-05 0.000213463 -0.000845515 8.62527e-05
internal_weight=359800 285448 242445 74352 189071 94559 80610 43003 35630 53374 42685 34840 80174 63012 26518 48822 26716 5831
internal_count=359800 285448 242445 74352 189071 94559 80610 43003 35630 53374 42685 34840 80174 63012 26518 48822 26716 5831
is_linear=0
shrinkage=0.0229654


Tree=221
num_leaves=19
num_cat=0
split_feature=35 5 0 7 23 0 11 13 24 25 21 34 15 18 15 9 24 19
split_gain=178.475 40.6505 39.7327 31.0844 23.7815 23.4956 22.0288 20.9586 22.2579 20.531 19.2712 18.3472 17.6886 29.2055 16.7864 16.0268 25.1345 16.9798
threshold=21122.500000000004 1.0000000180025095e-35 13.500000000000002 0.44134171618254497 -1.7499999999999991 46.500000000000007 108.00000000000001 0.25625000000000014 1.0000000180025095e-35 16.577343750000001 10.710026041666667 0.89930555555555569 14.031250000000004 0.11312500000000002 12.881250000000003 0.93301270189221952 -3.7499999999999982 10.031250000000004
decision_type=2 2 2 2 2 2 2 2 2 2 2 2 2 2 2 2 2 2
left_child=2 5 10 4 -3 6 7 8 -2 -4 -1 12 13 15 -8 17 -17 -9
right_child=1 3 9 -5 -6 -7 14 11 -10 -11 -12 -13 -14 -15 -16 16 -18 -19
leaf_value=-7.6271449802860891 4.9770350728053101 -6.1221272591962501 -2.6668650341692119 -11.664061292058445 -0.7563397142747893 -7.9221343085784177 -0.37371379466028704 -3.2555424566116788 -4.9655063023249788 -15.769684914048197 -23.24376932665341 23.566696945075854 -5.4410647830594643 4.8174992700103028 4.2946356352473716 49.25269670287441 2.9065009264869803 3.6118171424663559
leaf_weight=10833 13474 13500 15703 21712 41084 9544 37060 40477 4485 15025 38471 224 41682 9068 35663 97 5929 5769
leaf_count=10833 13474 13500 15703 21712 41084 9544 37060 40477 4485 15025 38471 224 41682 9068 35663 97 5929 5769
internal_value=-0.000534754 -0.000261186 -0.00149106 -0.00071326 -0.000420904 -9.16717e-05 -3.69246e-05 -0.000226519 0.000497568 -0.000842893 -0.00189503 -0.000352469 -0.000366744 -0.000118684 0.000279066 -0.0003274 0.000786601 -0.000472558
internal_weight=359800 279768 80032 76296 54584 203472 193928 121205 17959 30728 49304 103246 103022 61340 72723 52272 6026 46246
internal_count=359800 279768 80032 76296 54584 203472 193928 121205 17959 30728 49304 103246 103022 61340 72723 52272 6026 46246
is_linear=0
shrinkage=0.0229654


Tree=222
num_leaves=19
num_cat=0
split_feature=37 37 37 36 37 36 1 36 37 36 36 1 7 34 29 3 1 27
split_gain=307.178 38.6113 23.0987 21.4099 20.552 26.9854 18.185 18.2866 16.3769 16.359 16.0968 14.9124 14.3001 13.4915 12.9651 12.8883 12.6888 13.2725
threshold=21453.201029702428 23685.696251002981 19911.45470056358 23495.500000000004 26268.531921288923 27900.500000000004 21.500000000000004 22973.500000000004 29908.181515470071 29801.500000000004 26661.500000000004 8.5000000000000018 -0.97868534383143924 0.89236111111111127 423.19375000000008 3.5000000000000004 1.5000000000000002 2.0226190476190484
decision_type=2 2 2 2 2 2 2 2 2 2 2 2 2 2 2 2 2 2
left_child=2 6 -1 13 10 -6 7 11 -7 15 16 -2 -11 -3 -13 -10 -5 -18
right_child=1 3 -4 4 5 8 -8 -9 9 12 -12 14 -14 -15 -16 -17 17 -19
leaf_value=-33.949391840259445 -3.1300220655668385 3.4519229375250746 -10.055871096250193 5.9812954005036536 3.0914902075583313 -3.9946419649464406 -10.669685620486558 -7.9596937601216888 7.0730318715254841 3.4458479325801852 -11.65433602620811 3.906174771705575 -1.0326116964047007 30.476304064495611 17.266807890949327 -0.15973107188457128 -3.6929407326931836 2.5206357442385352
leaf_weight=48273 16631 19429 36926 3314 31814 29144 8703 21750 4173 10757 12864 11106 66652 62 138 3182 26504 8378
leaf_count=48273 16631 19429 36926 3314 31814 29144 8703 21750 4173 10757 12864 11106 66652 62 138 3182 26504 8378
internal_value=-0.000528499 -0.000154728 -0.00173318 -1.33058e-05 -8.52184e-05 5.37086e-05 -0.000679104 -0.000509289 -0.000111453 5.00138e-05 -0.000481707 -0.000119874 -4.83291e-05 0.000712727 0.000526137 0.00108504 -0.000245071 -0.000374089
internal_weight=359800 274601 85199 216273 196782 145722 58328 49625 113908 84764 51060 27875 77409 19491 11244 7355 38196 34882
internal_count=359800 274601 85199 216273 196782 145722 58328 49625 113908 84764 51060 27875 77409 19491 11244 7355 38196 34882
is_linear=0
shrinkage=0.0229654


Tree=223
num_leaves=19
num_cat=0
split_feature=35 0 3 7 23 0 29 3 22 3 18 28 23 0 6 3 0 4
split_gain=174.738 39.6034 38.9125 30.291 22.5709 22.0866 19.9359 19.1346 17.6242 29.1191 17.1909 24.4733 22.3605 15.2397 13.84 13.048 24.3668 14.6721
threshold=21122.500000000004 13.500000000000002 4.5000000000000009 0.44134171618254497 -1.8875000000000002 46.500000000000007 214.78125000000006 5.5000000000000009 7.8246961805555566 2.5000000000000004 0.014375000000000002 -5.0299502899751438 -0.49999999999999978 20.500000000000004 1.0000000180025095e-35 1.0000000180025095e-35 10.500000000000002 5.5000000000000009
decision_type=2 2 2 2 2 2 2 2 2 2 2 2 2 2 2 2 2 2
left_child=1 6 5 4 -4 10 -1 13 9 -3 11 -2 -12 -6 15 16 -14 -17
right_child=2 8 3 -5 7 -7 -8 -9 -10 -11 12 -13 14 -15 -16 17 -18 -19
leaf_value=-22.848717493557725 4.6794228990042122 -23.955895988292301 -6.1968232805477381 -11.306418948946115 5.7980942034890184 -7.6345387970150389 -7.5136450844287896 2.1986179450360863 -9.7326650882742936 28.948236316530831 -1.8943946775378635 -1.9813426445893851 -17.315373984893473 -4.6714854463124134 -19.520331336774738 4.2188923750379361 11.380751397473711 -0.49320243052451446
leaf_weight=37555 5422 400 12568 21712 1090 9544 11749 19418 29983 345 31574 88339 980 21508 1595 30955 8820 26243
leaf_count=37555 5422 400 12568 21712 1090 9544 11749 19418 29983 345 31574 88339 980 21508 1595 30955 8820 26243
internal_value=-0.000523584 -0.00146983 -0.000252895 -0.0006952 -0.000406599 -8.70441e-05 -0.00187314 -0.000151187 -0.000822713 0.00266645 -3.39641e-05 -0.000257452 0.000175231 -0.000605487 0.000408029 0.000458362 0.00123263 0.000325702
internal_weight=359800 80032 279768 76296 54584 203472 49304 42016 30728 745 193928 93761 100167 22598 68593 66998 9800 57198
internal_count=359800 80032 279768 76296 54584 203472 49304 42016 30728 745 193928 93761 100167 22598 68593 66998 9800 57198
is_linear=0
shrinkage=0.0229654


Tree=224
num_leaves=19
num_cat=0
split_feature=35 8 3 7 3 25 8 26 7 3 26 32 0 9 26 19 3 16
split_gain=169.899 40.6236 37.666 30.1921 27.5654 25.3145 23.0345 21.5033 19.6122 31.1796 28.7407 19.0227 19.1991 18.8271 16.2933 26.4971 16.7861 15.4296
threshold=21122.500000000004 1.0000000180025095e-35 4.5000000000000009 -0.13052619222005171 5.5000000000000009 16.017968750000005 -0.75023006073889131 21.610286458333338 -0.55438071450436044 3.5000000000000004 6.586588541666667 1.0000000180025095e-35 4.5000000000000009 -0.24999999999999994 4.1878906250000014 11.256250000000001 2.5000000000000004 333.31250000000006
decision_type=2 2 2 2 2 2 2 2 2 2 2 2 2 2 2 2 2 2
left_child=1 5 6 4 -4 -1 17 8 9 -8 13 12 -3 14 -10 -16 -17 -2
right_child=2 11 3 -5 -6 -7 7 -9 10 -11 -12 -13 -14 -15 15 16 -18 -19
leaf_value=-0.71870509833859653 4.1172264774177911 5.7377419366782423 -5.1014644358192189 -8.420286451940342 2.1079997165848128 -14.672662324692647 1.4194056195939055 6.031466268142327 3.3990435764711355 -6.2828631114029267 -4.7413100603779279 -22.481202767495692 -10.254380959175974 -0.44524918082636877 8.2749939932336467 24.26214505618125 6.9438146761287243 -2.4295197410346514
leaf_weight=13939 33169 1644 21264 36368 18664 17485 55385 2999 2001 14192 57102 35738 11226 21392 446 213 110 16463
leaf_count=13939 33169 1644 21264 36368 18664 17485 55385 2999 2001 14192 57102 35738 11226 21392 446 213 110 16463
internal_value=-0.000516116 -0.00144917 -0.000249201 -0.000684363 -0.000248359 -0.000805661 -8.60283e-05 -0.000224818 -0.000263102 1.99028e-05 -0.000505407 -0.00186518 -0.00110812 0.000158539 0.00194004 0.00478122 0.00979052 0.000344166
internal_weight=359800 80032 279768 76296 39928 31424 203472 153840 150841 69577 81264 48608 12870 24162 2770 769 323 49632
internal_count=359800 80032 279768 76296 39928 31424 203472 153840 150841 69577 81264 48608 12870 24162 2770 769 323 49632
is_linear=0
shrinkage=0.0229654


Tree=225
num_leaves=19
num_cat=0
split_feature=35 8 3 7 25 8 31 26 7 14 32 14 36 14 11 25 14 25
split_gain=166.654 40.181 36.235 29.9939 24.6777 22.2378 20.5745 20.3535 24.3507 22.7421 19.8569 18.7037 22.4788 20.4003 19.0111 18.5365 17.4196 15.7551
threshold=21122.500000000004 1.0000000180025095e-35 4.5000000000000009 0.44134171618254497 16.411197916666669 -0.75023006073889131 192.50625000000005 11.027213541666669 -0.55438071450436044 91.062500000000014 1.0000000180025095e-35 73.812500000000014 29484.500000000004 89.062500000000014 84.000000000000014 11.784895833333335 56.562500000000007 10.237239583333334
decision_type=2 2 2 2 2 2 2 2 2 2 2 2 2 2 2 2 2 2
left_child=1 4 5 -4 16 11 7 -7 9 -9 -3 14 13 -13 -2 -11 -1 -14
right_child=2 10 3 -5 -6 6 -8 8 -10 15 -12 12 17 -15 -16 -17 -18 -19
leaf_value=-18.302655209188352 -7.3677645517087198 -7.8251803039773868 -2.0478416593181907 -10.853387092572078 -14.952215534463635 -0.3762124371126086 3.9791974425519885 -1.3829448110769285 -6.7758260984381566 3.6514292598605618 -21.964912752700652 8.5579910353544957 3.9996032582381433 17.769400272411215 5.3741378787856426 17.144760257340149 2.543681436542506 -6.0562257944087579
leaf_weight=3985 11083 12870 54584 21712 16443 90327 7433 29552 26150 193 35738 8949 14383 649 10218 185 10996 4350
leaf_count=3985 11083 12870 54584 21712 16443 90327 7433 29552 26150 193 35738 8949 14383 649 10218 185 10996 4350
internal_value=-0.000509861 -0.00143396 -0.000245507 -0.000672323 -0.000793968 -8.54639e-05 -0.000221832 -0.000281674 -0.000625325 -0.000178015 -0.0018477 0.000337225 0.000723794 0.00162753 -0.000176923 0.00541935 -0.000119725 0.000260755
internal_weight=359800 80032 279768 76296 31424 203472 153840 146407 56080 29930 48608 49632 28331 9598 21301 378 14981 18733
internal_count=359800 80032 279768 76296 31424 203472 153840 146407 56080 29930 48608 49632 28331 9598 21301 378 14981 18733
is_linear=0
shrinkage=0.0229654


Tree=226
num_leaves=19
num_cat=0
split_feature=35 8 5 7 1 29 10 18 28 8 34 1 6 5 29 13 35 29
split_gain=163.497 40.0117 34.0301 29.104 21.3657 20.5907 18.7769 15.9245 23.1676 17.0136 17.9706 15.7707 15.5682 14.0794 13.9219 27.8377 24.9729 26.0455
threshold=21122.500000000004 1.0000000180025095e-35 1.0000000180025095e-35 0.44134171618254497 22.500000000000004 236.60625000000002 -0.24999999999999994 0.014375000000000002 -5.0299502899751438 0.13052619222005152 0.89236111111111127 21.500000000000004 1.0000000180025095e-35 1.0000000180025095e-35 21.931250000000006 16.481250000000006 31136.500000000004 91.55625000000002
decision_type=2 2 2 2 2 2 2 2 2 2 2 2 2 2 2 2 2 2
left_child=1 6 4 11 7 -3 13 8 -2 10 12 -4 14 -1 -9 -16 17 -17
right_child=2 5 3 -5 -6 -7 -8 9 -10 -11 -12 -13 -14 -15 15 16 -18 -19
leaf_value=-5.2231078198630785 4.3950765084457286 -20.675150631118111 -1.1190124936883623 -10.604134619714996 -7.3645420421049188 -6.2007298220659939 5.3434681365343293 -4.2502468163125 -1.9149426916284522 -1.3606061725672836 27.521921663933007 -7.9492420438629425 -22.82939125290816 -26.495323331895566 3.1273228106892721 9.5520729902760468 22.313055124153259 30.013411764384358
leaf_weight=16792 5422 38529 46744 21712 9544 10079 3672 7206 88339 35998 85 7840 1507 10960 53509 1515 66 281
leaf_count=16792 5422 38529 46744 21712 9544 10079 3672 7206 88339 35998 85 7840 1507 10960 53509 1515 66 281
internal_value=-0.000504882 -0.00142019 -0.000243045 -0.000656671 -8.7947e-05 -0.00183306 -0.000781544 -3.57404e-05 -0.000250839 0.000165602 0.000389777 -0.000373782 0.00037578 -0.000985746 0.000431328 0.0005549 0.00331531 0.00280546
internal_weight=359800 80032 279768 76296 203472 48608 31424 193928 93761 100167 64169 54584 64084 27752 62577 55371 1862 1796
internal_count=359800 80032 279768 76296 203472 48608 31424 193928 93761 100167 64169 54584 64084 27752 62577 55371 1862 1796
is_linear=0
shrinkage=0.0229654


Tree=227
num_leaves=19
num_cat=0
split_feature=35 1 3 1 3 1 25 13 1 12 1 18 25 14 1 15 21 6
split_gain=161.426 41.6985 38.1885 24.7896 27.0502 22.6031 18.6369 17.4817 19.4464 17.8908 16.7929 15.4134 15.3673 15.2112 15.6818 14.6686 14.3637 14.3308
threshold=20647.500000000004 6.5000000000000009 4.5000000000000009 10.500000000000002 5.5000000000000009 22.500000000000004 16.661718750000002 0.73125000000000029 7.5000000000000009 20.656250000000004 21.500000000000004 0.014375000000000002 9.8070312500000014 56.562500000000007 21.500000000000004 11.381250000000003 11.077734375 1.0000000180025095e-35
decision_type=2 2 2 2 2 2 2 2 2 2 2 2 2 2 2 2 2 2
left_child=1 16 5 12 -5 7 13 17 9 -9 15 -10 -4 -3 -15 -6 -1 -2
right_child=2 6 3 4 10 -7 -8 8 11 -11 -12 -13 -14 14 -16 -17 -18 -19
leaf_value=-7.7376075710103569 2.7840500065554634 -18.742779573460385 -4.9180089153723872 -5.6498304277806515 5.9962320148388217 -7.5845557985118868 -14.028404070484019 -4.1314222484235703 -1.5251935910656294 10.907274077122596 -6.2178499598442629 1.4644837350776114 -14.185149711708455 5.1140219531396509 -15.570603472736043 0.3601378290688807 -23.550936372358397 -27.009608742079926
leaf_weight=9405 32940 3667 17604 25688 6233 10064 12471 38298 60296 390 3920 67507 14812 7612 1010 12143 34547 1193
leaf_count=9405 32940 3667 17604 25688 6233 10064 12471 38298 60296 390 3920 67507 14812 7612 1010 12143 34547 1193
internal_value=-0.000499201 -0.00150041 -0.000262863 -0.000688677 -0.000357232 -0.00010037 -0.000746655 -4.70935e-05 -0.000144159 -0.000595268 0.000228047 -7.6016e-06 -0.0011793 -0.00011194 0.000414986 0.000519146 -0.00192504 0.000426366
internal_weight=359800 68712 291088 80400 47984 210688 24760 200624 166491 38688 22296 127803 32416 12289 8622 18376 43952 34133
internal_count=359800 68712 291088 80400 47984 210688 24760 200624 166491 38688 22296 127803 32416 12289 8622 18376 43952 34133
is_linear=0
shrinkage=0.0229654


Tree=228
num_leaves=19
num_cat=0
split_feature=37 0 37 7 11 17 16 3 34 24 24 16 32 31 13 13 30 25
split_gain=288.361 34.3461 29.3902 26.3757 24.0998 15.8773 17.5696 14.9057 13.5847 13.3657 12.6937 11.3644 13.2621 11.8633 11.0449 11.0241 10.865 10.6686
threshold=21453.201029702428 45.500000000000007 19911.45470056358 0.65793410509763428 84.000000000000014 66.812500000000014 17.687500000000004 4.5000000000000009 0.8715277777777779 -2.575000000000002 1.7 174.43750000000003 189.65000000000003 182.87500000000006 20.531250000000004 22.856250000000006 61.431249999999999 1.9783854166666668
decision_type=2 2 2 2 2 2 2 2 2 2 2 2 2 2 2 2 2 2
left_child=2 3 -1 4 5 6 -2 8 9 -5 -7 13 16 -6 -4 -3 -13 -9
right_child=1 15 14 7 11 10 -8 17 -10 -11 -12 12 -14 -15 -16 -17 -18 -19
leaf_value=-31.106135332872398 0.64928088223748615 -6.4090895360861886 -8.9399892620889023 3.6709523216760984 0.40368095775296714 1.0872372437557123 -6.4012989840010786 4.4772645632657477 27.073299754816457 -3.1981211659720357 -4.0623609980913002 10.683201605336755 -0.35307060844104704 6.638368859167362 4.8108231161353201 6.8071714962416996 6.6437038188579702 -10.649659465330901
leaf_weight=48273 12825 20188 34991 5424 60870 49459 26055 530 61 38797 11376 114 10893 1514 1935 196 26820 9479
leaf_count=48273 12825 20188 34991 5424 60870 49459 26055 530 61 38797 11376 114 10893 1514 1935 196 26820 9479
internal_value=-0.000493202 -0.00013106 -0.0016604 -5.83317e-05 6.35683e-05 -0.000189201 -0.00055169 -0.000507227 -0.000326315 -0.000341254 4.24686e-05 0.000315086 0.000629155 0.000124648 -0.00117271 -0.00103809 0.00090262 -0.00130762
internal_weight=359800 274601 85199 254217 199926 99715 38880 54291 44282 44221 60835 100211 37827 62384 36926 20384 26934 10009
internal_count=359800 274601 85199 254217 199926 99715 38880 54291 44282 44221 60835 100211 37827 62384 36926 20384 26934 10009
is_linear=0
shrinkage=0.0229654


Tree=229
num_leaves=19
num_cat=0
split_feature=35 8 3 7 3 25 11 13 27 14 13 34 21 28 12 35 1 31
split_gain=157.589 43.4616 36.5218 32.8071 24.5202 24.4724 22.1253 21.7769 18.7157 16.0332 21.5504 15.8041 15.7931 14.887 21.6053 14.9594 14.7003 14.5841
threshold=20647.500000000004 1.0000000180025095e-35 4.5000000000000009 -0.13052619222005171 5.5000000000000009 15.708072916666669 108.00000000000001 2.3312500000000007 -4.7429501488095234 62.062500000000007 10.356250000000003 0.89930555555555569 9.6251302083333368 0.34999999999999881 7.3812500000000023 38550.000000000007 10.500000000000002 223.94375000000002
decision_type=2 2 2 2 2 2 2 2 2 2 2 2 2 2 2 2 2 2
left_child=1 5 6 4 -4 9 7 8 -2 -1 -11 -9 -5 14 -10 -16 -13 -8
right_child=2 -3 3 12 -6 -7 17 11 13 10 -12 16 -14 -15 15 -17 -18 -19
leaf_value=-13.163001637280374 6.9479771542998163 -18.819230987127973 -4.8187053406824072 -4.9991168361436404 2.0536910790704974 -13.303911135013804 0.98808110748522959 -2.7345485776672609 -0.54931026751229917 -1.1836362792728325 11.699971941953036 28.405084441534246 -13.256292804672045 -14.397428296220792 5.6619527082157806 17.717505555432197 3.0049039376385789 7.975928334908799
leaf_weight=4547 3086 41408 21712 22308 19096 16251 76567 98705 21815 4180 2326 80 17284 2661 4302 875 156 2441
leaf_count=4547 3086 41408 21712 22308 19096 16251 76567 98705 21815 4180 2326 80 17284 2661 4302 875 156 2441
internal_value=-0.000487776 -0.00147702 -0.000254264 -0.000670682 -0.00021374 -0.000765738 -9.53555e-05 -0.00027765 0.000235763 6.7942e-05 0.000799165 -0.000447536 -0.00114166 5.8627e-05 0.000220192 0.00155395 0.00548834 0.000208469
internal_weight=359800 68712 291088 80400 40808 27304 210688 131680 32739 11053 6506 98941 39592 29653 26992 5177 236 79008
internal_count=359800 68712 291088 80400 40808 27304 210688 131680 32739 11053 6506 98941 39592 29653 26992 5177 236 79008
is_linear=0
shrinkage=0.0229654


Tree=230
num_leaves=19
num_cat=0
split_feature=35 8 7 1 3 11 16 30 32 21 13 23 13 21 29 16 21 13
split_gain=154.274 42.513 35.6349 38.2698 28.4557 24.4438 23.9961 17.8919 14.5528 13.8794 17.0852 12.4347 11.4869 11.4109 11.2531 10.5324 10.2316 9.93584
threshold=20647.500000000004 1.0000000180025095e-35 0.65793410509763428 21.500000000000004 4.5000000000000009 84.000000000000014 379.18750000000006 202.65625000000003 1268.4125000000001 19.319661458333336 4.6812500000000012 -1.7499999999999991 2.5312500000000009 10.587109375000002 712.09375000000011 486.56250000000006 19.319661458333336 10.131250000000003
decision_type=2 2 2 2 2 2 2 2 2 2 2 2 2 2 2 2 2 2
left_child=1 7 3 5 8 6 -2 -1 12 10 -5 16 -4 -3 -6 17 -7 -9
right_child=2 13 4 9 14 11 -8 15 -10 -11 -12 -13 -14 -15 -16 -17 -18 -19
leaf_value=-13.916416604231973 -0.65941792581911629 -6.6915294802632097 -0.00017380271864452228 -1.0989185646251791 -13.155671790037646 -2.3318213773687373 -11.367307439224088 -1.9031927381941083 25.912485653776383 3.515578523688796 -8.6378116820571265 2.435839224551358 -5.305588192759858 -21.499326772571077 4.8152286534598563 -12.682576207169477 5.2658679080544069 7.1681149098550705
leaf_weight=14478 86405 7604 17763 10416 16816 16912 14043 4929 65 1639 16833 82246 26356 33804 304 4705 1290 3192
leaf_count=14478 86405 7604 17763 10416 16816 16912 14043 4929 65 1639 16833 82246 26356 33804 304 4705 1290 3192
internal_value=-0.000482861 -0.00146164 -0.000251818 -0.000120572 -0.000743762 -8.1855e-06 -0.000261507 -0.000758169 -0.000435774 -0.000902145 -0.0010256 0.000245136 -0.000451771 -0.00192551 -0.00153863 -0.000133574 -0.000298013 0.000367344
internal_weight=359800 68712 291088 229784 61304 200896 100448 27304 44184 28888 27249 100448 44119 41408 17120 12826 18202 8121
internal_count=359800 68712 291088 229784 61304 200896 100448 27304 44184 28888 27249 100448 44119 41408 17120 12826 18202 8121
is_linear=0
shrinkage=0.0229654


Tree=231
num_leaves=19
num_cat=0
split_feature=37 37 36 0 7 37 36 36 36 37 37 36 7 3 16 34 15 4
split_gain=277.738 45.2013 21.1525 19.4199 19.175 17.0438 27.6104 17.5805 15.506 15.1952 14.7585 16.7842 14.8021 14.7046 14.6446 13.4678 13.1579 15.0586
threshold=20773.091153354329 23685.696251002981 23495.500000000004 45.500000000000007 0.55438071450436044 26330.685583143768 27900.500000000004 26661.500000000004 22554.500000000004 19643.101295160526 29908.181515470071 30043.500000000004 -0.97868534383143924 1.0000000180025095e-35 259.18750000000006 0.89236111111111127 19.706250000000008 3.5000000000000004
decision_type=2 2 2 2 2 2 2 2 2 2 2 2 2 2 2 2 2 2
left_child=9 3 15 4 8 7 16 -4 -2 -1 -8 13 -13 14 -12 -3 -7 -18
right_child=1 2 5 -5 -6 6 10 -9 -10 -11 11 12 -14 -15 -16 -17 17 -19
leaf_value=-34.638202043128793 1.8579943461042807 3.4292811046677452 -0.97577549963972909 -10.24820753652482 -6.5249723114845359 2.4870687990035361 -3.771034684740997 -10.797222608227857 -4.5559979875551715 -10.920088450995594 12.126624639273111 3.4011987703818667 -1.1491545887692025 2.5302052575854312 37.78498720348253 28.100060172446607 17.481584511601366 2.5072559026486312
leaf_weight=42581 20289 19429 38861 9229 27801 28493 28851 13446 17987 25640 1017 10690 65432 7552 73 62 1199 1168
leaf_count=42581 20289 19429 38861 9229 27801 28493 28851 13446 17987 25640 1017 10690 65432 7552 73 62 1199 1168
internal_value=-0.000476861 -0.000168229 4.98532e-07 -0.000652801 -0.000514973 -7.09804e-05 5.76216e-05 -0.000426187 -0.000181559 -0.00179597 -0.000107839 4.4866e-05 -6.40196e-05 0.00100397 0.00349748 0.000722153 0.000666785 0.00231206
internal_weight=359800 291579 216273 75306 66077 196782 144475 52307 38276 68221 113615 84764 76122 8642 1090 19491 30860 2367
internal_count=359800 291579 216273 75306 66077 196782 144475 52307 38276 68221 113615 84764 76122 8642 1090 19491 30860 2367
is_linear=0
shrinkage=0.0229654


Tree=232
num_leaves=19
num_cat=0
split_feature=35 8 3 1 3 1 11 26 15 24 30 15 24 24 3 31 3 24
split_gain=149.641 41.7429 34.0946 22.8839 25.1349 21.3052 19.8968 19.5233 18.9382 18.9359 40.5143 22.8311 24.4588 23.2713 22.03 20.6897 33.8924 17.422
threshold=20647.500000000004 1.0000000180025095e-35 4.5000000000000009 10.500000000000002 5.5000000000000009 22.500000000000004 108.00000000000001 14.854036458333335 12.881250000000003 1.0000000180025095e-35 389.08125000000001 7.7562500000000023 -2.2749999999999977 -1.0000000180025095e-35 3.5000000000000004 284.06875000000008 1.5000000000000002 -3.5499999999999989
decision_type=2 2 2 2 2 2 2 2 2 2 2 2 2 2 2 2 2 2
left_child=1 7 5 -4 -5 6 9 -1 -8 10 15 12 14 -13 -12 -2 -17 -16
right_child=2 -3 3 4 -6 -7 8 -9 -10 -11 11 13 -14 -15 17 16 -18 -19
leaf_value=-0.56443013030283418 -6.2994174414741639 -17.70078860290111 -7.9165143464883787 -5.3584077560784538 1.219976858991793 -7.0521146905382111 -0.60632399251486147 -12.597640710541299 4.1788230753397038 -3.0882084917083805 7.1060269768288498 -0.13911935898789274 2.7752418006627044 8.5176334519150227 33.977978977260484 21.003795556014495 -0.67116553961197511 13.933766856228479
leaf_weight=12149 17980 41408 32416 25688 22296 10064 38698 15155 36536 60890 1867 32643 6089 4562 184 264 716 195
leaf_count=12149 17980 41408 32416 25688 22296 10064 38698 15155 36536 60890 1867 32643 6089 4562 184 264 716 195
internal_value=-0.000473606 -0.00143758 -0.000246059 -0.000648402 -0.000329951 -9.25214e-05 -4.07976e-05 -0.000740505 0.000254458 -0.000217951 5.62558e-05 0.000427638 0.00151404 0.000184254 0.0035624 -0.000835767 0.00241371 0.00861051
internal_weight=359800 68712 291088 80400 47984 210688 200624 27304 75234 125390 64500 45540 8335 37205 2246 18960 980 379
internal_count=359800 68712 291088 80400 47984 210688 200624 27304 75234 125390 64500 45540 8335 37205 2246 18960 980 379
is_linear=0
shrinkage=0.0229654


Tree=233
num_leaves=19
num_cat=0
split_feature=37 37 36 37 36 1 36 27 9 26 37 37 36 37 13 37 22 37
split_gain=272.514 42.7942 20.1624 23.3567 21.8586 20.0705 18.2956 19.632 16.7591 16.913 16.5438 16.0273 13.174 14.2421 13.8544 12.8663 11.5575 14.5301
threshold=20773.091153354329 23685.696251002981 24453.500000000004 25946.294400098846 27900.500000000004 22.500000000000004 22554.500000000004 -0.29058779761904713 0.93301270189221952 10.591796875000002 28694.380984603627 19643.101295160526 29801.500000000004 31742.305191497588 15.943750000000003 28497.962273516761 5.9915364583333348 25301.641546275634
decision_type=2 2 2 2 2 2 2 2 2 2 2 2 2 2 2 2 2 2
left_child=11 5 16 -4 15 6 7 -2 -9 -10 -6 -1 -12 -14 -15 -5 -3 -18
right_child=1 2 3 4 10 -7 -8 8 9 -11 12 -13 13 14 -16 -17 17 -19
leaf_value=-33.485229484048766 -4.0060769736269837 -1.0188795202257979 -4.6015347006762735 1.4498109036439613 -5.0253592573352091 -11.629803795837775 -6.5556859489307593 1.6594569137418489 11.502549203763076 26.02001186532852 3.0821901361435255 -10.377234038188648 -5.305761635264953 0.27241368741956173 17.101862346337395 6.8677907149987698 2.3664464081254475 8.5401853930565377
leaf_weight=42581 19979 8091 34166 26296 18903 7602 30759 16269 590 107 12685 25640 19097 64360 66 7448 18244 6917
leaf_count=42581 19979 8091 34166 26296 18903 7602 30759 16269 590 107 12685 25640 19097 64360 66 7448 18244 6917
internal_value=-0.000468117 -0.0001624 1.77278e-06 -9.27425e-05 3.15498e-05 -0.000633893 -0.000508263 -0.000163795 0.000410686 0.00389786 -0.000119126 -0.00177476 2.91166e-06 -0.000101818 6.14535e-05 0.00054555 0.000521991 0.000764783
internal_weight=359800 291579 216273 183021 148855 75306 67704 36945 16966 697 115111 68221 96208 83523 64426 33744 33252 25161
internal_count=359800 291579 216273 183021 148855 75306 67704 36945 16966 697 115111 68221 96208 83523 64426 33744 33252 25161
is_linear=0
shrinkage=0.0229654


Tree=234
num_leaves=19
num_cat=0
split_feature=35 8 7 0 3 11 15 18 25 25 29 14 34 27 26 4 25 27
split_gain=143.159 40.5281 33.9395 37.5291 26.6223 24.0553 27.2552 23.5891 22.7667 17.6522 15.7147 15.394 15.1365 14.8389 14.2861 13.025 12.6772 12.4254
threshold=20647.500000000004 1.0000000180025095e-35 0.65793410509763428 45.500000000000007 4.5000000000000009 84.000000000000014 12.843750000000004 0.11312500000000002 16.171614583333337 9.1341145833333357 236.60625000000002 56.562500000000007 0.8715277777777779 -1.0000000180025095e-35 21.246223958333335 11.500000000000002 1.9783854166666668 0.84190848214285763
decision_type=2 2 2 2 2 2 2 2 2 2 2 2 2 2 2 2 2 2
left_child=1 8 3 5 12 6 7 9 11 -2 -3 -1 17 -7 -5 -9 -6 -4
right_child=2 10 4 14 16 13 -8 15 -10 -11 -12 -13 -14 -15 -16 -17 -18 -19
leaf_value=-16.449286924621028 2.0140256734203472 -19.929060825866316 -1.587667609490085 -6.4400549150313582 4.96220460570893 -0.77074808385667404 -4.1031091425514106 4.7608481506632083 -12.519160671653554 -2.3405427634637279 -5.6003678868629381 4.3222063849707739 24.899257265069998 2.8008728000702803 6.5982738464303239 15.186621660884244 -12.61768680369898 -10.776047732900306
leaf_weight=3369 18829 33901 36951 20885 527 37277 54151 6274 15107 24547 7507 8828 63 66923 499 399 16593 7170
leaf_count=3369 18829 33901 36951 20885 527 37277 54151 6274 15107 24547 7507 8828 63 66923 499 399 16593 7170
internal_value=-0.000462628 -0.00140549 -0.000240062 -0.000111977 -0.000720161 -1.79629e-05 -0.000264698 0.000121643 -0.000718637 -7.39117e-05 -0.0018584 1.93931e-05 -0.00042226 0.000228772 -0.0010282 0.00139279 -0.001489 -0.000438322
internal_weight=359800 68712 291088 229784 61304 208400 104200 50049 27304 43376 41408 12197 44184 104200 21384 6673 17120 44121
internal_count=359800 68712 291088 229784 61304 208400 104200 50049 27304 43376 41408 12197 44184 104200 21384 6673 17120 44121
is_linear=0
shrinkage=0.0229654


Tree=235
num_leaves=19
num_cat=0
split_feature=35 8 23 5 0 0 25 31 34 25 32 28 13 13 29 29 35 14
split_gain=139.629 40.4623 32.582 23.3071 23.4366 26.3811 22.1971 21.8959 18.6837 17.6005 16.319 20.1182 26.0161 18.3535 17.9958 15.9378 14.5091 14.0129
threshold=20647.500000000004 1.0000000180025095e-35 -2.4999999999999982 1.0000000180025095e-35 21.500000000000004 9.5000000000000018 16.171614583333337 190.04375000000005 0.92013888888888895 5.3575520833333341 165.34375000000003 1.5027141173389216 17.181250000000006 18.256250000000005 91.55625000000002 236.60625000000002 23929.500000000004 56.562500000000007
decision_type=2 2 2 2 2 2 2 2 2 2 2 2 2 2 2 2 2 2
left_child=1 6 7 8 5 16 17 9 10 -2 11 12 -4 -12 -14 -3 -5 -1
right_child=2 15 3 4 -6 -7 -8 -9 -10 -11 13 -13 14 -15 -16 -17 -18 -19
leaf_value=-16.071522323789306 0.052508435602585224 -19.471381794408334 1.3204599391653347 -4.3925534500826418 -0.90538999061305114 -13.056758685091376 -12.231653027367946 1.9036437084299507 20.560306651831766 -6.7459527455896673 -7.2019292139531501 -2.474064471193957 7.9478067766080205 0.65600306004025288 38.369855370823849 -5.4717531481824047 4.4113982231350066 4.2229451478598037
leaf_weight=3369 7200 33901 112519 3901 42205 18017 15107 4947 136 31544 15442 38287 399 12730 132 7507 3629 8828
leaf_count=3369 7200 33901 112519 3901 42205 18017 15107 4947 136 31544 15442 38287 399 12730 132 7507 3629 8828
internal_value=-0.000456947 -0.00138811 -0.000237143 -0.000135038 -0.000498005 -0.001047 -0.000701815 -0.000815309 1.8531e-06 -0.000999017 -4.5934e-06 8.98811e-05 0.000243975 -0.0005121 0.00531535 -0.00184065 9.4545e-05 2.69245e-05
internal_weight=359800 68712 291088 247397 67752 25547 27304 43691 179645 38744 179509 151337 113050 28172 531 41408 7530 12197
internal_count=359800 68712 291088 247397 67752 25547 27304 43691 179645 38744 179509 151337 113050 28172 531 41408 7530 12197
is_linear=0
shrinkage=0.0229654


Tree=236
num_leaves=19
num_cat=0
split_feature=36 27 29 27 7 4 11 8 10 21 7 27 8 29 8 3 17 0
split_gain=131.525 37.0831 28.966 21.7888 20.6649 19.7401 18.0247 16.3992 18.8125 14.558 14.5562 13.1556 12.9483 11.9151 15.5166 15.4677 12.7624 11.19
threshold=20882.500000000004 -0.1470982142857151 249.04375000000005 0.50448288690476117 0.65793410509763428 2.5000000000000004 132.00000000000003 -0.44134171618254459 -0.24999999999999994 3.1251302083333341 0.44134171618254497 -4.5551339285714274 -0.65793410509763406 0.26249999999999846 0.19467261866128602 2.5000000000000004 57.312500000000007 47.500000000000007
decision_type=2 2 2 2 2 2 2 2 2 2 2 2 2 2 2 2 2 2
left_child=1 9 3 7 17 -5 10 -2 -9 -1 13 -6 -11 14 -7 -16 -15 -4
right_child=2 -3 4 5 11 6 -8 8 -10 12 -12 -13 -14 16 15 -17 -18 -19
leaf_value=5.0378295679939704 -1.8961434260766796 -5.1600646140907394 0.99772844415451811 -26.020008509198163 2.3080212124234611 -2.5993302899938211 3.1400061110707647 -8.4081116864265191 -1.5386306121780582 -4.9412013824922401 -10.030112186182027 -4.4618384124662986 -16.039800249213691 -5.6544179780058625 8.4834145094786209 1.4918852260352611 -0.40070099905166778 -8.0991800673658112
leaf_weight=623 21157 26409 114738 2362 4689 3813 16887 25373 11702 4844 5021 32778 42476 14943 1271 2056 25341 3317
leaf_count=623 21157 26409 114738 2362 4689 3813 16887 25373 11702 4844 5021 32778 42476 14943 1271 2056 25341 3317
internal_value=-0.000451522 -0.00131185 -0.000227428 -0.000480534 -1.59781e-05 -0.000212504 -0.000142168 -0.000810526 -0.00110166 -0.0016925 -0.000352287 -0.000485886 -0.00173842 -0.000227795 0.000636855 0.00178298 -0.000381047 0.000133156
internal_weight=359800 74352 285448 129926 155522 71694 69332 58232 37075 47943 52445 37467 47320 47424 7140 3327 40284 118055
internal_count=359800 74352 285448 129926 155522 71694 69332 58232 37075 47943 52445 37467 47320 47424 7140 3327 40284 118055
is_linear=0
shrinkage=0.0229654


Tree=237
num_leaves=19
num_cat=0
split_feature=37 37 1 35 36 3 15 37 36 27 35 36 37 6 3 3 1 33
split_gain=264.611 39.6083 20.2459 20.0887 19.1246 20.4922 19.2984 18.9417 18.2567 19.7349 30.2066 18.0319 17.0399 15.5014 14.507 20.7875 29.8325 14.9918
threshold=20713.858809328627 23581.241280817292 22.500000000000004 22652.500000000004 27231.500000000004 5.5000000000000009 20.531250000000004 27819.434989129277 22973.500000000004 -0.29058779761904713 16377.500000000002 20095.500000000004 19574.565316963995 1.0000000180025095e-35 4.5000000000000009 5.5000000000000009 4.5000000000000009 0.89930555555555569
decision_type=2 2 2 2 2 2 2 2 2 2 2 2 2 2 2 2 2 2
left_child=12 2 8 4 5 7 -7 11 9 -2 -11 -3 -1 14 -5 16 17 -16
right_child=1 3 -4 13 -6 6 -8 -9 -10 10 -12 -13 -14 -15 15 -17 -18 -19
leaf_value=-32.639073175202135 -3.8616381376166515 24.593160427258344 -11.113531911344062 0.48571867937600188 -5.724602919469655 12.481117305347167 30.353495619591158 21.608937823677117 -7.4919129713193859 36.601485567425122 1.51830434418293 5.7403042265636861 -9.7053477151033221 -13.341693761102206 2.600661342955342 0.67343453566853517 -6.6407868668910934 15.979545879156641
leaf_weight=41150 22953 357 7390 157941 2557 396 67 104 24370 222 18971 7529 25626 3313 1758 22252 22380 464
leaf_count=41150 22953 357 7390 157941 2557 396 67 104 24370 222 18971 7529 25626 3313 1758 22252 22380 464
internal_value=-0.000446798 -0.000149491 -0.000609234 5.57526e-06 0.000961585 0.00148801 0.00618528 0.00121582 -0.000482538 -0.000193223 0.00035023 0.00108741 -0.00175143 -4.50026e-05 -1.9793e-05 -0.00037467 -0.000834716 0.00170328
internal_weight=359800 293024 73906 219118 11010 8453 463 7990 66516 42146 19193 7886 66776 208108 204795 46854 24602 2222
internal_count=359800 293024 73906 219118 11010 8453 463 7990 66516 42146 19193 7886 66776 208108 204795 46854 24602 2222
is_linear=0
shrinkage=0.0229654


Tree=238
num_leaves=19
num_cat=0
split_feature=37 37 36 37 36 27 36 7 37 9 24 15 36 7 9 23 3 37
split_gain=261.889 40.4205 19.4525 21.657 21.6153 18.0279 18.4432 16.5148 16.197 13.2251 15.4596 19.094 12.7817 14.0277 12.6874 22.33 17.8723 12.1038
threshold=20593.95767831185 23685.696251002981 24453.500000000004 25946.294400098846 27900.500000000004 -1.0000000180025095e-35 23495.500000000004 0.32075123873380545 28694.380984603627 0.93301270189221952 -1.5499999999999998 8.1812500000000021 29801.500000000004 -0.97868534383143924 0.93301270189221952 -1.2624999999999986 2.5000000000000004 28497.962273516761
decision_type=2 2 2 2 2 2 2 2 2 2 2 2 2 2 2 2 2 2
left_child=7 5 -3 -4 17 9 14 -1 -6 -2 11 -11 -10 -14 -7 16 -16 -5
right_child=1 2 3 4 8 6 -8 -9 12 10 -12 -13 13 -15 15 -17 -18 -19
leaf_value=-13.125826831811809 -6.4033027705547267 2.5740656477706207 -4.354797577427977 1.4486931876700047 -4.7890558098536955 0.2601292000380282 -7.3139660558801305 -21.8847122590143 3.0378800309057579 9.6308176007456048 -4.0145157071718556 2.6251083751991797 3.181615760132265 -1.2960448334108328 21.752779890277431 4.7675913760487925 14.904597133923481 6.6490799978926196
leaf_weight=19554 37767 33252 34166 26296 18903 22837 13136 44368 12685 462 3272 1112 11050 72473 122 807 90 7448
leaf_count=19554 37767 33252 34166 26296 18903 22837 13136 44368 12685 462 3272 1112 11050 72473 122 807 90 7448
internal_value=-0.000442586 -0.0001546 8.25019e-06 -8.45864e-05 3.50982e-05 -0.000597035 -0.000226104 -0.0017756 -0.000114737 -0.000919037 0.000210413 0.0020806 6.01484e-06 -9.71436e-05 0.000154411 0.00266164 0.00929449 0.000546231
internal_weight=359800 295878 216273 183021 148855 79605 36992 63922 115111 42613 4846 1574 96208 83523 23856 1019 212 33744
internal_count=359800 295878 216273 183021 148855 79605 36992 63922 115111 42613 4846 1574 96208 83523 23856 1019 212 33744
is_linear=0
shrinkage=0.0229654


Tree=239
num_leaves=19
num_cat=0
split_feature=37 37 36 27 36 35 9 35 37 37 37 36 35 15 35 37 37 30
split_gain=255.859 38.7471 18.7951 17.2721 18.0702 27.2291 17.29 32.3927 16.3901 15.8824 14.7323 22.5032 27.1248 27.4263 15.917 15.623 14.4332 14.7874
threshold=20593.95767831185 23685.696251002981 23495.500000000004 -1.0000000180025095e-35 22554.500000000004 16377.500000000002 0.93301270189221952 23008.500000000004 21971.225937209423 19367.681914178898 25946.294400098846 27900.500000000004 25425.500000000004 24.456250000000008 24500.500000000004 28694.380984603627 28060.695964053844 1261.2812500000002
decision_type=2 2 2 2 2 2 2 2 2 2 2 2 2 2 2 2 2 2
left_child=9 3 -3 -2 5 -5 -7 8 -8 -1 14 12 13 16 -4 -13 -12 -18
right_child=1 2 10 4 -6 6 7 -9 -10 -11 11 15 -14 -15 -16 -17 17 -19
leaf_value=-34.675571888157506 -5.5757622430252454 3.4052980254829568 0.42445086626772627 34.11467401707921 -5.3603345050177635 0.35560778393167131 13.81356734044296 -8.1524832251003296 39.782728112762776 -10.264541503242185 5.2984795527879278 -4.6790731847915144 1.5437663113585294 37.610708813024218 -5.375287640767815 0.036885315027035223 18.899977349442796 2.5873549359046764
leaf_weight=36854 42613 19491 19082 214 18737 17378 210 370 83 27068 4393 18903 31913 140 25703 96208 253 187
leaf_count=36854 42613 19491 19082 214 18737 17378 210 370 83 27068 4393 18903 31913 140 25703 96208 253 187
internal_value=-0.000437543 -0.000152892 6.5512e-06 -0.000586072 -0.000222999 0.000291234 0.000194635 0.0038345 0.00953887 -0.00175512 -6.08271e-05 4.70341e-05 0.00054067 0.00211828 -0.0004269 -0.000111146 0.00182801 0.00579355
internal_weight=359800 295878 216273 79605 36992 18255 18041 663 293 63922 196782 151997 36886 4973 44785 115111 4833 440
internal_count=359800 295878 216273 79605 36992 18255 18041 663 293 63922 196782 151997 36886 4973 44785 115111 4833 440
is_linear=0
shrinkage=0.0229654


Tree=240
num_leaves=19
num_cat=0
split_feature=37 37 35 3 35 37 36 36 35 15 36 1 15 37 35 30 37 36
split_gain=252.761 37.8859 19.4318 19.3492 22.8443 17.2754 26.1738 24.3263 20.9307 37.0277 16.8132 16.4776 16.019 15.1614 14.1707 32.646 12.6661 17.1074
threshold=20593.95767831185 23115.241805573642 22652.500000000004 5.5000000000000009 20032.500000000004 25946.294400098846 24453.500000000004 27094.500000000004 25042.500000000004 23.856250000000006 21191.500000000004 9.5000000000000018 11.331250000000002 18797.470132382845 17834.500000000004 210.00625000000005 28407.181565572457 29801.500000000004
decision_type=2 2 2 2 2 2 2 2 2 2 2 2 2 2 2 2 2 2
left_child=11 10 3 -3 -5 6 -4 8 9 -7 12 -1 -2 -13 15 -14 -9 -18
right_child=1 2 5 4 -6 7 -8 16 -10 -11 -12 13 14 -15 -16 -17 17 -19
leaf_value=-19.816098949426991 -3.4036659818179875 3.7368449328615139 0.4685306414642002 29.641688935106174 6.3572115805322573 10.25423611964148 -6.0571248710020003 -3.5706168031685102 2.2180121917044913 48.934567527626413 -6.6000682713051786 -39.491691931477497 -1.7538183345596619 -4.0617878804880529 2.2670369898575835 42.735544147336107 3.1496223915243151 -0.61694530813837956
leaf_weight=46900 13105 14208 31053 197 665 2312 32868 23135 26062 80 42358 7742 436 9280 7628 282 17469 84020
leaf_count=46900 13105 14208 31053 197 665 2312 32868 23135 26062 80 42358 7742 436 9280 7628 282 17469 84020
internal_value=-0.000433331 -0.000150408 -1.41418e-05 0.000783292 0.00412418 -6.95215e-05 -0.00038662 6.28896e-05 0.000668768 0.00272474 -0.000646001 -0.0017429 -0.000122156 -0.00113087 0.000664252 0.00374867 -7.54438e-05 3.50962e-05
internal_weight=359800 295878 232069 15070 862 216999 63921 153078 28454 2392 63809 63922 21451 17022 8346 718 124624 101489
internal_count=359800 295878 232069 15070 862 216999 63921 153078 28454 2392 63809 63922 21451 17022 8346 718 124624 101489
is_linear=0
shrinkage=0.0229654


Tree=241
num_leaves=19
num_cat=0
split_feature=35 23 8 11 31 15 18 29 26 26 13 16 17 28 26 18 30 23
split_gain=128.931 34.907 33.2153 28.3651 20.3918 18.8208 22.768 17.9741 17.874 17.4018 17.2787 15.1314 16.6209 13.7082 13.1743 12.7982 19.4209 22.3113
threshold=20345.500000000004 -2.4999999999999982 1.0000000180025095e-35 108.00000000000001 190.04375000000005 12.731250000000003 0.11312500000000002 233.84375000000006 15.595703125000002 13.943880208333335 -3.0437499999999993 0.56250000000000011 51.062500000000007 9.4997336800573908 10.361328125000002 0.038125000000000013 1175.4750000000001 2.6999999999999997
decision_type=2 2 2 2 2 2 2 2 2 2 2 2 2 2 2 2 2 2
left_child=2 4 8 5 14 6 9 -4 15 -3 -7 -12 -13 -14 -2 -1 -17 -18
right_child=1 3 7 -5 -6 10 -8 -9 -10 -11 11 12 13 -15 -16 16 17 -19
leaf_value=-7.7666597749182325 -2.6885241040905918 0.032615931742007755 -19.622131546639149 1.2444536694219372 1.5326854260951326 4.2017290701526475 4.1301917872835361 -4.0691773670573692 -13.082374171665055 -5.2888625294551419 -8.0525167322545741 -9.6421754466505813 -1.6010415152958057 9.8826705788144018 -6.7283174626982962 3.7388953256178632 -0.14852753421336826 53.682412583612411
leaf_weight=6840 17909 48661 30617 94108 5290 5518 10475 6247 12356 16183 21930 12343 42644 100 23095 5303 90 91
leaf_count=6840 17909 48661 30617 94108 5290 5518 10475 6247 12356 16183 21930 12343 42644 100 23095 5303 90 91
internal_value=-0.000430139 -0.000232661 -0.00138716 -0.000126165 -0.000812278 -0.000314307 -5.18045e-05 -0.0018237 -0.000735117 -0.000212286 -0.000553858 -0.000642801 -0.000439698 -0.000225335 -0.000985401 -0.000116281 0.000710235 0.00810768
internal_weight=359800 298256 61544 251962 46294 157854 75319 36864 24680 64844 82535 77017 55087 42744 41004 12324 5484 181
internal_count=359800 298256 61544 251962 46294 157854 75319 36864 24680 64844 82535 77017 55087 42744 41004 12324 5484 181
is_linear=0
shrinkage=0.0229654


Tree=242
num_leaves=19
num_cat=0
split_feature=37 37 35 3 35 13 37 35 0 35 37 3 35 13 7 37 1 34
split_gain=246.844 39.919 17.6608 17.3748 21.2253 16.8371 16.3865 15.6902 15.4968 14.947 19.3131 14.8934 21.5953 20.523 17.3889 14.0697 13.8843 13.3566
threshold=20411.727015907407 23115.241805573642 22652.500000000004 5.5000000000000009 20093.500000000004 18.256250000000005 25822.820239056793 26282.500000000004 20.500000000000004 28441.500000000004 28798.095678294521 1.0000000180025095e-35 40221.000000000007 1.1187500000000006 0.44134171618254497 18797.470132382845 22.500000000000004 0.89930555555555569
decision_type=2 2 2 2 2 2 2 2 2 2 2 2 2 2 2 2 2 2
left_child=8 5 3 -3 -5 16 7 17 -1 -8 -11 12 14 -14 -12 -10 -2 -4
right_child=1 2 6 4 -6 -7 9 -9 15 10 11 -13 13 -15 -16 -17 -18 -19
leaf_value=-20.640388841655906 -4.2757099662417923 3.6637932235287538 -1.2905763197045421 27.672442788804243 5.9575221667145213 1.7741583081462229 2.0127763090602833 -8.6599576663748827 -38.353715554134695 -6.0307640440778725 3.2795824628890782 -0.45089615081550394 29.103503414804496 4.0842593572379506 19.370824366668593 -3.9939890463979553 -11.929616996163892 27.981525919297354
leaf_weight=43779 53529 14208 49094 205 657 8474 48438 12096 7742 14382 9956 82293 91 101 481 8089 6118 67
leaf_count=43779 53529 14208 49094 205 657 8474 48438 12096 7742 14382 9956 82293 91 101 481 8089 6118 67
internal_value=-0.000426565 -0.000158515 -1.50325e-05 0.000745194 0.00391105 -0.000647318 -6.78282e-05 -0.000386038 -0.00177644 5.73311e-05 -9.38278e-05 2.73834e-05 0.000836382 0.00846849 0.000695981 -0.00116067 -0.000783405 -0.000203723
internal_weight=359800 300190 232069 15070 862 68121 216999 61257 59610 155742 107304 92922 10629 192 10437 15831 59647 49161
internal_count=359800 300190 232069 15070 862 68121 216999 61257 59610 155742 107304 92922 10629 192 10437 15831 59647 49161
is_linear=0
shrinkage=0.0229654


Tree=243
num_leaves=19
num_cat=0
split_feature=35 23 0 11 25 28 12 15 26 21 34 25 4 13 25 0 18 15
split_gain=123.697 33.7041 32.1855 27.3184 20.2878 20.9371 20.5811 20.9654 19.9394 19.4438 17.7387 17.483 17.3424 20.5823 17.2276 14.8862 12.6486 12.3875
threshold=20345.500000000004 -2.4999999999999982 13.500000000000002 108.00000000000001 9.6252604166666682 2.0752404646902076 8.5437500000000028 11.668750000000003 18.747265625000004 10.587109375000002 0.96875000000000011 5.2752604166666677 1.5000000000000002 5.6562500000000009 16.017968750000005 17.500000000000004 0.5012500000000002 12.681250000000004
decision_type=2 2 2 2 2 2 2 2 2 2 2 2 2 2 2 2 2 2
left_child=2 8 9 4 5 6 7 -3 11 -1 15 -2 -8 -14 16 -6 -4 -5
right_child=1 3 14 17 10 -7 12 -9 -10 -11 -12 -13 13 -15 -16 -17 -18 -19
leaf_value=-3.7707909274458782 0.25804593853596536 1.4210876910440562 -1.9729498017709353 -0.50125011885307336 -8.2825775504807009 -9.4682567253163974 8.8172104863669052 -3.7453774422351822 1.2407074327023733 -18.922645999630809 18.448076054016621 -6.3807485474921295 -8.5340064058478546 3.9249605991415062 -11.152919492806141 -2.4470714215700125 15.023180461128101 2.9358256422637217
leaf_weight=6524 7029 24894 9553 45036 17271 6650 5895 26780 5986 31476 81 33279 4637 8401 13361 63245 630 49072
leaf_count=6524 7029 24894 9553 45036 17271 6650 5895 26780 5986 31476 81 33279 4637 8401 13361 63245 630 49072
internal_value=-0.000421778 -0.000228349 -0.00135918 -0.000123704 -0.000308342 -4.24195e-05 7.36051e-05 -0.000163728 -0.000797891 -0.00177257 -0.000563244 -0.000981563 0.00072136 0.000253996 -0.000691967 -0.00057405 1.96203e-05 0.000186001
internal_weight=359800 298256 61544 251962 157854 77257 70607 51674 46294 38000 80597 40308 18933 13038 23544 80516 10183 94108
internal_count=359800 298256 61544 251962 157854 77257 70607 51674 46294 38000 80597 40308 18933 13038 23544 80516 10183 94108
is_linear=0
shrinkage=0.0229654


Tree=244
num_leaves=19
num_cat=0
split_feature=37 37 0 7 36 37 35 37 27 36 37 36 35 4 0 3 36 27
split_gain=243.172 37.8889 19.492 18.9995 17.9111 27.8751 18.077 20.8166 20.0182 15.8169 20.2154 15.5407 18.5794 15.6993 15.4378 15.0084 14.4813 15.5233
threshold=20411.727015907407 23634.054453938876 46.500000000000007 0.65793410509763428 25864.500000000004 26868.08036656753 23929.500000000004 25822.820239056793 1.2574404761904756 29694.500000000004 31602.531406432692 22554.500000000004 16377.500000000002 3.5000000000000004 20.500000000000004 3.5000000000000004 21640.500000000004 2.2365513392857133
decision_type=2 2 2 2 2 2 2 2 2 2 2 2 2 2 2 2 2 2
left_child=14 2 3 11 6 -6 8 -8 -3 -7 -11 12 16 -14 -1 -10 17 -2
right_child=1 4 -4 -5 5 9 7 -9 15 10 -12 -13 13 -15 -16 -17 -18 -19
leaf_value=-19.900755784436441 -8.4337980851250034 2.6183080282257256 -10.057624165160625 -6.0370397473319883 -5.7269268635388597 1.992305415326354 -1.3262894091424002 3.2550569319476312 9.4581037748695689 -5.6156745354966482 0.30819189773822253 -4.1432335137456091 9.9571333762246486 -0.096296519552692486 -14.250115509043535 16.692339597567386 50.932639858019762 25.671714070968502
leaf_weight=43779 228 11066 7902 27433 28791 38058 29855 16083 3404 23900 65810 20765 1277 24656 15831 718 97 147
leaf_count=43779 228 11066 7902 27433 28791 38058 29855 16083 3404 23900 65810 20765 1277 24656 15831 718 97 147
internal_value=-0.000416608 -0.000150558 -0.000569647 -0.000454765 8.28107e-06 -0.000121884 0.000341667 0.000114582 0.00102851 2.35817e-05 -0.000142846 -0.000175272 0.000194386 0.000112201 -0.00175641 0.0023946 0.00470985 0.00266399
internal_weight=359800 300190 82505 74603 217685 156559 61126 45938 15188 127768 89710 47170 26405 25933 59610 4122 472 375
internal_count=359800 300190 82505 74603 217685 156559 61126 45938 15188 127768 89710 47170 26405 25933 59610 4122 472 375
is_linear=0
shrinkage=0.0229654


Tree=245
num_leaves=19
num_cat=0
split_feature=37 37 0 6 35 0 36 27 35 0 36 25 36 4 27 37 11 15
split_gain=239.814 37.6317 16.6745 17.2616 16.7126 15.7903 15.6886 19.3031 17.6078 15.3522 15.2167 20.1205 15.6831 16.3118 14.2524 14.2414 12.8446 18.3406
threshold=20355.288483892313 23115.241805573642 43.500000000000007 1.0000000180025095e-35 22775.500000000004 45.500000000000007 23549.500000000004 -0.29058779761904713 15979.500000000002 20.500000000000004 27301.500000000004 16.493489583333339 20158.000000000004 8.5000000000000018 2.6148251488095244 18797.470132382845 84.000000000000014 12.331250000000004
decision_type=2 2 2 2 2 2 2 2 2 2 2 2 2 2 2 2 2 2
left_child=9 5 3 4 10 6 7 -2 -9 -1 11 14 13 -13 -3 -11 17 -6
right_child=1 2 -4 -5 16 -7 -8 8 -10 15 -12 12 -14 -15 -16 -17 -18 -19
leaf_value=-19.871879205586346 -4.2221255741288735 8.5063922759866717 -2.3472912465860465 -16.147524241761825 0.8722874415304166 -9.7886104547042603 -9.6889512689419579 33.991014980507472 0.70920384946482729 -36.994203597819258 -5.2015278828585476 -12.142281087031604 -3.0006582082919118 33.653594241133781 18.809210544370924 -3.4977004880680673 1.3570075142907074 -2.8743037646103611
leaf_weight=42747 27131 6804 29232 3225 43395 7448 13057 229 21644 7742 2706 85 3790 145 1058 7733 92588 49041
leaf_count=42747 27131 6804 29232 3225 43395 7448 13057 229 21644 7742 2706 85 3790 145 1058 7733 92588 49041
internal_value=-0.000413863 -0.000153353 -1.29543e-05 6.09463e-05 8.78748e-05 -0.000622101 -0.00050219 -0.000313711 0.000193924 -0.00176325 0.00083625 0.00119021 -0.000131395 0.00569143 0.00186598 -0.00114345 2.88701e-05 -0.000162634
internal_weight=359800 301578 232069 202837 199612 69509 62061 49004 21873 58222 14588 11882 4020 230 7862 15475 185024 92436
internal_count=359800 301578 232069 202837 199612 69509 62061 49004 21873 58222 14588 11882 4020 230 7862 15475 185024 92436
is_linear=0
shrinkage=0.0229654


Tree=246
num_leaves=19
num_cat=0
split_feature=37 37 1 7 35 37 25 3 3 31 1 6 12 27 3 35 1 3
split_gain=235.935 36.7668 20.6124 20.4927 17.2413 15.6862 13.0569 14.68 15.7982 15.493 14.3725 12.3494 12.8119 14.7384 32.9179 31.233 16.9148 16.2139
threshold=20355.288483892313 24026.812138910074 22.500000000000004 0.65793410509763428 23929.500000000004 19298.943765421787 9.6252604166666682 4.5000000000000009 5.5000000000000009 187.59375000000003 20.500000000000004 1.0000000180025095e-35 8.5437500000000028 1.0000000180025095e-35 1.0000000180025095e-35 37282.500000000007 6.5000000000000009 5.5000000000000009
decision_type=2 2 2 2 2 2 2 2 2 2 2 2 2 2 2 2 2 2
left_child=5 2 3 -2 -3 -1 11 9 -9 10 -8 12 -6 14 15 -14 -16 -18
right_child=1 4 -4 -5 6 -7 7 8 -10 -11 -12 -13 13 -15 16 -17 17 -19
leaf_value=-32.781381370713497 -0.9994184715414981 3.7523305710101789 -9.6048189277649278 -5.6626049350423795 -0.042419130475801758 -9.43428780420858 -0.57350025297163632 -11.748307270405055 -0.62359028948768369 4.2014107745702791 -4.8854837821225789 -15.277601616670445 22.866859812488961 0.87526568718360109 10.657863240331931 45.3928655481456 0.47884197199007056 15.506442036788892
leaf_weight=35473 54887 17780 8907 31328 79858 22749 50118 6624 5899 4953 7803 2309 1390 18454 850 70 8982 1366
leaf_count=35473 54887 17780 8907 31328 79858 22749 50118 6624 5899 4953 7803 2309 1390 18454 850 70 8982 1366
internal_value=-0.000410225 -0.00015183 -0.000525403 -0.000416742 2.0289e-05 -0.00174866 -4.41358e-05 -0.000278307 -0.000996336 -0.000135293 -0.000240713 0.000111726 0.000146314 0.000541656 0.00114519 0.00438859 0.000722309 0.000466498
internal_weight=359800 301578 95122 86215 206456 58222 188676 75397 12523 62874 57921 113279 110970 31112 12658 1460 11198 10348
internal_count=359800 301578 95122 86215 206456 58222 188676 75397 12523 62874 57921 113279 110970 31112 12658 1460 11198 10348
is_linear=0
shrinkage=0.0229654


Tree=247
num_leaves=19
num_cat=0
split_feature=37 37 0 7 37 0 3 26 0 7 22 33 22 28 9 3 23 37
split_gain=232.615 33.5004 19.9691 19.0468 17.1961 14.8995 12.5387 11.057 12.8154 16.4096 13.103 15.4361 14.3792 10.8432 10.5724 24.5181 23.9355 13.4937
threshold=20411.727015907407 24026.812138910074 46.500000000000007 0.65793410509763428 19161.366179972218 21.500000000000004 1.5000000000000002 21.610286458333338 37.500000000000007 0.44134171618254497 3.8497829861111117 0.95486111111111127 6.4070312500000011 2.1882247899159677 0.68301270189221941 3.5000000000000004 1.6500000000000001 35510.355415441394
decision_type=2 2 2 2 2 2 2 2 2 2 2 2 2 2 2 2 2 2
left_child=4 2 3 -2 -1 -6 -3 8 9 10 11 14 -12 -14 -8 16 -16 -17
right_child=1 6 -4 -5 5 -7 7 -9 -10 -11 12 -13 13 -15 15 17 -18 -19
leaf_value=-34.614873376453346 -0.96035520607884184 1.6315637219697459 -9.3002703710158645 -5.5316578518886637 -11.024761720077199 -2.5860206812136455 5.1066579847925064 5.5394789261616042 -1.9872490888794407 -2.4228047109501616 -3.4135375060945043 0.037340697567768935 3.3412892805851606 -2.609875207425294 9.4334752517156524 14.430648526262901 34.867793444238345 -9.3393259169817799
leaf_weight=32577 54188 64447 8884 30662 20783 6250 2474 1829 47138 32399 12801 3412 31926 8472 248 736 208 366
leaf_count=32577 54188 64447 8884 30662 20783 6250 2474 1829 47138 32399 12801 3412 31926 8472 248 736 208 366
internal_value=-0.000405948 -0.000145739 -0.000505791 -0.000397328 -0.00171634 -0.00128815 1.77305e-05 -0.000102837 -0.000125984 3.031e-05 0.000253235 0.00115567 0.000126959 0.000339495 0.00211769 0.00359958 0.00807818 0.00174637
internal_weight=359800 300190 93734 84850 59610 27033 206456 142009 140180 93042 60643 7444 53199 40398 4032 1558 456 1102
internal_count=359800 300190 93734 84850 59610 27033 206456 142009 140180 93042 60643 7444 53199 40398 4032 1558 456 1102
is_linear=0
shrinkage=0.0229654


Tree=248
num_leaves=19
num_cat=0
split_feature=7 21 23 32 21 25 1 3 13 28 17 10 20 8 1 20 3 14
split_gain=96.6674 49.4138 47.3711 22.3537 22.2819 23.356 22.2198 22.7377 21.3649 18.816 15.6568 13.5434 22.6915 12.9635 12.7911 11.6922 11.6355 11.8129
threshold=0.65793410509763428 10.302473958333335 -2.4499999999999984 186.00625000000005 19.319661458333336 6.7986979166666668 5.5000000000000009 4.5000000000000009 20.031250000000004 2.8525168918918911 50.062500000000007 -0.5 0.82500000000000118 0.32075123873380501 19.500000000000004 5.8750000000000027 2.5000000000000004 85.187500000000014
decision_type=2 2 2 2 2 2 2 2 2 2 2 2 2 2 2 2 2 2
left_child=2 -2 4 9 5 -1 -3 11 -5 10 -4 15 -13 -10 -12 -8 17 -11
right_child=1 6 3 8 -6 -7 7 -9 13 16 14 12 -14 -15 -16 -17 -18 -19
leaf_value=-0.17019430706298511 -2.8924537892249704 -16.977350156408409 -1.9201503426662625 -6.7670734300377928 2.1463006064009105 -6.3046542851179161 -7.3411312592477689 -26.870265471058236 -0.9223719084020322 -5.4357240795592707 2.3483833895020663 0.91249322917475373 23.071893478866908 5.6421546680341343 -0.93384162348257016 22.606846973171098 -7.129702568130198 5.4874520308133885
leaf_weight=10425 45521 27972 31716 25295 4438 33497 10859 6837 12046 5832 99352 6132 66 2537 20959 61 12641 3614
leaf_count=10425 45521 27972 31716 25295 4438 33497 10859 6837 12046 5832 99352 6132 66 2537 20959 61 12641 3614
internal_value=-0.000400395 -0.00101804 -0.000170977 -2.42761e-05 -0.000820126 -0.000976823 -0.00150224 -0.000988889 -0.000514733 8.8055e-05 0.000179053 -0.000541736 0.00031569 0.000185354 0.000298713 -0.0010284 -0.00053829 7.14776e-05
internal_weight=359800 97448 262352 213992 48360 43922 51927 23955 39878 174114 152027 17118 6198 14583 120311 10920 22087 9446
internal_count=359800 97448 262352 213992 48360 43922 51927 23955 39878 174114 152027 17118 6198 14583 120311 10920 22087 9446
is_linear=0
shrinkage=0.0229654


Tree=249
num_leaves=19
num_cat=0
split_feature=37 37 1 36 37 36 13 36 32 13 3 10 37 37 1 36 37 1
split_gain=228.697 33.0364 16.7864 16.2488 17.4758 20.5482 16.1931 15.2805 15.0097 23.9406 33.8056 27.2737 14.9082 14.8594 13.5449 12.9535 20.5387 12.4702
threshold=20355.288483892313 23064.113950574578 9.5000000000000018 23495.500000000004 25946.294400098846 27994.500000000004 18.256250000000005 27094.500000000004 186.00625000000005 16.706250000000008 1.5000000000000002 -0.68301270189221952 18490.590301764427 28694.380984603627 22.500000000000004 31379.500000000004 33138.221006374057 1.5000000000000002
decision_type=2 2 2 2 2 2 2 2 2 2 2 2 2 2 2 2 2 2
left_child=2 6 -1 -3 7 -6 14 8 9 17 11 -11 -4 -7 -2 -15 -17 -5
right_child=1 3 12 4 5 13 -8 -9 -10 10 -12 -13 -14 15 -16 16 -18 -19
leaf_value=-18.491309255733658 -3.8254285476725163 2.5473839113352099 -38.462422015507073 6.470719961852228 2.4103417958586588 -4.7450221970383017 2.002203446491392 -12.90944465360826 -4.9606026317053482 29.316538575316581 0.48982647639830795 -1.7822139486608728 -4.1406089589898842 2.0000331714623303 -10.686352854803628 -7.930019760729266 0.42397104494286353 -1.748980632251715
leaf_weight=42742 53649 28063 6553 4081 38089 18159 8444 8532 13327 247 576 112 8927 25895 6006 19009 50845 26544
leaf_count=42742 53649 28063 6553 4081 38089 18159 8444 8532 13327 247 576 112 8927 25895 6006 19009 50845 26544
internal_value=-0.000395417 -0.000141017 -0.00171316 -1.1204e-05 -8.20167e-05 4.3559e-05 -0.000586082 -0.000439326 -0.000269986 2.91015e-06 0.00362288 0.00915418 -0.00106519 -0.000110848 -0.000719318 3.38134e-06 -0.000159253 -0.00010761
internal_weight=359800 301578 58222 233479 205416 151997 68099 53419 44887 31560 935 359 15480 113908 59655 95749 69854 30625
internal_count=359800 301578 58222 233479 205416 151997 68099 53419 44887 31560 935 359 15480 113908 59655 95749 69854 30625
is_linear=0
shrinkage=0.0229654


Tree=250
num_leaves=19
num_cat=0
split_feature=35 7 1 1 29 3 3 26 34 35 31 26 26 26 18 9 23 6
split_gain=112.28 31.632 32.8134 29.2681 26.3611 26.0324 15.1061 20.267 14.9948 14.9113 14.8273 14.2696 14.2141 15.5254 14.0392 23.0903 14.4518 13.9376
threshold=20345.500000000004 0.65793410509763428 21.500000000000004 6.5000000000000009 211.91875000000002 4.5000000000000009 3.5000000000000004 13.943880208333335 0.8715277777777779 30749.500000000004 132.60625000000002 16.032421875000004 20.375130208333339 7.323046875000002 0.038125000000000013 0.93301270189221952 2.7500000000000018 1.0000000180025095e-35
decision_type=2 2 2 2 2 2 2 2 2 2 2 2 2 2 2 2 2 2
left_child=3 2 6 4 -1 8 17 9 -3 -8 -9 14 13 -4 -5 -16 -17 -2
right_child=1 5 12 11 -6 -7 7 10 -10 -11 -12 -13 -14 -15 15 16 -18 -19
leaf_value=-17.377880716238082 1.3852212012745351 -2.3382300704307259 -0.049636152572493514 -7.2721953461399362 -2.8566090690984991 -10.12712077721951 1.8871653777130819 -7.5064478168726056 21.996679506257379 -2.1237876101473443 -0.075342684614575411 -11.332628957650147 5.0711391738935614 -6.2546606847122952 4.3881950683996012 2.6300090457414043 50.568262786212124 -11.368993322568905
leaf_weight=31645 113864 46185 7555 6315 7691 18248 36287 15038 63 27976 8371 10481 1032 20661 5250 69 93 2976
leaf_count=31645 113864 46185 7555 6315 7691 18248 36287 15038 63 27976 8371 10481 1032 20661 5250 69 93 2976
internal_value=-0.000393693 -0.000209407 -8.51777e-05 -0.00128679 -0.00166309 -0.000659665 1.77194e-05 -0.000210134 -0.000369847 6.06975e-07 -0.000788667 -0.000620257 -0.000804669 -0.000901492 -6.99132e-05 0.000788428 0.00932792 0.000188692
internal_weight=359800 298256 233760 61544 39336 64496 204512 87672 46248 64263 23409 22208 29248 28216 11727 5412 162 116840
internal_count=359800 298256 233760 61544 39336 64496 204512 87672 46248 64263 23409 22208 29248 28216 11727 5412 162 116840
is_linear=0
shrinkage=0.0229654


Tree=251
num_leaves=19
num_cat=0
split_feature=37 37 35 13 7 37 35 3 35 1 35 37 8 4 17 32 3 35
split_gain=222.982 35.4639 16.8648 16.4289 15.9785 14.9399 14.5159 13.3127 24.1331 13.0402 12.8711 20.4181 18.0067 17.6399 13.2545 18.8416 13.118 19.2717
threshold=20167.682146005318 23064.113950574578 22775.500000000004 19.056250000000006 0.32075123873380545 25415.561728725286 26282.500000000004 4.5000000000000009 20032.500000000004 22.500000000000004 28441.500000000004 28798.095678294521 -0.065263096110025884 4.5000000000000009 70.937500000000014 18.66875000000001 1.0000000180025095e-35 40221.000000000007
decision_type=2 2 2 2 2 2 2 2 2 2 2 2 2 2 2 2 2 2
left_child=4 3 7 9 -1 6 -4 -3 -9 -2 12 -12 13 14 -7 -16 17 -13
right_child=1 2 5 -5 -6 10 -8 8 -10 -11 11 16 -14 -15 15 -17 -18 -19
leaf_value=-12.470351819248629 -3.7096044183597146 3.3595145812201501 -1.380757798188293 2.8187796097759774 -20.450451844010665 4.1916311481074624 -9.7335423469527207 25.331158676273787 5.5744781899061655 -10.103577256153789 -6.1521515455916198 4.2255283168499398 -0.049229893983259179 1.7181963123156119 10.388740170956561 25.3276576350816 -0.44564213652332674 24.207314470210573
leaf_weight=15868 59045 15538 43204 7156 38016 3835 8819 203 947 6236 15137 10437 34520 12449 5629 276 82293 192
leaf_count=15868 59045 15538 43204 7156 38016 3835 8819 203 947 6236 15137 10437 34520 12449 5629 276 82293 192
internal_value=-0.000390055 -0.000150112 -1.23843e-05 -0.000594038 -0.00175228 -6.65373e-05 -0.000405823 0.000691109 0.00307537 -0.000708547 4.0587e-05 -0.000106455 0.000320776 0.0008312 0.00156325 0.00224598 2.09575e-05 0.000780205
internal_weight=359800 305916 233479 72437 53884 216791 52023 16688 1150 65281 164768 108059 56709 22189 9740 5905 92922 10629
internal_count=359800 305916 233479 72437 53884 216791 52023 16688 1150 65281 164768 108059 56709 22189 9740 5905 92922 10629
is_linear=0
shrinkage=0.0229654


Tree=252
num_leaves=19
num_cat=0
split_feature=37 37 13 35 11 15 23 0 11 15 3 35 37 37 34 16 13 3
split_gain=218.996 38.4879 16.8218 15.8029 14.885 19.7806 14.1079 13.123 12.5489 13.3266 12.4726 24.044 12.0903 11.9189 12.5652 11.5533 11.5246 15.8305
threshold=19975.385879885547 23064.113950574578 19.056250000000006 22775.500000000004 84.000000000000014 12.331250000000004 -0.67499999999999793 19.500000000000004 108.00000000000001 12.956250000000004 4.5000000000000009 20032.500000000004 18490.590301764427 28146.982781622504 0.90625000000000011 589.18750000000011 -0.19374999999999998 1.5000000000000002
decision_type=2 2 2 2 2 2 2 2 2 2 2 2 2 2 2 2 2 2
left_child=7 2 8 10 5 13 -7 -1 -2 -10 15 -12 -9 14 -5 -3 17 -8
right_child=1 3 -4 4 -6 6 16 12 9 -11 11 -13 -14 -15 -16 -17 -18 -19
leaf_value=-21.154944064190119 -5.5401740584404084 2.5661008751137766 2.7574389192621216 -1.3989452003134029 0.74189097722721253 -6.3515958279513134 19.890348180594554 -37.987783186691708 -4.1292783270513027 2.1665163262370566 24.749418258601086 5.4464580187033285 -5.5565695969199806 1.7902125174820054 22.277987425348766 26.895961807582712 -3.2069950689566564 -0.60433491528746419
leaf_weight=35928 43018 15117 7443 25559 108512 16650 1813 6732 15059 11128 203 947 7013 26077 61 421 33503 4616
leaf_count=35928 43018 15117 7443 25559 108512 16650 1813 6732 15059 11128 203 947 7013 26077 61 421 33503 4616
internal_value=-0.000386608 -0.000159856 -0.000606375 -1.32696e-05 -6.56899e-05 -0.00025619 -0.000552888 -0.00180231 -0.00071795 -0.000321588 0.000667714 0.00297552 -0.00119881 6.85443e-05 -0.000283259 0.000496908 -0.000318728 0.000571902
internal_weight=359800 310127 76648 233479 216791 108279 56582 49673 69205 26187 16688 1150 13745 51697 25620 15538 39932 6429
internal_count=359800 310127 76648 233479 216791 108279 56582 49673 69205 26187 16688 1150 13745 51697 25620 15538 39932 6429
is_linear=0
shrinkage=0.0229654


Tree=253
num_leaves=19
num_cat=0
split_feature=37 37 13 9 35 3 3 19 30 35 26 6 37 35 3 35 0 35
split_gain=214.952 37.0905 15.9749 18.0734 16.4825 14.8201 27.211 15.7986 19.3711 14.6939 14.3864 14.0448 13.7627 14.3811 13.3536 19.7957 13.0532 12.8068
threshold=19975.385879885547 23064.113950574578 18.256250000000005 0.93301270189221952 21965.500000000004 1.0000000180025095e-35 2.5000000000000004 12.231250000000003 1189.4687500000002 22652.500000000004 5.4462239583333343 1.0000000180025095e-35 25415.561728725286 25661.500000000004 5.5000000000000009 20032.500000000004 19.500000000000004 28441.500000000004
decision_type=2 2 2 2 2 2 2 2 2 2 2 2 2 2 2 2 2 2
left_child=16 2 3 -2 5 -5 10 -8 -9 14 -7 -6 13 -11 -3 -16 -1 -14
right_child=1 9 -4 4 11 6 7 8 -10 12 -12 -13 17 -15 15 -17 -18 -19
leaf_value=-20.669112122863549 -4.8121135843155081 3.3896264897179056 1.8761691937557241 -8.7414910156924996 -7.4578558820110841 -22.232178413009372 1.9042291830661846 12.17134658426378 -2.758063762089733 -0.90516222970590088 16.718194265878466 12.778869512831767 1.6786453509125436 -7.9534918418607479 24.181037747511326 5.4745571161479392 -15.979059332492271 -0.61301665172276987
leaf_weight=35928 61130 14671 9260 627 3107 78 1692 99 79 39134 491 85 56896 13822 203 694 13745 108059
leaf_count=35928 61130 14671 9260 627 3107 78 1692 99 79 39134 491 85 56896 13822 203 694 13745 108059
internal_value=-0.000383098 -0.000158449 -0.000596787 -0.000719689 0.000455785 0.00165836 0.00246791 0.00112985 0.00763793 -1.45483e-05 0.00686541 -0.000699323 -6.32444e-05 -0.000385359 0.00066707 0.00338721 -0.00178566 4.01651e-05
internal_weight=359800 310127 76648 67388 6258 3066 2439 1870 178 233479 569 3192 217911 52956 15568 897 49673 164955
internal_count=359800 310127 76648 67388 6258 3066 2439 1870 178 233479 569 3192 217911 52956 15568 897 49673 164955
is_linear=0
shrinkage=0.0229654


Tree=254
num_leaves=19
num_cat=0
split_feature=37 37 36 36 37 36 9 36 3 3 15 21 36 22 27 19 10 37
split_gain=209.94 38.4933 17.2263 16.3727 15.9978 19.481 15.7442 23.324 20.4106 56.2432 26.8837 24.9865 15.3088 14.7823 14.2652 13.2801 15.0174 13.2312
threshold=19839.233453344215 23064.113950574578 19397.500000000004 23495.500000000004 25946.294400098846 27900.500000000004 0.93301270189221952 22973.500000000004 2.5000000000000004 1.0000000180025095e-35 14.481250000000003 8.6839843750000032 26661.500000000004 16.843706597222226 -4.7429501488095234 11.106250000000003 -0.24999999999999994 29434.265035654997
decision_type=2 2 2 2 2 2 2 2 2 2 2 2 2 2 2 2 2 2
left_child=15 2 -2 -3 12 -6 -4 8 9 -8 11 -11 13 -5 -10 -1 -17 -7
right_child=1 3 6 4 5 17 7 -9 14 10 -12 -13 -14 -15 -16 16 -18 -19
leaf_value=-21.609308063485194 1.482498896176033 2.4922394890151418 -4.9991918377837674 0.022330027596103041 2.3556612032197299 -3.776583874293836 -8.2910438159132891 -9.9953130195398909 9.2230932116631124 22.619770273336393 12.795151582598253 20.687593639066165 -11.025601309384705 -6.03194217863473 0.2232801824176314 6.6882916296368142 -31.87298933454235 0.10702055015134498
leaf_weight=46575 8996 28063 64382 32534 36886 25782 428 2892 207 134 156 177 11173 9712 2122 129 123 89329
leaf_count=46575 8996 28063 64382 32534 36886 25782 428 2892 207 134 156 177 11173 9712 2122 129 123 89329
internal_value=-0.000378821 -0.000164243 -0.000600729 -1.56302e-05 -8.67123e-05 3.34359e-05 -0.000721493 0.000392019 0.00173523 0.00468289 0.0101943 0.0140968 -0.000428579 -0.000228644 0.000602484 -0.00181298 0.00344481 -0.000113739
internal_weight=359800 312973 79494 233479 205416 151997 70498 6116 3224 895 467 311 53419 42246 2329 46827 252 115111
internal_count=359800 312973 79494 233479 205416 151997 70498 6116 3224 895 467 311 53419 42246 2329 46827 252 115111
is_linear=0
shrinkage=0.0229654


Tree=255
num_leaves=19
num_cat=0
split_feature=35 7 0 0 22 11 15 3 24 6 30 24 13 28 27 25 15 30
split_gain=102.153 30.1972 31.5009 26.7376 25.474 22.941 23.8867 22.9097 18.7093 42.2033 16.1702 17.6207 14.84 14.9591 14.7736 14.6747 12.2046 11.2475
threshold=20345.500000000004 0.75023006073889154 45.500000000000007 13.500000000000002 10.73559027777778 84.000000000000014 14.093750000000004 4.5000000000000009 -2.5249999999999972 1.0000000180025095e-35 506.00625000000008 -0.52499999999999969 -0.19374999999999998 8.3609523809523818 -0.20442708333333345 16.171614583333337 8.5687500000000032 1225.9937500000003
decision_type=2 2 2 2 2 2 2 2 2 2 2 2 2 2 2 2 2 2
left_child=3 2 5 4 8 6 10 -3 9 16 -2 -12 -8 -14 -7 17 -1 -5
right_child=1 7 -4 15 -6 14 12 -9 -10 -11 11 -13 13 -15 -16 -17 -18 -19
leaf_value=7.1031895486033658 -1.8053564450299939 -2.4018606617895468 -4.7192479450173757 -0.73876097973036903 -15.065435469415505 -0.72482013239633336 2.8591193084896229 -10.551648170195133 -5.5969453859036271 17.582377038512131 3.8194612766925529 -0.33484025699423375 -5.7291627211041973 7.4146000128823584 2.6755222904501825 -9.6701275425869877 -2.8855692685588443 23.973180939224584
leaf_weight=332 25532 38304 21736 10286 31890 38893 5982 14984 4853 106 15641 22954 41243 264 72723 13040 819 218
leaf_count=332 25532 38304 21736 10286 31890 38893 5982 14984 4853 106 15641 22954 41243 264 72723 13040 819 218
internal_value=-0.000374098 -0.000198319 -9.0543e-05 -0.00122596 -0.00160274 -9.28004e-06 -0.00024209 -0.000693772 -0.000244313 0.00225269 4.70211e-05 0.000343633 -0.000632494 -0.000786613 0.00022353 -0.000617835 0.00097568 2.09884e-05
internal_weight=359800 298256 244968 61544 38000 223232 111616 53288 6110 1257 64127 38595 47489 41507 111616 23544 1151 10504
internal_count=359800 298256 244968 61544 38000 223232 111616 53288 6110 1257 64127 38595 47489 41507 111616 23544 1151 10504
is_linear=0
shrinkage=0.0229654


Tree=256
num_leaves=19
num_cat=0
split_feature=35 11 1 29 24 29 12 24 19 33 30 5 1 26 1 1 24 6
split_gain=100.45 27.1569 25.84 28.0211 22.3208 41.2813 22.9123 19.38 17.2173 21.0661 16.7716 18.6187 16.5737 13.2056 13.0887 21.4242 12.3788 35.5245
threshold=20345.500000000004 84.000000000000014 6.5000000000000009 211.91875000000002 1.0000000180025095e-35 126.45625000000003 17.068750000000005 -0.01250000000000062 11.031250000000002 0.23958333333333334 1225.9937500000003 1.0000000180025095e-35 7.5000000000000009 20.899348958333338 8.5000000000000018 18.500000000000004 -2.7624999999999984 1.0000000180025095e-35
decision_type=2 2 2 2 2 2 2 2 2 2 2 2 2 2 2 2 2 2
left_child=2 4 3 -1 5 -2 7 8 -7 -10 -4 -12 -6 14 -3 -16 17 -5
right_child=1 13 10 16 12 6 -8 -9 9 -11 11 -13 -14 -15 15 -17 -18 -19
leaf_value=-15.363360871281891 -5.3996659665819164 -2.0392975027336475 -5.8527766206047103 1.7055697925442996 -7.2778067064146326 -1.0190184450870687 19.991451770114512 7.2131360058561613 9.0456880846984546 1.2095803149236894 -28.722783321559206 52.131065004125546 -2.7881174219087628 6.4919451337407281 2.7586940930129282 -1.4462096163874287 -4.6381020371227875 15.923909093300743
leaf_weight=31645 22345 45161 22024 1343 19121 36385 61 5358 2565 9682 83 101 53611 3409 64368 36190 6242 106
leaf_count=31645 22345 45161 22024 1343 19121 36385 61 5358 2565 9682 83 101 53611 3409 64368 36190 6242 106
internal_value=-0.000370779 -0.000196471 -0.00121551 -0.00156909 -0.00041561 -0.000141468 0.000201777 0.000185884 4.14611e-05 0.000786265 -0.000589234 0.00631549 -0.000703563 2.2668e-05 -1.03864e-05 0.000135474 -0.000325774 0.0015865
internal_weight=359800 298256 61544 39336 149128 76396 54051 53990 48632 12247 22208 184 72732 149128 145719 100558 7691 1449
internal_count=359800 298256 61544 39336 149128 76396 54051 53990 48632 12247 22208 184 72732 149128 145719 100558 7691 1449
is_linear=0
shrinkage=0.0229654


Tree=257
num_leaves=19
num_cat=0
split_feature=36 23 11 26 28 33 23 13 4 24 28 13 23 16 13 26 31 28
split_gain=90.8067 28.0978 25.5245 20.1907 31.3164 19.3726 18.163 17.1962 18.9708 16.5064 15.6429 13.5548 13.4781 12.9272 15.3253 11.6747 14.2962 15.5724
threshold=20281.000000000004 -1.0000000180025095e-35 108.00000000000001 11.027213541666669 2.003257275132277 0.10763888888888891 -0.47499999999999937 16.818750000000005 9.5000000000000018 1.3812499999999999 9.4997336800573908 17.431250000000006 -1.6249999999999991 486.56250000000006 23.368750000000006 22.151953125000009 291.45625000000007 7.6875113378684805
decision_type=2 2 2 2 2 2 2 2 2 2 2 2 2 2 2 2 2 2
left_child=1 5 3 4 9 11 -4 12 13 -2 -3 -1 -5 14 -9 -16 17 -17
right_child=2 10 6 7 -6 -7 -8 8 -10 -11 -12 -13 -14 -15 15 16 -18 -19
leaf_value=-13.784893795456776 0.68705631701816905 -4.8828496733843627 -1.4060055427959235 -6.1856729884824126 -8.291541822957317 1.686492032369435 2.2982337567196409 -0.15292260026810306 23.730836335318433 -4.5266734759030989 10.440444259061536 -0.19730783952402439 -3.7375748743960187 -13.012254803390135 2.2565901578409093 29.794453886094836 6.2560163493004568 3.6413480268160532
leaf_weight=33726 77647 21431 47370 19038 15666 2295 65019 13694 64 13460 172 2472 40829 5156 884 142 657 78
leaf_count=33726 77647 21431 47370 19038 15666 2295 65019 13694 64 13460 172 2472 40829 5156 884 142 657 78
internal_value=-0.000364013 -0.00117877 -0.000200641 -0.000364806 -0.000157723 -0.00155078 7.29688e-05 -0.000639332 -6.83136e-05 5.36856e-06 -0.000515906 -0.0016805 -0.000836533 -0.000107078 0.000225121 0.00224177 0.00411911 0.00918616
internal_weight=359800 60096 299704 187315 106773 38493 112389 80542 20675 91107 21603 36198 59867 20611 15455 1761 877 220
internal_count=359800 60096 299704 187315 106773 38493 112389 80542 20675 91107 21603 36198 59867 20611 15455 1761 877 220
is_linear=0
shrinkage=0.0229654


Tree=258
num_leaves=19
num_cat=0
split_feature=35 36 5 0 0 35 0 0 5 4 35 36 22 34 8 6 18 26
split_gain=97.1047 28.9727 25.3801 21.0209 17.2519 19.1486 17.1645 14.4733 16.3791 14.483 17.515 28.4066 14.9265 14.4213 14.9892 14.0238 13.7774 22.1872
threshold=20345.500000000004 19909.500000000004 1.0000000180025095e-35 21.500000000000004 9.5000000000000018 23929.500000000004 46.500000000000007 17.500000000000004 1.0000000180025095e-35 6.5000000000000009 18411.500000000004 18113.500000000004 16.980772569444451 0.91319444444444453 0.065263096110025676 1.0000000180025095e-35 0.014375000000000002 6.0217447916666682
decision_type=2 2 2 2 2 2 2 2 2 2 2 2 2 2 2 2 2 2
left_child=1 7 6 4 5 -4 13 -1 9 10 11 12 -9 15 -15 16 17 -2
right_child=2 -3 3 -5 -6 -7 -8 8 -10 -11 -12 -13 -14 14 -16 -17 -18 -19
leaf_value=-18.098000653401108 2.2401967904439624 -4.3331870414570561 -4.7315872727098229 -1.3100639617228333 -11.183424655620877 3.5705537413042436 -5.1901855272458288 -9.1286338125434163 -18.791071264414736 -10.265578523138631 -1.2788171826033663 52.348319757500761 25.224520103293841 22.84757458274375 -6.7611042172634273 -9.765627183174356 1.265653821748608 -1.9683268670195748
leaf_weight=25616 22822 28544 8496 50448 19544 4392 10280 260 5456 632 664 272 100 121 68 5176 102358 74551
leaf_count=25616 22822 28544 8496 50448 19544 4392 10280 260 5456 632 664 272 100 121 68 5176 102358 74551
internal_value=-0.000358843 -0.00118939 -0.000187462 -0.00052897 -0.000985123 -0.000332864 -5.60449e-05 -0.00165281 -0.000757013 0.00106251 0.00245248 0.00518902 0.000956891 -1.01454e-05 0.00633068 -1.5994e-05 1.45906e-05 -0.000180968
internal_weight=359800 61544 298256 82880 32432 12888 215376 33000 7384 1928 1296 632 360 205096 189 204907 199731 97373
internal_count=359800 61544 298256 82880 32432 12888 215376 33000 7384 1928 1296 632 360 205096 189 204907 199731 97373
is_linear=0
shrinkage=0.0229654


Tree=259
num_leaves=19
num_cat=0
split_feature=37 37 1 6 7 9 13 6 3 8 24 3 3 24 28 12 22 7
split_gain=206.129 36.6671 19.1189 16.5941 14.2058 12.8459 15.1509 13.3596 12.1491 14.097 12.5774 10.8184 29.734 18.6157 23.0954 14.3989 13.4844 10.6873
threshold=19643.101295160526 22263.946202917101 21.500000000000004 1.0000000180025095e-35 0.65793410509763428 0.93301270189221952 18.256250000000005 1.0000000180025095e-35 4.5000000000000009 0.38268343236508956 -2.575000000000002 2.5000000000000004 1.0000000180025095e-35 0.17499999999999991 -0.055555555555554463 3.2687500000000007 7.3659288194444459 0.44134171618254497
decision_type=2 2 2 2 2 2 2 2 2 2 2 2 2 2 2 2 2 2
left_child=17 5 3 4 -3 6 -2 11 10 -10 -6 12 -7 14 -14 16 -13 -1
right_child=1 2 -4 -5 8 7 -8 -9 9 -11 -12 15 13 -15 -16 -17 -18 -19
leaf_value=-16.392760492313023 -4.7801450610100069 0.89532014995551146 -2.7569730221005955 -13.204304936168731 4.7904994029599672 -9.2547092769593569 1.8618178929607463 11.47171253345879 -11.58780514792663 2.2744771214941819 -1.5316958128097129 -1.3962124199820749 1.2343154898849771 9.8485445656541177 16.225056424780725 -5.0284744630012685 9.9901762645270917 -24.50336176124296
leaf_weight=13754 51162 178200 25493 3816 4742 543 7230 98 6211 1807 34330 70 80 322 167 2877 71 28827
leaf_count=13754 51162 178200 25493 3816 4742 543 7230 98 6211 1807 34330 70 80 322 167 2877 71 28827
internal_value=-0.000354503 -0.000153111 -3.06603e-05 3.57247e-05 6.11617e-05 -0.000650968 -0.000739478 0.000571419 -0.000293591 -0.00110789 -0.000126489 0.000372562 0.00230893 0.00597746 0.0107203 -0.000340905 0.00682447 -0.00185483
internal_weight=359800 317219 254599 229106 225290 62620 58392 4228 47090 8018 39072 4130 1112 569 247 3018 141 42581
internal_count=359800 317219 254599 229106 225290 62620 58392 4228 47090 8018 39072 4130 1112 569 247 3018 141 42581
is_linear=0
shrinkage=0.0229654


Tree=260
num_leaves=19
num_cat=0
split_feature=7 21 23 11 16 5 0 24 21 25 24 17 23 16 13 22 20 25
split_gain=85.5312 48.4927 37.2518 24.1353 31.5172 21.6843 26.1847 21.6096 20.0662 18.1354 13.8012 12.8708 15.6213 12.7442 12.5313 10.5715 10.3733 9.37571
threshold=0.65793410509763428 10.357161458333335 -2.4499999999999984 84.000000000000014 379.18750000000006 1.0000000180025095e-35 12.500000000000002 -2.575000000000002 19.319661458333336 6.5940104166666673 3.0437499999999997 66.812500000000014 -0.67499999999999793 28.062500000000007 18.406250000000004 16.687413194444449 5.8750000000000027 14.292187500000002
decision_type=2 2 2 2 2 2 2 2 2 2 2 2 2 2 2 2 2 2
left_child=2 7 8 4 10 6 14 -2 9 -1 11 13 -13 -4 -3 -5 17 -8
right_child=1 5 3 15 -6 -7 16 -9 -10 -11 -12 12 -14 -15 -16 -17 -18 -19
leaf_value=0.028300214456023393 3.3138739758556666 -12.60010466609724 1.6036730025194019 2.1252102909535151 -10.430472118558839 -23.866546830629602 1.6090417319126915 -3.8259656808430336 2.311543127872572 -5.239169770953775 -8.0402769052998124 -1.8744515299757094 2.3468449091573125 -5.5642491161571543 5.1883474505496974 -2.2464486205238083 20.479936891839991 -5.2418050266349168
leaf_weight=9903 6697 19068 8390 91816 21266 14766 5393 39233 4438 34019 6079 14248 40287 16699 682 15207 61 11548
leaf_count=9903 6697 19068 8390 91816 21266 14766 5393 39233 4438 34019 6079 14248 40287 16699 682 15207 61 11548
internal_value=-0.000350099 -0.000931079 -0.000134299 -4.20745e-06 -0.000248163 -0.0014148 -0.00111615 -0.000388507 -0.000709953 -0.000858654 -5.17982e-05 2.87264e-05 0.000226769 -0.000401751 -0.00168491 0.000239625 -0.000455473 -0.000489512
internal_weight=359800 97448 262352 213992 106969 51518 36752 45930 48360 43922 85703 79624 54535 25089 19750 107023 17002 16941
internal_count=359800 97448 262352 213992 106969 51518 36752 45930 48360 43922 85703 79624 54535 25089 19750 107023 17002 16941
is_linear=0
shrinkage=0.0229654


Tree=261
num_leaves=19
num_cat=0
split_feature=35 7 0 8 22 3 24 15 25 14 13 10 0 3 10 35 21 10
split_gain=91.3432 26.8801 28.9665 24.9972 24.0178 21.5045 17.4015 22.4648 15.8639 16.1389 18.5998 14.2636 13.9864 13.1356 22.6723 20.9142 13.0614 14.3086
threshold=20345.500000000004 0.75023006073889154 45.500000000000007 1.0000000180025095e-35 10.73559027777778 4.5000000000000009 -2.7624999999999984 9.0312500000000036 16.017968750000005 62.562500000000007 10.431250000000004 0.25000000000000017 1.5000000000000002 3.5000000000000004 -0.5 30623.000000000004 19.319661458333336 -0.9330127018922193
decision_type=2 2 2 2 2 2 2 2 2 2 2 2 2 2 2 2 2 2
left_child=3 2 13 8 6 -3 7 11 9 -1 -11 -5 -6 -2 16 -16 -15 -18
right_child=1 5 -4 4 12 -7 -8 -9 -10 10 -12 -13 -14 14 15 -17 17 -19
leaf_value=-10.792760242520714 0.8990853401618718 -2.1972192732722253 -4.416025197563032 10.430294749138151 2.6854109060617408 -9.6905822078682622 -4.4424235748215475 -1.3479419534780699 -9.5015557587368509 -1.4334777713001761 14.125684223406886 2.4154408619333858 -14.29256275639476 -6.2424785909165221 1.9549974449090346 -2.2077746843022434 6.4065340817573162 -3.5990158859905521
leaf_weight=4535 127304 38304 21736 251 1031 14984 4811 640 14166 3683 2296 136 29995 23981 36592 29752 2162 3441
leaf_count=4535 127304 38304 21736 251 1031 14984 4811 640 14166 3683 2296 136 29995 23981 36592 29752 2162 3441
internal_value=-0.00034729 -0.000181071 -7.93869e-05 -0.00115282 -0.00153153 -0.000648521 -0.000180168 0.00253357 -0.000587163 8.86808e-05 0.000872293 0.00690149 -0.0017858 -1.4614e-06 -0.000204402 3.13612e-05 -0.000733118 0.00026519
internal_weight=359800 298256 244968 61544 36864 53288 5838 1027 24680 10514 5979 387 31026 223232 95928 66344 29584 5603
internal_count=359800 298256 244968 61544 36864 53288 5838 1027 24680 10514 5979 387 31026 223232 95928 66344 29584 5603
is_linear=0
shrinkage=0.0229654


Tree=262
num_leaves=19
num_cat=0
split_feature=35 36 7 0 7 28 9 36 27 17 23 21 4 36 24 28 7 36
split_gain=87.866 29.7816 26.084 28.9703 15.1557 13.9918 12.8696 21.672 19.4415 12.5079 17.4518 12.0785 11.7849 14.0337 12.4429 11.466 10.6179 12.1584
threshold=20345.500000000004 19843.500000000004 0.65793410509763428 45.500000000000007 0.44134171618254497 -1.8595207910750495 0.93301270189221952 22492.500000000004 -1.6571986607142855 58.312500000000007 -1.5624999999999991 8.6839843750000032 1.5000000000000002 19397.500000000004 -3.5499999999999989 9.4997336800573908 -0.94490267940017747 22150.500000000004
decision_type=2 2 2 2 2 2 2 2 2 2 2 2 2 2 2 2 2 2
left_child=1 4 3 9 5 -1 16 8 11 -2 -11 -8 13 -4 -14 -12 17 -3
right_child=2 6 12 -5 -6 -7 7 -9 -10 10 15 -13 14 -15 -16 -17 -18 -19
leaf_value=14.4403417172148 -1.2974219710688666 37.626675540493878 10.57247520484418 -4.3146093730555766 -19.478894124330282 -9.0740704461740176 -1.7217302447935858 -2.5432968272597636 33.519209517297952 -1.9888336348192921 1.5304471978278311 11.625323925231061 2.9136988823222598 -0.2625770285117387 -5.1399774870279442 8.9824517136144451 -5.2361197449523296 -0.44891235480654484
leaf_weight=1152 73404 224 488 21736 23768 7392 246 776 159 22392 116117 99 3230 8720 52058 111 27288 440
leaf_count=1152 73404 224 488 21736 23768 7392 246 776 159 22392 116117 99 3230 8720 52058 111 27288 440
internal_value=-0.000342248 -0.0011323 -0.000179223 -6.64132e-05 -0.00161281 -0.000783254 -0.000601161 0.00165064 0.00535859 1.54452e-05 0.000143802 0.00229654 -0.000588094 0.000172589 -0.000714783 0.000256905 -0.000704277 0.00216511
internal_weight=359800 61544 298256 233760 32312 8544 29232 1280 504 212024 138620 345 64496 9208 55288 116228 27952 664
internal_count=359800 61544 298256 233760 32312 8544 29232 1280 504 212024 138620 345 64496 9208 55288 116228 27952 664
is_linear=0
shrinkage=0.0229654


Tree=263
num_leaves=19
num_cat=0
split_feature=37 37 0 6 11 27 22 35 3 13 3 31 8 3 17 23 28 13
split_gain=200.366 31.6186 16.9805 16.6354 14.4087 12.7177 15.4739 13.6811 12.3504 12.075 13.1252 17.5951 15.0572 26.6672 11.9081 15.1913 13.9843 19.334
threshold=19643.101295160526 22263.946202917101 43.500000000000007 1.0000000180025095e-35 108.00000000000001 -0.11754092261904868 1.5197048611111112 30623.000000000004 4.5000000000000009 20.031250000000004 4.5000000000000009 333.81250000000006 -0.44134171618254459 5.5000000000000009 66.812500000000014 1.0000000180025095e-35 2.6329057017543875 15.631250000000003
decision_type=2 2 2 2 2 2 2 2 2 2 2 2 2 2 2 2 2 2
left_child=-1 9 3 4 14 -6 7 8 -7 -2 -11 12 13 -12 15 -3 -16 -18
right_child=1 2 -4 -5 5 6 -8 -9 -10 10 11 -13 -14 -15 16 -17 17 -19
leaf_value=-21.143088258634382 -3.7193092546169808 0.24535298299739411 -2.1951223613136341 -14.675374446069331 -0.25706386553964533 10.31623109516384 3.2986854348645602 10.091891653257782 28.428502701729194 -1.8155708895375886 39.598485776623377 -7.2699868681450814 6.437360302234616 -6.1214743572825459 1.1481952232760688 -5.3171625326624676 -7.0886612469566623 5.4853745373187213
leaf_weight=42581 58426 24892 32971 3648 32528 82 48823 524 79 3154 198 332 404 106 73386 25610 9644 2412
leaf_count=42581 58426 24892 32971 3648 32528 82 48823 524 79 3154 198 332 404 106 73386 25610 9644 2412
internal_value=-0.000337333 -0.000138777 -2.50678e-05 4.72715e-05 7.30109e-05 0.000313368 0.000545143 0.00397285 0.00982805 -0.000601091 0.000589193 0.00282651 0.00487204 0.0087329 -7.20335e-05 -0.000351607 9.32136e-05 -0.000631664
internal_weight=359800 317219 254599 221628 217980 82036 49508 685 161 62620 4194 1040 708 304 135944 50502 85442 12056
internal_count=359800 317219 254599 221628 217980 82036 49508 685 161 62620 4194 1040 708 304 135944 50502 85442 12056
is_linear=0
shrinkage=0.0229654


Tree=264
num_leaves=19
num_cat=0
split_feature=37 37 1 6 3 3 0 12 21 28 30 28 4 12 0 3 13 9
split_gain=196.941 30.1472 17.8073 12.4498 12.284 24.0593 26.8087 15.3972 14.6996 16.8908 13.7937 12.288 20.5966 12.1144 12.5321 11.9935 11.6895 13.4547
threshold=19643.101295160526 23634.054453938876 22.500000000000004 1.0000000180025095e-35 4.5000000000000009 5.5000000000000009 10.500000000000002 7.1562500000000009 9.6251302083333368 1.8309367167919814 1827.9687500000002 -3.6562499999999978 1.5000000000000002 4.4062500000000009 19.500000000000004 5.5000000000000009 20.531250000000004 0.93301270189221952
decision_type=2 2 2 2 2 2 2 2 2 2 2 2 2 2 2 2 2 2
left_child=13 2 16 4 -3 6 10 -7 9 -9 -6 -12 -13 15 -15 -1 17 -2
right_child=1 3 -4 -5 5 7 -8 8 -10 -11 11 12 -14 14 -16 -17 -18 -19
leaf_value=6.8240386957075394 -2.9860474848680538 0.71876250187142054 -8.0018528680873331 -10.876460394832071 2.8234481814285619 -2.4632468930728066 -6.1578519992635421 10.16755098558113 0.2254136932975567 -4.5073089428664437 4.3887841282196804 23.051674875948425 -2.6147793583264587 -21.504901826957497 -17.341399889631987 -28.88575050524074 3.9990349662092908 2.5055426952835869
leaf_weight=107 77428 167099 8284 3455 1820 8828 22215 4691 7752 1418 240 106 61 30422 11962 90 5942 7880
leaf_count=107 77428 167099 8284 3455 1820 8828 22215 4691 7752 1418 240 106 61 30422 11962 90 5942 7880
internal_value=-0.000333312 -0.00013646 -0.00046755 1.49275e-05 3.69834e-05 -0.000290461 -0.000790382 0.000248085 0.000725528 0.00156799 0.00161181 0.00543383 0.0102175 -0.00179981 -0.00182622 0.00388197 -0.000374997 -0.000443598
internal_weight=359800 317219 99534 217685 214230 47131 24442 22689 13861 6109 2227 407 167 42581 42384 197 91250 85308
internal_count=359800 317219 99534 217685 214230 47131 24442 22689 13861 6109 2227 407 167 42581 42384 197 91250 85308
is_linear=0
shrinkage=0.0229654


Tree=265
num_leaves=19
num_cat=0
split_feature=37 37 0 11 15 24 15 4 26 34 16 22 28 24 14 11 0 12
split_gain=196.026 29.0361 16.3558 13.9325 18.0665 15.6155 18.9397 15.3632 17.2384 15.2815 14.3229 14.1882 16.1134 13.9963 12.2435 12.2374 11.4551 11.626
threshold=19643.101295160526 22263.946202917101 45.500000000000007 108.00000000000001 13.581250000000004 -2.575000000000002 8.3812500000000032 11.500000000000002 4.0790364583333343 0.9340277777777779 595.18750000000011 7.1385416666666677 -1.016553528190937 -5.8187499999999988 91.062500000000014 84.000000000000014 19.500000000000004 4.4062500000000009
decision_type=2 2 2 2 2 2 2 2 2 2 2 2 2 2 2 2 2 2
left_child=16 15 3 4 5 6 7 13 -9 -7 -5 -10 -13 -3 -6 -2 17 -1
right_child=1 2 -4 10 14 9 -8 8 11 -11 -12 12 -14 -15 -16 -17 -18 -19
leaf_value=6.0830534243255014 -4.926873634218552 17.076940118036749 -3.1471095140226888 1.3152758940304032 -3.2522667355150623 0.01395769746352931 0.93451621211790536 -8.4808594218115196 25.655892450064481 22.599292467115344 16.700239157991959 -6.4210037614860038 16.413040018291166 4.69758007374418 3.4340403345946648 -1.5728613809610399 -16.943147549746971 -21.011032962500749
leaf_weight=197 31366 212 18030 86558 58856 74432 4892 122 101 62 2452 98 158 2337 6289 31254 11962 30422
leaf_count=197 31366 212 18030 86558 58856 74432 4892 122 101 62 2452 98 158 2337 6289 31254 11962 30422
internal_value=-0.000330248 -0.000133854 -2.48874e-05 2.59287e-05 -0.000110953 0.000114974 0.00108448 0.00251194 0.00628552 1.18993e-05 0.000252849 0.00883235 0.00595665 0.00180282 -0.00039677 -0.000576886 -0.00179334 -0.00202878
internal_weight=359800 317219 254599 236569 147559 82414 7920 3028 479 74494 89010 357 256 2549 65145 62620 42581 30619
internal_count=359800 317219 254599 236569 147559 82414 7920 3028 479 74494 89010 357 256 2549 65145 62620 42581 30619
is_linear=0
shrinkage=0.0229654


Tree=266
num_leaves=19
num_cat=0
split_feature=35 23 11 15 8 22 18 12 23 23 25 25 15 0 25 25 27 27
split_gain=82.4172 26.1434 24.0596 25.2241 22.8212 21.3311 19.7048 17.3271 16.1067 39.407 14.8741 13.4973 13.3865 15.8606 13.2713 12.8175 13.8342 12.4563
threshold=19903.500000000004 -2.4499999999999984 84.000000000000014 14.093750000000004 1.0000000180025095e-35 11.220963541666668 0.11312500000000002 18.381250000000005 -0.02499999999999902 1.0000000180025095e-35 16.017968750000005 5.4346354166666675 11.881250000000003 5.5000000000000009 21.927604166666669 9.8677083333333346 -4.7429501488095234 -1.0000000180025095e-35
decision_type=2 2 2 2 2 2 2 2 2 2 2 2 2 2 2 2 2 2
left_child=4 7 3 6 10 12 15 11 -5 -10 -1 -2 13 -6 -8 16 -3 -4
right_child=1 2 17 8 5 -7 14 -9 9 -11 -12 -13 -14 -15 -16 -17 -18 -19
leaf_value=1.2385607362744764 0.36987942490398862 6.7743102651188858 -0.7865646826307674 -8.2673266670337853 15.078216880137202 -15.209913188782306 3.6400920491910549 1.9253074595772524 6.9557751486800292 -5.4476740110790232 -9.6594067177494978 -4.5053310129341684 -7.0723487561271954 1.7653999155580506 35.795151973731848 -2.7814728677565732 0.051933088878654672 2.1340368537749264
leaf_weight=8808 7855 2088 51949 17777 193 25570 11352 5056 5190 31695 12224 38599 2705 1932 73 32599 28071 76064
leaf_count=8808 7855 2088 51949 17777 193 25570 11352 5056 5190 31695 12224 38599 2705 1932 73 32599 28071 76064
internal_value=-0.000326929 -0.000184979 -9.02857e-05 -0.000311832 -0.00117801 -0.00158038 -3.60044e-05 -0.000657174 -0.000686165 -0.000412488 -0.000596411 -0.000796132 -0.000180681 0.00118339 0.000841227 -0.000195703 0.000145518 0.000132701
internal_weight=359800 308368 256858 128845 51432 30400 74183 51510 54662 36885 21032 46454 4830 2125 11425 62758 30159 128013
internal_count=359800 308368 256858 128845 51432 30400 74183 51510 54662 36885 21032 46454 4830 2125 11425 62758 30159 128013
is_linear=0
shrinkage=0.0229654


Tree=267
num_leaves=19
num_cat=0
split_feature=35 7 23 26 8 3 32 11 15 18 26 25 16 25 13 0 14 28
split_gain=81.0277 30.8398 27.79 23.4693 22.3912 21.5253 21.4867 19.3929 25.6545 21.0035 18.4001 15.4328 15.233 11.9317 11.93 11.8787 16.8076 11.8579
threshold=19903.500000000004 0.75023006073889154 -2.4499999999999984 18.246484375000005 1.0000000180025095e-35 4.5000000000000009 1.0000000180025095e-35 84.000000000000014 14.093750000000004 0.11312500000000002 16.407161458333338 5.4346354166666675 111.43750000000001 20.140364583333337 -0.19374999999999998 6.5000000000000009 72.312500000000014 9.4997336800573908
decision_type=2 2 2 2 2 2 2 2 2 2 2 2 2 2 2 2 2 2
left_child=4 2 3 11 10 -3 15 8 9 12 -1 -2 13 -4 -10 16 -6 -16
right_child=1 5 7 -5 6 -7 -8 -9 14 -11 -12 -13 -14 -15 17 -17 -18 -19
leaf_value=0.053364575029066233 0.64685454669399134 -2.2437778917815985 1.315988169297545 2.072559180366127 20.173597008893076 -9.558354470582854 -15.239849850381606 1.6671658427449334 2.2629406594597836 5.1191981783738827 -12.230091932131499 -4.7534046791575699 -2.9768485891625587 13.986232792548019 -5.3263314490212013 -3.3119722284708164 4.1219565325446128 8.4759418460926739
leaf_weight=11791 7105 40816 24845 6713 77 16352 24982 103285 6207 8591 9241 30714 23211 107 40239 4421 920 183
leaf_count=11791 7105 40816 24845 6713 77 16352 24982 103285 6207 8591 9241 30714 23211 107 40239 4421 920 183
internal_value=-0.000322078 -0.00018133 -7.17675e-05 -0.000592134 -0.00116595 -0.000662755 -0.00156452 4.0359e-05 -0.000181999 0.000145916 -0.00058986 -0.000814256 -4.06739e-05 0.000353243 -0.000581117 -0.000253476 0.00201091 -0.000725063
internal_weight=359800 308368 251200 44532 51432 57168 30400 206668 103383 56754 21032 37819 48163 24952 46629 5418 997 40422
internal_count=359800 308368 251200 44532 51432 57168 30400 206668 103383 56754 21032 37819 48163 24952 46629 5418 997 40422
is_linear=0
shrinkage=0.0229654


Tree=268
num_leaves=19
num_cat=0
split_feature=37 37 36 36 37 36 35 37 37 36 37 35 37 4 8 21 22 37
split_gain=193.596 26.8307 17.6482 17.6047 17.3885 20.2673 28.3423 22.4701 20.8359 17.2027 16.8358 14.2253 14.0997 12.6769 19.5602 11.9055 11.8825 11.5857
threshold=19643.101295160526 22263.946202917101 22376.500000000004 19397.500000000004 24515.504057869399 27094.500000000004 24553.500000000004 26673.860048062674 28146.982781622504 29694.500000000004 27434.633048687825 28197.500000000004 30031.464732897952 4.5000000000000009 -0.82968937203783677 5.8147135416666682 1.8855034722222224 31602.531406432692
decision_type=2 2 2 2 2 2 2 2 2 2 2 2 2 2 2 2 2 2
left_child=-1 3 12 -2 -4 6 7 -6 -7 -10 16 -12 15 14 -9 -3 -8 -11
right_child=1 2 4 -5 5 8 10 13 9 17 11 -13 -14 -15 -16 -17 -18 -19
leaf_value=-19.275186206226699 1.7009043477402648 -3.1513114397806801 -3.0268955809148901 -4.053487674699614 6.0103909580413575 -4.7334292885181144 10.789162696233504 26.472454226623448 2.8734398587091348 -4.7636689709378786 7.5934400810178984 1.3218096397862302 61.864561416186426 9.9965030261966845 11.047157296174294 4.260647535301441 -0.74598630445814917 0.1250421756146595
leaf_weight=42581 9224 4346 44238 53396 9412 27011 510 120 18875 20696 3532 6737 113 316 234 18728 33921 65810
leaf_count=42581 9224 4346 44238 53396 9412 27011 510 120 18875 20696 3532 6737 113 316 234 18728 33921 65810
internal_value=-0.000318312 -0.000123139 -1.83928e-05 -0.000549014 -7.89165e-05 1.78639e-05 0.000389366 0.00148927 -0.000135859 1.00023e-05 0.000141286 0.000957395 0.000585649 0.00555283 0.00853742 0.000546018 -0.000102118 -0.000127058
internal_weight=359800 317219 254599 62620 231412 187174 54782 10082 132392 105381 44700 10269 23187 670 354 23074 34431 86506
internal_count=359800 317219 254599 62620 231412 187174 54782 10082 132392 105381 44700 10269 23187 670 354 23074 34431 86506
is_linear=0
shrinkage=0.0229654


Tree=269
num_leaves=19
num_cat=0
split_feature=37 37 36 36 37 36 35 37 37 36 37 37 35 3 35 37 32 35
split_gain=190.662 27.4006 16.8206 16.6472 16.5312 19.0489 26.4499 20.7586 19.823 17.1432 19.2351 16.1263 15.5939 14.1667 12.3257 12.2569 12.6987 14.0342
threshold=19574.565316963995 22263.946202917101 19397.500000000004 22376.500000000004 24515.504057869399 27094.500000000004 24553.500000000004 26673.860048062674 28146.982781622504 31379.500000000004 33138.221006374057 27152.532109597381 27635.500000000004 2.5000000000000004 28197.500000000004 28899.443628317462 6.0125000000000046 26684.500000000004
decision_type=2 2 2 2 2 2 2 2 2 2 2 2 2 2 2 2 2 2
left_child=-1 2 -2 15 -5 6 7 -6 -7 12 -11 -8 -10 -9 -13 16 -3 -18
right_child=1 3 -4 4 5 8 11 13 9 10 -12 14 -14 -15 -16 -17 17 -19
leaf_value=-19.785824401112109 1.5453709528068411 0.20900079125230364 -4.032725893340884 -2.9573816861105966 5.872359871860394 -4.6247241492658198 -0.65126092085081677 12.01831145925718 8.1302445411057747 -7.9303496269423412 0.23372511698598719 6.3668751193311506 1.1562447412965073 30.646655205311461 0.98880418679719106 55.611118413865874 8.1240581773709764 -13.317055611198541
leaf_weight=41150 9727 12879 54324 44238 9412 27011 32190 570 4147 19862 50845 5007 30527 100 7503 179 9097 1032
leaf_count=41150 9727 12879 54324 44238 9412 27011 32190 570 4147 19862 50845 5007 30527 100 7503 179 9097 1032
internal_value=-0.000313653 -0.000123674 -0.000548258 -1.68594e-05 -7.56415e-05 1.87228e-05 0.000378886 0.00144143 -0.000130308 1.19637e-05 -0.000193157 0.00013923 0.000430245 0.00534717 0.000838944 0.000569801 0.000523229 0.00113161
internal_weight=359800 318650 64051 254599 231412 187174 54782 10082 132392 105381 70707 44700 34674 670 12510 23187 23008 10129
internal_count=359800 318650 64051 254599 231412 187174 54782 10082 132392 105381 70707 44700 34674 670 12510 23187 23008 10129
is_linear=0
shrinkage=0.0229654


Tree=270
num_leaves=19
num_cat=0
split_feature=35 7 23 8 3 11 25 25 25 14 13 25 13 14 0 10 36 35
split_gain=77.2744 31.243 27.0889 23.3854 20.8524 18.9562 17.9549 16.2817 14.3079 16.9139 18.7187 13.5724 12.9094 11.9316 10.9795 16.0526 21.135 19.6753
threshold=19705.500000000004 0.75023006073889154 -2.4499999999999984 1.0000000180025095e-35 4.5000000000000009 84.000000000000014 16.827343750000004 11.475000000000003 15.782031250000003 63.062500000000007 10.356250000000003 5.4346354166666675 4.4312500000000012 87.437500000000014 11.500000000000002 -0.5 21816.500000000004 23418.500000000004
decision_type=2 2 2 2 2 2 2 2 2 2 2 2 2 2 2 2 2 2
left_child=3 2 6 8 14 13 11 -5 9 -1 -11 -2 -6 -4 -3 -16 17 -17
right_child=1 4 5 7 12 -7 -8 -9 -10 10 -12 -13 -14 -15 15 16 -18 -19
leaf_value=-11.186069553636509 0.64867113643125884 -5.3084072903870059 -1.6459373045981451 -2.2756099922120638 -4.6179196637979931 1.6383799890903346 1.9949040107116249 -15.758604170037373 -8.9213629336479858 -0.23355953052220757 16.103406865417345 -4.1284274657586524 -15.046210850517864 1.6628116173329499 -6.3697068393070833 3.893344094895729 0.058588453096050111 23.672451033803394
leaf_weight=3504 7112 14896 86184 5400 8916 104020 5564 22064 11841 2596 1603 32963 7956 17917 7800 1056 17896 512
leaf_count=3504 7112 14896 86184 5400 8916 104020 5564 22064 11841 2596 1603 32963 7956 17917 7800 1056 17896 512
internal_value=-0.000310589 -0.000180116 -6.94144e-05 -0.00117876 -0.000655988 4.16994e-05 -0.000576111 -0.00161086 -0.000571551 0.000198856 0.00118191 -0.000745839 -0.00133829 -0.000177391 -0.000382939 -0.000108999 0.000243765 0.00280037
internal_weight=359800 312792 253760 47008 59032 208121 45639 27464 19544 7703 4199 40075 16872 104101 42160 27264 19464 1568
internal_count=359800 312792 253760 47008 59032 208121 45639 27464 19544 7703 4199 40075 16872 104101 42160 27264 19464 1568
is_linear=0
shrinkage=0.0229654


Tree=271
num_leaves=19
num_cat=0
split_feature=7 10 23 26 25 17 24 15 9 33 8 4 16 26 36 1 33 26
split_gain=74.7597 45.9814 28.0677 21.6392 19.3559 19.0322 16.1163 16.6362 21.408 26.9171 14.6687 14.1926 13.9029 12.9977 18.4558 17.2875 12.7995 12.1766
threshold=0.65793410509763428 -0.5 -2.4499999999999984 18.246484375000005 8.7570312500000025 42.062500000000007 -2.575000000000002 8.5687500000000032 -0.24999999999999994 0.29513888888888895 -0.44134171618254459 1.5000000000000002 58.312500000000007 15.002213541666668 30043.500000000004 22.500000000000004 0.64236111111111127 21.246223958333335
decision_type=2 2 2 2 2 2 2 2 2 2 2 2 2 2 2 2 2 2
left_child=2 10 3 4 -1 12 7 8 -3 11 -2 -10 -4 14 15 -7 -9 -12
right_child=1 6 5 -5 -6 13 -8 16 9 -11 17 -13 -14 -15 -16 -17 -18 -19
leaf_value=-0.85315884464195857 -5.2458802118722145 -3.6720492134719005 1.5455634871159551 1.8371649322494448 -5.3853757716470962 3.1588629860046913 -3.7229947035854334 -3.7609380227921045 -7.5663865872930591 -2.8004161654224999 -15.823503012639453 12.186986756700595 -5.627971922434214 -1.658150440099974 -0.43872843015280721 -4.5491948669495983 11.470127623214093 0.26647273494643026
leaf_weight=15982 7968 1001 9148 6984 25394 70838 54319 5089 168 671 24847 1371 29346 35776 63348 5536 301 1713
leaf_count=15982 7968 1001 9148 6984 25394 70838 54319 5089 168 671 24847 1371 29346 35776 63348 5536 301 1713
internal_value=-0.000307078 -0.000850245 -0.000105325 -0.000605003 -0.000804589 7.59764e-06 -0.000480697 0.000442967 0.00175155 0.00301356 -0.00152367 0.00468709 -0.000454846 0.000109031 0.000209039 0.000449421 -0.000336599 -0.00178293
internal_weight=359800 97448 262352 48360 41376 213992 62920 8601 3211 2210 34528 1539 38494 175498 139722 76374 5390 26560
internal_count=359800 97448 262352 48360 41376 213992 62920 8601 3211 2210 34528 1539 38494 175498 139722 76374 5390 26560
is_linear=0
shrinkage=0.0229654


Tree=272
num_leaves=19
num_cat=0
split_feature=37 37 36 36 37 36 35 35 37 36 3 37 37 35 37 10 36 37
split_gain=187.515 26.5914 16.8573 15.9315 18.0121 19.6578 20.0145 16.6944 14.9498 14.8209 14.7161 14.4575 14.348 14.3098 26.5812 13.5296 12.4538 17.0022
threshold=19435.448731896166 22263.946202917101 19397.500000000004 23495.500000000004 25583.618629345867 27994.500000000004 25425.500000000004 21573.500000000004 27736.99555956195 26661.500000000004 2.5000000000000004 28694.380984603627 27508.88673103532 33580.500000000007 34876.514806393076 0.25000000000000017 31379.500000000004 33138.221006374057
decision_type=2 2 2 2 2 2 2 2 2 2 2 2 2 2 2 2 2 2
left_child=-1 2 -2 7 9 6 8 10 -6 -5 -3 -7 -8 14 -14 -12 -13 -18
right_child=1 3 -4 4 5 11 12 -9 -10 -11 15 16 13 -15 -16 -17 17 -19
leaf_value=-20.73037635761057 1.3504683384663325 6.8764541009453248 -3.9146314131333981 -1.6756500899787157 5.0386320337695514 -4.4978566672355997 -0.90712570730644926 1.0215806015331212 13.231404624076394 -11.964904530663443 18.803033177291489 1.913795611066992 3.7046634309622304 -13.743182524498984 33.16869104277918 -6.1548044623581113 -7.4135203076606109 0.24215292952623282
leaf_weight=38262 10833 4437 56106 44172 6870 19228 21127 36545 671 9340 720 25895 14445 1028 89 178 19009 50845
leaf_count=38262 10833 4437 56106 44172 6870 19228 21127 36545 671 9340 720 25895 14445 1028 89 178 19009 50845
internal_value=-0.000302547 -0.000121692 -0.000528995 -1.46043e-05 -9.52116e-05 2.73057e-05 0.000438746 0.00039482 0.00151631 -0.000459721 0.00159488 -0.00013097 0.000217266 0.000746427 0.000931636 0.00427596 -1.55668e-05 -0.000175034
internal_weight=359800 321538 66939 254599 212719 159207 44230 41880 7541 53512 5335 114977 36689 15562 14534 898 95749 69854
internal_count=359800 321538 66939 254599 212719 159207 44230 41880 7541 53512 5335 114977 36689 15562 14534 898 95749 69854
is_linear=0
shrinkage=0.0229654


Tree=273
num_leaves=19
num_cat=0
split_feature=37 8 11 37 27 22 15 23 23 16 33 12 18 22 7 37 26 17
split_gain=185.911 25.5989 23.7467 21.0222 18.6766 19.5597 15.3125 14.6122 27.115 13.1328 16.2967 12.4284 12.3643 11.7009 11.4046 11.0235 10.7553 10.5962
threshold=19435.448731896166 0.99572243068690536 108.00000000000001 22905.088031179152 -1.0000000180025095e-35 1.5197048611111112 13.581250000000004 -0.02499999999999902 1.0000000180025095e-35 253.31250000000003 0.72569444444444453 19.243750000000006 0.11312500000000002 16.767404513888895 0.44134171618254497 33467.892597773149 20.159505208333339 58.812500000000007
decision_type=2 2 2 2 2 2 2 2 2 2 2 2 2 2 2 2 2 2
left_child=14 2 3 -2 16 15 12 11 -9 -7 13 -8 -5 -11 -1 -6 -4 -10
right_child=1 -3 4 6 5 9 7 8 17 10 -12 -13 -14 -15 -16 -17 -18 -19
leaf_value=-15.189546798535616 -3.4640694927412556 -9.1550053325016236 -1.0216472972241857 -0.058019746218208233 18.448369288772749 0.8543396260560695 -5.7007494642029108 6.6237272339142459 -9.2817650203210942 8.8110217340059407 40.99001593570479 4.4492635686988491 3.6166351026790697 -0.82825424437094386 -21.690865884209256 10.130658364591302 11.221206892035168 -0.75735530572510701
leaf_weight=12145 50116 7428 52723 70160 266 42332 22488 6208 7789 15271 134 1227 11940 5606 26117 471 1145 26234
leaf_count=12145 50116 7428 52723 70160 266 42332 22488 6208 7789 15271 134 1227 11940 5606 26117 471 1145 26234
internal_value=-0.000300057 -0.000119978 -8.84668e-05 -0.000243303 0.000169045 0.000434006 -0.000104036 -0.000370487 -0.00010395 0.000390726 0.000860096 -0.000822649 0.000103498 0.000808854 -0.00181337 0.00415372 -0.000146146 -0.000358626
internal_weight=359800 321538 314110 196162 117948 64080 146046 63946 40231 63343 21011 23715 82100 20877 38262 737 53868 34023
internal_count=359800 321538 314110 196162 117948 64080 146046 63946 40231 63343 21011 23715 82100 20877 38262 737 53868 34023
is_linear=0
shrinkage=0.0229654


Tree=274
num_leaves=19
num_cat=0
split_feature=37 37 36 36 37 1 35 36 35 37 37 15 36 37 35 37 22 15
split_gain=182.879 26.4864 15.412 15.3455 18.3356 15.8221 14.357 13.7306 19.4341 20.451 17.9874 16.2752 14.9676 17.9441 15.0576 14.614 14.2902 14.0481
threshold=19367.681914178898 22202.067321382412 19397.500000000004 23495.500000000004 24515.504057869399 22.500000000000004 21573.500000000004 27094.500000000004 24500.500000000004 26673.860048062674 28146.982781622504 19.706250000000008 31379.500000000004 32659.076238648933 27635.500000000004 27152.532109597381 1.5197048611111112 11.881250000000003
decision_type=2 2 2 2 2 2 2 2 2 2 2 2 2 2 2 2 2 2
left_child=-1 2 -2 5 -5 6 -3 8 9 -6 -9 -11 14 -14 -12 16 17 -10
right_child=1 3 -4 4 7 -7 -8 10 15 11 12 -13 13 -15 -16 -17 -18 -19
leaf_value=-20.598544924587443 1.1216094903449458 9.3618873483938145 -3.8305413044345853 -4.1391095192843927 5.1293783410619653 -4.5755771825915712 1.6466711255653508 -4.4624160344314499 20.290838483508995 11.865149741418149 7.8795863012039637 29.58013612545043 -8.8308666853160886 0.10174212810495177 1.0687982595575281 3.2280005142626567 -0.96654365582836055 -18.755726565461909
leaf_weight=36854 11337 5179 55508 31856 7991 4480 33323 27011 97 495 4147 71 16843 53864 30527 11904 28252 61
leaf_count=36854 11337 5179 55508 31856 7991 4480 33323 27011 97 495 4147 71 16843 53864 30527 11904 28252 61
internal_value=-0.000297759 -0.000122854 -0.000529945 -1.65991e-05 -9.64337e-05 0.000379248 0.000529548 -7.13357e-06 0.000321847 0.00131587 -0.000128573 0.00553442 6.95134e-06 -0.000184713 0.000397791 0.000110856 -0.00017218 0.0067152
internal_weight=359800 322946 66845 256101 213119 42982 38502 181263 48871 8557 132392 566 105381 70707 34674 40314 28410 158
internal_count=359800 322946 66845 256101 213119 42982 38502 181263 48871 8557 132392 566 105381 70707 34674 40314 28410 158
is_linear=0
shrinkage=0.0229654


Tree=275
num_leaves=19
num_cat=0
split_feature=37 37 36 6 11 24 29 31 8 36 24 16 19 27 20 16 7 36
split_gain=180.2 25.0827 14.8289 14.5021 14.0991 16.0575 25.7427 23.1149 18.1143 17.8287 15.4546 14.4966 14.4824 12.4099 12.2906 12.6197 11.196 10.7653
threshold=19367.681914178898 22202.067321382412 19397.500000000004 1.0000000180025095e-35 108.00000000000001 1.0000000180025095e-35 126.45625000000003 9.7374999999999883 -0.65793410509763406 22376.500000000004 -1.0000000180025095e-35 595.18750000000011 0.075000000000000192 -4.6464843749999991 5.7812500000000009 299.56250000000006 0.44134171618254497 27372.500000000004
decision_type=2 2 2 2 2 2 2 2 2 2 2 2 2 2 2 2 2 2
left_child=16 2 -2 4 5 6 9 10 -9 -3 13 -6 -10 -8 -7 -16 -1 -12
right_child=1 3 -4 -5 11 14 7 8 12 -11 17 -13 -14 -15 15 -17 -18 -19
leaf_value=-15.194595259476204 1.0958512697393055 6.2959803570044874 -3.7425713569547376 -10.451407433193275 1.0622849003321371 -2.4882817571124556 4.4273985182543312 33.859459452265625 20.007467365620066 -4.4979381372456757 9.7765937091743105 15.935744251942936 -1.9681624233977713 0.23283744072656959 6.3539785450609818 -1.3607242258310497 -21.548570053422221 4.3885796555444392
leaf_weight=11636 11337 2801 55508 4313 92268 70501 4420 264 124 17960 2007 2490 354 49863 2010 2276 25218 4450
leaf_count=11636 11337 2801 55508 4313 92268 70501 4420 264 124 17960 2007 2490 354 49863 2010 2276 25218 4450
internal_value=-0.000294696 -0.000121076 -0.000517233 -1.76751e-05 4.943e-06 -0.000128553 9.29021e-05 0.000329005 0.00435786 -0.000606298 0.000279789 0.000226168 0.00169118 0.000153446 -0.000372086 0.000821953 -0.0018161 0.00134193
internal_weight=359800 322946 66845 256101 251788 157030 82243 61482 742 20761 60740 94758 478 54283 74787 4286 36854 6457
internal_count=359800 322946 66845 256101 251788 157030 82243 61482 742 20761 60740 94758 478 54283 74787 4286 36854 6457
is_linear=0
shrinkage=0.0229654


Tree=276
num_leaves=19
num_cat=0
split_feature=37 8 37 6 3 26 8 3 34 31 8 28 27 10 37 28 22 27
split_gain=175.858 25.1605 19.29 13.9562 11.2822 12.3961 15.9597 23.9551 20.3511 14.6448 12.7052 13.6534 15.5967 12.4997 11.7809 11.4392 18.8239 12.3569
threshold=19435.448731896166 0.99572243068690536 21915.138123433535 1.0000000180025095e-35 1.5000000000000002 21.610286458333338 0.19467261866128602 2.5000000000000004 0.90625000000000011 248.60000000000002 -0.70710678118654757 2.6329057017543875 0.029222470238095658 -0.5 25946.294400098846 1.2856433823529427 10.538758680555556 -1.0000000180025095e-35
decision_type=2 2 2 2 2 2 2 2 2 2 2 2 2 2 2 2 2 2
left_child=-1 2 -2 4 -4 10 8 -8 -7 14 11 12 -6 -12 -9 17 -17 -15
right_child=1 -3 3 -5 5 6 7 9 -10 -11 13 -13 -14 15 -16 16 -18 -19
leaf_value=-18.929989039728564 -2.40406782500312 -8.8959229274131868 1.4470051302301015 -10.225200062009479 -0.50865943063136621 -7.2757352892257652 11.375538441150004 16.49999454824512 22.676153761836353 0.24076994336380039 -3.4061126367433752 -5.5477693250888978 5.6432625951465321 -0.87402697215448466 0.14284825311899391 -6.7982948985952776 1.9486499883055459 2.1099351182134103
leaf_weight=38262 56343 7428 77021 4466 19718 1287 268 202 104 911 31693 5839 20271 45193 128 17427 7666 25573
leaf_count=38262 56343 7428 77021 4466 19718 1287 268 202 104 911 31693 5839 20271 45193 128 17427 7666 25573
internal_value=-0.000291121 -0.000115978 -8.47381e-05 -5.97475e-07 2.18405e-05 -7.94701e-05 0.0014096 0.00304531 -0.000364872 0.00170066 -0.000104377 0.0002236 0.00037507 -0.000222215 0.00584574 -9.14942e-05 -0.000512794 5.78949e-05
internal_weight=359800 321538 314110 257767 253301 176280 2900 1509 1391 1241 173380 45828 39989 127552 330 95859 25093 70766
internal_count=359800 321538 314110 257767 253301 176280 2900 1509 1391 1241 173380 45828 39989 127552 330 95859 25093 70766
is_linear=0
shrinkage=0.0229654


Tree=277
num_leaves=19
num_cat=0
split_feature=7 10 8 11 16 3 8 35 21 7 12 28 8 13 27 27 25 30
split_gain=70.3217 44.6332 26.1837 20.3061 21.8327 19.3863 27.1791 29.0356 22.5074 22.7887 19.6508 16.4622 15.1914 14.6532 14.2589 14.0908 12.3229 12.2114
threshold=0.65793410509763428 -0.5 0.99572243068690536 84.000000000000014 486.56250000000006 4.5000000000000009 0.13052619222005152 18505.500000000004 11.849348958333335 0.99572243068690536 16.281250000000004 7.6875113378684805 -0.44134171618254459 23.881250000000005 0.50448288690476117 -1.0000000180025095e-35 9.6252604166666682 842.77500000000009
decision_type=2 2 2 2 2 2 2 2 2 2 2 2 2 2 2 2 2 2
left_child=2 11 3 4 13 6 7 8 9 -3 14 12 -2 16 -9 -5 -1 -7
right_child=1 5 -4 15 -6 17 -8 10 -10 -11 -12 -13 -14 -15 -16 -17 -18 -19
leaf_value=0.31636057875161971 -5.2363084088258294 24.00939277366005 -8.7501825225555852 -0.84107995922149625 -13.651845683175134 -12.181881521723877 -4.6261450369263386 2.1138726016851632 4.3678836962688692 17.363556254483644 22.720568172233168 11.142989894083572 -13.399187950755657 7.2699669419410311 -6.6475947092678247 2.1862034148055147 -2.0157607861057789 -4.2833298269666944
leaf_weight=52952 7906 100 7472 48130 11953 6051 20832 18904 336 124 63 276 26346 1223 4777 79310 61312 11733
leaf_count=52952 7906 100 7472 48130 11953 6051 20832 18904 336 124 63 276 26346 1223 4777 79310 61312 11733
internal_value=-0.000285504 -0.000812302 -8.98306e-05 -5.05482e-05 -0.000255532 -0.000448213 -0.000195178 0.000326565 0.00549529 0.0111341 0.000204661 -0.00147578 -0.00152079 -0.000158828 0.000170584 0.000154436 -0.000185591 -0.00109042
internal_weight=359800 97448 262352 254880 127440 62920 45136 24304 560 224 23744 34528 34252 115487 23681 127440 114264 17784
internal_count=359800 97448 262352 254880 127440 62920 45136 24304 560 224 23744 34528 34252 115487 23681 127440 114264 17784
is_linear=0
shrinkage=0.0229654


Tree=278
num_leaves=19
num_cat=0
split_feature=37 0 7 11 15 5 32 23 26 28 26 0 36 26 7 23 14 28
split_gain=170.867 23.7186 23.8613 15.8038 17.9534 15.0317 15.28 12.5104 12.9331 12.3515 11.7125 16.3603 24.1715 11.6645 11.5729 11.2137 15.6137 14.6818
threshold=19298.943765421787 47.500000000000007 0.44134171618254497 84.000000000000014 14.231250000000003 1.0000000180025095e-35 1268.4125000000001 -0.22499999999999606 17.567838541666671 8.3609523809523818 13.138020833333336 11.500000000000002 28472.500000000004 11.089713541666667 0.44134171618254497 -0.42500000000000043 71.812500000000014 1.0000000180025095e-35
decision_type=2 2 2 2 2 2 2 2 2 2 2 2 2 2 2 2 2 2
left_child=14 2 3 4 13 6 10 8 -5 15 11 -4 -13 -2 -1 -6 -17 -18
right_child=1 -3 5 7 9 -7 -8 -9 -10 -11 -12 12 -14 -15 -16 16 17 -19
leaf_value=-15.506978216188653 1.805952665897129 -8.5443449906720961 -2.6028976437215556 -0.81320493556514151 -6.0277792570979143 -5.2825078188885861 23.062420701018599 3.1237938447360283 3.9473291365975771 6.9290003320963143 -3.4757622455074872 5.2142057242214834 -1.6534924622607541 -0.83723567097017837 -21.590503094956922 -7.2048041507927838 4.3674326741868619 -3.8556091625096998
leaf_weight=11159 30823 7470 25287 39837 12982 23742 86 62580 4585 250 23521 13483 16999 31293 24314 14917 9116 7356
leaf_count=11159 30823 7470 25287 39837 12982 23742 86 62580 4585 250 23521 13483 16999 31293 24314 14917 9116 7356
internal_value=-0.000282185 -0.000116673 -8.65185e-05 5.19066e-05 -0.000145814 -0.000373441 -0.000221797 0.000249137 -4.55984e-05 -0.00049723 -0.00023229 -5.1022e-05 0.00030724 0.000106626 -0.00179545 -0.000525911 -0.00029112 0.000196304
internal_weight=359800 324327 316857 213739 106737 103118 79376 107002 44422 44621 79290 55769 30482 62116 35473 44371 31389 16472
internal_count=359800 324327 316857 213739 106737 103118 79376 107002 44422 44621 79290 55769 30482 62116 35473 44371 31389 16472
is_linear=0
shrinkage=0.0229654


Tree=279
num_leaves=19
num_cat=0
split_feature=37 37 36 37 35 36 35 37 15 37 36 37 22 36 15 35 5 35
split_gain=167.881 24.2223 14.5903 16.3457 15.2316 13.2128 16.7578 18.1774 16.6045 16.5545 14.215 13.5911 14.2366 13.0491 12.8499 12.0237 11.614 11.128
threshold=19161.366179972218 22202.067321382412 23495.500000000004 24515.504057869399 21573.500000000004 27094.500000000004 24500.500000000004 26673.860048062674 20.531250000000004 28146.982781622504 29694.500000000004 27152.532109597381 1.5197048611111112 19397.500000000004 11.881250000000003 28197.500000000004 1.0000000180025095e-35 33580.500000000007
decision_type=2 2 2 2 2 2 2 2 2 2 2 2 2 2 2 2 2 2
left_child=-1 13 4 -4 16 6 7 -5 -9 -7 17 12 14 -2 -8 -13 -3 -11
right_child=1 2 3 5 -6 9 11 8 -10 10 -12 15 -14 -15 -16 -17 -18 -19
leaf_value=-22.043831711234226 0.59248774930281556 7.2782762592424151 -3.9226449072211644 5.0186847567209218 0.94248818153417768 -4.3004999697439663 19.894538666448543 11.555117777342584 28.70641707292317 3.3615740494049016 -0.65892915639377203 6.3612821056091633 -0.86383939199261306 -3.6270585450205046 -18.17910385537499 0.70623936915199226 15.404103813672137 -6.4776000420407112
leaf_weight=32577 13425 5289 31856 7991 37336 27011 97 505 61 16669 86506 4732 28252 57697 61 7172 357 2206
leaf_count=32577 13425 5289 31856 7991 37336 27011 97 505 61 16669 86506 4732 28252 57697 61 7172 357 2206
internal_value=-0.000280207 -0.000123684 -1.95583e-05 -9.74036e-05 0.000366424 -1.30883e-05 0.000309629 0.00123268 0.00520982 -0.000132216 -2.20161e-06 0.000113704 -0.000159247 -0.000498625 0.0067152 0.000765127 0.00147815 0.000568812
internal_weight=359800 327223 256101 213119 42982 181263 48871 8557 566 132392 105381 40314 28410 71122 158 11904 5646 18875
internal_count=359800 327223 256101 213119 42982 181263 48871 8557 566 132392 105381 40314 28410 71122 158 11904 5646 18875
is_linear=0
shrinkage=0.0229654


Tree=280
num_leaves=19
num_cat=0
split_feature=37 37 1 9 27 11 16 24 29 31 8 13 24 34 1 31 3 27
split_gain=166.525 24.3595 14.3376 13.4381 13.8739 11.2162 13.4133 11.6929 17.7588 26.0824 14.5509 17.4476 14.346 13.5233 14.3262 12.6494 22.9351 12.1837
threshold=19091.612530663104 22202.067321382412 21.500000000000004 0.93301270189221952 -0.29058779761904713 108.00000000000001 602.56250000000011 1.0000000180025095e-35 126.45625000000003 9.7374999999999883 -0.70710678118654757 13.156250000000004 -0.01250000000000062 0.90625000000000011 8.5000000000000018 271.3875000000001 1.5000000000000002 -4.7429501488095234
decision_type=2 2 2 2 2 2 2 2 2 2 2 2 2 2 2 2 2 2
left_child=-1 3 5 4 -2 7 -7 8 15 12 -11 -12 17 14 -9 -3 -17 -10
right_child=1 2 -4 -5 -6 6 -8 13 9 10 11 -13 -14 -15 -16 16 -18 -19
leaf_value=-22.823064708664702 -4.1267360760541107 -3.4159559037250387 -2.2195428443945979 3.6086537866884889 -1.1693462491953273 1.2265630168312267 16.194282727899633 -5.2840244503349991 5.131208242805859 33.673285232980227 -0.59953007657816026 25.290784283969323 6.2963959096964537 25.329513984583588 -0.58367031259895297 19.626376718443588 -0.99954900564019933 0.14092952553343596
leaf_weight=31170 38847 17293 25705 4211 29471 84341 2356 18315 3768 235 333 95 6186 61 49824 319 805 46465
leaf_count=31170 38847 17293 25705 4211 29471 84341 2356 18315 3768 235 333 95 6186 61 49824 319 805 46465
internal_value=-0.00027676 -0.000124601 -1.93789e-05 -0.00049614 -0.000573749 3.80166e-05 0.00024431 -8.64451e-05 0.000110448 0.000310512 0.00483902 0.002318 0.000257296 -0.00030441 -0.000314086 -0.000509636 0.00185113 0.000128786
internal_weight=359800 328630 256101 72529 68318 230396 86697 143699 75499 57082 663 428 56419 68200 68139 18417 1124 50233
internal_count=359800 328630 256101 72529 68318 230396 86697 143699 75499 57082 663 428 56419 68200 68139 18417 1124 50233
is_linear=0
shrinkage=0.0229654


Tree=281
num_leaves=19
num_cat=0
split_feature=37 37 0 9 15 24 20 35 3 3 3 24 25 26 26 26 13 17
split_gain=163.86 23.48 14.029 12.9051 15.9457 18.7251 12.7351 12.296 15.5405 11.6198 12.5314 14.1 11.1929 14.1792 11.1925 10.3981 18.7358 15.2181
threshold=19091.612530663104 22202.067321382412 43.500000000000007 0.93301270189221952 7.8312500000000016 -0.82499999999999896 0.8000000000000026 22711.500000000004 4.5000000000000009 1.0000000180025095e-35 2.5000000000000004 -2.575000000000002 6.7986979166666668 18.747265625000004 5.2751302083333345 12.990494791666668 10.581250000000002 89.187500000000014
decision_type=2 2 2 2 2 2 2 2 2 2 2 2 2 2 2 2 2 2
left_child=-1 3 7 6 5 9 15 8 -3 -5 -11 -12 -4 -14 -10 16 -2 -18
right_child=1 2 12 4 -6 -7 -8 -9 14 10 11 -13 13 -15 -16 -17 17 -19
leaf_value=-22.298923694593128 -3.1164867973897041 2.0775464583609113 0.54192356261876906 -1.3116299282117001 0.98263105202994361 0.09861524164279388 -0.20876880556910621 -0.066241818282311099 -10.858969541086546 17.184894342795833 11.456590775879002 -2.681193360668364 -4.4666008163593425 2.9353388068535415 10.344670690274052 -5.7656489665435222 1.3410756653398801 11.208796208109503
leaf_weight=31170 25861 22640 10750 63 3662 270 17899 198223 282 85 63 68 19909 2524 1773 21812 1944 802
leaf_count=31170 25861 22640 10750 63 3662 270 17899 198223 282 85 63 68 19909 2524 1773 21812 1944 802
internal_value=-0.000273441 -0.000122504 -1.91996e-05 -0.000487274 0.000746607 0.00439647 -0.000563328 4.63799e-05 0.000529613 0.00856881 0.0110999 0.00664419 -0.000459752 -0.000751728 0.00244182 -0.000750149 -0.000462167 0.00134146
internal_weight=359800 328630 256101 72529 4211 549 68318 222918 24695 279 216 131 33183 22433 2055 50419 28607 2746
internal_count=359800 328630 256101 72529 4211 549 68318 222918 24695 279 216 131 33183 22433 2055 50419 28607 2746
is_linear=0
shrinkage=0.0229654


Tree=282
num_leaves=19
num_cat=0
split_feature=37 37 36 27 36 37 9 23 3 36 37 24 22 15 10 11 26 13
split_gain=161.556 22.8633 21.6987 21.5306 19.0776 17.3168 14.6506 24.725 20.3362 13.732 15.2508 13.2144 25.1125 21.8682 23.2315 21 13.9499 12.8289
threshold=19091.612530663104 24026.812138910074 25864.500000000004 -1.0000000180025095e-35 23495.500000000004 26605.106371552731 0.93301270189221952 -1.2624999999999986 2.5000000000000004 29694.500000000004 31602.531406432692 -2.575000000000002 11.287934027777778 9.0312500000000036 0.25000000000000017 108.00000000000001 20.159505208333339 15.943750000000003
decision_type=2 2 2 2 2 2 2 2 2 2 2 2 2 2 2 2 2 2
left_child=-1 3 -3 11 6 -4 -5 8 -8 -7 -11 12 13 14 15 -2 -13 -12
right_child=1 2 5 4 -6 9 7 -9 -10 10 17 16 -14 -15 -16 -17 -18 -19
leaf_value=-21.786819793246675 11.132977769031438 1.9548656289439479 -5.0328064974738114 1.0254363028729814 -4.9648649043497528 1.5370191285653174 21.568642112873796 7.74373517287128 18.137180281226019 -5.118463498734215 0.023464490644846972 -4.2702066438874207 -4.8262819724072763 1.2520532351283908 3.8241446392912115 9.0628193507107735 5.4751509307173567 17.361148439079521
leaf_weight=31170 484 51537 23342 34595 17206 41487 140 1127 118 24280 65740 56578 5682 2857 751 390 2246 70
leaf_count=31170 484 51537 23342 34595 17206 41487 140 1127 118 24280 65740 56578 5682 2857 751 390 2246 70
internal_value=-0.00026993 -0.000120058 2.72968e-05 -0.000369067 -2.18493e-05 -0.000108498 0.000278929 0.00259501 0.00900814 -6.23161e-06 -0.000165441 -0.000636752 0.000127886 0.00141318 0.00354021 0.00608557 -0.000768872 1.60519e-05
internal_weight=359800 328630 206456 122174 53186 154919 35980 1385 258 131577 90090 68988 10164 4482 1625 874 58824 65810
internal_count=359800 328630 206456 122174 53186 154919 35980 1385 258 131577 90090 68988 10164 4482 1625 874 58824 65810
is_linear=0
shrinkage=0.0229654


Tree=283
num_leaves=19
num_cat=0
split_feature=37 11 37 15 27 22 15 23 23 20 24 15 9 28 37 7 37 24
split_gain=159.653 22.9888 23.5377 19.3137 14.6836 15.9052 13.5183 13.4794 22.0963 12.2888 12.2752 19.8941 45.9216 14.5675 14.7962 11.9564 11.8649 11.7408
threshold=19091.612530663104 108.00000000000001 22958.276314281484 12.681250000000004 0.96696428571428561 1.5197048611111112 13.581250000000004 -0.02499999999999902 1.0000000180025095e-35 3.4500000000000015 -2.575000000000002 8.9812500000000028 0.68301270189221941 -2.5576923076923066 21058.27068631602 0.44134171618254497 28899.443628317462 -1.6749999999999989
decision_type=2 2 2 2 2 2 2 2 2 2 2 2 2 2 2 2 2 2
left_child=15 2 10 4 -3 16 17 9 -9 -8 11 12 -2 14 -14 -1 -6 -4
right_child=1 3 6 -5 5 -7 7 8 -10 -11 -12 -13 13 -15 -16 -17 -18 -19
leaf_value=-16.045143293146506 -1.2201192919931119 -1.8318721541588661 2.5612779237889085 2.7487495241658015 17.407630063411435 1.8381632578520555 -5.5642890790363548 5.8885273674957634 -2.3238106543781378 4.20739951232368 -4.1239291322719573 -2.0640232253309962 12.091182502810812 10.326340157323223 5.6774060701724212 -22.435331306930873 7.2364742389679133 -0.2528001354412302
leaf_weight=9825 788 46309 16368 58021 126 18663 22691 6320 33934 1391 52202 4293 127 205 86 21345 247 66859
leaf_count=9825 788 46309 16368 58021 126 18663 22691 6320 33934 1391 52202 4293 127 205 86 21345 247 66859
internal_value=-0.000266739 -0.000117752 -0.000266661 0.000130011 -0.000140756 0.000396188 -0.00011288 -0.000362887 -0.000105774 -0.000792661 -0.000659936 0.000372107 0.00297827 0.00913122 0.0133372 -0.00183753 0.00509179 8.03799e-05
internal_weight=359800 328630 205264 123366 65345 19036 147563 64336 40254 24082 57701 5499 1206 418 213 31170 373 83227
internal_count=359800 328630 205264 123366 65345 19036 147563 64336 40254 24082 57701 5499 1206 418 213 31170 373 83227
is_linear=0
shrinkage=0.0229654


Tree=284
num_leaves=19
num_cat=0
split_feature=37 7 0 11 15 17 28 8 27 36 7 5 10 35 10 36 0 36
split_gain=158.339 22.3905 26.3618 14.9971 18.7301 14.7965 13.9204 22.1825 12.972 16.1708 12.2292 11.8801 13.4269 22.4084 33.7229 36.2443 16.126 21.7505
threshold=19091.612530663104 0.75023006073889154 45.500000000000007 84.000000000000014 14.681250000000004 66.812500000000014 -2.4202626329787216 -0.32075123873380501 -0.29058779761904713 26525.500000000004 0.44134171618254497 1.0000000180025095e-35 -0.5 18505.500000000004 0.25000000000000017 20650.500000000004 11.500000000000002 21816.500000000004
decision_type=2 2 2 2 2 2 2 2 2 2 2 2 2 2 2 2 2 2
left_child=10 2 3 4 5 6 7 -2 -5 -10 -1 12 -3 14 15 -14 -15 -18
right_child=1 11 -4 8 -6 -7 -8 -9 9 -11 -12 -13 13 16 -16 -17 17 -19
leaf_value=-15.676660016078035 -5.730354826259962 -5.4530132418302371 -3.5175669971753902 -0.55574389420341108 -3.3624099887000072 1.7022070891295948 -2.4902555834624511 6.3653400293929954 4.8483351000485539 0.70693848695154793 -21.920094748985964 -6.6936576181194267 2.6983106167032385 -4.3699686461493412 -4.2897956362772689 16.68432661551871 8.9424977615630912 -0.037435129578418533
leaf_weight=9825 2655 14391 22462 41966 45285 41980 26623 3814 34294 44361 21345 14411 282 15023 542 313 1772 18456
leaf_count=9825 2655 14391 22462 41966 45285 41980 26623 3814 34294 44361 21345 14411 282 15023 542 313 1772 18456
internal_value=-0.000264377 -0.000116005 -2.17071e-05 4.84313e-05 -0.000132938 8.95704e-05 -0.00027357 0.000681968 0.000229404 0.000403365 -0.00182869 -0.000497074 -0.000331916 -9.70677e-05 0.00307619 0.00685102 -0.000199419 0.000223886
internal_weight=359800 328630 263440 240978 120357 75072 33092 6469 120621 78655 31170 65190 50779 36388 1137 595 35251 20228
internal_count=359800 328630 263440 240978 120357 75072 33092 6469 120621 78655 31170 65190 50779 36388 1137 595 35251 20228
is_linear=0
shrinkage=0.0229654


Tree=285
num_leaves=19
num_cat=0
split_feature=37 0 37 0 37 28 35 3 37 35 37 8 35 26 32 10 1 22
split_gain=155.711 21.7643 15.0535 13.2377 13.4211 13.0897 11.6365 15.104 10.9865 19.9187 17.8433 17.4472 16.7009 16.0169 20.5813 24.6126 13.0234 15.5901
threshold=19298.943765421787 47.500000000000007 21623.970797757989 19.500000000000004 17796.853298326216 9.4997336800573908 21573.500000000004 4.5000000000000009 25301.641546275634 28441.500000000004 28798.095678294521 -0.32075123873380501 25661.500000000004 11.28580729166667 18.66875000000001 -0.24999999999999994 11.500000000000002 4.877734375000002
decision_type=2 2 2 2 2 2 2 2 2 2 2 2 2 2 2 2 2 2
left_child=3 2 -2 -1 -5 -6 7 -4 12 11 -11 13 -8 14 16 -16 -10 -18
right_child=1 -3 6 4 5 -7 8 -9 9 10 -12 -13 -14 -15 15 -17 17 -19
leaf_value=-18.12117984100788 -2.1610900510510453 -8.0753853391640131 2.0279705550633489 -50.868803146496596 -4.4821758527976403 18.887531632080695 -0.58823943221274277 9.8303176165010004 4.2255338798693884 -5.9405865748486368 -0.03196158233501057 0.44035057721726734 -7.8650880408800861 1.0993597911794528 31.079401725789324 -4.4245250596329111 40.94589719466402 14.387000086079038
leaf_weight=25264 52380 7470 17477 4168 5978 63 63829 1387 6549 15231 92874 39903 14277 8542 343 193 209 3663
leaf_count=25264 52380 7470 17477 4168 5978 63 63829 1387 6549 15231 92874 39903 14277 8542 343 193 209 3663
internal_value=-0.000260867 -0.000102865 -7.39796e-05 -0.00170546 -0.00100756 -0.000315913 -3.53466e-06 0.000546134 -4.57513e-05 5.91312e-05 -0.000126506 0.000396971 -0.000270683 0.000960003 0.00154116 0.00592987 0.00131543 0.00237127
internal_weight=359800 324327 316857 35473 10209 6041 264477 18864 245613 167507 108105 59402 78106 19499 10957 536 10421 3872
internal_count=359800 324327 316857 35473 10209 6041 264477 18864 245613 167507 108105 59402 78106 19499 10957 536 10421 3872
is_linear=0
shrinkage=0.0229654


Tree=286
num_leaves=19
num_cat=0
split_feature=7 29 23 28 17 25 24 3 35 16 11 11 15 28 11 29 8 36
split_gain=66.516 37.2365 22.4688 21.534 17.8583 17.4323 16.5298 15.9019 13.693 13.6234 17.9742 12.923 12.7208 12.5259 12.2046 15.1409 11.6292 11.2599
threshold=0.75023006073889154 172.30625000000006 -2.4499999999999984 2.7219068877551025 42.062500000000007 8.7570312500000025 0.19999999999999954 4.5000000000000009 21470.500000000004 58.312500000000007 84.000000000000014 1.0000000180025095e-35 11.943750000000003 7.181021750805586 84.000000000000014 690.61250000000007 1.0000000180025095e-35 29694.500000000004
decision_type=2 2 2 2 2 2 2 2 2 2 2 2 2 2 2 2 2 2
left_child=2 7 3 5 9 8 -3 13 -1 -4 -11 12 -6 16 -8 -16 -2 -13
right_child=1 6 4 -5 11 -7 14 -9 -10 10 -12 17 -14 -15 15 -17 -18 -19
leaf_value=7.1612441240243223 -3.3658324228608802 -0.26516042832555692 1.3241699180881177 1.2046087648194426 0.91338466593617862 -4.8856077144111083 -8.9523014378832801 -22.100383710787238 -1.6684888645176768 -10.232248345968074 -1.1907056179038746 1.8630967182699174 -5.6734278447588569 8.8247354433208294 -2.9664313151743888 12.980094803115422 -9.634351379230953 -0.39593930211356343
leaf_weight=1630 11317 27470 9774 9912 11357 26041 9642 10441 14380 14090 16362 100372 13546 301 9594 198 13493 59880
leaf_count=1630 11317 27470 9774 9912 11357 26041 9642 10441 14380 14090 16362 100372 13546 301 9594 198 13493 59880
internal_value=-0.000258314 -0.000830984 -8.80552e-05 -0.000518549 1.11978e-05 -0.000745526 -0.000406096 -0.00139154 -0.000149182 -0.000427383 -0.000666821 0.000106482 -0.000380221 -0.00107835 -0.000918664 -0.000347578 -0.00113485 0.000182115
internal_weight=359800 82456 277344 51963 225381 42051 46904 35552 16010 40226 30452 185155 24903 25111 19434 9792 24810 160252
internal_count=359800 82456 277344 51963 225381 42051 46904 35552 16010 40226 30452 185155 24903 25111 19434 9792 24810 160252
is_linear=0
shrinkage=0.0229654


Tree=287
num_leaves=19
num_cat=0
split_feature=37 37 1 35 37 35 3 35 13 7 29 7 9 15 21 7 14 3
split_gain=155.051 22.4565 12.6627 12.6469 22.5304 13.8291 16.1232 16.3506 18.6019 16.978 13.9428 13.0298 12.35 15.9881 14.4453 12.1847 12.0515 12.7123
threshold=18945.834515503422 22202.067321382412 21.500000000000004 25601.500000000004 25880.966961899576 28441.500000000004 1.0000000180025095e-35 40221.000000000007 0.96875000000000033 0.44134171618254497 124.14375000000003 0.25881904510252096 0.93301270189221952 7.8312500000000016 18.956901041666672 0.82968937203783699 80.812500000000014 5.5000000000000009
decision_type=2 2 2 2 2 2 2 2 2 2 2 2 2 2 2 2 2 2
left_child=-1 12 3 11 -5 10 7 9 -9 -7 -6 -3 14 16 15 -2 -14 -18
right_child=1 2 -4 4 5 6 -8 8 -10 -11 -12 -13 13 -15 -16 -17 17 -19
leaf_value=-22.540629437960007 -2.4379448482371573 3.2193507978759204 -2.0750564449006852 -6.3359089809344527 -0.78446261037893594 2.7262901689204782 -1.1011541271434733 26.768921822376772 4.424284933940215 17.734693521128584 4.2881669904336892 -0.015086285251796916 -7.1143838348697717 1.1478588643468584 1.6003223036515803 -5.833828796766678 12.589550249478233 0.37116230626351687
leaf_weight=28293 43782 35776 25705 19591 11873 9853 93509 86 106 488 19212 39902 157 3686 8808 18581 271 121
leaf_count=28293 43782 35776 25705 19591 11873 9853 93509 86 106 488 19212 39902 157 3686 8808 18581 271 121
internal_value=-0.000255569 -0.000116294 -1.37295e-05 4.02096e-05 -7.87893e-05 2.67333e-05 -0.000100257 0.000751559 0.00739199 0.000628267 0.000451772 0.000283494 -0.000464632 0.000740207 -0.000536326 -0.000659285 0.00439647 0.00654983
internal_weight=359800 331507 256101 230396 154718 135127 104042 10533 192 10341 31085 75678 75406 4235 71171 62363 549 392
internal_count=359800 331507 256101 230396 154718 135127 104042 10533 192 10341 31085 75678 75406 4235 71171 62363 549 392
is_linear=0
shrinkage=0.0229654


Tree=288
num_leaves=19
num_cat=0
split_feature=37 37 35 37 1 35 1 35 9 24 15 6 3 9 24 28 30 22
split_gain=153.684 21.5968 17.6062 16.2012 15.2435 13.2296 12.5747 17.3841 15.699 19.5549 20.9861 18.026 15.6477 17.179 28.1364 17.1341 19.2905 14.5822
threshold=18945.834515503422 24026.812138910074 25425.500000000004 26535.342741169527 22.500000000000004 27408.000000000004 9.5000000000000018 23529.500000000004 0.93301270189221952 -1.4624999999999975 8.1812500000000021 1.0000000180025095e-35 3.5000000000000004 -0.93301270189221908 -1.5874999999999975 2.5910545822102429 1102.9375000000002 7.3659288194444459
decision_type=2 2 2 2 2 2 2 2 2 2 2 2 2 2 2 2 2 2
left_child=-1 4 -3 -4 6 -5 8 12 -2 10 17 -11 -8 14 -14 -15 -17 -10
right_child=1 2 3 5 -6 -7 7 -9 9 11 -12 -13 13 15 -16 16 -18 -19
leaf_value=-22.022974665376395 -2.7389946324903902 2.0652918672236034 -3.7113091598135739 3.1793478006940332 -6.3707278361504081 -0.29541002208900019 -0.6515576156841183 -5.3368091053037947 -18.041386170266811 -2.4366011366334552 4.6484009863247246 10.412541059383525 23.468620670236593 1.4072628766970752 14.543198581158286 11.947877593995905 20.712744665623141 11.198563213396307
leaf_weight=28293 67753 42216 29352 15837 9380 119051 15346 13047 92 5544 1301 112 138 8174 1081 2510 67 506
leaf_count=28293 67753 42216 29352 15837 9380 119051 15346 13047 92 5544 1301 112 138 8174 1081 2510 67 506
internal_value=-0.000253846 -0.000115185 2.90766e-05 -7.84443e-05 -0.000353358 2.79554e-05 -0.000281154 4.59155e-05 -0.000456454 0.000536518 0.00255292 -0.000140489 0.000375302 0.000997661 0.0035814 0.000704705 0.00233753 0.00611387
internal_weight=359800 331507 206456 164240 125051 134888 115671 40363 75308 7555 1899 5656 27316 11970 1219 10751 2577 598
internal_count=359800 331507 206456 164240 125051 134888 115671 40363 75308 7555 1899 5656 27316 11970 1219 10751 2577 598
is_linear=0
shrinkage=0.0229654


Tree=289
num_leaves=19
num_cat=0
split_feature=37 11 37 16 26 10 10 26 36 37 36 35 33 7 7 31 23 35
split_gain=152.271 21.4387 21.4042 15.1834 16.1982 13.7696 14.0959 20.3066 11.7402 15.1937 13.9331 13.3635 11.6548 11.3713 11.1887 10.9228 15.8896 10.8102
threshold=18945.834515503422 108.00000000000001 22958.276314281484 204.81250000000003 20.159505208333339 -0.5 -0.9330127018922193 17.092187500000005 24453.500000000004 26137.152025358548 27994.500000000004 25425.500000000004 0.50347222222222232 0.55438071450436044 -0.89495246814786256 128.05625000000003 -3.424999999999998 25901.500000000004
decision_type=2 2 2 2 2 2 2 2 2 2 2 2 2 2 2 2 2 2
left_child=13 2 -2 4 5 6 7 14 17 -10 11 -11 -5 -1 -3 16 -9 -4
right_child=1 3 8 12 -6 -7 -8 15 9 10 -12 -13 -14 -15 -16 -17 -18 -19
leaf_value=-16.216112887288347 -3.3434946749186136 22.734525737356552 2.3431624520761991 3.7758337316795605 7.7355208700425031 0.44887907359062312 -4.7610087339579588 17.704874439919141 -4.3585550895382354 6.7955597363843827 -1.1979006418079741 1.0638488943983975 18.054329116023872 -22.836622466656024 -4.42161562925192 2.1466365780897085 8.8725811712933726 -1.8811861953131599
leaf_weight=9809 59544 149 21618 31631 2221 71017 14089 171 27058 2396 70579 17777 919 18484 2918 751 534 8135
leaf_count=9809 59544 149 21618 31631 2221 71017 14089 171 27058 2396 70579 17777 919 18484 2918 751 534 8135
internal_value=-0.000250782 -0.000112761 -0.000255894 0.000125534 -2.55038e-05 -7.35122e-05 -0.000629538 0.000485914 -0.000107588 -0.000210531 -6.81234e-05 0.000464135 0.000551734 -0.00186796 -0.000574323 0.00271926 0.00477224 0.000300025
internal_weight=359800 331507 207107 124400 91850 89629 18612 4523 147563 117810 90752 20173 32550 28293 3067 1456 705 29753
internal_count=359800 331507 207107 124400 91850 89629 18612 4523 147563 117810 90752 20173 32550 28293 3067 1456 705 29753
is_linear=0
shrinkage=0.0229654


Tree=290
num_leaves=19
num_cat=0
split_feature=35 11 15 25 24 20 8 22 26 15 24 9 22 24 26 15 9 3
split_gain=56.7756 20.4609 17.5653 17.3232 20.5715 17.1224 17.0653 16.7675 14.3286 13.9916 23.3755 26.736 23.3052 18.2677 15.5141 13.7192 15.5834 13.6265
threshold=19637.500000000004 108.00000000000001 12.681250000000004 9.6252604166666682 0.049999999999998053 5.5312500000000009 1.0000000180025095e-35 11.932248263888892 17.642317708333337 8.3062500000000021 -2.2749999999999977 0.93301270189221952 7.5425781250000012 -0.01250000000000062 8.9438802083333346 16.656250000000004 -0.93301270189221908 4.5000000000000009
decision_type=2 2 2 2 2 2 2 2 2 2 2 2 2 2 2 2 2 2
left_child=6 3 -3 4 9 17 8 -8 -1 10 11 -2 -13 15 -14 16 -11 -5
right_child=1 2 -4 5 -6 -7 7 -9 -10 13 -12 12 14 -15 -16 -17 -18 -19
leaf_value=-0.35680984241006508 5.6816712223689709 -0.85893224132563584 2.5207779665190166 -2.1239752450319762 -2.6242106738653335 2.2596878149402362 -0.92874236216915063 -11.61799731061188 -14.145124999659933 12.050171391568194 0.9778292886036255 -7.7602118713438726 17.46200612062502 5.2272708798359035 1.7193937065496752 -6.4136309287237729 0.24951435404853031 -6.0673060211650673
leaf_weight=13076 3024 61586 56239 70016 34711 8737 4905 21591 6028 236 8267 107 300 7475 68 10109 26174 27151
leaf_count=13076 3024 61586 56239 70016 34711 8737 4905 21591 6028 236 8267 107 300 7475 68 10109 26174 27151
internal_value=-0.000248484 -0.000138582 0.000100671 -0.000282134 -4.87637e-05 -0.000481497 -0.00100574 -0.00138299 -0.000482534 0.000224464 0.000927907 0.00250132 0.0075665 3.63315e-05 0.0103095 -0.00017539 0.0001 -0.00056906
internal_weight=359800 314200 117825 196375 90471 105904 45600 26496 19104 55760 11766 3499 475 43994 368 36519 26410 97167
internal_count=359800 314200 117825 196375 90471 105904 45600 26496 19104 55760 11766 3499 475 43994 368 36519 26410 97167
is_linear=0
shrinkage=0.0229654


Tree=291
num_leaves=19
num_cat=0
split_feature=37 27 26 11 27 10 31 24 15 35 9 33 24 28 26 31 0 0
split_gain=149.619 19.6663 23.3634 21.505 22.1907 18.3811 16.4718 16.4709 19.6634 21.2558 17.2016 21.7911 15.5498 13.2301 15 13.6381 23.9582 12.2169
threshold=18945.834515503422 -1.0000000180025095e-35 13.138020833333336 132.00000000000003 1.0000000180025095e-35 -0.9330127018922193 167.26875000000004 -2.575000000000002 8.5187500000000025 18505.500000000004 0.93301270189221952 0.20486111111111113 4.2750000000000039 -3.731757305194805 17.496744791666671 125.36250000000001 8.5000000000000018 39.500000000000007
decision_type=2 2 2 2 2 2 2 2 2 2 2 2 2 2 2 2 2 2
left_child=-1 2 7 4 -3 13 -7 8 9 -2 -11 -12 -6 -4 -15 16 -16 -18
right_child=1 3 5 -5 12 6 -8 -9 -10 10 11 -13 -14 14 15 -17 17 -19
leaf_value=-20.843100726713704 11.862263742140318 5.1494453087295975 28.621838383783604 3.2885823180213345 -0.57610231747365503 -6.6288537052906928 0.34685644813594846 -1.220197506300132 0.039329119809585873 3.6878416730735357 13.27061309284848 -7.8182985970431274 -10.243864865117791 -3.3133204296180998 13.623305807680822 0.75619579591960062 -0.59743796154041817 10.706780398251698
leaf_weight=28293 145 8744 70 44442 112975 29751 6309 92882 15191 5484 516 240 6404 5402 293 1774 666 219
leaf_count=28293 145 8744 70 44442 112975 29751 6309 92882 15191 5484 516 240 6404 5402 293 1774 666 219
internal_value=-0.000243825 -0.000107011 -0.00029132 6.27479e-05 -8.82429e-05 -0.000737946 -0.00096358 -0.000117739 0.000453858 0.00152323 0.00132125 0.00456878 -0.00017004 0.000227909 0.000144599 0.00146101 0.00337658 0.0014921
internal_weight=359800 331507 158942 172565 128123 44484 36060 114458 21576 6385 6240 756 119379 8424 8354 2952 1178 885
internal_count=359800 331507 158942 172565 128123 44484 36060 114458 21576 6385 6240 756 119379 8424 8354 2952 1178 885
is_linear=0
shrinkage=0.0229654


Tree=292
num_leaves=19
num_cat=0
split_feature=37 7 1 11 17 16 23 7 3 0 16 36 35 27 36 13 18 37
split_gain=144.987 20.4573 23.5606 12.8029 14.225 15.3266 13.4901 12.5376 12.0204 11.593 12.2285 15.153 17.4996 11.1606 13.7131 10.9926 10.8355 9.51018
threshold=18945.834515503422 0.75023006073889154 22.500000000000004 84.000000000000014 66.812500000000014 33.312500000000007 -1.0624999999999996 0.55438071450436044 4.5000000000000009 11.500000000000002 0.81250000000000011 21816.500000000004 23418.500000000004 -1.0000000180025095e-35 25864.500000000004 23.881250000000005 0.6312500000000002 17796.853298326216
decision_type=2 2 2 2 2 2 2 2 2 2 2 2 2 2 2 2 2 2
left_child=7 2 3 4 5 -2 -6 17 9 -3 11 12 -11 -5 16 -8 -15 -1
right_child=1 8 -4 13 6 -7 15 -9 -10 10 -12 -13 -14 14 -16 -17 -18 -19
leaf_value=-46.621927967804126 0.23396510176193366 -3.9357332267602678 -4.7096035041459032 -0.34221808244549312 -1.9871895697621946 -5.4050046030556542 1.1534638467452163 -21.682931091064283 -6.1670467983028141 4.5850082974218269 -2.5502176098766851 0.98565696809519798 21.672415106931631 4.3560149230904512 0.78695013688625015 12.509482061262156 12.429697946556946 -6.8145129760680829
leaf_weight=4248 20671 20539 14986 48877 17473 30564 55781 18484 14835 1588 18104 11138 393 29002 45910 408 1238 5561
leaf_count=4248 20671 20539 14986 48877 17473 30564 55781 18484 14835 1588 18104 11138 393 29002 45910 408 1238 5561
internal_value=-0.000239612 -0.000104933 -1.4478e-05 3.85563e-05 -0.0001259 -0.000419774 7.85025e-05 -0.00181764 -0.000464743 -0.000299569 -2.0816e-05 0.000513084 0.00236378 0.000202841 0.000376674 0.00025181 0.0007564 -0.00115401
internal_weight=359800 331507 264910 249924 124897 51235 73662 28293 66597 51762 31223 13119 1981 125027 76150 56189 30240 9809
internal_count=359800 331507 264910 249924 124897 51235 73662 28293 66597 51762 31223 13119 1981 125027 76150 56189 30240 9809
is_linear=0
shrinkage=0.0229654


Tree=293
num_leaves=19
num_cat=0
split_feature=36 27 0 25 33 27 26 3 13 33 26 8 14 10 8 14 15 14
split_gain=48.8908 28.8215 16.7287 15.1023 15.2692 18.3656 16.9617 13.9802 20.5638 13.5616 11.6317 14.0346 13.429 14.3899 11.0932 10.3487 9.66023 9.56198
threshold=19658.000000000004 -1.0533854166666663 47.500000000000007 9.8070312500000014 0.30208333333333343 0.53476562499999958 8.4811197916666696 5.5000000000000009 2.3312500000000007 0.10763888888888891 20.607161458333337 -0.32075123873380501 83.437500000000014 0.25000000000000017 -0.94490267940017736 75.937500000000014 11.218750000000004 49.312500000000007
decision_type=2 2 2 2 2 2 2 2 2 2 2 2 2 2 2 2 2 2
left_child=1 9 3 -2 5 10 -6 14 -9 -1 11 12 -5 -14 15 -3 -17 -7
right_child=2 7 -4 4 6 17 -8 8 -10 -11 -12 -13 13 -15 -16 16 -18 -19
leaf_value=-9.8390704386913583 0.30530417941651755 5.8348716158921956 -7.6237575123494272 -3.9441844017623957 22.585126110105737 -4.3400741818499666 -20.72074285356733 14.133684624053407 -13.506988513461726 2.8704998235914942 6.4699527255916376 -3.7848858525242504 5.0323100681772104 -4.6818528211184258 -0.96764545960949466 31.038803453360547 10.087943558874313 0.52318956136666539
leaf_weight=23586 148099 2003 7224 21412 91 9381 3535 73 6376 1274 2014 40424 6659 3131 12377 77 130 71934
leaf_count=23586 148099 2003 7224 21412 91 9381 3535 73 6376 1274 2014 40424 6659 3131 12377 77 130 71934
internal_value=-0.000238399 -0.000938512 -0.000136035 -0.000110305 -0.000266046 -0.000231574 -0.00173919 -0.000312887 -0.00120329 -0.0014679 -0.000494299 -0.000542698 -0.000176793 0.000527805 8.07649e-05 0.00157952 0.00646803 6.35402e-06
internal_weight=359800 45896 313904 306680 158581 154955 3626 21036 6449 24860 73640 71626 31202 9790 14587 2210 207 81315
internal_count=359800 45896 313904 306680 158581 154955 3626 21036 6449 24860 73640 71626 31202 9790 14587 2210 207 81315
is_linear=0
shrinkage=0.0229654


Tree=294
num_leaves=19
num_cat=0
split_feature=35 3 30 21 23 0 21 30 23 35 26 0 26 28 27 28 4 25
split_gain=52.3243 18.6647 16.0092 15.5309 17.2851 16.3719 15.4065 24.7259 16.6153 15.2768 14.1497 13.6131 13.3017 18.8957 14.0827 15.5983 12.8712 14.193
threshold=19637.500000000004 4.5000000000000009 202.65625000000003 9.6251302083333368 7.8250000000000028 19.500000000000004 19.611848958333336 35.031250000000007 -3.0999999999999965 24939.500000000004 18.246484375000005 45.500000000000007 6.0217447916666682 1.9338974252491676 1.9391927083333338 -2.513443732193732 8.5000000000000018 8.8882812500000021
decision_type=2 2 2 2 2 2 2 2 2 2 2 2 2 2 2 2 2 2
left_child=2 6 -1 4 12 -5 7 -2 10 11 -9 -7 -3 14 -14 -16 -11 -18
right_child=1 3 -4 5 -6 9 -8 8 -10 16 -12 -13 13 -15 15 -17 17 -19
leaf_value=-11.10014672140537 -6.2442278644538138 -3.0005900803110235 -3.584592407122889 -7.4396617009734438 20.78944351396175 2.1197859362337739 3.7168732383684704 -3.1711452460643574 0.381477812280546 -10.008654711189683 3.850305196034352 -5.9732229370147181 1.2625867707369296 -9.7610213845539953 19.433062934376618 8.2978751581439898 9.16590881160257 -2.2093184326282445
leaf_weight=23412 12054 17256 22188 15202 90 13642 10313 19670 182535 7477 1436 3212 18996 4319 114 2418 334 5132
leaf_count=23412 12054 17256 22188 15202 90 13642 10313 19670 182535 7477 1436 3212 18996 4319 114 2418 334 5132
internal_value=-0.000235463 -0.000129958 -0.000962432 -0.000413311 -0.000102245 -0.000711893 -1.93884e-05 -6.08491e-05 -1.02679e-06 -0.000399007 -0.000611077 5.6684e-05 -0.000123238 0.000206401 0.000484526 0.00209337 -0.000992394 -0.000145373
internal_weight=359800 314200 45600 88192 43193 44999 226008 215695 203641 29797 21106 16854 43103 25847 21528 2532 12943 5466
internal_count=359800 314200 45600 88192 43193 44999 226008 215695 203641 29797 21106 16854 43103 25847 21528 2532 12943 5466
is_linear=0
shrinkage=0.0229654


Tree=295
num_leaves=19
num_cat=0
split_feature=35 11 15 26 28 24 9 30 30 24 15 1 23 23 13 8 25 26
split_gain=50.3631 18.5929 21.2684 21.997 20.8128 18.6164 22.1457 20.3565 36.6569 19.087 17.557 16.8128 16.7394 31.9753 16.668 15.6502 17.1003 13.9518
threshold=19637.500000000004 84.000000000000014 14.231250000000003 13.462890625000002 8.3609523809523818 -1.6124999999999998 0.93301270189221952 1182.2125000000003 968.87500000000011 -3.7499999999999982 12.456250000000002 5.5000000000000009 -0.02499999999999902 1.0000000180025095e-35 16.593750000000004 1.0000000180025095e-35 11.599739583333337 17.642317708333337
decision_type=2 2 2 2 2 2 2 2 2 2 2 2 2 2 2 2 2 2
left_child=15 2 3 5 12 6 -2 8 9 -8 -3 -10 -4 -14 -5 17 -17 -1
right_child=1 10 4 14 -6 -7 7 -9 11 -11 -12 -13 13 -15 -16 16 -18 -19
leaf_value=-0.10791009654519242 2.2040055308554716 -0.93444044036938045 -6.8639536900315639 -5.2958089476522225 9.4142812405528069 -0.32571828140198289 24.655521220785761 -6.9238303667416563 16.36056540544136 2.294320142308945 1.8432329381348727 15.882797400649279 6.0157257025036097 -4.7596787196698882 -0.0083034942098308678 -0.77197555025236642 -10.807941131276115 -13.393964933832306
leaf_weight=13076 13330 78250 22936 17711 255 50602 163 350 173 837 78850 255 5211 31207 14070 5292 21204 6028
leaf_count=13076 13330 78250 22936 17711 255 50602 163 350 173 837 78850 255 5211 31207 14070 5292 21204 6028
internal_value=-0.000233101 -0.000129592 -0.000306255 -9.73122e-05 -0.000647982 0.000142594 0.00085003 0.00325752 0.00447407 0.00206689 4.70705e-05 0.0100983 -0.000676109 -0.00037004 -0.000593339 -0.000946316 -0.00130758 -0.000445268
internal_weight=359800 314200 157100 97491 59609 65710 15108 1778 1428 1000 157100 428 59354 36418 31781 45600 26496 19104
internal_count=359800 314200 157100 97491 59609 65710 15108 1778 1428 1000 157100 428 59354 36418 31781 45600 26496 19104
is_linear=0
shrinkage=0.0229654


Tree=296
num_leaves=19
num_cat=0
split_feature=7 10 0 3 0 35 21 0 11 16 15 20 18 9 28 28 28 27
split_gain=61.673 38.6232 19.8924 18.3934 23.5094 35.2722 16.5139 18.976 14.9573 19.6143 20.2096 14.42 13.6637 13.1012 12.1072 14.3056 12.0832 11.1689
threshold=0.75023006073889154 -0.5 47.500000000000007 4.5000000000000009 11.500000000000002 18505.500000000004 11.849348958333335 12.500000000000002 84.000000000000014 486.56250000000006 16.206250000000008 0.52500000000000047 0.11312500000000002 0.68301270189221941 -3.1874177631578942 3.3566130050505061 7.6875113378684805 0.50448288690476117
decision_type=2 2 2 2 2 2 2 2 2 2 2 2 2 2 2 2 2 2
left_child=2 16 8 4 -3 6 7 -6 9 10 12 17 13 14 -1 -16 -2 -7
right_child=1 3 -4 -5 5 11 -8 -9 -10 -11 -12 -13 -14 -15 15 -17 -18 -19
leaf_value=2.6908662663148553 -10.359949826687101 -4.4209018644720546 -7.4059413253740525 -6.4330633507724748 16.250434652338818 2.2384842742021593 5.0899962282852744 22.865341606893303 0.79248967199085729 -12.231070775540932 -3.9515656692254351 20.824264913283017 3.3208964748253118 1.7990506432162907 -2.6777355789294646 1.7529784715840933 9.5337033591105449 -6.1785413485847265
leaf_weight=7754 28999 17360 7504 15048 124 16294 320 100 134920 11953 35566 63 14877 19562 38782 6426 217 3931
leaf_count=7754 28999 17360 7504 15048 124 16294 320 100 134920 11953 35566 63 14877 19562 38782 6426 217 3931
internal_value=-0.000229144 -0.000780573 -6.5201e-05 -0.000412377 -0.000144436 0.000375701 0.00614662 0.0109291 -3.27669e-05 -0.000203748 -0.000117417 0.00022096 7.03926e-05 -5.96592e-05 -0.000247251 -0.000391055 -0.00145153 0.000186789
internal_weight=359800 82456 277344 53240 38192 20832 544 224 269840 134920 122967 20288 87401 72524 52962 45208 29216 20225
internal_count=359800 82456 277344 53240 38192 20832 544 224 269840 134920 122967 20288 87401 72524 52962 45208 29216 20225
is_linear=0
shrinkage=0.0229654


Tree=297
num_leaves=19
num_cat=0
split_feature=37 7 0 37 19 10 25 26 5 34 27 35 30 11 27 15 28 7
split_gain=145.333 20.8978 24.3886 15.5696 15.4065 24.125 13.9417 16.4289 13.3737 16.2625 14.1598 11.6564 12.397 11.0097 11.0034 10.7236 14.1844 9.77987
threshold=18797.470132382845 0.44134171618254497 43.500000000000007 19839.233453344215 11.106250000000003 -0.24999999999999994 6.7986979166666668 18.747265625000004 1.0000000180025095e-35 0.90625000000000011 1.1278459821428577 31263.500000000004 842.77500000000009 132.00000000000003 -0.35011160714285733 14.231250000000003 9.4997336800573908 0.55438071450436044
decision_type=2 2 2 2 2 2 2 2 2 2 2 2 2 2 2 2 2 2
left_child=17 2 13 4 -3 -6 -4 -8 9 10 -5 12 -10 15 -15 -2 -17 -1
right_child=1 3 6 8 5 -7 7 -9 11 -11 -12 -13 -14 14 -16 16 -18 -19
leaf_value=-17.854624526504107 1.0132624657906495 -6.3684565048338762 0.68991804237008214 0.050941123885286974 11.634878396779381 -19.655565494375928 -4.5956193264177383 2.6653560529061702 -7.119008785624521 24.454134183927064 -5.6013993197398886 -20.623264857622264 -0.59077002707352655 -0.83875812707034669 4.4569237567928015 -1.3906872167223783 8.2773111150739194 -23.757644336779308
leaf_weight=8864 78413 13983 10852 64060 106 122 23765 2844 6851 63 10563 2528 11918 12729 34098 61248 225 16568
leaf_count=8864 78413 13983 10852 64060 106 122 23765 2844 6851 63 10563 2528 11918 12729 34098 61248 225 16568
internal_value=-0.000225633 -9.83409e-05 2.89503e-05 -0.000357297 -0.00106674 0.00485497 -0.000505827 -0.00078876 -0.000252258 -0.0001075 -0.000117347 -0.000759907 -0.000562726 0.000136245 0.000441044 3.4213e-05 -0.000192883 -0.00189922
internal_weight=359800 334368 224174 110194 14211 228 37461 26609 95983 74686 74623 21297 18769 186713 46827 139886 61473 25432
internal_count=359800 334368 224174 110194 14211 228 37461 26609 95983 74686 74623 21297 18769 186713 46827 139886 61473 25432
is_linear=0
shrinkage=0.0229654


Tree=298
num_leaves=19
num_cat=0
split_feature=35 36 3 31 30 34 23 21 23 4 27 1 1 35 13 27 30 26
split_gain=48.6516 20.8229 17.8822 15.24 21.8682 20.1174 15.9574 14.3599 16.4152 15.1615 15.8492 14.0299 13.7715 14.0528 13.7416 12.9091 12.6829 12.6083
threshold=19637.500000000004 19257.500000000004 4.5000000000000009 203.56875000000005 35.031250000000007 0.28819444444444448 -3.0999999999999965 9.6251302083333368 7.8250000000000028 5.5000000000000009 6.7970982142857137 7.5000000000000009 9.5000000000000018 23755.500000000004 6.1312500000000023 3.656733630952381 280.56875000000008 6.0217447916666682
decision_type=2 2 2 2 2 2 2 2 2 2 2 2 2 2 2 2 2 2
left_child=1 11 3 4 -2 -5 -6 8 17 10 -9 -1 -11 15 -15 -14 -12 -4
right_child=2 -3 7 5 6 -7 -8 9 -10 12 16 -13 13 14 -16 -17 -18 -19
leaf_value=-13.531479953936133 -5.7589534362299162 -3.2754445634594003 -2.8955844360411063 15.226560834351391 -2.3626115782873498 2.5412770831172957 0.38565495887121121 -8.587844639822773 20.559862537125031 -6.0871888802084335 -35.458569648187876 -3.6400824042056197 1.126119747037766 11.689182561897798 -3.4016019152792372 13.762628379482553 18.512683354182204 0.95342406615145869
leaf_weight=16336 12317 24168 17256 455 21067 9611 182558 13858 90 10514 193 5096 7211 285 10902 1666 370 25847
leaf_count=16336 12317 24168 17256 455 21067 9611 182558 13858 90 10514 193 5096 7211 285 10902 1666 370 25847
internal_value=-0.000224676 -0.000925668 -0.000122941 -1.47141e-05 -5.54301e-05 0.00085875 1.40924e-06 -0.000400291 -0.000101182 -0.000687396 -0.00130123 -0.0014468 -0.000397903 -4.50981e-05 -0.000586504 0.000637194 0.00247602 -0.000121639
internal_weight=359800 45600 314200 226008 215942 10066 203625 88192 43193 44999 14421 21432 30578 20064 11187 8877 563 43103
internal_count=359800 45600 314200 226008 215942 10066 203625 88192 43193 44999 14421 21432 30578 20064 11187 8877 563 43103
is_linear=0
shrinkage=0.0229654


Tree=299
num_leaves=19
num_cat=0
split_feature=35 36 11 25 13 4 28 0 28 5 5 16 22 12 4 13 21 36
split_gain=47.3722 20.5056 17.5165 14.2458 17.9633 17.0989 15.4934 13.7231 13.8794 16.9771 12.4293 12.3452 14.0499 12.2695 14.6285 13.7273 11.8296 16.3548
threshold=19637.500000000004 19257.500000000004 108.00000000000001 9.6252604166666682 16.593750000000004 9.5000000000000018 1.698623737373737 16.500000000000004 -1.5514545795795789 1.0000000180025095e-35 1.0000000180025095e-35 253.31250000000003 3.7446180555555557 8.5437500000000028 1.5000000000000002 5.4937500000000012 13.509114583333334 24825.500000000004
decision_type=2 2 2 2 2 2 2 2 2 2 2 2 2 2 2 2 2 2
left_child=1 7 3 6 10 16 13 -1 -9 -10 -5 -4 -13 -2 -15 -16 17 -6
right_child=2 -3 11 4 5 -7 -8 8 9 -11 -12 12 -14 14 15 -17 -18 -19
leaf_value=-13.220723983365117 -0.45240039310250263 -3.2002226396318143 -0.12744654640052289 -2.2396212456190008 -38.99747813016112 21.194772192345379 -5.8423948404305763 24.605485741450249 6.8453041080685306 -17.165949823521498 -6.2783601390863533 24.818523971283362 3.7750021009915171 7.5011820214901714 -7.3712204350996791 2.7274260325052366 0.1649693955495492 27.378341599337002
leaf_weight=16336 59604 24168 91935 59246 72 79 10642 814 967 3315 22722 280 25610 5929 4306 9990 23684 101
leaf_count=16336 59604 24168 91935 59246 72 79 10642 814 967 3315 22722 280 25610 5929 4306 9990 23684 101
internal_value=-0.000221868 -0.000913581 -0.000121479 -0.000254301 -0.000435091 0.000118396 -4.26715e-05 -0.00143073 -0.000390268 -0.000912825 -0.000596718 9.98914e-05 0.000542867 6.70583e-05 0.000555825 0.000158071 8.30742e-05 0.00606658
internal_weight=359800 45600 314200 196375 105904 23936 90471 21432 5096 4282 81968 117825 25890 79829 20225 14296 23857 173
internal_count=359800 45600 314200 196375 105904 23936 90471 21432 5096 4282 81968 117825 25890 79829 20225 14296 23857 173
is_linear=0
shrinkage=0.0229654


Tree=300
num_leaves=19
num_cat=0
split_feature=7 29 8 24 17 23 36 14 35 36 7 25 35 8 36 36 23 25
split_gain=57.7164 30.7332 18.3787 15.9677 15.7833 17.9463 13.604 10.625 20.422 15.0766 10.708 9.57981 12.8712 21.5232 13.4058 12.6638 18.9195 12.8391
threshold=0.75023006073889154 172.30625000000006 0.99572243068690536 0.19999999999999954 58.312500000000007 -1.4999999999999991 19658.000000000004 62.812500000000007 26028.500000000004 28145.500000000004 0.32075123873380545 10.357552083333335 30749.500000000004 0.65793410509763406 33223.500000000007 31661.500000000004 2.0750000000000024 8.48463541666667
decision_type=2 2 2 2 2 2 2 2 2 2 2 2 2 2 2 2 2 2
left_child=2 6 4 -3 -1 -6 -2 -7 9 10 -9 12 13 14 15 -10 -17 -18
right_child=1 3 -4 -5 5 7 -8 8 11 -11 -12 -13 -14 -15 -16 16 17 -19
leaf_value=-1.4031716891537347 -12.318535301641328 -0.067861915540545659 -7.1142454999214069 -5.2789021041221948 -1.4566932008071227 -1.4142079843417386 -5.1015277089284519 7.5215852492959678 8.7404772049629376 -4.4915302939271413 1.9461540257258223 -1.7033971974811992 0.28362580763894546 -1.0839857925505962 1.1256380998046123 12.750437761599764 43.755865655598178 3.741250978981256
leaf_weight=98057 17681 27470 7472 19434 35316 25471 17871 19349 5062 3829 12854 21157 39018 6323 2486 632 244 74
leaf_count=98057 17681 27470 7472 19434 35316 25471 17871 19349 5062 3829 12854 21157 39018 6323 2486 632 244 74
internal_value=-0.000218995 -0.000752442 -6.03984e-05 -0.000366437 -2.92911e-05 0.000103388 -0.0012617 0.000222774 0.000319821 0.000769167 0.000931153 0.000103931 0.00026664 0.000842782 0.00159769 0.00218423 0.00461726 0.00918616
internal_weight=359800 82456 277344 46904 269872 171815 35552 136499 111028 36032 32203 74996 53839 14821 8498 6012 950 318
internal_count=359800 82456 277344 46904 269872 171815 35552 136499 111028 36032 32203 74996 53839 14821 8498 6012 950 318
is_linear=0
shrinkage=0.0229654


Tree=301
num_leaves=19
num_cat=0
split_feature=37 7 0 3 34 35 37 17 27 26 37 29 27 18 37 17 35 30
split_gain=143.859 18.4958 22.8943 14.2128 16.4796 12.8315 19.1157 15.6656 18.865 12.8003 12.5291 18.6689 14.043 12.492 11.4104 11.3435 10.643 13.9992
threshold=18797.470132382845 0.44134171618254497 45.500000000000007 4.5000000000000009 0.90625000000000011 26028.500000000004 26938.03789291166 42.062500000000007 1.0298921130952394 8.2904947916666689 19643.101295160526 369.01250000000005 1.0298921130952394 0.70375000000000021 26202.290285372062 75.312500000000014 31263.500000000004 915.44375000000014
decision_type=2 2 2 2 2 2 2 2 2 2 2 2 2 2 2 2 2 2
left_child=-1 2 5 4 10 7 -7 -2 13 14 11 -3 -12 -9 -10 -16 17 -5
right_child=1 3 -4 16 -6 6 -8 8 9 -11 12 -13 -14 -15 15 -17 -18 -19
leaf_value=-21.399662925233621 -1.1508844009040056 -6.8204090002085511 -2.9176660602136297 -6.1472375552923326 23.862609346955161 -4.6348346022735383 0.42801874867378376 0.090354993015178034 8.8898680943819546 4.8762329687342234 0.1067128768837602 10.166610903510065 -5.1910101350840554 9.2310672847516759 21.693454298960894 27.383763203598335 -20.115282078777462 -0.44256380072908957
leaf_weight=25432 20169 7495 22469 11928 63 19318 101586 29214 1078 28563 64956 127 11370 1259 172 346 2528 11727
leaf_count=25432 20169 7495 22469 11928 63 19318 101586 29214 1078 28563 64956 127 11370 1259 172 346 2528 11727
internal_value=-0.000214272 -8.76264e-05 3.21261e-05 -0.000331246 -0.000185641 0.000109586 -4.01554e-05 0.000333647 0.000518077 0.000925271 -0.000194452 -0.00108229 -0.000105792 0.000115079 0.00292679 0.00572805 -0.000798435 -0.000647071
internal_weight=359800 334368 224174 110194 84011 201705 120904 80801 60632 30159 83948 7622 76326 30473 1596 518 26183 23655
internal_count=359800 334368 224174 110194 84011 201705 120904 80801 60632 30159 83948 7622 76326 30473 1596 518 26183 23655
is_linear=0
shrinkage=0.0229654


Tree=302
num_leaves=19
num_cat=0
split_feature=37 11 24 29 12 8 36 0 25 32 3 27 22 35 36 35 27 24
split_gain=142.279 17.8679 18.2739 22.8133 25.0164 15.4261 18.2015 14.4559 13.8457 33.1196 22.2617 12.5636 17.5204 13.7982 15.893 11.4481 11.1572 13.5998
threshold=18797.470132382845 108.00000000000001 1.0000000180025095e-35 126.45625000000003 16.981250000000006 -0.65793410509763406 22204.500000000004 17.500000000000004 15.634635416666669 79.55000000000004 4.5000000000000009 -0.11754092261904868 1.5197048611111112 30623.000000000004 23203.500000000004 37664.500000000007 -4.6464843749999991 -1.0000000180025095e-35
decision_type=2 2 2 2 2 2 2 2 2 2 2 2 2 2 2 2 2 2
left_child=-1 2 3 5 16 6 8 -4 9 -2 -11 -3 13 14 -13 -9 -5 -18
right_child=1 11 7 4 -6 -7 -8 15 -10 10 -12 12 -14 -15 -16 -17 17 -19
leaf_value=-20.908210915190317 -2.1107870128349351 -0.64062464415360021 -4.2559332260744442 3.3986441651913006 17.182284522484977 -3.9223029701780261 -3.7305795639632913 -0.85737145568703221 4.7171616498547726 18.090323974713627 30.74386059216198 5.3337944133323729 1.925491030530087 8.8399630849036548 22.90746137845133 -6.4534243013157004 0.01074134811917255 5.0731999035291162
leaf_weight=25432 412 57101 33290 6223 103 24315 5470 62539 2798 191 239 71 67551 588 117 5942 60307 7111
leaf_count=25432 412 57101 33290 6223 103 24315 5470 62539 2798 191 239 71 67551 588 117 5942 60307 7111
internal_value=-0.000213506 -8.75577e-05 -0.00021763 -8.33649e-06 0.000217247 -0.00050603 0.000299987 -0.000438025 0.00155837 0.00414032 0.00859868 0.000129119 0.000339236 0.00377035 0.00918616 -0.00024719 0.000201427 0.000115545
internal_weight=359800 334368 208940 107169 73744 33425 9110 101771 3640 842 430 125428 68327 776 188 68481 73641 67418
internal_count=359800 334368 208940 107169 73744 33425 9110 101771 3640 842 430 125428 68327 776 188 68481 73641 67418
is_linear=0
shrinkage=0.0229654


Tree=303
num_leaves=19
num_cat=0
split_feature=35 36 3 31 30 21 23 8 1 35 31 30 10 1 14 17 26 32
split_gain=45.0319 18.9047 18.902 15.9642 20.7751 14.6968 15.5644 14.6379 13.628 14.8717 15.652 15.6184 14.6939 13.5793 14.8426 13.3238 12.4529 30.793
threshold=19508.500000000004 19257.500000000004 4.5000000000000009 203.56875000000005 35.031250000000007 9.6251302083333368 7.8250000000000028 -0.75023006073889131 9.5000000000000018 24939.500000000004 132.60625000000002 7.8312499999999963 -0.68301270189221952 7.5000000000000009 63.062500000000007 86.937500000000014 12.735156250000001 81.756249999999994
decision_type=2 2 2 2 2 2 2 2 2 2 2 2 2 2 2 2 2 2
left_child=1 13 3 4 -2 6 -4 -6 -7 10 -10 -12 15 -1 -15 -13 17 -16
right_child=2 -3 5 -5 7 8 -8 -9 9 -11 11 12 -14 14 16 -17 -18 -19
leaf_value=-12.762570904495282 -5.6097484873712311 -3.2133076393207953 -0.57919542968290938 3.652825451397121 2.5021174438974167 -6.5082198000507221 20.055992097857402 -0.50146217747871091 -1.5947781113790627 -5.7439787346765616 -0.77839620531281417 14.591767277018217 -1.1181036014057335 -14.683287750078895 -19.849798801692454 19.205346541392469 4.5014587793807097 31.274342009948079
leaf_weight=15504 12498 22360 43208 10244 48082 16891 90 157088 13099 12556 1595 1041 508 3300 118 156 1374 88
leaf_count=15504 12498 22360 43208 10244 48082 16891 90 157088 13099 12556 1595 1041 508 3300 118 156 1374 88
internal_value=-0.000213315 -0.000913051 -0.000118979 -8.08185e-06 -4.97786e-05 -0.000402508 -9.90799e-05 5.59613e-06 -0.000689073 -0.000386657 6.87598e-05 0.00148231 0.00301042 -0.00141889 -0.000362365 0.0043993 0.00146804 0.00673355
internal_weight=359800 42744 317056 227912 217668 89144 43298 205170 45846 28955 16399 3300 1705 20384 4880 1197 1580 206
internal_count=359800 42744 317056 227912 217668 89144 43298 205170 45846 28955 16399 3300 1705 20384 4880 1197 1580 206
is_linear=0
shrinkage=0.0229654


Tree=304
num_leaves=19
num_cat=0
split_feature=37 7 1 36 37 27 3 37 13 9 34 31 9 7 3 17 3 37
split_gain=141.187 17.6438 19.8887 12.0811 19.9157 15.2744 15.0639 20.5728 14.3063 15.1829 33.8813 15.8842 13.9667 12.5451 11.6649 11.2787 10.888 15.4711
threshold=18797.470132382845 0.75023006073889154 22.500000000000004 25687.500000000004 25765.757237587812 0.59687499999999993 1.0000000180025095e-35 31884.863887757954 15.843750000000004 -0.5 0.34375000000000006 79.18125000000002 -0.6830127018922193 -0.65793410509763395 4.5000000000000009 55.312500000000007 5.5000000000000009 26137.152025358548
decision_type=2 2 2 2 2 2 2 2 2 2 2 2 2 2 2 2 2 2
left_child=-1 2 3 5 -5 6 7 8 -2 10 -10 13 -8 -11 -3 -7 -14 -18
right_child=1 14 -4 4 -6 15 12 -9 9 11 -12 -13 16 -15 -16 -17 17 -19
leaf_value=-20.236415112007727 -9.2625124761199906 -1.3524086682277499 -4.2471403321392787 -6.0766977563203231 0.048424012184667034 0.34573034142417031 -2.434238248851019 57.847958327872192 4.3917487340997416 40.560422250904381 46.723470916446992 -11.326675474673262 2.371017460829866 2.4785201552797442 -5.4268359429591904 4.7922220178731765 -3.7655832293300797 10.712431781655091
leaf_weight=25432 7379 52799 14989 16348 128050 18564 13770 64 182 61 87 577 29711 73 15279 29909 6014 512
leaf_count=25432 7379 52799 14989 16348 128050 18564 13770 64 182 61 87 577 29711 73 15279 29909 6014 512
internal_value=-0.000209038 -8.35741e-05 7.75631e-07 4.92474e-05 -8.77602e-05 0.000234309 -1.57222e-05 -0.0009142 -0.00101351 0.00159352 0.00624079 -0.000164731 0.000135614 0.00695818 -0.000413511 0.000535699 0.000372204 -0.000477186
internal_weight=359800 334368 266290 251301 144398 106903 58430 8423 8359 980 269 711 50007 134 68078 48473 36237 6526
internal_count=359800 334368 266290 251301 144398 106903 58430 8423 8359 980 269 711 50007 134 68078 48473 36237 6526
is_linear=0
shrinkage=0.0229654


Tree=305
num_leaves=19
num_cat=0
split_feature=37 11 24 29 12 15 34 7 15 24 9 16 24 15 11 31 3 21
split_gain=138.875 17.3617 18.2075 21.3294 24.0452 15.6036 14.8537 15.4125 14.0641 29.4574 19.2544 16.1024 15.0982 16.9671 14.2799 13.1972 29.1626 19.2351
threshold=18797.470132382845 108.00000000000001 1.0000000180025095e-35 126.45625000000003 16.981250000000006 12.518750000000002 0.91319444444444453 0.32075123873380545 8.3062500000000021 -2.2749999999999977 0.93301270189221952 32.062500000000007 -1.0000000180025095e-35 19.593750000000004 36.000000000000007 265.15000000000009 1.5000000000000002 22.154166666666672
decision_type=2 2 2 2 2 2 2 2 2 2 2 2 2 2 2 2 2 2
left_child=-1 2 3 15 8 -3 7 -4 9 10 11 -5 13 -10 -12 -2 17 -17
right_child=1 5 6 4 -6 -7 -8 -9 12 -11 14 -13 -14 -15 -16 16 -18 -19
leaf_value=-19.77167756368209 -3.3499412155578123 -0.57367317472301782 -1.14771113779834 7.2585680125144121 16.881853348540272 2.4868700267631212 21.71696759240929 -4.4181992636787299 0.29763602887596458 0.77203170369394658 22.922057478840465 -2.9864201730301478 5.0410840181977896 -8.5813341769676743 7.4538332812264763 5.1790964278337528 -0.84557736324680899 20.340819146046876
leaf_weight=25432 31202 65197 64183 2814 103 60231 87 37501 43073 12252 210 970 7039 6888 395 283 1701 239
leaf_count=25432 31202 65197 64183 2814 103 60231 87 37501 43073 12252 210 970 7039 6888 395 283 1701 239
internal_value=-0.000207251 -8.28186e-05 -0.000211035 -2.12203e-06 0.000216001 0.000130767 -0.000431029 -0.000439145 0.000200492 0.00078787 0.00240224 0.00179402 2.90084e-05 -0.000111286 0.00620635 -0.000483356 0.00122627 0.00597453
internal_weight=359800 334368 208940 107169 73744 125428 101771 101684 73641 16641 4389 3784 57000 49961 605 33425 2223 522
internal_count=359800 334368 208940 107169 73744 125428 101771 101684 73641 16641 4389 3784 57000 49961 605 33425 2223 522
is_linear=0
shrinkage=0.0229654


Tree=306
num_leaves=19
num_cat=0
split_feature=37 0 37 36 3 22 25 30 30 4 21 37 36 37 37 26 28 22
split_gain=137.203 16.7171 13.0828 16.4052 11.8214 13.694 19.2954 17.6683 16.6128 25.1578 15.1832 14.8641 12.835 28.9102 23.2818 11.9071 11.4794 14.6742
threshold=18797.470132382845 47.500000000000007 19839.233453344215 19397.500000000004 2.5000000000000004 18.531380208333335 22.846354166666668 489.68125000000003 1102.9375000000002 11.500000000000002 14.329817708333335 29664.30767982973 24511.500000000004 23115.241805573642 25023.449702637965 3.2561197916666673 2.150606261022928 16.276171875000006
decision_type=2 2 2 2 2 2 2 2 2 2 2 2 2 2 2 2 2 2
left_child=-1 2 -2 -4 5 7 -7 -5 10 -10 15 -12 13 -6 -14 -9 17 -16
right_child=1 -3 3 4 12 6 -8 8 9 -11 11 -13 14 -15 16 -17 -18 -19
leaf_value=-19.317612903198896 -3.8167009750161944 -6.8312177991854348 3.297257277984587 -1.9710258195087422 -1.4987405836048127 6.5635864080830855 -8.0556371280932613 10.751855693736459 0.9138222542581641 -9.2529222862481628 3.0937691407067365 16.480770606587217 -7.247657456581341 3.1912428053992019 0.051392683804121105 2.4678365652044252 -4.3473619809826349 -10.385027559000623
leaf_weight=25432 21256 7501 9985 38065 37153 8430 1575 441 34334 7144 70 69 17021 23544 65411 43849 15892 2628
leaf_count=25432 21256 7501 9985 38065 37153 8430 1575 441 34334 7144 70 69 17021 23544 65411 43849 15892 2628
internal_value=-0.000206293 -8.26125e-05 -5.80136e-05 -1.96963e-05 -5.06194e-05 0.000108898 0.000926191 4.29396e-05 0.000225438 -0.000105088 0.00053401 0.00811224 -0.00018283 8.10823e-05 -0.000341506 0.000510227 -0.000184449 -5.46471e-05
internal_weight=359800 334368 326867 305611 295626 133977 10005 123972 85907 41478 44429 139 161649 60697 100952 44290 83931 68039
internal_count=359800 334368 326867 305611 295626 133977 10005 123972 85907 41478 44429 139 161649 60697 100952 44290 83931 68039
is_linear=0
shrinkage=0.0229654


Tree=307
num_leaves=19
num_cat=0
split_feature=37 11 15 26 23 23 13 15 26 7 35 27 30 37 26 26 27 7
split_gain=135.052 16.9017 22.8775 23.1119 16.6093 24.2974 15.638 14.9336 13.3601 11.3426 10.8973 10.434 13.3371 12.7716 11.3038 16.4317 9.85747 10.6161
threshold=18797.470132382845 84.000000000000014 14.231250000000003 13.462890625000002 -0.02499999999999902 1.0000000180025095e-35 16.706250000000008 12.518750000000002 17.953255208333335 0.55438071450436044 29696.500000000004 1.3588541666666678 1885.1062500000003 34421.048494538794 18.144401041666672 13.138020833333336 -4.5551339285714274 -0.89495246814786256
decision_type=2 2 2 2 2 2 2 2 2 2 2 2 2 2 2 2 2 2
left_child=9 2 3 16 8 -6 -5 11 -4 -1 -8 14 -13 -14 15 -3 -2 -18
right_child=1 7 4 6 5 -7 10 -9 -10 -11 -12 12 13 -15 -16 -17 17 -19
leaf_value=-14.633724705790097 3.6458985977233183 -0.75492095731042386 -7.0295487696140206 -4.2805871992711166 5.5555380861414019 -3.6568031493190509 0.012347415001934389 1.9217177812763431 3.5975444122353282 -20.140897606069586 9.0175037175265622 1.310997366852912 16.412516810786645 2.8599262717383764 2.4559568578787396 -5.5171132536180734 3.5213967801089598 0.043046283142411809
leaf_weight=8864 5308 45696 22389 21771 5290 32673 14832 81590 1326 16568 160 20339 279 401 5660 13228 8846 54580
leaf_count=8864 5308 45696 22389 21771 5290 32673 14832 81590 1326 16568 160 20339 279 401 5660 13228 8846 54580
internal_value=-0.00020374 -8.10328e-05 -0.000244319 -3.89014e-05 -0.000595676 -0.000297813 -0.000503687 8.22361e-05 -0.00107249 -0.00181704 6.70942e-05 -0.000129659 0.000314778 0.00347858 -0.000274302 -0.000368467 0.000209693 0.000130132
internal_weight=359800 334368 167175 105497 61678 37963 36763 167193 23715 25432 14992 85603 21019 680 64584 58924 68734 63426
internal_count=359800 334368 167175 105497 61678 37963 36763 167193 23715 25432 14992 85603 21019 680 64584 58924 68734 63426
is_linear=0
shrinkage=0.0229654


Tree=308
num_leaves=19
num_cat=0
split_feature=36 29 27 4 28 8 24 19 17 24 15 33 9 4 0 14 22 17
split_gain=36.7738 17.2089 23.0583 22.4213 15.9335 14.0604 12.4132 13.9428 16.2965 15.0667 17.5334 22.3229 20.6576 15.5116 15.8446 12.3527 12.6986 12.308
threshold=18336.000000000004 249.04375000000005 -1.6571986607142855 2.5000000000000004 9.4997336800573908 -0.32075123873380501 1.6000000000000025 6.9500000000000011 42.062500000000007 -2.575000000000002 8.5187500000000025 0.39236111111111116 -0.24999999999999994 2.5000000000000004 14.500000000000002 83.687500000000014 9.1557291666666689 99.562500000000014
decision_type=2 2 2 2 2 2 2 2 2 2 2 2 2 2 2 2 2 2
left_child=4 2 5 -4 -1 17 7 8 -3 10 11 12 -9 -14 15 16 -15 -2
right_child=1 6 3 -5 -6 -7 -8 9 -10 -11 -12 -13 13 14 -16 -17 -18 -19
leaf_value=-8.4096511056586891 -1.8646638683153141 -5.8820331276845605 -21.10473945325737 -0.53591353945135634 19.588380597265907 -4.7998827815543184 -2.4103447777124725 -1.2746540523382612 3.585647941852625 -0.75711377387947154 0.49962127643261556 -2.7119773484571814 3.8410038621853415 13.463094099160079 9.8273400724641782 12.594780340927651 9.7780901383153189 9.7545642946326421
leaf_weight=21447 11796 4648 2682 126452 81 31013 33641 1028 29955 79753 12210 1560 1105 231 917 741 130 410
leaf_count=21447 11796 4648 2682 126452 81 31013 33641 1028 29955 79753 12210 1560 1105 231 917 741 130 410
internal_value=-0.000201698 -0.000143127 -0.000303842 -0.00015017 -0.00112203 -0.000762999 2.38204e-05 0.000123995 0.000520128 -1.63414e-05 0.000585347 0.00163556 0.00251557 0.00344481 0.00464199 0.00649783 0.00998136 -0.00010273
internal_weight=359800 338272 172353 129134 21528 43219 165919 132278 34603 97675 17922 5712 4152 3124 2019 1102 361 12206
internal_count=359800 338272 172353 129134 21528 43219 165919 132278 34603 97675 17922 5712 4152 3124 2019 1102 361 12206
is_linear=0
shrinkage=0.0229654


Tree=309
num_leaves=19
num_cat=0
split_feature=7 10 0 3 0 31 17 27 3 31 8 6 0 3 24 26 25 27
split_gain=52.09 36.308 17.245 16.9464 23.455 23.0438 14.1765 12.1217 11.6165 12.3352 10.6555 12.0438 10.0913 10.0349 9.18627 9.15232 8.93443 8.58735
threshold=0.75023006073889154 -0.5 47.500000000000007 4.5000000000000009 11.500000000000002 99.406250000000014 58.312500000000007 0.74877232142857253 4.5000000000000009 308.81875000000002 0.32075123873380501 1.0000000180025095e-35 14.500000000000002 1.0000000180025095e-35 -3.6499999999999972 18.349869791666674 2.2028645833333331 -0.52639508928571377
decision_type=2 2 2 2 2 2 2 2 2 2 2 2 2 2 2 2 2 2
left_child=2 8 6 4 -3 7 -1 13 9 12 11 -8 15 -6 -15 -2 17 -5
right_child=1 3 -4 16 5 -7 10 -9 -10 -11 -12 -13 -14 14 -16 -17 -18 -19
leaf_value=-1.2564992891580096 -10.570228711448458 -3.9033241108365249 -6.6755101616582637 2.3823872499403254 7.5726148451555479 14.516718727499175 1.7197943486036287 -5.8254522700697837 -19.276404468449758 4.9650129886188337 -0.5119787259987737 -14.716493815089679 -2.2637606927825371 8.6761339693152362 0.80420612161210181 -1.893730669672147 -6.32730790987749 12.947496877144925
leaf_weight=98052 11110 17360 7504 417 3472 118 101625 3513 8448 869 67679 2484 5422 1101 12628 3367 14564 67
leaf_count=98052 11110 17360 7504 417 3472 118 101625 3513 8448 869 67679 2484 5422 1101 12628 3367 14564 67
internal_value=-0.000198315 -0.000705095 -4.76464e-05 -0.000348105 -9.09193e-05 0.000428617 -1.74476e-05 0.000370967 -0.00135563 -0.00106357 0.000108311 0.000254141 -0.00118053 0.000622032 0.000343084 -0.00149703 -0.00100085 0.00206878
internal_weight=359800 82456 277344 53240 38192 20832 269840 20714 29216 20768 171788 104109 19899 17201 13729 14477 15048 484
internal_count=359800 82456 277344 53240 38192 20832 269840 20714 29216 20768 171788 104109 19899 17201 13729 14477 15048 484
is_linear=0
shrinkage=0.0229654


Tree=310
num_leaves=19
num_cat=0
split_feature=37 11 37 35 37 15 7 35 37 35 12 37 37 35 37 7 1 27
split_gain=132.589 16.647 14.8388 16.626 14.6418 14.5434 10.872 10.7428 11.591 10.1408 20.0422 13.7294 9.87258 9.76081 9.40199 9.07475 11.942 8.5376
threshold=18797.470132382845 108.00000000000001 24122.371129755611 25425.500000000004 26330.685583143768 12.518750000000002 0.55438071450436044 28441.500000000004 28798.095678294521 32229.500000000004 16.818750000000005 33467.892597773149 17796.853298326216 24266.500000000004 36558.079481930494 0.89495246814786289 22.500000000000004 1.0956473214285716
decision_type=2 2 2 2 2 2 2 2 2 2 2 2 2 2 2 2 2 2
left_child=6 2 13 -4 -5 17 12 -6 -9 14 11 -11 -1 15 -10 16 -2 -3
right_child=1 5 3 4 7 -7 -8 8 9 10 -12 -13 -14 -15 -16 -17 -18 -19
leaf_value=-41.780640630024905 -0.3508835559534903 -1.2647381397415358 2.0460153297426453 -4.824430110106336 1.6948445321653118 2.4129957633081038 -19.432606167316052 -6.1061684613013441 1.4085723524780238 -7.0952055152515277 17.846568347910075 -0.38429378204687148 -4.4830070905085684 -7.290840153662181 21.19337155495688 -4.2431271943549538 -5.5443740713800587 2.0421515789693054
leaf_weight=4248 48514 47416 24970 15972 19938 60231 16568 8150 18597 9253 63 30035 4616 11255 199 16376 5618 17781
leaf_count=4248 48514 47416 24970 15972 19938 60231 16568 8150 18597 9253 63 30035 4616 11255 199 16376 5618 17781
internal_value=-0.000196847 -7.52634e-05 -0.000200813 -4.56327e-05 -0.00017542 0.00013388 -0.00179537 -5.71245e-05 -0.000197692 -8.40073e-05 -0.000293612 -0.000314366 -0.0011462 -0.000442186 0.000354817 -0.000341935 -0.000198634 -0.000103808
internal_weight=359800 334368 208940 127177 102207 125428 25432 86235 66297 58147 39351 39288 8864 81763 18796 70508 54132 65197
internal_count=359800 334368 208940 127177 102207 125428 25432 86235 66297 58147 39351 39288 8864 81763 18796 70508 54132 65197
is_linear=0
shrinkage=0.0229654


Tree=311
num_leaves=19
num_cat=0
split_feature=35 36 3 21 32 8 36 14 24 32 8 28 21 23 0 35 28 26
split_gain=39.7143 17.2873 16.5755 14.8363 14.9179 14.0512 17.4342 15.8286 14.7709 18.9955 13.8969 14.3732 12.988 15.5229 13.2885 14.7501 12.7243 12.4293
threshold=19508.500000000004 19257.500000000004 4.5000000000000009 19.611848958333336 165.34375000000003 0.13052619222005152 28558.500000000004 48.062500000000007 -1.6124999999999998 1.2625000000000004 -0.94490267940017736 -2.6022077922077917 9.6251302083333368 7.8250000000000028 19.500000000000004 24939.500000000004 1.2268706293706295 6.0217447916666682
decision_type=2 2 2 2 2 2 2 2 2 2 2 2 2 2 2 2 2 2
left_child=1 10 3 4 5 6 7 -2 9 -7 11 -1 13 17 -14 -16 -6 -4
right_child=2 -3 12 -5 16 8 -8 -9 -10 -11 -12 -13 14 -15 15 -17 -18 -19
leaf_value=39.791265079990978 -14.329831534128644 -2.9194850901280325 -2.7537715463122918 3.5420593307999693 -5.1939547690863828 3.4004815690071202 -0.24664903716754888 4.0545926041135765 -1.6897991917990629 -5.6474007986226633 -10.543096885744649 1.3981706782049557 -6.2366438006490714 19.548595025907073 0.56395992781158288 -5.5615271033681584 0.038166587098575545 0.98472463247438924
leaf_weight=106 2138 22360 17279 10496 18689 13994 59501 40260 65231 2694 18928 1350 15784 90 17119 12943 14909 25929
leaf_count=106 2138 22360 17279 10496 18689 13994 59501 40260 65231 2694 18928 1350 15784 90 17119 12943 14909 25929
internal_value=-0.000194677 -0.000851801 -0.000106086 -2.23752e-06 -4.29493e-05 3.83797e-05 0.00021841 0.00057427 -0.00018556 0.000424133 -0.00133552 0.000826502 -0.000371594 -8.63502e-05 -0.000640984 -0.000357675 -0.000487908 -0.000106196
internal_weight=359800 42744 317056 227912 217416 183818 101899 42398 81919 16688 20384 1456 89144 43298 45846 30062 33598 43208
internal_count=359800 42744 317056 227912 217416 183818 101899 42398 81919 16688 20384 1456 89144 43298 45846 30062 33598 43208
is_linear=0
shrinkage=0.0229654


Tree=312
num_leaves=19
num_cat=0
split_feature=37 8 31 10 23 18 10 31 31 31 17 32 21 36 37 37 36 15
split_gain=131.289 15.1662 11.7968 16.7296 19.4939 18.0649 17.291 32.0359 17.0794 15.4185 23.2184 14.6668 14.3441 12.3751 21.925 18.8182 28.1485 10.3378
threshold=18797.470132382845 0.99572243068690536 192.50625000000005 -0.5 -0.40000000000000019 0.59125000000000016 -0.9330127018922193 57.750000000000021 1.0000000180025095e-35 125.36250000000001 35.187500000000007 285.30625000000003 18.332421875000005 31379.500000000004 32499.598480193104 26605.106371552731 26730.500000000004 15.381250000000003
decision_type=2 2 2 2 2 2 2 2 2 2 2 2 2 2 2 2 2 2
left_child=-1 2 3 4 6 -6 7 -2 -7 10 11 -9 13 15 -15 16 -5 -14
right_child=1 -3 -4 12 5 8 -8 9 -10 -11 -12 -13 17 14 -16 -17 -18 -19
leaf_value=-17.622822495935988 -4.5889038090076113 -6.353619684385392 2.3379494477525475 0.39423043532109098 -0.7678266845811943 28.407776910968039 -4.5728838125905709 7.55145447680232 5.8973193526396681 0.8751718198668027 6.3467947896137797 17.817839551132355 6.5611419156159192 -10.260060371053799 -0.01447028601149164 2.146224618665264 -10.134880908460813 17.514517298285554
leaf_weight=25432 5940 7469 17148 83739 45904 278 29680 207 1529 1838 1681 209 372 17601 54815 55458 10426 74
leaf_count=25432 5940 7469 17148 83739 45904 278 29680 207 1529 1838 1681 209 372 17601 54815 55458 10426 74
internal_value=-0.00019206 -7.10738e-05 -4.76948e-05 -8.01549e-05 -0.000349642 -3.71122e-05 -0.000726614 0.000105815 0.0022152 0.00171292 0.00305877 0.00791644 2.5547e-05 1.72825e-05 -0.00022916 0.000136558 -6.10937e-05 0.00413995
internal_weight=359800 334368 326899 309751 87266 47711 39555 9875 1807 3935 2097 416 222485 222039 72416 149623 94165 446
internal_count=359800 334368 326899 309751 87266 47711 39555 9875 1807 3935 2097 416 222485 222039 72416 149623 94165 446
is_linear=0
shrinkage=0.0229654


Tree=313
num_leaves=19
num_cat=0
split_feature=7 26 0 5 5 0 36 17 23 30 0 36 26 26 6 35 26 21
split_gain=50.3033 30.7696 15.7602 15.1167 14.0974 15.7194 20.3352 13.5021 14.2798 12.6536 10.9976 25.7561 12.1262 10.4449 9.43899 10.4302 16.602 18.1085
threshold=0.75023006073889154 12.990494791666668 47.500000000000007 1.0000000180025095e-35 1.0000000180025095e-35 11.500000000000002 27444.500000000004 58.312500000000007 -1.4999999999999991 1.0000000180025095e-35 14.500000000000002 21929.500000000004 18.441536458333335 16.032421875000004 1.0000000180025095e-35 27337.500000000004 14.13541666666667 12.286848958333335
decision_type=2 2 2 2 2 2 2 2 2 2 2 2 2 2 2 2 2 2
left_child=2 4 7 9 5 -2 -7 -1 -9 -3 -11 12 13 -12 15 16 17 -10
right_child=1 3 -4 -5 -6 6 -8 8 14 10 11 -13 -14 -15 -16 -17 -18 -19
leaf_value=-1.1882502027221273 -3.4193366717175784 5.0304722874970631 -6.3122576780999111 -18.606973532317625 -5.2354873505616508 4.8250732757801664 -2.3330750343214541 -1.231031710052658 2.8148248110762335 -7.2991688310609852 31.56955812951988 -4.2811751554129831 -5.0782739474219865 18.692558307765236 -11.565177920205821 0.28894562997995976 0.15653949436139164 10.692468690632465
leaf_weight=98052 16936 1078 7504 8496 15000 9808 10464 35316 26437 15044 181 5288 83 78 3222 71473 26356 8984
leaf_count=98052 16936 1078 7504 8496 15000 9808 10464 35316 26437 15044 181 5288 83 78 3222 71473 26356 8984
internal_value=-0.000191485 -0.000689498 -4.34234e-05 -0.00127233 -0.000351819 -0.000112211 0.00031924 -1.45539e-05 0.000108177 -0.000951473 -0.00107796 -0.000212114 0.0058958 0.0083438 0.00021469 0.000244389 0.000462936 0.000787687
internal_weight=359800 82456 277344 30248 52208 37208 20272 269840 171788 21752 20674 5630 342 259 136472 133250 61777 35421
internal_count=359800 82456 277344 30248 52208 37208 20272 269840 171788 21752 20674 5630 342 259 136472 133250 61777 35421
is_linear=0
shrinkage=0.0229654


Tree=314
num_leaves=19
num_cat=0
split_feature=37 0 21 30 37 36 9 3 3 6 36 37 27 36 37 4 24 3
split_gain=128.361 14.2633 11.211 24.0662 10.8434 19.1221 23.463 21.3833 54.0267 19.2127 17.28 18.5498 17.68 14.5145 18.6234 13.921 18.689 12.4948
threshold=18797.470132382845 47.500000000000007 19.319661458333336 24.324999999999999 22090.039410927366 22616.000000000004 0.93301270189221952 2.5000000000000004 1.0000000180025095e-35 1.0000000180025095e-35 25985.500000000004 26938.03789291166 -1.0000000180025095e-35 31379.500000000004 33138.221006374057 4.5000000000000009 2.0125000000000024 1.5000000000000002
decision_type=2 2 2 2 2 2 2 2 2 2 2 2 2 2 2 2 2 2
left_child=-1 2 3 -2 5 6 -5 8 -8 -9 12 -12 -6 -13 -15 16 -14 -10
right_child=1 -3 -4 4 10 -7 7 9 17 -11 11 13 15 14 -16 -17 -18 -19
leaf_value=-17.092357688855355 -6.8391245254377839 -6.1606352379762646 2.2315278866736437 -1.1017933693427953 -0.072081492547243955 -7.4367630209159694 -7.0038481955261043 1.2593932376677448 12.158980153551658 12.448161822964909 -4.2919905110058982 1.4191264873348375 8.2254286602191691 -7.6211264572858033 0.16626574483756573 1.6238616916236592 -2.2557560619630301 22.367443691588033
leaf_weight=25432 11445 7501 18009 48654 45392 10713 285 1658 151 96 27961 51366 10131 20843 50845 26116 3067 135
leaf_count=25432 11445 7501 18009 48654 45392 10713 285 1658 151 96 27961 51366 10131 20843 50845 26116 3067 135
internal_value=-0.000189124 -6.9494e-05 -4.67721e-05 -7.9249e-05 -3.94817e-05 -0.000310539 -0.000125191 0.00212862 0.0059887 0.000872004 3.14584e-05 -0.000115805 0.000294001 5.52366e-06 -0.000205603 0.000650513 0.00125842 0.0130405
internal_weight=359800 334368 326867 308858 297413 61692 50979 2325 571 1754 235721 151015 84706 123054 71688 39314 13198 286
internal_count=359800 334368 326867 308858 297413 61692 50979 2325 571 1754 235721 151015 84706 123054 71688 39314 13198 286
is_linear=0
shrinkage=0.0229654


Tree=315
num_leaves=19
num_cat=0
split_feature=37 11 15 26 13 16 13 15 30 8 31 7 30 7 26 35 37 35
split_gain=125.395 16.3935 21.9933 21.808 16.4071 13.9598 20.1855 13.2764 12.8024 22.5117 12.4296 10.8796 10.3448 10.0964 10.8793 10.7962 10.2398 9.87484
threshold=18797.470132382845 84.000000000000014 14.231250000000003 13.943880208333335 16.706250000000008 2.5625000000000004 -3.0437499999999993 12.518750000000002 96.425000000000026 -0.44134171618254459 190.04375000000005 0.55438071450436044 2284.7250000000004 -0.94490267940017747 1.2430989583333336 32374.500000000004 28146.982781622504 29696.500000000004
decision_type=2 2 2 2 2 2 2 2 2 2 2 2 2 2 2 2 2 2
left_child=11 2 3 8 -5 6 -4 12 9 -2 -8 -1 -3 14 -10 16 -15 -6
right_child=1 7 5 4 17 -7 10 -9 13 -11 -12 -13 -14 15 -16 -17 -18 -19
leaf_value=-12.769919950841627 35.289707382119936 -0.59286318625919054 3.9371284653483718 -4.4057425510101513 0.010881727528782904 -1.9938530119636004 -7.7431816637187918 1.8877494041227345 17.753486736220303 -2.7221076965588114 8.7011711834842096 -17.886251132122585 12.22607266526032 0.26275997100651732 3.3909134962089822 -2.4785220129554189 3.350052163873726 8.6085815123362845
leaf_weight=8864 163 85026 2772 19280 14796 39337 19334 81590 240 178 235 16568 577 38459 6324 13354 12543 160
leaf_count=8864 163 85026 2772 19280 14796 39337 19334 81590 240 178 235 16568 577 38459 6324 13354 12543 160
internal_value=-0.000186634 -6.83951e-05 -0.000229208 -2.77993e-05 -0.000504172 -0.000573708 -0.00103216 9.24006e-05 0.000201065 0.00464022 -0.00129197 -0.00174119 -0.000107392 0.00017972 0.00103771 9.22094e-05 0.000244414 6.66415e-05
internal_weight=359800 334368 167175 105497 34236 61678 22341 167193 71261 341 19569 25432 85603 70920 6564 64356 51002 14956
internal_count=359800 334368 167175 105497 34236 61678 22341 167193 71261 341 19569 25432 85603 70920 6564 64356 51002 14956
is_linear=0
shrinkage=0.0229654


Tree=316
num_leaves=19
num_cat=0
split_feature=7 10 3 0 36 31 0 36 0 3 31 14 7 26 36 36 27 22
split_gain=48.9516 34.6525 15.4086 19.85 31.0992 18.5581 14.7353 13.0265 11.7473 11.2225 11.2626 10.8988 11.5452 12.421 12.8076 12.0542 15.5967 20.6906
threshold=0.75023006073889154 -0.5 4.5000000000000009 11.500000000000002 21816.500000000004 101.26875000000003 47.500000000000007 27994.500000000004 13.500000000000002 4.5000000000000009 308.81875000000002 48.687500000000007 -0.97868534383143924 0.78072916666666681 34533.000000000007 31379.500000000004 -1.0000000180025095e-35 2.2143663194444447
decision_type=2 2 2 2 2 2 2 2 2 2 2 2 2 2 2 2 2 2
left_child=6 9 3 -3 5 -5 11 8 -6 10 -2 -1 13 14 -13 16 -14 -18
right_child=1 2 -4 4 7 -7 -8 -9 -10 -11 -12 12 15 -15 -16 -17 17 -19
leaf_value=-4.2533059126221557 -6.4870881812456043 -3.5689517366293395 -5.1822900288357134 8.4893528678605783 -0.26909946697160997 19.302614544714782 -6.0382458856418824 -2.8973196760578679 6.8853763495073057 -17.650188453467251 4.7643141612353608 17.206302364643175 -0.74668776497629907 2.4590825746189808 8.4150198384866481 -1.9393044708630414 16.075243285751075 1.2595015525264184
leaf_weight=14328 19899 17360 15048 2069 4488 75 7504 10040 4160 8448 869 73 82764 19334 175 56751 903 95512
leaf_count=14328 19899 17360 15048 2069 4488 75 7504 10040 4160 8448 869 73 82764 19334 175 56751 903 95512
internal_value=-0.000184017 -0.000675293 -0.000326537 -8.12983e-05 0.000396647 0.00301635 -3.79583e-05 9.60983e-05 0.000749403 -0.00131083 -0.00102376 -1.00432e-05 2.45187e-05 0.000560354 0.00566727 -1.99552e-05 7.24284e-05 0.000270944
internal_weight=359800 82456 53240 38192 20832 2144 277344 18688 8648 29216 20768 269840 255512 19582 248 235930 179179 96415
internal_count=359800 82456 53240 38192 20832 2144 277344 18688 8648 29216 20768 269840 255512 19582 248 235930 179179 96415
is_linear=0
shrinkage=0.0229654


Tree=317
num_leaves=19
num_cat=0
split_feature=37 7 0 36 37 19 24 36 16 9 3 9 24 26 26 27 37 3
split_gain=123.218 16.6424 20.0481 15.4555 12.864 18.0771 18.0002 15.2761 12.7874 12.9744 20.8702 12.4473 12.5828 12.2324 13.8667 11.9659 10.8927 10.83
threshold=18720.140559651762 0.32075123873380545 43.500000000000007 22554.500000000004 19710.194226256823 11.106250000000003 -2.8999999999999972 19257.500000000004 482.06250000000006 -0.6830127018922193 1.0000000180025095e-35 -0.5 -1.9000000000000015 7.323046875000002 18.747265625000004 1.3241629464285698 22090.039410927366 4.5000000000000009
decision_type=2 2 2 2 2 2 2 2 2 2 2 2 2 2 2 2 2 2
left_child=-1 2 3 8 5 -3 -7 -6 9 -2 -11 12 -12 -4 -15 17 -5 -9
right_child=1 4 13 16 7 6 -8 15 -10 10 11 -13 -14 14 -16 -17 -18 -19
leaf_value=-17.7953181865138 0.79391343985508589 -5.0914976964367016 1.037234886442471 -6.9832978221563273 2.8384439281890561 9.8876235267638393 5.18260992463847 -0.09721600494971358 -0.22528451488270343 -8.0345924613073247 18.797127435156455 7.5679622363881469 11.179684285160713 -3.6965391933009162 2.7414737167443954 -5.3737757201013041 0.50231603058304353 -3.2741013555695599
leaf_weight=23997 7122 14500 9454 5942 4891 68 119 71286 10650 1834 63 11655 209 25164 2844 14399 135174 20429
leaf_count=23997 7122 14500 9454 5942 4891 68 119 71286 10650 1834 63 11655 209 25164 2844 14399 135174 20429
internal_value=-0.000183251 -6.96416e-05 5.54043e-05 0.0001599 -0.000278673 -0.000917397 0.00617733 -0.000194163 0.000619562 0.000949826 0.00136164 0.00171234 0.00656878 -0.00042618 -0.000667283 -0.000252002 5.71868e-05 -0.000155374
internal_weight=359800 335803 210111 172649 125692 14687 187 111005 31533 20883 13761 11927 272 37462 28008 106114 141116 91715
internal_count=359800 335803 210111 172649 125692 14687 187 111005 31533 20883 13761 11927 272 37462 28008 106114 141116 91715
is_linear=0
shrinkage=0.0229654


Tree=318
num_leaves=19
num_cat=0
split_feature=37 11 15 18 28 33 33 9 12 15 12 15 35 4 22 3 30 3
split_gain=119.362 16.0372 21.3537 15.3481 14.9664 14.894 13.8469 20.4887 24.5786 12.8062 12.473 18.9701 17.2111 16.8891 21.5565 10.799 16.8163 15.312
threshold=18720.140559651762 84.000000000000014 14.231250000000003 0.11312500000000002 8.3609523809523818 1.0000000180025095e-35 0.22569444444444445 0.93301270189221952 3.8687500000000008 12.518750000000002 4.9937500000000012 8.3062500000000021 18505.500000000004 11.500000000000002 6.8269965277777791 2.5000000000000004 1.0000000180025095e-35 1.0000000180025095e-35
decision_type=2 2 2 2 2 2 2 2 2 2 2 2 2 2 2 2 2 2
left_child=-1 2 3 5 -4 15 7 10 -9 -3 11 12 -7 -14 -15 16 17 -2
right_child=1 9 4 -5 -6 6 -8 8 -10 -11 -12 -13 13 14 -16 -17 -18 -19
leaf_value=-17.386641427320097 -11.110515099902576 -0.48497824451831711 -3.6181442817254816 2.7762701545726913 7.1036363656710311 14.162944983095366 -0.70691839868602557 11.809783257267808 7.3088824563631016 1.8528873291922381 -0.47142848381808239 -0.7360080404664634 4.2479934046350838 25.620707004459096 9.6420772430362369 -2.915631442420934 -0.69484899690495072 10.082517550879254
leaf_weight=23997 280 86031 61641 15394 266 67 18895 186 2951 81893 7551 1263 830 74 180 32060 25281 960
leaf_count=23997 280 86031 61641 15394 266 67 18895 186 2951 81893 7551 1263 830 74 180 32060 25281 960
internal_value=-0.000180571 -6.87525e-05 -0.000227481 -2.95167e-05 -0.000566355 -0.000143455 0.000255011 0.000828731 0.00244735 8.99333e-05 0.000319188 0.00175618 0.00388876 0.00319058 0.00837243 -0.000361098 -1.82717e-05 0.00259287
internal_weight=359800 335803 167879 105972 61907 90578 31997 13102 3137 167924 9965 2414 1151 1084 254 58581 26521 1240
internal_count=359800 335803 167879 105972 61907 90578 31997 13102 3137 167924 9965 2414 1151 1084 254 58581 26521 1240
is_linear=0
shrinkage=0.0229654


Tree=319
num_leaves=19
num_cat=0
split_feature=7 26 3 8 3 28 26 11 16 21 32 28 28 27 19 16 32 26
split_gain=46.4272 29.8957 15.3613 14.0562 13.8638 12.5313 12.4634 12.4041 20.6606 12.225 14.8084 15.3402 13.6 10.2628 10.7871 9.75259 11.0093 9.50554
threshold=0.75023006073889154 12.990494791666668 4.5000000000000009 0.99572243068690536 5.5000000000000009 7.181021750805586 1.0000000180025095e-35 132.00000000000003 486.56250000000006 19.319661458333336 170.44375000000002 1.139956140350876 2.8992068273092362 0.84190848214285763 3.2750000000000017 253.31250000000003 274.09375000000006 18.246484375000005
decision_type=2 2 2 2 2 2 2 2 2 2 2 2 2 2 2 2 2 2
left_child=3 4 5 7 13 -3 -6 8 9 10 12 -12 -1 14 -2 17 -17 -9
right_child=1 2 -4 -5 6 -7 -8 15 -10 -11 11 -13 -14 -15 -16 16 -18 -19
leaf_value=0.47521180831098303 7.9737063819489835 -5.3518586230953504 -17.226727201529673 -5.7924927913012434 8.3773156562685589 8.1817181952344278 -6.8989180795923648 -0.026101525336770483 -8.7941444818023946 3.5032312966389649 -5.6127523569533437 0.23445187168081971 -3.499776598098244 -6.7673833958937823 -0.38199462607043305 7.9630581864542105 -1.9320760939972261 4.7791277040969886
leaf_weight=132447 492 21446 8496 7472 88 306 7469 43657 18921 8080 15312 11582 16062 6379 37780 15550 5685 2576
leaf_count=132447 492 21446 8496 7472 88 306 7469 43657 18921 8080 15312 11582 16062 6379 37780 15550 5685 2576
internal_value=-0.000177635 -0.000656076 -0.00123057 -3.53913e-05 -0.000323227 -0.00090713 -0.00123291 -8.18692e-06 -9.80782e-05 -2.35689e-05 -6.38024e-05 -0.000559662 2.59944e-05 -0.000169267 -2.71232e-05 0.000261487 0.0006689 7.43602e-05
internal_weight=359800 82456 30248 277344 52208 21752 7557 269872 202404 183483 175403 26894 148509 44651 38272 67468 21235 46233
internal_count=359800 82456 30248 277344 52208 21752 7557 269872 202404 183483 175403 26894 148509 44651 38272 67468 21235 46233
is_linear=0
shrinkage=0.0229654


Tree=320
num_leaves=19
num_cat=0
split_feature=7 26 5 0 17 5 0 36 13 28 28 8 18 26 8 32 5 30
split_gain=44.8464 29.1762 15.2791 13.8106 12.4465 12.4361 13.6899 19.1945 12.1677 12.0426 10.861 12.2865 11.3365 9.74785 15.4505 16.548 9.61631 10.9852
threshold=0.75023006073889154 12.990494791666668 1.0000000180025095e-35 47.500000000000007 42.562500000000007 1.0000000180025095e-35 11.500000000000002 27444.500000000004 11.081250000000002 7.181021750805586 -2.6477156771799626 -0.32075123873380501 0.011250000000000001 17.341015625000008 0.32075123873380501 92.86875000000002 1.0000000180025095e-35 1.0000000180025095e-35
decision_type=2 2 2 2 2 2 2 2 2 2 2 2 2 2 2 2 2 2
left_child=3 5 9 4 10 6 8 -8 -2 -3 11 -1 -13 -12 -15 -16 17 -17
right_child=1 2 -4 -5 -6 -7 7 -9 -10 -11 13 12 -14 14 15 16 -18 -19
leaf_value=-4.9859324083654757 -3.5015813913874654 -5.2289510012800937 -16.831108366820018 -5.7067864482361221 0.37701606216588185 -4.7005685558148196 4.63556585030907 -2.1500159103475283 6.6105353760586798 7.9938216911303686 -3.9125766177181962 5.5968221449239017 -3.3820561900749904 -4.6121431915313202 17.387787598849716 7.2479324019664073 -2.107456541021596 2.6394631860964135
leaf_weight=3399 16766 21446 8496 7504 210584 15000 9808 10464 170 306 36700 4622 1440 6964 63 779 1725 3564
leaf_count=3399 16766 21446 8496 7504 210584 15000 9808 10464 170 306 36700 4622 1440 6964 63 779 1725 3564
internal_value=-0.000176103 -0.000646327 -0.00121387 -3.63022e-05 -9.27727e-06 -0.000317508 -9.24596e-05 0.000310177 -0.000574407 -0.000891293 -0.000303307 0.000409983 0.00102969 -0.000438831 9.90866e-05 0.000939817 0.000818246 0.00139442
internal_weight=359800 82456 30248 277344 269840 52208 37208 20272 16936 21752 59256 9461 6062 49795 13095 6131 6068 4343
internal_count=359800 82456 30248 277344 269840 52208 37208 20272 16936 21752 59256 9461 6062 49795 13095 6131 6068 4343
is_linear=0
shrinkage=0.0229654


Tree=321
num_leaves=19
num_cat=0
split_feature=37 0 37 19 24 0 3 30 3 25 15 25 37 0 37 6 26 33
split_gain=117.675 12.4183 10.8755 15.759 17.7306 11.6995 11.5656 12.8788 34.4985 16.0071 15.86 17.0445 12.3671 8.8142 9.20621 8.79604 9.05143 28.9244
threshold=18720.140559651762 47.500000000000007 19710.194226256823 11.331250000000002 -2.8999999999999972 19.500000000000004 2.5000000000000004 1.0000000180025095e-35 1.0000000180025095e-35 22.846354166666668 9.2562500000000032 18.655989583333341 21857.889420534932 19.500000000000004 17658.666800385352 1.0000000180025095e-35 9.0048177083333361 0.30902777777777785
decision_type=2 2 2 2 2 2 2 2 2 2 2 2 2 2 2 2 2 2
left_child=13 2 3 5 -5 -2 7 8 -4 10 11 -10 -13 -1 -15 16 -8 -18
right_child=1 -3 6 4 -6 -7 15 -9 9 -11 -12 12 -14 14 -16 -17 17 -19
leaf_value=-17.016519471341041 -4.46119769363463 -5.5666977630612466 -12.245065513467315 9.8605932121681832 -0.73464750324411332 3.4628964679551539 0.33819004962298355 0.56118484460195317 -7.3942589006387891 -0.065233412337189142 9.6911056878363251 18.96226346405604 17.153186359964494 -42.362521574903511 -3.2090686636681345 -14.709505359177941 -0.84807719512214452 -26.422915606948912
leaf_weight=16347 15182 7502 958 64 87 4541 72453 136012 90 487 908 95 255 3762 3888 2529 91026 3614
leaf_count=16347 15182 7502 958 64 87 4541 72453 136012 90 487 908 95 255 3762 3888 2529 91026 3614
internal_value=-0.000173486 -6.24607e-05 -4.13494e-05 -0.00056206 0.00682879 -0.000618645 -7.79649e-06 0.000147664 0.00169137 0.00353555 0.00482478 0.00840325 0.0106953 -0.00172712 -0.00108373 -0.000135013 -0.000114667 -0.000262559
internal_weight=359800 335803 328301 19874 151 19723 308427 138805 2793 1835 1348 440 350 23997 7650 169622 167093 94640
internal_count=359800 335803 328301 19874 151 19723 308427 138805 2793 1835 1348 440 350 23997 7650 169622 167093 94640
is_linear=0
shrinkage=0.0229654


Tree=322
num_leaves=19
num_cat=0
split_feature=37 7 0 36 3 26 24 29 37 6 12 34 3 35 9 26 23 26
split_gain=115.769 14.7994 18.8629 14.7346 12.1011 13.3948 12.9998 14.1674 18.6831 27.4694 14.1189 12.2166 11.9065 19.3431 30.9532 18.6606 18.845 18.5508
threshold=18720.140559651762 0.32075123873380545 43.500000000000007 22554.500000000004 5.5000000000000009 1.0000000180025095e-35 -2.575000000000002 259.50625000000008 20884.631928884504 1.0000000180025095e-35 3.131250000000001 0.9340277777777779 1.0000000180025095e-35 21808.500000000004 0.93301270189221952 14.930729166666671 -2.1374999999999975 10.010807291666667
decision_type=2 2 2 2 2 2 2 2 2 2 2 2 2 2 2 2 2 2
left_child=-1 2 3 12 6 -6 7 -3 9 10 -9 -8 -2 14 15 16 -14 -18
right_child=1 4 -4 -5 5 -7 11 8 -10 -11 -12 -13 13 -15 -16 -17 17 -19
leaf_value=-16.343749411379338 -4.7885414184788546 -2.813546759361627 -1.6200471353643757 0.29274531025680822 6.5908897359890748 -4.9778618581308018 -1.5100455391490049 6.1722890139598672 3.3368857154457161 15.187499260782866 5.636991031272637 19.522642958573751 1.5202383602078304 1.5662620671463443 37.799240683818667 2.0776953799932247 -1.0204021209206884 20.075930572634288
leaf_weight=23997 4420 4781 37462 141116 152 13072 99528 69 7550 96 372 72 1797 15655 136 6103 656 2766
leaf_count=23997 4420 4781 37462 141116 152 13072 99528 69 7550 96 372 72 1797 15655 136 6103 656 2766
internal_value=-0.000171762 -6.164e-05 5.62787e-05 0.000157639 -0.000258757 -0.000915908 -0.000181489 0.000505424 0.00109133 0.0052303 0.00280688 -0.000270236 0.000606453 0.000786632 0.00150363 0.00137281 0.00238103 0.00338106
internal_weight=359800 335803 210111 172649 125692 13224 112468 12868 8087 537 441 99600 31533 27113 11458 11322 5219 3422
internal_count=359800 335803 210111 172649 125692 13224 112468 12868 8087 537 441 99600 31533 27113 11458 11322 5219 3422
is_linear=0
shrinkage=0.0229654


Tree=323
num_leaves=19
num_cat=0
split_feature=35 11 36 19 6 21 9 36 19 25 28 13 10 5 29 36 26 16
split_gain=32.305 15.5488 14.2165 12.3647 22.6712 12.9141 12.0676 18.6678 13.3015 11.4432 14.7788 14.5024 15.2813 13.0719 10.1867 16.5445 9.98861 9.79864
threshold=19443.500000000004 108.00000000000001 17982.500000000004 10.543750000000003 1.0000000180025095e-35 7.4000000000000004 0.93301270189221952 22492.500000000004 8.1062500000000028 9.6252604166666682 1.698623737373737 16.593750000000004 0.25000000000000017 1.0000000180025095e-35 133.06875000000005 24629.500000000004 8.6251302083333368 253.31250000000003
decision_type=2 2 2 2 2 2 2 2 2 2 2 2 2 2 2 2 2 2
left_child=2 9 -1 6 5 -5 -4 8 -8 10 -2 13 14 -11 -13 -16 -7 -3
right_child=1 17 3 4 -6 16 7 -9 -10 11 -12 12 -14 -15 15 -17 -18 -19
leaf_value=-12.369408820721157 0.32978135177101692 0.019291178737249472 -4.114249852600417 -10.075109091278314 10.831375804725493 15.712403382454657 42.881972617171591 -1.4145629671080679 8.448765106139815 -1.816403476814199 -5.1734086863482389 0.17941662316684556 20.921150028802757 -5.1433737518082578 -36.782427172071507 27.632016580257645 -2.1512101752337776 3.8511410345507793
leaf_weight=10304 80143 93206 29782 395 103 131 93 312 75 60580 10675 24102 79 23339 69 83 93 26236
leaf_count=10304 80143 93206 29782 395 103 131 93 312 75 60580 10675 24102 79 23339 69 83 93 26236
internal_value=-0.000168635 -9.02869e-05 -0.000773042 -0.000527292 0.00244286 0.000782827 -0.000598155 0.00301421 0.00918616 -0.000214577 -2.44786e-05 -0.000374059 0.000119579 -0.000517194 8.67328e-05 0.00601331 0.00518772 0.000116863
internal_weight=359800 318512 41288 30984 722 619 30262 480 168 199070 90818 108252 24333 83919 24254 152 224 119442
internal_count=359800 318512 41288 30984 722 619 30262 480 168 199070 90818 108252 24333 83919 24254 152 224 119442
is_linear=0
shrinkage=0.0229654


Tree=324
num_leaves=19
num_cat=0
split_feature=37 7 8 36 37 37 36 36 4 8 3 32 37 25 36 37 3 36
split_gain=111.863 14.8214 14.6319 13.7817 13.7411 12.6824 14.5285 11.7633 15.7409 11.031 10.1938 14.0633 9.85304 15.9721 12.8677 10.2809 9.77367 16.1239
threshold=18645.06207268274 0.44134171618254497 0.99572243068690536 24453.500000000004 25704.880355702509 19367.681914178898 19257.500000000004 27900.500000000004 1.5000000000000002 -0.97868534383143924 4.5000000000000009 1268.4125000000001 29908.181515470071 15.560677083333335 32394.000000000004 31884.863887757954 1.5000000000000002 17856.500000000004
decision_type=2 2 2 2 2 2 2 2 2 2 2 2 2 2 2 2 2 2
left_child=-1 2 3 -2 -5 -3 16 8 9 -6 11 -8 -9 14 -14 -16 17 -7
right_child=1 5 -4 4 7 6 10 12 -10 -11 -12 -13 13 -15 15 -17 -18 -19
leaf_value=-16.937069668287442 1.7265020750294251 -5.0067305300375802 -5.3515390057362699 -3.0284644071750613 25.811766821779369 -4.9951653422724069 -0.84882798147386074 -2.8329747561173337 1.265335352009753 7.5037656422424321 -3.9865583065941639 22.546743888641842 2.510550229664323 14.770721677920978 -12.49431522568208 -0.15695652830700937 0.94797473861259263 8.5757293892648612
leaf_weight=22595 66882 10088 7470 27512 112 468 74832 24280 25981 2011 21349 61 19567 123 4482 46483 4263 1241
leaf_count=22595 66882 10088 7470 27512 112 468 74832 24280 25981 2011 21349 61 19567 123 4482 46483 4263 1241
internal_value=-0.000166082 -6.12612e-05 4.63279e-05 8.06619e-05 -4.12022e-05 -0.000276726 -0.000200055 6.25464e-05 0.000475259 0.00237659 -0.000268259 -0.000142068 -5.96305e-05 7.75205e-05 6.31013e-05 -0.000129101 0.000899081 0.00236642
internal_weight=359800 337205 224903 217433 150551 112302 102214 123039 28104 2123 96242 74893 94935 70655 70532 50965 5972 1709
internal_count=359800 337205 224903 217433 150551 112302 102214 123039 28104 2123 96242 74893 94935 70655 70532 50965 5972 1709
is_linear=0
shrinkage=0.0229654


Tree=325
num_leaves=19
num_cat=0
split_feature=37 7 1 36 25 3 14 37 36 12 10 7 10 27 37 36 25 37
split_gain=108.468 13.4391 17.1438 15.3496 11.63 11.5872 12.1452 11.5355 14.2849 12.8268 15.6214 11.2915 11.4171 11.0086 10.2398 10.0443 17.548 17.3583
threshold=18720.140559651762 0.32075123873380545 21.500000000000004 22554.500000000004 6.7986979166666668 1.0000000180025095e-35 69.312500000000014 19710.194226256823 19257.500000000004 4.4062500000000009 -0.24999999999999994 0.65793410509763428 -0.9330127018922193 1.5645275297619075 22090.039410927366 33390.500000000007 9.6252604166666682 33138.221006374057
decision_type=2 2 2 2 2 2 2 2 2 2 2 2 2 2 2 2 2 2
left_child=11 2 3 5 -4 -2 -7 9 -9 10 -3 12 -1 -10 -5 16 -16 -17
right_child=1 7 4 14 -6 6 -8 8 13 -11 -12 -13 -14 -15 15 17 -18 -19
leaf_value=2.6817405679426578 -4.8022190361125867 10.840271686547585 0.82789914037317491 -6.6722629640623259 -3.1355289733046954 2.6672549864488686 5.8638992257264615 2.8819583557980031 -0.74097987325286774 -4.4446819591034226 -13.25443064867958 -16.469147173172669 -17.610857183693678 -5.4853427319914383 3.1019676867868471 -12.484938167551226 -0.15823403359420654 -0.045709204914628147
leaf_weight=2277 4428 99 8660 5943 21322 16431 10730 4891 93682 14497 91 14833 6887 12432 38282 7239 60163 36913
leaf_count=2277 4428 99 8660 5943 21322 16431 10730 4891 93682 14497 91 14833 6887 12432 38282 7239 60163 36913
internal_value=-0.000165635 -5.90412e-05 5.33276e-05 0.000137961 -0.000455142 0.000597672 0.000775265 -0.000246881 -0.000166854 -0.000851724 0.00507656 -0.00165726 -0.00102347 -0.000222785 4.01974e-05 7.91239e-05 0.000208203 -0.000208682
internal_weight=359800 335803 210111 180129 29982 31589 27161 125692 111005 14687 190 23997 9164 106114 148540 142597 98445 44152
internal_count=359800 335803 210111 180129 29982 31589 27161 125692 111005 14687 190 23997 9164 106114 148540 142597 98445 44152
is_linear=0
shrinkage=0.0229654


Tree=326
num_leaves=19
num_cat=0
split_feature=37 7 1 36 37 27 3 37 35 37 26 0 4 32 9 3 35 28
split_gain=107.431 13.8116 13.3364 13.557 18.991 12.7314 15.0574 30.0468 14.0445 17.0739 14.4509 13.6966 13.4412 60.1821 13.379 10.8159 29.5213 27.4909
threshold=18645.06207268274 0.82968937203783699 22.500000000000004 25687.500000000004 25765.757237587812 0.59687499999999993 1.0000000180025095e-35 32190.447664565985 26028.500000000004 25132.462338645339 10.716015625000002 16.500000000000004 7.5000000000000009 495.60000000000008 -0.6830127018922193 5.5000000000000009 28708.500000000004 -0.14059758771929817
decision_type=2 2 2 2 2 2 2 2 2 2 2 2 2 2 2 2 2 2
left_child=-1 2 3 5 -5 6 7 11 9 -7 -11 -2 -13 -14 -8 -16 -17 -18
right_child=1 -3 -4 4 -6 8 14 -9 -10 10 -12 12 13 -15 15 16 17 -19
leaf_value=-16.202718334943512 -11.726494754067529 -2.0677697966472013 -3.3352400187232099 -5.7326735044045796 -0.049776605206904023 3.1434640200175963 -2.1382114840954909 58.443447257544683 -1.7714761430404606 19.846310540047803 5.9598590463475469 -4.1261838643906552 2.1712897003665108 44.184892878111874 2.226719738939821 -3.2362250987033172 1.9644978674448192 20.747758999678229
leaf_weight=22595 5474 56242 14990 17231 132088 37709 15295 62 8978 617 2877 2825 1122 101 34060 7259 154 121
leaf_count=22595 5474 56242 14990 17231 132088 37709 15295 62 8978 617 2877 2825 1122 101 34060 7259 154 121
internal_value=-0.000163848 -6.1125e-05 4.63401e-06 4.21962e-05 -0.000102724 0.000227697 1.9243e-05 -0.000822864 0.000503828 0.000683171 0.00221898 -0.000926624 8.62332e-05 0.00209749 0.000161111 0.000374677 -0.000412732 0.00697313
internal_weight=359800 337205 280963 265973 149319 116654 66473 9584 50181 41203 3494 9522 4048 1223 56889 41594 7534 275
internal_count=359800 337205 280963 265973 149319 116654 66473 9584 50181 41203 3494 9522 4048 1223 56889 41594 7534 275
is_linear=0
shrinkage=0.0229654


Tree=327
num_leaves=19
num_cat=0
split_feature=37 11 24 29 24 31 27 27 27 22 35 26 34 22 10 22 21 8
split_gain=104.716 15.2667 19.8649 18.886 11.8243 11.7417 23.8141 11.6553 11.1951 16.0996 17.7271 12.0138 14.4822 10.5202 10.5151 10.2342 13.2436 9.97051
threshold=18645.06207268274 84.000000000000014 1.0000000180025095e-35 126.45625000000003 3.2750000000000012 15.293749999999999 1.0298921130952394 0.41556919642856999 -0.11754092261904868 1.5197048611111112 30377.500000000004 19.608203125000003 0.21875000000000003 12.184375000000001 -0.5 19.440451388888892 19.956380208333339 -0.65793410509763406
decision_type=2 2 2 2 2 2 2 2 2 2 2 2 2 2 2 2 2 2
left_child=-1 2 3 17 7 -5 -7 -4 11 10 -10 14 -13 -8 -3 -6 -17 -2
right_child=1 8 4 5 15 6 13 -9 9 -11 -12 12 -14 -15 -16 16 -18 -19
leaf_value=-15.830616282603067 1.2959398673251907 -2.8698504835648504 -3.3139410010227994 0.97851366394342987 -9.7222921832082605 0.65524660913520749 -1.1427589405397456 -0.57269426786800037 18.942123624951385 1.4142066244502971 5.0455895885965765 16.955765162868236 4.9788138777563979 32.689897461880562 0.080485248248652275 16.800068684686696 0.29384053919646014 -3.4173529931117654
leaf_weight=22595 7504 22679 32497 57791 8964 544 63 40377 231 90206 776 173 2090 232 52489 91 456 20042
leaf_count=22595 7504 22679 32497 57791 8964 544 63 40377 231 90206 776 173 2090 232 52489 91 456 20042
internal_value=-0.000161997 -6.05801e-05 -0.000215143 2.86209e-05 -0.000470125 0.000261655 0.00295895 -0.00037073 9.3907e-05 0.000266305 0.00315404 -0.000109176 0.00153948 0.00821305 -0.00015881 -0.0012317 0.00181792 -0.000467379
internal_weight=359800 337205 168561 86176 82385 58630 839 72874 168644 91213 1007 77431 2263 295 75168 9511 547 27546
internal_count=359800 337205 168561 86176 82385 58630 839 72874 168644 91213 1007 77431 2263 295 75168 9511 547 27546
is_linear=0
shrinkage=0.0229654


Tree=328
num_leaves=19
num_cat=0
split_feature=7 10 3 27 3 28 17 23 4 11 35 25 10 13 3 35 31 28
split_gain=40.5864 32.8894 13.2966 13.6849 12.3954 12.0215 11.5063 15.285 10.9338 10.8818 11.2717 10.5135 10.447 23.8511 11.3541 12.6432 14.6123 9.92443
threshold=0.75023006073889154 -0.5 5.5000000000000009 0.84190848214285763 4.5000000000000009 7.181021750805586 42.562500000000007 -1.7499999999999991 1.5000000000000002 1.0000000180025095e-35 26028.500000000004 10.174218750000001 -0.9330127018922193 13.356250000000003 1.0000000180025095e-35 20032.500000000004 125.36250000000001 -2.6477156771799626
decision_type=2 2 2 2 2 2 2 2 2 2 2 2 2 2 2 2 2 2
left_child=6 4 3 -3 5 -2 17 12 -4 -9 -11 -12 13 -8 -15 16 -16 -1
right_child=1 2 8 -5 -6 -7 7 9 -10 10 11 -13 -14 14 15 -17 -18 -19
leaf_value=1.5822383694449107 -5.2024169012762043 0.23425939868839438 4.6406508016979133 -6.469321142717539 -14.873232226868961 8.0740002325587721 -3.8897439007538375 -1.7358383157732808 -7.6163762097143941 2.8430392412247896 1.3086419700529699 -1.7898984089427725 -1.9423927832215446 -5.4658364611291423 16.13131471364634 6.694765962028745 5.3707730946509891 -2.3768470896267737
leaf_weight=9782 20484 38504 1056 7168 8448 284 3073 22904 6512 60470 59767 27163 40279 376 101 1980 102 51347
leaf_count=9782 20484 38504 1056 7168 8448 284 3073 22904 6512 60470 59767 27163 40279 376 101 1980 102 51347
internal_value=-0.000159444 -0.000606778 -0.00026701 -0.000119273 -0.00122593 -0.000924234 -2.64484e-05 5.22044e-05 -0.00115859 0.00015246 0.000224824 5.73271e-05 -0.000319688 0.000606756 0.00224449 0.00287935 0.00833769 -0.000304646
internal_weight=359800 82456 53240 45672 29216 20768 277344 216215 7568 170304 147400 86930 45911 5632 2559 2183 203 61129
internal_count=359800 82456 53240 45672 29216 20768 277344 216215 7568 170304 147400 86930 45911 5632 2559 2183 203 61129
is_linear=0
shrinkage=0.0229654


Tree=329
num_leaves=19
num_cat=0
split_feature=35 11 30 24 29 12 0 12 10 28 35 14 1 13 35 30 18 0
split_gain=27.5799 14.832 14.0271 13.4983 22.5844 19.9429 12.7534 10.8582 15.985 10.9767 10.6635 10.6686 15.0746 18.7062 17.1819 16.6233 16.6679 18.0646
threshold=19443.500000000004 108.00000000000001 194.79375000000002 1.0000000180025095e-35 126.45625000000003 16.506250000000005 17.500000000000004 12.231250000000003 -0.5 1.0000000180025095e-35 37664.500000000007 88.062500000000014 19.500000000000004 15.943750000000003 31940.500000000004 1134.6437500000004 0.051250000000000011 22.500000000000004
decision_type=2 2 2 2 2 2 2 2 2 2 2 2 2 2 2 2 2 2
left_child=2 3 -1 4 -2 -6 -5 8 -4 -9 11 -8 13 14 15 -13 -17 -18
right_child=1 -3 7 6 5 -7 10 9 -10 -11 -12 12 -14 -15 -16 16 17 -19
leaf_value=-7.4055601493491343 -2.7426708677481351 0.66159727775143806 -8.9828756256606859 -3.8277543305216701 0.83639117960690412 17.370002004539604 -1.2518463809549978 10.580306721549738 0.62705822985187643 -1.6182579284751568 -6.249761792229954 4.7651017162617935 -2.5234180610129822 16.512518623548765 0.45224207172430758 10.589134819334934 32.273822736608309 46.8538901188533
leaf_weight=21180 31153 119442 6432 30140 70954 117 53750 2650 6620 4406 5942 1077 3106 95 2221 232 150 133
leaf_count=21180 31153 119442 6432 30140 70954 117 53750 2650 6620 4406 5942 1077 3106 95 2221 232 150 133
internal_value=-0.000157848 -8.5456e-05 -0.000716307 -0.000206847 -2.27808e-05 0.000203218 -0.000401135 -0.000281872 -0.000674253 0.000443945 -0.000223988 -0.000133188 0.000709196 0.00165835 0.00140756 0.00322843 0.00662206 0.0103628
internal_weight=359800 318512 41288 199070 102224 71071 96846 20108 13052 7056 66706 60764 7014 3908 3813 1592 515 283
internal_count=359800 318512 41288 199070 102224 71071 96846 20108 13052 7056 66706 60764 7014 3908 3813 1592 515 283
is_linear=0
shrinkage=0.0229654


Tree=330
num_leaves=19
num_cat=0
split_feature=37 7 0 36 14 37 16 27 9 25 25 36 3 32 7 27 3 27
split_gain=99.6927 12.8728 15.3907 12.8683 20.6811 15.3844 13.9974 22.232 13.7569 15.6203 12.8451 12.1066 11.4928 10.98 10.7317 10.4895 10.1194 9.9085
threshold=18645.06207268274 0.32075123873380545 43.500000000000007 33390.500000000007 68.062500000000014 33138.221006374057 60.062500000000007 0.935546875000001 -0.93301270189221908 10.296614583333335 6.7986979166666668 28891.000000000004 5.5000000000000009 399.48750000000007 0.65793410509763428 2.8740327380952393 5.5000000000000009 4.6666480654761919
decision_type=2 2 2 2 2 2 2 2 2 2 2 2 2 2 2 2 2 2
left_child=14 2 3 4 6 -5 8 -8 9 11 -4 -2 15 -12 -1 -3 -9 -18
right_child=1 12 10 5 -6 -7 7 16 -10 -11 13 -13 -14 -15 -16 -17 17 -19
leaf_value=-11.288155198302862 19.341173050374376 -0.57071756114230077 0.99872267208749033 -11.962400042890247 2.6044241718381298 -0.040288721378324406 -6.0436024836141513 0.083271499992597975 1.9457323952490899 6.305338446446318 -3.6912072088029779 0.92795155041227884 -4.1699492280894654 1.3063529718390257 -16.13813652387331 -7.669581133397025 2.9446063865106735 10.410562683725297
leaf_weight=8658 148 107955 10852 6949 65789 36755 16186 36063 6153 547 22824 62 13458 3786 13937 5396 3017 1265
leaf_count=8658 148 107955 10852 6949 65789 36755 16186 36063 6153 547 22824 62 13458 3786 13937 5396 3017 1265
internal_value=-0.000155039 -5.60852e-05 5.4074e-05 0.000145494 0.000260699 -0.000195162 -3.51504e-05 -0.000154414 0.000940551 0.00386195 -0.000367942 0.00918616 -0.000238856 -0.000639511 -0.00163182 -0.000163523 0.000134052 0.00118957
internal_weight=359800 337205 210396 172934 129230 43704 63441 56531 6910 757 37462 210 126809 26610 22595 113351 40345 4282
internal_count=359800 337205 210396 172934 129230 43704 63441 56531 6910 757 37462 210 126809 26610 22595 113351 40345 4282
is_linear=0
shrinkage=0.0229654


Tree=331
num_leaves=19
num_cat=0
split_feature=37 7 0 36 37 36 27 19 3 16 7 3 13 37 36 30 32 16
split_gain=95.7957 12.0846 14.9209 12.7337 11.4086 14.0696 11.0961 11.0679 13.0626 10.8747 10.5092 10.474 11.175 10.2299 9.60979 16.2817 17.8123 19.6453
threshold=18645.06207268274 0.32075123873380545 43.500000000000007 22554.500000000004 19506.178663369119 19257.500000000004 3.7276599702380939 10.881250000000003 5.5000000000000009 482.06250000000006 0.65793410509763428 1.0000000180025095e-35 13.856250000000003 22090.039410927366 33390.500000000007 319.80625000000003 101.68125000000001 610.18750000000011
decision_type=2 2 2 2 2 2 2 2 2 2 2 2 2 2 2 2 2 2
left_child=10 2 3 9 7 -6 -7 -3 -9 11 -1 12 -2 -5 15 -15 -17 -18
right_child=1 4 -4 13 5 6 -8 8 -10 -11 -12 -13 -14 14 -16 16 17 -19
leaf_value=-11.028918098107868 -13.349725293464349 -4.4639265846611584 -1.477223668862365 -6.5958314080450462 2.6182839288639643 -0.94754793392278647 -10.860438702256209 13.40863678794906 -17.421097634231291 -0.21105746492574048 -15.767517619233482 5.0776546464217613 10.206606924392894 -0.95714489316702456 -1.0168526928422776 2.1541001883195556 10.531258579432679 27.151443889878468
leaf_weight=8658 1762 12706 37462 5967 5759 104594 3583 94 73 10803 13937 18097 1131 30588 43704 59808 998 76
leaf_count=8658 1762 12706 37462 5967 5759 104594 3583 94 73 10803 13937 18097 1131 30588 43704 59808 998 76
internal_value=-0.000153699 -5.66981e-05 5.00353e-05 0.000140049 -0.000233786 -0.000160567 -0.00021945 -0.000881831 0.00499188 0.000555263 -0.00160133 0.000859971 -0.00042311 4.6519e-05 8.75974e-05 0.000221444 0.000438621 0.00336997
internal_weight=359800 337205 210396 172934 126809 113936 108177 12873 167 31793 22595 20990 2893 141141 135174 91470 60882 1074
internal_count=359800 337205 210396 172934 126809 113936 108177 12873 167 31793 22595 20990 2893 141141 135174 91470 60882 1074
is_linear=0
shrinkage=0.0229654


Tree=332
num_leaves=19
num_cat=0
split_feature=37 11 24 32 8 15 15 24 16 33 14 12 28 23 10 1 24 15
split_gain=92.0253 14.9027 15.8046 17.0571 16.3967 13.0104 12.4033 21.6237 17.0541 20.3459 16.1875 14.2837 13.759 12.4383 17.0563 11.7639 11.6168 16.0098
threshold=18490.590301764427 108.00000000000001 1.0000000180025095e-35 11.337500000000004 -0.32075123873380501 12.681250000000004 8.3062500000000021 -1.4624999999999975 18.687500000000004 0.39236111111111116 89.937500000000014 5.2562500000000023 -0.66570598006644566 -3.1499999999999972 0.25000000000000017 7.5000000000000009 -1.0000000180025095e-35 16.656250000000004
decision_type=2 2 2 2 2 2 2 2 2 2 2 2 2 2 2 2 2 2
left_child=-1 2 3 6 -5 -3 7 8 9 10 11 -2 -13 -14 -15 -4 17 -8
right_child=1 5 15 4 -6 -7 16 -9 -10 -11 -12 12 13 14 -16 -17 -18 -19
leaf_value=-17.030647937060898 10.941472355556121 -0.4078873379938463 -3.5304266653978349 1.2148114313525855 -3.327721978217864 2.3744473762001879 0.84064637269356512 0.035975940453432081 -0.18105601950376363 -0.84939663642921681 4.7125608811154214 1.1131292155298729 -2.1721650273254673 15.519095287855555 7.9182190043822658 -1.1044012235934553 4.4086423712659757 -5.3675017444148461
leaf_weight=19808 1269 67990 32472 15562 23339 59593 34496 8639 2114 1228 1537 713 144 188 298 71099 7133 12178
leaf_count=19808 1269 67990 32472 15562 23339 59593 34496 8639 2114 1228 1537 713 144 188 298 71099 7133 12178
internal_value=-0.000151146 -6.24949e-05 -0.000180332 1.2913e-05 -0.000372574 0.000133688 0.000227332 0.00078592 0.00168891 0.00237598 0.00314453 0.00424491 0.00259408 0.00506697 0.00682347 -0.000383404 5.9881e-05 -7.2035e-05
internal_weight=359800 339992 212409 108838 38901 127583 69937 16130 7491 5377 4149 2612 1343 630 486 103571 53807 46674
internal_count=359800 339992 212409 108838 38901 127583 69937 16130 7491 5377 4149 2612 1343 630 486 103571 53807 46674
is_linear=0
shrinkage=0.0229654


Tree=333
num_leaves=19
num_cat=0
split_feature=37 11 24 24 30 24 19 33 26 24 21 9 35 22 9 20 34 21
split_gain=91.2785 13.822 19.1004 10.0483 16.2217 10.3958 11.691 17.1101 14.1175 15.3547 13.7164 31.2549 16.1492 13.6932 12.5305 11.0149 10.3802 10.3409
threshold=18645.06207268274 84.000000000000014 3.2750000000000012 1.0000000180025095e-35 245.06875000000005 -0.01250000000000062 11.031250000000002 0.27430555555555564 4.5654947916666675 -1.7374999999999978 5.7404947916666682 0.68301270189221941 18844.500000000004 7.2063368055555559 0.25000000000000011 2.2625000000000015 0.92708333333333348 20.888411458333334
decision_type=2 2 2 2 2 2 2 2 2 2 2 2 2 2 2 2 2 2
left_child=-1 2 3 4 17 6 15 8 -8 10 11 13 -12 14 -10 -6 -5 -2
right_child=1 -3 -4 16 5 -7 7 -9 9 -11 12 -13 -14 -15 -16 -17 -18 -19
leaf_value=-14.245532072734319 -3.565700533711655 0.49308364859577014 -7.960014048693572 -1.8033834966938729 -0.31304056817218801 5.6468453874412683 2.4588352520453185 0.74902741241403814 32.181792930619153 -2.4562344914448495 10.643870667018618 20.394392686874934 5.7394260489095554 -9.9203613679826663 7.6423149837139492 12.550909537686275 15.062029687955613 3.4633716161731032
leaf_weight=22595 20289 168644 9511 72800 45513 5476 1766 9177 68 432 62 167 745 140 75 256 74 2010
leaf_count=22595 20289 168644 9511 72800 45513 5476 1766 9177 68 432 62 167 745 140 75 256 74 2010
internal_value=-0.000150635 -5.5949e-05 -0.000203018 -0.000143237 2.46235e-05 0.000210789 0.000121077 0.000739576 0.00211707 0.00361817 0.00490184 0.00811444 0.00311043 0.0034651 0.00846348 -4.96254e-05 -0.000341737 -0.000508661
internal_weight=359800 337205 168561 159050 86176 63877 58401 12632 3455 1689 1257 450 807 283 143 45769 72874 22299
internal_count=359800 337205 168561 159050 86176 63877 58401 12632 3455 1689 1257 450 807 283 143 45769 72874 22299
is_linear=0
shrinkage=0.0229654


Tree=334
num_leaves=19
num_cat=0
split_feature=37 11 15 26 24 13 23 23 26 15 15 9 14 22 15 14 13 31
split_gain=89.1939 14.0763 20.7253 20.8778 19.1574 14.2564 14.0795 20.3945 14.5856 11.8756 10.3714 16.3644 24.8156 20.4978 12.3715 10.8273 10.3786 10.3132
threshold=18490.590301764427 84.000000000000014 14.231250000000003 13.943880208333335 -0.52499999999999969 16.706250000000008 -0.02499999999999902 1.0000000180025095e-35 17.953255208333335 12.456250000000002 8.3062500000000021 -0.93301270189221908 70.062500000000014 14.984505208333337 12.731250000000003 91.312500000000014 14.343750000000004 54.962500000000027
decision_type=2 2 2 2 2 2 2 2 2 2 2 2 2 2 2 2 2 2
left_child=-1 2 3 4 10 -5 8 -8 -4 -3 15 12 13 14 -12 16 -2 -14
right_child=1 9 6 5 -6 -7 7 -9 -10 -11 11 -13 17 -15 -16 -17 -18 -19
leaf_value=-16.312377673365958 4.6492792568189705 -0.45747844194994391 -6.2709419817794387 -3.8741610362904684 -0.61054291553994966 0.21614133939389224 5.1254027390781305 -3.336365152552073 3.9688229182723318 1.7234057298032046 39.693198486412165 0.86494602114936381 0.88633240329691831 -27.293845170349126 32.829933454238429 -0.93532354034236009 24.268234590377809 13.283784522118697
leaf_weight=19808 8999 86640 22803 20420 39292 15201 5307 33074 1360 83440 174 19996 767 74 61 2256 63 65
leaf_count=19808 8999 86640 22803 20420 39292 15201 5307 33074 1360 83440 174 19996 767 74 61 2256 63 65
internal_value=-0.000149231 -6.19546e-05 -0.000209797 -1.62137e-05 0.000209434 -0.000470707 -0.000542117 -0.000268721 -0.000976384 8.57417e-05 0.00062234 0.00032193 0.00299698 0.00855443 0.0118736 0.00118337 0.00153778 0.000932969
internal_weight=359800 339992 169912 107368 71747 35621 62544 38381 24163 170080 32455 21137 1141 309 235 11318 9062 832
internal_count=359800 339992 169912 107368 71747 35621 62544 38381 24163 170080 32455 21137 1141 309 235 11318 9062 832
is_linear=0
shrinkage=0.0229654


Tree=335
num_leaves=19
num_cat=0
split_feature=37 7 8 36 37 36 27 35 12 37 26 35 20 36 35 37 35 13
split_gain=87.3692 13.98 11.4549 12.1525 15.6332 12.5771 12.0284 17.0721 17.1086 15.3551 12.6511 11.3337 11.3667 12.7892 11.2502 9.75745 9.85439 22.7866
threshold=18490.590301764427 0.82968937203783699 0.99572243068690536 24453.500000000004 25583.618629345867 27994.500000000004 0.59687499999999993 25545.500000000004 8.9562500000000025 23426.150605651444 7.3951822916666679 21865.500000000004 2.6250000000000022 22150.500000000004 25425.500000000004 29544.946066381894 30749.500000000004 15.943750000000003
decision_type=2 2 2 2 2 2 2 2 2 2 2 2 2 2 2 2 2 2
left_child=-1 2 3 6 -5 14 -2 8 -8 11 -11 12 13 -10 -6 -7 -17 -18
right_child=1 -3 -4 4 5 15 7 -9 9 10 -12 -13 -14 -15 -16 16 17 -19
leaf_value=-15.937757249475593 0.093027712418403616 -2.0375184892523364 -4.997059017639482 -3.4826655835265936 5.342301158344851 -3.1583461779384514 11.72480927145555 -3.5028336809502729 9.9801940772940103 78.710986004630314 7.3975088694957716 -0.80015351690781289 0.74376593279316261 0.28748679893904133 0.9574283826591834 3.2535709096528138 -0.6468298517754838 16.515385951644767
leaf_weight=19808 58331 57615 7472 33723 5616 24300 845 6793 4961 74 7185 11278 6487 2283 29595 14357 68933 144
leaf_count=19808 58331 57615 7472 33723 5616 24300 845 6793 4961 74 7185 11278 6487 2283 29595 14357 68933 144
internal_value=-0.000148401 -6.20221e-05 4.49694e-06 2.86117e-05 -8.52492e-05 1.96802e-05 0.000233378 0.000540613 0.000755757 0.000671283 0.00160116 0.000401382 0.000844456 0.00146973 0.000396486 -0.000103472 1.44777e-05 -9.93067e-05
internal_weight=359800 339992 282377 274905 176668 142945 98237 39906 33113 32268 7259 25009 13731 7244 35211 107734 83434 69077
internal_count=359800 339992 282377 274905 176668 142945 98237 39906 33113 32268 7259 25009 13731 7244 35211 107734 83434 69077
is_linear=0
shrinkage=0.0229654


Tree=336
num_leaves=19
num_cat=0
split_feature=37 7 31 1 17 35 13 37 32 3 1 35 10 28 21 27 19 4
split_gain=86.6549 13.5134 11.9843 14.0028 13.6992 12.4318 26.0689 14.0584 12.4068 12.8053 26.5677 18.7938 21.5296 20.1664 16.1116 14.7698 18.3639 13.3501
threshold=18490.590301764427 0.82968937203783699 187.59375000000003 21.500000000000004 58.312500000000007 30749.500000000004 15.943750000000003 32659.076238648933 186.00625000000005 1.0000000180025095e-35 7.5000000000000009 21182.500000000004 1.0000000180025095e-35 2.6787500000000009 14.911588541666669 -1.0000000180025095e-35 13.381250000000001 4.5000000000000009
decision_type=2 2 2 2 2 2 2 2 2 2 2 2 2 2 2 2 2 2
left_child=-1 2 3 4 -2 8 7 -7 9 10 -6 12 -11 15 -12 -13 17 -17
right_child=1 -3 -4 -5 5 6 -8 -9 -10 11 14 13 -14 -15 -16 16 -18 -19
leaf_value=-15.571740136813469 -1.1776756636893009 -1.9907260439441068 2.7603641244475972 -2.1847988136303331 -11.886322294931476 -4.4929091739614559 17.374592699762356 0.33197931989604912 -1.2893412252090111 3.5705494141925573 0.68689410892261205 0.59746690802573876 10.025393482455017 -3.8124202405152019 11.243130868051368 7.9917113552083423 15.660633501618387 2.7778770993752011
leaf_weight=19808 79639 57615 15700 28285 3855 14796 135 40558 19324 7539 10319 22447 2574 8499 904 10993 121 16689
leaf_count=19808 79639 57615 15700 28285 3855 14796 135 40558 19324 7539 10319 22447 2574 8499 904 10993 121 16689
internal_value=-0.000146359 -6.03334e-05 5.06624e-06 -3.12352e-05 2.60869e-05 0.000149391 -0.000127846 -0.000152428 0.000298365 0.000419144 -0.000187038 0.000551874 0.00146631 0.000394464 0.000377948 0.00056945 0.000923225 0.000884203
internal_weight=359800 339992 282377 266677 238392 158753 55489 55354 103264 83940 15078 68862 10113 58749 11223 50250 27803 27682
internal_count=359800 339992 282377 266677 238392 158753 55489 55354 103264 83940 15078 68862 10113 58749 11223 50250 27803 27682
is_linear=0
shrinkage=0.0229654


Tree=337
num_leaves=19
num_cat=0
split_feature=10 27 8 26 10 14 8 30 27 28 11 28 29 3 29 3 23 9
split_gain=20.8363 33.6203 19.1736 18.0988 17.3632 15.6354 14.9075 13.3785 16.714 13.2694 15.6364 12.2153 12.2888 10.9863 10.0224 10.5931 9.63023 9.61693
threshold=-0.5 -1.3961123511904769 -0.55438071450436044 18.441536458333335 -0.9330127018922193 84.812500000000014 0.44134171618254503 35.031250000000007 -3.0164434523809516 2.8992068273092362 132.00000000000003 7.6875113378684805 20.768750000000001 2.5000000000000004 264.97500000000008 2.5000000000000004 9.0937500000000018 0.93301270189221952
decision_type=2 2 2 2 2 2 2 2 2 2 2 2 2 2 2 2 2 2
left_child=1 2 5 14 6 -1 -5 -8 -9 -2 -11 -3 -13 17 -4 -16 -14 -12
right_child=9 11 3 4 -6 -7 7 8 -10 10 13 12 16 -15 15 -17 -18 -19
leaf_value=-1.4529987978063093 0.23589876567527746 -0.88461706738424528 -7.1907508481980971 1.1945160412383811 -2.0019549293647643 14.005997313715829 4.7419470564629531 17.018090631953893 9.9992857442618899 -4.6677441927538581 4.7608334932575165 3.3284145122924125 9.2367052536487488 -2.0167636567277363 8.7369363274796665 -5.9892365368888649 -9.1967981507781644 15.94337188867434
leaf_weight=7250 202104 79613 29257 660 4734 689 299 86 124 21991 3079 3199 180 4510 701 637 67 620
leaf_count=7250 202104 79613 29257 660 4734 689 299 86 124 21991 3079 3199 180 4510 701 637 67 620
internal_value=-0.000146614 -0.000382517 -0.000892373 -0.00111486 4.94083e-05 0.000130462 0.00255586 0.00550899 0.00995168 -1.71427e-05 -0.000466153 -0.000109741 0.00122891 0.000389144 -0.00133949 0.000604172 0.0061644 0.00131683
internal_weight=359800 127496 44437 36498 5903 7939 1169 509 210 232304 30200 83059 3446 8209 30595 1338 247 3699
internal_count=359800 127496 44437 36498 5903 7939 1169 509 210 232304 30200 83059 3446 8209 30595 1338 247 3699
is_linear=0
shrinkage=0.0229654


Tree=338
num_leaves=19
num_cat=0
split_feature=37 11 15 7 37 15 18 15 24 10 9 22 26 19 28 24 10 7
split_gain=85.9436 13.4784 13.948 12.6999 11.8709 11.8223 11.4774 10.9458 21.0374 18.1049 24.3408 18.8142 17.3061 14.4162 10.6743 10.2626 10.0414 9.36421
threshold=18490.590301764427 108.00000000000001 20.406250000000004 0.25881904510252096 19435.448731896166 12.681250000000004 0.33812500000000006 8.3062500000000021 -2.2749999999999977 0.93301270189221952 0.68301270189221941 7.0073784722222232 4.5654947916666675 11.706250000000002 -0.87097599637681122 1.5500000000000036 0.6830127018922193 0.65793410509763428
decision_type=2 2 2 2 2 2 2 2 2 2 2 2 2 2 2 2 2 2
left_child=17 2 3 -2 -5 -3 -4 8 9 10 -6 -12 -11 14 -14 16 -8 -1
right_child=1 5 6 4 7 -7 15 -9 -10 12 11 -13 13 -15 -16 -17 -18 -19
leaf_value=-12.150108784401692 0.23586047847894057 -0.37378021644753512 -9.0666019484559595 -5.1943651454818838 -2.0065067505766301 2.2811910388291099 -3.8733253623574582 -2.3340022340859741 -0.34963858024184719 -1.3406806919686833 -4.8229767334081473 9.7977188117759848 9.8312343271581764 19.962423277344897 15.597213969195874 -12.625720931301299 6.2003900150921565 -15.877828544622023
leaf_weight=7714 110913 67990 14767 8441 1530 59593 2834 48081 18774 129 285 814 97 92 61 1794 3797 12094
leaf_count=7714 110913 67990 14767 8441 1530 59593 2834 48081 18774 129 285 814 97 92 61 1794 3797 12094
internal_value=-0.000144316 -5.86448e-05 -0.000170709 -0.000105557 -0.000329477 0.000127928 -0.000702272 -0.00023119 0.000195894 0.00197893 0.00130245 0.00390976 0.00667148 0.0101966 0.00598845 -2.58963e-05 0.000391011 -0.00161481
internal_weight=359800 339992 212409 189217 78304 127583 23192 69863 21782 3008 2629 1099 379 250 158 8425 6631 19808
internal_count=359800 339992 212409 189217 78304 127583 23192 69863 21782 3008 2629 1099 379 250 158 8425 6631 19808
is_linear=0
shrinkage=0.0229654


Tree=339
num_leaves=19
num_cat=0
split_feature=7 10 3 28 3 27 26 0 14 7 36 27 19 35 35 26 36 25
split_gain=34.1952 28.821 13.3321 12.1877 12.1786 12.644 12.0487 10.4013 10.003 10.1971 13.1714 12.101 12.4112 16.3194 11.2373 11.0115 12.0004 9.70599
threshold=0.75023006073889154 -0.5 4.5000000000000009 1.9685285160575849 5.5000000000000009 0.84190848214285763 1.0000000180025095e-35 47.500000000000007 48.687500000000007 -0.97868534383143924 29694.500000000004 -1.0000000180025095e-35 12.856250000000003 28708.500000000004 20705.500000000004 0.78072916666666681 34533.000000000007 8.6252604166666682
decision_type=2 2 2 2 2 2 2 2 2 2 2 2 2 2 2 2 2 2
left_child=7 2 3 -2 5 -3 -6 8 -1 14 11 17 -13 -14 -10 16 -16 -11
right_child=1 4 -4 -5 6 -7 -8 -9 9 10 -12 12 13 -15 15 -17 -18 -19
leaf_value=-3.7853997061349842 -6.2610092799897119 0.30970368143884014 -13.034813807841267 0.18633989674312348 8.3339197370782827 -6.0115879730163071 -5.8760472901757366 -4.896008899701882 30.05297019100437 1.0435004192851511 -1.5341151085161928 1.4216359835938035 16.788641963206587 2.9900724780199393 16.120310635266019 2.0803134695304637 8.0212236455338726 -1.4300408511909146
leaf_weight=14328 14870 38504 8448 5898 88 7168 7480 7504 164 26062 72507 86436 117 203 73 19170 175 50605
leaf_count=14328 14870 38504 8448 5898 88 7168 7480 7504 164 26062 72507 86436 117 203 73 19170 175 50605
internal_value=-0.000142976 -0.000553581 -0.00113318 -0.000820289 -0.000235521 -9.4131e-05 -0.00108879 -2.09005e-05 2.55268e-06 3.56638e-05 -6.13296e-06 0.000108163 0.000293936 0.00480838 0.000539244 0.000488686 0.00529686 -0.000102056
internal_weight=359800 82456 29216 20768 53240 45672 7568 277344 269840 255512 235930 163423 86756 320 19582 19418 248 76667
internal_count=359800 82456 29216 20768 53240 45672 7568 277344 269840 255512 235930 163423 86756 320 19582 19418 248 76667
is_linear=0
shrinkage=0.0229654


Tree=340
num_leaves=19
num_cat=0
split_feature=37 31 26 18 13 3 14 0 14 19 14 15 28 24 17 20 24 6
split_gain=84.1059 11.414 15.17 13.2022 12.5891 13.9226 24.6441 16.2981 12.6522 12.0158 11.9889 11.5031 12.3667 11.2616 12.966 11.3767 10.1729 14.0392
threshold=18490.590301764427 187.59375000000003 14.075911458333335 0.13812500000000003 12.393750000000002 3.5000000000000004 73.812500000000014 37.500000000000007 88.937500000000014 1.2500000000000011 84.062500000000014 20.406250000000004 1.8309367167919814 -0.22500000000000001 60.812500000000007 1.5500000000000027 -2.575000000000002 1.0000000180025095e-35
decision_type=2 2 2 2 2 2 2 2 2 2 2 2 2 2 2 2 2 2
left_child=-1 2 4 9 11 -6 13 8 10 -4 -8 16 -13 14 -7 -16 -2 -18
right_child=1 -3 3 -5 5 6 7 -9 -10 -11 -12 12 -14 -15 15 -17 17 -19
leaf_value=-14.655643697208417 2.204733627310298 2.1308024056561163 -1.7818357239766436 1.146367862584059 0.29740349392480336 -1.4852617486943165 27.898285111059238 2.4180438349607574 0.37656935709915723 -5.5003453663042299 29.371170193212588 -0.99604705826234652 -11.63075313275754 -2.5041862866548912 20.348492563943303 25.616871227393784 -0.010671079364723833 -9.678275265472795
leaf_weight=19808 23631 18968 48941 14058 7534 491 585 504 175 14156 280 20055 9026 2408 570 91 173475 5044
leaf_count=19808 23631 18968 48941 14058 7534 491 585 504 175 14156 280 20055 9026 2408 570 91 173475 5044
internal_value=-0.000141572 -5.6821e-05 -8.91655e-05 -0.000369834 -3.67815e-07 0.000705425 0.00163152 0.00405464 0.00569719 -0.000511633 0.00683652 -3.89431e-05 -0.000466005 0.000580586 0.00244805 0.00454791 2.24934e-05 -3.67799e-05
internal_weight=359800 339992 321024 77155 243869 12638 5104 1544 1040 63097 865 231231 29081 3560 1152 661 202150 178519
internal_count=359800 339992 321024 77155 243869 12638 5104 1544 1040 63097 865 231231 29081 3560 1152 661 202150 178519
is_linear=0
shrinkage=0.0229654


Tree=341
num_leaves=19
num_cat=0
split_feature=37 7 37 1 36 37 36 3 36 0 31 9 3 9 31 21 14 8
split_gain=80.2738 12.1814 12.4749 12.3714 13.426 15.573 12.319 11.9723 13.8837 10.72 27.3424 10.9928 16.8791 10.658 10.3006 10.2393 9.82652 9.59024
threshold=18490.590301764427 0.55438071450436044 19298.943765421787 22.500000000000004 26525.500000000004 27976.737459534634 29484.500000000004 2.5000000000000004 20030.500000000004 14.500000000000002 74.381250000000023 0.93301270189221952 1.0000000180025095e-35 -0.6830127018922193 429.45000000000005 22.154166666666672 74.687500000000014 -0.89495246814786256
decision_type=2 2 2 2 2 2 2 2 2 2 2 2 2 2 2 2 2 2
left_child=17 3 -3 4 -2 -6 14 8 9 11 -11 15 -13 -5 -7 -4 -17 -1
right_child=1 2 7 13 5 6 -8 -9 -10 10 -12 12 -14 -15 -16 16 -18 -19
leaf_value=-5.5096613967215848 1.3085640761603241 -4.4792014438159846 1.374141997694448 -8.7308394986975664 -3.277224848904019 2.580116160425034 -0.36926366142489586 -2.1904732517519108 -0.2445329665670502 3.6380673336472724 27.730749539921678 -7.3264166132949526 13.146818699363177 -1.5368872469228554 8.1711049703263416 3.2739283525656022 13.094853120336767 -14.85674771884258
leaf_weight=3008 103733 10393 3881 2944 28623 16260 76494 48881 35939 184 64 72 117 12048 94 131 134 16800
leaf_count=3008 103733 10393 3881 2944 28623 16260 76494 48881 35939 184 64 72 117 12048 94 131 134 16800
internal_value=-0.000137997 -5.51999e-05 -0.000268463 3.3406e-05 7.59308e-05 -8.79327e-05 5.64434e-05 -0.000180918 0.000110967 0.00130136 0.00594508 0.00103569 0.00645219 -0.000605385 0.00062855 0.000788778 0.00515638 -0.00155916
internal_weight=359800 339992 99796 240196 225204 121471 92848 89403 40522 4583 248 4335 189 14992 16354 4146 265 19808
internal_count=359800 339992 99796 240196 225204 121471 92848 89403 40522 4583 248 4335 189 14992 16354 4146 265 19808
is_linear=0
shrinkage=0.0229654


Tree=342
num_leaves=19
num_cat=0
split_feature=7 3 4 26 17 24 16 11 28 26 14 31 9 28 15 24 4 3
split_gain=32.2292 22.1236 16.6592 11.3504 11.2116 11.0001 9.76155 15.9958 13.8608 19.6283 17.3548 14.9216 13.1455 17.2319 11.3866 10.6551 10.0053 10.5572
threshold=0.82968937203783699 4.5000000000000009 4.5000000000000009 12.990494791666668 42.562500000000007 -5.8187499999999988 58.312500000000007 84.000000000000014 -2.9569200664136615 17.953255208333335 76.187500000000014 94.631250000000009 -0.93301270189221908 -5.5024404761904746 9.5437500000000028 0.17499999999999991 7.5000000000000009 3.5000000000000004
decision_type=2 2 2 2 2 2 2 2 2 2 2 2 2 2 2 2 2 2
left_child=4 3 5 -2 6 -3 8 -8 10 -10 12 15 13 -1 -15 -11 17 -13
right_child=1 2 -4 -5 -6 -7 7 -9 9 11 -12 16 -14 14 -16 -17 -18 -19
leaf_value=2.4072730122056449 -0.29484400429015589 4.6021162945852305 -10.759268470669118 -3.8167737871321838 0.22521376725540945 -2.5178589437901002 -8.1960342077840274 -0.72133173173863085 -2.705918422195396 17.502543078196933 0.0017426777182792536 6.2656285225119426 6.4617403288464397 6.3540232179328013 15.678114874470015 9.4573980889122566 -4.0923920738483588 -0.37665871503348081
leaf_weight=186 30441 99 11880 17799 228186 7245 15452 17899 20386 99 3645 1939 1886 100 131 122 993 1312
leaf_count=186 30441 99 11880 17799 228186 7245 15452 17899 20386 99 3645 1939 1886 100 131 122 993 1312
internal_value=-0.000137614 -0.000590067 -0.00124886 -0.000327534 -3.31993e-05 -0.000389012 -0.000301433 -0.000573671 -6.63687e-06 -0.000244986 0.000989195 0.00113413 0.00254983 0.00623976 0.0104289 0.00695197 0.00083117 0.00144743
internal_weight=359800 67464 19224 48240 292336 7344 64150 33351 30799 24851 5948 4465 2303 417 231 221 4244 3251
internal_count=359800 67464 19224 48240 292336 7344 64150 33351 30799 24851 5948 4465 2303 417 231 221 4244 3251
is_linear=0
shrinkage=0.0229654


Tree=343
num_leaves=19
num_cat=0
split_feature=37 11 7 10 37 35 37 35 35 27 22 35 37 35 13 37 30 37
split_gain=77.8763 13.0143 10.2848 13.6629 10.249 15.0074 12.5392 9.80775 9.52874 8.94965 14.9887 16.1844 8.45593 8.54523 12.2714 12.5385 9.16078 9.79353
threshold=18645.06207268274 84.000000000000014 0.65793410509763428 -0.9330127018922193 24122.371129755611 25425.500000000004 26868.08036656753 24266.500000000004 28441.500000000004 -1.0000000180025095e-35 1.5197048611111112 30270.500000000004 28899.443628317462 32229.500000000004 15.631250000000003 33467.892597773149 1000.8062500000002 38473.853897399989
decision_type=2 2 2 2 2 2 2 2 2 2 2 2 2 2 2 2 2 2
left_child=2 4 3 -1 7 -6 -7 -2 -8 -3 11 -11 -10 -14 15 -15 17 -17
right_child=1 9 -4 -5 5 6 8 -9 12 10 -12 -13 13 14 -16 16 -18 -19
leaf_value=6.1050330987846682 -1.5202276184882788 -0.4067046051736633 -12.771916888856444 -16.493079100456466 2.2592859053123981 -3.8128166821599208 2.2659366582779517 -7.1307275175594445 -5.1970114767708422 18.545159932948007 1.2796794990858291 5.5190392210211812 1.710700105296284 -6.977224783696629 13.556226922180324 1.7852240825121712 -1.546794193265963 12.142886278837487
leaf_weight=2151 57793 79990 13937 6507 20016 17203 12418 8982 6079 223 87676 755 14615 7427 62 5061 18197 708
leaf_count=2151 57793 79990 13937 6507 20016 17203 12418 8982 6079 223 87676 755 14615 7427 62 5061 18197 708
internal_value=-0.000135508 -4.80488e-05 -0.00144074 -0.000819095 -0.000190756 -4.57121e-05 -0.000183679 -0.000411847 -3.68849e-05 9.45879e-05 0.000253501 0.00308084 -0.000173026 -6.67981e-05 -0.000279995 -0.000300154 -4.4655e-05 0.000752774
internal_weight=359800 337205 22595 8658 168561 101786 81770 66775 64567 168644 88654 978 52149 46070 31455 31393 23966 5769
internal_count=359800 337205 22595 8658 168561 101786 81770 66775 64567 168644 88654 978 52149 46070 31455 31393 23966 5769
is_linear=0
shrinkage=0.0229654


Tree=344
num_leaves=19
num_cat=0
split_feature=7 5 0 4 26 17 23 26 6 35 29 35 7 18 24 30 26 36
split_gain=30.4244 21.7893 19.0933 16.6279 12.7729 10.7164 13.5065 11.6385 10.644 10.9829 13.3737 13.9731 13.8838 12.5619 10.2778 10.1238 9.65401 16.0273
threshold=0.82968937203783699 1.0000000180025095e-35 11.500000000000002 4.5000000000000009 19.608203125000003 42.562500000000007 -1.7499999999999991 18.747265625000004 1.0000000180025095e-35 26028.500000000004 259.50625000000008 31136.500000000004 -0.89495246814786256 0.026250000000000006 -5.8187499999999988 24.324999999999999 13.274348958333336 27444.500000000004
decision_type=2 2 2 2 2 2 2 2 2 2 2 2 2 2 2 2 2 2
left_child=5 2 4 14 -2 -1 7 -7 9 13 -11 12 -12 -8 -3 -15 17 -4
right_child=1 3 16 -5 -6 6 8 -9 -10 10 11 -13 -14 15 -16 -17 -18 -19
leaf_value=-1.4826957105044094 -4.7763054367108611 4.5348194206783106 4.6567193076136819 -10.436143615662166 3.8864666595434745 -1.7011992402137524 0.4801858084454077 2.9514019913886584 -11.4017437393014 -2.0899801022573889 9.2690107138169822 -0.22096066571778161 2.7959411465943087 -3.8979287167717147 -2.4322860936144055 4.3704353099932582 -2.6147268097987526 -2.3071755610167037
leaf_weight=64150 20314 99 9686 11880 1126 45235 35880 3790 4056 32269 2048 47224 20693 3381 7245 33610 9462 7652
leaf_count=64150 20314 99 9686 11880 1126 45235 35880 3790 4056 32269 2048 47224 20693 3381 7245 33610 9462 7652
internal_value=-0.000132763 -0.000572366 -0.000311824 -0.00122616 -0.000822642 -3.13139e-05 4.24106e-05 -0.000295354 0.000134835 0.000161776 8.22112e-06 0.000186605 0.000654293 0.000377204 -0.000367122 0.000674167 9.68312e-05 0.000418829
internal_weight=359800 67464 48240 19224 21440 292336 228186 49025 179161 175105 102234 69965 22741 72871 7344 36991 26800 17338
internal_count=359800 67464 48240 19224 21440 292336 228186 49025 179161 175105 102234 69965 22741 72871 7344 36991 26800 17338
is_linear=0
shrinkage=0.0229654


Tree=345
num_leaves=19
num_cat=0
split_feature=7 10 3 28 3 8 24 15 11 14 35 11 15 18 28 10 11 25
split_gain=29.6083 27.0259 13.3695 11.651 11.0627 10.1993 9.96717 11.192 14.6983 12.2812 9.91761 9.80155 11.7623 17.6505 16.8617 11.8206 11.7824 11.5555
threshold=0.75023006073889154 -0.5 4.5000000000000009 1.9685285160575849 5.5000000000000009 0.99572243068690536 -2.0749999999999984 8.5687500000000032 36.000000000000007 87.687500000000014 18411.500000000004 132.00000000000003 13.581250000000004 0.11312500000000002 8.3609523809523818 0.93301270189221952 60.000000000000007 9.3127604166666682
decision_type=2 2 2 2 2 2 2 2 2 2 2 2 2 2 2 2 2 2
left_child=5 2 3 -2 6 11 7 8 9 -3 -10 12 13 17 16 -15 -14 -1
right_child=1 4 -4 -5 -6 -7 -8 -9 10 -11 -12 -13 14 15 -16 -17 -18 -19
leaf_value=1.1839559095716194 -5.8719967582674801 14.366978431960129 -11.698368199536308 0.41329911190478841 -4.84648216535341 -4.6989457035290627 -1.3484248278234847 -0.028492636735846323 11.116816242457592 3.656860951063913 1.674098192429001 1.5012027141696751 -3.3189141097201533 2.7178851719364601 7.891661846379014 12.232830794244814 -0.22045815704004162 -1.1011100900713422
leaf_weight=37274 14870 450 8448 5898 7568 7472 36788 5572 136 379 2347 67468 43977 15653 452 795 46592 57661
leaf_count=37274 14870 450 8448 5898 7568 7472 36788 5572 136 379 2347 67468 43977 15653 452 795 46592 57661
internal_value=-0.000131678 -0.000513753 -0.00107501 -0.000761681 -0.000205757 -1.80851e-05 -7.10006e-05 0.000619373 0.00167664 0.00432437 0.000792644 5.08828e-06 -7.48182e-05 8.34422e-05 -0.000268482 0.000777986 -0.000290564 -3.68913e-05
internal_weight=359800 82456 29216 20768 53240 277344 45672 8884 3312 829 2483 269872 202404 111383 91021 16448 90569 94935
internal_count=359800 82456 29216 20768 53240 277344 45672 8884 3312 829 2483 269872 202404 111383 91021 16448 90569 94935
is_linear=0
shrinkage=0.0229654


Tree=346
num_leaves=19
num_cat=0
split_feature=37 37 36 8 35 36 3 32 25 35 30 30 4 36 37 35 37 9
split_gain=74.2503 13.2782 17.8103 13.6135 13.0997 16.1887 10.4701 15.9476 20.4324 16.4092 16.1989 14.5804 23.873 10.6183 24.5397 24.5051 20.0044 13.7195
threshold=18232.96162295766 19506.178663369119 19397.500000000004 -0.82968937203783677 19004.500000000004 17856.500000000004 2.5000000000000004 502.63125000000002 22.846354166666668 29696.500000000004 506.00625000000008 1102.9375000000002 11.500000000000002 24511.500000000004 23010.499539348642 22711.500000000004 24870.637002989264 0.93301270189221952
decision_type=2 2 2 2 2 2 2 2 2 2 2 2 2 2 2 2 2 2
left_child=-1 3 4 -2 5 -3 7 10 9 -9 -4 -12 -13 14 -8 17 -15 -16
right_child=1 2 6 -5 -6 -7 13 8 -10 -11 11 12 -14 16 15 -17 -18 -19
leaf_value=-17.799098016803406 5.7217567461842398 1.0027099843924137 -1.7548773527813648 -3.7404173524035329 1.9591353914021334 13.541389490159663 -1.5270558559948657 6.6408561076168882 -7.4557048955200855 8.9317493392644032 2.4754632441171447 0.87196140886445694 -8.6459068194995989 -6.4970299821024007 11.240091729587281 2.091573696572004 -0.89123168319481405 17.670393714814942
leaf_weight=15566 3212 665 42360 20971 10831 847 41132 7676 1541 62 44889 35105 7333 16111 1184 24274 85868 173
leaf_count=15566 3212 665 42360 20971 10831 847 41132 7676 1541 62 44889 35105 7333 16111 1184 24274 85868 173
internal_value=-0.000129891 -5.97367e-05 -2.05298e-05 -0.000578623 0.000834852 0.00283726 -5.48414e-05 9.2776e-05 0.00101252 0.00149343 2.69692e-05 0.00020573 -9.94643e-05 -0.00017641 4.8742e-05 0.000606503 -0.000323812 0.00360982
internal_weight=359800 344234 320051 24183 12343 1512 307708 138966 9279 7738 129687 87327 42438 168742 66763 25631 101979 1357
internal_count=359800 344234 320051 24183 12343 1512 307708 138966 9279 7738 129687 87327 42438 168742 66763 25631 101979 1357
is_linear=0
shrinkage=0.0229654


Tree=347
num_leaves=19
num_cat=0
split_feature=37 37 36 0 19 36 10 37 36 36 9 37 26 36 36 37 13 27
split_gain=73.3919 14.4444 16.9858 14.6616 9.21311 9.13399 9.09065 8.87367 20.0084 18.2555 12.7795 11.0403 10.5458 20.6441 10.3773 17.2848 10.1786 9.87619
threshold=18139.320379618603 19506.178663369119 19397.500000000004 18.500000000000004 11.106250000000003 21132.500000000004 -0.24999999999999994 24265.547663062582 25864.500000000004 24629.500000000004 0.93301270189221952 26605.106371552731 11.492317708333333 23144.500000000004 31379.500000000004 32659.076238648933 15.131250000000003 0.59687499999999993
decision_type=2 2 2 2 2 2 2 2 2 2 2 2 2 2 2 2 2 2
left_child=-1 3 -3 4 -2 -5 -6 9 -9 10 17 -10 -12 -14 -13 -16 -17 -4
right_child=1 2 7 5 6 -7 -8 8 11 -11 12 14 13 -15 15 16 -18 -19
leaf_value=-19.741628244091611 -4.0989269614177788 2.8644915746925692 -1.679382000059126 5.8490379950821092 11.712315519841416 -20.384535973173421 -15.626041451629675 2.0331732926056207 -3.6296696345885375 -6.3466888995180719 3.4838050534658542 1.0171910254365517 23.414062648609491 -5.0430340371357447 -8.4984768280132368 -0.0046089251424112476 15.404189881866362 1.1081218356484106
leaf_weight=14192 19338 12343 55590 4692 87 1378 62 45402 22137 18129 7172 59708 64 83 18005 53793 71 27554
leaf_count=14192 19338 12343 55590 4692 87 1378 62 45402 22137 18129 7172 59708 64 83 18005 53793 71 27554
internal_value=-0.00012938 -6.29147e-05 -2.09603e-05 -0.000588311 -0.000895306 0.000397259 0.00479345 -5.44683e-05 3.66074e-05 -0.000221466 -8.81679e-05 -8.85072e-05 0.000831825 0.00692087 -8.67517e-06 -0.000194572 1.13406e-05 -0.000169153
internal_weight=359800 345608 320051 25557 19487 6070 149 307708 199116 108592 90463 153714 7319 147 131577 71869 53864 83144
internal_count=359800 345608 320051 25557 19487 6070 149 307708 199116 108592 90463 153714 7319 147 131577 71869 53864 83144
is_linear=0
shrinkage=0.0229654


Tree=348
num_leaves=19
num_cat=0
split_feature=37 11 37 27 28 36 19 10 13 34 16 16 3 3 3 34 4 14
split_gain=71.3017 13.7343 12.4924 9.08316 12.1864 10.0639 13.7528 9.50325 7.53466 10.3535 9.49773 7.27355 7.16412 7.05588 10.9886 13.0433 10.8003 16.7652
threshold=18232.96162295766 84.000000000000014 19710.194226256823 -1.0000000180025095e-35 1.6657072368421064 25985.500000000004 13.381250000000001 -0.5 23.881250000000005 0.94791666666666674 390.43750000000006 563.06250000000011 3.5000000000000004 1.0000000180025095e-35 2.5000000000000004 0.6840277777777779 2.5000000000000004 85.312500000000014
decision_type=2 2 2 2 2 2 2 2 2 2 2 2 2 2 2 2 2 2
left_child=-1 2 12 4 7 6 -5 -3 10 11 -4 -10 -2 -6 -15 16 17 -16
right_child=1 3 8 5 13 -7 -8 -9 9 -11 -12 -13 -14 14 15 -17 -18 -19
leaf_value=-17.043754185479585 -6.7177840436991909 -2.9471119864450519 -0.50130080532243138 2.8935239832246196 -5.0958969190475409 0.10460128245509673 18.492106849087012 -0.1228071823817334 5.813279626200571 13.681716949475842 -6.5950701979105038 -4.7915370744068282 -2.0451733132792307 7.4945745603614897 29.176945267472544 29.828752223808323 -0.38184238244919072 -2.2793932314085139
leaf_weight=15566 6439 21830 141884 40452 1300 49086 109 51304 1531 86 13229 964 7878 2790 110 175 4932 135
leaf_count=15566 6439 21830 141884 40452 1300 49086 109 51304 1531 86 13229 964 7878 2790 110 175 4932 135
internal_value=-0.000128551 -5.98035e-05 -0.000204954 8.51681e-05 -8.86072e-05 0.000245237 0.000512915 -0.000188851 -0.000145983 0.00108465 -0.00016646 0.000814604 -0.000854486 0.000687843 0.000938699 0.000329548 0.000121104 0.00482742
internal_weight=359800 344234 172011 172223 82576 89647 40561 73134 157694 2581 155113 2495 14317 9442 8142 5352 5177 245
internal_count=359800 344234 172011 172223 82576 89647 40561 73134 157694 2581 155113 2495 14317 9442 8142 5352 5177 245
is_linear=0
shrinkage=0.0229654


Tree=349
num_leaves=19
num_cat=0
split_feature=7 10 26 23 1 17 23 11 35 30 21 14 10 26 22 28 23 18
split_gain=27.947 24.8637 10.8631 12.4208 11.8705 10.0116 11.9801 10.0318 11.2489 10.2939 15.9302 9.61017 9.60481 27.8584 17.469 10.5388 10.0512 9.24816
threshold=0.75023006073889154 -0.5 18.349869791666674 -3.8874999999999984 6.5000000000000009 42.562500000000007 -1.4999999999999991 1.0000000180025095e-35 26421.500000000004 395.80000000000001 14.832161458333333 84.812500000000014 -0.9330127018922193 17.092187500000005 14.897222222222224 5.1970512820512811 -2.7499999999999982 0.026250000000000006
decision_type=2 2 2 2 2 2 2 2 2 2 2 2 2 2 2 2 2 2
left_child=5 2 4 -4 -2 -1 12 11 17 -10 -11 -8 13 -7 -15 16 -16 -9
right_child=1 -3 3 -5 -6 6 7 8 9 10 -12 -13 -14 14 15 -17 -18 -19
leaf_value=-1.3836815880729123 -8.3972577234226335 -1.0211896071154134 3.7987518164886849 -3.6686507938409454 -3.2259227355186311 -2.5285003144535385 -2.9629813710185751 1.0032336941127951 -3.4820843389247624 0.75730230780599028 19.483546507587107 2.5943919725001221 -1.5589916860070054 16.88540364371633 9.4564983264750015 0.34433133212824368 -0.94242212397408009 4.1085416493408626
leaf_weight=61129 15821 53240 1675 5816 5904 3715 17559 28740 10167 70320 62 4584 45791 71 1037 781 312 33076
leaf_count=61129 15821 53240 1675 5816 5904 3715 17559 28740 10167 70320 62 4584 45791 71 1037 781 312 33076
internal_value=-0.000126955 -0.000498156 -0.00103649 -0.000282355 -0.00129653 -1.65946e-05 5.67717e-05 0.000152611 0.000223338 4.45053e-05 0.000143178 -0.00030212 -0.000248144 0.000622659 0.00267008 0.00229654 0.00352567 0.000456365
internal_weight=359800 82456 29216 7491 21725 277344 216215 164508 142365 80549 70382 22143 51707 5916 2201 2130 1349 61816
internal_count=359800 82456 29216 7491 21725 277344 216215 164508 142365 80549 70382 22143 51707 5916 2201 2130 1349 61816
is_linear=0
shrinkage=0.0229654


Tree=350
num_leaves=19
num_cat=0
split_feature=7 10 3 28 27 3 8 17 11 15 36 27 30 15 35 10 10 22
split_gain=26.9993 24.1581 12.8706 11.1099 11.0214 12.5774 9.69349 10.1348 8.22997 12.1904 10.8974 11.552 11.0405 10.6656 9.66841 10.5028 9.23977 19.0973
threshold=0.75023006073889154 -0.5 4.5000000000000009 1.9685285160575849 0.84190848214285763 5.5000000000000009 0.99572243068690536 42.562500000000007 1.0000000180025095e-35 12.618750000000004 29694.500000000004 0.53476562499999958 1928.5375000000001 11.168750000000003 27702.500000000004 -0.5 0.6830127018922193 6.4070312500000011
decision_type=2 2 2 2 2 2 2 2 2 2 2 2 2 2 2 2 2 2
left_child=6 2 3 -2 5 -3 7 -1 9 -9 11 16 14 -14 -13 -16 -10 -18
right_child=1 4 -4 -5 -6 -7 -8 8 10 -11 -12 12 13 -15 15 -17 17 -19
leaf_value=-1.2926853990402247 -5.4851989883797954 0.42321373386432259 -10.859206108678608 0.52112968257567238 -5.7167634155604432 -4.5079914966912229 -4.5345802577525305 0.65395361372462835 -0.37536322874653216 -4.6118240213969344 -0.61073632153610924 3.4761933622243486 21.973954346916624 2.0929067247328978 -7.3219736609681823 1.256410036191079 -2.2663215348406824 6.3062049254954804
leaf_weight=59257 14870 38504 8448 5898 8275 6461 7472 15517 50550 13267 62513 46149 200 245 2816 8159 4521 6678
leaf_count=59257 14870 38504 8448 5898 8275 6461 7472 15517 50550 13267 62513 46149 200 245 2816 8159 4521 6678
internal_value=-0.000126061 -0.000490915 -0.00102156 -0.000714131 -0.000199719 -5.79695e-05 -1.75883e-05 5.00318e-06 7.9653e-05 -0.000281164 0.000136771 0.000265457 0.000499487 0.00410281 0.000471417 -0.000141246 4.72699e-05 0.000644114
internal_weight=359800 82456 29216 20768 53240 44965 277344 269872 210615 28784 181831 119318 57569 445 57124 10975 61749 11199
internal_count=359800 82456 29216 20768 53240 44965 277344 269872 210615 28784 181831 119318 57569 445 57124 10975 61749 11199
is_linear=0
shrinkage=0.0229654


Tree=351
num_leaves=19
num_cat=0
split_feature=36 11 15 10 0 27 12 15 8 0 35 1 33 10 27 33 22 15
split_gain=22.0322 13.7045 20.5206 15.65 12.1274 11.9738 10.7338 9.8412 9.54898 9.20157 10.9267 9.42758 9.03148 14.7539 10.2979 9.01483 9.92112 10.6968
threshold=17718.500000000004 84.000000000000014 16.206250000000008 -0.5 19.500000000000004 -4.5551339285714274 17.068750000000005 12.881250000000003 -0.89495246814786256 33.500000000000007 32087.000000000004 20.500000000000004 1.0000000180025095e-35 0.6830127018922193 1.0000000180025095e-35 0.42708333333333343 8.8005642361111125 8.4562500000000025
decision_type=2 2 2 2 2 2 2 2 2 2 2 2 2 2 2 2 2 2
left_child=4 2 3 6 -1 -5 -2 -3 -4 10 15 -11 13 -10 -15 16 17 -7
right_child=1 7 8 5 -6 9 -8 -9 12 11 -12 -13 -14 14 -16 -17 -18 -19
leaf_value=-9.2204636973091372 -3.2809978227305887 -0.47264753228391371 0.46917495541206383 3.5667057435998832 -1.5307527625237942 5.0707326696655386 0.010666152232680358 1.4917568614256236 -6.014984927992983 2.9390950403380147 -4.1201612074118836 -0.55510735356402041 -9.0794775679255135 4.7161015612038062 -7.53879118400023 -4.1302932827865169 -0.43706704626044179 1.420979203601948
leaf_weight=8032 28019 92479 8037 5021 6264 2880 19136 80273 18545 14370 11068 10263 12312 4825 1740 5717 22754 8065
leaf_count=8032 28019 92479 8037 5021 6264 2880 19136 80273 18545 14370 11068 10263 12312 4825 1740 5717 22754 8065
internal_value=-0.000124721 -8.81654e-05 -0.000232803 -8.32254e-05 -0.00100819 0.000112107 -0.000415185 5.64718e-05 -0.000651644 3.95301e-05 -0.000138019 0.000403407 -0.000805895 -0.000556073 0.00037955 4.10174e-05 0.000184069 0.000752224
internal_weight=359800 345504 172752 127293 14296 80138 47155 172752 45459 75117 50484 24633 37422 25110 6565 39416 33699 10945
internal_count=359800 345504 172752 127293 14296 80138 47155 172752 45459 75117 50484 24633 37422 25110 6565 39416 33699 10945
is_linear=0
shrinkage=0.0229654


Tree=352
num_leaves=19
num_cat=0
split_feature=37 7 37 27 8 36 37 36 37 15 3 12 9 36 26 37 32 26
split_gain=68.485 12.8274 15.4661 11.5253 10.4391 11.6128 15.1937 12.2898 9.49018 15.9564 10.2476 15.8311 15.3183 18.6549 16.6675 11.5071 14.1937 26.8911
threshold=18139.320379618603 0.55438071450436044 19298.943765421787 1.3241629464285698 0.99572243068690536 26525.500000000004 28231.963308138806 29484.500000000004 25822.820239056793 28.068750000000005 1.0000000180025095e-35 16.743750000000006 -0.6830127018922193 22554.500000000004 8.0907552083333361 21113.0901851915 157.18750000000003 15.002213541666668
decision_type=2 2 2 2 2 2 2 2 2 2 2 2 2 2 2 2 2 2
left_child=-1 4 -3 -4 5 8 -7 -8 10 -10 11 -2 -12 -14 -15 -13 17 -17
right_child=1 2 3 -5 -6 6 7 -9 9 -11 12 15 13 14 -16 16 -18 -19
leaf_value=-18.635752648099501 -7.32469194701397 -4.1299981711840799 -0.35591404315919151 -5.3939068132380017 -4.4066953266706781 -2.9975823422384704 3.0645093898217763 -0.32055758372296811 2.6875143254552372 31.328747906998533 -1.4254292509692816 -11.420534939470267 4.3013161692979125 6.0985738466881703 -0.87877879372096501 -3.7548676827837753 4.9128759095071626 16.575274958129743
leaf_weight=14192 7989 14488 79361 10042 7472 32364 14704 75704 17669 74 21540 991 28779 4325 26561 302 2887 356
leaf_count=14192 7989 14488 79361 10042 7472 32364 14704 75704 17669 74 21540 991 28779 4325 26561 302 2887 356
internal_value=-0.000122934 -5.87284e-05 -0.000272139 -0.00015934 3.29962e-05 5.9951e-05 -9.41278e-05 5.87288e-05 0.000229647 0.000716673 0.000137454 -0.000473977 0.00023176 0.000421279 2.92955e-05 0.000609575 0.00122115 0.004265
internal_weight=359800 345608 103891 89403 241717 234245 122772 90408 111473 17743 93730 12525 81205 59665 30886 4536 3545 658
internal_count=359800 345608 103891 89403 241717 234245 122772 90408 111473 17743 93730 12525 81205 59665 30886 4536 3545 658
is_linear=0
shrinkage=0.0229654


Tree=353
num_leaves=19
num_cat=0
split_feature=7 10 3 8 35 3 3 36 35 21 21 11 16 21 30 16 22 26
split_gain=25.6835 24.892 10.5466 10.1865 31.6378 19.8656 15.3233 16.637 13.7463 11.454 12.4364 9.79553 15.8222 11.3994 16.8025 10.3735 11.9274 11.1246
threshold=0.82968937203783699 -0.5 4.5000000000000009 0.13052619222005152 18505.500000000004 1.5000000000000002 4.5000000000000009 21191.500000000004 23418.500000000004 11.849348958333335 17.069401041666669 132.00000000000003 486.56250000000006 19.319661458333336 22.237499999999997 253.31250000000003 16.843706597222226 18.246484375000005
decision_type=2 2 2 2 2 2 2 2 2 2 2 2 2 2 2 2 2 2
left_child=11 2 -2 4 5 9 7 8 -6 -3 -11 12 13 14 -1 17 -17 -13
right_child=1 3 -4 -5 6 -7 -8 -9 -10 10 -12 15 -14 -15 -16 16 -18 -19
leaf_value=-6.7647502741564089 -3.907213720344024 21.309961386994093 -11.677768048952977 -2.6466847202250525 4.5287464293232889 -10.386786870218192 -5.2487772015780569 0.82741594760062187 23.754134596580247 7.4326648392212142 8.174388803408986 -0.30320985126651395 -7.6010690690564324 2.9259826718437627 -0.19322372547384808 7.4329588392812269 -2.8966079823077617 4.5922906286147915
leaf_weight=7503 16992 198 6912 19360 1000 176 6696 15504 320 240 66 48661 18921 9069 183759 15801 5557 3065
leaf_count=7503 16992 198 6912 19360 1000 176 6696 15504 320 240 66 48661 18921 9069 183759 15801 5557 3065
internal_value=-0.000122168 -0.00052607 -0.00112156 -0.000199287 0.000114826 0.00499835 -2.63639e-05 0.000343443 0.00281848 0.00731795 0.00453304 -2.89571e-05 -0.000105709 -4.57523e-05 -8.34753e-05 0.000201297 0.000627091 2.5484e-05
internal_weight=359800 67464 23904 43560 24200 680 23520 16824 1320 504 306 292336 219252 200331 191262 73084 21358 51726
internal_count=359800 67464 23904 43560 24200 680 23520 16824 1320 504 306 292336 219252 200331 191262 73084 21358 51726
is_linear=0
shrinkage=0.0229654


Tree=354
num_leaves=19
num_cat=0
split_feature=37 37 36 3 8 29 3 32 30 30 10 29 37 36 16 37 37 36
split_gain=67.4139 13.1957 16.6495 13.9802 13.1482 11.3824 9.96587 15.4424 15.6617 14.1244 22.6181 10.0095 10.0594 11.9314 18.4248 12.2667 11.158 10.681
threshold=18031.999696501833 19506.178663369119 19397.500000000004 1.0000000180025095e-35 -0.89495246814786256 374.91875000000005 2.5000000000000004 502.63125000000002 506.00625000000008 1102.9375000000002 0.93301270189221952 67.406250000000014 38473.853897399989 31379.500000000004 61.812500000000007 36373.894888711664 31322.269345415203 38855.500000000007
decision_type=2 2 2 2 2 2 2 2 2 2 2 2 2 2 2 2 2 2
left_child=-1 3 -3 5 -5 -2 7 8 -4 11 -11 -10 13 15 16 -13 -15 -14
right_child=1 2 6 4 -6 -7 -8 -9 9 10 -12 12 17 14 -16 -17 -18 -19
leaf_value=-19.992356785237178 -11.09816013769591 2.8248456646915456 -1.6771539150355994 8.9888940278812264 -2.2923716978191071 10.046297729380139 -0.80185366939414804 4.7947072371819814 12.180258577907777 0.86026172250262833 -8.4174262637675721 2.9732681892513337 0.8932492090336519 -12.871871061484708 -12.195976303318458 37.219022499341783 4.7665119914838874 20.349776825935923
leaf_weight=12749 4466 12343 42360 2673 19771 90 168742 9279 127 35105 7333 31182 521 1373 5277 94 5875 440
leaf_count=12749 4466 12343 42360 2673 19771 90 168742 9279 127 35105 7333 31182 521 1373 5277 94 5875 440
internal_value=-0.000119615 -5.93644e-05 -1.82336e-05 -0.000546918 -0.000311472 -0.00170678 -5.14083e-05 9.26107e-05 2.78547e-05 0.000203626 -9.67585e-05 0.00048761 0.000469343 0.000418348 -0.000180607 0.00065821 0.000570966 0.00279361
internal_weight=359800 347051 320051 27000 22444 4556 307708 138966 129687 87327 42438 44889 44762 43801 12525 31276 7248 961
internal_count=359800 347051 320051 27000 22444 4556 307708 138966 129687 87327 42438 44889 44762 43801 12525 31276 7248 961
is_linear=0
shrinkage=0.0229654


Tree=355
num_leaves=19
num_cat=0
split_feature=37 11 37 15 18 11 8 15 35 21 26 22 26 14 12 26 30 23
split_gain=66.2656 13.2823 15.1006 13.4071 12.3999 10.872 10.6454 10.4196 9.8603 12.6303 18.2913 11.5978 9.28691 10.5532 26.2265 9.2817 14.1311 12.3987
threshold=18031.999696501833 108.00000000000001 19574.565316963995 13.581250000000004 0.11312500000000002 60.000000000000007 -0.94490267940017736 12.681250000000004 20705.500000000004 13.379036458333333 15.520963541666669 14.166015625000002 13.943880208333335 91.062500000000014 12.831250000000002 18.144401041666672 273.96875000000006 -2.6999999999999984
decision_type=2 2 2 2 2 2 2 2 2 2 2 2 2 2 2 2 2 2
left_child=-1 2 6 4 12 -5 8 15 9 -2 11 -11 13 -4 -15 16 -3 -17
right_child=1 7 3 5 -6 -7 -8 -9 -10 10 -12 -13 -14 14 -16 17 -18 -19
leaf_value=-19.533224136188615 -18.537676716045727 -4.621597834277452 0.94764872169789249 -3.2349156897124809 2.6629937191738309 -0.16779706175117379 -4.7010521089312034 2.0919628297476778 -5.381156528173233 16.748596940997597 12.55071257502744 35.424911491371205 -1.5266185223050104 -3.4882557148613453 18.518358718063155 4.8715391604481892 0.011349376117561526 -0.043590318589552
leaf_weight=12749 221 11697 58612 48217 16133 35403 16413 60782 686 61 339 95 30589 9845 138 3035 49337 5448
leaf_count=12749 221 11697 58612 48217 16133 35403 16413 60782 686 61 339 95 30589 9845 138 3035 49337 5448
internal_value=-0.000119232 -5.94967e-05 -0.000169652 -0.00011229 4.82536e-05 -0.000333688 -0.000810203 0.000123746 0.00111059 0.00299577 0.00503383 0.0115416 -4.77911e-05 0.000100606 -0.000589606 -6.82853e-05 -0.000167216 0.000643507
internal_weight=359800 347051 216752 198937 115317 83620 17815 130299 1402 716 495 156 99184 68595 9983 69517 61034 8483
internal_count=359800 347051 216752 198937 115317 83620 17815 130299 1402 716 495 156 99184 68595 9983 69517 61034 8483
is_linear=0
shrinkage=0.0229654


Tree=356
num_leaves=19
num_cat=0
split_feature=7 3 26 4 36 11 16 21 32 28 24 16 22 26 17 26 3 23
split_gain=24.3722 19.0355 12.9401 11.3637 12.2899 9.27461 14.4988 10.8445 11.4316 16.3974 12.3721 10.1028 11.6764 10.662 8.61014 8.42123 8.95903 9.08024
threshold=0.82968937203783699 5.5000000000000009 13.138020833333336 1.5000000000000002 19785.500000000004 132.00000000000003 482.06250000000006 19.319661458333336 170.44375000000002 1.166525930851064 4.2750000000000039 253.31250000000003 16.843706597222226 18.246484375000005 98.312500000000014 18.441536458333335 1.0000000180025095e-35 -3.5999999999999979
decision_type=2 2 2 2 2 2 2 2 2 2 2 2 2 2 2 2 2 2
left_child=5 2 -2 4 -3 6 7 8 10 14 -1 13 -13 -7 -10 -4 -17 -18
right_child=1 3 15 -5 -6 11 -8 -9 9 -11 -12 12 -14 -15 -16 16 17 -19
leaf_value=0.14002779830195433 -0.53436519494069179 15.118468437531739 -5.1857768720679687 -9.9835595563107713 0.75861380940122225 -0.3110774094942263 -7.1722782382766477 2.869820946296878 -5.4910148074295719 0.46501857032260352 -8.5244484708938728 7.2527390252641188 -2.8287520642924715 4.6136257531059899 5.0615050410892835 -11.756914586596432 5.914104530442633 -0.66616924962084911
leaf_weight=156688 37000 88 15710 8712 776 48661 19449 8997 16067 12609 4599 15801 5557 3065 843 930 1072 3176
leaf_count=156688 37000 88 15710 8712 776 48661 19449 8997 16067 12609 4599 15801 5557 3065 843 930 1072 3176
internal_value=-0.000117636 -0.000511092 -0.000354193 -0.00145956 0.00105258 -2.68361e-05 -0.000101519 -4.32526e-05 -7.99918e-05 -0.000495501 -3.94471e-06 0.000197212 0.000617414 2.37081e-05 -0.000962891 -0.000811178 -7.98389e-06 0.00043898
internal_weight=359800 67464 57888 9576 864 292336 219252 199803 190806 29519 161287 73084 21358 51726 16910 20888 5178 4248
internal_count=359800 67464 57888 9576 864 292336 219252 199803 190806 29519 161287 73084 21358 51726 16910 20888 5178 4248
is_linear=0
shrinkage=0.0229654


Tree=357
num_leaves=19
num_cat=0
split_feature=37 11 37 15 13 15 3 10 25 10 26 26 30 16 33 33 10 31
split_gain=65.3234 12.3411 14.4353 13.5971 11.0308 9.96562 9.74913 9.48529 9.35696 16.6904 9.98595 8.72546 13.8643 14.7268 14.6241 12.633 10.1297 11.8966
threshold=18031.999696501833 108.00000000000001 19574.565316963995 20.406250000000004 -0.44374999999999981 12.681250000000004 3.5000000000000004 0.6830127018922193 15.560677083333335 -0.24999999999999994 16.332942708333338 18.144401041666672 273.96875000000006 253.31250000000003 0.71875000000000011 0.92013888888888895 -0.9330127018922193 104.41875000000003
decision_type=2 2 2 2 2 2 2 2 2 2 2 2 2 2 2 2 2 2
left_child=-1 2 6 -4 7 11 -2 -5 -6 -10 -11 12 -3 -14 -15 -16 17 -13
right_child=1 5 3 4 8 -7 -8 -9 9 10 -12 16 13 14 15 -17 -18 -19
leaf_value=-18.900137494081747 -6.6041938479309783 -4.5053594807866464 -0.18672342313246915 -7.4565593320792605 -8.8637971294720916 2.0472853258316661 -1.5850113921743916 4.7165273823075191 -1.2933225559651793 29.988457333574502 3.3468593352111422 13.56829735500671 -0.68651890716456321 6.3729679236404335 48.741313236892033 9.9448725680227916 0.68656877241776137 4.751567766390747
leaf_weight=12749 7719 11697 176837 1709 15269 60782 10096 3380 1501 130 111 294 42538 6645 78 76 6104 2085
leaf_count=12749 7719 11697 176837 1709 15269 60782 10096 3380 1501 130 111 294 42538 6645 78 76 6104 2085
internal_value=-0.000116423 -5.71145e-05 -0.000163294 -0.00010721 -0.000644279 0.000119516 -0.000789577 0.00029378 -0.000924908 0.000669714 0.00627975 -6.82853e-05 -0.000164206 4.32842e-06 0.000996777 0.00799315 0.00062185 0.00189303
internal_weight=359800 347051 216752 198937 22100 130299 17815 5089 17011 1742 241 69517 61034 49337 6799 154 8483 2379
internal_count=359800 347051 216752 198937 22100 130299 17815 5089 17011 1742 241 69517 61034 49337 6799 154 8483 2379
is_linear=0
shrinkage=0.0229654


Tree=358
num_leaves=19
num_cat=0
split_feature=7 3 35 13 35 19 17 23 35 25 3 13 36 25 22 27 36 4
split_gain=23.5106 21.0642 16.5764 11.0906 9.70265 19.468 9.07843 9.60117 9.46572 14.3224 20.4842 18.806 10.5285 10.2776 10.9256 8.46432 10.2775 18.0708
threshold=0.65793410509763428 5.5000000000000009 22188.500000000004 -5.4437499999999988 17399.500000000004 10.093750000000002 42.562500000000007 -1.7499999999999991 22652.500000000004 16.493489583333339 1.0000000180025095e-35 17.431250000000006 26661.500000000004 9.6252604166666682 6.8269965277777791 -0.72914806547619027 24219.500000000004 1.5000000000000002
decision_type=2 2 2 2 2 2 2 2 2 2 2 2 2 2 2 2 2 2
left_child=6 4 -3 -4 5 -2 -1 -8 9 10 11 -9 -12 -10 -15 -5 17 -17
right_child=1 2 3 15 -6 -7 7 8 13 -11 12 -13 -14 14 -16 16 -18 -19
leaf_value=-1.2723101464241873 -10.648729912562702 -13.208921407059806 7.5161195484264489 -4.4289500296638291 -1.1157279699835483 21.156455450463479 -0.94788648933753361 -3.5764902889546102 1.4214469326270598 -0.53879046476372183 8.4658537429869547 40.754701933845162 -8.9693765688309739 -13.909920654805557 -0.47524788576269711 12.663730405874398 -8.3590391263603436 1.4236989313668043
leaf_weight=58074 4538 8864 124 2713 79000 78 42786 4705 70323 12530 12127 92 880 2603 58232 318 796 1017
leaf_count=58074 4538 8864 124 2713 79000 78 42786 4705 70323 12530 12127 92 880 2603 58232 318 796 1017
internal_value=-0.000115785 -0.000420386 -0.00125055 -0.000188605 -0.000283058 -0.00130648 -2.64415e-06 6.93865e-05 0.000150427 0.000516028 0.000934662 -0.000348048 0.00140773 6.5871e-05 -0.000152701 -0.000362213 0.000720969 0.00195249
internal_weight=359800 97448 13832 4968 83616 4616 262352 204278 161492 30334 17804 4797 13007 131158 60835 4844 2131 1335
internal_count=359800 97448 13832 4968 83616 4616 262352 204278 161492 30334 17804 4797 13007 131158 60835 4844 2131 1335
is_linear=0
shrinkage=0.0229654


Tree=359
num_leaves=19
num_cat=0
split_feature=7 10 5 28 0 5 21 17 23 10 25 28 23 12 16 11 28 14
split_gain=22.8981 23.6931 10.142 10.2341 9.70669 19.0486 21.1203 9.10553 11.1105 10.655 24.6723 13.5679 10.7168 10.2997 9.81367 14.1624 13.0994 16.9278
threshold=0.82968937203783699 -0.5 1.0000000180025095e-35 2.150606261022928 11.500000000000002 1.0000000180025095e-35 17.400911458333336 42.562500000000007 -1.7499999999999991 -0.9330127018922193 15.03151041666667 4.3789697128851559 -2.7499999999999982 15.456250000000004 60.062500000000007 84.000000000000014 -2.8531009615384613 76.187500000000014
decision_type=2 2 2 2 2 2 2 2 2 2 2 2 2 2 2 2 2 2
left_child=7 2 3 -2 -3 6 -6 14 9 10 -9 12 13 -12 16 -16 17 -1
right_child=1 4 -4 -5 5 -7 -8 8 -10 -11 11 -13 -14 -15 15 -17 -18 -19
leaf_value=7.8536819216763298 -5.4249148009469259 -2.4675380394583062 -10.695845389259031 0.66923615233576395 2.3797207884575271 -4.9049634243898925 12.503135179263417 -2.6468427916962014 0.70269245863711016 -1.6166178763936037 6.8194284242891028 1.9101366080433484 0.11222129403617447 10.583952101894024 -7.6897596261275218 -0.73425011281449426 -0.80521309205933222 0.030120055693345586
leaf_weight=2405 12570 19360 6912 4422 17277 6840 83 3593 179161 42909 411 1192 291 629 15418 17845 24679 3803
leaf_count=2405 12570 19360 6912 4422 17277 6840 83 3593 179161 42909 411 1192 291 629 15418 17845 24679 3803
internal_value=-0.000114062 -0.000495433 -0.00107641 -0.000774705 -0.000176617 0.00013001 0.000534448 -2.60505e-05 4.19074e-05 -0.000264437 0.000632337 0.002373 0.00396675 0.00505681 -0.000267781 -0.000541496 2.69896e-05 0.000969962
internal_weight=359800 67464 23904 16992 43560 24200 17360 292336 228186 49025 6116 2523 1331 1040 64150 33263 30887 6208
internal_count=359800 67464 23904 16992 43560 24200 17360 292336 228186 49025 6116 2523 1331 1040 64150 33263 30887 6208
is_linear=0
shrinkage=0.0229654


Tree=360
num_leaves=19
num_cat=0
split_feature=37 31 10 23 35 10 31 3 17 31 3 29 32 36 29 8 35 3
split_gain=64.0567 11.0977 14.1355 18.1113 24.7007 15.6781 37.0587 19.3449 21.0913 21.1122 19.0817 19.9488 17.7144 15.2858 21.6075 16.9909 21.0451 13.2365
threshold=18031.999696501833 187.59375000000003 -0.5 -0.52499999999999991 21865.500000000004 -0.9330127018922193 57.750000000000021 1.0000000180025095e-35 28.562500000000004 105.45625000000001 2.5000000000000004 14.200000000000001 277.25000000000006 20462.500000000004 29.118750000000002 -0.94490267940017736 20093.500000000004 1.0000000180025095e-35
decision_type=2 2 2 2 2 2 2 2 2 2 2 2 2 2 2 2 2 2
left_child=-1 2 3 5 13 6 -2 -8 9 12 11 -10 -9 14 -5 16 17 -16
right_child=1 -3 -4 4 -6 -7 7 8 10 -11 -12 -13 -14 -15 15 -17 -18 -19
leaf_value=-18.21225863734886 -4.2236188366748815 1.9875527151393224 0.057512879431240498 -1.6338542813141219 -2.3352906888446396 -3.7445664446852853 -6.7576028049787711 10.367062010366352 3.3657952878027135 5.9630154342206136 0.73069931992419934 15.353020130881653 18.004684128369366 1.2279833262321773 12.814369722260686 10.608320101142796 5.6146283180303396 38.552831528211541
leaf_weight=12749 7227 19533 230360 2003 34164 34412 793 80 700 313 1841 601 98 10897 128 3228 390 283
leaf_count=12749 7227 19533 230360 2003 34164 34412 793 80 700 313 1841 601 98 10897 128 3228 390 283
internal_value=-0.000112338 -5.36073e-05 -8.5322e-05 -0.000317637 -1.99126e-05 -0.000647858 8.02099e-05 0.00173512 0.00244446 0.00687091 0.00175274 0.0038817 0.0131858 0.000697413 0.00162494 0.00259408 0.00558796 0.0092141
internal_weight=359800 347051 327518 97158 51093 46065 11653 4426 3633 491 3142 1301 178 16929 6032 4029 801 411
internal_count=359800 347051 327518 97158 51093 46065 11653 4426 3633 491 3142 1301 178 16929 6032 4029 801 411
is_linear=0
shrinkage=0.0229654


Tree=361
num_leaves=19
num_cat=0
split_feature=37 11 15 37 23 23 15 26 26 23 27 3 3 25 37 36 36 26
split_gain=61.7178 11.4459 12.945 11.8442 10.7151 10.4506 9.4747 8.41229 13.1681 10.7527 9.69482 9.14682 9.00049 8.01714 9.49906 7.86537 7.43388 7.68938
threshold=18139.320379618603 108.00000000000001 20.406250000000004 19367.681914178898 -0.27500000000000019 1.0000000180025095e-35 12.681250000000004 18.144401041666672 12.990494791666668 -2.6999999999999984 1.7073288690476194 1.0000000180025095e-35 3.5000000000000004 15.634635416666669 23426.150605651444 31661.500000000004 24564.500000000004 1.6664062500000003
decision_type=2 2 2 2 2 2 2 2 2 2 2 2 2 2 2 2 2 2
left_child=-1 2 3 -2 -4 -6 7 8 10 11 -3 -9 -13 -7 -15 -12 17 -8
right_child=1 6 4 -5 5 13 16 9 -10 -11 15 12 -14 14 -16 -17 -18 -19
leaf_value=-16.171708714028942 -3.5237808937609429 -0.4128085820409747 -10.944812849557179 -0.18411085046047648 2.6356326751106138 -7.2690534755450571 13.923328192874955 -6.7202140550109331 -3.5934180763348587 0.041251559587640159 8.8865796271567916 8.6029303911926043 1.3977717436393502 -4.8766665399478608 9.5131124362862849 -1.1075608470628624 0.83610501122736935 3.9061079702923771
leaf_weight=14192 13066 37002 6082 179373 4390 11175 137 463 16900 5402 4500 1375 1179 1202 571 2417 38030 22344
leaf_count=14192 13066 37002 6082 179373 4390 11175 137 463 16900 5402 4500 1375 1179 1202 571 2417 38030 22344
internal_value=-0.000111572 -5.06216e-05 -0.000153086 -9.1044e-05 -0.000662879 -0.00037194 0.000119845 -6.36183e-05 -0.000157801 0.000616757 5.18192e-05 0.00171498 0.00225338 -0.000700243 0.000734426 0.000840991 0.000329768 0.000660839
internal_weight=359800 345608 215859 192439 23420 17338 129749 69238 60819 8419 43919 3017 2554 12948 1773 6917 60511 22481
internal_count=359800 345608 215859 192439 23420 17338 129749 69238 60819 8419 43919 3017 2554 12948 1773 6917 60511 22481
is_linear=0
shrinkage=0.0229654


Tree=362
num_leaves=19
num_cat=0
split_feature=7 5 0 4 16 36 31 35 1 17 16 11 28 4 4 5 29 28
split_gain=21.895 16.0269 17.296 13.4037 10.6199 13.5358 10.1576 10.1314 9.41629 9.77146 10.6386 13.1178 12.072 10.1406 10.8729 20.5053 11.5351 9.6665
threshold=0.82968937203783699 1.0000000180025095e-35 11.500000000000002 4.5000000000000009 1.8125000000000002 21816.500000000004 180.66250000000005 23418.500000000004 22.500000000000004 42.562500000000007 60.062500000000007 84.000000000000014 -2.9569200664136615 9.5000000000000018 8.5000000000000018 1.0000000180025095e-35 262.25625000000008 1.2573096264367811
decision_type=2 2 2 2 2 2 2 2 2 2 2 2 2 2 2 2 2 2
left_child=8 2 6 -3 5 7 -2 -4 9 10 12 -12 13 14 -1 -16 -17 -14
right_child=1 3 4 -5 -6 -7 -8 -9 -10 -11 11 -13 17 -15 15 16 -18 -19
leaf_value=4.783036376223448 -4.1280401310551103 -1.3492504424831684 4.5057729871391903 -8.3479229963126986 -1.6986228664781142 1.1557879783881906 3.3838342210696815 18.848309750782267 -2.8549234708299287 0.40585486428925865 -7.4695245057890602 -0.7454483244466511 -2.2932267853072075 -0.83571792932895617 4.775997697531988 17.875418173796628 9.0701412068277971 1.629877866895743
leaf_weight=2897 20085 7344 1981 11880 13700 10734 1355 385 14992 217015 15382 17845 14100 1955 401 82 62 7605
leaf_count=2897 20085 7344 1981 11880 13700 10734 1355 385 14992 217015 15382 17845 14100 1955 401 82 62 7605
internal_value=-0.000110934 -0.000483859 -0.000260408 -0.00104458 0.000128537 0.000596048 -0.000746591 0.00216842 -2.48721e-05 5.43145e-06 -0.000253108 -0.000528536 8.45669e-05 0.00105657 0.00180681 0.0047827 0.0122163 -0.000157124
internal_weight=359800 67464 48240 19224 26800 13100 21440 2366 292336 277344 60329 33227 27102 5397 3442 545 144 21705
internal_count=359800 67464 48240 19224 26800 13100 21440 2366 292336 277344 60329 33227 27102 5397 3442 545 144 21705
is_linear=0
shrinkage=0.0229654


Tree=363
num_leaves=19
num_cat=0
split_feature=7 3 26 10 28 27 0 23 0 10 14 14 7 26 26 12 0 18
split_gain=21.1112 20.2583 14.8041 12.8499 14.7456 13.1323 11.8068 10.3593 9.53397 9.42062 9.36943 9.08029 9.06045 8.71981 8.43297 8.36758 17.7742 7.72621
threshold=0.65793410509763428 5.5000000000000009 1.0000000180025095e-35 -0.5 2.2242764366855985 1.0298921130952394 15.500000000000002 -4.0312499999999973 47.500000000000007 1.0000000180025095e-35 49.312500000000007 74.437500000000014 -0.97868534383143924 4.285286458333335 0.78072916666666681 15.306250000000004 11.500000000000002 0.40250000000000014
decision_type=2 2 2 2 2 2 2 2 2 2 2 2 2 2 2 2 2 2
left_child=8 3 -3 4 6 15 -2 11 10 -4 13 -6 14 -1 -12 -5 -17 -8
right_child=1 2 9 5 7 -7 17 -9 -10 -11 12 -13 -14 -15 -16 16 -18 -19
leaf_value=22.967979604460574 -5.6310114800786542 8.1512122494998369 -13.409337453005874 0.32923255667768736 -0.69873164331552562 -5.8660559976249553 -1.4641463110526098 -1.1357369079346524 -4.3178762520808487 -2.9609826873334484 11.412344638898363 8.7997066967017368 0.070373448756823387 -3.5743005766967326 2.2413333205746184 -8.2193841484918142 16.673541576557476 16.011707857651913
leaf_weight=62 16629 104 7072 45736 558 7957 5010 6231 7504 6656 248 950 219726 15715 19097 132 151 262
leaf_count=62 16629 104 7072 45736 558 7957 5010 6231 7504 6656 248 950 219726 15715 19097 132 151 262
internal_value=-0.000109594 -0.000398233 -0.00121236 -0.000263558 -0.000647743 -5.25892e-05 -0.000952235 0.000213956 -2.38154e-06 -0.00127775 2.13745e-05 0.00192191 5.71462e-05 -0.000520678 0.000533623 9.63644e-05 0.00403315 -5.22788e-06
internal_weight=359800 97448 13832 83616 29640 53976 21901 7739 262352 13728 254848 1508 239071 15777 19345 46019 283 5272
internal_count=359800 97448 13832 83616 29640 53976 21901 7739 262352 13728 254848 1508 239071 15777 19345 46019 283 5272
is_linear=0
shrinkage=0.0229654


Tree=364
num_leaves=19
num_cat=0
split_feature=37 7 0 3 3 37 36 31 37 36 36 3 37 3 0 33 15 36
split_gain=60.9382 10.7647 13.7728 15.9242 25.7689 12.4261 12.3077 12.3134 11.4885 13.7956 11.4493 11.3442 10.3451 16.2106 9.1321 11.5506 9.98183 16.4611
threshold=18031.999696501833 0.25881904510252096 27.500000000000004 5.5000000000000009 3.5000000000000004 24026.812138910074 26466.500000000004 429.45000000000005 19506.178663369119 20407.500000000004 16871.000000000004 5.5000000000000009 24617.385043280763 1.0000000180025095e-35 36.500000000000007 0.35069444444444448 11.493750000000004 37846.000000000007
decision_type=2 2 2 2 2 2 2 2 2 2 2 2 2 2 2 2 2 2
left_child=-1 2 -2 4 5 -4 -7 -8 -3 11 -6 12 -10 -14 16 -16 17 -5
right_child=1 8 3 14 10 6 7 -9 9 -11 -12 -13 13 -15 15 -17 -18 -19
leaf_value=-17.19782334792113 1.9879052459309965 -3.0559910077450585 -3.1406048556653046 10.037615914229985 11.206479724024538 3.2786497207995544 0.17527771859089403 8.1608306674795159 2.0883091784626764 -1.2450482753416068 -3.3887700873242377 -3.2667074929373197 46.817715423425277 4.1263931925133441 1.560463064556447 -6.3916602516520866 3.3843793475881685 14.285685690746398
leaf_weight=12749 50572 20938 15699 2374 660 15551 58489 99 13957 103854 43211 2661 95 289 10692 2044 5673 193
leaf_count=12749 50572 20938 15699 2374 660 15551 58489 99 13957 103854 43211 2661 95 289 10692 2044 5673 193
internal_value=-0.000108509 -5.12251e-05 5.5081e-05 -5.24832e-05 -0.000144774 7.80181e-05 0.000202305 4.98595e-05 -0.000205111 -0.000119069 -0.000601003 0.000487349 0.00074288 0.00446151 0.000535815 0.000150385 0.00113155 0.0023198
internal_weight=359800 347051 205257 154685 133709 89838 74139 58588 141794 120856 43871 17002 14341 384 20976 12736 8240 2567
internal_count=359800 347051 205257 154685 133709 89838 74139 58588 141794 120856 43871 17002 14341 384 20976 12736 8240 2567
is_linear=0
shrinkage=0.0229654


Tree=365
num_leaves=19
num_cat=0
split_feature=7 10 5 35 6 17 1 27 35 13 26 13 29 23 35 16 4 30
split_gain=20.1932 21.9167 9.33228 9.60751 8.94417 9.20478 12.4376 8.94361 8.88946 15.611 12.9317 11.9379 10.9155 9.90837 9.76421 14.9782 9.84756 27.4612
threshold=0.82968937203783699 -0.5 1.0000000180025095e-35 17399.500000000004 1.0000000180025095e-35 58.312500000000007 18.500000000000004 0.77849702380952401 32087.000000000004 15.943750000000003 14.13541666666667 12.393750000000002 490.7937500000001 -2.299999999999998 37846.000000000007 36.062500000000007 2.5000000000000004 1854.7312500000003
decision_type=2 2 2 2 2 2 2 2 2 2 2 2 2 2 2 2 2 2
left_child=4 2 3 -2 5 -1 8 -3 10 12 11 13 -10 -7 15 -14 -17 -18
right_child=1 7 -4 -5 -6 6 -8 -9 9 -11 -12 -13 14 -15 -16 16 17 -19
leaf_value=-0.87615604654157719 -11.93311800772476 -0.065086635967078532 -9.7578641066873715 -2.1946206516859852 -6.9132927866867684 -1.6541588741960853 -1.081526936312027 -5.1237236330454303 -2.2150278921947799 15.407771915164421 -0.21959381477008494 7.8120459038926677 -2.0234592392593713 2.7840298694490606 -0.99481101527960647 11.732410140745905 -4.6253080545991079 20.980941899109023
leaf_weight=104081 2744 36705 6912 14248 6552 6496 43618 6855 23252 62 34722 6280 2678 53851 6600 2802 1189 153
leaf_count=104081 2744 36705 6912 14248 6552 6496 43618 6855 23252 62 34722 6280 2678 53851 6600 2802 1189 153
internal_value=-0.000106658 -0.000464796 -0.00102357 -0.000734158 -2.4008e-05 -4.77389e-06 9.38692e-05 -0.000158165 0.000200657 -0.0001054 0.000311593 0.000498864 -0.000124866 0.000399697 0.000396616 0.00100587 0.00187093 0.000253269
internal_weight=359800 67464 23904 16992 292336 285784 181703 43560 138085 36736 101349 66627 36674 60347 13422 6822 4144 1342
internal_count=359800 67464 23904 16992 292336 285784 181703 43560 138085 36736 101349 66627 36674 60347 13422 6822 4144 1342
is_linear=0
shrinkage=0.0229654


Tree=366
num_leaves=19
num_cat=0
split_feature=37 11 15 23 23 26 26 29 23 23 15 11 15 7 15 26 16 22
split_gain=60.0149 11.4739 19.4221 14.8124 19.1973 14.7317 11.6877 11.2995 10.2405 9.85141 9.39586 11.1697 9.55892 9.63387 8.30258 9.02048 9.3434 7.87733
threshold=18031.999696501833 84.000000000000014 16.206250000000008 -0.02499999999999902 1.0000000180025095e-35 13.338671875000005 17.953255208333335 0.26249999999999846 3.4250000000000016 -5.6499999999999968 12.056250000000004 36.000000000000007 8.5687500000000032 0.25881904510252096 10.993750000000004 21.246223958333335 5.6875000000000009 14.595355902777778
decision_type=2 2 2 2 2 2 2 2 2 2 2 2 2 2 2 2 2 2
left_child=-1 2 5 6 -5 8 -4 -7 10 -8 11 12 -2 17 -3 -16 -17 -14
right_child=1 14 3 4 -6 7 9 -9 -10 -11 -12 -13 13 -15 15 16 -18 -19
leaf_value=-16.713378771269749 4.0717911279440671 -0.47053529063307881 -8.278206288138179 4.8397084750273676 -3.7492299930885933 1.2130259486691186 8.5544729940047155 -2.4119950416229887 -5.4785423476326782 3.3062710054513889 -0.68595176849052286 0.25179481475787718 3.3668121670300608 -1.7226619415480904 1.0534902778704358 13.595902037735602 7.1394205776544482 15.375322605477672
leaf_weight=12749 12230 70318 15176 5247 23960 10783 110 37022 6738 526 25210 23394 6730 6162 102152 220 976 97
leaf_count=12749 12230 70318 15176 5247 23960 10783 110 37022 6738 526 25210 23394 6730 6162 102152 220 976 97
internal_value=-0.000105955 -4.91075e-05 -0.000181263 -0.000591697 -0.000285191 -3.73203e-05 -0.00115786 -0.000356696 0.000152198 0.00189212 0.000230422 0.000416998 0.000752278 0.000318428 8.28339e-05 0.000213814 0.00219669 0.000912628
internal_weight=359800 347051 173385 45019 29207 128366 15812 47805 80561 636 73823 48613 25219 12989 173666 103348 1196 6827
internal_count=359800 347051 173385 45019 29207 128366 15812 47805 80561 636 73823 48613 25219 12989 173666 103348 1196 6827
is_linear=0
shrinkage=0.0229654


Tree=367
num_leaves=19
num_cat=0
split_feature=37 11 24 32 37 23 36 16 26 32 3 26 32 30 24 9 24 16
split_gain=58.9858 11.0981 13.1372 13.1086 11.9865 9.812 13.4391 14.8777 9.85046 46.8409 17.8847 24.8841 9.77514 12.8004 11.8204 13.3384 9.69921 23.3079
threshold=18031.999696501833 108.00000000000001 1.0000000180025095e-35 11.337500000000004 19506.178663369119 -0.40000000000000019 22204.500000000004 455.06250000000006 14.13541666666667 103.6375 4.5000000000000009 9.8174479166666693 6.0125000000000046 581.14375000000007 2.3750000000000031 0.68301270189221941 -2.575000000000002 87.562500000000014
decision_type=2 2 2 2 2 2 2 2 2 2 2 2 2 2 2 2 2 2
left_child=-1 2 3 16 -4 -5 7 8 9 -7 -11 -12 14 -14 15 -6 17 -2
right_child=1 -3 4 5 12 6 -8 -9 -10 10 11 -13 13 -15 -16 -17 -18 -19
leaf_value=-16.329549193184626 4.4579108414236659 0.63326200885864314 -6.5079914516491391 -2.5246588705436683 -2.8035608305792694 1.4866331733811284 -2.0256445992557239 -3.4544032296110152 4.9212985062163472 5.4132282284968571 -7.2290780829738273 26.095267018724048 -0.39396605777772148 5.5714889861825645 -6.7481821110315368 0.63756436178694775 0.43014150509845622 -7.0758953032861918
leaf_weight=12749 9705 130299 8531 21441 23107 869 12814 2368 2808 105 61 312 34461 2557 15462 21584 57746 2821
leaf_count=12749 9705 130299 8531 21441 23107 869 12814 2368 2808 105 61 312 34461 2557 15462 21584 57746 2821
internal_value=-0.00010487 -4.8512e-05 -0.000149203 2.52293e-05 -0.00033246 -0.000302316 7.28018e-05 0.000921362 0.00174935 0.00336383 0.00913812 0.011495 -0.000259998 3.36243e-05 -0.000440693 -0.000251335 0.0002153 0.000794603
internal_weight=359800 347051 216752 111050 105702 40778 19337 6523 4155 1347 478 373 97171 37018 60153 44691 70272 12526
internal_count=359800 347051 216752 111050 105702 40778 19337 6523 4155 1347 478 373 97171 37018 60153 44691 70272 12526
is_linear=0
shrinkage=0.0229654


Tree=368
num_leaves=19
num_cat=0
split_feature=37 31 30 7 35 37 37 37 35 37 9 35 0 12 30 29 3 12
split_gain=57.501 10.4188 22.1439 11.3684 10.0901 19.7177 17.5734 11.9113 10.099 18.7699 9.71176 17.2951 13.1159 14.6514 10.3899 15.5177 10.6266 9.93836
threshold=18031.999696501833 187.59375000000003 22.237499999999997 -0.97868534383143924 32229.500000000004 30652.222152087903 31884.863887757954 36739.182209703904 28197.500000000004 24412.078114376811 0.93301270189221952 22244.500000000004 3.5000000000000004 5.6312500000000023 1051.0312500000002 284.93125000000003 1.0000000180025095e-35 13.531250000000004
decision_type=2 2 2 2 2 2 2 2 2 2 2 2 2 2 2 2 2 2
left_child=-1 2 -2 -4 5 8 -6 -7 9 10 17 12 13 -12 -14 -16 -17 -5
right_child=1 -3 3 4 6 7 -8 -9 -10 -11 11 -13 14 -15 15 16 -18 -19
leaf_value=-15.95453441831966 -6.0188273504183147 1.9794603545175937 2.3011993982922716 -1.8895299659683178 -10.165273665370803 3.4267911283705081 -0.9876875584215703 18.712290815054743 -2.6391522832777006 1.4037251659448433 -3.9514464594699397 -1.8996730687842518 0.87889179145745733 22.923417428556682 21.974144107188671 -8.3926847318932101 10.344494391793425 0.13923648881008843
leaf_weight=12749 12007 19533 20356 71859 7196 17670 47020 250 30490 66039 82 6127 2138 150 61 325 1616 44132
leaf_count=12749 12007 19533 20356 71859 7196 17670 47020 250 30490 66039 82 6127 2138 150 61 325 1616 44132
internal_value=-0.000104487 -4.88428e-05 -7.95722e-05 -4.27344e-05 -7.89367e-05 -1.52416e-05 -0.000362001 0.000717668 -7.41323e-05 -1.26326e-05 -0.000176476 0.000492381 0.00159581 0.00690942 0.00129804 0.00248696 0.00212853 -0.000237018
internal_weight=359800 347051 327518 315511 295155 240939 54216 17920 223019 192529 126490 10499 4372 232 4140 2002 1941 115991
internal_count=359800 347051 327518 315511 295155 240939 54216 17920 223019 192529 126490 10499 4372 232 4140 2002 1941 115991
is_linear=0
shrinkage=0.0229654


Tree=369
num_leaves=19
num_cat=0
split_feature=37 7 37 36 1 36 35 7 10 30 5 16 31 10 37 5 34 35
split_gain=55.7255 11.8221 14.6731 11.4113 11.3342 16.1138 10.691 11.4819 15.1863 11.4453 13.9724 10.9002 11.0682 11.3117 9.7221 9.43843 16.8062 14.3085
threshold=17796.853298326216 0.32075123873380545 19298.943765421787 19257.500000000004 22.500000000000004 22734.500000000004 21808.500000000004 -0.97868534383143924 -0.9330127018922193 1092.6062500000003 1.0000000180025095e-35 379.18750000000006 110.34375000000001 -0.68301270189221952 21453.201029702428 1.0000000180025095e-35 0.88541666666666674 31263.500000000004
decision_type=2 2 2 2 2 2 2 2 2 2 2 2 2 2 2 2 2 2
left_child=-1 4 -3 -4 5 6 7 8 -2 -9 -11 12 -8 -14 -7 16 -5 -17
right_child=1 2 3 15 -6 14 11 9 -10 10 -12 -13 13 -15 -16 17 -18 -19
leaf_value=-21.392354003582838 37.462917158541863 -3.7253766303173803 2.2656471251818391 -0.42230342770775653 -2.6578077924050834 -10.409500698643724 1.6071496715054641 4.2463774459056634 8.7220253529589549 -5.5256061443447919 25.717916516810838 -3.4469782186833968 12.448655268743952 -2.1236605411837579 0.11631149093214302 -1.7724138202272328 22.470364999775644 -17.63661395586772
leaf_weight=9876 112 19588 6944 85187 14992 3695 7269 17592 208 122 160 10071 1205 466 157461 21780 64 3008
leaf_count=9876 112 19588 6944 85187 14992 3695 7269 17592 208 122 160 10071 1205 466 157461 21780 64 3008
internal_value=-0.000102317 -5.43026e-05 -0.000221144 -0.000123737 5.24957e-05 9.85131e-05 0.000529306 0.00092725 0.00523898 0.000850056 0.00544003 0.000148463 0.000732118 0.00241748 -9.41075e-07 -0.000180716 -6.6027e-05 -0.000575155
internal_weight=359800 349924 136571 116983 213353 198361 37205 18194 320 17874 282 19011 8940 1671 161156 110039 85251 24788
internal_count=359800 349924 136571 116983 213353 198361 37205 18194 320 17874 282 19011 8940 1671 161156 110039 85251 24788
is_linear=0
shrinkage=0.0229654


Tree=370
num_leaves=19
num_cat=0
split_feature=36 28 6 3 31 32 8 36 4 28 16 1 36 28 25 25 30 3
split_gain=17.5684 14.4359 12.121 11.7034 9.08624 16.3602 14.7715 16.4392 13.7875 13.3935 12.4424 13.8661 14.3201 12.5916 12.3538 12.3087 19.1223 16.6133
threshold=17718.500000000004 9.4997336800573908 1.0000000180025095e-35 4.5000000000000009 203.56875000000005 173.11875000000003 0.13052619222005152 28558.500000000004 6.5000000000000009 4.6351136363636378 169.31250000000003 7.5000000000000009 18218.000000000004 -2.6959885057471262 10.860156250000001 12.860677083333336 376.93125000000003 2.5000000000000004
decision_type=2 2 2 2 2 2 2 2 2 2 2 2 2 2 2 2 2 2
left_child=1 -1 3 4 5 6 7 9 -7 10 11 12 -2 15 -9 -12 -17 -18
right_child=2 -3 -4 -5 -6 8 -8 14 -10 -11 13 -13 -14 -15 -16 16 17 -19
leaf_value=-5.2982081506799918 12.544992119270375 25.040090972743254 -7.3083817713086656 -1.3248213901757444 2.8610084695115234 0.79626269810354244 -0.59929561760485783 1.0706890578469432 -3.6525514672782102 -11.034728362701097 -12.971112540093261 9.9975090843256194 3.2461699532437835 4.532125413486348 -3.9836400901845233 -8.6630770759886744 6.6937548114469934 26.10911705221357
leaf_weight=14226 116 70 7992 92280 11791 13536 87473 46656 28089 1451 3414 4753 12894 22313 11605 659 245 237
leaf_count=14226 116 70 7992 92280 11791 13536 87473 46656 28089 1451 3414 4753 12894 22313 11605 659 245 237
internal_value=-0.000100402 -0.000889316 -6.77594e-05 -4.68279e-05 3.61287e-05 4.71175e-06 9.42719e-05 0.000278794 -0.000407999 0.000602915 0.000673509 0.0011451 0.000757275 0.000361729 2.24284e-05 -0.000738625 0.0013264 0.00480272
internal_weight=359800 14296 345504 337512 245232 233441 191816 104343 41625 46082 44631 17763 13010 26868 58261 4555 1141 482
internal_count=359800 14296 345504 337512 245232 233441 191816 104343 41625 46082 44631 17763 13010 26868 58261 4555 1141 482
is_linear=0
shrinkage=0.0229654


Tree=371
num_leaves=19
num_cat=0
split_feature=37 31 26 27 13 3 4 35 3 17 4 3 27 28 23 14 15 28
split_gain=53.9501 9.06189 13.0648 13.0627 12.167 14.9765 35.2919 20.1194 35.2762 18.239 13.8626 11.7469 11.6898 11.4977 11.3326 14.4494 10.6361 11.302
threshold=18031.999696501833 187.59375000000003 14.075911458333335 -0.72914806547619027 12.393750000000002 3.5000000000000004 6.5000000000000009 25717.500000000004 5.5000000000000009 61.687500000000007 9.5000000000000018 3.5000000000000004 2.4156063988095249 -3.731757305194805 1.975000000000001 87.812500000000014 20.406250000000004 1.698623737373737
decision_type=2 2 2 2 2 2 2 2 2 2 2 2 2 2 2 2 2 2
left_child=-1 2 4 -4 16 -6 -7 8 9 -8 -10 13 14 -5 15 -11 -2 -18
right_child=1 -3 3 11 5 6 7 -9 10 12 -12 -13 -14 -15 -16 -17 17 -19
leaf_value=-15.157839839208028 0.13041814851585071 1.9245740340033353 -3.5068301622950253 19.238261217410408 0.13718656164394399 1.0249580354510495 29.316872632835459 5.7841682658442233 -4.2983971904257938 38.506608392884687 31.081311943609713 -2.9244361284244529 53.587058509966681 0.79142996413441724 12.253867465290778 5.1390472699171728 -0.7650070523669551 -10.590044512764235
leaf_weight=12749 204147 19533 30140 64 7567 3238 136 931 332 201 135 20268 111 30639 129 89 19910 9481
leaf_count=12749 204147 19533 30140 64 7567 3238 136 931 332 201 135 20268 111 30639 129 89 19910 9481
internal_value=-9.97641e-05 -4.58651e-05 -7.45236e-05 -0.000327334 8.69512e-06 0.000696153 0.00163209 0.00397889 0.00603425 0.00942754 0.00119499 -0.000103223 0.0113527 0.00018004 0.00959724 0.0121162 -2.91869e-05 -0.000437649
internal_weight=359800 347051 327518 81111 246407 12869 5302 2064 1133 666 467 50971 530 30703 419 290 233538 29391
internal_count=359800 347051 327518 81111 246407 12869 5302 2064 1133 666 467 50971 530 30703 419 290 233538 29391
is_linear=0
shrinkage=0.0229654


Tree=372
num_leaves=19
num_cat=0
split_feature=37 11 24 37 22 3 16 17 34 24 22 36 29 9 13 13 27 7
split_gain=51.9463 11.8701 18.1124 13.1287 9.0441 12.1197 8.28404 16.4477 9.50272 8.97577 15.1229 9.60968 9.94874 15.2202 26.3072 18.7297 8.56261 8.45652
threshold=17796.853298326216 84.000000000000014 3.2750000000000012 19710.194226256823 19.440451388888892 1.5000000000000002 119.81250000000001 51.062500000000007 0.94097222222222232 -2.424999999999998 12.336197916666668 22322.500000000004 457.7312500000001 0.68301270189221941 -1.3562499999999995 0.53125000000000033 -1.0000000180025095e-35 -0.89495246814786256
decision_type=2 2 2 2 2 2 2 2 2 2 2 2 2 2 2 2 2 2
left_child=-1 2 3 -2 -4 -6 9 8 -8 10 11 -5 -13 -14 -15 -16 -9 -11
right_child=1 -3 4 6 5 -7 7 16 -10 17 -12 12 13 14 15 -17 -18 -19
leaf_value=-20.518674236717686 -3.481467876391648 0.40031046433090905 -8.6704885369023135 7.4860930439369673 -12.028730846141029 10.034966354451086 -6.7463153570926488 -3.6479985949913267 15.927702539680192 2.2307149178465777 -3.2571917970897468 0.85024643048494075 3.4157369042493757 -0.75860710166100009 19.374332202472647 2.9470969036564987 1.1942400448916735 -0.42518461403360702
leaf_weight=9876 16294 175105 9264 1390 265 293 14916 10700 79 10912 2844 5109 1688 323 291 139 24378 75934
leaf_count=9876 16294 175105 9264 1390 265 293 14916 10700 79 10912 2844 5109 1688 323 291 139 24378 75934
internal_value=-9.82322e-05 -5.18743e-05 -0.00018574 -0.000128707 -0.00114383 0.00169565 -6.08955e-05 -0.000301464 -0.000938067 6.12374e-05 0.000655987 0.00112001 0.000796945 0.002003 0.00471813 0.00843845 -2.93309e-05 -1.94632e-05
internal_weight=359800 349924 174819 164997 9822 558 148703 50073 14995 98630 11784 8940 7550 2441 753 430 35078 86846
internal_count=359800 349924 174819 164997 9822 558 148703 50073 14995 98630 11784 8940 7550 2441 753 430 35078 86846
is_linear=0
shrinkage=0.0229654


Tree=373
num_leaves=19
num_cat=0
split_feature=37 7 37 1 3 3 28 37 28 30 31 0 3 3 0 18 0 28
split_gain=50.5018 11.2361 13.0251 10.5817 9.03437 8.46319 11.8933 18.3554 8.56835 12.4278 10.3023 7.39871 18.3345 25.5259 12.2802 10.1714 9.09114 10.3034
threshold=17796.853298326216 0.32075123873380545 19298.943765421787 22.500000000000004 1.0000000180025095e-35 2.5000000000000004 -1.0000000180025095e-35 39042.268978538174 1.4090744400527007 681.2750000000002 95.793750000000031 27.500000000000004 5.5000000000000009 3.5000000000000004 33.500000000000007 0.011250000000000001 31.500000000000004 7.6875113378684805
decision_type=2 2 2 2 2 2 2 2 2 2 2 2 2 2 2 2 2 2
left_child=-1 3 4 11 -3 6 -4 -8 10 -10 -7 -2 13 14 15 -13 17 -15
right_child=1 2 5 -5 -6 8 7 -9 9 -11 -12 12 -14 16 -16 -17 -18 -19
leaf_value=-20.047454492168853 1.7667761351121227 -9.847490797170698 -1.7035602484117884 -2.566403978178891 -2.1537922005909964 -0.22360806262037553 1.7362938696807542 22.602952362262762 -0.81130587398773935 -8.0337393240433848 -7.8537238096706128 -5.3760895223636336 3.0516218148865146 0.044561876207287 1.4943315384954217 0.94098456377369577 -3.7486130696761073 16.138371050207223
leaf_weight=9876 58231 3752 22727 14992 15836 43450 29940 70 9901 8387 2508 10958 19030 7655 55744 14619 31973 151
leaf_count=9876 58231 3752 22727 14992 15836 43450 29940 70 9901 8387 2508 10958 19030 7655 55744 14619 31973 151
internal_value=-9.79769e-05 -5.2268e-05 -0.000214922 5.18498e-05 -0.000763013 -0.000123148 9.24498e-05 0.000392577 -0.000300124 -0.000720558 -0.000132822 9.63134e-05 5.89936e-06 -9.82341e-05 0.000134961 -0.00028167 -0.000574958 0.000127683
internal_weight=359800 349924 136571 213353 19588 116983 52737 30010 64246 18288 45958 198361 140130 121100 81321 25577 39779 7806
internal_count=359800 349924 136571 213353 19588 116983 52737 30010 64246 18288 45958 198361 140130 121100 81321 25577 39779 7806
is_linear=0
shrinkage=0.0229654


Tree=374
num_leaves=19
num_cat=0
split_feature=36 11 15 23 23 32 16 0 4 23 22 17 13 29 35 22 27 4
split_gain=15.5481 12.045 18.6676 15.378 19.7757 11.3261 12.6911 10.932 13.0162 10.6425 10.4468 10.0726 9.82432 9.40453 10.345 15.6257 10.0864 9.22029
threshold=17718.500000000004 84.000000000000014 16.206250000000008 -0.02499999999999902 1.0000000180025095e-35 19.237500000000004 115.31250000000001 19.500000000000004 9.5000000000000018 -5.6499999999999968 11.932248263888892 57.812500000000007 13.756250000000003 116.93125000000002 20278.500000000004 12.336197916666668 -4.5551339285714274 8.5000000000000018
decision_type=2 2 2 2 2 2 2 2 2 2 2 2 2 2 2 2 2 2
left_child=7 2 5 9 -5 6 13 8 -1 12 -10 -8 -4 14 15 -2 -15 -17
right_child=1 -3 3 4 -6 -7 11 -9 10 -11 -12 -13 -14 16 -16 17 -18 -19
leaf_value=-8.1213126927000534 14.56768777213855 0.3265981181481859 -1.3615386252873365 5.0757471855931033 -3.8361834837361659 -1.3897482804863623 -9.2817021755674656 -0.79205836169370225 -11.530417408362457 -7.8196496477764237 7.1739408676634904 -0.016141842563720765 10.257764550318504 3.8172317952713 2.6027750964898284 -1.7527181355804533 0.52656153609343714 6.7852730274757258
leaf_weight=7656 78 172752 130 5151 23980 50593 6456 6264 178 16101 198 10849 97 4422 1974 195 52560 166
leaf_count=7656 78 172752 130 5151 23980 50593 6456 6264 178 16101 198 10849 97 4422 1974 195 52560 166
internal_value=-9.57429e-05 -6.50341e-05 -0.000200631 -0.000600115 -0.000283885 -5.79675e-05 0.00011797 -0.00083791 -0.00139874 -0.00116431 0.00277295 -0.000429316 0.00377361 0.000277425 0.00168172 0.00487034 0.000217958 0.00285636
internal_weight=359800 345504 172752 45459 29131 127293 76700 14296 8032 16328 376 17305 227 59395 2413 439 56982 361
internal_count=359800 345504 172752 45459 29131 127293 76700 14296 8032 16328 376 17305 227 59395 2413 439 56982 361
is_linear=0
shrinkage=0.0229654


Tree=375
num_leaves=19
num_cat=0
split_feature=37 6 21 26 15 4 26 8 4 34 3 21 3 26 23 15 28 35
split_gain=47.9857 8.55852 9.00873 14.2152 12.4189 12.2966 22.6443 27.8045 16.0156 26.4559 15.2495 14.3846 16.095 11.0037 12.8143 10.5185 10.921 8.80191
threshold=18031.999696501833 1.0000000180025095e-35 19.319661458333336 14.075911458333335 15.443750000000003 6.5000000000000009 17.416015625000004 0.44134171618254503 5.5000000000000009 0.024305555555555556 1.0000000180025095e-35 17.634244791666671 3.5000000000000004 19.067317708333338 -3.5999999999999979 20.406250000000004 1.698623737373737 32229.500000000004
decision_type=2 2 2 2 2 2 2 2 2 2 2 2 2 2 2 2 2 2
left_child=-1 2 3 15 5 6 -5 -8 -9 -10 -11 12 13 14 -12 17 -17 -2
right_child=1 -3 -4 4 -6 -7 7 8 9 10 11 -13 -14 -15 -16 16 -18 -19
leaf_value=-14.269427213893318 0.81982998880096436 -6.200842187732067 2.0658196186954974 -2.6583196358763521 1.0729314228311602 -3.3829168085988961 -1.2349576551427461 0.56630456441226718 17.03150306855726 -4.8662400844447129 16.9974933163572 5.9466789533559874 2.0931301683321983 18.65797135047789 7.7142533529626611 -0.42352686054223782 -9.6577567231012225 -0.78815124730818908
leaf_weight=12749 155097 7488 19198 15949 19482 37858 4210 976 136 362 155 996 188 75 193 19938 9678 55072
leaf_count=12749 155097 7488 19198 15949 19482 37858 4210 976 136 362 155 996 188 75 193 19938 9678 55072
internal_value=-9.4977e-05 -4.41446e-05 -2.7209e-05 -5.61659e-05 -0.000320057 -0.00048105 -6.52207e-05 0.000995031 0.00265284 0.00378029 0.00310365 0.00406289 0.006837 0.00932189 0.00760234 3.25151e-05 -0.000372677 8.96127e-05
internal_weight=359800 347051 339563 320365 80580 61098 23240 7291 3081 2105 1969 1607 611 423 348 239785 29616 210169
internal_count=359800 347051 339563 320365 80580 61098 23240 7291 3081 2105 1969 1607 611 423 348 239785 29616 210169
is_linear=0
shrinkage=0.0229654


Tree=376
num_leaves=19
num_cat=0
split_feature=37 7 37 36 36 26 26 32 28 8 7 3 26 4 1 36 1 9
split_gain=47.168 11.1265 12.2881 10.8095 10.737 14.3477 16.4327 49.3912 11.279 10.7568 10.2656 9.04144 9.22696 15.8605 9.80898 9.02441 8.76659 11.3716
threshold=17796.853298326216 0.32075123873380545 19298.943765421787 19257.500000000004 19465.500000000004 9.8174479166666693 12.548307291666669 81.756249999999994 9.4997336800573908 -0.94490267940017736 -0.89495246814786256 1.0000000180025095e-35 18.246484375000005 6.5000000000000009 3.5000000000000004 19036.500000000004 22.500000000000004 -0.6830127018922193
decision_type=2 2 2 2 2 2 2 2 2 2 2 2 2 2 2 2 2 2
left_child=-1 4 11 -4 5 -2 7 10 9 -8 -7 -3 -13 14 15 -14 -6 -18
right_child=1 2 3 -5 16 6 8 -9 -10 -11 -12 12 13 -15 -16 -17 17 -19
leaf_value=-19.197341749646018 -14.03347114789621 -9.5604174244794535 2.2322670583278916 -0.94439559995937805 0.29207054749277189 28.1719484727839 11.085597763031725 36.394235259577592 18.535126026031016 -0.19310266487011279 5.015886070159965 -3.0490052017615898 15.38159830014626 -3.5597024107993334 3.863623687148912 4.683149875519101 -8.1502572812963887 -1.0619066218063711
leaf_weight=9876 1152 3752 6944 110039 188695 83 2174 168 120 5071 1162 13489 136 1435 648 128 2768 11960
leaf_count=9876 1152 3752 6944 110039 188695 83 2174 168 120 5071 1162 13489 136 1435 648 128 2768 11960
internal_value=-9.42111e-05 -5.00366e-05 -0.000211896 -0.000122756 5.35721e-05 0.000790953 0.00110719 0.00337574 0.000671968 0.000556304 0.0017985 -0.000744254 -0.000504091 0.000824875 0.003193 0.00692442 1.75772e-05 -0.000522055
internal_weight=359800 349924 136571 116983 213353 9930 8778 1413 7365 7245 1245 19588 15836 2347 912 264 203423 14728
internal_count=359800 349924 136571 116983 213353 9930 8778 1413 7365 7245 1245 19588 15836 2347 912 264 203423 14728
is_linear=0
shrinkage=0.0229654


Tree=377
num_leaves=19
num_cat=0
split_feature=37 11 37 3 12 33 28 3 18 22 21 26 1 3 3 4 8 31
split_gain=46.3926 10.7557 9.04175 10.3002 11.2268 10.1689 7.53175 8.71727 7.05009 9.24085 15.7047 8.07034 14.0936 12.7578 19.1153 12.4203 9.47173 16.8022
threshold=18139.320379618603 84.000000000000014 21798.629662579697 1.0000000180025095e-35 5.0812500000000016 0.093750000000000014 9.4997336800573908 3.5000000000000004 0.61875000000000024 2.6752170138888896 4.3683593750000007 18.144401041666672 4.5000000000000009 1.0000000180025095e-35 3.5000000000000004 7.5000000000000009 0.13052619222005152 0.037499999999998763
decision_type=2 2 2 2 2 2 2 2 2 2 2 2 2 2 2 2 2 2
left_child=-1 2 3 4 5 -2 -5 -8 9 10 -3 16 13 -13 15 -15 -11 -18
right_child=1 8 -4 6 -6 -7 7 -9 -10 11 -12 12 -14 14 -16 -17 17 -19
leaf_value=-12.72614163066164 10.289126681411517 3.6027213599841654 -0.3482540892573936 -1.4119056073152967 -9.0428728555020523 -6.5574152905961336 -0.89831470306124361 15.055588107527377 3.9701219938656522 0.94416808998928137 17.443532915735638 -7.8882720610717838 0.72845084974833041 12.019125952951759 1.1024167419906084 -0.58140883047498837 0.052728839911946108 -3.3221435685471667
leaf_weight=14192 86 5028 132781 34087 5502 73 84 74 7387 78102 201 490 12269 1133 1366 259 45922 20764
leaf_count=14192 86 5028 132781 34087 5502 73 84 74 7387 78102 201 490 12269 1133 1366 259 45922 20764
internal_value=-9.37643e-05 -4.092e-05 -0.000169122 -0.000472246 -0.00137971 0.00463641 -0.000322234 0.00468029 8.71087e-05 5.61318e-05 0.00100619 2.51417e-05 0.000522889 0.00186806 0.00247473 0.00436871 -2.82021e-05 -0.000229221
internal_weight=359800 345608 172687 39906 5661 159 34245 158 172921 165534 5229 160305 15517 3248 2758 1392 144788 66686
internal_count=359800 345608 172687 39906 5661 159 34245 158 172921 165534 5229 160305 15517 3248 2758 1392 144788 66686
is_linear=0
shrinkage=0.0229654


Tree=378
num_leaves=19
num_cat=0
split_feature=37 11 24 15 26 24 10 30 30 11 30 23 13 14 30 24 26 15
split_gain=45.7108 10.9786 18.0419 13.9804 19.1772 19.3216 17.6067 28.2046 39.9948 14.1449 29.6189 12.3033 13.4352 13.4148 12.0835 11.7168 11.6918 10.7341
threshold=17796.853298326216 84.000000000000014 3.2750000000000012 12.618750000000004 13.943880208333335 -1.5874999999999975 0.25000000000000017 853.6187500000002 1189.4687500000002 36.000000000000007 968.87500000000011 -0.19999999999999882 14.731250000000003 88.062500000000014 332.73125000000005 -2.424999999999998 14.273177083333335 5.6812500000000012
decision_type=2 2 2 2 2 2 2 2 2 2 2 2 2 2 2 2 2 2
left_child=-1 2 3 4 5 6 7 -2 9 15 -11 12 -5 -13 -7 -9 -15 -12
right_child=1 -3 -4 11 -6 14 -8 8 -10 10 17 13 -14 16 -16 -17 -18 -19
leaf_value=-18.464205899345476 3.1227745535774152 0.38493008613118102 -6.9714666358327175 -4.3452128229105256 -1.5444140459599869 4.6753068041828509 1.8632843181324041 21.346083483047671 -7.5028677970152708 -5.3888217668106231 6.3063944105530965 -1.4840093059499266 2.1950947580490219 3.0128266144219875 -0.076161571547427878 11.78107686512568 10.032441302198572 22.037945251521457
leaf_weight=9876 3476 175105 9822 27420 29901 2352 9440 274 396 327 109 39901 3571 5063 41780 265 370 352
leaf_count=9876 3476 175105 9822 27420 29901 2352 9440 274 396 327 109 39901 3571 5063 41780 265 370 352
internal_value=-9.29983e-05 -4.95116e-05 -0.000178252 -0.00012133 7.47966e-05 0.000315695 0.00103869 0.0021119 0.00451444 0.00642581 0.00446485 -0.000349183 -0.000701835 -0.000108105 7.58709e-05 0.00929268 0.000962492 0.00821474
internal_weight=359800 349924 174819 164997 88672 58771 14639 5199 1723 1327 788 76325 30991 45334 44132 539 5433 461
internal_count=359800 349924 174819 164997 88672 58771 14639 5199 1723 1327 788 76325 30991 45334 44132 539 5433 461
is_linear=0
shrinkage=0.0229654


Tree=379
num_leaves=19
num_cat=0
split_feature=37 37 3 12 28 8 35 32 25 15 35 0 6 25 28 4 12 18
split_gain=44.5186 9.34415 17.4595 13.7816 13.1773 12.1313 18.5192 19.119 15.0569 12.0749 8.66234 10.4708 8.87015 8.22921 7.87184 7.64473 10.1093 9.32089
threshold=17796.853298326216 19777.377895503061 1.0000000180025095e-35 4.606250000000002 9.4997336800573908 -0.94490267940017736 20705.500000000004 45.712499999999999 19.611718750000005 11.218750000000004 20093.500000000004 1.5000000000000002 1.0000000180025095e-35 22.846354166666668 0.72332589285714299 7.5000000000000009 13.268750000000002 1.1687500000000004
decision_type=2 2 2 2 2 2 2 2 2 2 2 2 2 2 2 2 2 2
left_child=-1 2 3 -2 5 6 7 -4 9 -9 11 -3 -12 -13 -11 16 -7 -17
right_child=1 10 4 -5 -6 15 -8 8 -10 14 12 13 -14 -15 -16 17 -18 -19
leaf_value=-18.040167860298283 9.8162776749930174 12.82575778863856 -8.0919055589692324 -9.1274340847069961 23.053818170038767 -2.5487193607589949 -3.7345331176138785 34.550164025106469 14.376244953352542 27.666053029208967 -0.13090258955885989 2.0365123257972142 -6.9453418066802373 -9.4580064278483125 0.92880251534070357 -4.0313559157798462 1.8888849557281695 12.546996416758189
leaf_weight=9876 62 458 349 5523 74 9182 1345 151 367 267 287445 19997 5422 1011 110 9265 8825 71
leaf_count=9876 62 458 349 5523 74 9182 1345 151 367 267 287445 19997 5422 1011 110 9265 8825 71
internal_value=-9.22962e-05 -4.93803e-05 -0.000402061 -0.00158106 -0.000182616 -0.000206545 0.00129596 0.00331558 0.00509344 0.00757684 -9.4473e-06 0.000435857 -4.20863e-05 0.000360966 0.0053789 -0.000348811 -7.23135e-05 -0.000882112
internal_weight=359800 349924 35591 5585 30006 29932 2589 1244 895 528 314333 21466 292867 21008 377 27343 18007 9336
internal_count=359800 349924 35591 5585 30006 29932 2589 1244 895 528 314333 21466 292867 21008 377 27343 18007 9336
is_linear=0
shrinkage=0.0229654


Tree=380
num_leaves=19
num_cat=0
split_feature=7 26 11 15 25 17 23 26 4 28 36 36 18 26 8 3 3 31
split_gain=18.0067 14.7492 8.1685 13.117 9.39997 8.71184 9.93728 15.5659 14.824 18.1349 11.7944 9.97109 8.72887 7.97246 14.6768 19.8785 26.1565 15.5673
threshold=0.89495246814786289 13.207942708333336 1.0000000180025095e-35 12.618750000000004 7.8080729166666663 42.562500000000007 -1.4125000000000003 18.246484375000005 6.5000000000000009 4.4626602564102589 22848.500000000004 28472.500000000004 0.026250000000000006 17.567838541666671 0.32075123873380501 3.5000000000000004 1.0000000180025095e-35 99.406250000000014
decision_type=2 2 2 2 2 2 2 2 2 2 2 2 2 2 2 2 2 2
left_child=2 -2 3 4 -1 13 7 -7 9 10 -9 12 -8 -4 -15 16 -16 -18
right_child=1 -3 5 -5 -6 6 11 8 -10 -11 -12 -13 -14 14 15 -17 17 -19
leaf_value=2.9562008390089027 -1.0366626190752228 -4.5696716875337886 -2.0337830747773316 -4.696462159009533 -1.1601205248240045 -1.2777729647836746 0.64559594708428591 12.159371219216245 0.46327013093238006 3.1188902775798284 5.1503153581805803 -0.19491141357514433 3.1882336252111565 -3.0872853921438068 -4.1572681349575697 -1.1106952359545084 15.661600995586015 6.6033408973980201
leaf_weight=6291 33868 18604 48942 16547 15578 47672 41710 387 3058 994 186 66863 46542 6426 1008 2513 266 2345
leaf_count=6291 33868 18604 48942 16547 15578 47672 41710 387 3058 994 186 66863 46542 6426 1008 2513 266 2345
internal_value=-9.14026e-05 -0.000484589 -2.42716e-05 -0.000337523 3.16085e-05 2.04787e-05 9.16565e-05 -0.00018211 0.00108993 0.00290622 0.00616018 0.000183957 0.000344226 -0.000219572 0.000296622 0.00110033 0.00218993 0.00340303
internal_weight=359800 52472 307328 38416 21869 268912 207412 52297 4625 1567 573 155115 88252 61500 12558 6132 3619 2611
internal_count=359800 52472 307328 38416 21869 268912 207412 52297 4625 1567 573 155115 88252 61500 12558 6132 3619 2611
is_linear=0
shrinkage=0.0229654


Tree=381
num_leaves=19
num_cat=0
split_feature=37 7 0 3 3 7 3 27 1 25 4 9 29 25 14 27 4 37
split_gain=42.8541 10.4819 11.5208 15.1782 22.5142 11.5977 11.2894 10.151 9.77594 11.4423 13.8639 12.4049 40.4068 25.7708 10.7284 16.0828 9.55065 11.0961
threshold=17796.853298326216 0.25881904510252096 27.500000000000004 5.5000000000000009 3.5000000000000004 -0.79335334029123528 5.5000000000000009 1.8597656249999999 17.500000000000004 16.248697916666671 8.5000000000000018 -0.6830127018922193 254.31875000000005 8.8882812500000021 57.312500000000007 6.3151971726190483 7.5000000000000009 24666.114697563502
decision_type=2 2 2 2 2 2 2 2 2 2 2 2 2 2 2 2 2 2
left_child=-1 2 -2 4 5 -4 7 -3 -5 11 16 12 13 -10 15 -13 17 -11
right_child=1 6 3 8 -6 -7 -8 -9 9 10 -12 14 -14 -15 -16 -17 -18 -19
leaf_value=-17.528492307692744 1.8982709989081361 -0.30881684777747265 1.707492432982012 6.3033922012576475 -2.9639682078420324 -0.84843614944748358 -3.6278212903615263 -4.4994108207772978 17.713416409302759 13.029674696687463 12.662949288289941 3.5218919222707368 19.354397168773463 -1.1356194075466639 -2.8300356221888583 21.002994093567406 -7.6994549097801066 -0.53847663771558318
leaf_weight=9876 50905 115012 42858 8390 44067 47039 17281 11620 62 388 90 983 294 1654 8552 63 380 286
leaf_count=9876 50905 115012 42858 8390 44067 47039 17281 11620 62 388 90 983 294 1654 8552 63 380 286
internal_value=-9.07643e-05 -4.86584e-05 5.63955e-05 -4.19911e-05 -0.000132241 7.62042e-05 -0.000199043 -0.000123903 0.00052987 0.000129306 0.00232063 -8.6655e-05 0.00155388 0.000206099 -0.000430213 0.00176522 0.00158187 0.00322333
internal_weight=359800 349924 206011 155106 133964 89897 143913 126632 21142 12752 1144 11608 2010 1716 9598 1046 1054 674
internal_count=359800 349924 206011 155106 133964 89897 143913 126632 21142 12752 1144 11608 2010 1716 9598 1046 1054 674
is_linear=0
shrinkage=0.0229654


Tree=382
num_leaves=19
num_cat=0
split_feature=37 11 37 3 10 22 28 26 17 16 35 13 35 28 22 32 17 12
split_gain=41.1853 11.0356 12.1326 10.0788 7.98841 12.1108 15.2364 14.3286 12.1313 7.36131 11.8139 10.622 12.1827 10.5093 15.8537 14.7458 10.5525 12.4931
threshold=17796.853298326216 108.00000000000001 19574.565316963995 3.5000000000000004 -0.9330127018922193 14.458376736111115 0.61666666666666814 17.567838541666671 59.812500000000007 379.18750000000006 22652.500000000004 16.593750000000004 31006.500000000004 2.6329057017543875 9.6049913194444461 173.11875000000003 99.812500000000014 10.606250000000003
decision_type=2 2 2 2 2 2 2 2 2 2 2 2 2 2 2 2 2 2
left_child=-1 2 3 -2 5 -5 8 -8 -7 11 -11 13 -13 15 -15 -4 -16 -18
right_child=1 -3 9 4 -6 6 7 -9 -10 10 -12 12 -14 14 16 -17 17 -19
leaf_value=-17.125943313919215 -5.7321739983411 0.61664520516284149 0.18035948874499974 -4.1345884585781221 -2.4756579918733306 30.264271141422945 -9.9141133391636984 10.632373738227782 4.9938301951510935 0.61909767512204705 -8.6206654662478783 1.7942000543086529 18.605941881841623 -9.0982402211719489 -0.92684008850884514 -3.2917700160381766 12.902699508277458 3.3176793534180535
leaf_weight=9876 8108 131374 130028 1086 9127 117 480 602 93 9227 11507 15326 93 8962 10572 12374 248 600
leaf_count=9876 8108 131374 130028 1086 9127 117 480 602 93 9227 11507 15326 93 8962 10572 12374 248 600
internal_value=-8.98707e-05 -4.85928e-05 -0.000148585 -0.000693541 -0.000256503 0.000929046 0.00243163 0.00133293 0.00809257 -9.48581e-05 -0.000504411 -4.72064e-05 0.000528893 -0.000101775 -0.000589516 -3.19646e-05 -2.21213e-05 0.00244278
internal_weight=359800 349924 218550 19613 11505 2378 1292 1082 210 198937 20734 178203 15419 162784 20382 142402 11420 848
internal_count=359800 349924 218550 19613 11505 2378 1292 1082 210 198937 20734 178203 15419 162784 20382 142402 11420 848
is_linear=0
shrinkage=0.0229654


Tree=383
num_leaves=19
num_cat=0
split_feature=37 10 12 32 11 15 4 30 21 24 15 7 15 12 33 0 4 22
split_gain=39.4345 12.4671 20.7637 11.0085 9.42187 12.2765 12.9811 13.6576 11.8575 10.3431 18.0183 10.0659 8.43144 8.36747 13.2588 12.2355 16.0118 13.9585
threshold=18324.567058026765 -0.9330127018922193 13.668750000000003 664.94375000000025 108.00000000000001 20.406250000000004 1.5000000000000002 1092.6062500000003 8.0194010416666686 -1.2249999999999992 8.3062500000000021 0.89495246814786289 12.681250000000004 9.0312500000000036 0.39236111111111116 14.500000000000002 11.500000000000002 7.1385416666666677
decision_type=2 2 2 2 2 2 2 2 2 2 2 2 2 2 2 2 2 2
left_child=1 2 -1 -4 5 9 7 8 -7 10 13 -11 -6 14 15 16 -2 -18
right_child=4 -3 3 -5 12 6 -8 -9 -10 11 -12 -13 -14 -15 -16 -17 17 -19
leaf_value=-13.748106004475769 5.5190955118676364 -11.931598323375427 9.6442985023781578 -16.004842091098457 -0.26095940809815116 27.151456792791411 -6.6371717299314517 -12.020840937326858 5.4022372981193865 -0.39096724511966896 -0.10426936334814364 -2.790756509871652 1.9318704045690147 0.48007681153479698 -0.43852134436415025 3.8971230793528773 21.926063327681508 11.622613209788597
leaf_weight=1924 2324 12835 1815 443 68630 66 18821 1286 3120 123331 36849 19308 60031 3777 1965 2962 75 238
leaf_count=1924 2324 12835 1815 443 68630 66 18821 1286 3120 123331 36849 19308 60031 3777 1965 2962 75 238
internal_value=-8.78921e-05 -0.00116696 -7.79797e-05 0.00141576 -3.43231e-05 -0.000127654 -0.00062538 0.000486833 0.00129316 -6.69006e-05 0.000223982 -0.000165174 0.000121002 0.00102444 0.00146524 0.00203485 0.00317266 0.0080489
internal_weight=359800 17017 4182 2258 342783 214122 23293 4472 3186 190829 48190 142639 128661 11341 7564 5599 2637 313
internal_count=359800 17017 4182 2258 342783 214122 23293 4472 3186 190829 48190 142639 128661 11341 7564 5599 2637 313
is_linear=0
shrinkage=0.0229654


Tree=384
num_leaves=19
num_cat=0
split_feature=37 7 0 27 37 36 9 22 5 36 22 26 25 27 18 36 7 36
split_gain=39.4777 9.80345 11.149 10.6688 10.6343 11.4135 9.2617 12.8399 9.17397 10.4383 14.6661 13.849 11.8174 20.7554 8.72912 8.74099 8.19878 13.5858
threshold=17796.853298326216 0.25881904510252096 27.500000000000004 3.7276599702380939 19367.681914178898 19397.500000000004 0.93301270189221952 6.5518663194444455 1.0000000180025095e-35 25563.500000000004 9.1557291666666689 6.4535156250000005 1.9783854166666668 -0.75671502976190463 1.0562500000000001 31122.500000000004 -0.97868534383143924 31254.500000000004
decision_type=2 2 2 2 2 2 2 2 2 2 2 2 2 2 2 2 2 2
left_child=-1 2 14 4 -3 6 -6 -8 -7 10 11 12 13 -10 -2 -16 -4 -18
right_child=1 3 16 -5 5 8 7 -9 9 -11 -12 -13 -14 -15 15 -17 17 -19
leaf_value=-16.485016266438834 1.7088122165484483 -2.7663330648847024 1.8170067554063554 -8.7406134410415497 2.0791552470518186 -0.12081228749628962 9.3969613077458991 2.5429552788390324 2.5131915260370445 -10.127533709022877 -4.5311506268627157 4.9217125912620405 -3.938369485515266 16.884727334828092 8.1570697449016105 27.473853481100917 0.16265931539909118 -2.7006014466652517
leaf_weight=9876 50494 20799 22488 4375 7407 86377 79 154 453 5961 9078 4652 4508 70 316 95 94802 37816
leaf_count=9876 50494 20799 22488 4375 7407 86377 79 154 453 5961 9078 4652 4508 70 316 95 94802 37816
internal_value=-8.79559e-05 -4.75427e-05 5.40545e-05 -0.000192979 -0.000157966 -7.40576e-05 0.000784551 0.00529289 -0.000133102 -0.000523183 -0.000257185 0.000364534 -0.000470629 0.00279712 0.000348958 0.00368229 -4.27314e-05 -0.000111487
internal_weight=359800 349924 206011 143913 139538 118739 7640 233 111099 24722 18761 9683 5031 523 50905 411 155106 132618
internal_count=359800 349924 206011 143913 139538 118739 7640 233 111099 24722 18761 9683 5031 523 50905 411 155106 132618
is_linear=0
shrinkage=0.0229654


Tree=385
num_leaves=19
num_cat=0
split_feature=37 11 15 23 23 26 24 9 22 22 26 26 24 15 26 27 16 31
split_gain=38.5177 10.3055 17.2326 14.009 16.0842 13.1693 14.1486 14.497 20.51 25.1456 12.1695 16.4807 12.0414 10.2995 10.2634 9.57787 9.31168 12.8292
threshold=17796.853298326216 84.000000000000014 16.206250000000008 -0.02499999999999902 1.0000000180025095e-35 13.338671875000005 -1.6124999999999998 0.93301270189221952 7.3148003472222225 9.1016059027777807 5.2191406250000005 6.6522135416666677 -3.6499999999999972 10.831250000000002 17.953255208333335 -3.9334821428571409 44.937500000000007 11.456249999999999
decision_type=2 2 2 2 2 2 2 2 2 2 2 2 2 2 2 2 2 2
left_child=-1 2 5 14 -5 6 7 16 -9 10 -10 15 13 -11 -4 -12 -2 -18
right_child=1 -3 3 4 -6 -7 -8 8 9 12 11 -13 -14 -15 -16 -17 17 -19
leaf_value=-16.106431126661413 2.7228509937041951 0.37599271247790517 -7.7195158126381918 4.6834550502441639 -3.370941319043173 -1.3415157950088255 -0.1046020849298597 -7.2738188003339612 -8.2296743424639427 35.681855367337135 16.43884425140584 12.737035547028215 0.60192318811662948 2.5906398731805638 4.3607040756797293 34.61555406927085 -4.5335162205699602 13.123512777488353
leaf_weight=9876 12001 175105 15355 5248 24155 48606 61871 432 67 96 119 422 821 75 670 81 4164 636
leaf_count=9876 12001 175105 15355 5248 24155 48606 61871 432 67 96 119 422 821 75 670 81 4164 636
internal_value=-8.68708e-05 -4.6952e-05 -0.000171684 -0.000556493 -0.000258765 -3.65809e-05 0.000143133 0.000692823 0.00248565 0.00363266 0.00700295 0.00800466 0.0012918 0.0068359 -0.00110277 0.0134348 0.000467345 -0.000387542
internal_weight=359800 349924 174819 45428 29403 129391 80785 18914 2113 1681 689 622 992 171 16025 200 16801 4800
internal_count=359800 349924 174819 45428 29403 129391 80785 18914 2113 1681 689 622 992 171 16025 200 16801 4800
is_linear=0
shrinkage=0.0229654


Tree=386
num_leaves=19
num_cat=0
split_feature=37 11 24 15 26 24 10 30 30 4 30 11 30 23 13 14 26 10
split_gain=37.7925 9.90781 16.8221 12.6495 17.177 16.4512 14.2174 22.0036 32.9748 13.9573 11.7445 11.4764 25.5749 11.3769 13.1934 12.7745 12.3731 10.5653
threshold=17796.853298326216 84.000000000000014 3.2750000000000012 12.618750000000004 13.943880208333335 -1.6124999999999998 0.25000000000000017 853.6187500000002 1189.4687500000002 7.5000000000000009 332.73125000000005 36.000000000000007 968.87500000000011 -0.27500000000000019 14.631250000000003 87.812500000000014 13.80924479166667 -0.9330127018922193
decision_type=2 2 2 2 2 2 2 2 2 2 2 2 2 2 2 2 2 2
left_child=-1 2 3 4 5 6 7 9 11 -2 -7 -9 -13 14 -5 -15 -17 -6
right_child=1 -3 -4 13 17 10 -8 8 -10 -11 -12 12 -14 15 -16 16 -18 -19
leaf_value=-15.736540349433897 0.79984023970820206 0.36735788608113973 -6.7089090271744549 -4.1488714771210509 1.8164601361061241 4.6646952592669457 1.7492065293702743 16.882554552562528 -7.1312872975821779 9.786951402580236 -0.020365620824473771 -5.5054565306389005 15.304723801069537 -1.4832071796821567 1.9247227000458913 2.4118302622574146 9.7919433994262732 -2.4333591221179831
leaf_weight=9876 2674 175105 9822 26486 5725 2379 9265 531 385 732 42027 324 454 40383 3578 5415 463 24176
leaf_count=9876 2674 175105 9822 26486 5725 2379 9265 531 385 732 42027 324 454 40383 3578 5415 463 24176
internal_value=-8.62964e-05 -4.67551e-05 -0.000169056 -0.000114092 7.24656e-05 0.000300456 0.000976009 0.00194981 0.00408876 0.000885981 8.1919e-05 0.00582644 0.00404994 -0.000330829 -0.000678635 -0.000104797 0.000895486 -0.000375653
internal_weight=359800 349924 174819 164997 88672 58771 14365 5100 1694 3406 44406 1309 778 76325 30064 46261 5878 29901
internal_count=359800 349924 174819 164997 88672 58771 14365 5100 1694 3406 44406 1309 778 76325 30064 46261 5878 29901
is_linear=0
shrinkage=0.0229654


Tree=387
num_leaves=19
num_cat=0
split_feature=37 31 30 7 26 8 24 19 26 28 22 9 37 22 13 26 4 25
split_gain=36.9066 8.24618 20.9009 10.2515 8.68927 8.0396 9.58827 9.49924 12.4417 9.20725 11.6441 25.1653 15.9545 14.06 9.28104 8.45557 7.99061 7.95425
threshold=18232.96162295766 187.59375000000003 22.237499999999997 -0.97868534383143924 0.78072916666666681 -0.89495246814786256 -2.575000000000002 10.956250000000002 5.1378906250000007 -2.3290569487983279 6.7600260416666673 0.93301270189221952 20167.682146005318 5.6983940972222227 -0.56874999999999976 19.762369791666668 2.5000000000000004 22.846354166666668
decision_type=2 2 2 2 2 2 2 2 2 2 2 2 2 2 2 2 2 2
left_child=-1 2 -2 4 -4 -5 7 16 -9 10 13 12 -12 -10 -15 -8 -7 -3
right_child=1 17 3 5 -6 6 15 8 9 -11 11 -13 -14 14 -16 -17 -18 -19
leaf_value=-9.8032384547920906 -5.5575872554034298 2.9055104497540203 11.091924030823327 1.4992658756604889 1.927969818342183 -9.6359371429846288 -0.83698526349455893 1.5953874908025425 13.043298925613739 3.2529127657406582 7.8731644545105857 10.961653197409701 -1.0857925418077539 12.943208338398943 23.307703640114703 4.3594252211303957 0.81991903210192718 -2.5391821242736397
leaf_weight=15566 11788 14702 248 45582 20107 1735 220088 5688 140 1000 101 200 839 65 81 1895 15393 4582
leaf_count=15566 11788 14702 248 45582 20107 1735 220088 5688 140 1000 101 200 839 65 81 1895 15393 4582
internal_value=-8.73814e-05 -3.79211e-05 -6.5303e-05 -2.95688e-05 0.000468785 -6.42127e-05 -0.000115884 0.000308243 0.000955523 0.00233251 0.00351728 0.00247785 0.000903957 0.00766049 0.0126467 -0.000164112 1.60843e-06 0.000423485
internal_weight=359800 344234 324950 313162 20355 292807 247225 25242 8114 2426 1426 1140 940 286 146 221983 17128 19284
internal_count=359800 344234 324950 313162 20355 292807 247225 25242 8114 2426 1426 1140 940 286 146 221983 17128 19284
is_linear=0
shrinkage=0.0229654


Tree=388
num_leaves=19
num_cat=0
split_feature=37 7 37 0 9 26 23 35 37 18 27 14 4 27 26 15 8 4
split_gain=36.6208 10.681 10.9603 9.31268 11.0344 9.21724 11.3178 8.99178 16.6518 11.2166 9.52411 12.0959 11.0182 11.7338 11.4906 27.4628 11.4944 10.3356
threshold=17658.666800385352 0.65793410509763428 18870.792390379229 45.500000000000007 -0.6830127018922193 20.375130208333339 -3.8874999999999984 26028.500000000004 26008.29858271543 0.014375000000000002 1.0298921130952394 81.562500000000014 6.5000000000000009 2.4156063988095249 8.1608072916666696 25.706250000000004 -0.65793410509763406 7.5000000000000009
decision_type=2 2 2 2 2 2 2 2 2 2 2 2 2 2 2 2 2 2
left_child=-1 3 -3 7 -5 -6 -7 9 -9 -2 11 -11 14 -14 15 -12 -17 -15
right_child=1 2 -4 4 5 6 -8 8 -10 10 12 -13 13 17 -16 16 -18 -19
leaf_value=-17.415951050188891 -0.057349497604535185 -3.9688486425043661 -0.7850768698807381 -5.5925821645611622 -1.235305815772888 1.0881563778636387 10.490060189727773 -5.7728437334372886 0.10992782371399944 -0.87215934659934413 8.1104453394806075 3.0578057375713574 3.3296116244439018 16.427414041400464 1.2347254912026029 34.814267670244504 25.903464727081797 6.2450396624477476
leaf_weight=8483 52404 11969 80880 4448 17369 468 187 12726 117986 18623 1107 10538 4552 1910 12845 94 68 3143
leaf_count=8483 52404 11969 80880 4448 17369 468 187 12726 117986 18623 1107 10538 4552 1910 12845 94 68 3143
internal_value=-8.54028e-05 -4.94003e-05 -0.000260674 2.64951e-05 -0.000420229 -0.000167425 0.00250691 6.90331e-05 -5.81906e-05 0.000226984 0.000462956 0.000184992 0.000804694 0.0014047 0.00039637 0.00248113 0.0113126 0.00216656
internal_weight=359800 351317 92849 258468 22472 18024 655 235996 130712 105284 52880 29161 23719 9605 14114 1269 162 5053
internal_count=359800 351317 92849 258468 22472 18024 655 235996 130712 105284 52880 29161 23719 9605 14114 1269 162 5053
is_linear=0
shrinkage=0.0229654


Tree=389
num_leaves=19
num_cat=0
split_feature=35 11 15 23 23 9 24 13 12 24 0 4 34 31 36 10 0 36
split_gain=12.4575 11.0019 17.3279 13.48 15.9262 12.3252 12.873 12.2928 10.0067 9.75402 9.31384 9.33391 30.9794 27.2086 12.4469 11.9054 10.0821 10.7762
threshold=17399.500000000004 84.000000000000014 16.206250000000008 -0.02499999999999902 1.0000000180025095e-35 0.68301270189221941 -3.6499999999999972 -0.56874999999999976 5.3687500000000012 2.4250000000000016 11.500000000000002 7.5000000000000009 0.36458333333333343 220.56875000000005 20224.500000000004 -0.9330127018922193 14.500000000000002 17856.500000000004
decision_type=2 2 2 2 2 2 2 2 2 2 2 2 2 2 2 2 2 2
left_child=8 2 5 -4 -5 -2 -7 -8 -1 -9 -10 14 -13 -14 15 16 -12 -18
right_child=1 -3 3 4 -6 6 7 9 10 -11 11 12 13 -15 -16 -17 17 -19
leaf_value=19.248066883641727 -0.7946722766161225 0.32900375938578763 -6.7794561013814176 4.5597380892653003 -3.5618277692175031 6.3381273881944793 -5.3924268929181718 2.161209447916864 -10.056153632379941 -3.7825098417484408 -8.9441273112520996 -1.2810120830061082 57.957074337655648 5.4129976086950782 -17.916915305854946 -9.4746955366355934 3.6980169011606199 18.835574742199
leaf_weight=83 93925 174232 16284 5249 24202 1313 3572 26578 3638 3109 232 1269 126 109 3093 1826 536 424
leaf_count=83 93925 174232 16284 5249 24202 1313 3572 26578 3638 3109 232 1269 126 109 3093 1826 536 424
internal_value=-8.46368e-05 -6.02638e-05 -0.000189305 -0.000573194 -0.000280021 -5.26703e-05 0.000318056 0.000230006 -0.000833854 0.000383156 -0.000892454 -0.000435785 0.00118492 0.00884413 -0.000834662 0.000214587 0.00199984 0.00303813
internal_weight=359800 348464 174232 45735 29451 128497 34572 33259 11336 29687 11253 7615 1504 235 6111 3018 1192 960
internal_count=359800 348464 174232 45735 29451 128497 34572 33259 11336 29687 11253 7615 1504 235 6111 3018 1192 960
is_linear=0
shrinkage=0.0229654


Tree=390
num_leaves=19
num_cat=0
split_feature=37 7 0 27 37 26 26 5 34 0 26 4 28 0 26 13 32 13
split_gain=36.4338 9.54783 10.5271 10.3553 9.30557 9.08871 10.1906 7.52911 18.4943 12.9369 6.96853 15.3683 10.7148 9.67892 9.05893 15.2614 10.6312 8.43061
threshold=17796.853298326216 0.25881904510252096 43.500000000000007 3.7276599702380939 19777.377895503061 7.2479166666666677 18.747265625000004 1.0000000180025095e-35 0.91319444444444453 9.5000000000000018 18.246484375000005 6.5000000000000009 4.2940880847953213 8.5000000000000018 13.87565104166667 11.081250000000002 1.2625000000000004 14.931250000000004
decision_type=2 2 2 2 2 2 2 2 2 2 2 2 2 2 2 2 2 2
left_child=-1 2 -2 4 10 -4 -7 8 -6 -9 14 12 13 17 15 -3 -17 -12
right_child=1 3 5 -5 7 6 -8 9 -10 -11 11 -13 -14 -15 -16 16 -18 -19
leaf_value=-14.852523971358897 0.6905229061680751 -1.5407109513182453 1.2589111074400097 -8.4737948901065963 0.14352002857048948 -2.6221692914014403 2.4578280194720015 1.2091755260702839 21.159107666299597 -4.1818375836610358 12.015888331561172 -3.4755362480091243 0.17930682992465533 4.6188702922100795 -4.6325523102813015 9.3491589995764492 4.9979798585880877 10.849879361010359
leaf_weight=9876 168563 9472 9327 4375 87307 25277 2844 8418 67 16962 178 2723 756 594 12386 63 538 74
leaf_count=9876 168563 9472 9327 4375 87307 25277 2844 8418 67 16962 178 2723 756 594 12386 63 538 74
internal_value=-8.38071e-05 -4.49831e-05 5.52807e-05 -0.000188511 -0.000154016 -0.000293017 -0.000499064 -6.26109e-05 3.85318e-05 -0.000410808 -0.00053881 0.00030532 0.00209011 0.00386557 -0.000701366 -0.000189916 0.00335883 0.00763691
internal_weight=359800 349924 206011 143913 139538 37448 28121 112754 87374 25380 26784 4325 1602 846 22459 10073 601 252
internal_count=359800 349924 206011 143913 139538 37448 28121 112754 87374 25380 26784 4325 1602 846 22459 10073 601 252
is_linear=0
shrinkage=0.0229654


Tree=391
num_leaves=19
num_cat=0
split_feature=37 7 37 36 1 36 37 31 25 37 37 15 21 28 24 28 30 31
split_gain=35.71 9.97546 10.1353 10.2514 9.15125 11.1352 13.7404 9.88127 8.73826 8.00312 7.73852 11.0841 7.44882 7.37989 7.34523 7.15722 15.0457 9.123
threshold=17658.666800385352 0.65793410509763428 18870.792390379229 20095.500000000004 22.500000000000004 26525.500000000004 26938.03789291166 429.45000000000005 6.9348958333333348 24218.596483362879 26008.29858271543 19.593750000000004 18.843619791666672 7.181021750805586 -3.5499999999999989 1.166525930851064 86.781250000000014 24.825000000000006
decision_type=2 2 2 2 2 2 2 2 2 2 2 2 2 2 2 2 2 2
left_child=-1 4 -3 9 5 10 -7 -8 -6 13 15 -12 -10 -4 -5 16 -2 -18
right_child=1 2 3 14 8 6 7 -9 12 -11 11 -13 -14 -15 -16 -17 17 -19
leaf_value=-16.588611853735987 -3.4212824712893224 -3.7751320469351848 0.75413460626205497 2.8767827788135039 1.0614090854830789 -4.5039981365352473 0.013353881020792577 7.2727938525537956 -5.0033614540513014 16.979784993407211 2.1965579808140552 11.260995770722273 2.0332019419539451 9.6086586009877752 -1.855773167753112 1.8744308659957063 0.17594298717923731 4.1459869362215667
leaf_weight=8483 14804 11969 14241 3970 4407 18533 107380 110 9500 292 14958 1108 1085 230 62147 38703 39047 8833
leaf_count=8483 14804 11969 14241 3970 4407 18533 107380 110 9500 292 14958 1108 1085 230 62147 38703 39047 8833
internal_value=-8.24028e-05 -4.68509e-05 -0.000251027 -0.000158725 2.64951e-05 6.0404e-05 -8.95311e-05 1.00411e-05 -0.000524198 0.000388434 0.000221279 0.000689562 -0.00088195 0.000312479 -0.000280898 0.000147074 -4.54351e-06 0.000193296
internal_weight=359800 351317 92849 80880 258468 243476 126023 107490 14992 14763 117453 16066 10585 14471 66117 101387 62684 47880
internal_count=359800 351317 92849 80880 258468 243476 126023 107490 14992 14763 117453 16066 10585 14471 66117 101387 62684 47880
is_linear=0
shrinkage=0.0229654


Tree=392
num_leaves=19
num_cat=0
split_feature=35 11 15 23 19 0 9 22 31 10 36 0 36 18 25 9 3 15
split_gain=11.9026 10.667 12.2121 10.1462 9.48142 9.21571 9.29886 28.3 23.5845 11.9539 9.79398 9.44698 9.665 8.9488 12.9263 22.0488 14.1975 11.1076
threshold=17399.500000000004 108.00000000000001 20.406250000000004 -0.27500000000000019 10.093750000000002 11.500000000000002 -0.5 18.961458333333336 220.56875000000005 -0.9330127018922193 20224.500000000004 14.500000000000002 17856.500000000004 0.063750000000000015 8.6908854166666689 -0.93301270189221908 4.5000000000000009 12.281250000000004
decision_type=2 2 2 2 2 2 2 2 2 2 2 2 2 2 2 2 2 2
left_child=4 2 13 -4 5 -1 7 -7 -9 10 11 -8 -13 14 15 16 -2 -15
right_child=1 -3 3 -5 -6 6 9 8 -10 -11 -12 12 -14 17 -16 -17 -18 -19
leaf_value=-9.633846881922068 6.7172928153308655 0.55370130584184896 -9.9184831318098166 -2.2764043799865057 18.772864064599027 -0.25036626740758178 -8.5670071290780658 57.33736157747267 14.870013608226927 -14.481809322216668 -14.524281345723065 3.7226426214655635 18.966405669008456 2.3399969744814246 -1.5271254682727444 0.32055101803153963 14.898837630137374 -0.52038482560836141
leaf_weight=3636 238 130674 6395 17695 86 1299 232 105 100 4070 848 536 424 18931 91374 49100 81 33976
leaf_count=3636 238 130674 6395 17695 86 1299 232 105 100 4070 848 536 424 18931 91374 49100 81 33976
internal_value=-8.12539e-05 -5.74299e-05 -0.000155852 -0.00064349 -0.000813595 -0.000871665 -0.000417444 0.00120019 0.00913015 -0.00081563 0.000619165 0.00196131 0.00296636 -9.52056e-05 -0.000190894 0.000108323 0.00612651 0.000159434
internal_weight=359800 348464 217790 24090 11336 11250 7614 1504 205 6110 2040 1192 960 193700 140793 49419 319 52907
internal_count=359800 348464 217790 24090 11336 11250 7614 1504 205 6110 2040 1192 960 193700 140793 49419 319 52907
is_linear=0
shrinkage=0.0229654


Tree=393
num_leaves=19
num_cat=0
split_feature=37 7 3 26 1 11 15 24 21 26 21 34 15 28 24 17 37 3
split_gain=34.4758 9.76407 11.3398 9.99308 9.84897 8.05718 12.9166 13.8844 11.9951 11.6544 21.5957 10.6508 10.5765 9.29195 10.3639 8.83764 8.64338 13.207
threshold=17658.666800385352 0.32075123873380545 5.5000000000000009 1.0000000180025095e-35 22.500000000000004 84.000000000000014 12.618750000000004 -1.2249999999999992 12.598307291666666 5.1378906250000007 5.7404947916666682 0.90625000000000011 8.3062500000000021 1.9685285160575849 -2.174999999999998 30.437500000000004 20040.008643446326 2.5000000000000004
decision_type=2 2 2 2 2 2 2 2 2 2 2 2 2 2 2 2 2 2
left_child=-1 4 5 -4 -2 6 7 8 9 -3 15 -9 13 14 -12 -11 17 -14
right_child=1 2 3 -5 -6 -7 -8 11 -10 10 12 -13 16 -15 -16 -17 -18 -19
leaf_value=-16.188877785691346 0.4787986919374686 -0.59467737305265267 6.40359506422877 -3.9440603661717937 -2.3245072690957218 0.30264714340782634 -3.8370345763620834 -1.4490432425437361 -1.8307849928562412 0.039702345013781948 8.6967512221799339 14.743896498275323 -2.6499303800837817 15.750147531867949 1.3703790864081078 13.058044074120065 -0.60197087310880149 10.32401087654303
leaf_weight=8483 198745 2422 152 16698 14992 60411 22385 27311 3268 81 1132 62 165 65 859 309 2126 134
leaf_count=8483 198745 2422 152 16698 14992 60411 22385 27311 3268 81 1132 62 165 65 859 309 2126 134
internal_value=-8.09986e-05 -4.60664e-05 -0.000196971 -0.000755065 5.1069e-05 -0.000119079 -0.000306833 -4.86751e-05 0.00065867 0.00117677 0.00182413 -0.000321582 0.001373 0.00258472 0.00230577 0.00700739 0.000345664 0.00400166
internal_weight=359800 351317 137580 16850 213737 120730 60319 37934 10561 7293 4871 27373 4481 2056 1991 390 2425 299
internal_count=359800 351317 137580 16850 213737 120730 60319 37934 10561 7293 4871 27373 4481 2056 1991 390 2425 299
is_linear=0
shrinkage=0.0229654


Tree=394
num_leaves=19
num_cat=0
split_feature=7 3 6 17 0 35 13 14 27 0 3 22 35 3 14 27 14 24
split_gain=14.9106 12.8861 7.87446 8.76589 10.3171 13.3006 17.4195 12.8096 13.2041 12.2992 40.9788 17.04 15.0917 14.5085 11.1281 10.8254 12.0175 11.7477
threshold=0.89495246814786289 5.5000000000000009 1.0000000180025095e-35 58.312500000000007 43.500000000000007 30749.500000000004 15.943750000000003 55.812500000000007 7.1070126488095244 15.500000000000002 1.0000000180025095e-35 9.3793836805555575 26978.500000000004 5.5000000000000009 83.437500000000014 0.17576264880952366 87.812500000000014 0.7000000000000004
decision_type=2 2 2 2 2 2 2 2 2 2 2 2 2 2 2 2 2 2
left_child=2 -2 3 -1 5 7 -7 8 -5 10 -9 15 14 -12 -13 16 -11 -18
right_child=1 -3 -4 4 -6 6 -8 9 -10 11 13 12 -14 -15 -16 -17 17 -19
leaf_value=-0.80682406624471381 -1.3156307026494394 -6.9521974692932105 -6.311693486366396 -4.3054636745524029 -1.6659164535838122 -0.81954099743645992 14.75901550820393 -10.776918212933674 10.517575971005373 0.049850376864440417 2.1180235466738595 2.8863159949185477 -1.3093349338625155 -3.2859507552304472 7.1617915705621202 9.9418958628652128 6.1477235064125475 28.373466744370194
leaf_weight=109084 45024 7448 6888 11815 21635 55020 161 4975 1042 5039 26158 30123 14821 5082 5510 8503 1083 389
leaf_count=109084 45024 7448 6888 11815 21635 55020 161 4975 1042 5039 26158 30123 14821 5082 5510 8503 1083 389
internal_value=-7.95306e-05 -0.00043732 -1.84429e-05 -8.41379e-07 9.28183e-05 0.000153025 -0.00013988 0.000294135 -0.00038886 0.000380494 4.09015e-05 0.000568347 0.000366233 0.000349185 0.000622391 0.00124754 0.000542831 0.00236831
internal_weight=359800 52472 307328 300440 191356 169721 55181 114540 12857 101683 36215 65468 50454 31240 35633 15014 6511 1472
internal_count=359800 52472 307328 300440 191356 169721 55181 114540 12857 101683 36215 65468 50454 31240 35633 15014 6511 1472
is_linear=0
shrinkage=0.0229654


Tree=395
num_leaves=19
num_cat=0
split_feature=37 11 37 8 29 35 22 32 10 12 34 22 29 13 29 34 27 22
split_gain=32.9775 9.43142 10.8094 8.60234 10.2158 14.3352 30.5457 17.6492 7.98669 8.92633 6.91748 6.28747 12.0532 6.04449 10.0305 9.63009 6.11505 10.8779
threshold=17658.666800385352 108.00000000000001 19574.565316963995 -0.89495246814786256 121.85625000000003 20345.500000000004 15.974956597222224 73.906250000000014 -0.9330127018922193 13.668750000000003 0.43402777777777785 2.6752170138888896 532.48125000000016 23.881250000000005 23.050000000000001 0.96875000000000011 4.5711867559523816 7.4813802083333343
decision_type=2 2 2 2 2 2 2 2 2 2 2 2 2 2 2 2 2 2
left_child=8 2 3 4 5 6 7 -2 9 -1 -11 12 -3 16 15 -15 -4 -18
right_child=1 11 13 -5 -6 -7 -8 -9 -10 10 -12 -13 -14 14 -16 -17 17 -19
leaf_value=-15.210120988867642 6.5688782530567256 16.985081902580994 -0.30110116713638457 -3.4185177529401072 -18.774493617202346 -2.1449926074729921 12.320058533179298 31.500193239681256 -20.996955765284195 8.6531861231406921 -19.251398074239923 0.39021841567834281 3.7672443956791506 2.4517570478119266 14.088190058901148 11.976817547864272 -13.383231574960062 -1.2277198451270452
leaf_weight=1042 73 195 182704 18199 695 824 542 152 6202 962 277 127406 4294 2952 70 77 3478 9656
leaf_count=1042 73 195 182704 18199 695 824 542 152 6202 962 277 127406 4294 2952 70 77 3478 9656
internal_value=-8.02965e-05 -4.61318e-05 -0.000138386 -0.0006407 0.000687153 0.00170184 0.00396131 0.0110744 -0.0014952 -0.000333256 0.000984231 0.000107344 0.000952074 -8.66618e-05 0.000919653 0.000721033 -0.000102586 -0.000581217
internal_weight=359800 351317 219422 20485 2286 1591 767 225 8483 2281 1239 131895 4489 198937 3099 3029 195838 13134
internal_count=359800 351317 219422 20485 2286 1591 767 225 8483 2281 1239 131895 4489 198937 3099 3029 195838 13134
is_linear=0
shrinkage=0.0229654


Tree=396
num_leaves=19
num_cat=0
split_feature=37 7 3 1 35 25 35 37 9 0 24 26 35 35 37 37 35 33
split_gain=33.1128 9.10956 10.6806 9.42651 13.8975 11.5633 12.2299 12.915 10.6 10.0502 11.4831 9.41228 8.86974 9.17547 13.1136 10.7161 11.6628 12.4434
threshold=17658.666800385352 0.32075123873380545 5.5000000000000009 22.500000000000004 23929.500000000004 10.296614583333335 28354.500000000004 28694.380984603627 -0.6830127018922193 35.500000000000007 1.5500000000000036 1.0000000180025095e-35 16852.500000000004 31940.500000000004 32338.954424611878 38757.320078214347 37475.500000000007 0.017361111111111115
decision_type=2 2 2 2 2 2 2 2 2 2 2 2 2 2 2 2 2 2
left_child=-1 3 12 4 9 6 7 -6 -5 -2 -11 -4 -3 14 -14 -15 -17 -18
right_child=1 2 11 8 5 -7 -8 -9 -10 10 -12 -13 13 15 -16 16 17 -19
leaf_value=-15.349446087395682 1.6359298739540857 -9.0590911487206736 6.1296636547880095 -7.0510011899070122 1.7349506334821512 -1.2797368844945778 -0.0020608639864317787 12.166731950334508 -0.90998031734517693 2.8705340128851549 9.0981801333956458 -3.8160710250940557 -0.26153720006446401 -5.7290347697195108 8.7123810880181374 15.880486069939206 17.247729696333082 -0.56267100349285804
leaf_weight=8483 45393 2515 152 2944 16397 58728 69382 3085 12048 4541 1219 16698 104619 10557 2068 66 106 799
leaf_count=8483 45393 2515 152 2944 16397 58728 69382 3085 12048 4541 1219 16698 104619 10557 2068 66 106 799
internal_value=-8.0105e-05 -4.58703e-05 -0.000191629 4.79531e-05 8.98412e-05 -2.32162e-05 0.000142034 0.000650462 -0.000507347 0.000416046 0.00131971 -0.000733258 -0.000116035 -8.73241e-05 -2.08162e-05 -0.000702828 0.00160592 0.000926229
internal_weight=359800 351317 137580 213737 198745 147592 88864 19482 14992 51153 5760 16850 120730 118215 106687 11528 971 905
internal_count=359800 351317 137580 213737 198745 147592 88864 19482 14992 51153 5760 16850 120730 118215 106687 11528 971 905
is_linear=0
shrinkage=0.0229654


Tree=397
num_leaves=19
num_cat=0
split_feature=37 31 26 10 31 27 21 3 3 32 16 26 32 13 36 3 9 36
split_gain=31.7568 9.2517 11.7117 22.2619 18.724 18.49 18.2262 15.4602 16.3673 15.4551 16.7588 13.7761 12.3659 12.184 20.222 15.8834 17.3834 15.8655
threshold=17658.666800385352 187.59375000000003 14.13541666666667 -0.9330127018922193 43.693750000000016 0.029222470238095658 12.472786458333337 5.5000000000000009 2.5000000000000004 370.42500000000007 500.56250000000006 19.184244791666668 81.756249999999994 11.318750000000003 22554.500000000004 1.5000000000000002 -0.6830127018922193 18958.500000000004
decision_type=2 2 2 2 2 2 2 2 2 2 2 2 2 2 2 2 2 2
left_child=-1 2 13 4 6 -5 -4 8 12 10 11 -9 -6 -2 15 -15 17 -17
right_child=1 -3 3 5 7 -7 -8 9 -10 -11 -12 -13 -14 14 -16 16 -18 -19
leaf_value=-14.996939781148813 -0.22905585905116108 1.8573227137714299 12.269978267660468 -4.1170221901938469 15.060760677091906 -0.54618921793558017 -7.4481201425630719 6.7455779310163093 -2.6707244668433958 -0.83220937419824548 39.195351650620431 19.694243694584252 4.8886229527757754 -2.9858170987575052 0.35304912008191641 23.087804475581869 9.0019780266435383 10.997082062421354
leaf_weight=8483 225490 19967 260 31823 267 35578 3761 532 3970 407 84 103 5463 1547 16929 322 3719 1095
leaf_count=8483 225490 19967 260 31823 267 35578 3761 532 3970 407 84 103 5463 1547 16929 322 3719 1095
internal_value=-7.96582e-05 -4.61318e-05 -7.50618e-05 -0.000312673 0.000492347 -0.000490002 -0.000845854 0.000989383 0.000693697 0.00353659 0.00556089 0.00428567 0.00147892 3.39215e-06 0.00049973 0.0015694 0.00218386 0.00434835
internal_weight=359800 351317 331350 82248 14847 67401 4021 10826 9700 1126 719 635 5730 249102 23612 6683 5136 1417
internal_count=359800 351317 331350 82248 14847 67401 4021 10826 9700 1126 719 635 5730 249102 23612 6683 5136 1417
is_linear=0
shrinkage=0.0229654


Tree=398
num_leaves=19
num_cat=0
split_feature=7 10 26 8 3 13 10 26 13 3 16 32 32 3 17 23 18 32
split_gain=13.7012 18.4962 9.37401 8.77686 13.1184 11.3764 7.68598 30.7875 24.6219 24.3089 23.431 23.8535 18.3645 16.3656 15.0253 14.7031 14.0564 13.199
threshold=0.89495246814786289 -0.5 18.349869791666674 0.13052619222005152 4.5000000000000009 14.431250000000002 -0.9330127018922193 17.341015625000008 16.168750000000006 3.5000000000000004 167.06250000000003 140.51250000000002 173.11875000000003 1.0000000180025095e-35 27.062500000000004 7.1750000000000043 0.72875000000000012 50.300000000000004
decision_type=2 2 2 2 2 2 2 2 2 2 2 2 2 2 2 2 2 2
left_child=6 2 -2 4 5 -3 7 16 10 -10 11 -9 -8 -13 -15 -11 -1 -18
right_child=1 3 -4 -5 -6 -7 12 8 9 15 -12 13 -14 14 -16 -17 17 -19
leaf_value=-2.2124416767563866 -5.8661571792023857 2.5210638964629268 -0.67419091468926151 -2.3937271999129459 -3.4963509528197654 10.615773434727544 0.14896412395084932 16.616032917712651 -1.0432801369160329 6.6111878380969351 -7.6374414599718294 -8.5687688985030928 -2.1099098749043472 15.055330434502869 8.5158995704070151 17.676628210093636 23.520361888482892 5.4219509319688539
leaf_weight=17948 13832 13802 4760 14520 5472 86 225158 133 5162 3593 519 230 52650 174 999 217 202 343
leaf_count=17948 13832 13802 4760 14520 5472 86 225158 133 5162 3593 519 230 52650 174 999 217 202 343
internal_value=-7.94667e-05 -0.000422439 -0.00100449 -0.000103033 0.00021708 0.000592324 -2.09089e-05 0.000331411 0.00129187 0.00077251 0.00355936 0.00498481 -5.83465e-05 0.00410365 0.00520197 0.00216393 -0.000241291 0.00339214
internal_weight=359800 52472 18592 33880 19360 13888 307328 29520 11027 8972 2055 1536 277808 1403 1173 3810 18493 545
internal_count=359800 52472 18592 33880 19360 13888 307328 29520 11027 8972 2055 1536 277808 1403 1173 3810 18493 545
is_linear=0
shrinkage=0.0229654


Tree=399
num_leaves=19
num_cat=0
split_feature=6 11 24 15 21 4 21 30 36 26 18 15 27 13 32 14 27 23
split_gain=10.3394 10.6608 13.8781 12.7189 12.019 11.6457 9.4863 15.9266 10.5108 11.5729 9.5105 12.7502 9.30796 8.41763 27.0244 8.41662 7.93447 8.24784
threshold=1.0000000180025095e-35 132.00000000000003 4.2750000000000039 13.706250000000004 9.6251302083333368 2.5000000000000004 18.843619791666672 22.237499999999997 17718.500000000004 12.735156250000001 0.13812500000000003 14.681250000000004 -4.7429501488095234 9.5187500000000025 101.68125000000001 75.937500000000014 0.50448288690476117 -0.87499999999999922
decision_type=2 2 2 2 2 2 2 2 2 2 2 2 2 2 2 2 2 2
left_child=1 2 4 -3 12 16 7 -7 9 13 -10 -12 15 -9 -15 -1 17 -6
right_child=-2 3 -4 -5 5 6 -8 8 10 -11 11 -13 -14 14 -16 -17 -18 -19
leaf_value=9.6833623172655141 -6.6118222689240245 -0.26859280472588959 -7.3400585726604453 3.2392230280194565 -7.7986075092977858 -7.081361900138444 1.0666818424750615 -2.1258728185423292 -1.1810965424306445 -8.6084054580702585 3.3115022881509639 -1.7033009190948525 0.13633663459484385 3.5941664380092035 20.172827652604123 1.5064013573033539 -18.590591606769237 16.507042491126263
leaf_weight=1357 8064 53972 7114 33962 229 8001 19455 997 90736 5889 10890 12608 98258 564 63 4459 2985 197
leaf_count=1357 8064 53972 7114 33962 229 8001 19455 997 90736 5889 10890 12608 98258 564 63 4459 2985 197
internal_value=-7.94667e-05 -6.08262e-05 -0.000133822 0.000158162 -0.000106092 -0.000235863 -0.000205531 -0.000276439 -0.000211212 -0.00104327 -0.000156489 0.000255279 8.42049e-05 0.000673124 0.00275805 0.000976898 -0.00156267 0.0013693
internal_weight=359800 351736 263802 87934 256688 152614 149203 129748 121747 7513 114234 23498 104074 1624 627 5816 3411 426
internal_count=359800 351736 263802 87934 256688 152614 149203 129748 121747 7513 114234 23498 104074 1624 627 5816 3411 426
is_linear=0
shrinkage=0.0229654


Tree=400
num_leaves=19
num_cat=0
split_feature=11 16 1 3 22 25 8 10 27 28 33 19 26 9 3 26 28 3
split_gain=10.0756 8.595 10.2925 10.4526 7.31275 7.22169 20.2511 6.89981 11.6165 9.34155 9.02096 8.91525 17.6662 16.836 12.8375 7.91612 7.34663 7.20013
threshold=84.000000000000014 545.81250000000011 8.5000000000000018 5.5000000000000009 1.0000000180025095e-35 2.5835937500000004 -0.065263096110025884 -0.5 1.1901785714285709 2.300677655677656 0.41319444444444448 11.781250000000002 4.5654947916666675 0.25000000000000011 4.5000000000000009 6.7871093750000009 -3.9813226744186041 2.5000000000000004
decision_type=2 2 2 2 2 2 2 2 2 2 2 2 2 2 2 2 2 2
left_child=1 2 3 7 5 -2 -7 9 10 -1 11 -9 -13 15 16 -14 -15 -18
right_child=4 -3 -4 -5 -6 6 -8 8 -10 -11 -12 12 13 14 -16 -17 17 -19
leaf_value=-3.5649827080880097 5.0646606255969102 -9.9372279683442795 -0.089058878127710697 -5.295180967066714 0.16305732574213366 5.1442604449006151 24.86821122775568 0.59420014426563528 -5.861715835554163 0.89731280505691569 -3.1870813842744403 -0.81163700240279724 15.336947778770705 -5.294691047050688 8.5273908619028109 18.628472594817087 2.5975728349012517 10.292126519956255
leaf_weight=15045 706 7826 104614 9572 178977 137 80 23814 5369 5475 6061 1143 121 233 157 65 244 161
leaf_count=15045 706 7826 104614 9572 178977 137 80 23814 5369 5475 6061 1143 121 233 157 65 244 161
internal_value=-7.7871e-05 -0.0001994 -0.000165547 -0.000386729 4.3658e-05 0.00208256 0.00574664 -0.000270485 -8.46889e-05 -0.00060883 8.11704e-05 0.000267566 0.00169321 0.00395398 0.00249875 0.0101739 0.00105108 0.00292029
internal_weight=359800 179900 172074 67460 179900 923 217 57888 37368 20520 31999 25938 2124 981 795 186 638 405
internal_count=359800 179900 172074 67460 179900 923 217 57888 37368 20520 31999 25938 2124 981 795 186 638 405
is_linear=0
shrinkage=0.0229654


Tree=401
num_leaves=19
num_cat=0
split_feature=6 5 0 26 10 22 34 0 26 27 10 26 32 15 21 29 27 26
split_gain=10.0555 10.7998 11.3454 23.4481 20.5733 18.4422 12.1199 13.5283 11.7565 9.27784 14.5697 15.9298 23.5221 14.909 14.7663 14.4212 21.0764 12.8179
threshold=1.0000000180025095e-35 1.0000000180025095e-35 11.500000000000002 18.349869791666674 -0.68301270189221952 14.166015625000002 0.90625000000000011 24.500000000000004 17.004817708333338 -2.9698660714285712 -0.9330127018922193 17.715755208333338 653.46875000000011 16.206250000000008 9.6251302083333368 191.53125000000003 0.44555431547619101 6.1602864583333341
decision_type=2 2 2 2 2 2 2 2 2 2 2 2 2 2 2 2 2 2
left_child=1 2 3 5 -5 8 -4 -8 -1 -3 11 15 13 -13 17 -11 -17 -12
right_child=-2 9 6 4 -6 -7 7 -9 -10 10 14 12 -14 -15 -16 16 -18 -19
leaf_value=-0.8973271491519651 -6.427724314616186 -3.7216404437404842 0.5726092098194282 5.010801827265615 -5.7909442794361192 -4.3443060987187012 21.265207622800109 2.5823513999491392 14.986238875702419 -1.453213128485169 -2.100128879431518 10.524081486963775 -3.8317882585508438 -10.144255063925835 -2.9220747635502553 -8.0545409841818376 28.798145555275465 1.9565479345991938
leaf_weight=40228 8064 15983 191922 4263 1083 11465 62 120 73 5574 14205 1626 876 292 41112 123 154 22575
leaf_count=40228 8064 15983 191922 4263 1083 11465 62 120 73 5574 14205 1626 876 292 41112 123 154 22575
internal_value=-7.64668e-05 -5.8084e-05 2.35347e-05 -0.000260649 0.00118736 -0.000410189 0.000108022 0.00603157 -0.00017899 -0.000256491 -0.0001626 0.000731864 0.00215845 0.00358251 -0.000261874 5.06325e-05 0.00516514 7.24298e-05
internal_weight=359800 351736 249216 57112 5346 51766 192104 182 40301 102520 86537 8645 2794 1918 77892 5851 277 36780
internal_count=359800 351736 249216 57112 5346 51766 192104 182 40301 102520 86537 8645 2794 1918 77892 5851 277 36780
is_linear=0
shrinkage=0.0229654


Tree=402
num_leaves=19
num_cat=0
split_feature=35 11 24 22 21 30 28 29 10 24 24 34 21 11 13 29 35 13
split_gain=11.4509 9.75303 15.8189 9.09749 11.963 7.36236 19.1405 12.1121 11.7886 16.2155 11.357 9.36081 8.5181 8.46785 8.46473 8.93921 8.0702 7.76987
threshold=17055.000000000004 84.000000000000014 3.2750000000000012 19.440451388888892 19.956380208333339 194.79375000000002 1.6325386451466251 1.5750000000000031 -0.9330127018922193 1.1500000000000008 1.0000000180025095e-35 0.64236111111111127 17.939973958333336 36.000000000000007 16.168750000000006 69.481250000000003 20705.500000000004 0.73125000000000029
decision_type=2 2 2 2 2 2 2 2 2 2 2 2 2 2 2 2 2 2
left_child=-1 2 5 -4 -5 6 -2 11 9 -9 14 13 -11 -8 -7 -16 -17 -12
right_child=1 -3 3 4 -6 10 7 8 -10 12 17 -13 -14 -15 15 16 -18 -19
leaf_value=-6.8667075974772933 -3.7474414671857059 0.32072660228153022 -7.8052662571685483 15.754742031103042 0.26425689033378025 0.64732567825894805 1.857725283119849 -2.8540947479147687 -3.8412842043039745 9.9417790229255552 -5.0234687551932113 -1.6676892034095261 1.2381479244444595 6.9871084331586655 -1.7129523299496117 -0.091767283244866923 20.971921806296777 -0.8817038324923886
leaf_weight=8504 23834 175648 9318 93 456 67019 3731 1379 6802 751 5891 2387 481 3199 183 69 154 49901
leaf_count=8504 23834 175648 9318 93 456 67019 3731 1379 6802 751 5891 2387 481 3199 183 69 154 49901
internal_value=-7.57647e-05 -5.56071e-05 -0.000176613 -0.00106995 0.00180293 -0.000123443 -0.000383836 0.000165527 -0.000415491 0.000896275 -3.34934e-05 0.000752531 0.00281103 0.00117975 0.000167067 0.00347309 0.00656007 -0.000275872
internal_weight=359800 351296 175648 9867 549 165781 42564 18730 9413 2611 123217 9317 1232 6930 67425 406 223 55792
internal_count=359800 351296 175648 9867 549 165781 42564 18730 9413 2611 123217 9317 1232 6930 67425 406 223 55792
is_linear=0
shrinkage=0.0229654


Tree=403
num_leaves=19
num_cat=0
split_feature=37 11 15 24 9 15 8 26 8 4 28 23 32 3 26 4 30 3
split_gain=30.6239 8.35972 14.2729 11.0771 8.86779 9.06035 8.3164 8.97368 17.2183 17.8791 23.3493 12.7161 12.137 10.021 13.107 22.0678 17.4973 13.9867
threshold=17658.666800385352 1.0000000180025095e-35 12.618750000000004 -1.8749999999999991 0.68301270189221941 8.2437500000000021 -0.89495246814786256 18.047656250000006 0.32075123873380501 6.5000000000000009 4.4626602564102589 -3.2499999999999982 594.97500000000002 3.5000000000000004 19.608203125000003 7.5000000000000009 1.0000000180025095e-35 1.0000000180025095e-35
decision_type=2 2 2 2 2 2 2 2 2 2 2 2 2 2 2 2 2 2
left_child=-1 2 3 4 -2 -6 -3 11 -9 10 12 -8 -10 14 -11 16 17 -16
right_child=1 6 -4 -5 5 -7 7 8 9 13 -12 -13 -14 -15 15 -17 -18 -19
leaf_value=-14.471037707925502 2.0085921588047375 2.0358378081460775 -4.7561273412784812 -0.75360281320322131 11.823349273503219 3.6014338043789831 -2.067260502735194 -1.0104637126646936 11.001899551599195 -0.42159002207221663 3.2867735527345765 -0.1182918536498761 -0.28411622760263289 -2.0735151058599746 -9.4148213932747478 -5.9139991368357316 5.7115974726508121 12.907695477945895
leaf_weight=8483 3383 44506 18019 21440 406 683 30002 13666 1127 2593 3135 206673 238 3389 84 604 1017 352
leaf_count=8483 3383 44506 18019 21440 406 683 30002 13666 1127 2593 3135 206673 238 3389 84 604 1017 352
internal_value=-7.48711e-05 -4.19481e-05 -0.000338279 6.91247e-06 0.00104659 0.00284906 4.02897e-07 -4.87479e-05 0.000354493 0.000969056 0.00212813 -9.33953e-05 0.00463514 0.000320241 0.00101245 0.00238139 0.00391502 0.00776399
internal_weight=359800 351317 43931 25912 4472 1089 307386 262880 26205 12539 4500 236675 1365 8039 4650 2057 1453 436
internal_count=359800 351317 43931 25912 4472 1089 307386 262880 26205 12539 4500 236675 1365 8039 4650 2057 1453 436
is_linear=0
shrinkage=0.0229654


Tree=404
num_leaves=19
num_cat=0
split_feature=37 31 30 8 34 3 3 35 37 0 18 30 34 27 24 25 36 37
split_gain=29.6954 8.4743 19.7249 9.26843 12.708 10.8645 24.3325 13.0451 12.9558 7.73604 7.4528 9.30266 23.7515 7.70192 7.8723 7.39031 7.23867 19.076
threshold=17658.666800385352 187.59375000000003 22.237499999999997 0.32075123873380501 0.97569444444444453 1.0000000180025095e-35 2.5000000000000004 29696.500000000004 18490.590301764427 47.500000000000007 0.011250000000000001 1.0000000180025095e-35 0.45486111111111116 -2.2704055059523793 -0.99999999999999956 20.140364583333337 31379.500000000004 31884.863887757954
decision_type=2 2 2 2 2 2 2 2 2 2 2 2 2 2 2 2 2 2
left_child=-1 2 -2 4 -3 -5 7 10 -8 16 11 12 -7 -13 -15 -14 -4 -18
right_child=1 3 9 5 -6 6 8 -9 -10 -11 -12 13 15 14 -16 -17 17 -19
leaf_value=-14.138704409320766 -5.1694425440731147 -0.35501738501065389 0.20944615661627899 -3.4990634206981075 11.132219171550867 16.912893096488798 6.6179853217242313 8.1049584933203995 0.46449219281479176 -4.3306531499381187 1.7813657953014759 12.052703810039443 5.3527140502420698 12.233614050448644 3.4487250837044288 13.070737605841135 -10.281726674859193 -0.14995436698071693
leaf_weight=8483 12357 11798 239633 1165 74 74 138 68 4557 6789 483 286 216 165 802 141 14392 58179
leaf_count=8483 12357 11798 239633 1165 74 74 138 68 4557 6789 483 286 216 165 802 141 14392 58179
internal_value=-7.40413e-05 -4.16213e-05 -6.93092e-05 0.000417856 9.28466e-06 0.00101706 0.00136202 0.00333435 0.000423111 -3.4435e-05 0.00302355 0.00374483 0.00665517 0.00274375 0.00176456 0.00420068 -1.77577e-05 -0.000218702
internal_weight=359800 351317 331350 19967 11872 8095 6930 2235 4695 318993 2167 1684 431 1253 967 357 312204 72571
internal_count=359800 351317 331350 19967 11872 8095 6930 2235 4695 318993 2167 1684 431 1253 967 357 312204 72571
is_linear=0
shrinkage=0.0229654


Tree=405
num_leaves=19
num_cat=0
split_feature=37 11 15 23 23 26 24 29 3 9 22 22 15 37 29 23 36 19
split_gain=29.2775 8.37032 15.9074 13.114 14.2825 12.3612 11.1217 13.3949 13.5717 11.8976 19.2043 23.831 15.4576 15.1482 10.8488 10.2123 10.0683 11.1008
threshold=17512.56116814318 84.000000000000014 16.206250000000008 -0.02499999999999902 1.0000000180025095e-35 13.338671875000005 -1.375 83.843750000000014 3.5000000000000004 0.93301270189221952 7.3148003472222225 8.7438802083333353 6.5812500000000016 26466.99420136926 0.26249999999999846 -2.8999999999999977 18436.500000000004 10.293750000000003
decision_type=2 2 2 2 2 2 2 2 2 2 2 2 2 2 2 2 2 2
left_child=-1 2 5 -4 -5 6 9 8 -8 16 -11 13 15 -12 -7 -13 -2 -18
right_child=1 -3 3 4 -6 14 7 -9 -10 10 11 12 -14 -15 -16 -17 17 -19
leaf_value=-18.558901739356184 6.8807550698769093 0.33726048196465397 -6.2897952692083097 4.460055230358261 -3.1273646188332851 1.2759425298486562 2.8742756712593565 -0.23345258247769454 26.006596512159973 -6.3233457202304173 14.587238922570791 1.489455306273656 0.66735954967605304 12.386828286343544 -1.9358190924321041 18.378017919426377 -0.67251652868005074 3.7543797213175747
leaf_weight=7057 861 176528 16222 5248 24308 11077 502 57991 248 550 275 120 1071 291 38366 192 12020 6873
leaf_count=7057 861 176528 16222 5248 24308 11077 502 57991 248 550 275 120 1071 291 38366 192 12020 6873
internal_value=-7.36584e-05 -4.43567e-05 -0.000156327 -0.000524646 -0.000236679 -2.70618e-05 0.000147613 -1.80238e-05 0.00303143 0.000584842 0.00207782 0.00314729 0.00152272 0.00711684 -0.000313201 0.00602106 0.000395971 0.000285289
internal_weight=359800 352743 176215 45778 29556 130437 80994 58741 750 22253 2499 1949 1383 566 49443 312 19754 18893
internal_count=359800 352743 176215 45778 29556 130437 80994 58741 750 22253 2499 1949 1383 566 49443 312 19754 18893
is_linear=0
shrinkage=0.0229654


Tree=406
num_leaves=19
num_cat=0
split_feature=37 7 3 0 3 3 36 37 36 21 27 1 9 13 15 20 37 28
split_gain=28.9545 9.44401 10.4999 10.1333 13.878 22.0522 11.5037 10.5961 10.4633 10.3712 9.35246 9.35174 10.3213 46.3866 17.0006 14.6094 14.1736 15.3294
threshold=17512.56116814318 0.25881904510252096 5.5000000000000009 27.500000000000004 5.5000000000000009 3.5000000000000004 16871.000000000004 24026.812138910074 26466.500000000004 24.110286458333338 1.9003348214285711 17.500000000000004 -0.6830127018922193 8.8687500000000039 16.743750000000002 0.6062499999999994 24768.647113330317 4.0543078921326074
decision_type=2 2 2 2 2 2 2 2 2 2 2 2 2 2 2 2 2 2
left_child=-1 3 10 -2 5 7 -7 -5 -9 -10 -3 -6 13 14 -13 -14 17 -17
right_child=1 2 -4 4 11 6 -8 8 9 -11 -12 12 15 -15 -16 16 -18 -19
leaf_value=-18.132688971619125 1.7944544233629096 -0.22143127133602239 -3.401340991966439 -2.5669323611786421 6.0416448380549985 9.3635189859479571 -3.0189589985213323 3.1324487187959198 0.20885749976093473 7.0208737019143674 -4.3213127297901552 16.972409917197119 -2.5269236614856387 -0.29998153976453196 13.307030933809083 4.8466310523490215 -2.8177576867538101 13.729540560902175
leaf_weight=7057 51220 116239 18455 15802 8563 747 43495 15551 58482 106 11331 276 8284 1982 222 942 718 328
leaf_count=7057 51220 116239 18455 15802 8563 747 43495 15551 58482 106 11331 276 8284 1982 222 942 718 328
internal_value=-7.19988e-05 -4.28593e-05 -0.000184243 5.70136e-05 -3.52688e-05 -0.000121739 -0.000541511 8.47463e-05 0.000199827 5.9267e-05 -0.000110174 0.000509085 0.000114899 0.0014446 0.00771047 -0.000206135 0.00156183 0.00301986
internal_weight=359800 352743 146025 206718 155498 134183 44242 89941 74139 58588 127570 21315 12752 2480 498 10272 1988 1270
internal_count=359800 352743 146025 206718 155498 134183 44242 89941 74139 58588 127570 21315 12752 2480 498 10272 1988 1270
is_linear=0
shrinkage=0.0229654


Tree=407
num_leaves=19
num_cat=0
split_feature=37 6 31 30 18 13 29 4 28 37 29 17 3 37 21 4 3 3
split_gain=28.8176 8.64113 8.69556 17.3225 7.91505 13.7028 21.0487 16.0838 11.9129 11.8208 8.57662 8.21665 7.78461 7.33938 9.75832 6.68824 21.6715 13.7369
threshold=17512.56116814318 1.0000000180025095e-35 187.59375000000003 24.324999999999999 0.026250000000000006 15.431250000000004 133.06875000000005 9.5000000000000018 3.5868791050903108 19435.448731896166 159.03125000000003 51.062500000000007 2.5000000000000004 29003.814788121697 14.682682291666667 7.5000000000000009 1.0000000180025095e-35 2.5000000000000004
decision_type=2 2 2 2 2 2 2 2 2 2 2 2 2 2 2 2 2 2
left_child=-1 2 3 -2 9 8 7 -7 11 -5 -8 -6 -10 -9 -15 16 -4 -18
right_child=1 -3 15 4 5 6 10 13 12 -11 -12 -13 -14 14 -16 -17 17 -19
leaf_value=-17.716264354384407 -4.5657210468068037 -5.5887405548607365 -9.1359141981804726 -3.4186213622051222 -2.2875471289904903 3.3405941935711003 16.818702790963176 2.7864509119710847 0.60965685010609083 -0.29084835480133381 6.8665645411554248 0.99587817906308962 -7.8139470088582987 8.2659009302474669 20.191568082997954 -1.7099615396152263 7.3086371271973798 1.8085016530565043
leaf_weight=7057 13110 7707 1915 14911 15570 10628 173 73 4415 163328 65 96109 6706 65 86 3438 4394 10050
leaf_count=7057 13110 7707 1915 14911 15570 10628 173 73 4415 163328 65 96109 6706 65 86 3438 4394 10050
internal_value=-7.21903e-05 -4.31197e-05 -2.61318e-05 -5.45757e-05 -2.02268e-05 0.000113206 0.000886311 0.000738143 4.33869e-05 -0.000120459 0.00764227 0.000114766 -0.000673413 0.00682811 0.00971847 0.000441165 0.000634675 0.000939031
internal_weight=359800 352743 345036 325239 312129 133890 11090 10852 122800 178239 238 111679 11121 224 151 19797 16359 14444
internal_count=359800 352743 345036 325239 312129 133890 11090 10852 122800 178239 238 111679 11121 224 151 19797 16359 14444
is_linear=0
shrinkage=0.0229654


Tree=408
num_leaves=19
num_cat=0
split_feature=37 10 19 34 35 35 13 30 0 30 0 11 16 35 37 3 7 35
split_gain=28.3158 15.257 23.9115 14.4553 9.19195 11.0796 11.6718 11.2136 10.2436 8.89661 7.44685 7.1892 8.84953 7.44714 13.8177 9.04403 14.3744 12.1808
threshold=18324.567058026765 -0.9330127018922193 1.8374999999999997 0.44791666666666669 19234.500000000004 16644.500000000004 13.956250000000002 63.862500000000018 9.5000000000000018 186.86875000000003 47.500000000000007 1.0000000180025095e-35 131.31250000000003 28441.500000000004 28899.443628317462 1.0000000180025095e-35 0.44134171618254497 40221.000000000007
decision_type=2 2 2 2 2 2 2 2 2 2 2 2 2 2 2 2 2 2
left_child=1 2 3 4 5 -1 9 8 -8 -7 11 12 -2 -13 -15 16 17 -16
right_child=10 -3 -4 -5 -6 6 7 -9 -10 -11 -12 13 -14 14 15 -17 -18 -19
leaf_value=1.2427646761373148 -0.34169188649729071 -9.3244776919401886 -10.709404828949095 -11.744544611671529 2.6658594758495147 -7.0107412692550755 11.169786101433314 38.049292129893495 17.201983763688762 16.377298809291659 -3.4546212199659165 0.50730059791750415 -5.7014907266990731 -4.9922518886575471 2.3716104343365827 -0.49995548852263177 17.409500355975108 21.446089404685083
leaf_weight=315 30330 12835 1923 487 688 186 73 145 276 89 7504 196975 11647 15890 8709 71140 420 168
leaf_count=315 30330 12835 1923 487 688 186 73 145 276 89 7504 196975 11647 15890 8709 71140 420 168
internal_value=-7.17435e-05 -0.000986122 0.000218561 0.00182076 0.00278384 0.00410157 0.00558755 0.00769853 0.00546827 0.00179548 -2.63504e-05 -1.03367e-05 -0.000291438 2.98942e-05 -0.000135585 -1.33338e-05 0.000660283 0.000463861
internal_weight=359800 17017 4182 2259 1772 1084 769 494 349 275 342783 335279 41977 293302 96327 80437 9297 8877
internal_count=359800 17017 4182 2259 1772 1084 769 494 349 275 342783 335279 41977 293302 96327 80437 9297 8877
is_linear=0
shrinkage=0.0229654


Tree=409
num_leaves=19
num_cat=0
split_feature=7 10 0 35 3 15 28 17 16 28 9 3 27 28 0 35 3 0
split_gain=13.079 18.0142 8.46376 29.613 19.4697 12.9244 8.35867 7.58595 9.05575 8.36586 12.512 19.6274 9.31807 8.94295 8.22572 9.03616 11.5117 36.21
threshold=0.89495246814786289 -0.5 11.500000000000002 18505.500000000004 1.5000000000000002 16.206250000000008 2.150606261022928 42.562500000000007 44.937500000000007 -2.9569200664136615 -0.93301270189221908 4.5000000000000009 -4.7429501488095234 2.261901176133104 47.500000000000007 28441.500000000004 1.0000000180025095e-35 15.500000000000002
decision_type=2 2 2 2 2 2 2 2 2 2 2 2 2 2 2 2 2 2
left_child=7 6 -3 4 5 -4 -2 8 9 10 11 12 -1 -11 15 16 17 -9
right_child=1 2 3 -5 -6 -7 -8 14 -10 13 -12 -13 -14 -15 -16 -17 -18 -19
leaf_value=-2.0413685862158322 -5.4520418076127877 -2.2664490706331244 14.139157699341055 0.28628274622390953 -7.0385556939393075 -0.95242570684727246 -0.54796868404329568 -9.7583394832709729 -3.4138713803348182 -1.7111935404587193 1.5107550698260905 13.73051439307384 8.3726694425296628 2.1925208226959794 -3.9648649936485847 -0.57269341034806387 1.3051640850590573 1.5927150804379229
leaf_weight=322 13599 14520 381 18704 176 99 4993 6610 35125 19575 5631 182 177 6077 5631 89116 120615 18267
leaf_count=322 13599 14520 381 18704 176 99 4993 6610 35125 19575 5631 182 177 6077 5631 89116 120615 18267
internal_value=-7.02755e-05 -0.00040537 -9.0154e-05 0.000224197 0.00502018 0.00741591 -0.000979786 -1.30627e-05 -0.000228973 5.0724e-05 0.000799714 0.00373989 0.00138529 -0.000133574 4.72325e-05 6.80515e-05 0.000179597 -0.000270209
internal_weight=359800 52472 33880 19360 656 480 18592 307328 67089 31964 6312 681 499 25652 240239 234608 145492 24877
internal_count=359800 52472 33880 19360 656 480 18592 307328 67089 31964 6312 681 499 25652 240239 234608 145492 24877
is_linear=0
shrinkage=0.0229654


Tree=410
num_leaves=19
num_cat=0
split_feature=37 6 11 15 15 25 9 28 18 21 30 10 30 21 10 26 25 22
split_gain=27.8689 8.33782 8.64026 11.0656 10.2146 9.66586 23.7873 14.4844 12.4106 11.8866 10.4466 23.4515 10.2023 11.6355 9.95636 20.1688 15.3379 10.5651
threshold=17512.56116814318 1.0000000180025095e-35 132.00000000000003 12.681250000000004 20.681250000000006 8.6252604166666682 -0.93301270189221908 -5.5024404761904746 0.12625000000000006 18.527994791666671 245.06875000000005 -0.9330127018922193 35.031250000000007 14.612630208333337 -0.9330127018922193 17.092187500000005 17.498697916666671 13.529079861111112
decision_type=2 2 2 2 2 2 2 2 2 2 2 2 2 2 2 2 2 2
left_child=-1 2 4 -4 5 6 7 -2 9 10 11 12 -7 -14 15 -12 -17 -16
right_child=1 -3 3 -5 -6 8 -8 -9 -10 -11 14 -13 13 -15 17 16 -18 -19
leaf_value=-17.093655023785153 1.64603046827143 -5.4305761722115298 -0.27364329756031114 2.9935219231040002 -3.412548600791474 -6.6692212547693419 0.57182387543544233 13.81755521882674 1.2177915055341422 1.0533885590849794 -6.4221486202374383 -4.2145415236061403 -6.0424792795373694 5.1368599141609756 -0.88581655202280929 15.935256776296521 -7.7808265474990721 2.8557375143184225
leaf_weight=7057 144 7707 47306 39094 26174 1184 80218 183 27985 19458 6413 31219 857 4203 52529 104 65 7900
leaf_count=7057 144 7707 47306 39094 26174 1184 80218 183 27985 19458 6413 31219 857 4203 52529 104 65 7900
internal_value=-7.02755e-05 -4.16874e-05 -2.50003e-05 0.000173835 -9.14232e-05 -4.29949e-05 0.000160382 0.00634182 -0.000150824 -0.00024946 -0.000346524 -0.000653659 0.000631144 0.00108019 -0.000174817 -0.00102301 0.00680809 -8.24311e-05
internal_weight=359800 352743 345036 86400 258636 232462 80545 327 151917 123932 104474 37463 6244 5060 67011 6582 169 60429
internal_count=359800 352743 345036 86400 258636 232462 80545 327 151917 123932 104474 37463 6244 5060 67011 6582 169 60429
is_linear=0
shrinkage=0.0229654


Tree=411
num_leaves=19
num_cat=0
split_feature=37 7 3 27 35 8 35 36 3 37 36 35 26 9 35 27 15 26
split_gain=27.292 8.91562 10.249 9.09331 9.41309 8.99837 11.8526 12.0347 9.26538 12.153 15.7889 14.9 18.5985 31.4698 14.3509 10.6337 15.0078 10.1364
threshold=17512.56116814318 0.25881904510252096 5.5000000000000009 1.9003348214285711 16852.500000000004 0.99572243068690536 22775.500000000004 27164.500000000004 3.5000000000000004 22421.220383782642 21004.500000000004 19152.500000000004 10.656119791666669 1.0000000180025095e-35 16644.500000000004 5.9033854166666675 10.943750000000003 14.13541666666667
decision_type=2 2 2 2 2 2 2 2 2 2 2 2 2 2 2 2 2 2
left_child=-1 5 3 4 -3 6 7 8 -2 10 11 12 -10 17 -15 -13 -17 -14
right_child=1 2 -4 -5 -6 -7 -8 -9 9 -11 -12 15 13 14 -16 16 -18 -19
leaf_value=-16.701092246054621 1.0544343009719834 -8.3755741331662534 -3.3150592177454956 -4.2487953414869191 -0.053471425344464675 -3.3084812740748761 -0.011394124173876707 -10.337459793879693 -10.440395905784111 8.3834080840065326 -1.5326327701326068 2.458361995074291 26.921170568685763 3.7789856990273853 28.855336471256635 2.3673374158233305 18.560405361670028 -0.13374156778786547
leaf_weight=7057 20866 2610 18455 11331 113629 7472 160250 1624 361 1950 5679 6367 117 166 546 363 294 663
leaf_count=7057 20866 2610 18455 11331 113629 7472 160250 1624 361 1950 5679 6367 117 166 546 363 294 663
internal_value=-6.88712e-05 -4.05806e-05 -0.000177952 -0.000104773 -4.42366e-05 5.64581e-05 8.58002e-05 0.000444867 0.000528968 0.000935534 0.000707453 0.00131242 0.00314427 0.004276 0.00776695 0.000829161 0.00361085 0.00108938
internal_weight=359800 352743 146025 127570 116239 206718 199246 38996 37372 16506 14556 8877 1853 1492 712 7024 657 780
internal_count=359800 352743 146025 127570 116239 206718 199246 38996 37372 16506 14556 8877 1853 1492 712 7024 657 780
is_linear=0
shrinkage=0.0229654


Tree=412
num_leaves=19
num_cat=0
split_feature=37 12 37 9 9 34 32 32 21 16 27 0 30 6 9 37 22 19
split_gain=26.7252 9.66093 8.94256 12.1249 13.0299 16.998 9.84241 11.5601 10.8812 9.91287 8.33678 6.87022 6.42379 6.09772 6.14793 34.212 19.8901 26.508
threshold=18324.567058026765 14.343750000000004 16946.789151764384 1.0000000180025095e-35 0.25000000000000011 0.44791666666666669 173.11875000000003 256.76875000000001 19.319661458333336 500.56250000000006 1.0956473214285716 47.500000000000007 319.80625000000003 1.0000000180025095e-35 0.68301270189221941 21681.842859192198 7.9598958333333343 5.0250000000000021
decision_type=2 2 2 2 2 2 2 2 2 2 2 2 2 2 2 2 2 2
left_child=1 -1 -3 -4 5 6 10 9 -9 -8 -5 13 -6 -2 -15 16 -16 -18
right_child=11 2 3 4 12 -7 7 8 -10 -11 -12 -13 -14 14 15 -17 17 -19
leaf_value=-9.2524227885644343 0.026040008195570549 -26.14961002371032 -5.4772318342463766 21.1246251854751 -16.372111334345302 -10.795730471365891 9.9420673947186735 13.240790999949297 14.017041837319153 30.5894676519302 -21.229711681748807 -3.2968249764319042 6.3566733631746875 -7.6786856304698707 19.215877667481028 -14.454275604502046 30.924382268889158 1.7869263668834425
leaf_weight=8461 328091 1967 3741 63 738 383 79 456 245 87 310 7504 487 4984 168 1436 100 500
leaf_count=8461 328091 1967 3741 63 738 383 79 456 245 87 310 7504 487 4984 168 1436 100 500
internal_value=-6.81053e-05 -0.000956431 -0.000412283 -6.62284e-06 0.00112247 0.002472 0.00377818 0.0051202 0.00382975 0.0105696 0.000658793 -2.40055e-05 -0.000665529 -8.62425e-06 -0.000670304 0.000339687 0.00425219 0.00229654
internal_weight=359800 17017 8556 6589 2848 1623 1240 867 701 166 373 342783 1225 335279 7188 2204 768 600
internal_count=359800 17017 8556 6589 2848 1623 1240 867 701 166 373 342783 1225 335279 7188 2204 768 600
is_linear=0
shrinkage=0.0229654


Tree=413
num_leaves=19
num_cat=0
split_feature=7 10 0 35 3 31 21 25 28 14 3 36 35 14 7 35 35 22
split_gain=12.1357 16.554 8.00476 27.5614 16.9579 10.1608 12.9268 8.96134 7.46593 7.21903 7.21371 12.8044 9.87964 6.65418 9.20011 12.4771 12.0882 11.2191
threshold=0.89495246814786289 -0.5 11.500000000000002 18505.500000000004 1.5000000000000002 83.156250000000043 11.849348958333335 10.735156250000003 2.150606261022928 65.062500000000014 4.5000000000000009 21816.500000000004 23418.500000000004 48.062500000000007 -0.97868534383143924 32229.500000000004 20705.500000000004 8.6250434027777789
decision_type=2 2 2 2 2 2 2 2 2 2 2 2 2 2 2 2 2 2
left_child=13 8 -3 4 5 6 7 -4 9 -2 11 12 -5 -1 16 17 -15 -16
right_child=1 2 3 10 -6 -7 -8 -9 -10 -11 -12 -13 -14 14 15 -17 -18 -19
leaf_value=-2.997880295600921 6.6162839732206002 -2.1912448035684395 17.255631352898707 3.2437364471829166 -6.6986499277413083 8.3446494283583164 7.0882729737228383 20.025518195058222 -0.57620229832025527 -5.3821354349194213 -3.107561191994983 0.35004448296779739 17.539216794801856 27.075270437800512 1.6827576310935464 -1.8065858699649802 1.9921777190755168 -0.20531368439469092
leaf_weight=13230 92 14520 113 1280 176 66 224 77 4993 13507 5328 11616 480 167 55582 52965 19591 165793
leaf_count=13230 92 14520 113 1280 176 66 224 77 4993 13507 5328 11616 480 167 55582 52965 19591 165793
internal_value=-6.68287e-05 -0.000389614 -8.74426e-05 0.000218266 0.00484514 0.007081 0.0057469 0.0101531 -0.000940258 -0.00121911 5.59887e-05 0.000340635 0.00216606 -1.17176e-05 1.09473e-05 -2.35235e-05 0.000489575 5.22325e-05
internal_weight=359800 52472 33880 19360 656 480 414 190 18592 13599 18704 13376 1760 307328 294098 274340 19758 221375
internal_count=359800 52472 33880 19360 656 480 414 190 18592 13599 18704 13376 1760 307328 294098 274340 19758 221375
is_linear=0
shrinkage=0.0229654


Tree=414
num_leaves=19
num_cat=0
split_feature=7 3 35 36 28 17 16 11 28 9 3 30 28 27 0 25 35 13
split_gain=11.7913 10.8352 7.63519 13.2018 8.561 7.17068 8.82438 10.5923 7.6535 10.4094 16.8277 13.7495 8.63899 7.62983 7.46405 11.2162 8.7923 17.3839
threshold=0.89495246814786289 5.5000000000000009 21922.000000000004 18958.500000000004 -1.517165178571428 42.562500000000007 44.937500000000007 84.000000000000014 -2.8531009615384613 -0.93301270189221908 4.5000000000000009 640.45000000000016 2.261901176133104 -4.7429501488095234 43.500000000000007 6.7986979166666668 30749.500000000004 15.943750000000003
decision_type=2 2 2 2 2 2 2 2 2 2 2 2 2 2 2 2 2 2
left_child=5 -2 -3 4 -4 6 8 -8 9 10 13 -12 -10 -1 16 -16 -7 -18
right_child=1 2 3 -5 -6 14 7 -9 12 -11 11 -13 -14 -15 15 -17 17 -19
leaf_value=-1.9687994960689019 -1.1123959269552093 -10.172187464969571 1.5265120423237539 -1.9573689773581393 12.836448749856373 1.0004325910827598 -6.1047372490251766 -0.62916705684239493 -1.6881792724198925 1.4885323888963806 14.883205894044758 5.738829992076937 2.1159821924688669 8.0021775525980736 1.5050464106195935 -2.3499985208150096 -0.7754084551958349 14.028726483132242
leaf_weight=322 45024 5056 63 2256 73 148386 16312 18813 19303 5871 118 71 6077 202 8139 19627 63890 197
leaf_count=322 45024 5056 63 2256 73 148386 16312 18813 19303 5871 118 71 6077 202 8139 19627 63890 197
internal_value=-6.61905e-05 -0.000384362 -0.00119576 -0.000126733 0.00682208 -1.1867e-05 -0.000221785 -0.000473039 5.43163e-05 0.000752026 0.00337234 0.00924692 -0.000126681 0.00125345 4.67545e-05 -0.000307353 9.30293e-05 -0.000131765
internal_weight=359800 52472 7448 2392 136 307328 67089 35125 31964 6584 713 189 25380 524 240239 27766 212473 64087
internal_count=359800 52472 7448 2392 136 307328 67089 35125 31964 6584 713 189 25380 524 240239 27766 212473 64087
is_linear=0
shrinkage=0.0229654


Tree=415
num_leaves=19
num_cat=0
split_feature=37 7 36 35 4 29 35 28 20 28 31 27 37 37 35 37 36 5
split_gain=25.8103 8.56303 9.84793 18.3226 19.358 25.5669 17.849 13.7984 13.3068 10.572 9.52788 9.50714 10.0634 8.70812 7.59638 13.2884 25.564 10.8212
threshold=17512.56116814318 0.32075123873380545 19397.500000000004 18204.500000000004 6.5000000000000009 166.83125000000004 16644.500000000004 -1.1085582386363624 2.0812500000000012 9.4997336800573908 34.60625000000001 3.7276599702380939 18324.567058026765 20532.198694338298 31940.500000000004 32338.954424611878 30263.000000000004 1.0000000180025095e-35
decision_type=2 2 2 2 2 2 2 2 2 2 2 2 2 2 2 2 2 2
left_child=-1 2 3 4 5 6 10 -8 -9 -5 -2 12 -3 -12 15 -14 -17 -16
right_child=1 11 -4 9 -6 -7 7 8 -10 -11 13 -13 14 -15 17 16 -18 -19
leaf_value=-15.783710708622724 -1.6459703231914737 -5.0421458670670107 0.080732929139685772 1.0502275402243271 0.86092241853555929 -2.0260655991981995 47.209485299532922 5.5910703746356596 32.234905264976852 16.829238491706054 3.8917620869383467 -8.4698706881375507 -0.36833046792369761 23.702114793175333 -1.5238100944753397 45.296113652203239 5.4359385523791079 -17.306981534713422
leaf_weight=7057 130 7329 204065 8288 712 303 104 90 127 116 90 3800 114406 87 8716 192 1788 2400
leaf_count=7057 130 7329 204065 8288 712 303 104 90 127 116 90 3800 114406 87 8716 192 1788 2400
internal_value=-6.54883e-05 -3.79764e-05 5.30711e-05 0.000754998 0.00297306 0.00515303 0.00779654 0.0115829 0.0082866 0.000321362 0.00383754 -0.000178597 -0.000146669 0.00730482 -9.91015e-05 -4.43189e-05 0.00182099 -0.000672683
internal_weight=359800 352743 214112 10047 1643 931 628 321 217 8404 307 138631 134831 177 127502 116386 1980 11116
internal_count=359800 352743 214112 10047 1643 931 628 321 217 8404 307 138631 134831 177 127502 116386 1980 11116
is_linear=0
shrinkage=0.0229654


Tree=416
num_leaves=19
num_cat=0
split_feature=35 12 8 4 34 31 10 25 11 36 29 36 3 8 17 30 25 35
split_gain=10.3806 9.1161 8.57873 9.41453 30.3649 27.2086 12.4612 10.3266 8.4701 7.10596 12.7892 9.36205 10.01 10.3806 6.64156 6.50303 16.2202 13.95
threshold=17399.500000000004 5.3687500000000012 0.13052619222005152 7.5000000000000009 0.36458333333333343 220.56875000000005 -0.9330127018922193 12.350781250000002 84.000000000000014 20224.500000000004 67.406250000000014 19178.500000000004 1.0000000180025095e-35 -0.44134171618254459 89.437500000000014 2041.9937500000003 2.5835937500000004 33243.500000000007
decision_type=2 2 2 2 2 2 2 2 2 2 2 2 2 2 2 2 2 2
left_child=1 -1 3 6 -5 -6 7 -3 -2 10 11 12 13 14 -9 -10 -17 -18
right_child=8 2 -4 4 5 -7 -8 9 15 -11 -12 -13 -14 -15 -16 16 17 -19
leaf_value=17.54039187635718 -0.7000313615927436 22.988359364892229 -8.0770026991665471 -0.67428434991079966 55.682945209818534 4.9025151422547282 -13.497423984919665 33.880122082490949 0.26255937534288371 -13.543869161906654 -5.4080509762400926 32.169682505542241 -4.3739729496889641 -4.7295380800397728 12.585534307751816 0.10068138967961979 16.9529481971256 9.622931759830303
leaf_weight=83 174232 62 3638 1269 126 109 4071 62 172106 846 447 134 317 61 111 1513 240 373
leaf_count=83 174232 62 3638 1269 126 109 4071 62 172106 846 447 134 317 61 111 1513 240 373
internal_value=-6.48501e-05 -0.000748767 -0.000804698 -0.000366422 0.00126126 0.00884413 -0.000767017 0.000697968 -4.26013e-05 0.000408686 0.00159865 0.00357053 0.00224652 0.00584931 0.00872154 7.06229e-05 0.00133299 0.00448444
internal_weight=359800 11336 11253 7615 1504 235 6111 2040 348464 1978 1132 685 551 234 173 174232 2126 613
internal_count=359800 11336 11253 7615 1504 235 6111 2040 348464 1978 1132 685 551 234 173 174232 2126 613
is_linear=0
shrinkage=0.0229654


Tree=417
num_leaves=19
num_cat=0
split_feature=7 3 35 35 13 28 28 27 35 35 30 0 25 21 21 0 27 28
split_gain=11.2199 12.222 12.2368 8.94322 8.7739 9.47032 12.9611 13.1567 12.8744 8.00256 7.94738 7.40148 8.04326 9.8286 7.28936 7.11642 6.78991 8.57887
threshold=0.65793410509763428 5.5000000000000009 22188.500000000004 16852.500000000004 -5.4437499999999988 -1.0476205406911914 1.8309367167919814 -0.20442708333333345 24670.500000000004 29923.000000000004 1672.9875000000002 45.500000000000007 6.9348958333333348 18.527994791666671 11.208463541666669 10.500000000000002 1.8230282738095245 7.6875113378684805
decision_type=2 2 2 2 2 2 2 2 2 2 2 2 2 2 2 2 2 2
left_child=11 3 -3 14 -4 -6 7 -7 10 16 15 -1 -13 -14 -2 -9 17 -5
right_child=1 2 4 9 5 6 -8 8 -10 -11 -12 12 13 -15 -16 -17 -18 -19
leaf_value=0.24707520679493514 10.305899760231625 -8.319985136551308 7.1471832889644018 -0.0064697844348403418 -5.6488925971339485 0.49221809983692916 -8.2208803637704495 14.621773250552957 2.2948351266025435 -4.8413052864665511 -1.582960285901541 1.1158503529612718 -3.5533824957546756 2.1374963107016276 -9.5267734365905579 12.107501478632678 -5.5334612780428758 9.0084925622911598
leaf_weight=239880 101 8864 124 67098 1958 1152 916 177 386 9416 67 6642 13911 1919 2411 188 4402 188
leaf_count=239880 101 8864 124 67098 1958 1152 916 177 386 9416 67 6642 13911 1919 2411 188 4402 188
internal_value=-6.40841e-05 -0.000274507 -0.000906862 -0.000169901 5.54665e-06 -0.000148868 0.000687529 0.00173698 0.0039642 -0.000128102 0.00668761 1.40753e-05 -0.000384461 -0.000665896 -0.00151945 0.00802216 -4.54265e-05 1.17405e-05
internal_weight=359800 97448 13832 83616 4968 4844 2886 1970 818 81104 432 262352 22472 15830 2512 365 71688 67286
internal_count=359800 97448 13832 83616 4968 4844 2886 1970 818 81104 432 262352 22472 15830 2512 365 71688 67286
is_linear=0
shrinkage=0.0229654


Tree=418
num_leaves=19
num_cat=0
split_feature=37 6 15 8 37 35 36 33 35 4 16 36 37 15 36 35 21 32
split_gain=25.2837 8.00069 7.77924 7.77536 9.18684 10.6634 10.7285 8.09546 11.9724 12.0747 14.6451 12.4578 13.647 15.6176 10.1529 17.4756 16.928 11.5411
threshold=17512.56116814318 1.0000000180025095e-35 27.356250000000006 -0.89495246814786256 19710.194226256823 20093.500000000004 20586.500000000004 0.75347222222222232 39170.500000000007 1.5000000000000002 38.812500000000007 30145.500000000004 32975.980006800011 16.206250000000008 22554.500000000004 20705.500000000004 16.164973958333338 17.712499999999991
decision_type=2 2 2 2 2 2 2 2 2 2 2 2 2 2 2 2 2 2
left_child=-1 3 -3 7 -5 6 -6 14 9 -9 -11 -12 -13 -14 15 16 17 -2
right_child=1 2 -4 4 5 -7 -8 8 -10 10 11 12 13 -15 -16 -17 -18 -19
leaf_value=-15.236333460812775 6.2001707125128362 -5.5506699812020068 26.767414028674306 -1.7886017124366065 4.0023268288846205 -0.27787333808359121 0.55044919756428878 2.4194999162175788 -5.6006352430985213 -10.995669610486404 -11.281332059603772 62.344226192481273 11.96759100041724 33.138776233302572 -0.28155146068146819 0.95198480953545206 4.3148494083988291 24.600669453742739
leaf_weight=7057 675 7645 62 31600 5806 246018 11685 1106 984 207 171 148 584 106 33309 9152 2081 1404
leaf_count=7057 675 7645 62 31600 5806 246018 11685 1106 984 207 171 148 584 106 33309 9152 2081 1404
internal_value=-6.33182e-05 -3.60884e-05 -0.000767898 -1.97421e-05 -6.45834e-05 -2.02112e-05 0.000527688 0.000245307 0.00134347 0.00224313 0.00382253 0.00496408 0.0061168 0.0047595 0.000167433 0.000703522 0.00193771 0.00340339
internal_weight=359800 352743 7707 345036 295109 263509 17491 49927 3306 2322 1216 1009 838 690 46621 13312 4160 2079
internal_count=359800 352743 7707 345036 295109 263509 17491 49927 3306 2322 1216 1009 838 690 46621 13312 4160 2079
is_linear=0
shrinkage=0.0229654


Tree=419
num_leaves=19
num_cat=0
split_feature=35 11 24 29 35 30 13 24 16 21 9 23 22 29 11 9 21 34
split_gain=10.576 8.31922 10.2974 10.0482 11.3405 7.76267 15.3238 9.41459 20.8447 10.5287 9.04129 7.71965 9.96575 7.71585 7.59633 7.22788 7.79807 10.5457
threshold=17055.000000000004 108.00000000000001 2.825000000000002 91.55625000000002 29696.500000000004 258.41875000000005 13.156250000000004 -1.6124999999999998 84.062500000000014 12.106901041666669 -0.93301270189221908 -1.2374999999999978 14.821831597222225 194.22500000000005 36.000000000000007 -0.93301270189221908 19.059505208333338 0.39236111111111116
decision_type=2 2 2 2 2 2 2 2 2 2 2 2 2 2 2 2 2 2
left_child=-1 2 5 4 -4 6 -2 8 10 -10 13 -9 -13 -7 -8 -16 -17 -18
right_child=1 -3 3 -5 -6 7 14 11 9 -11 -12 12 -14 -15 15 16 17 -19
leaf_value=-6.1662388660779364 -4.7168604975729673 0.55409611339894849 0.4572825001306226 -6.18538238449975 14.110021094358668 2.8491306651334884 -1.9390654409098673 -1.5197270331602657 -6.4992875805299164 6.0004015390697765 2.3805359450058066 0.093898401269872853 15.176613864653183 10.012336722475018 4.486958402093415 -1.0746996630280974 6.0644970581242879 0.56188916822407686
leaf_weight=8504 14632 131736 4055 13507 116 256 18434 31874 6900 1744 21134 81574 164 215 2270 15809 1658 5218
leaf_count=8504 14632 131736 4055 13507 116 256 18434 31874 6900 1744 21134 81574 164 215 2270 15809 1658 5218
internal_value=-6.22969e-05 -4.29247e-05 -0.000129492 -0.00066098 0.000324301 -8.29519e-05 -0.00030719 7.48639e-06 0.000367534 -0.00058556 0.00074886 -8.83757e-05 2.98378e-05 0.00389583 -9.04564e-05 0.00017071 4.70742e-05 0.000692702
internal_weight=359800 351296 219560 17678 4171 201882 58021 143861 30249 8644 21605 113612 81738 471 43389 24955 22685 6876
internal_count=359800 351296 219560 17678 4171 201882 58021 143861 30249 8644 21605 113612 81738 471 43389 24955 22685 6876
is_linear=0
shrinkage=0.0229654


Tree=420
num_leaves=19
num_cat=0
split_feature=35 11 15 4 30 21 16 3 36 24 22 31 34 3 3 31 36 0
split_gain=10.3121 8.148 11.4644 11.4298 12.3608 10.3985 10.0966 7.89219 7.90122 7.49959 13.6656 16.6316 14.0787 19.3394 15.8026 23.8505 11.7727 9.50398
threshold=16852.500000000004 108.00000000000001 20.406250000000004 1.5000000000000002 1092.6062500000003 8.0194010416666686 2.5625000000000004 5.5000000000000009 33390.500000000007 1.0000000180025095e-35 15.974956597222224 178.28125000000003 0.40625000000000006 4.5000000000000009 1.5000000000000002 308.81875000000002 19658.000000000004 34.500000000000007
decision_type=2 2 2 2 2 2 2 2 2 2 2 2 2 2 2 2 2 2
left_child=-1 2 9 4 5 -4 -5 -7 -9 10 -2 -12 13 -13 15 -14 -15 -11
right_child=1 -3 3 6 -6 7 -8 8 -10 17 11 12 14 16 -16 -17 -18 -19
leaf_value=-7.061473523461296 0.89286176798620887 0.53785780854679222 26.880734352502536 -9.5477578644270533 -11.118125494106549 2.6228745120576211 -3.3757968031096772 17.994374963536185 -17.328446646085872 -1.7928436836211239 -3.7689789597324825 1.5888556525864455 0.96116544723813968 14.318147518398209 -2.1133960658595687 16.860380847032179 7.3695550439016957 0.53344044703093685
leaf_weight=7056 78898 132279 66 6818 1286 2747 12942 298 86 66646 15692 555 682 209 4255 275 181 28829
leaf_count=7056 78898 132279 66 6818 1286 2747 12942 298 86 66646 15692 555 682 209 4255 275 181 28829
internal_value=-6.35097e-05 -4.6121e-05 -0.000131617 -0.000602768 0.000444144 0.00120897 -0.000840283 0.00101881 0.00410267 -7.34067e-05 6.4806e-05 -0.000443458 0.000568073 0.00314711 0.000100462 0.00276689 0.00706628 -0.000219251
internal_weight=359800 352744 220465 24243 4483 3197 19760 3131 384 196222 100747 21849 6157 945 5212 957 390 95475
internal_count=359800 352744 220465 24243 4483 3197 19760 3131 384 196222 100747 21849 6157 945 5212 957 390 95475
is_linear=0
shrinkage=0.0229654


Tree=421
num_leaves=19
num_cat=0
split_feature=37 7 27 1 35 37 1 35 30 24 23 37 9 14 21 30 4 21
split_gain=24.8329 7.60578 9.01175 8.85847 9.80543 11.8178 11.0461 10.2809 11.4424 9.18543 8.3917 8.10037 8.02784 7.61923 7.7551 8.81471 7.97818 17.254
threshold=17512.56116814318 0.25881904510252096 3.7276599702380939 21.500000000000004 24266.500000000004 25077.503310491455 17.500000000000004 26978.500000000004 395.80000000000001 1.5812499999999992 0.94999999999999674 18324.567058026765 -0.6830127018922193 63.062500000000007 10.952864583333335 365.65625000000006 6.5000000000000009 12.352994791666669
decision_type=2 2 2 2 2 2 2 2 2 2 2 2 2 2 2 2 2 2
left_child=-1 3 11 4 6 -6 13 8 -7 -8 -11 -3 -5 14 -2 -16 -17 -18
right_child=1 2 -4 12 5 7 9 -9 -10 10 -12 -13 -14 -15 15 16 17 -19
leaf_value=-14.846097885242992 -8.0474397647235243 -4.6872120108009039 -7.4940675381746704 -3.8633644636043596 -4.1676037530087751 0.20169620140040601 4.7659312210974978 -0.0087266871575006916 5.8226820651292579 10.762890201613766 5.3308128866295803 -0.4261271076578188 -0.46440867091743443 2.6455905747829078 -0.13801102209510388 8.0512303509833352 -23.299005766082061 56.53008155040051
leaf_weight=7057 4852 7494 4389 5872 15282 9161 2072 95164 7921 377 279 134142 24096 23608 14781 3008 96 149
leaf_count=7057 4852 7494 4389 5872 15282 9161 2072 95164 7921 377 279 134142 24096 23608 14781 3008 96 149
internal_value=-6.24884e-05 -3.55024e-05 -0.000162382 5.41251e-05 0.000116028 9.75986e-06 0.000391357 9.13324e-05 0.000610098 0.00181164 0.00417998 -0.000130624 -0.000310978 0.000308023 9.43207e-06 0.000228711 0.001311 0.0052961
internal_weight=359800 352743 146025 206718 176750 127528 49222 112246 17082 2728 656 141636 29968 46494 22886 18034 3253 245
internal_count=359800 352743 146025 206718 176750 127528 49222 112246 17082 2728 656 141636 29968 46494 22886 18034 3253 245
is_linear=0
shrinkage=0.0229654


Tree=422
num_leaves=19
num_cat=0
split_feature=7 10 24 17 36 3 0 10 34 31 36 29 26 14 6 3 33 8
split_gain=10.2761 14.7399 8.52802 7.2569 7.46612 14.579 27.1145 11.9541 32.6812 18.6034 16.5925 13.4809 11.9828 13.9739 11.3975 9.49389 9.63619 13.0424
threshold=0.89495246814786289 -0.5 0.25000000000000011 42.562500000000007 24730.000000000004 1.0000000180025095e-35 15.500000000000002 -0.68301270189221952 0.36458333333333343 220.56875000000005 19397.500000000004 69.481250000000003 16.485286458333338 68.562500000000014 1.0000000180025095e-35 1.5000000000000002 0.75347222222222232 -0.70710678118654757
decision_type=2 2 2 2 2 2 2 2 2 2 2 2 2 2 2 2 2 2
left_child=3 -2 -3 -1 5 6 -5 10 -9 -10 11 12 13 -8 15 -6 -17 -18
right_child=1 2 -4 4 14 -7 7 8 9 -11 -12 -13 -14 -15 -16 16 17 -19
leaf_value=-1.1114861623211547 -3.6695353791066427 0.92077192054982582 -2.4432196575732044 -8.7853593364691598 1.5255657208514397 1.4628400489147841 39.368418084121465 5.5235513560243019 54.063971905249993 29.921646677728717 -6.9023606303625744 -3.2519552251270638 -8.3420116420028148 11.592015410150282 -12.320116808319998 -1.1816730490463043 9.7116570342592983 -0.20237718250012299
leaf_weight=67089 18592 19913 13967 5891 43565 82421 62 3349 90 114 3253 181 65 138 3280 87567 3462 6801
leaf_count=67089 18592 19913 13967 5891 43565 82421 62 3349 90 114 3253 181 65 138 3280 87567 3462 6801
internal_value=-6.06374e-05 -0.000357664 -7.253e-05 -9.92417e-06 4.90487e-05 0.000206574 -0.000503761 0.00043638 0.00138775 0.0103119 -0.000477438 0.00367652 0.00697628 0.0097603 -5.50032e-05 -2.39575e-05 -0.000149535 0.000516234
internal_weight=359800 52472 33880 307328 240239 95564 13143 7252 3553 204 3699 446 265 200 144675 141395 97830 10263
internal_count=359800 52472 33880 307328 240239 95564 13143 7252 3553 204 3699 446 265 200 144675 141395 97830 10263
is_linear=0
shrinkage=0.0229654


Tree=423
num_leaves=19
num_cat=0
split_feature=7 10 24 28 14 17 1 35 3 1 26 28 13 35 4 3 31 35
split_gain=9.62985 13.7852 8.23485 7.59264 7.02263 6.8155 7.39011 9.27165 15.3883 30.2953 13.4309 18.5926 16.2017 16.0957 13.5702 12.5968 11.6878 12.2193
threshold=0.89495246814786289 -0.5 0.25000000000000011 2.150606261022928 65.062500000000014 42.562500000000007 22.500000000000004 26028.500000000004 1.0000000180025095e-35 6.5000000000000009 14.487109375000001 1.7625000000000004 11.318750000000003 21808.500000000004 9.5000000000000018 1.5000000000000002 10.418750000000003 20217.500000000004
decision_type=2 2 2 2 2 2 2 2 2 2 2 2 2 2 2 2 2 2
left_child=5 3 -3 4 -2 -1 7 8 9 -7 12 -12 15 14 -14 -10 17 -16
right_child=1 2 -4 -5 -6 6 -8 -9 10 -11 11 -13 13 -15 16 -17 -18 -19
leaf_value=-1.0859604280833564 6.5678254615098099 0.89962601686304855 -2.3871101190310995 -0.35130142507331458 -5.0069618561368703 -8.788233307124024 -2.2351636366524734 -0.29999147268717963 6.4911510982192997 1.4493027704603549 -2.0358109719334472 2.7972242323882353 11.518584438932864 4.2860671354265492 17.461144727739931 0.95985926226647922 -1.5722588235093526 5.0987675692876637
leaf_weight=67089 92 19913 13967 4993 13507 6253 11171 120353 7061 13942 22278 16498 3214 5974 182 32966 102 245
leaf_count=67089 92 19913 13967 4993 13507 6253 11171 120353 7061 13942 22278 16498 3214 5974 182 32966 102 245
internal_value=-6.00629e-05 -0.000347598 -7.18522e-05 -0.000850086 -0.0011313 -1.09703e-05 4.61809e-05 7.43091e-05 0.000228038 -0.000343998 0.000358542 3.81409e-05 0.000608298 0.00144949 0.00263031 0.00040409 0.00603873 0.00770713
internal_weight=359800 52472 33880 18592 13599 307328 240239 229068 108715 20195 88520 38776 49744 9717 3743 40027 529 427
internal_count=359800 52472 33880 18592 13599 307328 240239 229068 108715 20195 88520 38776 49744 9717 3743 40027 529 427
is_linear=0
shrinkage=0.0229654


Tree=424
num_leaves=19
num_cat=0
split_feature=7 36 4 22 14 7 35 35 30 32 0 9 36 21 16 4 35 30
split_gain=9.34425 9.26242 16.4147 9.9783 7.00948 8.13085 10.9079 10.5342 9.0956 10.6697 7.58082 10.1651 8.96443 12.5944 18.3906 18.4534 25.9955 12.0578
threshold=0.65793410509763428 17718.500000000004 9.5000000000000018 11.932248263888892 48.062500000000007 -0.97868534383143924 39506.500000000007 20705.500000000004 319.80625000000003 101.68125000000001 45.500000000000007 -0.6830127018922193 30043.500000000004 5.274869791666668 0.31250000000000006 2.5000000000000004 28274.500000000004 1885.1062500000003
decision_type=2 2 2 2 2 2 2 2 2 2 2 2 2 2 2 2 2 2
left_child=4 2 -2 -4 -1 7 10 -6 -9 -10 12 -12 -7 14 -14 16 -16 -17
right_child=1 -3 3 -5 5 6 -8 8 9 -11 11 -13 13 -15 15 17 -18 -19
leaf_value=-2.8569107056121794 -5.8694478415322804 -0.88270231315269931 -9.7018424621978099 7.8663770130632615 26.605267071071804 0.79239447717354128 -4.8606700010997921 -1.6845626562264464 3.1086899325863642 24.169269254501344 -4.8233884075220574 -0.49882535664430105 -3.6737930670281158 -2.1179420518960916 63.600110532415599 -3.4110719442779942 8.9016370687222395 16.486862055195207
leaf_weight=13230 6880 90256 135 177 167 140620 6342 5380 14117 94 4446 17978 5953 44522 72 3434 5639 358
leaf_count=13230 6880 90256 135 177 167 140620 6342 5380 14117 94 4446 17978 5953 44522 72 3434 5639 358
internal_value=-5.96161e-05 -0.000251647 -0.00104481 0.00410727 1.17119e-05 3.90676e-05 5.60161e-07 0.000486088 0.000437129 0.000741596 2.72669e-05 -0.000373199 7.20332e-05 -0.000163038 0.000401775 0.00102877 0.0018534 -0.000213182
internal_weight=359800 97448 7192 312 262352 249122 229364 19758 19591 14211 223022 22424 200598 59978 15456 9503 5711 3792
internal_count=359800 97448 7192 312 262352 249122 229364 19758 19591 14211 223022 22424 200598 59978 15456 9503 5711 3792
is_linear=0
shrinkage=0.0229654


Tree=425
num_leaves=19
num_cat=0
split_feature=6 3 0 3 3 28 15 34 24 4 24 13 36 3 28 25 4 14
split_gain=8.81432 9.47047 11.4432 55.1298 20.9751 30.5476 12.3964 10.1004 13.3661 9.76244 10.9781 10.3247 15.3669 14.0833 13.1261 9.60222 11.1944 14.3411
threshold=1.0000000180025095e-35 4.5000000000000009 11.500000000000002 1.0000000180025095e-35 2.5000000000000004 2.261901176133104 19.731250000000006 0.90625000000000011 -1.5249999999999975 7.5000000000000009 0.97499999999999998 17.181250000000006 18876.500000000004 1.5000000000000002 3.7146029874213853 5.8164062500000009 2.5000000000000004 73.812500000000014
decision_type=2 2 2 2 2 2 2 2 2 2 2 2 2 2 2 2 2 2
left_child=1 2 3 -1 5 -5 9 -4 -9 11 -11 -7 -13 -14 -15 16 -6 -18
right_child=-2 -3 7 4 15 6 -8 8 -10 10 -12 12 13 14 -16 -17 17 -19
leaf_value=-9.1047569503005636 -5.4945838772836266 -1.1092350869038481 0.61522812085000356 0.4831186585846996 -1.1868063212871298 7.2572900323305989 -11.415084285550574 -2.1415987054439678 18.99727771805761 12.893814147380736 -4.1658186214373432 18.731956622552424 0.86565988660360094 16.474767832086936 9.3839050001014961 -2.234632396365877 21.754739985228191 5.592073959572109
leaf_weight=10736 8064 102520 191922 18408 2589 2913 496 90 92 327 757 75 216 66 150 18921 180 1278
leaf_count=10736 8064 102520 191922 18408 2589 2913 496 90 92 327 757 75 216 66 150 18921 180 1278
internal_value=-5.92332e-05 -4.20222e-05 3.44085e-05 -0.000250999 9.23048e-05 0.000576097 0.00216793 0.000119259 0.00552684 0.00254741 0.000648285 0.00314935 0.00617393 0.00450802 0.00865456 -0.000400755 0.000614567 0.00222408
internal_weight=359800 351736 249216 57112 46376 23408 5000 192104 182 4504 1084 3420 507 432 216 22968 4047 1458
internal_count=359800 351736 249216 57112 46376 23408 5000 192104 182 4504 1084 3420 507 432 216 22968 4047 1458
is_linear=0
shrinkage=0.0229654


Tree=426
num_leaves=19
num_cat=0
split_feature=37 11 15 15 25 26 18 21 26 0 26 13 8 3 3 37 22 34
split_gain=22.5951 7.29863 10.0179 8.8378 8.5441 11.8972 10.214 10.543 8.22524 8.56147 9.11884 8.08252 7.99227 7.79906 17.8712 11.7615 10.7078 9.01054
threshold=17512.56116814318 132.00000000000003 13.781250000000004 20.681250000000006 8.6252604166666682 9.6251302083333368 0.12625000000000006 18.527994791666671 14.010286458333335 42.500000000000007 9.6891927083333353 4.9312500000000012 0.32075123873380501 1.0000000180025095e-35 2.5000000000000004 18490.590301764427 18.870008680555561 0.44791666666666669
decision_type=2 2 2 2 2 2 2 2 2 2 2 2 2 2 2 2 2 2
left_child=-1 3 -3 4 5 -2 7 8 9 10 -6 -8 -9 -14 16 -16 -15 -18
right_child=1 2 -4 -5 6 -7 11 12 -10 -11 -12 -13 13 14 15 -17 17 -19
leaf_value=-14.262828147884264 0.38955744113188762 -0.22848262193610011 3.0464465062824031 -3.2262537509129214 -3.3821161262763724 4.9992147216352505 -7.5288333720617011 -0.81464878413674313 -2.6517552508671147 -3.4989948115416158 0.40453213078345912 1.4608036895159511 -3.3257529036934774 1.213638272310968 6.0883682075008192 0.058462504748789404 11.676931148661545 6.6253529545511869
leaf_weight=7057 79925 54701 33650 26634 12276 2871 2081 11455 44964 6186 42933 26622 1217 746 196 4686 487 1113
leaf_count=7057 79925 54701 33650 26634 12276 2871 2081 11455 44964 6186 42933 26622 1217 746 196 4686 487 1113
internal_value=-5.96161e-05 -3.38748e-05 0.000146836 -9.42623e-05 -4.98225e-05 0.00013852 -0.000150453 -0.000239351 -0.000330126 -0.000157293 -6.65145e-05 0.000240591 0.00024581 0.00078183 0.0010682 0.0002766 0.00271552 0.00377494
internal_weight=359800 352743 88351 264392 237758 82796 154962 126259 106359 61395 55209 28703 19900 8445 7228 4882 2346 1600
internal_count=359800 352743 88351 264392 237758 82796 154962 126259 106359 61395 55209 28703 19900 8445 7228 4882 2346 1600
is_linear=0
shrinkage=0.0229654


Tree=427
num_leaves=19
num_cat=0
split_feature=37 31 30 8 37 4 14 14 4 15 8 26 26 27 4 30 31 30
split_gain=22.0383 7.34859 17.4924 9.34827 10.6411 8.86706 8.40217 8.11902 7.48002 12.2487 7.16509 14.8897 16.8487 16.0056 14.898 19.2641 24.7527 17.0165
threshold=17512.56116814318 187.59375000000003 22.237499999999997 0.32075123873380501 18490.590301764427 7.5000000000000009 78.687500000000014 74.937500000000014 5.5000000000000009 13.256250000000003 0.13052619222005152 18.246484375000005 12.919401041666669 -1.3961123511904769 6.5000000000000009 93.406250000000014 116.00000000000001 35.031250000000007
decision_type=2 2 2 2 2 2 2 2 2 2 2 2 2 2 2 2 2 2
left_child=-1 2 -2 -3 6 7 -5 8 9 -6 -4 12 -12 -14 15 16 17 -13
right_child=1 3 10 4 5 -7 -8 -9 -10 -11 11 14 13 -15 -16 -17 -18 -19
leaf_value=-13.935276466969032 -4.7293952486204525 -0.12848480708599952 0.43911035976593971 -2.0879774628029923 3.6119530555033412 -2.2794342055759609 10.106570546911586 7.3257586481540349 1.3190580482848238 17.805412500588407 -0.13404245301960968 -1.1610119276099167 -4.2792322531914726 -0.87633651119016753 0.024735747536703163 -1.0897296681857727 4.6763288700943368 14.240431545567336
leaf_weight=7057 12465 12016 172818 64 369 1370 147 1569 4463 134 103039 86 14520 24355 3129 860 1044 295
leaf_count=7057 12465 12016 172818 64 369 1370 147 1569 4463 134 103039 86 14520 24355 3129 860 1044 295
internal_value=-5.9297e-05 -3.38748e-05 -5.96631e-05 0.000392186 0.000994337 0.000858479 0.0060842 0.00121065 0.000755647 0.00341057 -2.68004e-05 -0.00014447 -0.000189564 -0.000596953 0.00103756 0.0024473 0.00408542 0.00909575
internal_weight=359800 352743 332611 20132 8116 7905 211 6535 4966 503 320146 147328 141914 38875 5414 2285 1425 381
internal_count=359800 352743 332611 20132 8116 7905 211 6535 4966 503 320146 147328 141914 38875 5414 2285 1425 381
is_linear=0
shrinkage=0.0229654


Tree=428
num_leaves=19
num_cat=0
split_feature=37 10 6 8 24 9 1 29 8 18 33 35 28 24 9 37 26 37
split_gain=21.9013 8.47346 7.08264 8.06395 14.7394 15.8446 18.0147 8.89279 6.80855 10.6542 7.81265 11.6453 11.4299 24.4206 16.8377 11.3432 11.0996 12.5109
threshold=17512.56116814318 -0.9330127018922193 1.0000000180025095e-35 0.44134171618254503 -2.9749999999999979 0.93301270189221952 18.500000000000004 353.18125000000009 -0.89495246814786256 0.8187500000000002 0.72569444444444453 39170.500000000007 -0.45594965675057159 3.4750000000000036 0.68301270189221941 37353.276481140922 5.4462239583333343 36373.894888711664
decision_type=2 2 2 2 2 2 2 2 2 2 2 2 2 2 2 2 2 2
left_child=1 -1 8 -4 7 -6 -7 -5 9 10 -2 12 13 14 15 -12 17 -16
right_child=2 -3 3 4 5 6 -8 -9 -10 -11 11 -13 -14 -15 16 -17 -18 -19
leaf_value=-0.22978609446225601 0.70043424150137434 -17.396840915807747 -11.219911198126661 7.3216084785895177 -3.1447871068953646 15.938707079226146 -1.5015910132395767 16.98211345605489 -0.2686655411354959 12.300072977527339 -8.2551720489431855 -5.9076436900206648 -7.7003824969720709 46.672181264140647 8.4594098100253454 16.797414186900372 57.760107195925009 31.468159372025266
leaf_weight=1905 45653 5152 4942 63 2477 64 72 89 295109 900 638 993 575 91 380 455 89 153
leaf_count=1905 45653 5152 4942 63 2477 64 72 89 295109 900 638 993 575 91 380 455 89 153
internal_value=-5.99991e-05 -0.00132677 -3.46561e-05 -0.000723201 0.000269936 -0.000134471 0.00749753 0.00722202 -1.92762e-05 0.000228747 0.000183294 0.00124969 0.002121 0.00301882 0.00240367 0.000687071 0.00542013 0.00416652
internal_weight=359800 7057 352743 7707 2765 2613 136 152 345036 49927 49027 3374 2381 1806 1715 1093 622 533
internal_count=359800 7057 352743 7707 2765 2613 136 152 345036 49927 49027 3374 2381 1806 1715 1093 622 533
is_linear=0
shrinkage=0.0229654


Tree=429
num_leaves=19
num_cat=0
split_feature=37 11 24 30 21 30 23 17 8 3 3 37 9 29 37 17 25 22
split_gain=21.565 7.29393 9.1397 9.53674 7.07466 14.7273 9.04912 9.46517 8.14053 9.4889 23.1012 12.8129 9.80072 12.739 9.61527 11.3805 7.94945 7.66002
threshold=17512.56116814318 1.0000000180025095e-35 1.912499999999999 447.11875000000003 18.956901041666672 22.237499999999997 -1.712499999999999 26.312500000000004 0.32075123873380501 2.5000000000000004 1.0000000180025095e-35 18490.590301764427 -0.5 1.0000000180025095e-35 21971.225937209423 14.062500000000002 16.331510416666671 18.870008680555561
decision_type=2 2 2 2 2 2 2 2 2 2 2 2 2 2 2 2 2 2
left_child=-1 2 3 -2 5 -3 -7 -8 -6 10 -10 -11 16 17 15 -15 -12 -14
right_child=1 4 -4 -5 8 6 7 -9 9 11 12 -13 13 14 -16 -17 -18 -19
leaf_value=-13.409318380816458 -2.4954899326191926 -5.1679394238180825 -5.4841914299398473 0.6110984333115661 0.27691778923021476 -0.85455519785943168 -3.1373996642775142 0.66442285572704407 -2.6742057249965603 8.7480848349236631 6.7924332413189283 0.28377462978069146 -4.0827020300222854 16.524713214574756 -1.4807967155401602 6.7844378737933582 -2.1844451968198006 13.019023624566341
leaf_weight=7057 15324 8521 7664 21106 12145 72164 14371 193232 1139 157 98 4653 87 61 382 318 423 898
leaf_count=7057 15324 8521 7664 21106 12145 72164 14371 193232 1139 157 98 4653 87 61 382 318 423 898
internal_value=-5.99991e-05 -3.48514e-05 -0.000311143 -0.000159491 4.62008e-06 -2.46e-05 4.04637e-06 8.1052e-05 0.000418342 0.000976644 0.00190412 0.000319892 0.00324474 0.00406959 0.00183784 0.00442948 0.000480466 0.00579381
internal_weight=359800 352743 44094 36430 308649 288288 279767 207603 20361 8216 3406 4810 2267 1746 761 379 521 985
internal_count=359800 352743 44094 36430 308649 288288 279767 207603 20361 8216 3406 4810 2267 1746 761 379 521 985
is_linear=0
shrinkage=0.0229654


Tree=430
num_leaves=19
num_cat=0
split_feature=35 3 7 35 10 16 0 36 36 27 3 26 35 0 27 24 36 26
split_gain=8.81185 7.37508 9.96694 17.0158 30.2984 16.0016 15.9029 14.1456 16.4553 18.8301 10.573 15.8781 12.2143 9.8741 9.52034 22.9024 9.40212 9.16688
threshold=17055.000000000004 4.5000000000000009 0.55438071450436044 19152.500000000004 -0.9330127018922193 398.18750000000006 9.5000000000000018 21132.500000000004 17557.000000000004 -2.1963727678571439 5.5000000000000009 19.184244791666668 22652.500000000004 6.5000000000000009 -0.75671502976190463 0.19999999999999954 24051.500000000004 14.010286458333335
decision_type=2 2 2 2 2 2 2 2 2 2 2 2 2 2 2 2 2 2
left_child=-1 -2 3 4 7 17 10 8 -3 -10 -4 12 -12 -13 -14 16 -16 -6
right_child=1 2 6 -5 5 -7 -8 -9 9 -11 11 13 14 -15 15 -17 -18 -19
leaf_value=-5.5524193636305013 0.12542225748985106 11.53152341391108 2.3106834745677922 -0.58120133223400117 15.242021093693163 -9.0448877423119622 -4.5209955775517106 -28.68541569110775 1.5041752272028921 34.720396878061237 -7.3341806224559729 -2.1082541454046231 -1.6220397698652242 9.4641572648723251 14.00392671304923 -0.53998954628174689 3.7741556550832738 2.4802572298394208
leaf_weight=8504 251192 192 5264 65208 504 1739 20976 96 88 256 3631 110 717 148 145 372 61 597
leaf_count=8504 251192 192 5264 65208 504 1739 20976 96 88 256 3631 110 717 148 145 372 61 597
internal_value=-5.91693e-05 -4.14865e-05 -0.000208172 -5.31674e-05 0.00151339 0.000501357 -0.000546949 0.00606112 0.00751517 0.0105214 0.000185077 -0.000551099 -0.000841972 0.00500254 0.0010729 0.00326601 0.00940913 0.00266782
internal_weight=359800 351296 100104 68680 3472 2840 31424 632 536 344 10448 5184 4926 258 1295 578 206 1101
internal_count=359800 351296 100104 68680 3472 2840 31424 632 536 344 10448 5184 4926 258 1295 578 206 1101
is_linear=0
shrinkage=0.0229654


Tree=431
num_leaves=19
num_cat=0
split_feature=37 10 11 15 24 9 15 36 37 37 35 35 37 27 36 27 25 30
split_gain=21.0449 8.60517 7.14007 14.0474 10.2594 8.56262 7.49299 6.94839 15.4378 12.2144 15.2021 13.9892 24.7228 17.2854 10.228 9.79902 19.8815 13.3489
threshold=17512.56116814318 -0.9330127018922193 1.0000000180025095e-35 12.156250000000004 -1.975000000000001 0.68301270189221941 8.9187500000000028 31379.500000000004 31462.010697715847 29776.60479584325 30749.500000000004 33748.000000000007 36029.311559945709 -0.20442708333333345 22322.500000000004 0.53476562499999958 1.712760416666667 2041.9937500000003
decision_type=2 2 2 2 2 2 2 2 2 2 2 2 2 2 2 2 2 2
left_child=1 -1 3 4 5 -2 -7 9 -9 10 15 12 14 -14 -11 -4 -17 -18
right_child=2 -3 7 -5 -6 6 -8 8 -10 11 -12 -13 13 -15 -16 16 17 -19
leaf_value=0.16200415491286563 2.0142514189609213 -16.519804306283586 -0.3277625247864982 -4.2065203094438566 -0.49792861969388053 10.758176136532192 3.1577395883515629 -10.678648787210046 -0.24628870895113869 52.346114072672428 -9.3111855609030325 -2.5057663143124524 19.290445445575887 42.40346269257951 3.2486682691230286 21.12261035038091 1.1066374262296355 14.698695502727402
leaf_weight=1905 2933 5152 136158 19736 20456 469 500 10597 52907 72 4477 4755 103 68 14093 70 85077 272
leaf_count=1905 2933 5152 136158 19736 20456 469 500 10597 52907 72 4477 4755 103 68 14093 70 85077 272
internal_value=-5.89779e-05 -0.00130073 -3.41352e-05 -0.000307498 6.14719e-05 0.00114062 0.00301228 4.9177e-06 -0.000209172 6.03768e-05 1.32674e-05 0.000618193 0.000976222 0.00965622 0.000871437 4.00376e-05 0.000232856 0.000222822
internal_weight=359800 7057 352743 44094 24358 3902 969 308649 63504 245145 226054 19091 14336 171 14165 221577 85419 85349
internal_count=359800 7057 352743 44094 24358 3902 969 308649 63504 245145 226054 19091 14336 171 14165 221577 85419 85349
is_linear=0
shrinkage=0.0229654


Tree=432
num_leaves=19
num_cat=0
split_feature=37 10 7 3 0 36 14 16 37 9 25 36 25 36 0 9 30 37
split_gain=20.8184 8.52044 7.06197 9.22037 8.13446 10.7707 15.0552 14.293 13.0525 11.8614 10.7295 10.1385 9.81942 10.7159 9.53656 9.16603 8.85872 7.70231
threshold=17512.56116814318 -0.9330127018922193 0.25881904510252096 5.5000000000000009 43.500000000000007 33390.500000000007 68.062500000000014 60.062500000000007 33303.976748242778 -0.93301270189221908 10.296614583333335 28891.000000000004 6.7986979166666668 26056.500000000004 45.500000000000007 -0.5 581.14375000000007 36558.079481930494
decision_type=2 2 2 2 2 2 2 2 2 2 2 2 2 2 2 2 2 2
left_child=1 -1 4 -4 5 6 7 9 -7 10 11 16 -6 14 -14 -16 -2 -8
right_child=2 -3 3 -5 12 8 17 -9 -10 -11 -12 -13 13 -15 15 -17 -18 -19
leaf_value=0.15828366324689691 20.656863752551867 -16.140420244945272 -0.36614158844117389 -2.9404352810860552 1.1505866222045076 -10.127964648877128 1.9928467717066478 -0.85058112563779076 -0.072358697645169792 2.3672772750485791 6.7491030840631758 0.63147589734555809 2.096568761043756 -6.8290407522440519 -4.4759763293209529 -0.23361987615848537 7.4356065638915227 15.485586462364868
leaf_weight=1905 86 5152 127570 18455 10851 7164 60290 58053 35108 6175 547 62 4894 7888 4931 8884 62 1723
leaf_count=1905 86 5152 127570 18455 10851 7164 60290 58053 35108 6175 547 62 4894 7888 4931 8884 62 1723
internal_value=-5.91693e-05 -0.00129423 -3.44607e-05 -0.00015672 5.19032e-05 0.000119663 0.000225353 -1.89072e-05 -0.000197862 0.00096672 0.00367993 0.00809257 -0.000254381 -0.000491913 -0.000192596 -0.0005012 0.0113586 0.00048132
internal_weight=359800 7057 352743 146025 206718 169270 126998 64985 42272 6932 757 210 37448 26597 18709 13815 148 62013
internal_count=359800 7057 352743 146025 206718 169270 126998 64985 42272 6932 757 210 37448 26597 18709 13815 148 62013
is_linear=0
shrinkage=0.0229654


Tree=433
num_leaves=19
num_cat=0
split_feature=35 3 36 17 9 24 21 16 25 26 28 31 14 24 36 9 31 26
split_gain=8.52977 6.76496 8.57082 8.06326 11.7247 10.0286 11.0189 9.96581 8.90143 12.1155 18.218 12.0589 10.2509 10.2839 14.4791 11.078 14.01 11.9383
threshold=16852.500000000004 4.5000000000000009 41867.500000000007 35.687500000000007 -0.93301270189221908 -1.375 12.106901041666669 299.56250000000006 9.6252604166666682 5.1378906250000007 1.9685285160575849 132.60625000000002 44.187500000000007 -0.212499999999999 21066.500000000004 -0.93301270189221908 13.568750000000007 15.520963541666669
decision_type=2 2 2 2 2 2 2 2 2 2 2 2 2 2 2 2 2 2
left_child=-1 -2 3 4 5 6 -3 8 9 -5 -11 12 -10 14 15 16 -14 -18
right_child=1 2 -4 7 -6 -7 -8 -9 11 10 -12 -13 13 -15 -16 -17 17 -19
leaf_value=-6.3115709662746973 0.10443401888119752 11.953234045746111 18.006464924506293 -2.9691872496785341 -3.718942826058139 0.58766092214286447 0.79173106481395028 3.2859589506296967 12.423280085296726 2.0167872236212694 -9.4432927850515469 1.8357117399154268 -0.2063604181095704 -5.0994703232492355 -3.8533419815353338 0.91725246622541801 15.995727276778647 0.23801467274647806
leaf_weight=7056 252296 125 120 9673 15240 450 119 13336 71 22889 3154 5207 401 18289 5887 5049 303 135
leaf_count=7056 252296 125 120 9673 15240 450 119 13336 71 22889 3154 5207 401 18289 5887 5049 303 135
internal_value=-5.75736e-05 -4.17589e-05 -0.000201149 -0.000208486 -0.000682304 0.00223698 0.00598607 -0.000119026 -0.00022714 2.85487e-05 0.000286329 -0.000485535 -0.000661871 -0.000682455 -0.000153103 0.000652142 0.00309581 0.00593535
internal_weight=359800 352744 100448 100328 15934 694 244 84394 71058 35716 26043 35342 30135 30064 11775 5888 839 438
internal_count=359800 352744 100448 100328 15934 694 244 84394 71058 35716 26043 35342 30135 30064 11775 5888 839 438
is_linear=0
shrinkage=0.0229654


Tree=434
num_leaves=19
num_cat=0
split_feature=37 10 6 8 9 1 24 21 21 26 10 21 21 3 32 23 3 26
split_gain=20.1908 8.26878 6.79124 7.95724 14.8036 17.335 15.7467 9.11196 6.64004 9.87888 19.8769 16.885 19.3199 16.4097 15.1415 14.7785 20.4867 17.5427
threshold=17512.56116814318 -0.9330127018922193 1.0000000180025095e-35 0.44134171618254503 0.93301270189221952 18.500000000000004 -2.9749999999999979 8.1589843750000011 19.319661458333336 14.13541666666667 -0.9330127018922193 14.612630208333337 12.472786458333337 5.5000000000000009 370.42500000000007 -2.6999999999999984 1.0000000180025095e-35 17.092187500000005
decision_type=2 2 2 2 2 2 2 2 2 2 2 2 2 2 2 2 2 2
left_child=1 -1 8 -4 6 -6 7 -5 9 -2 11 12 -11 15 -15 16 -13 -18
right_child=2 -3 3 4 5 -7 -8 -9 -10 10 -12 13 -14 14 -16 -17 17 -19
leaf_value=0.22138653657843196 0.14242869509976866 -15.781071651453747 -10.865642936022338 16.651844874312623 15.568066459087639 -1.4204920509261127 -3.0637638563256155 1.3918043857217055 1.5151883979840381 11.535366746033823 -1.9410453105804033 -7.0937089240090518 -11.466132079420523 15.463348843275989 -1.8168135551824669 0.15035727247866643 0.73788917636383966 9.5250574388072042
leaf_weight=1905 242800 5152 4942 90 64 72 2477 62 19794 262 67475 620 2491 866 413 7840 917 1558
leaf_count=1905 242800 5152 4942 90 64 72 2477 62 19794 262 67475 620 2491 866 413 7840 917 1558
internal_value=-5.84034e-05 -0.0012747 -3.40701e-05 -0.000708302 0.000278242 0.00766639 -0.000103952 0.00707093 -1.90099e-05 -4.38636e-05 -0.000261071 0.000496072 -0.00112867 0.000862283 0.00332361 0.000574397 0.00191811 0.00285328
internal_weight=359800 7057 352743 7707 2765 136 2629 152 345036 325242 82442 14967 2753 12214 1279 10935 3095 2475
internal_count=359800 7057 352743 7707 2765 136 2629 152 345036 325242 82442 14967 2753 12214 1279 10935 3095 2475
is_linear=0
shrinkage=0.0229654


Tree=435
num_leaves=19
num_cat=0
split_feature=37 10 11 24 15 37 3 10 26 36 15 16 35 14 1 25 36 15
split_gain=19.7672 8.1031 7.02827 12.7876 9.68439 7.52459 12.4803 9.78081 25.8224 11.2848 9.01414 8.3008 11.9826 9.54047 9.17775 8.41333 9.49548 7.86063
threshold=17512.56116814318 -0.9330127018922193 132.00000000000003 4.2750000000000039 13.781250000000004 19574.565316963995 1.0000000180025095e-35 -0.9330127018922193 17.567838541666671 19178.500000000004 23.581250000000008 115.56250000000001 23703.500000000004 69.062500000000014 19.500000000000004 6.5236979166666673 32394.000000000004 19.481250000000006
decision_type=2 2 2 2 2 2 2 2 2 2 2 2 2 2 2 2 2 2
left_child=1 -1 3 5 -4 6 -2 8 10 -10 -8 13 -13 17 -15 16 -16 -7
right_child=2 -3 4 -5 -6 11 7 -9 9 -11 -12 12 -14 14 15 -17 -18 -19
leaf_value=0.21630230423432142 -7.2665610536353089 -15.418652887623601 -0.18453113672964558 -6.6509196545668559 2.9579992736449556 2.3966994220401068 -2.1512651923218633 -1.8928888262092018 12.328490582634043 0.13344276445489439 38.519502932954673 1.1683666457093074 -2.4919347196679955 0.4485772321905952 2.0445691968168505 -2.4155078954504527 -5.5680637066904151 -5.1865060751244094
leaf_weight=1905 3886 5152 54701 7128 33650 17750 3179 16903 847 343 63 25827 53169 102569 7578 20946 2657 1547
leaf_count=1905 3886 5152 54701 7128 33650 17750 3179 16903 847 343 63 25827 53169 102569 7578 20946 2657 1547
internal_value=-5.82119e-05 -0.00126168 -3.41352e-05 -9.33937e-05 0.000143197 -6.68086e-05 -0.000443538 -0.00022551 0.000734768 0.00362815 -0.000327268 -2.58615e-05 -0.000217049 7.2821e-05 3.94864e-06 -0.000341083 0.000198577 0.000550184
internal_weight=359800 7057 352743 264392 88351 257264 25221 21335 4432 1190 3242 232043 78996 153047 133750 31181 10235 19297
internal_count=359800 7057 352743 264392 88351 257264 25221 21335 4432 1190 3242 232043 78996 153047 133750 31181 10235 19297
is_linear=0
shrinkage=0.0229654


Tree=436
num_leaves=19
num_cat=0
split_feature=37 10 19 34 35 17 37 7 18 17 11 15 22 33 4 21 22 15
split_gain=19.5043 16.1079 19.0349 14.708 10.1512 11.0816 11.2041 6.52394 7.34473 7.02703 6.29226 13.032 8.63538 7.37535 18.6257 13.3462 9.41433 19.9736
threshold=18324.567058026765 -0.9330127018922193 1.8374999999999997 0.44791666666666669 19234.500000000004 85.687500000000014 16571.864639373602 0.94490267940017769 0.10062500000000002 32.937500000000007 1.0000000180025095e-35 12.056250000000004 11.870095486111113 0.28819444444444448 11.500000000000002 9.5011718750000025 8.6250434027777789 12.618750000000004
decision_type=2 2 2 2 2 2 2 2 2 2 2 2 2 2 2 2 2 2
left_child=1 2 3 4 5 6 -1 8 9 -8 11 12 -2 16 15 -15 17 -12
right_child=10 -3 -4 -5 -6 -7 7 -9 -10 -11 13 -13 -14 14 -16 -17 -18 -19
leaf_value=-37.240965949367506 1.8906364625932621 -6.9240403152753434 -8.5108117297905324 -9.7522602915656762 2.5065523729951753 -6.1248401041855178 40.086721137291178 2.5662291200274088 10.733439095585471 21.01187760767613 4.3141907764465115 -3.7621236300923262 -1.4421941861230068 0.015446064523274303 -8.2626756377424861 -22.013259891261125 -0.0089866213909067794 -0.15025198862792011
leaf_weight=114 12645 12835 1923 487 688 179 78 152 123 438 21467 19567 10703 49035 6889 1567 189761 31149
leaf_count=114 12645 12835 1923 487 688 179 78 152 123 438 21467 19567 10703 49035 6889 1567 189761 31149
internal_value=-5.71907e-05 -0.000816078 0.000421746 0.00185126 0.00282272 0.0042075 0.00524017 0.00621024 0.00722745 0.00842955 -1.95168e-05 -0.00027961 8.67542e-05 1.77059e-05 -0.000216149 -6.36295e-05 7.31755e-05 0.000344987
internal_weight=359800 17017 4182 2259 1772 1084 905 791 639 516 342783 42915 23348 299868 57491 50602 242377 52616
internal_count=359800 17017 4182 2259 1772 1084 905 791 639 516 342783 42915 23348 299868 57491 50602 242377 52616
is_linear=0
shrinkage=0.0229654


Tree=437
num_leaves=19
num_cat=0
split_feature=37 10 26 32 15 7 25 7 30 27 36 21 26 7 36 18 10 22
split_gain=19.2474 15.4036 19.4298 10.2148 11.4431 8.41612 8.24662 7.52747 7.45895 8.67413 28.6534 10.9228 14.2724 7.01829 6.71738 8.71671 8.57159 16.078
threshold=18324.567058026765 -0.9330127018922193 17.791276041666674 532.2437500000002 12.956250000000004 0.65793410509763428 20.338281250000005 0.32075123873380545 53.162500000000023 0.29350818452380706 19257.500000000004 11.599088541666669 16.257421875000002 0.94490267940017769 19397.500000000004 0.3937500000000001 1.0000000180025095e-35 12.04474826388889
decision_type=2 2 2 2 2 2 2 2 2 2 2 2 2 2 2 2 2 2
left_child=1 2 5 4 6 8 13 -8 -1 10 -10 -11 -13 -4 15 16 -2 -18
right_child=14 -3 3 -5 -6 -7 7 -9 9 11 -12 12 -14 -15 -16 -17 17 -19
leaf_value=-29.838215087563277 0.22781163684279954 -6.7650268979868367 15.412123461391365 1.2202483234811419 3.5356610137045683 -7.8596815495800252 18.523984501382806 -2.102539391350013 12.812053334689766 13.514232393146189 41.633268774467354 -30.419266985999293 33.936084576776871 6.9896425592897877 -0.21411581589629564 4.8693600307258391 1.698852456259456 6.3227569558283383
leaf_weight=278 20892 12835 133 348 183 2067 95 67 165 78 75 533 97 63 316960 1992 2337 602
leaf_count=278 20892 12835 133 348 183 2067 95 67 165 78 75 533 97 63 316960 1992 2337 602
internal_value=-5.68077e-05 -0.000810679 0.00039978 0.00341252 0.00538689 -0.000413559 0.00777488 0.00394098 0.00109395 0.00206398 0.00583704 0.000784975 -0.000218719 0.0109437 -1.93828e-05 0.000336792 0.000214803 0.00137605
internal_weight=359800 17017 4182 889 541 3293 358 162 1226 948 240 708 630 196 342783 25823 23831 2939
internal_count=359800 17017 4182 889 541 3293 358 162 1226 948 240 708 630 196 342783 25823 23831 2939
is_linear=0
shrinkage=0.0229654


Tree=438
num_leaves=19
num_cat=0
split_feature=37 10 26 16 25 15 31 30 25 3 10 3 36 0 37 0 22 3
split_gain=18.572 13.9357 11.928 10.9565 10.3419 13.7492 6.08108 16.7918 7.32716 9.44786 21.68 12.7608 13.1826 10.6936 11.4077 9.84846 11.585 8.49476
threshold=18031.999696501833 -0.9330127018922193 17.791276041666674 755.81250000000011 19.45338541666667 13.018750000000004 178.28125000000003 24.324999999999999 22.846354166666668 3.5000000000000004 -0.9330127018922193 4.5000000000000009 17070.500000000004 11.500000000000002 21113.0901851915 23.500000000000004 22.108723958333336 2.5000000000000004
decision_type=2 2 2 2 2 2 2 2 2 2 2 2 2 2 2 2 2 2
left_child=1 2 3 -1 5 -4 7 -2 17 -10 11 13 -13 -11 -15 16 -16 -8
right_child=6 -3 4 -5 -6 -7 8 -9 9 10 -12 12 -14 14 15 -17 -18 -19
leaf_value=-5.1963878838608659 -4.5782341781551121 -8.6267399835109071 14.234577781878837 32.439994505893502 6.0019597934972451 4.390304219555448 4.7256670519273616 -0.073986812103052219 -6.747829207287416 -4.1613446423975375 -8.0976836946612352 19.263913756748579 -7.1665344146318422 18.07116516294689 36.046808546688908 0.98811063074628536 30.965983309863741 0.42322213385000046
leaf_weight=2461 11989 9524 106 62 522 74 7333 313520 2874 68 1052 91 318 64 81 98 79 9484
leaf_count=2461 11989 9524 106 62 522 74 7333 313520 2874 68 1052 91 318 64 81 98 79 9484
internal_value=-5.58503e-05 -0.000916707 0.000388097 -0.000348623 0.00303588 0.00778272 -2.42265e-05 -4.89568e-05 0.000349459 -0.000449588 0.00083003 0.00368194 0.000847867 0.00665408 0.00840163 0.00624873 0.0097603 0.000573964
internal_weight=359800 12749 3225 2523 702 180 347051 325509 21542 4725 1851 799 409 390 322 258 160 16817
internal_count=359800 12749 3225 2523 702 180 347051 325509 21542 4725 1851 799 409 390 322 258 160 16817
is_linear=0
shrinkage=0.0229654


Tree=439
num_leaves=19
num_cat=0
split_feature=37 7 3 26 0 36 14 16 37 25 36 0 21 37 36 7 17 3
split_gain=18.3474 7.76599 12.4163 9.52018 8.4017 10.1024 14.1729 13.4364 12.2374 8.98336 10.4605 9.27909 7.73062 7.52581 11.928 14.9341 12.893 7.72007
threshold=17167.615452909533 0.25881904510252096 5.5000000000000009 1.0000000180025095e-35 43.500000000000007 33390.500000000007 68.062500000000014 60.062500000000007 33138.221006374057 6.7986979166666668 26056.500000000004 45.500000000000007 18.527994791666671 36558.079481930494 30369.500000000004 -0.97868534383143924 95.812500000000014 1.5000000000000002
decision_type=2 2 2 2 2 2 2 2 2 2 2 2 2 2 2 2 2 2
left_child=-1 4 -3 -4 5 6 7 -2 -7 -6 11 -11 -13 -8 16 -16 17 -15
right_child=1 2 3 -5 9 8 13 -9 -10 10 -12 12 -14 14 15 -17 -18 -19
leaf_value=-18.99010278846244 3.4084107620286801 -0.33892163209689585 6.1585449440626672 -3.5773439228866875 1.1459235166959432 -10.139387935471502 1.9569169516204683 -0.74731543979952331 -0.10520711716899822 2.0364288283811884 -6.6285554950344361 -2.5002562373734083 2.1132838563641259 -10.083128882353117 35.165588309280395 -1.0609263926406243 44.161082961389063 19.874640389558849
leaf_weight=4218 6938 128198 160 19709 10851 6635 60314 58820 35637 4894 7888 11979 1836 173 177 1107 135 131
leaf_count=4218 6938 128198 160 19709 10851 6635 60314 58820 35637 4894 7888 11979 1836 173 177 1107 135 131
internal_value=-5.57864e-05 -3.79251e-05 -0.000164982 -0.000699169 5.27331e-05 0.000121304 0.000223103 -1.18049e-05 -0.000186453 -0.000258674 -0.000485869 -0.000190141 -0.000494551 0.000472101 0.00196865 0.000851365 0.00523653 0.00261383
internal_weight=359800 355582 148067 19869 207515 170067 127795 65758 42272 37448 26597 18709 13815 62037 1723 1284 439 304
internal_count=359800 355582 148067 19869 207515 170067 127795 65758 42272 37448 26597 18709 13815 62037 1723 1284 439 304
is_linear=0
shrinkage=0.0229654


Tree=440
num_leaves=19
num_cat=0
split_feature=7 3 0 16 3 26 0 15 15 17 16 11 26 29 3 3 13 32
split_gain=7.99623 10.6712 7.03791 12.5271 8.01316 9.56793 8.16633 12.0004 6.61893 6.53331 8.31755 10.0065 8.80904 16.852 11.2193 14.1464 10.6947 13.4363
threshold=0.89495246814786289 5.5000000000000009 11.500000000000002 10.687500000000002 1.0000000180025095e-35 9.1152343750000018 13.500000000000002 11.981250000000003 8.0312500000000036 42.562500000000007 44.937500000000007 84.000000000000014 17.953255208333335 169.61875000000003 3.5000000000000004 1.0000000180025095e-35 13.656250000000004 404.61875000000003
decision_type=2 2 2 2 2 2 2 2 2 2 2 2 2 2 2 2 2 2
left_child=9 2 -2 4 5 -4 -7 8 -8 10 12 -12 13 -1 15 -14 17 -17
right_child=1 -3 3 -5 -6 6 7 -9 -10 -11 11 -13 14 -15 -16 16 -18 -19
leaf_value=-3.2534264057876086 -2.020959371958901 -4.7748560263157822 1.3460202665584031 -2.8290097120832911 0.83381110087970911 5.171426804284792 7.9808071219748768 14.150549160806145 12.185882889551133 0.22412599930945931 -5.6754393385158446 -0.58785532381999728 -3.4792560489309725 1.1022779149047743 -0.65621962955230517 15.344599147222963 5.6461518859132482 3.1792807555892764
leaf_weight=9238 19296 7448 1531 8782 14112 832 123 249 99 240239 16312 18813 761 18108 1896 103 1769 89
leaf_count=9238 19296 7448 1531 8782 14112 832 123 249 99 240239 16312 18813 761 18108 1896 103 1769 89
internal_value=-5.45099e-05 -0.000316523 -0.00018332 6.53395e-05 0.000430143 0.00154453 0.00299097 0.00540735 0.00928961 -9.77472e-06 -0.000210146 -0.000454078 5.79087e-05 -9.87621e-05 0.000985652 0.00193038 0.00296173 0.00810966
internal_weight=359800 52472 45024 25728 16946 2834 1303 471 222 307328 67089 35125 31964 27346 4618 2722 1961 192
internal_count=359800 52472 45024 25728 16946 2834 1303 471 222 307328 67089 35125 31964 27346 4618 2722 1961 192
is_linear=0
shrinkage=0.0229654


Tree=441
num_leaves=19
num_cat=0
split_feature=37 7 37 35 37 36 37 33 35 0 35 0 30 36 37 36 9 35
split_gain=18.1216 7.27308 8.99551 9.03764 12.711 27.1728 8.83438 8.62577 9.45058 8.10016 10.3584 14.2451 11.0222 13.8065 13.0005 10.6357 8.9679 8.75184
threshold=17167.615452909533 0.25881904510252096 18324.567058026765 31940.500000000004 32338.954424611878 25109.500000000004 38757.320078214347 0.017361111111111115 37475.500000000007 45.500000000000007 24266.500000000004 35.500000000000007 395.80000000000001 33390.500000000007 33467.892597773149 24219.500000000004 -0.6830127018922193 22711.500000000004
decision_type=2 2 2 2 2 2 2 2 2 2 2 2 2 2 2 2 2 2
left_child=-1 9 -3 4 -4 -6 -5 -8 -9 10 11 -2 -12 -14 -15 17 -11 -13
right_child=1 2 3 6 5 -7 7 8 -10 16 12 15 13 14 -16 -17 -18 -19
leaf_value=-18.486618046893707 1.3958530183188138 -4.2270083881551734 -0.34757441804783246 -5.2843477242821217 52.309532956150001 6.125353792958693 15.510883375550852 13.705274272853371 -0.50017013529048671 -4.3196091790374833 -1.6568002624188121 19.295305977149866 1.8040254819838029 -9.49047066922226 -0.018615116584288209 2.4882029320197581 -0.46152910137961545 8.4893977072361366
leaf_weight=4218 46291 9585 122405 12542 66 2299 124 86 960 4432 33971 408 57386 7953 34458 3368 18024 1224
leaf_count=4218 46291 9585 122405 12542 66 2299 124 86 960 4432 33971 408 57386 7953 34458 3368 18024 1224
internal_value=-5.41907e-05 -3.64396e-05 -0.000159398 -0.000112305 -5.08016e-05 0.0016168 -0.000671946 0.0012366 0.000557668 5.12944e-05 0.000101276 0.000378749 -5.11664e-06 0.00011651 -0.000197701 0.00154327 -0.000360599 0.00306487
internal_weight=359800 355582 148067 138482 124770 2365 13712 1170 1046 207515 185059 51291 133768 99797 42411 5000 22456 1632
internal_count=359800 355582 148067 138482 124770 2365 13712 1170 1046 207515 185059 51291 133768 99797 42411 5000 22456 1632
is_linear=0
shrinkage=0.0229654


Tree=442
num_leaves=19
num_cat=0
split_feature=35 3 0 3 26 3 9 3 28 3 32 22 26 15 28 0 9 21
split_gain=8.68054 6.34099 7.6282 45.9429 25.1813 26.2924 16.177 15.1355 14.298 13.7956 10.1595 13.2726 21.6332 10.1097 13.6589 11.9708 10.7967 39.1873
threshold=16852.500000000004 4.5000000000000009 11.500000000000002 1.0000000180025095e-35 18.349869791666674 3.5000000000000004 -0.5 2.5000000000000004 2.2242764366855985 3.5000000000000004 38.856250000000003 13.401822916666669 15.21861979166667 19.731250000000006 5.0689594594594611 8.5000000000000018 0.93301270189221952 9.812630208333335
decision_type=2 2 2 2 2 2 2 2 2 2 2 2 2 2 2 2 2 2
left_child=-1 2 3 -2 7 6 -6 8 10 -9 11 -5 -13 14 16 -16 -10 -18
right_child=1 -3 -4 4 5 -7 -8 9 13 -11 -12 12 -14 -15 15 -17 17 -19
leaf_value=-6.0507980735885827 -7.9282787271369406 -0.83484580910496842 0.47681019706742245 1.1427344677437403 -1.9932148790653232 -3.2575743998726021 7.5323444966950266 -4.3955441174571881 3.4008275368104051 0.37346817600381799 -2.4786381838971883 3.9998147639909507 13.739532975016211 -12.07474278815342 13.496159484055612 -0.99628170805209404 6.9205915958495892 14.639322354343209
leaf_weight=7056 10976 100448 194816 12434 495 1262 2540 10752 2447 10394 4360 356 64 523 248 93 408 128
leaf_count=7056 10976 100448 194816 12434 495 1262 2540 10752 2447 10394 4360 356 64 523 248 93 408 128
internal_value=-5.38716e-05 -3.79177e-05 2.35205e-05 -0.000208959 0.000106471 0.00178133 0.00293972 -6.40427e-05 0.000371725 -0.000498059 8.88513e-05 0.000413784 0.00442904 0.00163749 0.00210447 0.0064586 0.00160673 0.0045588
internal_weight=359800 352744 252296 57480 46504 4297 3035 42207 21061 21146 17214 12854 420 3847 3324 341 2983 536
internal_count=359800 352744 252296 57480 46504 4297 3035 42207 21061 21146 17214 12854 420 3847 3324 341 2983 536
is_linear=0
shrinkage=0.0229654


Tree=443
num_leaves=19
num_cat=0
split_feature=37 6 8 9 0 3 19 19 31 30 7 35 37 37 22 8 34 3
split_gain=17.6224 7.10029 7.44994 14.3234 16.5859 7.34371 18.0184 7.7777 6.69513 15.4514 9.45166 9.66519 15.0556 14.7781 8.76776 8.75719 9.87056 8.95387
threshold=17167.615452909533 1.0000000180025095e-35 0.44134171618254503 0.93301270189221952 39.500000000000007 2.5000000000000004 10.231250000000003 11.931250000000002 178.28125000000003 22.237499999999997 -0.97868534383143924 32374.500000000004 31884.863887757954 31462.010697715847 9.6250434027777789 0.25881904510252057 0.97569444444444453 1.0000000180025095e-35
decision_type=2 2 2 2 2 2 2 2 2 2 2 2 2 2 2 2 2 2
left_child=-1 8 -3 5 -5 6 -4 -8 9 -2 -11 13 -13 -12 -15 16 -10 -17
right_child=1 2 3 4 -6 -7 7 -9 15 10 11 12 -14 14 -16 17 -18 -19
leaf_value=-18.00225630126301 -4.4983853243319292 -10.860630254309996 0.014540304647496415 15.173672610784404 -1.3706413316418868 -14.27632667868485 16.26230856765693 14.136317607164813 -0.43378963027742762 2.2138708617837621 -0.13102730106509772 -9.6996219543128692 -0.91078398472353506 6.3499835749720752 -1.7779529596988035 -3.6524692812030115 9.9945561557053075 3.2090674690393222
leaf_weight=4218 11256 5022 1721 64 72 816 75 64 12856 19833 228990 6343 46345 9895 2862 1167 73 8128
leaf_count=4218 11256 5022 1721 64 72 816 75 64 12856 19833 228990 6343 46345 9895 2862 1167 73 8128
internal_value=-5.31695e-05 -3.56646e-05 -0.000719392 0.00022704 0.00749753 -0.000142462 0.00065439 0.0086079 -2.02617e-05 -4.65911e-05 -1.66472e-05 -4.93344e-05 -0.000331179 1.20927e-05 0.000772834 0.000365396 -2.11382e-05 0.00090305
internal_weight=359800 355582 7834 2812 136 2676 1860 139 347748 325524 314268 294435 52688 241747 12757 22224 12929 9295
internal_count=359800 355582 7834 2812 136 2676 1860 139 347748 325524 314268 294435 52688 241747 12757 22224 12929 9295
is_linear=0
shrinkage=0.0229654


Tree=444
num_leaves=19
num_cat=0
split_feature=37 11 24 16 24 22 37 10 19 32 24 27 25 30 13 16 10 33
split_gain=17.5093 7.00502 12.028 9.14504 9.44381 8.83556 8.05856 9.87493 13.7457 8.82509 13.03 12.619 9.39086 9.31346 7.9803 7.81745 7.87811 7.23691
threshold=17167.615452909533 132.00000000000003 4.2750000000000039 326.31250000000006 2.2750000000000021 16.767404513888895 19019.042623416553 -0.9330127018922193 1.3750000000000011 815.58125000000018 -0.36250000000000332 0.74877232142857253 19.611718750000005 127.38125000000001 18.706250000000008 379.18750000000006 -0.24999999999999994 0.53819444444444453
decision_type=2 2 2 2 2 2 2 2 2 2 2 2 2 2 2 2 2 2
left_child=-1 2 6 4 -3 17 7 8 9 10 11 13 -13 -2 -12 -8 -17 -5
right_child=1 3 -4 5 -6 -7 15 -9 -10 -11 14 12 -14 -15 -16 16 -18 -19
leaf_value=-17.588827123640808 12.976803199441196 -0.38398489951714271 -6.4505986215184432 7.4577428874533638 3.7518191499844358 -1.8449877269027515 0.053261575814406298 -3.7288449071326357 -2.5663151927302672 -9.8051558407831454 -1.954077611785288 -12.346150613233176 21.626511576429053 40.478698973947509 16.404828497261967 -1.7591127907566388 -16.826305602166219 23.459478893999044
leaf_weight=4218 355 61651 7144 11787 10733 4652 214176 14530 2374 292 777 192 63 63 220 22833 3523 217
leaf_count=4218 355 61651 7144 11787 10733 4652 214176 14530 2374 292 777 192 63 63 220 22833 3523 217
internal_value=-5.24674e-05 -3.50188e-05 -9.39328e-05 0.000141341 2.96961e-05 0.000626529 -6.83307e-05 -0.000525383 0.000436427 0.00185877 0.00250282 0.00497186 0.000945634 0.00742805 0.000836152 -3.2482e-05 -0.000405703 0.000955807
internal_weight=359800 355582 266542 89040 72384 16656 259398 18866 4336 1962 1670 673 255 418 997 240532 26356 12004
internal_count=359800 355582 266542 89040 72384 16656 259398 18866 4336 1962 1670 673 255 418 997 240532 26356 12004
is_linear=0
shrinkage=0.0229654


Tree=445
num_leaves=19
num_cat=0
split_feature=37 11 37 29 36 27 26 4 31 8 31 26 0 4 35 18 17 32
split_gain=16.7848 6.82669 9.01929 7.96181 6.72316 7.36795 9.45355 12.4019 7.26924 7.1837 7.45254 6.99275 6.53356 6.80491 6.36486 6.02717 5.56349 5.50755
threshold=17167.615452909533 108.00000000000001 19019.042623416553 2.2437499999999999 24453.500000000004 0.53476562499999958 18.246484375000005 6.5000000000000009 0.22500000000000234 0.25881904510252057 107.50625000000002 14.930729166666671 8.5000000000000018 7.5000000000000009 18844.500000000004 1.1187500000000001 65.312500000000014 553.88750000000016
decision_type=2 2 2 2 2 2 2 2 2 2 2 2 2 2 2 2 2 2
left_child=-1 2 3 12 5 6 8 9 -3 -8 -11 -6 13 14 -2 -10 -12 -13
right_child=1 4 -4 -5 11 -7 7 -9 15 10 16 17 -14 -15 -16 -17 -18 -19
leaf_value=-17.18489251614637 9.317213044794558 1.1965429919416803 -0.30861266463730691 -4.0261838745095258 0.24338574436745911 4.1760584151606519 5.4166614528470456 1.3145616775933033 -1.9495473476188514 13.357832540153648 6.9209585222359324 -4.5241908016784818 0.08121734852388468 0.14296392581730177 5.9899670458023113 14.624583816589835 8.2389892926128052 3.0226439119106967
leaf_weight=4218 62 20044 206192 13654 63583 19305 613 3030 15956 73 436 8378 1790 214 169 82 176 1825
leaf_count=4218 62 20044 206192 13654 63583 19305 613 3030 15956 73 436 8378 1790 214 169 82 176 1825
internal_value=-5.05525e-05 -3.34687e-05 -0.000111487 -0.000638707 9.63158e-05 0.000277477 0.000101159 0.00111537 -2.04951e-05 0.00299364 0.00460984 -5.02975e-05 0.000631934 0.00312226 0.00585568 -0.000384905 0.00378254 -0.000608405
internal_weight=359800 355582 222081 15889 133501 59715 40410 4328 36082 1298 685 73786 2235 445 231 16038 612 10203
internal_count=359800 355582 222081 15889 133501 59715 40410 4328 36082 1298 685 73786 2235 445 231 16038 612 10203
is_linear=0
shrinkage=0.0229654


Tree=446
num_leaves=19
num_cat=0
split_feature=37 11 15 24 33 4 26 23 10 33 17 3 33 10 30 15 4 18
split_gain=16.3295 6.41822 12.7555 9.26781 6.5073 16.6308 16.1007 11.2081 11.4466 14.6508 11.2125 9.62128 15.9008 9.80788 9.26038 17.5771 16.0633 13.0363
threshold=17350.890228859495 1.0000000180025095e-35 12.618750000000004 -1.8374999999999979 0.32291666666666669 11.500000000000002 9.2769531250000021 0.79999999999999927 1.0000000180025095e-35 0.42013888888888895 63.812500000000007 2.5000000000000004 0.54513888888888895 0.6830127018922193 989.99375000000009 12.618750000000004 2.5000000000000004 0.31625000000000009
decision_type=2 2 2 2 2 2 2 2 2 2 2 2 2 2 2 2 2 2
left_child=-1 2 3 -2 14 6 7 -6 9 10 -9 12 -8 -14 17 16 -16 -3
right_child=1 4 -4 -5 5 -7 11 8 -10 -11 -12 -13 13 -15 15 -17 -18 -19
leaf_value=-13.238641606537771 3.370977797631125 -0.41900457473578007 -4.2886483081164846 -0.6397891863903904 -0.92091644256645189 -8.0231108336466477 -5.8897624712978276 -24.106904111220395 3.0743257431884121 18.750408567990505 17.630787453806803 -23.325209887135003 21.131781990130975 -13.212282548252082 -1.4175571209867983 -0.11202628023057148 5.4966438682924457 2.2305653178715228
leaf_weight=5604 4621 174889 18154 21505 29715 6508 769 115 13626 62 80 2578 175 62 5570 32907 17644 25216
leaf_count=5604 4621 174889 18154 21505 29715 6508 769 115 13626 62 80 2578 175 62 5570 32907 17644 25216
internal_value=-5.02334e-05 -3.07727e-05 -0.000289402 3.55121e-05 6.17956e-06 -0.000223709 -7.35958e-05 4.80394e-05 0.000586748 0.00538838 0.00229654 -0.00155324 0.000351557 0.0055524 5.43508e-05 0.000315052 0.000798951 -1.87649e-05
internal_weight=359800 354196 44280 26126 309916 53690 47182 43598 13883 257 195 3584 1006 237 256226 56121 23214 200105
internal_count=359800 354196 44280 26126 309916 53690 47182 43598 13883 257 195 3584 1006 237 256226 56121 23214 200105
is_linear=0
shrinkage=0.0229654


Tree=447
num_leaves=19
num_cat=0
split_feature=37 10 27 23 16 3 34 28 22 31 27 0 15 33 10 27 12 24
split_gain=15.7957 13.6153 13.9945 9.05223 7.89394 7.39791 10.364 20.3619 11.9103 10.3586 7.88228 6.08417 5.52771 5.38253 19.129 11.568 10.2521 9.14697
threshold=18031.999696501833 -0.9330127018922193 -2.5879092261904746 -2.2499999999999982 429.56250000000006 5.5000000000000009 0.42013888888888895 2.4639444444444436 12.494748263888889 125.36250000000001 0.35318080357142906 47.500000000000007 13.193750000000003 0.28125000000000006 0.93301270189221952 4.037927827380952 4.2062500000000016 -0.66250000000000397
decision_type=2 2 2 2 2 2 2 2 2 2 2 2 2 2 2 2 2 2
left_child=1 2 -1 12 -5 -6 7 8 -7 -9 -10 13 -4 16 15 -15 17 -2
right_child=11 -3 3 4 5 6 -8 9 10 -11 -12 -13 -14 14 -16 -17 -18 -19
leaf_value=-7.7411935517445265 4.9731859256079822 -7.813191258591428 14.706074547261959 -4.5018213404912641 -4.6358702672484693 15.543331197865221 -27.157778563768449 32.582703723370464 40.318007457619593 22.788621859584381 -23.009490527420894 -3.0797390407235441 5.486430637211237 0.28970547163048943 -7.8384847454871212 -7.2445716206098831 0.0678599074403409 -10.909468646972297
leaf_weight=1214 6111 9524 185 616 364 63 134 89 61 91 294 7504 114 50585 7489 5947 268856 559
leaf_count=1214 6111 9524 185 616 364 63 134 89 61 91 294 7504 114 50585 7489 5947 268856 559
internal_value=-5.0744e-05 -0.000844653 0.000445066 0.00162048 0.000976566 0.00214567 0.00347618 0.00476974 0.00198887 0.0112275 0.000355802 -2.15796e-05 0.00530739 -7.28488e-06 -0.000196972 -5.24864e-05 3.67907e-05 0.000926191
internal_weight=359800 12749 3225 2011 1712 1096 732 598 418 180 355 347051 299 339547 64021 56532 275526 6670
internal_count=359800 12749 3225 2011 1712 1096 732 598 418 180 355 347051 299 339547 64021 56532 275526 6670
is_linear=0
shrinkage=0.0229654


Tree=448
num_leaves=19
num_cat=0
split_feature=37 10 27 29 23 32 34 0 15 34 24 29 22 0 33 4 25 19
split_gain=15.6627 12.8001 12.9588 9.50035 9.0525 9.2404 7.51499 9.33989 14.0635 6.26383 9.42834 6.2078 6.31581 5.91512 5.17712 18.191 16.5747 10.0192
threshold=18031.999696501833 -0.9330127018922193 -2.5879092261904746 191.53125000000003 -2.2499999999999982 134.99375000000006 0.40625000000000006 21.500000000000004 8.6312500000000032 0.13541666666666671 -2.2249999999999979 56.006250000000001 18.870008680555561 47.500000000000007 0.28125000000000006 11.500000000000002 10.92057291666667 11.256250000000001
decision_type=2 2 2 2 2 2 2 2 2 2 2 2 2 2 2 2 2 2
left_child=1 2 -1 4 11 -6 7 -7 -9 10 -10 12 -4 14 17 16 -16 -2
right_child=13 -3 3 -5 5 6 -8 8 9 -11 -12 -13 -14 -15 15 -17 -18 -19
leaf_value=-7.5634138762220013 0.0646251004553592 -7.6337581262891243 -0.27194392319620048 15.166085943447264 -17.24021597992893 -2.0760825116326882 -14.614339341179711 37.531845319758254 -8.2565762245096721 7.8571089035242059 31.764780075329153 18.796521707968676 7.8358398336622441 -3.0090115742554562 0.10199034730761342 -7.6584707379150068 -21.551560043293971 4.1295238922818012
leaf_weight=1214 268696 9524 133 67 621 247 233 71 63 296 114 82 84 7504 54580 7489 1952 6830
leaf_count=1214 268696 9524 133 67 621 247 233 71 63 296 114 82 84 7504 54580 7489 1952 6830
internal_value=-5.04887e-05 -0.000841051 0.00040946 0.00154054 0.0012475 0.00057937 0.00191976 0.00298753 0.00466907 0.00323846 0.00665608 0.00492335 0.0028892 -2.14472e-05 -7.35252e-06 -0.000193385 -5.24864e-05 3.58738e-05
internal_weight=359800 12749 3225 2011 1944 1645 1024 791 544 473 177 299 217 347051 339547 64021 56532 275526
internal_count=359800 12749 3225 2011 1944 1645 1024 791 544 473 177 299 217 347051 339547 64021 56532 275526
is_linear=0
shrinkage=0.0229654


Tree=449
num_leaves=19
num_cat=0
split_feature=35 11 24 29 35 26 9 8 17 23 23 29 14 31 13 28 22 30
split_gain=7.85384 7.14359 9.40749 10.7588 17.5713 8.84897 10.5352 20.9295 7.59534 12.5363 9.14155 15.4804 13.4629 12.775 11.9255 9.03097 11.8043 11.8506
threshold=16852.500000000004 108.00000000000001 2.7250000000000014 65.693750000000009 29696.500000000004 7.6045572916666684 -0.24999999999999994 -0.70710678118654757 66.812500000000014 -1.0874999999999975 1.0000000180025095e-35 169.61875000000003 72.312500000000014 5.4937500000000004 13.156250000000004 -2.0396385017421594 7.3659288194444459 985.48125000000016
decision_type=2 2 2 2 2 2 2 2 2 2 2 2 2 2 2 2 2 2
left_child=-1 2 8 4 -4 6 7 -5 10 -10 11 14 15 -14 -2 16 -13 -18
right_child=1 -3 3 5 -6 -7 -8 -9 9 -11 -12 12 13 -15 -16 -17 17 -19
leaf_value=-5.5956431341198201 -3.7451591824363408 0.50519762745518415 0.8060590238897124 24.91098447920622 15.597921867984738 -7.393053659561045 -1.3679200600561801 2.2524235593988533 -1.0931990389226427 0.98132712441288961 -3.7293083332777117 1.0026322557109084 0.060845091098024079 7.9522362737375571 0.22586068516757385 2.3429854263620884 7.4359876181966271 16.157649247328905
leaf_weight=7056 13443 132279 4090 73 93 12021 2577 235 34498 80599 33367 902 21356 227 12185 3221 1235 343
leaf_count=7056 13443 132279 4090 73 93 12021 2577 235 34498 80599 33367 902 21356 227 12185 3221 1235 343
internal_value=-5.04887e-05 -3.53135e-05 -0.000115367 -0.000602618 0.000426586 -0.000891439 0.000250748 0.004265 -6.91787e-05 5.2935e-05 -0.00023208 -4.43584e-05 0.00033635 7.41638e-05 -0.000449667 0.00132894 0.00237062 0.00356852
internal_weight=359800 352744 220465 19089 4183 14906 2885 308 201376 115097 86279 52912 27284 21583 25628 5701 2480 1578
internal_count=359800 352744 220465 19089 4183 14906 2885 308 201376 115097 86279 52912 27284 21583 25628 5701 2480 1578
is_linear=0
shrinkage=0.0229654


end of trees

feature_importances:
mean_pred=1155
demand_lag_48=732
day_of_week=645
demand_lag_336=628
settlement_period=356
temp_mean_fwd_24h=345
period_cos=299
period_sin=285
wind_speed_10m=194
temp_mean_72h=187
hour=185
shortwave_radiation=183
hdd_sum_72h=178
month_cos=177
temp_mean_fwd_12h=177
temp_anom_7d=172
temp_anom_seasonal=168
month=166
temp_delta_24h=165
apparent_temperature=163
lead_hours=154
temp_delta_6h=146
month_sin=140
temp_mean_24h=128
hdd_sum_24h=114
cdd_sum_24h=104
cloud_cover=100
relative_humidity_2m=93
precipitation=91
cdd_sum_72h=77
is_weekend=75
cold_frac_72h=70
is_holiday=64
temperature_2m=62
hot_frac_72h=54
hdd=52
cdd=16

parameters:
[boosting: gbdt]
[objective: quantile]
[metric: quantile]
[tree_learner: serial]
[device_type: cpu]
[data_sample_strategy: bagging]
[data: ]
[valid: ]
[num_iterations: 450]
[learning_rate: 0.0229654]
[num_leaves: 19]
[num_threads: 0]
[seed: 0]
[deterministic: 0]
[force_col_wise: 0]
[force_row_wise: 0]
[histogram_pool_size: -1]
[max_depth: -1]
[min_data_in_leaf: 61]
[min_sum_hessian_in_leaf: 0.001]
[bagging_fraction: 0.781673]
[pos_bagging_fraction: 1]
[neg_bagging_fraction: 1]
[bagging_freq: 0]
[bagging_seed: 3]
[bagging_by_query: 0]
[feature_fraction: 0.638545]
[feature_fraction_bynode: 1]
[feature_fraction_seed: 2]
[extra_trees: 0]
[extra_seed: 6]
[early_stopping_round: 0]
[early_stopping_min_delta: 0]
[first_metric_only: 0]
[max_delta_step: 0]
[lambda_l1: 0]
[lambda_l2: 0]
[linear_lambda: 0]
[min_gain_to_split: 0]
[drop_rate: 0.1]
[max_drop: 50]
[skip_drop: 0.5]
[xgboost_dart_mode: 0]
[uniform_drop: 0]
[drop_seed: 4]
[top_rate: 0.2]
[other_rate: 0.1]
[min_data_per_group: 100]
[max_cat_threshold: 32]
[cat_l2: 10]
[cat_smooth: 10]
[max_cat_to_onehot: 4]
[top_k: 20]
[monotone_constraints: ]
[monotone_constraints_method: basic]
[monotone_penalty: 0]
[feature_contri: ]
[forcedsplits_filename: ]
[refit_decay_rate: 0.9]
[cegb_tradeoff: 1]
[cegb_penalty_split: 0]
[cegb_penalty_feature_lazy: ]
[cegb_penalty_feature_coupled: ]
[path_smooth: 0]
[interaction_constraints: ]
[verbosity: -1]
[saved_feature_importance_type: 0]
[use_quantized_grad: 0]
[num_grad_quant_bins: 4]
[quant_train_renew_leaf: 0]
[stochastic_rounding: 1]
[linear_tree: 0]
[max_bin: 255]
[max_bin_by_feature: ]
[min_data_in_bin: 3]
[bin_construct_sample_cnt: 200000]
[data_random_seed: 1]
[is_enable_sparse: 1]
[enable_bundle: 1]
[use_missing: 1]
[zero_as_missing: 0]
[feature_pre_filter: 1]
[pre_partition: 0]
[two_round: 0]
[header: 0]
[label_column: ]
[weight_column: ]
[group_column: ]
[ignore_column: ]
[categorical_feature: ]
[forcedbins_filename: ]
[precise_float_parser: 0]
[parser_config_file: ]
[objective_seed: 5]
[num_class: 1]
[is_unbalance: 0]
[scale_pos_weight: 1]
[sigmoid: 1]
[boost_from_average: 1]
[reg_sqrt: 0]
[alpha: 0.9]
[fair_c: 1]
[poisson_max_delta_step: 0.7]
[tweedie_variance_power: 1.5]
[lambdarank_truncation_level: 30]
[lambdarank_norm: 1]
[label_gain: ]
[lambdarank_position_bias_regularization: 0]
[eval_at: ]
[multi_error_top_k: 1]
[auc_mu_weights: ]
[num_machines: 1]
[local_listen_port: 12400]
[time_out: 120]
[machine_list_filename: ]
[machines: ]
[gpu_platform_id: -1]
[gpu_device_id: -1]
[gpu_device_id_list: ]
[gpu_use_dp: 0]
[num_gpu: 1]

end of parameters

pandas_categorical:[]
